time_index,curve_index,time_nd,x,y,z,xdot,ydot,zdot,jacobi
0,0,0.0,0.9873252869828059,9.999990535072884e-09,0.009373748223275025,3.783186351642516e-08,1.579744661836347,-8.659512145969499e-07,3.044293971706121
0,1,0.0,0.9873252869627334,9.68584156257541e-09,0.009373748366787754,3.6642908894071886e-08,1.579744649234021,-8.387474920862176e-07,3.044293971706116
0,2,0.0,0.9873252869439241,8.762944484976024e-09,0.009373748501262703,3.315016082287839e-08,1.5797446374254045,-7.588289756532885e-07,3.0442939717061215
0,3,0.0,0.9873252869275602,7.289842561456246e-09,0.009373748618287174,2.7580660858584992e-08,1.5797446271492497,-6.312651832468284e-07,3.0442939717061166
0,4,0.0,0.987325286914661,5.35819742455208e-09,0.009373748710483,2.0270280769734632e-08,1.579744619053353,-4.639942601563936e-07,3.0442939717061184
0,5,0.0,0.9873252869060495,3.090231455035715e-09,0.009373748772082633,1.1692788783369727e-08,1.5797446136442173,-2.675989994084244e-07,3.044293971706133
0,6,0.0,0.9873252869022571,6.278893796090056e-10,0.0093737487991688,2.3744960180518595e-09,1.5797446112657323,-5.4372139938631666e-08,3.0442939717061197
0,7,0.0,0.9873252869035289,-1.87376459366643e-09,0.009373748790097546,-7.088132556608824e-09,1.579744612062308,1.6225911243971e-07,3.0442939717061104
0,8,0.0,0.9873252869097789,-4.257840490494674e-09,0.009373748745392468,-1.6107860931978132e-08,1.5797446159879014,3.687085283021809e-07,3.044293971706126
0,9,0.0,0.9873252869206189,-6.3741847511306995e-09,0.009373748667898911,-2.4114391880707902e-08,1.5797446227927394,5.519738744007272e-07,3.0442939717061215
0,10,0.0,0.987325286935367,-8.090198221576022e-09,0.009373748562454744,-3.0606181708883155e-08,1.5797446320519994,7.005726138138162e-07,3.0442939717061166
0,11,0.0,0.9873252869530966,-9.297852286883638e-09,0.009373748435697675,-3.517490697967494e-08,1.5797446431828495,8.051495574530749e-07,3.04429397170612
0,12,0.0,0.9873252869726893,-9.921021512374048e-09,0.009373748295599133,-3.7531255467942715e-08,1.579744655485315,8.591129726331843e-07,3.0442939717061126
0,13,0.0,0.9873252869929207,-9.921294758590175e-09,0.009373748150967837,-3.7533795538431086e-08,1.5797446681859195,8.591368240518668e-07,3.0442939717061255
0,14,0.0,0.9873252870125144,-9.297635912891194e-09,0.009373748010846382,-3.517272337757944e-08,1.5797446804905515,8.051309635047452e-07,3.044293971706131
0,15,0.0,0.9873252870302439,-8.090201255709044e-09,0.009373747884106927,-3.060634908082391e-08,1.5797446916201685,7.005727711766347e-07,3.0442939717061144
0,16,0.0,0.987325287044991,-6.374283351911143e-09,0.00937374777866381,-2.4113822449273435e-08,1.5797447008796763,5.519825838977027e-07,3.0442939717061277
0,17,0.0,0.9873252870558301,-4.257729035010446e-09,0.009373747701165646,-1.610739330759685e-08,1.57974470768523,3.686989682558938e-07,3.0442939717061197
0,18,0.0,0.9873252870620814,-1.873902400847785e-09,0.009373747656472921,-7.09111622916325e-09,1.579744711609969,1.6227089086987293e-07,3.0442939717061046
0,19,0.0,0.9873252870633532,6.27956985181624e-10,0.009373747647376467,2.3779094552208587e-09,1.5797447124087731,-5.437783610606871e-08,3.0442939717061295
0,20,0.0,0.9873252870595609,3.0901237245629612e-09,0.009373747674489626,1.1688443844157607e-08,1.5797447100278137,-2.675902021846406e-07,3.0442939717060984
0,21,0.0,0.987325287050951,5.358402637204395e-09,0.009373747736076757,2.0276137246704877e-08,1.5797447046194983,-4.6401153592708677e-07,3.044293971706135
0,22,0.0,0.987325287038051,7.289587978853428e-09,0.009373747828270785,2.7575184525408518e-08,1.579744696523418,-6.312436678066691e-07,3.0442939717061095
0,23,0.0,0.987325287021687,8.763242697878633e-09,0.009373747945287626,3.315546885700858e-08,1.5797446862475881,-7.588546599887803e-07,3.0442939717061237
0,24,0.0,0.9873252870028765,9.685670887941853e-09,0.00937374807976933,3.6640581618865895e-08,1.5797446744381425,-8.387327871502689e-07,3.044293971706111
1,0,0.0327882079533387,0.9895124707880436,0.027487258630937705,-0.013605749285950496,0.08149562030176735,0.39233158431860676,-0.7332799719344427,3.0442939717029462
1,1,0.0327882079533387,0.9895124707902805,0.02748725864419911,-0.013605748804444885,0.0814956216274337,0.39233159084289665,-0.733279971840763,3.044293971702942
1,2,0.0327882079533387,0.9895124707937875,0.027487258490048194,-0.013605748073201768,0.08149562330445236,0.39233160116666044,-0.7332799742527474,3.044293971702947
1,3,0.0327882079533387,0.9895124707984315,0.02748725817833496,-0.013605747138330107,0.08149562522828736,0.3923316146383306,-0.7332799790163808,3.0442939717029396
1,4,0.0327882079533387,0.9895124708037534,0.02748725772839372,-0.013605746058240688,0.08149562727674055,0.39233163041681346,-0.7332799858362911,3.044293971702945
1,5,0.0327882079533387,0.9895124708095906,0.02748725716874225,-0.013605744901096308,0.08149562932235692,0.3923316475059523,-0.7332799942800097,3.044293971702955
1,6,0.0327882079533387,0.989512470815415,0.027487256534362778,-0.01360574373948544,0.08149563123516236,0.3923316648341559,-0.7332800038199503,3.0442939717029454
1,7,0.0327882079533387,0.9895124708210098,0.027487255865242744,-0.013605742646404347,0.08149563289648189,0.39233168131195156,-0.7332800138546652,3.0442939717029347
1,8,0.0327882079533387,0.9895124708259314,0.0274872552033182,-0.013605741690515523,0.08149563420118396,0.39233169590465494,-0.7332800237552655,3.0442939717029502
1,9,0.0327882079533387,0.9895124708298966,0.02748725459030299,-0.013605740931945175,0.08149563506715328,0.3923317076943158,-0.7332800328978082,3.044293971702946
1,10,0.0327882079533387,0.9895124708326611,0.02748725406459129,-0.013605740418264888,0.0814956354403513,0.3923317159416031,-0.7332800407096578,3.0442939717029427
1,11,0.0327882079533387,0.9895124708340431,0.027487253659270065,-0.013605740181826247,0.08149563529706384,0.3923317201269786,-0.733280046699271,3.044293971702944
1,12,0.0327882079533387,0.9895124708339826,0.027487253399881645,-0.013605740237567611,0.0814956346467713,0.3923317199862439,-0.7332800504890679,3.044293971702937
1,13,0.0327882079533387,0.9895124708324081,0.027487253302541197,-0.013605740581634336,0.08149563352937499,0.3923317155338617,-0.7332800518436989,3.044293971702948
1,14,0.0327882079533387,0.9895124708295333,0.027487253373585745,-0.013605741192982954,0.08149563201634293,0.39233170704055653,-0.7332800506746912,3.0442939717029565
1,15,0.0327882079533387,0.989512470825412,0.02748725360835311,-0.013605742032603648,0.08149563020127899,0.39233169504916643,-0.733280047058653,3.044293971702941
1,16,0.0327882079533387,0.9895124708204145,0.0274872539922073,-0.013605743048104177,0.08149562819972701,0.39233168030758536,-0.7332800412208123,3.044293971702956
1,17,0.0327882079533387,0.9895124708147762,0.02748725450103647,-0.013605744175619314,0.08149562613627091,0.3923316637429863,-0.7332800335280759,3.044293971702948
1,18,0.0327882079533387,0.989512470808859,0.02748725510276858,-0.013605745344150558,0.08149562414084259,0.392331646398595,-0.7332800244652381,3.044293971702933
1,19,0.0327882079533387,0.989512470803165,0.027487255759721507,-0.013605746480552556,0.08149562234028651,0.39233162935977356,-0.7332800145996533,3.0442939717029582
1,20,0.0327882079533387,0.9895124707978014,0.027487256430506184,-0.013605747513115345,0.08149562084471824,0.3923316137019927,-0.7332800045533657,3.0442939717029267
1,21,0.0327882079533387,0.9895124707934254,0.027487257073097876,-0.013605748377215074,0.0814956197519685,0.3923316004050127,-0.7332799949550588,3.044293971702961
1,22,0.0327882079533387,0.9895124707899209,0.027487257646926878,-0.01360574901830995,0.0814956191262101,0.3923315903083991,-0.733279986411571,3.0442939717029347
1,23,0.0327882079533387,0.9895124707879186,0.02748725811619396,-0.013605749396443092,0.08149561901127249,0.39233158404117124,-0.733279979455079,3.0442939717029462
1,24,0.0327882079533387,0.9895124707871866,0.027487258451116985,-0.01360574948741599,0.08149561941048612,0.3923315820043082,-0.7332799745277295,3.0442939717029387
2,0,0.0655764159066774,0.9922008673890427,0.03623847637876845,-0.035054583523420745,0.08191152833375091,0.182603985359571,-0.5884680247985784,3.0442939717010002
2,1,0.0655764159066774,0.9922008674328439,0.03623847652760751,-0.03505458305915614,0.08191152953600588,0.18260398799125757,-0.5884680255461249,3.044293971700997
2,2,0.0655764159066774,0.9922008674852199,0.03623847657025884,-0.0350545824068065,0.08191153086844145,0.1826039914816873,-0.5884680276775514,3.044293971701002
2,3,0.0655764159066774,0.9922008675429855,0.036238476504161336,-0.035054581607467,0.08191153224772887,0.1826039956109089,-0.5884680310577396,3.044293971700995
2,4,0.0655764159066774,0.9922008676023183,0.0362384763333029,-0.035054580711127145,0.08191153358675554,0.1826040001206932,-0.5884680354763756,3.0442939717010002
2,5,0.0655764159066774,0.9922008676596852,0.03623847606859402,-0.03505457977430981,0.08191153480175879,0.182604004726799,-0.5884680406537633,3.04429397170101
2,6,0.0655764159066774,0.9922008677112912,0.036238475726510226,-0.035054578855826364,0.08191153581586186,0.1826040091399314,-0.5884680462659737,3.0442939717010002
2,7,0.0655764159066774,0.9922008677540745,0.036238475328670715,-0.035054578013354494,0.08191153656594538,0.1826040130829594,-0.5884680519595737,3.044293971700989
2,8,0.0655764159066774,0.9922008677852407,0.036238474899969314,-0.035054577299843875,0.08191153700465241,0.18260401630799478,-0.5884680573774536,3.044293971701004
2,9,0.0655764159066774,0.9922008678028524,0.03623847446745918,-0.03505457676015049,0.08191153710427478,0.1826040186125865,-0.5884680621783697,3.0442939717010002
2,10,0.0655764159066774,0.9922008678058171,0.03623847405820868,-0.03505457642813425,0.08191153685872478,0.18260401985195326,-0.5884680660615146,3.044293971700997
2,11,0.0655764159066774,0.9922008677939333,0.03623847369796304,-0.03505457632471579,0.08191153628328275,0.18260401994779735,-0.5884680687825478,3.0442939717009985
2,12,0.0655764159066774,0.9922008677679881,0.03623847340941589,-0.03505457645644577,0.08191153541447395,0.18260401889395017,-0.5884680701698435,3.0442939717009923
2,13,0.0655764159066774,0.9922008677295122,0.03623847321061629,-0.035054576814765814,0.08191153430628234,0.18260401675838475,-0.5884680701378726,3.044293971701004
2,14,0.0655764159066774,0.9922008676810673,0.03623847311410461,-0.035054577377645564,0.08191153302900829,0.1826040136721474,-0.588468068686433,3.0442939717010113
2,15,0.0655764159066774,0.9922008676255366,0.03623847312592256,-0.03505457810920986,0.08191153166213609,0.18260400983238778,-0.5884680659089451,3.0442939717009954
2,16,0.0655764159066774,0.9922008675665557,0.036238473245335974,-0.03505457896379933,0.08191153029236646,0.1826040054784005,-0.5884680619784995,3.04429397170101
2,17,0.0655764159066774,0.9922008675077254,0.0362384734648695,-0.03505457988766487,0.08191152900517071,0.18260400088422343,-0.5884680571422488,3.0442939717010025
2,18,0.0655764159066774,0.9922008674527548,0.036238473770669265,-0.035054580822638993,0.08191152788153541,0.1826039963391543,-0.588468051704851,3.044293971700988
2,19,0.0655764159066774,0.9922008674052614,0.03623847414356538,-0.03505458171019659,0.08191152699273141,0.18260399212731715,-0.5884680460066548,3.0442939717010122
2,20,0.0655764159066774,0.9922008673679121,0.03623847456010936,-0.035054582494322584,0.08191152639325947,0.18260398851504195,-0.5884680404071494,3.0442939717009816
2,21,0.0655764159066774,0.9922008673434585,0.0362384749941791,-0.03505458312593624,0.08191152612250165,0.1826039857281016,-0.5884680352565769,3.0442939717010162
2,22,0.0655764159066774,0.9922008673329492,0.036238475418370185,-0.035054583565195564,0.081911526195529,0.1826039839424431,-0.5884680308806365,3.0442939717009896
2,23,0.0655764159066774,0.9922008673375511,0.036238475806200945,-0.03505458378471281,0.08191152660965825,0.18260398326911026,-0.5884680275517672,3.0442939717010007
2,24,0.0655764159066774,0.9922008673565337,0.03623847613312661,-0.035054583770380184,0.08191152733717803,0.18260398375225873,-0.5884680254819293,3.0442939717009923
3,0,0.0983646238600161,0.9948663512368554,0.04071941874965131,-0.052809327712840776,0.08051850880888196,0.10006790366547791,-0.5006865683802614,3.0442939717013346
3,1,0.0983646238600161,0.9948663513181688,0.04071941896092204,-0.05280932727325095,0.08051850989930463,0.10006790501538552,-0.5006865691149869,3.0442939717013306
3,2,0.0983646238600161,0.9948663514105965,0.040719419082803965,-0.05280932668173022,0.08051851102509107,0.10006790664844256,-0.5006865707357057,3.0442939717013355
3,3,0.0983646238600161,0.9948663515084469,0.04071941910774429,-0.05280932597552173,0.08051851211574429,0.10006790846177309,-0.5006865731398829,3.044293971701329
3,4,0.0983646238600161,0.9948663516053692,0.04071941903403528,-0.052809325198816454,0.08051851310255899,0.10006791034187737,-0.500686576177731,3.0442939717013333
3,5,0.0983646238600161,0.9948663516954758,0.040719418866468446,-0.05280932440056761,0.08051851392364189,0.10006791217044868,-0.5006865796571146,3.044293971701343
3,6,0.0983646238600161,0.9948663517729025,0.04071941861541404,-0.0528093236309141,0.08051851452715474,0.10006791383245156,-0.5006865833602029,3.0442939717013338
3,7,0.0983646238600161,0.9948663518329789,0.04071941829677729,-0.05280932293816354,0.08051851487547029,0.10006791522361988,-0.5006865870539223,3.0442939717013218
3,8,0.0983646238600161,0.9948663518718198,0.040719417930469994,-0.05280932236587278,0.0805185149466359,0.100067916256368,-0.5006865905064897,3.0442939717013378
3,9,0.0983646238600161,0.9948663518870011,0.04071941753963401,-0.05280932195000471,0.08051851473607174,0.10006791686613065,-0.5006865935005288,3.0442939717013338
3,10,0.0983646238600161,0.9948663518775873,0.040719417148715936,-0.052809321716659946,0.08051851425708408,0.1000679170144239,-0.5006865958484001,3.04429397170133
3,11,0.0983646238600161,0.9948663518441506,0.04071941678229872,-0.052809321680550386,0.08051851353966655,0.1000679166916869,-0.500686597402366,3.0442939717013324
3,12,0.0983646238600161,0.9948663517888435,0.0407194164634624,-0.052809321843980475,0.08051851262921807,0.10006791591821818,-0.500686598064376,3.0442939717013253
3,13,0.0983646238600161,0.9948663517150242,0.040719416212200696,-0.052809322196443576,0.08051851158248703,0.10006791474354804,-0.5006865977939186,3.0442939717013378
3,14,0.0983646238600161,0.9948663516274933,0.040719416044274225,-0.05280932271621721,0.08051851046567557,0.10006791323973735,-0.5006865966064511,3.0442939717013453
3,15,0.0983646238600161,0.994866351531569,0.040719415970290176,-0.05280932337019607,0.0805185093484604,0.10006791150306443,-0.5006865945781795,3.044293971701328
3,16,0.0983646238600161,0.9948663514334471,0.04071941599485767,-0.052809324117555956,0.0805185083015864,0.10006790964154708,-0.5006865918355037,3.044293971701344
3,17,0.0983646238600161,0.9948663513391724,0.040719416116473416,-0.052809324911291394,0.08051850739046154,0.10006790777247494,-0.500686588550934,3.044293971701337
3,18,0.0983646238600161,0.9948663512546836,0.04071941632744969,-0.0528093257014317,0.08051850667237744,0.10006790601356076,-0.5006865849313448,3.0442939717013218
3,19,0.0983646238600161,0.994866351185469,0.04071941661453975,-0.05280932643851706,0.08051850619283352,0.1000679044745303,-0.5006865812032789,3.0442939717013457
3,20,0.0983646238600161,0.9948663511355277,0.04071941695972757,-0.05280932707602699,0.08051850598121982,0.10006790325303036,-0.5006865776020111,3.044293971701315
3,21,0.0983646238600161,0.9948663511084447,0.040719417341347174,-0.05280932757405007,0.08051850605178715,0.10006790242521975,-0.5006865743527309,3.0442939717013497
3,22,0.0983646238600161,0.9948663511053863,0.040719417735305664,-0.052809327901192485,0.08051850639904194,0.10006790204337604,-0.5006865716609314,3.0442939717013227
3,23,0.0983646238600161,0.9948663511270974,0.04071941811699825,-0.05280932803704579,0.08051850700217834,0.10006790213109551,-0.5006865696941567,3.044293971701334
3,24,0.0983646238600161,0.9948663511717308,0.040719418462306055,-0.05280932797283213,0.08051850782236872,0.10006790268368056,-0.5006865685777734,3.044293971701326
4,0,0.1311528318133548,0.99747303741299,0.043176886675834435,-0.06817280006046307,0.07838575538822666,0.05343216011761056,-0.4395415459213368,3.044293971701396
4,1,0.1311528318133548,0.9974730375285208,0.043176886919808345,-0.06817279964393091,0.07838575638742744,0.05343216082222961,-0.4395415465926948,3.044293971701392
4,2,0.1311528318133548,0.9974730376553833,0.043176887080070184,-0.06817279910005632,0.0783857573687841,0.053432161620157244,-0.43954154790289623,3.0442939717013977
4,3,0.1311528318133548,0.9974730377857285,0.0431768871466489,-0.06817279846306996,0.07838575827079745,0.053432162461091906,-0.4395415497691531,3.0442939717013906
4,4,0.1311528318133548,0.9974730379111607,0.043176887115229934,-0.068172797772848,0.07838575903673684,0.05343216329237439,-0.43954155207507917,3.044293971701395
4,5,0.1311528318133548,0.997473038024002,0.04317688698794605,-0.06817279707287563,0.07838575961847766,0.05343216406181635,-0.4395415546749277,3.0442939717014057
4,6,0.1311528318133548,0.9974730381169546,0.043176886772630964,-0.06817279640713741,0.07838575997935268,0.05343216472089525,-0.439541557405847,3.044293971701396
4,7,0.1311528318133548,0.997473038184379,0.04317688648294871,-0.06817279581740206,0.07838576009682893,0.05343216522830499,-0.43954156009603196,3.0442939717013844
4,8,0.1311528318133548,0.9974730382219278,0.04317688613698648,-0.06817279534076079,0.07838575996353082,0.05343216555201745,-0.4395415625766014,3.0442939717013995
4,9,0.1311528318133548,0.9974730382272547,0.0431768857566187,-0.06817279500715538,0.07838575958775836,0.053432165672022094,-0.43954156469143457,3.044293971701396
4,10,0.1311528318133548,0.9974730382000453,0.04317688536562793,-0.06817279483753047,0.07838575899314205,0.05343216558057903,-0.4395415663079628,3.044293971701392
4,11,0.1311528318133548,0.9974730381419866,0.043176884988594955,-0.0681727948425883,0.07838575821696103,0.053432165283257435,-0.439541567324463,3.044293971701394
4,12,0.1311528318133548,0.9974730380567886,0.04317688464926817,-0.06817279502203547,0.07838575730828021,0.05343216479879017,-0.4395415676767782,3.044293971701387
4,13,0.1311528318133548,0.9974730379496738,0.04317688436895363,-0.06817279536438942,0.07838575632382531,0.05343216415824479,-0.4395415673435745,3.044293971701399
4,14,0.1311528318133548,0.9974730378275467,0.04317688416519051,-0.06817279584851885,0.07838575532574933,0.05343216340068661,-0.439541566344608,3.044293971701407
4,15,0.1311528318133548,0.9974730376978861,0.043176884050885496,-0.06817279644360426,0.0783857543764239,0.05343216257490839,-0.43954156474389855,3.04429397170139
4,16,0.1311528318133548,0.9974730375690226,0.043176884033151494,-0.06817279711249148,0.07838575353589325,0.05343216173204715,-0.43954156264119315,3.0442939717014057
4,17,0.1311528318133548,0.9974730374489225,0.04317688411315264,-0.06817279781311138,0.07838575285672389,0.053432160925321125,-0.43954156016877655,3.044293971701399
4,18,0.1311528318133548,0.997473037345148,0.043176884285822587,-0.06817279850135771,0.07838575238159906,0.0534321602055692,-0.4395415574823527,3.0442939717013835
4,19,0.1311528318133548,0.9974730372644092,0.04317688454030031,-0.0681727991341477,0.0783857521405997,0.05343215961748096,-0.43954155475004497,3.0442939717014075
4,20,0.1311528318133548,0.9974730372114105,0.0431768848606444,-0.06817279967154366,0.07838575214843996,0.05343215919865386,-0.4395415521443297,3.044293971701377
4,21,0.1311528318133548,0.9974730371899532,0.04317688522673457,-0.06817280007989376,0.07838575240519643,0.05343215897503155,-0.43954154982811283,3.044293971701411
4,22,0.1311528318133548,0.9974730372008235,0.043176885615459126,-0.06817280033347543,0.07838575289411372,0.05343215896076347,-0.439541547947878,3.044293971701384
4,23,0.1311528318133548,0.997473037243916,0.04317688600253355,-0.06817280041645855,0.07838575358504522,0.05343215915657887,-0.4395415466206471,3.044293971701396
4,24,0.1311528318133548,0.9974730373160171,0.04317688636352098,-0.06817280032343667,0.07838575443402686,0.053432159550642185,-0.43954154593108935,3.044293971701389
5,0,0.1639410397666935,1.0000012279298083,0.0443887477335576,-0.08178648921419482,0.0757576573313107,0.02227988014552963,-0.3926470384606417,3.0442939717013684
5,1,0.1639410397666935,1.0000012280767634,0.04438874799367346,-0.08178648881870994,0.07575765825022795,0.022279880452992798,-0.3926470390749228,3.0442939717013644
5,2,0.1639410397666935,1.000001228233861,0.04438874817171098,-0.08178648831430466,0.07575765911661553,0.02227988077770406,-0.39264704018570745,3.044293971701369
5,3,0.1639410397666935,1.0000012283913564,0.0443887482565774,-0.08178648773271686,0.07575765987615098,0.022279881099126726,-0.39264704172287124,3.0442939717013626
5,4,0.1639410397666935,1.000001228539148,0.04438874824281295,-0.08178648711036647,0.07575766048112023,0.022279881397135114,-0.39264704359047337,3.0442939717013675
5,5,0.1639410397666935,1.0000012286681514,0.04438874813144411,-0.08178648648645005,0.07575766089346114,0.022279881653131554,-0.3926470456705426,3.044293971701377
5,6,0.1639410397666935,1.0000012287700515,0.04438874792929898,-0.0817864859001871,0.07575766108722111,0.022279881850867097,-0.39264704783272425,3.0442939717013675
5,7,0.1639410397666935,1.0000012288386488,0.044388747649216666,-0.08178648538834737,0.07575766105027965,0.02227988197797126,-0.3926470499410495,3.0442939717013564
5,8,0.1639410397666935,1.000001228869524,0.0443887473086769,-0.08178648498313115,0.07575766078500183,0.022279882026343147,-0.39264705186311166,3.044293971701372
5,9,0.1639410397666935,1.0000012288607476,0.04438874692922387,-0.08178648470998573,0.07575766030800977,0.022279881993250143,-0.3926470534779875,3.044293971701368
5,10,0.1639410397666935,1.0000012288128912,0.0443887465345762,-0.08178648458606537,0.07575765964925521,0.02227988188058156,-0.39264705468442446,3.0442939717013644
5,11,0.1639410397666935,1.000001228728937,0.044388746149539304,-0.08178648461919616,0.0757576588500573,0.022279881695273503,-0.39264705540649963,3.0442939717013666
5,12,0.1639410397666935,1.0000012286142315,0.0443887457983661,-0.08178648480731267,0.07575765796091016,0.02227988144901697,-0.39264705559862817,3.0442939717013586
5,13,0.1639410397666935,1.00000122847584,0.044388745503124966,-0.081786485138411,0.07575765703737365,0.022279881157767845,-0.3926470552493759,3.044293971701371
5,14,0.1639410397666935,1.0000012283226403,0.044388745282259515,-0.08178648559203221,0.07575765613768186,0.022279880838941456,-0.3926470543797206,3.0442939717013786
5,15,0.1639410397666935,1.000001228164054,0.044388745149784456,-0.08178648613931105,0.07575765531812564,0.022279880513447526,-0.3926470530453496,3.044293971701362
5,16,0.1639410397666935,1.000001228010241,0.04438874511393317,-0.08178648674607228,0.07575765463049788,0.022279880201172674,-0.39264705132940403,3.044293971701377
5,17,0.1639410397666935,1.000001227870728,0.04438874517701591,-0.0817864873741555,0.0757576541178355,0.022279879921957714,-0.39264704933985645,3.04429397170137
5,18,0.1639410397666935,1.0000012277542976,0.0443887453350333,-0.08178648798402242,0.0757576538123396,0.02227987969344249,-0.3926470472019906,3.0442939717013555
5,19,0.1639410397666935,1.00000122766846,0.044388745578029784,-0.08178648853749527,0.07575765373333927,0.02227987952958149,-0.3926470450495893,3.04429397170138
5,20,0.1639410397666935,1.0000012276182297,0.04438874589080374,-0.08178648899964365,0.07575765388555818,0.022279879441158536,-0.3926470430185489,3.0442939717013484
5,21,0.1639410397666935,1.0000012276072487,0.04438874625370019,-0.08178648934151993,0.07575765425977313,0.022279879433462203,-0.392647041235833,3.044293971701383
5,22,0.1639410397666935,1.0000012276356292,0.044388746643810255,-0.08178648954160528,0.07575765483210173,0.022279879507015776,-0.3926470398141733,3.044293971701356
5,23,0.1639410397666935,1.0000012277021797,0.04438874703675852,-0.0817864895873992,0.07575765556690325,0.02227987965711783,-0.3926470388420594,3.044293971701368
5,24,0.1639410397666935,1.0000012278021984,0.0443887474077516,-0.08178648947586839,0.07575765641767954,0.02227987987465464,-0.39264703838154325,3.04429397170136
6,0,0.1967292477200322,1.0024369568880696,0.04472696907773148,-0.09401434424877399,0.07276254226783462,-0.0006098431013517318,-0.35435737167595677,3.044293971701368
6,1,0.1967292477200322,1.002436957063924,0.04472696934319429,-0.09401434387264343,0.07276254311246054,-0.000609843067615161,-0.35435737224394603,3.044293971701364
6,2,0.1967292477200322,1.0024369572477754,0.0447269695265508,-0.0940143434022866,0.07276254388002809,-0.0006098430480414182,-0.35435737321795546,3.0442939717013693
6,3,0.1967292477200322,1.002436957428201,0.04472696961636983,-0.09401434286729266,0.07276254452239153,-0.0006098430439860532,-0.35435737453653904,3.0442939717013626
6,4,0.1967292477200322,1.0024369575936591,0.04472696960688177,-0.09401434230117235,0.07276254499923429,-0.0006098430556867526,-0.35435737611733903,3.0442939717013675
6,5,0.1967292477200322,1.002436957733954,0.0447269694988492,-0.09401434173957135,0.07276254528052159,-0.0006098430822466736,-0.35435737786055743,3.0442939717013777
6,6,0.1967292477200322,1.0024369578400594,0.0447269692988856,-0.09401434121780311,0.07276254534857612,-0.0006098431221383299,-0.35435737965690106,3.044293971701368
6,7,0.1967292477200322,1.0024369579055135,0.04472696901969406,-0.09401434076858241,0.07276254519911919,-0.0006098431728418117,-0.3543573813934507,3.0442939717013564
6,8,0.1967292477200322,1.002436957926095,0.04472696867869503,-0.09401434042017612,0.07276254484160742,-0.0006098432312595541,-0.3543573829611053,3.0442939717013715
6,9,0.1967292477200322,1.0024369579005208,0.04472696829747116,-0.09401434019445822,0.07276254429848368,-0.0006098432934425104,-0.3543573842612772,3.044293971701368
6,10,0.1967292477200322,1.0024369578304169,0.04472696789984643,-0.09401434010560887,0.07276254360382693,-0.0006098433556526238,-0.35435738521242677,3.0442939717013644
6,11,0.1967292477200322,1.0024369577201615,0.044726967510808985,-0.09401434015924699,0.07276254280121719,-0.0006098434141042527,-0.3543573857546903,3.044293971701366
6,12,0.1967292477200322,1.0024369575767615,0.044726967154864426,-0.09401434035201238,0.07276254194135057,-0.0006098434650922391,-0.3543573858538285,3.044293971701359
6,13,0.1967292477200322,1.0024369574090763,0.044726966854395346,-0.09401434067162816,0.07276254107799249,-0.0006098435050088512,-0.3543573855041431,3.044293971701371
6,14,0.1967292477200322,1.0024369572278302,0.04472696662814805,-0.09401434109832751,0.07276254026553192,-0.0006098435320487511,-0.35435738472677886,3.044293971701379
6,15,0.1967292477200322,1.0024369570442007,0.04472696649050074,-0.09401434160496869,0.0727625395548477,-0.0006098435438304712,-0.35435738357148694,3.044293971701362
6,16,0.1967292477200322,1.0024369568699292,0.044726966449995194,-0.0940143421599083,0.07276253899082469,-0.0006098435400676292,-0.3543573821102419,3.0442939717013777
6,17,0.1967292477200322,1.0024369567158231,0.044726966509240844,-0.09401434272824698,0.07276253860878679,-0.0006098435208042891,-0.3543573804350044,3.0442939717013706
6,18,0.1967292477200322,1.002436956591582,0.0447269666644821,-0.09401434327420846,0.07276253843271467,-0.0006098434871810764,-0.3543573786512587,3.044293971701355
6,19,0.1967292477200322,1.0024369565052098,0.04472696690592597,-0.09401434376361392,0.07276253847374256,-0.0006098434416356058,-0.3543573768706201,3.04429397170138
6,20,0.1967292477200322,1.0024369564617492,0.044726967218482634,-0.09401434416557831,0.07276253872917582,-0.0006098433866415392,-0.35435737520552923,3.0442939717013493
6,21,0.1967292477200322,1.0024369564644247,0.0447269675825031,-0.09401434445491608,0.07276253918315971,-0.0006098433258604845,-0.35435737376006926,3.044293971701383
6,22,0.1967292477200322,1.002436956512482,0.044726967975008705,-0.09401434461343039,0.07276253980695854,-0.0006098432630949695,-0.3543573726256269,3.044293971701357
6,23,0.1967292477200322,1.0024369566035003,0.04472696837147164,-0.09401434463120861,0.07276254056153995,-0.0006098432023302815,-0.3543573718728316,3.044293971701368
6,24,0.1967292477200322,1.0024369567312323,0.04472696874688667,-0.09401434450700609,0.07276254139930446,-0.0006098431471441975,-0.3543573715497543,3.044293971701361
7,0,0.2295174556733709,1.0047696421906356,0.04440323884495908,-0.1050852079508047,0.06948368788755027,-0.018467522024892984,-0.3217088113178518,3.044293971701368
7,1,0.2295174556733709,1.0047696423930157,0.04440323910805943,-0.10508520759266692,0.06948368866136279,-0.018467522193443376,-0.3217088118487342,3.0442939717013644
7,2,0.2295174556733709,1.0047696426005546,0.044403239288374835,-0.1050852071525465,0.06948368933998489,-0.01846752238684018,-0.32170881272408636,3.0442939717013693
7,3,0.2295174556733709,1.0047696428003436,0.04440323937466109,-0.10508520665812567,0.06948368988083573,-0.01846752259305734,-0.32170881388871864,3.044293971701362
7,4,0.2295174556733709,1.004769642979626,0.04440323936137062,-0.10508520614038021,0.06948369024999641,-0.018467522799148872,-0.3217088152698409,3.044293971701368
7,5,0.2295174556733709,1.0047696431273352,0.04440323924951047,-0.10508520563190264,0.06948369042418973,-0.01846752299199018,-0.3217088167803091,3.0442939717013773
7,6,0.2295174556733709,1.0047696432339788,0.04440323904593037,-0.10508520516467505,0.06948369039249232,-0.018467523159582513,-0.32170881832538195,3.044293971701368
7,7,0.2295174556733709,1.0047696432930608,0.04440323876356057,-0.1050852047679844,0.06948369015685388,-0.01846752329141262,-0.32170881980797117,3.044293971701356
7,8,0.2295174556733709,1.0047696433007633,0.04440323842001868,-0.10508520446679671,0.06948368973215882,-0.018467523379264546,-0.32170882113489585,3.044293971701371
7,9,0.2295174556733709,1.004769643256611,0.044403238037055766,-0.10508520428001698,0.06948368914509406,-0.018467523417368615,-0.3217088222227402,3.0442939717013675
7,10,0.2295174556733709,1.004769643163396,0.04440323763859995,-0.1050852042193831,0.06948368843247824,-0.018467523403475503,-0.32170882300326487,3.044293971701365
7,11,0.2295174556733709,1.0047696430269462,0.04440323724968779,-0.10508520428873808,0.06948368763902135,-0.018467523338567226,-0.3217088234273386,3.044293971701366
7,12,0.2295174556733709,1.0047696428559232,0.04440323689481776,-0.10508520448372924,0.06948368681483544,-0.018467523226709043,-0.3217088234681814,3.044293971701359
7,13,0.2295174556733709,1.0047696426609136,0.044403236596317355,-0.10508520479195596,0.06948368601147922,-0.018467523074572854,-0.32170882312368365,3.0442939717013715
7,14,0.2295174556733709,1.0047696424543626,0.04440323637278829,-0.1050852051943417,0.06948368527952375,-0.0184675228922969,-0.3217088224147625,3.0442939717013786
7,15,0.2295174556733709,1.0047696422490329,0.044403236238458044,-0.10508520566530036,0.06948368466484,-0.018467522690783725,-0.3217088213867713,3.0442939717013617
7,16,0.2295174556733709,1.0047696420580363,0.04440323620164639,-0.10508520617541149,0.06948368420623094,-0.018467522483074556,-0.321708820103747,3.044293971701377
7,17,0.2295174556733709,1.0047696418932281,0.044403236264736634,-0.10508520669259713,0.06948368393243626,-0.01846752228204914,-0.3217088186464446,3.0442939717013706
7,18,0.2295174556733709,1.0047696417649787,0.044403236423733616,-0.10508520718430184,0.06948368386062681,-0.01846752210028181,-0.32170881710662136,3.044293971701356
7,19,0.2295174556733709,1.004769641681546,0.04440323666859867,-0.10508520761974174,0.06948368399534112,-0.018467521949465122,-0.3217088155806243,3.0442939717013795
7,20,0.2295174556733709,1.004769641647786,0.04440323698403849,-0.10508520797143973,0.06948368432808293,-0.018467521838758327,-0.32170881416482394,3.0442939717013493
7,21,0.2295174556733709,1.0047696416663174,0.0444032373502169,-0.10508520821735232,0.06948368483804142,-0.018467521775282467,-0.3217088129477227,3.0442939717013835
7,22,0.2295174556733709,1.004769641735385,0.044403237744020004,-0.10508520834202781,0.0694836854930684,-0.0184675217630193,-0.32170881200624724,3.044293971701357
7,23,0.2295174556733709,1.0047696418512517,0.04440323814083744,-0.10508520833766073,0.06948368625206675,-0.01846752180276201,-0.32170881139903595,3.0442939717013684
7,24,0.2295174556733709,1.004769642006104,0.04440323851564877,-0.10508520820442069,0.06948368706725352,-0.018467521891818394,-0.3217088111648701,3.0442939717013604
8,0,0.2623056636267096,1.0069909924733305,0.04355241913858429,-0.11515345771085393,0.06597965167781497,-0.03296482070306964,-0.29297859963192635,3.044293971701368
8,1,0.2623056636267096,1.006990992699952,0.043552419393492414,-0.11515345736961538,0.06597965238294334,-0.032964821027964566,-0.29297860013291227,3.0442939717013644
8,2,0.2623056636267096,1.0069909929283765,0.0435524195647804,-0.11515345695693019,0.0659796529791947,-0.03296482137766467,-0.29297860093440975,3.0442939717013693
8,3,0.2623056636267096,1.0069909931443843,0.04355241964176711,-0.11515345649875126,0.06597965342914522,-0.03296482173032572,-0.2929786019859116,3.044293971701362
8,4,0.2623056636267096,1.0069909933342025,0.0435524196194886,-0.1151534560237886,0.06597965370459702,-0.03296482206381622,-0.2929786032216577,3.044293971701367
8,5,0.2623056636267096,1.0069909934860997,0.04355241949952251,-0.11515345556193592,0.06597965378816145,-0.03296482235700345,-0.29297860456371816,3.044293971701377
8,6,0.2623056636267096,1.0069909935903207,0.043552419289224376,-0.11515345514225027,0.06597965367462463,-0.03296482259156189,-0.2929786059278802,3.044293971701368
8,7,0.2623056636267096,1.0069909936405204,0.04355241900194559,-0.11515345479103174,0.06597965337105004,-0.032964822752793436,-0.29297860722845376,3.044293971701356
8,8,0.2623056636267096,1.0069909936334416,0.04355241865561031,-0.1151534545303879,0.06597965289659871,-0.03296482283061828,-0.2929786083836672,3.044293971701371
8,9,0.2623056636267096,1.006990993569538,0.04355241827215283,-0.11515345437667551,0.06597965228110292,-0.032964822819924515,-0.292978609320928,3.0442939717013675
8,10,0.2623056636267096,1.006990993452841,0.04355241787552802,-0.1151534543395579,0.06597965156315193,-0.032964822721504035,-0.2929786099814292,3.044293971701365
8,11,0.2623056636267096,1.0069909932906504,0.043552417490653965,-0.11515345442139774,0.06597965078779118,-0.03296482254163931,-0.29297861032358785,3.044293971701366
8,12,0.2623056636267096,1.0069909930932548,0.04355241714177554,-0.11515345461705391,0.06597965000398738,-0.032964822291638926,-0.29297861032579603,3.044293971701359
8,13,0.2623056636267096,1.0069909928728902,0.04355241685085492,-0.11515345491409805,0.06597964926079075,-0.03296482198688561,-0.29297860998831726,3.0442939717013715
8,14,0.2623056636267096,1.0069909926435974,0.043552416636000096,-0.11515345529413358,0.06597964860495625,-0.03296482164701643,-0.29297860933169995,3.044293971701378
8,15,0.2623056636267096,1.0069909924195648,0.043552416510909936,-0.11515345573300406,0.06597964807760905,-0.03296482129293234,-0.2929786083979389,3.0442939717013626
8,16,0.2623056636267096,1.0069909922150848,0.04355241648331211,-0.11515345620328783,0.06597964771202693,-0.03296482094720749,-0.29297860724519587,3.044293971701377
8,17,0.2623056636267096,1.006990992042858,0.04355241655501629,-0.11515345667541384,0.06597964753113343,-0.03296482063141113,-0.2929786059460337,3.04429397170137
8,18,0.2623056636267096,1.0069909919137194,0.043552416721487845,-0.11515345711966372,0.06597964754625706,-0.032964820365335254,-0.2929786045822495,3.044293971701355
8,19,0.2623056636267096,1.006990991835983,0.04355241697221022,-0.11515345750822278,0.0659796477564416,-0.032964820165930254,-0.29297860323917213,3.0442939717013795
8,20,0.2623056636267096,1.0069909918141475,0.04355241729153152,-0.11515345781657467,0.06597964814850797,-0.03296482004546329,-0.2929786020016251,3.0442939717013493
8,21,0.2623056636267096,1.006990991850084,0.04355241765936682,-0.11515345802538555,0.06597964869785085,-0.032964820011638,-0.29297860094697425,3.0442939717013826
8,22,0.2623056636267096,1.0069909919409412,0.04355241805249823,-0.11515345812154837,0.06597964936991689,-0.03296482006657775,-0.29297860014185423,3.044293971701356
8,23,0.2623056636267096,1.0069909920816138,0.04355241844635706,-0.11515345809903395,0.06597965012247041,-0.03296482020684238,-0.29297859963643696,3.0442939717013675
8,24,0.2623056636267096,1.0069909922627283,0.04355241881611464,-0.11515345795917088,0.06597965090819792,-0.03296482042345334,-0.2929785994630009,3.0442939717013604
9,0,0.2950938715800483,1.009094364917844,0.04226767891686989,-0.12432860018067805,0.06229353460494501,-0.04505741713282564,-0.2670877918986168,3.044293971701368
9,1,0.2950938715800483,1.0090943651664792,0.042267679159012216,-0.12432859985545457,0.06229353524276869,-0.04505741758209997,-0.26708779237534136,3.0442939717013635
9,2,0.2950938715800483,1.009094365413169,0.04226767931680737,-0.1243285994680787,0.062293535761352145,-0.04505741805017511,-0.26708779312002234,3.0442939717013693
9,3,0.2950938715800483,1.0090943656425484,0.04226767938041773,-0.12432859904290877,0.06229353612813689,-0.045057418507772784,-0.2670877940857539,3.044293971701362
9,4,0.2950938715800483,1.009094365840006,0.0422676793457188,-0.12432859860658986,0.06229353632015368,-0.04505741892617708,-0.2670877952121048,3.044293971701367
9,5,0.2950938715800483,1.0090943659933274,0.04226767921507443,-0.12432859818657929,0.06229353632526237,-0.045057419278922164,-0.26708779642808045,3.0442939717013773
9,6,0.2950938715800483,1.0090943660926703,0.04226767899650829,-0.12432859780930808,0.06229353614318771,-0.04505741954392093,-0.2670877976573497,3.0442939717013675
9,7,0.2950938715800483,1.009094366131993,0.04226767870388969,-0.12432859749841248,0.06229353578527802,-0.04505741970457932,-0.2670877988227217,3.0442939717013555
9,8,0.2950938715800483,1.0090943661087248,0.04226767835547683,-0.12432859727346438,0.06229353527411317,-0.04505741975084059,-0.26708779985089903,3.0442939717013715
9,9,0.2950938715800483,1.0090943660243372,0.0422676779733414,-0.12432859714857786,0.06229353464184903,-0.04505741967960262,-0.2670878006772973,3.044293971701368
9,10,0.2950938715800483,1.0090943658841458,0.042267677581351644,-0.12432859713160739,0.06229353392811632,-0.04505741949543691,-0.26708780125005377,3.0442939717013644
9,11,0.2950938715800483,1.009094365696925,0.042267677204131375,-0.12432859722364721,0.06229353317769437,-0.04505741921000465,-0.267087801533103,3.044293971701366
9,12,0.2950938715800483,1.0090943654745437,0.04226767686544398,-0.12432859741891203,0.062293532437975634,-0.0450574188412679,-0.2670878015085708,3.0442939717013586
9,13,0.2950938715800483,1.009094365230801,0.042267676586621575,-0.12432859770501052,0.06229353175526438,-0.04505741841209134,-0.2670878011783589,3.0442939717013706
9,14,0.2950938715800483,1.0090943649812096,0.042267676384997205,-0.12432859806421331,0.062293531172487385,-0.04505741794985974,-0.26708780056261505,3.0442939717013786
9,15,0.2950938715800483,1.0090943647412303,0.042267676273452015,-0.12432859847369618,0.06229353072620683,-0.045057417483236537,-0.26708779970071,3.044293971701362
9,16,0.2950938715800483,1.0090943645261614,0.04226767625885264,-0.12432859890786785,0.06229353044457809,-0.04505741704182629,-0.26708779864632565,3.0442939717013773
9,17,0.2950938715800483,1.0090943643493677,0.04226767634219678,-0.1243285993394306,0.06229353034527187,-0.04505741665322575,-0.26708779746583994,3.04429397170137
9,18,0.2950938715800483,1.0090943642219705,0.04226767651822005,-0.12432859974121994,0.06229353043448694,-0.045057416341803845,-0.2670877962335753,3.0442939717013555
9,19,0.2950938715800483,1.0090943641521732,0.04226767677579865,-0.12432860008807776,0.062293530706587975,-0.04505741612732895,-0.2670877950266298,3.04429397170138
9,20,0.2950938715800483,1.0090943641439776,0.04226767709885772,-0.1243286003581215,0.062293531144547186,-0.04505741602306036,-0.26708779392123116,3.044293971701349
9,21,0.2950938715800483,1.0090943641983976,0.042267677467073494,-0.12432860053441226,0.06229353172082942,-0.045057416035658916,-0.26708779298649266,3.044293971701383
9,22,0.2950938715800483,1.0090943643114203,0.04226767785720421,-0.12432860060589723,0.06229353239923542,-0.04505741616433388,-0.26708779228144675,3.0442939717013564
9,23,0.2950938715800483,1.0090943644765467,0.042267678244869406,-0.12432860056808556,0.062293533137086236,-0.045057416401004954,-0.267087791850058,3.044293971701368
9,24,0.2950938715800483,1.0090943646828665,0.042267678605634684,-0.12432860042328271,0.06229353388803636,-0.04505741673065746,-0.2670877917198693,3.0442939717013595
10,0,0.327882079533387,1.0110743499314843,0.040617503542391846,-0.1326912576772693,0.058458108860038896,-0.05533287890262737,-0.24332127839159273,3.0442939717013675
10,1,0.327882079533387,1.0110743501999424,0.040617503768095635,-0.1326912573673413,0.058458109431517497,-0.05533287945262764,-0.2433212788485223,3.044293971701364
10,2,0.327882079533387,1.0110743504624122,0.040617503908983915,-0.13269125700362272,0.058458109876020466,-0.055332880011957124,-0.24332127954861651,3.0442939717013693
10,3,0.327882079533387,1.0110743507025381,0.04061750395627698,-0.132691256608982,0.058458110165631495,-0.05533288054560752,-0.24332128044779588,3.0442939717013626
10,4,0.327882079533387,1.0110743509050357,0.0406175039068743,-0.13269125620815336,0.058458110282229504,-0.055332881020089306,-0.2433212814897625,3.044293971701367
10,5,0.327882079533387,1.0110743510573712,0.040617503764069314,-0.13269125582635766,0.05845811021842251,-0.05533288140541856,-0.2433212826088733,3.044293971701377
10,6,0.327882079533387,1.0110743511497666,0.04061750353664752,-0.1326912554876266,0.05845810997827043,-0.05533288167744371,-0.24332128373485098,3.0442939717013675
10,7,0.327882079533387,1.0110743511766127,0.04061750323903264,-0.1326912552131767,0.05845810957675415,-0.05533288181914114,-0.24332128479701368,3.044293971701356
10,8,0.327882079533387,1.011074351136126,0.040617502889795695,-0.13269125502028722,0.058458109039195974,-0.05533288182163534,-0.24332128572853184,3.044293971701371
10,9,0.327882079533387,1.0110743510308617,0.04061750251106615,-0.13269125492105877,0.05845810839942509,-0.05533288168459948,-0.24332128647091533,3.044293971701368
10,10,0.327882079533387,1.011074350867444,0.04061750212649552,-0.1326912549217355,0.0584581076975345,-0.05533288141671554,-0.24332128697756408,3.0442939717013644
10,11,0.327882079533387,1.0110743506561035,0.04061750176023864,-0.13269125502230034,0.05845810697755759,-0.05533288103489718,-0.24332128721656832,3.044293971701366
10,12,0.327882079533387,1.0110743504102333,0.04061750143536882,-0.1326912552164296,0.058458106284967136,-0.055332880563182495,-0.2433212871728377,3.044293971701359
10,13,0.327882079533387,1.0110743501451025,0.04061750117235967,-0.13269125549181462,0.05845810566312684,-0.05533288003092216,-0.24332128684944676,3.044293971701371
10,14,0.327882079533387,1.0110743498775687,0.04061750098753789,-0.13269125583138022,0.058458105151117226,-0.05533287947192128,-0.2433212862661594,3.044293971701379
10,15,0.327882079533387,1.011074349624218,0.04061750089274032,-0.13269125621355765,0.05845810478107429,-0.0553328789209829,-0.24332128546026233,3.044293971701362
10,16,0.327882079533387,1.0110743494011931,0.04061750089377248,-0.1326912566144563,0.058458104576340694,-0.05533287841297683,-0.24332128448194648,3.0442939717013777
10,17,0.327882079533387,1.0110743492223577,0.04061750099065421,-0.13269125700887313,0.05845810454977307,-0.055332877979698235,-0.24332128339280562,3.04429397170137
10,18,0.327882079533387,1.0110743490989595,0.04061750117727209,-0.13269125737198234,0.05845810470299773,-0.05533287764832335,-0.24332128226140967,3.0442939717013555
10,19,0.327882079533387,1.0110743490389504,0.04061750144183046,-0.13269125768104578,0.05845810502633983,-0.055332877439848216,-0.24332128115854496,3.04429397170138
10,20,0.327882079533387,1.0110743490457192,0.04061750176782239,-0.13269125791656805,0.05845810549958104,-0.055332877367194125,-0.24332128015386417,3.0442939717013493
10,21,0.327882079533387,1.0110743491193386,0.04061750213473659,-0.13269125806376872,0.05845810609293807,-0.055332877435014,-0.24332127931019512,3.0442939717013826
10,22,0.327882079533387,1.0110743492545904,0.04061750251941301,-0.13269125811343166,0.05845810676916936,-0.055332877639049545,-0.2433212786807918,3.0442939717013564
10,23,0.327882079533387,1.0110743494435763,0.040617502897813844,-0.13269125806242738,0.0584581074857039,-0.05533287796647992,-0.2433212783049318,3.0442939717013684
10,24,0.327882079533387,1.011074349673888,0.04061750324609123,-0.13269125791390338,0.058458108197565466,-0.05533287839660448,-0.2433212782066011,3.04429397170136
11,0,0.3606702874867257,1.012926487628663,0.038654791005727204,-0.14030248912559434,0.054498942569164786,-0.06417302172050768,-0.22118349784003258,3.0442939717013675
11,1,0.3606702874867257,1.0129264879147815,0.03865479121200289,-0.14030248883037394,0.05449894307503231,-0.06417302235284097,-0.22118349828077355,3.0442939717013635
11,2,0.3606702874867257,1.0129264881906515,0.0386547913333419,-0.1403024884890069,0.05449894344835844,-0.06417302298297585,-0.22118349894538333,3.0442939717013693
11,3,0.3606702874867257,1.012926488439076,0.03865479136218836,-0.14030248812295454,0.05449894366568823,-0.06417302357145828,-0.22118349979203208,3.044293971701362
11,4,0.3606702874867257,1.0129264886442515,0.03865479129659939,-0.14030248775516074,0.054498943713438434,-0.06417302408135586,-0.22118350076768292,3.0442939717013675
11,5,0.3606702874867257,1.012926488793474,0.03865479114089096,-0.14030248740876566,0.054498943588554755,-0.06417302448046695,-0.22118350181090032,3.0442939717013777
11,6,0.3606702874867257,1.0129264888771625,0.03865479090465761,-0.14030248710557752,0.05449894329893671,-0.06417302474375884,-0.2211835028561487,3.0442939717013675
11,7,0.3606702874867257,1.0129264888902518,0.03865479060287433,-0.14030248686458208,0.05449894286266045,-0.06417302485476482,-0.22118350383783433,3.044293971701356
11,8,0.3606702874867257,1.012926488831825,0.038654790254373274,-0.14030248670095324,0.05449894230723334,-0.06417302480652981,-0.22118350469417025,3.0442939717013715
11,9,0.3606702874867257,1.0129264887055676,0.038654789881242844,-0.14030248662495476,0.05449894166762027,-0.06417302460193873,-0.2211835053714071,3.044293971701368
11,10,0.3606702874867257,1.0129264885194176,0.0386547895067808,-0.14030248664137251,0.0544989409838975,-0.06417302425389532,-0.2211835058270255,3.0442939717013644
11,11,0.3606702874867257,1.012926488285033,0.03865478915450424,-0.14030248674919776,0.0544989402989546,-0.06417302378434267,-0.22118350603232284,3.0442939717013666
11,12,0.3606702874867257,1.0129264880172626,0.03865478884660618,-0.14030248694164865,0.05449893965605647,-0.06417302322285054,-0.22118350597434072,3.0442939717013595
11,13,0.3606702874867257,1.012926487732746,0.038654788602503126,-0.14030248720653207,0.05449893909546225,-0.06417302260442266,-0.2211835056570213,3.044293971701371
11,14,0.3606702874867257,1.012926487449559,0.03865478843732278,-0.14030248752741514,0.054498938652387745,-0.06417302196823083,-0.2211835050997838,3.044293971701379
11,15,0.3606702874867257,1.0129264871852703,0.03865478836167753,-0.1403024878839233,0.05449893835465249,-0.0641730213539772,-0.22118350433824135,3.0442939717013626
11,16,0.3606702874867257,1.012926486956713,0.038654788380161675,-0.1403024882537645,0.05449893822103799,-0.064173020800483,-0.22118350341982146,3.0442939717013777
11,17,0.3606702874867257,1.0129264867780978,0.03865478849170237,-0.14030248861369116,0.054498938259946096,-0.06417302034241452,-0.22118350240235007,3.0442939717013706
11,18,0.3606702874867257,1.0129264866606584,0.038654788689266695,-0.1403024889410489,0.05449893846888813,-0.06417302000850438,-0.22118350134988385,3.0442939717013555
11,19,0.3606702874867257,1.0129264866119687,0.03865478896036585,-0.14030248921533633,0.05449893883467524,-0.06417301981988531,-0.22118350032827114,3.04429397170138
11,20,0.3606702874867257,1.012926486634711,0.03865478928808718,-0.14030248941925436,0.0544989393344421,-0.06417301978826556,-0.22118349940202944,3.0442939717013493
11,21,0.3606702874867257,1.0129264867279522,0.03865478965180818,-0.14030248953999916,0.054498939936717936,-0.06417301991570061,-0.22118349862909492,3.044293971701383
11,22,0.3606702874867257,1.0129264868852428,0.0386547900285693,-0.14030248957002403,0.054498940603720236,-0.06417302019418838,-0.2211834980582288,3.0442939717013564
11,23,0.3606702874867257,1.0129264870972967,0.03865479039483017,-0.14030248950742552,0.05449894129344055,-0.06417302060622548,-0.22118349772508664,3.044293971701368
11,24,0.3606702874867257,1.0129264873502584,0.03865479072750965,-0.14030248935609083,0.05449894196260701,-0.06417302112580889,-0.22118349765091322,3.0442939717013595
12,0,0.3934584954400644,1.014647067005268,0.03642209463879317,-0.14720955521210677,0.05043641969457038,-0.07183696434918033,-0.20031837574139652,3.0442939717013675
12,1,0.3934584954400644,1.0146470673069061,0.03642209482319323,-0.14720955493111337,0.05043642013545599,-0.07183696504895241,-0.200318376168917,3.044293971701364
12,2,0.3934584954400644,1.0146470675938843,0.036422094922934994,-0.14720955461105367,0.05043642044008722,-0.07183696573379217,-0.20031837680502687,3.0442939717013693
12,3,0.3934584954400644,1.0146470678483073,0.03642209493181503,-0.14720955427204813,0.050436420589315877,-0.0718369663608108,-0.2003183776097038,3.044293971701362
12,4,0.3934584954400644,1.0146470680539974,0.03642209484914354,-0.147209553935346,0.05043642057383193,-0.0718369668906551,-0.20031837853251472,3.0442939717013675
12,5,0.3934584954400644,1.0146470681982167,0.03642209468031506,-0.14720955362212992,0.05043642039456718,-0.07183696728987916,-0.20031837951537837,3.0442939717013773
12,6,0.3934584954400644,1.0146470682717004,0.03642209443574727,-0.1472095533521236,0.05043642006283851,-0.07183696753342957,-0.200318380496529,3.0442939717013675
12,7,0.3934584954400644,1.0146470682700195,0.03642209413093622,-0.14720955314223072,0.0504364195993576,-0.07183696760608527,-0.20031838141441355,3.044293971701356
12,8,0.3934584954400644,1.0146470681931892,0.03642209378490378,-0.14720955300566732,0.0504364190333415,-0.07183696750329457,-0.2003183822112417,3.0442939717013715
12,9,0.3934584954400644,1.014647068046053,0.03642209341958762,-0.1472095529509986,0.050436418400431005,-0.07183696723139352,-0.20031838283701742,3.0442939717013675
12,10,0.3934584954400644,1.0146470678378579,0.03642209305779329,-0.14720955298167118,0.050436417740276976,-0.07183696680749324,-0.20031838325244472,3.044293971701364
12,11,0.3934584954400644,1.014647067581644,0.03642209272223959,-0.14720955309577818,0.050436417094285514,-0.07183696625829623,-0.20031838343134617,3.0442939717013666
12,12,0.3934584954400644,1.0146470672936385,0.03642209243406634,-0.14720955328614133,0.050436416503267356,-0.07183696561839477,-0.2003183833624341,3.044293971701359
12,13,0.3934584954400644,1.0146470669917498,0.03642209221145954,-0.1472095535407081,0.05043641600423745,-0.07183696492772909,-0.20031838305031394,3.0442939717013706
12,14,0.3934584954400644,1.0146470666951435,0.03642209206818663,-0.14720955384367734,0.05043641562853101,-0.07183696422996902,-0.20031838251410916,3.0442939717013786
12,15,0.3934584954400644,1.014647066422232,0.03642209201349171,-0.1472095541758193,0.05043641539974502,-0.0718369635687268,-0.20031838178808045,3.0442939717013617
12,16,0.3934584954400644,1.0146470661903915,0.03642209205064566,-0.1472095545163593,0.05043641533231503,-0.07183696298575318,-0.2003183809174437,3.0442939717013773
12,17,0.3934584954400644,1.0146470660140394,0.03642209217740601,-0.14720955484389472,0.050436415430494784,-0.07183696251757901,-0.20031837995701843,3.04429397170137
12,18,0.3934584954400644,1.0146470659042661,0.0364220923857852,-0.14720955513781042,0.05043641568807144,-0.07183696219356978,-0.20031837896726912,3.0442939717013555
12,19,0.3934584954400644,1.0146470658681617,0.03642209266261024,-0.14720955537969738,0.05043641608879084,-0.07183696203421606,-0.20031837801012134,3.04429397170138
12,20,0.3934584954400644,1.0146470659076217,0.036422092990612866,-0.1472095555543025,0.0504364166076054,-0.07183696204941835,-0.2003183771460161,3.044293971701349
12,21,0.3934584954400644,1.0146470660206603,0.036422093349150954,-0.1472095556506558,0.050436417211835116,-0.07183696223827299,-0.20031837642901776,3.0442939717013826
12,22,0.3934584954400644,1.014647066199586,0.0364220937155904,-0.14720955566274885,0.05043641786358516,-0.0718369625889206,-0.20031837590433063,3.0442939717013564
12,23,0.3934584954400644,1.0146470664337501,0.03642209406703963,-0.14720955558979873,0.05043641852179705,-0.0718369630793198,-0.2003183756047576,3.044293971701368
12,24,0.3934584954400644,1.0146470667079095,0.03642209438135166,-0.14720955543635245,0.05043641914519058,-0.07183696367855569,-0.20031837554938478,3.04429397170136
13,0,0.4262467033934031,1.0162329796860632,0.03395482788341517,-0.1534496547167223,0.04628710229519265,-0.07850675208080225,-0.1804621901945907,3.0442939717013675
13,1,0.4262467033934031,1.0162329800011,0.033954828043938366,-0.15344965444956432,0.04628710267169894,-0.07850675283554237,-0.18046219061137878,3.044293971701364
13,2,0.4262467033934031,1.016232980296971,0.033954828120511295,-0.15344965414997108,0.04628710290986258,-0.07850675356195083,-0.18046219122449123,3.044293971701369
13,3,0.4262467033934031,1.0162329805552217,0.0339548281083816,-0.15344965383677556,0.046287102994703164,-0.07850675421452863,-0.18046219199536515,3.044293971701362
13,4,0.4262467033934031,1.016232980759436,0.033954828008178166,-0.153449653529609,0.04628710292094917,-0.07850675475231587,-0.18046219287566248,3.044293971701367
13,5,0.4262467033934031,1.0162329808969677,0.03395482782640198,-0.15344965324779544,0.04628710269320741,-0.07850675514137774,-0.18046219381000267,3.0442939717013764
13,6,0.4262467033934031,1.0162329809589734,0.033954827574283454,-0.15344965300908484,0.04628710232583979,-0.07850675535728698,-0.1804621947396498,3.0442939717013675
13,7,0.4262467033934031,1.0162329809417414,0.03395482726779036,-0.15344965282841788,0.04628710184178912,-0.07850675538656235,-0.1804621956062981,3.044293971701357
13,8,0.4262467033934031,1.016232980846267,0.03395482692604987,-0.15344965271717018,0.04628710127156419,-0.07850675522737277,-0.18046219635536612,3.044293971701371
13,9,0.4262467033934031,1.016232980678568,0.033954826570733634,-0.15344965268231883,0.046287100651079625,-0.07850675488962049,-0.18046219693987084,3.044293971701368
13,10,0.4262467033934031,1.0162329804491788,0.033954826224018346,-0.15344965272606592,0.046287100019203005,-0.07850675439453329,-0.1804621973231014,3.044293971701365
13,11,0.4262467033934031,1.0162329801724694,0.03395482590767326,-0.1534496528456805,0.04628709941556061,-0.07850675377327973,-0.18046219748090267,3.044293971701366
13,12,0.4262467033934031,1.0162329798659626,0.033954825641628175,-0.153449653033637,0.04628709887829571,-0.07850675306499716,-0.1804621974033233,3.044293971701359
13,13,0.4262467033934031,1.0162329795487242,0.033954825442687325,-0.15344965327804275,0.046287098441059576,-0.07850675231393062,-0.1804621970954934,3.044293971701371
13,14,0.4262467033934031,1.016232979240884,0.03395482532312279,-0.15344965356371945,0.046287098131295744,-0.07850675156750922,-0.18046219657629323,3.0442939717013786
13,15,0.4262467033934031,1.0162329789615598,0.03395482529069594,-0.1534496538725422,0.046287097968464606,-0.07850675087243869,-0.18046219587888854,3.044293971701362
13,16,0.4262467033934031,1.0162329787285334,0.03395482534727217,-0.15344965418518855,0.046287097962846906,-0.07850675027257531,-0.1804621950467139,3.0442939717013777
13,17,0.4262467033934031,1.016232978556296,0.03395482548939171,-0.15344965448201228,0.046287098114820555,-0.07850674980552293,-0.18046219413216819,3.04429397170137
13,18,0.4262467033934031,1.0162329784556798,0.03395482570810366,-0.1534496547443317,0.046287098414793774,-0.07850674950057394,-0.18046219319282691,3.0442939717013555
13,19,0.4262467033934031,1.0162329784331956,0.03395482598958176,-0.1534496549557147,0.04628709884384157,-0.07850674937700307,-0.18046219228746394,3.0442939717013795
13,20,0.4262467033934031,1.0162329784898883,0.033954826316268574,-0.15344965510283431,0.0462870993751435,-0.07850674944249089,-0.18046219147324316,3.044293971701349
13,21,0.4262467033934031,1.016232978622686,0.03395482666760325,-0.15344965517644044,0.04628709997522883,-0.07850674969295855,-0.18046219080112366,3.044293971701383
13,22,0.4262467033934031,1.0162329788226587,0.03395482702140403,-0.1534496551719584,0.046287100606467145,-0.07850675011267691,-0.18046219031345237,3.0442939717013564
13,23,0.4262467033934031,1.0162329790778315,0.033954827355573806,-0.15344965508964203,0.04628710122908683,-0.07850675067526144,-0.1804621900407494,3.0442939717013684
13,24,0.4262467033934031,1.0162329793716436,0.033954827649054505,-0.1534496549346347,0.04628710180405006,-0.07850675134527184,-0.18046219000036925,3.04429397170136
14,0,0.4590349113467418,1.0176816110795455,0.03128331922680918,-0.15905243865076354,0.042064680496796375,-0.08431388545305651,-0.16141444230226204,3.044293971701368
14,1,0.4590349113467418,1.0176816114058802,0.03128331936183324,-0.15905243839712474,0.04206468080955245,-0.08431388625203111,-0.16141444271044056,3.0442939717013644
14,2,0.4590349113467418,1.017681611708499,0.031283319414060165,-0.1590524381173192,0.04206468098333205,-0.08431388700897148,-0.1614144433049932,3.0442939717013693
14,3,0.4590349113467418,1.0176816119685228,0.031283319380262624,-0.15905243782893533,0.04206468100719244,-0.08431388767646113,-0.16141444404853578,3.044293971701363
14,4,0.4590349113467418,1.0176816121694257,0.03128331926242956,-0.15905243755004828,0.042064680879685526,-0.08431388821260136,-0.16141444489442205,3.044293971701367
14,5,0.4590349113467418,1.017681612298769,0.03128331906817422,-0.15905243729820343,0.0420646806088096,-0.08431388858357199,-0.16141444578945963,3.044293971701377
14,6,0.4590349113467418,1.0176816123482255,0.0312833188095107,-0.15905243708926645,0.04206468021163505,-0.08431388876607122,-0.16141444667736518,3.0442939717013675
14,7,0.4590349113467418,1.0176816123148675,0.03128331850281521,-0.15905243693631083,0.042064679712971044,-0.08431388874871819,-0.1614144475024657,3.044293971701357
14,8,0.4590349113467418,1.017681612200706,0.03128331816722742,-0.1590524368489668,0.042064679144243396,-0.0843138885326075,-0.16141444821278106,3.044293971701371
14,9,0.4590349113467418,1.0176816120129362,0.03128331782403532,-0.15905243683271236,0.04206467854128043,-0.08431388813123976,-0.16141444876377367,3.044293971701368
14,10,0.4590349113467418,1.0176816117633505,0.031283317494653934,-0.1590524368885815,0.04206467794184794,-0.08431388756981986,-0.16141444912083172,3.0442939717013644
14,11,0.4590349113467418,1.0176816114675842,0.03128331719976151,-0.1590524370130791,0.042064677383530355,-0.08431388688367747,-0.16141444926144316,3.044293971701366
14,12,0.4590349113467418,1.0176816111443647,0.0312833169579363,-0.15905243719837178,0.04206467690161659,-0.0843138861160437,-0.16141444917674674,3.0442939717013586
14,13,0.4590349113467418,1.017681610813805,0.03128331678446906,-0.15905243743274228,0.04206467652629218,-0.08431388531490015,-0.16141444887230183,3.044293971701371
14,14,0.4590349113467418,1.0176816104968704,0.031283316690024036,-0.15905243770162808,0.04206467628110439,-0.08431388453079047,-0.1614144483667992,3.044293971701379
14,15,0.4590349113467418,1.0176816102132507,0.03128331668079012,-0.15905243798797683,0.042064676181460016,-0.08431388381281986,-0.16141444769252086,3.0442939717013617
14,16,0.4590349113467418,1.0176816099809982,0.03128331675716972,-0.1590524382738657,0.042064676233661426,-0.0843138832062658,-0.16141444689146334,3.0442939717013773
14,17,0.4590349113467418,1.0176816098145574,0.031283316914461436,-0.1590524385413333,0.042064676434459554,-0.0843138827491638,-0.1614144460140664,3.0442939717013706
14,18,0.4590349113467418,1.0176816097243941,0.03128331714276287,-0.15905243877354613,0.042064676771196456,-0.08431388247017815,-0.16141444511556688,3.044293971701355
14,19,0.4590349113467418,1.0176816097163601,0.03128331742764177,-0.15905243895595575,0.04206467722263278,-0.0843138823869355,-0.1614144442521855,3.0442939717013795
14,20,0.4590349113467418,1.017681609790597,0.03128331775132934,-0.1590524390770645,0.042064677760543664,-0.0843138825046086,-0.16141444347842746,3.0442939717013493
14,21,0.4590349113467418,1.0176816099429276,0.031283318093452216,-0.15905243912925052,0.04206467835104208,-0.08431388281582541,-0.1614144428427362,3.0442939717013835
14,22,0.4590349113467418,1.0176816101631965,0.031283318432407156,-0.15905243910928815,0.04206467895709889,-0.08431388330104103,-0.16141444238513536,3.0442939717013564
14,23,0.4590349113467418,1.0176816104381508,0.03128331874703032,-0.15905243901840063,0.04206467954052804,-0.08431388392975285,-0.1614144421342949,3.044293971701368
14,24,0.4590349113467418,1.0176816107499889,0.031283319017494635,-0.15905243886227635,0.042064680064755305,-0.08431388466237466,-0.1614144421061564,3.04429397170136
15,0,0.4918231193000805,1.0189907579742823,0.028434183717142698,-0.16404175429490275,0.03778065373377512,-0.0893554775725045,-0.1430191052636143,3.044293971701368
15,1,0.4918231193000805,1.0189907583098357,0.028434183825375197,-0.16404175405453172,0.03778065398347376,-0.08935547840626286,-0.1430191056650255,3.0442939717013644
15,2,0.4918231193000805,1.0189907586171245,0.02843418385241438,-0.16404175379396702,0.037780654094885326,-0.08935547918423571,-0.14301910624467443,3.0442939717013693
15,3,0.4918231193000805,1.0189907588769753,0.028434183796610796,-0.16404175352958747,0.03778065406097862,-0.08935547985768531,-0.14301910696612435,3.0442939717013626
15,4,0.4918231193000805,1.0189907590728737,0.028434183661334773,-0.16404175327796192,0.03778065388392658,-0.08935548038433566,-0.14301910778409463,3.044293971701367
15,5,0.4918231193000805,1.0189907591926965,0.028434183455299702,-0.1640417530549218,0.03778065357485454,-0.08935548073097482,-0.14301910864716996,3.0442939717013773
15,6,0.4918231193000805,1.0189907592287153,0.028434183191259784,-0.16404175287452114,0.03778065315323074,-0.08935548087581956,-0.14301910950106023,3.0442939717013675
15,7,0.4918231193000805,1.0189907591788425,0.028434182885926206,-0.16404175274804442,0.03778065264539513,-0.08935548080985439,-0.1430191102922388,3.0442939717013564
15,8,0.4918231193000805,1.0189907590461293,0.028434182558352995,-0.1640417526834535,0.0377806520833484,-0.0893554805372251,-0.14301911097084843,3.0442939717013715
15,9,0.4918231193000805,1.0189907588389402,0.028434182229326768,-0.16404175268479992,0.03778065150250542,-0.08935548007500474,-0.14301911149435312,3.0442939717013675
15,10,0.4918231193000805,1.0189907585702835,0.028434181919373257,-0.16404175275201205,0.03778065093924278,-0.08935547945220262,-0.14301911182986274,3.0442939717013644
15,11,0.4918231193000805,1.01899075825699,0.028434181647948344,-0.16404175288087935,0.03778065042886896,-0.08935547870799843,-0.1430191119562174,3.0442939717013666
15,12,0.4918231193000805,1.018990757918896,0.028434181432151567,-0.16404175306329327,0.03778065000365357,-0.08935547788928727,-0.14301911186546068,3.0442939717013586
15,13,0.4918231193000805,1.0189907575770447,0.028434181285646384,-0.16404175328772494,0.037780649690230726,-0.08935547704726687,-0.14301911156351688,3.044293971701371
15,14,0.4918231193000805,1.0189907572531107,0.028434181217396683,-0.16404175354022235,0.0377806495082544,-0.08935547623502031,-0.14301911106894022,3.0442939717013786
15,15,0.4918231193000805,1.018990756967224,0.028434181231950278,-0.16404175380477945,0.03778064946916091,-0.08935547550344868,-0.1430191104133056,3.044293971701362
15,16,0.4918231193000805,1.0189907567375798,0.028434181328209802,-0.16404175406483085,0.03778064957544218,-0.0893554748986681,-0.1430191096374517,3.0442939717013777
15,17,0.4918231193000805,1.01899075657846,0.028434181500227036,-0.16404175430404197,0.037780649820455196,-0.08935547445861343,-0.1430191087902308,3.0442939717013706
15,18,0.4918231193000805,1.0189907564998684,0.028434181737176267,-0.1640417545073582,0.03778065018876624,-0.08935547421087496,-0.14301910792498004,3.044293971701355
15,19,0.4918231193000805,1.0189907565069287,0.028434182024078936,-0.16404175466203935,0.037780650657149493,-0.08935547417110037,-0.14301910709584287,3.0442939717013804
15,20,0.4918231193000805,1.0189907565988374,0.028434182343040574,-0.1640417547583381,0.037780651196313825,-0.08935547434175531,-0.14301910635515333,3.0442939717013493
15,21,0.4918231193000805,1.018990756770304,0.028434182673984267,-0.16404175479018604,0.03778065177229637,-0.08935547471212585,-0.14301910574930204,3.044293971701383
15,22,0.4918231193000805,1.0189907570099739,0.02843418299600887,-0.16404175475563768,0.037780652348975256,-0.08935547525895099,-0.14301910531640596,3.044293971701357
15,23,0.4918231193000805,1.0189907573033707,0.028434183289014838,-0.1640417546568306,0.037780652890017266,-0.08935547594785524,-0.14301910508361868,3.044293971701368
15,24,0.4918231193000805,1.018990757631538,0.028434183534535955,-0.16404175449995617,0.037780653361509216,-0.08935547673547813,-0.1430191050657119,3.044293971701361
16,0,0.5246113272534192,1.0201585653218759,0.02543127060174448,-0.16843688518866504,0.03344483135747131,-0.09370447791199553,-0.1251521246269698,3.044293971701368
16,1,0.5246113272534192,1.020158565664593,0.02543127068218624,-0.16843688496136708,0.033444831544895824,-0.09370447877205942,-0.12515212502323944,3.0442939717013644
16,2,0.5246113272534192,1.02015856597454,0.02543127068348754,-0.16843688471960636,0.033444831595941464,-0.09370447956272551,-0.12515212559105837,3.0442939717013693
16,3,0.5246113272534192,1.0201585662323744,0.02543127060561139,-0.16843688447857982,0.03344483150736362,-0.0937044802344581,-0.12515212629474312,3.0442939717013626
16,4,0.5246113272534192,1.02015856642171,0.02543127045331378,-0.16843688425339032,0.03344483128476134,-0.09370448074508538,-0.1251521270901089,3.044293971701367
16,5,0.5246113272534192,1.0201585665308366,0.02543127023638139,-0.1684368840582078,0.03344483094213568,-0.09370448106241505,-0.12515212792718136,3.0442939717013773
16,6,0.5246113272534192,1.0201585665526989,0.02543126996825337,-0.1684368839053339,0.03344483050106065,-0.09370448116649581,-0.12515212875329076,3.0442939717013675
16,7,0.5246113272534192,1.020158566486094,0.025431269665895,-0.16843688380432767,0.033444829989094225,-0.0937044810508718,-0.12515212951666438,3.0442939717013564
16,8,0.5246113272534192,1.0201585663351274,0.02543126934817338,-0.1684368837615457,0.033444829438494854,-0.09370448072280621,-0.12515213016918408,3.0442939717013715
16,9,0.5246113272534192,1.020158566109314,0.02543126903525765,-0.1684368837796727,0.03344482888396304,-0.09370448020287614,-0.12515213066996164,3.044293971701368
16,10,0.5246113272534192,1.020158565822828,0.025431268746662662,-0.16843688385758274,0.03344482836022436,-0.09370447952369867,-0.12515213098753045,3.0442939717013644
16,11,0.5246113272534192,1.0201585654936183,0.02543126850050086,-0.16843688399039047,0.03344482790010043,-0.09370447872798882,-0.12515213110185558,3.0442939717013657
16,12,0.5246113272534192,1.0201585651425271,0.025431268312279754,-0.16843688416973931,0.033444827532696654,-0.09370447786589291,-0.12515213100574538,3.044293971701359
16,13,0.5246113272534192,1.0201585647914122,0.02543126819393805,-0.16843688438430007,0.033444827281024464,-0.0937044769913411,-0.12515213070544554,3.044293971701371
16,14,0.5246113272534192,1.020158564462529,0.025431268152664693,-0.1684368846207275,0.0334448271608562,-0.09370447615943414,-0.12515213021942598,3.0442939717013786
16,15,0.5246113272534192,1.0201585641763176,0.0254312681913165,-0.16843688486404132,0.03344482717974383,-0.09370447542233337,-0.12515212957870514,3.0442939717013617
16,16,0.5246113272534192,1.020158563950996,0.02543126830727728,-0.1684368850989995,0.033444827336531896,-0.09370447482648782,-0.12515212882319712,3.0442939717013773
16,17,0.5246113272534192,1.020158563800575,0.025431268493362906,-0.1684368853108474,0.03344482762140673,-0.09370447440928131,-0.12515212800047196,3.0442939717013706
16,18,0.5246113272534192,1.0201585637345105,0.025431268737865696,-0.16843688548625316,0.033444828016432594,-0.09370447419686577,-0.12515212716232482,3.044293971701355
16,19,0.5246113272534192,1.0201585637571364,0.025431269025330053,-0.16843688561422301,0.03344482849670429,-0.09370447420265472,-0.1251521263612067,3.0442939717013795
16,20,0.5246113272534192,1.020158563866676,0.025431269337826946,-0.1684368856866956,0.033444829032179046,-0.09370447442627321,-0.1251521256476731,3.044293971701349
16,21,0.5246113272534192,1.020158564056728,0.025431269655685568,-0.16843688569909496,0.03344482958913218,-0.09370447485366791,-0.12515212506643178,3.044293971701383
16,22,0.5246113272534192,1.0201585643147721,0.02543126995882659,-0.16843688565069886,0.0334448301326293,-0.09370447545799493,-0.12515212465402353,3.0442939717013564
16,23,0.5246113272534192,1.020158564625174,0.025431270228337556,-0.16843688554451391,0.03344483062843224,-0.09370447620126478,-0.12515212443634818,3.0442939717013684
16,24,0.5246113272534192,1.0201585649679126,0.025431270447230838,-0.16843688538719928,0.03344483104546523,-0.09370447703670785,-0.1251521244271951,3.0442939717013595
17,0,0.5573995352067579,1.021183477270722,0.02229633866272547,-0.17225345013031387,0.02906570876785592,-0.09741634892272279,-0.10771282447170674,3.044293971701368
17,1,0.5573995352067579,1.0211834776185753,0.022296338714642424,-0.1722534499159447,0.029065708893899932,-0.09741634980136903,-0.10771282486429426,3.0442939717013644
17,2,0.5573995352067579,1.021183477929234,0.02229633868991379,-0.1722534496926443,0.029065708886607325,-0.09741635059728908,-0.1077128254229191,3.0442939717013693
17,3,0.5573995352067579,1.0211834781833096,0.022296338590133424,-0.17225344947444973,0.029065708746393075,-0.09741635126061603,-0.10771282611248453,3.044293971701362
17,4,0.5573995352067579,1.0211834783646525,0.02229633842143253,-0.17225344927502972,0.029065708482091394,-0.09741635174970177,-0.10771282688967432,3.0442939717013675
17,5,0.5573995352067579,1.0211834784620553,0.02229633819463177,-0.17225344910693557,0.02906570811033681,-0.09741635203372116,-0.10771282770567503,3.0442939717013773
17,6,0.5573995352067579,1.0211834784692015,0.02229633792379094,-0.17225344898076414,0.029065707654531096,-0.09741635209480676,-0.10771282850912856,3.0442939717013675
17,7,0.5573995352067579,1.0211834783858071,0.022296337626043043,-0.17225344890440125,0.029065707143154353,-0.09741635192920152,-0.10771282924969346,3.0442939717013564
17,8,0.5573995352067579,1.021183478217036,0.0222963373199656,-0.1722534488826499,0.0290657066084259,-0.09741635154730674,-0.1077128298806773,3.044293971701371
17,9,0.5573995352067579,1.021183477973525,0.02229633702499696,-0.17225344891687722,0.02906570608405296,-0.09741635097310208,-0.10771283036255284,3.044293971701368
17,10,0.5573995352067579,1.0211834776705562,0.022296336759526296,-0.17225344900494555,0.02906570560286942,-0.09741635024259745,-0.10771283066503733,3.0442939717013644
17,11,0.5573995352067579,1.0211834773271116,0.022296336540211868,-0.17225344914132848,0.0290657051950197,-0.09741634940172589,-0.10771283076904095,3.044293971701366
17,12,0.5573995352067579,1.0211834769649342,0.022296336380869152,-0.17225344931744477,0.029065704886317375,-0.0974163485034855,-0.10771283066802913,3.0442939717013586
17,13,0.5573995352067579,1.021183476606576,0.022296336291630036,-0.17225344952217478,0.02906570469609436,-0.09741634760408382,-0.10771283036854175,3.044293971701371
17,14,0.5573995352067579,1.0211834762747458,0.02229633627785035,-0.17225344974277823,0.02906570463626231,-0.09741634676015863,-0.107712829889015,3.0442939717013786
17,15,0.5573995352067579,1.0211834759900693,0.02229633634066262,-0.17225344996528458,0.02906570471057937,-0.09741634602464902,-0.10771282926004216,3.0442939717013617
17,16,0.5573995352067579,1.0211834757706693,0.022296336475928394,-0.17225345017574809,0.029065704914404644,-0.09741634544389054,-0.10771282852081077,3.0442939717013773
17,17,0.5573995352067579,1.021183475630185,0.022296336675252184,-0.17225345036095635,0.02906570523497048,-0.09741634505432918,-0.10771282771786432,3.04429397170137
17,18,0.5573995352067579,1.0211834755774476,0.022296336926096606,-0.17225345050925464,0.029065705652101603,-0.09741634488037713,-0.10771282690175295,3.0442939717013555
17,19,0.5573995352067579,1.0211834756159504,0.022296337212605637,-0.17225345061134567,0.029065706139504408,-0.09741634493301737,-0.10771282612355275,3.044293971701379
17,20,0.5573995352067579,1.0211834757429228,0.0222963375169103,-0.17225345066080094,0.029065706666680895,-0.09741634520895166,-0.10771282543236227,3.044293971701349
17,21,0.5573995352067579,1.021183475950867,0.022296337819854777,-0.17225345065448708,0.029065707200436535,-0.09741634569082931,-0.10771282487150756,3.0442939717013835
17,22,0.5573995352067579,1.0211834762261398,0.022296338102296524,-0.17225345059285777,0.029065707707284255,-0.09741634634838241,-0.10771282447622028,3.0442939717013564
17,23,0.5573995352067579,1.0211834765520216,0.02229633834662425,-0.1722534504797512,0.029065708155301042,-0.09741634714027718,-0.1077128242713561,3.044293971701368
17,24,0.5573995352067579,1.0211834769075208,0.022296338537434804,-0.17225345032226466,0.0290657085164061,-0.09741634801669441,-0.10771282426986857,3.04429397170136
18,0,0.5901877431600966,1.0220641990158879,0.019049551501997056,-0.17550406457351675,0.024650756041534827,-0.10053353961209328,-0.09061783005496729,3.044293971701368
18,1,0.5901877431600966,1.0220641993668813,0.019049551524898165,-0.17550406437197782,0.024650756107217453,-0.10053354050219804,-0.09061783044520622,3.0442939717013644
18,2,0.5901877431600966,1.0220641996763726,0.019049551474079312,-0.17550406416687492,0.024650756043668662,-0.10053354129664911,-0.09061783099694325,3.0442939717013693
18,3,0.5901877431600966,1.0220641999250457,0.01904955135276899,-0.17550406397110188,0.02465075585483244,-0.10053354194567037,-0.09061783167552283,3.0442939717013626
18,4,0.5901877431600966,1.02206420009709,0.019049551168450283,-0.17550406379691869,0.024650755552588968,-0.10053354240850727,-0.09061783243830157,3.044293971701367
18,5,0.5901877431600966,1.0220642001818847,0.019049550932928042,-0.175504063655292,0.024650755155969255,-0.10053354265599838,-0.09061783323738914,3.044293971701377
18,6,0.5901877431600966,1.0220642001739064,0.019049550660810887,-0.17550406355515252,0.024650754689935363,-0.10053354267256275,-0.09061783402247874,3.044293971701368
18,7,0.5901877431600966,1.0220642000738158,0.01904955036930943,-0.1755040635027552,0.02465075418360706,-0.10053354245723725,-0.09061783474438988,3.0442939717013564
18,8,0.5901877431600966,1.0220641998878288,0.019049550076608867,-0.1755040635013919,0.024650753668884313,-0.10053354202354513,-0.0906178353575953,3.044293971701372
18,9,0.5901877431600966,1.0220641996276678,0.01904954980130725,-0.1755040635511526,0.02465075317822017,-0.10053354139874057,-0.09061783582369196,3.044293971701368
18,10,0.5901877431600966,1.0220641993096575,0.01904954956056054,-0.17550406364892354,0.024650752742334733,-0.10053354062199629,-0.09061783611338535,3.0442939717013653
18,11,0.5901877431600966,1.0220641989537214,0.019049549369472542,-0.17550406378856584,0.024650752388523114,-0.1005335397421435,-0.0906178362083865,3.044293971701366
18,12,0.5901877431600966,1.0220641985823944,0.01904954924007961,-0.17550406396129353,0.024650752139195892,-0.100533538814643,-0.09061783610273472,3.044293971701359
18,13,0.5901877431600966,1.0220641982188003,0.01904954918063927,-0.1755040641562061,0.02465075200996257,-0.100533537897547,-0.09061783580324843,3.044293971701371
18,14,0.5901877431600966,1.0220641978859766,0.019049549194631275,-0.17550406436116783,0.02465075200890398,-0.1005335370485826,-0.09061783532837975,3.044293971701379
18,15,0.5901877431600966,1.0220641976046103,0.01904954928144568,-0.17550406456320597,0.024650752136081592,-0.100533536321026,-0.09061783470841352,3.0442939717013617
18,16,0.5901877431600966,1.0220641973926177,0.019049549435432144,-0.1755040647496501,0.024650752383531625,-0.10053353576070048,-0.0906178339819821,3.0442939717013773
18,17,0.5901877431600966,1.0220641972631739,0.019049549647020204,-0.17550406490880002,0.024650752735745633,-0.10053353540277793,-0.090617833194821,3.04429397170137
18,18,0.5901877431600966,1.0220641972244153,0.01904954990290407,-0.17550406503064164,0.02465075317056365,-0.10053353526968009,-0.09061783239648671,3.0442939717013555
18,19,0.5901877431600966,1.0220641972789541,0.01904955018690953,-0.17550406510753352,0.024650753660581757,-0.10053353536980998,-0.09061783163694728,3.0442939717013804
18,20,0.5901877431600966,1.0220641974230162,0.019049550481324305,-0.17550406513463676,0.02465075417512885,-0.10053353569690422,-0.09061783096411245,3.044293971701349
18,21,0.5901877431600966,1.0220641976480278,0.019049550767614568,-0.17550406511021946,0.024650754681814598,-0.10053353623038884,-0.09061783042017643,3.044293971701383
18,22,0.5901877431600966,1.0220641979392746,0.019049551027683884,-0.17550406503587204,0.024650755148840783,-0.10053353693675166,-0.0906178300392808,3.044293971701356
18,23,0.5901877431600966,1.0220641982790313,0.019049551245327277,-0.17550406491623297,0.02465075554680041,-0.10053353777159321,-0.09061782984540692,3.044293971701368
18,24,0.5901877431600966,1.0220641986454366,0.019049551406820204,-0.17550406475881214,0.02465075585074896,-0.10053353868240034,-0.09061782985078876,3.044293971701361
19,0,0.6229759511134353,1.0227996670323614,0.01570985099588992,-0.17819883183896207,0.02020664410933645,-0.10308854337421454,-0.07379665279878667,3.0442939717013684
19,1,0.6229759511134353,1.0227996673845345,0.015709850989509517,-0.17819883165019693,0.020206644115814257,-0.1030885442691395,-0.07379665318791882,3.044293971701364
19,2,0.6229759511134353,1.0227996676910496,0.01570985091275068,-0.1781988314631,0.020206643998167812,-0.10308854505598328,-0.07379665373482854,3.0442939717013693
19,3,0.6229759511134353,1.0227996679327749,0.0157098507704672,-0.17819883128943423,0.020206643763734943,-0.10308854568544547,-0.07379665440517152,3.044293971701362
19,4,0.6229759511134353,1.022799668094338,0.015709850571459228,-0.17819883114007015,0.020206643427251546,-0.10308854611799448,-0.07379665515680572,3.044293971701368
19,5,0.6229759511134353,1.0227996681657772,0.01570985032845695,-0.17819883102441636,0.0202066430099122,-0.1030885463263872,-0.07379665594255734,3.044293971701377
19,6,0.6229759511134353,1.0227996681424103,0.01570985005654013,-0.1781988309497683,0.020206642537978443,-0.1030885462974909,-0.07379665671294679,3.0442939717013675
19,7,0.6229759511134353,1.022799668025859,0.01570984977290429,-0.1781988309207841,0.020206642040938843,-0.1030885460331948,-0.0737966574197241,3.044293971701356
19,8,0.6229759511134353,1.0227996678233764,0.01570984949524066,-0.17819883093927905,0.020206641550107485,-0.10308854555009717,-0.07379665801830644,3.044293971701371
19,9,0.6229759511134353,1.0227996675477256,0.015709849241202015,-0.1781988310040996,0.02020664109643763,-0.10308854487857604,-0.073796658471216,3.044293971701368
19,10,0.6229759511134353,1.0227996672161999,0.015709849026611378,-0.17819883111118529,0.0202066407083304,-0.10308854406072382,-0.07379665874998428,3.0442939717013653
19,11,0.6229759511134353,1.02279966684957,0.015709848864928346,-0.17819883125380928,0.020206640410075864,-0.10308854314794731,-0.07379665883700555,3.0442939717013657
19,12,0.6229759511134353,1.022799666471048,0.01570984876633566,-0.17819883142299853,0.020206640220585825,-0.10308854219778846,-0.07379665872682882,3.0442939717013586
19,13,0.6229759511134353,1.0227996661042082,0.015709848737162867,-0.17819883160808053,0.020206640151717626,-0.10308854126972956,-0.07379665842654408,3.044293971701371
19,14,0.6229759511134353,1.0227996657722906,0.015709848778984875,-0.1781988317975256,0.02020664020776206,-0.10308854042216557,-0.07379665795466904,3.044293971701379
19,15,0.6229759511134353,1.0227996654959253,0.015709848889444992,-0.17819883197935038,0.02020664038518748,-0.10308853970830333,-0.07379665734128539,3.0442939717013626
19,16,0.6229759511134353,1.022799665292715,0.01570984906140375,-0.17819883214214402,0.020206640672872273,-0.10308853917309395,-0.0737966566246222,3.044293971701377
19,17,0.6229759511134353,1.0227996651752842,0.015709849284162452,-0.17819883227569538,0.02020664105277959,-0.10308853885014053,-0.07379665584979736,3.044293971701371
19,18,0.6229759511134353,1.022799665151014,0.01570984954371566,-0.17819883237160195,0.020206641501013253,-0.1030885387596655,-0.07379665506559105,3.044293971701356
19,19,0.6229759511134353,1.0227996652216036,0.0157098498236575,-0.17819883242384563,0.020206641989328925,-0.10308853890738141,-0.07379665432109177,3.0442939717013795
19,20,0.6229759511134353,1.0227996653822737,0.01570985010652982,-0.17819883242914206,0.020206642487151316,-0.1030885392840521,-0.07379665366324867,3.0442939717013493
19,21,0.6229759511134353,1.0227996656234046,0.015709850374524874,-0.17819883238712722,0.02020664296315339,-0.10308853986598114,-0.07379665313333471,3.044293971701383
19,22,0.6229759511134353,1.0227996659292715,0.015709850610695537,-0.17819883230049563,0.020206643387451623,-0.10308854061660984,-0.07379665276458434,3.0442939717013564
19,23,0.6229759511134353,1.022799666281228,0.015709850800338963,-0.17819883217465965,0.020206643733339122,-0.10308854148875977,-0.0737966525802448,3.044293971701368
19,24,0.6229759511134353,1.0227996666566483,0.015709850931491763,-0.17819883201751982,0.020206643979132476,-0.10308854242757691,-0.07379665259192293,3.0442939717013604
20,0,0.655764159066774,1.0233890259465328,0.012295246897134047,-0.18034570909945263,0.015739425924689146,-0.10510601646811608,-0.05718839464360981,3.044293971701368
20,1,0.655764159066774,1.0233890262979652,0.01229524686141733,-0.18034570892344448,0.015739425873265742,-0.10510601736162442,-0.05718839503281507,3.0442939717013644
20,2,0.655764159066774,1.0233890265997665,0.012295246759061804,-0.1803457087542265,0.015739425703773846,-0.10510601813521085,-0.05718839557677977,3.0442939717013693
20,3,0.655764159066774,1.0233890268330996,0.012295246596525044,-0.1803457086024391,0.015739425426804093,-0.10510601874040536,-0.05718839624135222,3.044293971701362
20,4,0.655764159066774,1.0233890269831187,0.012295246383879247,-0.180345708477577,0.01573942505975604,-0.10510601913919435,-0.05718839698473748,3.044293971701367
20,5,0.655764159066774,1.02338902704059,0.012295246134713373,-0.18034570838751135,0.015739424625755907,-0.10510601930647191,-0.05718839776029538,3.0442939717013773
20,6,0.655764159066774,1.0233890270017103,0.012295245864495867,-0.18034570833792612,0.015739424152110278,-0.10510601923168057,-0.05718839851917696,3.0442939717013675
20,7,0.655764159066774,1.0233890268690697,0.012295245590313144,-0.1803457083319099,0.015739423668413598,-0.10510601891958866,-0.057188399213861665,3.044293971701356
20,8,0.655764159066774,1.0233890266509353,0.012295245329262761,-0.18034570836982897,0.015739423205139453,-0.10510601838979575,-0.05718839980052029,3.0442939717013715
20,9,0.655764159066774,1.0233890263610579,0.012295245097952549,-0.18034570844931375,0.015739422791509906,-0.10510601767563305,-0.057188400242430396,3.044293971701368
20,10,0.655764159066774,1.0233890260176213,0.012295244910781,-0.18034570856538207,0.015739422453416557,-0.10510601682185752,-0.05718840051181233,3.044293971701365
20,11,0.655764159066774,1.0233890256421407,0.012295244779484394,-0.18034570871073957,0.015739422212004164,-0.10510601588212555,-0.057188400591646614,3.044293971701366
20,12,0.655764159066774,1.0233890252583906,0.012295244712329803,-0.18034570887624227,0.015739422082604808,-0.10510601491568447,-0.05718840047694222,3.044293971701359
20,13,0.655764159066774,1.0233890248902715,0.012295244713678492,-0.18034570905145447,0.015739422073306843,-0.10510601398304614,-0.05718840017506119,3.044293971701371
20,14,0.655764159066774,1.0233890245611035,0.012295244783185248,-0.18034570922545545,0.015739422184662455,-0.1051060131428737,-0.0571883997046363,3.0442939717013795
20,15,0.655764159066774,1.023389024291343,0.012295244916755155,-0.18034570938724626,0.01573942240965835,-0.10510601244792653,-0.05718839909564381,3.0442939717013617
20,16,0.655764159066774,1.0233890240981787,0.012295245105793691,-0.18034570952666462,0.015739422734184036,-0.10510601194195622,-0.05718839838604673,3.0442939717013773
20,17,0.655764159066774,1.023389023993605,0.012295245338529676,-0.1803457096349711,0.01573942313788688,-0.10510601165673773,-0.05718839762051526,3.0442939717013706
20,18,0.655764159066774,1.0233890239841945,0.012295245600333094,-0.1803457097053524,0.015739423595379387,-0.10510601161012066,-0.0571883968472445,3.0442939717013555
20,19,0.655764159066774,1.0233890240707104,0.01229524587465596,-0.1803457097333884,0.015739424077839206,-0.10510601180505015,-0.05718839611464385,3.04429397170138
20,20,0.655764159066774,1.0233890242473753,0.012295246144391436,-0.18034570971732106,0.01573942455504602,-0.10510601222933907,-0.05718839546889937,3.0442939717013493
20,21,0.655764159066774,1.0233890245035642,0.012295246392558256,-0.18034570965812705,0.015739424996982197,-0.105106012856293,-0.05718839495054441,3.044293971701383
20,22,0.655764159066774,1.0233890248226059,0.012295246603455042,-0.18034570955957782,0.01573942537589022,-0.1051060136465205,-0.05718839459206158,3.0442939717013564
20,23,0.655764159066774,1.0233890251850253,0.012295246763967387,-0.18034570942783762,0.015739425667931514,-0.10510601455035866,-0.057188394416081055,3.044293971701368
20,24,0.655764159066774,1.0233890255675404,0.012295246863964035,-0.18034570927117824,0.015739425854794094,-0.10510601551096461,-0.05718839443365741,3.04429397170136
21,0,0.6885523670201127,1.0238316107855585,0.008823048158581,-0.1819507786041877,0.01125468509727971,-0.10660425301761128,-0.040739215306584295,3.044293971701368
21,1,0.6885523670201127,1.0238316111343753,0.008823048093671978,-0.18195077844095778,0.011254684989413654,-0.10660425390380424,-0.04073921569700866,3.0442939717013644
21,2,0.6885523670201127,1.0238316114298014,0.008823047966241282,-0.18195077828955133,0.011254684770436073,-0.10660425465890097,-0.040739216239789156,3.0442939717013693
21,3,0.6885523670201127,1.023831611653398,0.008823047784317613,-0.1819507781594906,0.011254684454042414,-0.10660425523559011,-0.04073921690085589,3.0442939717013626
21,4,0.6885523670201127,1.0238316117909314,0.008823047559191008,-0.18195077805890372,0.011254684060100776,-0.10660425559764161,-0.04073921763861939,3.0442939717013675
21,5,0.6885523670201127,1.0238316118339543,0.008823047305235967,-0.18195077799413903,0.011254683613437464,-0.10660425572227462,-0.04073921840680736,3.044293971701377
21,6,0.6885523670201127,1.023831611779572,0.008823047038223519,-0.18195077796928674,0.011254683142152883,-0.10660425560160315,-0.04073921915702439,3.044293971701368
21,7,0.6885523670201127,1.0238316116313442,0.008823046775036513,-0.18195077798588685,0.011254682675692287,-0.10660425524327334,-0.040739219842300486,3.0442939717013564
21,8,0.6885523670201127,1.0238316113985193,0.008823046532081975,-0.18195077804287846,0.01125468224344401,-0.10660425466978819,-0.04073922041939166,3.044293971701371
21,9,0.6885523670201127,1.023831611095775,0.00882304632482901,-0.18195077813669838,0.011254681872679877,-0.10660425391724306,-0.04073922085218247,3.044293971701368
21,10,0.6885523670201127,1.0238316107421004,0.008823046166168554,-0.18195077826146328,0.011254681586605496,-0.10660425303279271,-0.040739221113464404,3.044293971701365
21,11,0.6885523670201127,1.0238316103596512,0.008823046066045214,-0.18195077840932913,0.011254681403094335,-0.10660425207201318,-0.04073922118672305,3.044293971701366
21,12,0.6885523670201127,1.023831609972644,0.00882304603076058,-0.18195077857099537,0.011254681333832011,-0.1066042510954851,-0.040739221067388955,3.044293971701359
21,13,0.6885523670201127,1.0238316096051838,0.00882304606268028,-0.18195077873627225,0.011254681383134275,-0.10660425016436088,-0.040739220763102844,3.044293971701371
21,14,0.6885523670201127,1.0238316092805477,0.008823046159536488,-0.18195077889485253,0.011254681547876942,-0.10660424933719015,-0.04073922029266311,3.044293971701379
21,15,0.6885523670201127,1.0238316090189068,0.008823046315516598,-0.18195077903671966,0.011254681817684764,-0.10660424866593099,-0.04073921968603292,3.0442939717013617
21,16,0.6885523670201127,1.0238316088369404,0.00882304652061536,-0.18195077915295355,0.01125468217563273,-0.10660424819283604,-0.04073921898103654,3.0442939717013777
21,17,0.6885523670201127,1.023831608745941,0.008823046762052861,-0.1819507792362741,0.01125468259926629,-0.10660424794762337,-0.04073921822205116,3.04429397170137
21,18,0.6885523670201127,1.0238316087516264,0.008823047024654725,-0.18195077928144113,0.011254683061950016,-0.10660424794562735,-0.04073921745686002,3.0442939717013555
21,19,0.6885523670201127,1.0238316088538104,0.008823047291822457,-0.1819507792856131,0.011254683534539492,-0.10660424818697845,-0.04073921673337225,3.0442939717013795
21,20,0.6885523670201127,1.0238316090457331,0.008823047546896563,-0.1819507792485362,0.011254683987420602,-0.10660424865658674,-0.040739216097186344,3.044293971701349
21,21,0.6885523670201127,1.0238316093158104,0.008823047773818225,-0.18195077917250618,0.011254684392119109,-0.10660424932490566,-0.04073921558825518,3.0442939717013826
21,22,0.6885523670201127,1.023831609646498,0.008823047958220979,-0.18195077906234916,0.011254684723202249,-0.10660425014993982,-0.04073921523844426,3.044293971701356
21,23,0.6885523670201127,1.0238316100175888,0.008823048088655375,-0.1819507789249626,0.011254684959853224,-0.10660425107984432,-0.040739215069866316,3.0442939717013684
21,24,0.6885523670201127,1.0238316104052567,0.008823048156881732,-0.1819507787689725,0.011254685087227942,-0.1066042520561395,-0.04073921509308433,3.0442939717013604
22,0,0.7213405749734514,1.0241269336957088,0.005310053779297701,-0.1830184449467669,0.006757661177761757,-0.10759620363792771,-0.02440032051291484,3.044293971701368
22,1,0.7213405749734514,1.0241269340400856,0.005310053685528916,-0.18301844479637377,0.006757661015073596,-0.10759620451119664,-0.024400320905697288,3.044293971701364
22,2,0.7213405749734514,1.024126934327554,0.005310053533710026,-0.18301844466276787,0.0067576607490891765,-0.10759620524293667,-0.024400321448983082,3.0442939717013697
22,3,0.7213405749734514,1.024126934540174,0.005310053333397798,-0.1830184445543541,0.006757660396453401,-0.10759620578730052,-0.02440032210867771,3.044293971701362
22,4,0.7213405749734514,1.0241269346643997,0.005310053097037639,-0.1830184444778986,0.006757659979303223,-0.10759620611008083,-0.02440032284326364,3.0442939717013675
22,5,0.7213405749734514,1.0241269346926238,0.005310052839710653,-0.18301844443823634,0.006757659523932639,-0.1075962061909819,-0.02440032360668227,3.0442939717013773
22,6,0.7213405749734514,1.0241269346228825,0.005310052577401675,-0.18301844443787596,0.006757659058987591,-0.10759620602485755,-0.024400324350828725,3.044293971701368
22,7,0.7213405749734514,1.0241269344596942,0.005310052326696003,-0.18301844447682422,0.0067576586135148255,-0.10759620562220469,-0.024400325029120536,3.0442939717013564
22,8,0.7213405749734514,1.0241269342132504,0.005310052103216847,-0.18301844455260974,0.006757658215581384,-0.10759620500830931,-0.024400325598746456,3.044293971701371
22,9,0.7213405749734514,1.0241269338990882,0.005310051921207292,-0.18301844466049336,0.006757657890301259,-0.10759620422182439,-0.02440032602406592,3.0442939717013675
22,10,0.7213405749734514,1.0241269335369112,0.005310051791976635,-0.18301844479370757,0.006757657658030524,-0.10759620331202428,-0.02440032627833831,3.0442939717013644
22,11,0.7213405749734514,1.0241269331494058,0.0053100517236203265,-0.1830184449438742,0.006757657533259398,-0.10759620233606987,-0.024400326345485474,3.0442939717013657
22,12,0.7213405749734514,1.024126932761112,0.005310051720436834,-0.18301844510154924,0.0067576575239738906,-0.10759620135550517,-0.02440032622133051,3.0442939717013586
22,13,0.7213405749734514,1.0241269323962134,0.005310051782781406,-0.1830184452567984,0.006757657630726745,-0.10759620043174332,-0.0244003259138049,3.044293971701371
22,14,0.7213405749734514,1.0241269320778263,0.005310051906473364,-0.183018445399934,0.006757657846790648,-0.10759619962285408,-0.02440032544192472,3.0442939717013786
22,15,0.7213405749734514,1.0241269318257273,0.005310052084014198,-0.18301844552192317,0.006757658158557277,-0.1075961989796612,-0.02440032483573002,3.0442939717013613
22,16,0.7213405749734514,1.0241269316559982,0.005310052304041626,-0.1830184456150852,0.0067576585464672444,-0.10759619854264374,-0.024400324133027288,3.0442939717013773
22,17,0.7213405749734514,1.024126931579163,0.00531005255283785,-0.18301844567359238,0.0067576589861806265,-0.10759619833926132,-0.02440032337804551,3.0442939717013706
22,18,0.7213405749734514,1.0241269316000496,0.005310052814768534,-0.1830184456937666,0.006757659450056449,-0.10759619838221893,-0.024400322618316116,3.0442939717013555
22,19,0.7213405749734514,1.024126931717514,0.005310053073277361,-0.18301844567433123,0.006757659908880001,-0.10759619866881195,-0.02440032190141217,3.0442939717013795
22,20,0.7213405749734514,1.024126931923838,0.0053100533122462405,-0.18301844561652023,0.006757660333887075,-0.10759619918112026,-0.024400321272503585,3.0442939717013493
22,21,0.7213405749734514,1.0241269322065332,0.005310053516629647,-0.18301844552393168,0.006757660698370708,-0.10759619988691121,-0.02440032077110612,3.044293971701383
22,22,0.7213405749734514,1.024126932547262,0.005310053673477456,-0.18301844540242806,0.006757660979409381,-0.10759620074182884,-0.02440032042858705,3.044293971701357
22,23,0.7213405749734514,1.0241269329251856,0.005310053773071662,-0.1830184452596246,0.0067576611593480815,-0.10759620169215696,-0.024400320266628174,3.044293971701368
22,24,0.7213405749734514,1.0241269333160499,0.00531005380911203,-0.18301844510448625,0.0067576612268930355,-0.10759620267813255,-0.0244003202953504,3.0442939717013604
23,0,0.7541287829267901,1.0242746744836604,0.0017727160377234764,-0.18355157251048707,0.002253358590441163,-0.10809015672231999,-0.008126300657882496,3.0442939717013684
23,1,0.7541287829267901,1.0242746748218283,0.0017727159156071255,-0.18355157237302705,0.00225335837471985,-0.10809015757730979,-0.00812630105418287,3.0442939717013644
23,2,0.7541287829267901,1.0242746750998404,0.001772715740241149,-0.1835515722572655,0.0022533580643366944,-0.10809015828115309,-0.008126301599638695,3.0442939717013693
23,3,0.7541287829267901,1.0242746753003487,0.001772715522657641,-0.18355157217048773,0.00225335767872238,-0.10809015878975163,-0.008126302260026091,3.0442939717013626
23,4,0.7541287829267901,1.024274675410567,0.0017727152763874713,-0.18355157211809792,0.0022533572420780144,-0.10809015907113617,-0.008126302993770122,3.044293971701367
23,5,0.7541287829267901,1.0242746754237713,0.0017727150171345989,-0.1835515721034223,0.002253356781931105,-0.10809015910763028,-0.008126303754878599,3.044293971701377
23,6,0.7541287829267901,1.0242746753389427,0.001772714761007059,-0.18355157212739498,0.002253356327226537,-0.10809015889687017,-0.008126304495383102,3.044293971701368
23,7,0.7541287829267901,1.0242746751615417,0.0017727145241999054,-0.18355157218849955,0.0022533559063676735,-0.10809015845215197,-0.00812630516893576,3.044293971701357
23,8,0.7541287829267901,1.024274674902656,0.0017727143214635605,-0.18355157228286612,0.002253355545872425,-0.1080901578014027,-0.008126305733017244,3.0442939717013715
23,9,0.7541287829267901,1.0242746745786073,0.0017727141657348435,-0.1835515724045931,0.0022533552684999305,-0.10809015698560916,-0.008126306152340989,3.044293971701368
23,10,0.7541287829267901,1.0242746742097184,0.0017727140666766346,-0.1835515725460425,0.0022533550916049197,-0.10809015605587517,-0.008126306400541702,3.0442939717013644
23,11,0.7541287829267901,1.0242746738190938,0.0017727140304888433,-0.1835515726983154,0.0022533550261960816,-0.10809015507060597,-0.008126306461918352,3.044293971701366
23,12,0.7541287829267901,1.0242746734314738,0.0017727140594412645,-0.1835515728518369,0.0022533550765204335,-0.10809015409193998,-0.008126306332665444,3.0442939717013586
23,13,0.7541287829267901,1.0242746730709993,0.0017727141518763484,-0.1835515729969378,0.00225335523939006,-0.10809015318117834,-0.008126306021022503,3.044293971701371
23,14,0.7541287829267901,1.024274672760508,0.001772714301722119,-0.18355157312455828,0.0022533555045593013,-0.10809015239555779,-0.008126305546278259,3.0442939717013786
23,15,0.7541287829267901,1.024274672519279,0.0017727144998365648,-0.1835515732266529,0.0022533558553253555,-0.1080901517844532,-0.008126304938639396,3.0442939717013617
23,16,0.7541287829267901,1.0242746723627119,0.0017727147335627204,-0.1835515732967818,0.0022533562696808946,-0.10809015138631772,-0.008126304236012533,3.0442939717013773
23,17,0.7541287829267901,1.0242746723005052,0.001772714988321905,-0.18355157333056696,0.00225335672162114,-0.10809015122617602,-0.008126303482617865,3.044293971701371
23,18,0.7541287829267901,1.024274672336567,0.001772715248107552,-0.18355157332588676,0.002253357182741619,-0.10809015131401545,-0.008126302725887019,3.0442939717013555
23,19,0.7541287829267901,1.0242746724687977,0.0017727154964984747,-0.18355157328302102,0.0022533576240060956,-0.10809015164430143,-0.008126302013211425,3.04429397170138
23,20,0.7541287829267901,1.0242746726885532,0.0017727157180092645,-0.1835515732046796,0.002253358017737709,-0.10809015219637938,-0.008126301389480587,3.0442939717013493
23,21,0.7541287829267901,1.0242746729825016,0.001772715898692781,-0.18355157309575107,0.0022533583392109675,-0.10809015293551621,-0.00812630089390514,3.044293971701383
23,22,0.7541287829267901,1.024274673331597,0.0017727160270884401,-0.1835515729631196,0.002253358568191272,-0.10809015381525325,-0.008126300557461668,3.0442939717013564
23,23,0.7541287829267901,1.0242746737144752,0.0017727160952658197,-0.18355157281510534,0.0022533586903117487,-0.10809015478032286,-0.008126300401477285,3.044293971701368
23,24,0.7541287829267901,1.024274674106571,0.0017727160989003952,-0.1835515726609984,0.002253358697898279,-0.10809015577003428,-0.00812630043567156,3.04429397170136
24,0,0.7869169908801288,1.0242746745387963,-0.001772714147973917,-0.18355157242018777,-0.0022533552296607564,-0.10809015688525306,0.0081263061673521,3.0442939717013684
24,1,0.7869169908801288,1.024274674869048,-0.001772714297753812,-0.18355157229579586,-0.0022533554964514592,-0.10809015771683411,0.008126305766323097,3.0442939717013644
24,2,0.7869169908801288,1.0242746751361929,-0.0017727144956818834,-0.18355157219797738,-0.002253355848486638,-0.10809015838854003,0.008126305217011333,3.0442939717013697
24,3,0.7869169908801288,1.0242746753235628,-0.0017727147293124604,-0.1835515721328919,-0.002253356263722311,-0.10809015885828767,0.008126304553876088,3.0442939717013626
24,4,0.7869169908801288,1.0242746754191956,-0.0017727149841058256,-0.18355157210457781,-0.002253356716103408,-0.10809015909653903,0.00812630381867856,3.044293971701367
24,5,0.7869169908801288,1.024274675417288,-0.0017727152438229141,-0.18355157211485243,-0.0022533571771061914,-0.10809015908834692,0.008126303057489072,3.044293971701377
24,6,0.7869169908801288,1.024274675317771,-0.0017727154923240724,-0.18355157216307716,-0.0022533576177326676,-0.10809015883414737,0.008126302318289567,3.044293971701368
24,7,0.7869169908801288,1.0242746751270222,-0.0017727157138950997,-0.18355157224621788,-0.002253358010463725,-0.10809015834996062,0.008126301647340295,3.0442939717013564
24,8,0.7869169908801288,1.024274674856971,-0.0017727158947423445,-0.18355157235901354,-0.002253358330551094,-0.10809015766619125,0.008126301087002786,3.0442939717013715
24,9,0.7869169908801288,1.0242746745246445,-0.0017727160233078645,-0.18355157249440968,-0.002253358557778431,-0.10809015682591873,0.008126300672322919,3.0442939717013684
24,10,0.7869169908801288,1.024274674150882,-0.0017727160916302565,-0.18355157264390892,-0.0022533586779318574,-0.1080901558817738,0.008126300429375195,3.044293971701365
24,11,0.7869169908801288,1.0242746737590918,-0.001772716095440276,-0.183551572798103,-0.0022533586835700083,-0.10809015489305883,0.008126300373535554,3.0442939717013657
24,12,0.7869169908801288,1.0242746733740915,-0.0017727160345102442,-0.18355157294729804,-0.002253358574210748,-0.10809015392213701,0.008126300508252209,3.044293971701359
24,13,0.7869169908801288,1.0242746730198566,-0.0017727159125007974,-0.18355157308210046,-0.0022533583567469484,-0.10809015302983054,0.008126300824954965,3.044293971701371
24,14,0.7869169908801288,1.0242746727188325,-0.001772715737342269,-0.18355157319408813,-0.0022533580448461845,-0.10809015227220127,0.008126301304023106,3.044293971701379
24,15,0.7869169908801288,1.024274672489702,-0.0017727155197677369,-0.18355157327620997,-0.0022533576581571057,-0.10809015169687754,0.008126301914991457,3.0442939717013613
24,16,0.7869169908801288,1.0242746723471055,-0.0017727152736585726,-0.1835515733232723,-0.0022533572209412875,-0.10809015134005479,0.008126302619734939,3.0442939717013773
24,17,0.7869169908801288,1.0242746722998648,-0.0017727150143719284,-0.18355157333234876,-0.002253356760643646,-0.10809015122416964,0.008126303373904522,3.0442939717013706
24,18,0.7869169908801288,1.0242746723509473,-0.0017727147581963886,-0.18355157330287328,-0.0022533563061886584,-0.10809015135642856,0.008126304130019643,3.044293971701355
24,19,0.7869169908801288,1.0242746724973077,-0.0017727145213256449,-0.18355157323667862,-0.0022533558861881717,-0.10809015172849652,0.008126304840720999,3.04429397170138
24,20,0.7869169908801288,1.0242746727294154,-0.0017727143185246406,-0.18355157313794387,-0.0022533555269993225,-0.10809015231710307,0.008126305461257852,3.044293971701349
24,21,0.7869169908801288,1.024274673033163,-0.0017727141625634613,-0.1835515730128399,-0.0022533552511607544,-0.10809015308521973,0.008126305952599906,3.044293971701383
24,22,0.7869169908801288,1.0242746733888877,-0.0017727140633486335,-0.18355157286926158,-0.0022533550760550514,-0.10809015398455818,0.00812630628406166,3.044293971701356
24,23,0.7869169908801288,1.02427467377481,-0.0017727140269775,-0.18355157271622344,-0.0022533550126469302,-0.10809015495862866,0.008126306434601759,3.0442939717013684
24,24,0.7869169908801288,1.0242746741661723,-0.0017727140557743412,-0.18355157256332813,-0.0022533550649348933,-0.10809015594617216,0.008126306394868821,3.04429397170136
25,0,0.8197051988334675,1.024126933860649,-0.005310051900217251,-0.18301844467558587,-0.006757657845510845,-0.1075962041253113,0.024400326039693845,3.0442939717013684
25,1,0.8197051988334675,1.0241269341813453,-0.005310052076811879,-0.18301844456443805,-0.006757658161225841,-0.10759620492855827,0.024400325632641134,3.044293971701364
25,2,0.8197051988334675,1.0241269344363038,-0.005310052296182646,-0.18301844448471757,-0.006757658552018457,-0.10759620556416667,0.024400325077718762,3.0442939717013693
25,3,0.8197051988334675,1.0241269346096202,-0.005310052544540507,-0.1830184444414488,-0.006757658993413027,-0.10759620599231699,0.024400324409731486,3.0442939717013626
25,4,0.8197051988334675,1.0241269346902142,-0.005310052806419469,-0.18301844443729598,-0.006757659457717466,-0.10759620618607417,0.024400323670759127,3.0442939717013675
25,5,0.8197051988334675,1.024126934673231,-0.0053100530651363454,-0.18301844447256255,-0.0067576599156525955,-0.10759620613330659,0.024400322907096032,3.044293971701377
25,6,0.8197051988334675,1.024126934559549,-0.005310053304611601,-0.18301844454503452,-0.0067576603384135155,-0.10759620583724307,0.024400322166887905,3.0442939717013675
25,7,0.8197051988334675,1.0241269343564314,-0.005310053509699665,-0.18301844465016034,-0.006757660699602656,-0.10759620531652907,0.02440032149645265,3.044293971701356
25,8,0.8197051988334675,1.0241269340765862,-0.005310053667641911,-0.18301844478129084,-0.006757660976456214,-0.10759620460386154,0.024400320938125594,3.044293971701371
25,9,0.8197051988334675,1.0241269337376597,-0.005310053768323678,-0.18301844493022484,-0.006757661151478895,-0.10759620374415335,0.02440032052682061,3.044293971701368
25,10,0.8197051988334675,1.024126933360904,-0.005310053805529977,-0.18301844508761383,-0.00675766121372657,-0.10759620279124626,0.024400320288401077,3.0442939717013644
25,11,0.8197051988334675,1.0241269329699119,-0.005310053776945853,-0.18301844524355,-0.00675766115939785,-0.10759620180498462,0.02440032023796364,3.0442939717013657
25,12,0.8197051988334675,1.0241269325894549,-0.005310053684386998,-0.18301844538823211,-0.006757660991788276,-0.10759620084758481,0.02440032037860747,3.0442939717013586
25,13,0.8197051988334675,1.024126932243222,-0.005310053533495505,-0.18301844551255353,-0.006757660721446923,-0.10759619997902739,0.02440032070140276,3.044293971701371
25,14,0.8197051988334675,1.024126931953156,-0.005310053334016061,-0.18301844560874167,-0.0067576603653545725,-0.10759619925386764,0.024400321186331893,3.0442939717013795
25,15,0.8197051988334675,1.02412693173725,-0.005310053098210891,-0.1830184456707499,-0.006757659945946491,-0.10759619871770505,0.024400321802574523,3.044293971701362
25,16,0.8197051988334675,1.0241269316093136,-0.005310052841108201,-0.1830184456946399,-0.006757659489536843,-0.10759619840426514,0.024400322511664917,3.0442939717013777
25,17,0.8197051988334675,1.024126931577249,-0.005310052578756565,-0.1830184456789434,-0.006757659024780892,-0.10759619833326617,0.024400323268985266,3.0442939717013706
25,18,0.8197051988334675,1.02412693164307,-0.005310052327634698,-0.18301844562465402,-0.006757658580878059,-0.1075961985090946,0.024400324026856445,3.0442939717013555
25,19,0.8197051988334675,1.024126931802803,-0.0053100521036177906,-0.18301844553515878,-0.006757658185770809,-0.10759619892066888,0.024400324737802404,3.04429397170138
25,20,0.8197051988334675,1.0241269320460784,-0.005310051920666808,-0.18301844541610374,-0.006757657864269242,-0.1075961995422441,0.024400325357071994,3.0442939717013493
25,21,0.8197051988334675,1.0241269323580886,-0.005310051790303151,-0.18301844527493824,-0.006757657636527621,-0.10759620033472164,0.02440032584569378,3.044293971701383
25,22,0.8197051988334675,1.0241269327186489,-0.0053100517208239965,-0.1830184451205597,-0.006757657516921233,-0.10759620124827234,0.02440032617317868,3.0442939717013564
25,23,0.8197051988334675,1.024126933105678,-0.005310051716459073,-0.18301844496266886,-0.006757657512911128,-0.10759620222552455,0.024400326318707602,3.044293971701368
25,24,0.8197051988334675,1.0241269334943481,-0.0053100517775197505,-0.18301844481116927,-0.006757657624776869,-0.10759620320501535,0.024400326273270403,3.0442939717013604
26,0,0.8524934067868062,1.0238316110588985,-0.008823046300745516,-0.18195077815126756,-0.011254681822186332,-0.1066042538251601,0.040739220868485033,3.044293971701368
26,1,0.8524934067868062,1.023831611368473,-0.008823046503147703,-0.18195077805358423,-0.011254682184491487,-0.10660425459533633,0.04073922045398988,3.044293971701364
26,2,0.8524934067868062,1.023831611610024,-0.008823046742716358,-0.18195077799217604,-0.011254682610988916,-0.10660425519115636,0.04073921989158108,3.0442939717013693
26,3,0.8524934067868062,1.023831611768488,-0.008823047004397122,-0.18195077797091896,-0.011254683074962708,-0.10660425557529594,0.04073921921652669,3.0442939717013626
26,4,0.8524934067868062,1.0238316118337156,-0.008823047271885619,-0.1819507779910904,-0.011254683547307987,-0.10660425572357381,0.04073921847136414,3.0442939717013675
26,5,0.8524934067868062,1.0238316118018214,-0.008823047528147923,-0.18195077805147017,-0.011254683998235529,-0.10660425562673659,0.040739217702763855,3.044293971701377
26,6,0.8524934067868062,1.023831611674622,-0.00882304775725576,-0.18195077814826086,-0.011254684399380196,-0.10660425529077397,0.04073921695918991,3.044293971701368
26,7,0.8524934067868062,1.0238316114602246,-0.008823047944716297,-0.18195077827538927,-0.011254684725701678,-0.10660425473683334,0.04073921628716606,3.0442939717013564
26,8,0.8524934067868062,1.0238316111720471,-0.008823048078877752,-0.18195077842481677,-0.011254684956629221,-0.10660425399969624,0.04073921572913353,3.044293971701371
26,9,0.8524934067868062,1.0238316108282641,-0.008823048151124361,-0.18195077858719816,-0.011254685077558965,-0.10660425312583041,0.04073921531998208,3.044293971701368
26,10,0.8524934067868062,1.0238316104504301,-0.008823048157021868,-0.18195077875233923,-0.011254685080934359,-0.10660425216995796,0.040739215085440345,3.044293971701365
26,11,0.8524934067868062,1.0238316100622025,-0.008823048096221421,-0.1819507789098412,-0.011254684966654457,-0.10660425119210072,0.040739215040367135,3.044293971701366
26,12,0.8524934067868062,1.0238316096881828,-0.008823047972571163,-0.18195077904980703,-0.011254684741791808,-0.10660425025395351,0.04073921518751438,3.0442939717013586
26,13,0.8524934067868062,1.023831609351655,-0.00882304779366112,-0.18195077916342908,-0.011254684420489255,-0.10660424941429554,0.04073921551755689,3.044293971701371
26,14,0.8524934067868062,1.023831609073952,-0.008823047570995632,-0.1819507792435987,-0.011254684022919985,-0.10660424872585272,0.040739216010007386,3.0442939717013786
26,15,0.8524934067868062,1.0238316088722887,-0.00882304731829511,-0.18195077928528705,-0.011254683574135721,-0.10660424823192799,0.04073921663358609,3.044293971701362
26,16,0.8524934067868062,1.0238316087595807,-0.008823047051650401,-0.1819507792858243,-0.011254683102292834,-0.10660424796358377,0.04073921734935707,3.0442939717013773
26,17,0.8524934067868062,1.0238316087427737,-0.008823046787710537,-0.18195077924521155,-0.011254682637020763,-0.10660424793771206,0.040739218112287055,3.0442939717013706
26,18,0.8524934067868062,1.0238316088229236,-0.008823046543051589,-0.1819507791660111,-0.011254682207546116,-0.10660424815586465,0.04073921887434375,3.0442939717013555
26,19,0.8524934067868062,1.0238316089951547,-0.008823046333141425,-0.18195077905317059,-0.011254681840898405,-0.10660424860429223,0.040739219587781844,3.04429397170138
26,20,0.8524934067868062,1.023831609248312,-0.008823046171058531,-0.18195077891380534,-0.011254681560116846,-0.1066042492549406,0.04073922020770878,3.0442939717013493
26,21,0.8524934067868062,1.023831609566969,-0.008823046067011734,-0.18195077875664314,-0.01125468138278082,-0.10660425006688731,0.04073922069509054,3.044293971701383
26,22,0.8524934067868062,1.0238316099305211,-0.008823046027643288,-0.18195077859157924,-0.011254681320112479,-0.10660425098906817,0.04073922101954196,3.0442939717013564
26,23,0.8524934067868062,1.0238316103167016,-0.008823046055292159,-0.18195077842899407,-0.011254681375979802,-0.10660425196358218,0.040739221160406465,3.0442939717013684
26,24,0.8524934067868062,1.023831610700734,-0.00882304614825616,-0.1819507782790813,-0.011254681546912745,-0.10660425292913306,0.04073922110899382,3.0442939717013604
27,0,0.8852816147401449,1.0233890263259269,-0.012295245070930329,-0.18034570846333636,-0.015739422735585464,-0.10510601758855598,0.05718840025947965,3.044293971701368
27,1,0.8852816147401449,1.0233890266228924,-0.012295245297980529,-0.18034570837938704,-0.015739423141948896,-0.10510601832110274,0.05718839983595263,3.0442939717013644
27,2,0.8852816147401449,1.023389026849918,-0.012295245556385599,-0.18034570833656977,-0.015739423600928972,-0.10510601887370888,0.05718839926400059,3.044293971701369
27,3,0.8852816147401449,1.0233890269928492,-0.012295245829911249,-0.18034570833759475,-0.015739424083771776,-0.10510601921176044,0.05718839857948401,3.044293971701362
27,4,0.8852816147401449,1.023389027042512,-0.012295246101507186,-0.1803457083823352,-0.015739424560191964,-0.10510601931395959,0.05718839782554846,3.0442939717013675
27,5,0.8852816147401449,1.0233890269960015,-0.012295246353883833,-0.18034570846803227,-0.015739425000140694,-0.10510601917396975,0.05718839704940276,3.044293971701377
27,6,0.8852816147401449,1.0233890268560548,-0.012295246571353816,-0.18034570858929216,-0.01573942537594178,-0.10510601880048358,0.05718839629999319,3.044293971701368
27,7,0.8852816147401449,1.0233890266315737,-0.012295246740156703,-0.1803457087385107,-0.015739425664145885,-0.10510601821700151,0.05718839562420452,3.0442939717013564
27,8,0.8852816147401449,1.0233890263366128,-0.012295246849812176,-0.18034570890625398,-0.01573942584657948,-0.10510601746015752,0.057188395064720766,3.044293971701371
27,9,0.8852816147401449,1.0233890259897753,-0.012295246893249498,-0.1803457090820319,-0.015739425911692317,-0.10510601657767478,0.05718839465651707,3.0442939717013684
27,10,0.8852816147401449,1.0233890256128069,-0.012295246867838365,-0.18034570925480772,-0.015739425855423345,-0.1051060156248086,0.05718839442526308,3.0442939717013644
27,11,0.8852816147401449,1.0233890252293059,-0.012295246775195728,-0.18034570941369887,-0.01573942568142008,-0.10510601466138285,0.05718839438561726,3.0442939717013657
27,12,0.8852816147401449,1.0233890248635815,-0.012295246621178865,-0.18034570954872386,-0.01573942540051797,-0.10510601374819112,0.05718839453997957,3.044293971701359
27,13,0.8852816147401449,1.0233890245383954,-0.01229524641528048,-0.18034570965138788,-0.015739425030378087,-0.10510601294245343,0.05718839487858551,3.0442939717013706
27,14,0.8852816147401449,1.0233890242743686,-0.012295246170699405,-0.18034570971526284,-0.015739424594231815,-0.10510601229475147,0.05718839538039499,3.0442939717013786
27,15,0.8852816147401449,1.0233890240878543,-0.012295245902534741,-0.18034570973635455,-0.015739424119565273,-0.1051060118458383,0.057188396013553466,3.0442939717013617
27,16,0.8852816147401449,1.0233890239908174,-0.01229524562784975,-0.18034570971327946,-0.015739423636157466,-0.10510601162393882,0.057188396738513746,3.0442939717013777
27,17,0.8852816147401449,1.0233890239892198,-0.012295245363799792,-0.1803457096475242,-0.0157394231743692,-0.10510601164303383,0.057188397509669586,3.0442939717013706
27,18,0.8852816147401449,1.023389024083162,-0.01229524512696546,-0.18034570954323392,-0.015739422763202914,-0.10510601190185104,0.05718839827847096,3.0442939717013555
27,19,0.8852816147401449,1.0233890242669001,-0.012295244932321465,-0.1803457094069284,-0.015739422428531116,-0.1051060123840781,0.05718839899674253,3.04429397170138
27,20,0.8852816147401449,1.0233890245285557,-0.01229524479199115,-0.1803457092471992,-0.015739422191401207,-0.10510601305954193,0.05718839961930355,3.044293971701349
27,21,0.8852816147401449,1.0233890248521713,-0.012295244714815313,-0.18034570907405667,-0.015739422066633948,-0.10510601388576525,0.057188400106932595,3.0442939717013835
27,22,0.8852816147401449,1.0233890252168274,-0.012295244705746064,-0.18034570889839194,-0.015739422062161446,-0.10510601481077372,0.057188400429255624,3.0442939717013564
27,23,0.8852816147401449,1.02338902560019,-0.012295244765220207,-0.1803457087312608,-0.015739422178180723,-0.10510601577650319,0.057188400565721095,3.044293971701368
27,24,0.8852816147401449,1.0233890259776597,-0.012295244889533652,-0.18034570858313687,-0.01573942240745432,-0.10510601672220259,0.0571884005079427,3.0442939717013604
28,0,0.9180698226934836,1.0227996675145128,-0.01570984921141451,-0.17819883101754977,-0.020206641035379756,-0.10308854479707115,0.07379665848910127,3.044293971701368
28,1,0.9180698226934836,1.0227996677974693,-0.015709849461806542,-0.17819883094765968,-0.020206641483060825,-0.10308854548760156,0.07379665805472416,3.044293971701364
28,2,0.9180698226934836,1.0227996680089595,-0.01570984973757862,-0.17819883092378327,-0.02020664197111815,-0.10308854599383718,0.07379665747091985,3.0442939717013697
28,3,0.9180698226934836,1.0227996681358025,-0.015709850021408695,-0.17819883094744327,-0.02020664246897348,-0.10308854628407253,0.07379665677428592,3.0442939717013626
28,4,0.9180698226934836,1.0227996681698326,-0.015709850295596933,-0.17819883101708606,-0.02020664294540242,-0.10308854634000095,0.07379665600874334,3.044293971701367
28,5,0.9180698226934836,1.0227996681091323,-0.01570985054269402,-0.1781988311283936,-0.02020664337035348,-0.10308854615821543,0.0737966552222171,3.0442939717013777
28,6,0.9180698226934836,1.0227996679573295,-0.015709850747340784,-0.17819883127435693,-0.020206643717091265,-0.10308854575002627,0.07379665446431398,3.0442939717013675
28,7,0.9180698226934836,1.0227996677240676,-0.015709850896583527,-0.17819883144582646,-0.020206643963990925,-0.10308854514110996,0.07379665378244661,3.0442939717013564
28,8,0.9180698226934836,1.0227996674239537,-0.015709850981169973,-0.17819883163196276,-0.020206644095476175,-0.10308854436969433,0.07379665321968741,3.044293971701371
28,9,0.9180698226934836,1.022799667075918,-0.015709850995610338,-0.17819883182112603,-0.020206644103205915,-0.10308854348443512,0.07379665281121149,3.0442939717013684
28,10,0.9180698226934836,1.0227996667017802,-0.015709850939089828,-0.17819883200143782,-0.020206643986711948,-0.10308854254075481,0.07379665258270576,3.0442939717013644
28,11,0.9180698226934836,1.022799666324958,-0.01570985081517836,-0.17819883216153767,-0.020206643753426522,-0.10308854159789081,0.07379665254866295,3.0442939717013657
28,12,0.9180698226934836,1.0227996659693435,-0.015709850631706494,-0.17819883229137137,-0.020206643417920733,-0.10308854071534934,0.07379665271111924,3.0442939717013595
28,13,0.9180698226934836,1.0227996656570624,-0.015709850400012628,-0.17819883238277218,-0.020206643001283903,-0.10308853994843391,0.07379665305981638,3.044293971701371
28,14,0.9180698226934836,1.0227996654079263,-0.015709850134914723,-0.17819883243001225,-0.020206642529658043,-0.10308853934527461,0.0737966535730648,3.044293971701379
28,15,0.9180698226934836,1.02279966523735,-0.015709849852803003,-0.178198832430153,-0.020206642032769315,-0.10308853894383524,0.073796654218305,3.044293971701362
28,16,0.9180698226934836,1.0227996651562985,-0.01570984957161751,-0.17819883238311973,-0.020206641541789142,-0.10308853876934836,0.07379665495522092,3.0442939717013773
28,17,0.9180698226934836,1.0227996651697298,-0.01570984930892342,-0.1781988322919062,-0.020206641087559207,-0.10308853883282246,0.07379665573745992,3.04429397170137
28,18,0.9180698226934836,1.0227996652767999,-0.01570984908121378,-0.1781988321622603,-0.020206640698601498,-0.10308853913019875,0.07379665651577419,3.0442939717013555
28,19,0.9180698226934836,1.0227996654709395,-0.015709848902888204,-0.17819883200229072,-0.020206640399386636,-0.1030885396427345,0.07379665724138479,3.0442939717013795
28,20,0.9180698226934836,1.0227996657396157,-0.015709848785048917,-0.1781988318220774,-0.02020664020875098,-0.10308854033835566,0.07379665786866546,3.0442939717013493
28,21,0.9180698226934836,1.0227996660664322,-0.01570984873512245,-0.17819883163292147,-0.02020664013857915,-0.10308854117332429,0.07379665835807588,3.0442939717013835
28,22,0.9180698226934836,1.0227996664302659,-0.01570984875634655,-0.17819883144671111,-0.020206640193384386,-0.10308854209510192,0.0737966586791574,3.0442939717013564
28,23,0.9180698226934836,1.0227996668088373,-0.01570984884725671,-0.17819883127517502,-0.020206640369626157,-0.10308854304584372,0.07379665881140694,3.044293971701368
28,24,0.9180698226934836,1.0227996671778454,-0.015709849002171167,-0.17819883112905693,-0.020206640656294097,-0.10308854396573217,0.07379665874673151,3.044293971701361
29,0,0.9508580306468223,1.0220641995965367,-0.019049549768946336,-0.17550406356400117,-0.024650753112353336,-0.10053354132336652,0.09061783584252411,3.044293971701368
29,1,0.9508580306468223,1.0220641998641777,-0.01904955004123297,-0.1755040635085599,-0.02465075359838867,-0.10053354196766458,0.09061783539517662,3.044293971701364
29,2,0.9508580306468223,1.0220642000592377,-0.019049550332803717,-0.17550406350405534,-0.024650754111917323,-0.10053354242465433,0.09061783479687095,3.044293971701369
29,3,0.9508580306468223,1.0220642001695652,-0.019049550625347147,-0.17550406355079595,-0.024650754620762962,-0.10053354266571932,0.09061783408510769,3.044293971701363
29,4,0.9508580306468223,1.0220642001880311,-0.01904955090061339,-0.17550406364577273,-0.024650755093013798,-0.10053354267562811,0.09061783330477308,3.0442939717013675
29,5,0.9508580306468223,1.022064200113699,-0.0190495511410893,-0.17550406378308184,-0.02465075549888058,-0.10053354245388846,0.09061783250470813,3.044293971701377
29,6,0.9508580306468223,1.0220641999510547,-0.01904955133182791,-0.1755040639540743,-0.02465075581282461,-0.10053354201431218,0.09061783173537859,3.044293971701368
29,7,0.9508580306468223,1.0220641997104174,-0.019049551460750307,-0.17550406414803482,-0.02465075601527969,-0.10053354138454411,0.09061783104490903,3.0442939717013564
29,8,0.9508580306468223,1.0220641994068598,-0.019049551519879856,-0.1755040643527032,-0.024650756093463986,-0.1005335406041172,0.09061783047691935,3.0442939717013715
29,9,0.9508580306468223,1.0220641990595312,-0.019049551505332666,-0.17550406455528128,-0.024650756042394223,-0.10053353972227021,0.09061783006690692,3.044293971701368
29,10,0.9508580306468223,1.0220641986902057,-0.01904955141810861,-0.17550406474304708,-0.024650755865283636,-0.10053353879420496,0.09061782984065535,3.0442939717013644
29,11,0.9508580306468223,1.0220641983219958,-0.019049551263704795,-0.1755040649041673,-0.02465075557337337,-0.10053353787816827,0.09061782981252345,3.044293971701366
29,12,0.9508580306468223,1.0220641979782545,-0.0190495510518764,-0.17550406502852714,-0.024650755184929183,-0.10053353703198423,0.09061782998416316,3.0442939717013586
29,13,0.9508580306468223,1.022064197680362,-0.019049550795738803,-0.1755040651083051,-0.024650754724364253,-0.10053353630868177,0.09061783034475497,3.044293971701371
29,14,0.9508580306468223,1.0220641974472262,-0.019049550511643767,-0.17550406513849687,-0.02465075422056965,-0.10053353575363898,0.09061783087184605,3.044293971701379
29,15,0.9508580306468223,1.0220641972932545,-0.019049550217177465,-0.17550406511724487,-0.02465075370530341,-0.10053353540180542,0.09061783153202116,3.0442939717013617
29,16,0.9508580306468223,1.022064197228369,-0.01904954993105634,-0.1755040650458114,-0.024650753210887638,-0.10053353527528713,0.09061783228401574,3.0442939717013773
29,17,0.9508580306468223,1.0220641972565128,-0.019049549671157275,-0.17550406492872478,-0.024650752768385364,-0.10053353538208518,0.09061783308053485,3.0442939717013706
29,18,0.9508580306468223,1.022064197375918,-0.019049549453795427,-0.17550406477336197,-0.02465075240557621,-0.10053353571542119,0.09061783387143174,3.0442939717013546
29,19,0.9508580306468223,1.0220641975792402,-0.019049549292718213,-0.17550406458944348,-0.024650752145281028,-0.10053353625428568,0.09061783460713094,3.0442939717013795
29,20,0.9508580306468223,1.0220641978533667,-0.019049549197948403,-0.17550406438855481,-0.024650752003907407,-0.1005335369649523,0.09061783524138865,3.044293971701349
29,21,0.9508580306468223,1.022064198181563,-0.019049549175462126,-0.17550406418330075,-0.024650751990230993,-0.1005335378027452,0.09061783573420261,3.0442939717013826
29,22,0.9508580306468223,1.022064198542615,-0.01904954922677027,-0.17550406398657098,-0.024650752105224764,-0.10053353871493217,0.09061783605492896,3.044293971701356
29,23,0.9508580306468223,1.0220641989144221,-0.01904954934852075,-0.1755040638107664,-0.024650752341555473,-0.10053353964428921,0.09061783618305605,3.0442939717013684
29,24,0.9508580306468223,1.0220641992731057,-0.019049549533091247,-0.17550406366689128,-0.02465075268444714,-0.10053354053233282,0.09061783611077968,3.0442939717013604
30,0,0.983646238600161,1.0211834779446276,-0.02229633699027274,-0.17225344892909095,-0.02906570601373079,-0.09741635090441175,0.10771283038247031,3.0442939717013684
30,1,0.983646238600161,1.0211834781957472,-0.02229633728287137,-0.17225344888856378,-0.029065706534916122,-0.09741635149843787,0.10771282991963543,3.044293971701364
30,2,0.983646238600161,1.0211834783736033,-0.02229633758858309,-0.17225344890395597,-0.029065707070087564,-0.09741635190361127,0.10771282930372794,3.0442939717013693
30,3,0.983646238600161,1.0211834784671243,-0.022296337888211046,-0.1722534489743289,-0.02906570758571092,-0.09741635209456592,0.10771282857334576,3.044293971701362
30,4,0.983646238600161,1.0211834784702332,-0.02229633816305722,-0.17225344909518317,-0.02906570804945047,-0.09741635205920372,0.10771282777456023,3.0442939717013675
30,5,0.983646238600161,1.0211834783829634,-0.022296338395639513,-0.17225344925899538,-0.029065708432053534,-0.0974163517999011,0.10771282695735784,3.0442939717013764
30,6,0.983646238600161,1.0211834782106144,-0.022296338571502844,-0.17225344945544474,-0.02906570870943952,-0.0974163513328207,0.10771282617328967,3.0442939717013675
30,7,0.983646238600161,1.02118347796411,-0.022296338679503702,-0.17225344967222356,-0.029065708864337528,-0.09741635068733238,0.10771282547140011,3.044293971701357
30,8,0.983646238600161,1.0211834776588937,-0.022296338712978706,-0.17225344989563005,-0.029065708886955487,-0.09741634990395094,0.1077128248960341,3.0442939717013715
30,9,0.983646238600161,1.0211834773142212,-0.022296338669662828,-0.17225345011169504,-0.029065708775811126,-0.09741634903211746,0.10771282448314562,3.0442939717013675
30,10,0.983646238600161,1.0211834769516999,-0.022296338552356677,-0.1722534503068485,-0.029065708537879077,-0.09741634812639949,0.10771282425869898,3.0442939717013644
30,11,0.983646238600161,1.0211834765940104,-0.02229633836844517,-0.17225345046878807,-0.029065708188221302,-0.09741634724362976,0.10771282423694811,3.0442939717013657
30,12,0.983646238600161,1.0211834762638479,-0.022296338129546334,-0.17225345058735142,-0.02906570774874372,-0.09741634643954473,0.10771282441913015,3.0442939717013586
30,13,0.983646238600161,1.0211834759817382,-0.022296337850472074,-0.17225345065508224,-0.02906570724706395,-0.09741634576453859,0.10771282479378001,3.0442939717013715
30,14,0.983646238600161,1.0211834757656006,-0.02229633754901287,-0.1722534506677267,-0.029065706714645048,-0.09741634526094357,0.10771282533754471,3.044293971701379
30,15,0.983646238600161,1.0211834756287697,-0.02229633724384852,-0.1722534506245393,-0.029065706185053976,-0.0974163449604855,0.10771282601597595,3.0442939717013617
30,16,0.983646238600161,1.0211834755800928,-0.02229633695436749,-0.17225345052815363,-0.029065705691509385,-0.09741634488203231,0.10771282678665195,3.0442939717013773
30,17,0.983646238600161,1.021183475622495,-0.022296336698659568,-0.17225345038466724,-0.029065705265024652,-0.09741634503057137,0.10771282760110898,3.0442939717013706
30,18,0.983646238600161,1.0211834757533125,-0.022296336492774384,-0.17225345020311922,-0.029065704932367528,-0.09741634539670493,0.10771282840807128,3.044293971701355
30,19,0.983646238600161,1.0211834759644838,-0.022296336349735997,-0.1722534499948714,-0.029065704714458074,-0.09741634595735572,0.10771282915694816,3.04429397170138
30,20,0.983646238600161,1.0211834762424012,-0.022296336278438092,-0.1722534497730384,-0.02906570462505621,-0.09741634667742913,0.10771282980068482,3.044293971701349
30,21,0.983646238600161,1.0211834765700953,-0.022296336283381395,-0.17225344955154628,-0.02906570466965996,-0.09741634751166703,0.10771283029865857,3.0442939717013826
30,22,0.983646238600161,1.0211834769263797,-0.022296336364350022,-0.17225344934429399,-0.029065704845587858,-0.09741634840754294,0.10771283061993148,3.044293971701356
30,23,0.983646238600161,1.0211834772894575,-0.022296336516131565,-0.17225344916435592,-0.029065705141669146,-0.09741634930887769,0.10771283074392514,3.044293971701368
30,24,0.983646238600161,1.021183477635995,-0.022296336729213658,-0.1722534490229875,-0.029065705539381884,-0.09741635015893751,0.10771283066312648,3.0442939717013604
31,0,1.0164344465534998,1.02015856608279,-0.025431268998398284,-0.1684368837912132,-0.03344482880957151,-0.09370448014141858,0.12515213069113848,3.044293971701368
31,1,1.0164344465534998,1.0201585663162918,-0.025431269309596938,-0.1684368837661561,-0.03344482936243747,-0.0937044806813236,0.12515213020977806,3.044293971701364
31,2,1.0164344465534998,1.0201585664763013,-0.025431269627713148,-0.16843688380208097,-0.0334448299151713,-0.09370448103245388,0.12515212957257238,3.0442939717013693
31,3,1.0164344465534998,1.020158566552865,-0.025431269932773583,-0.1684368838967623,-0.03344483043313716,-0.09370448117283375,0.12515212881944834,3.0442939717013626
31,4,1.0164344465534998,1.0201585665409696,-0.025431270205735358,-0.16843688404416743,-0.03344483088385262,-0.09370448109352658,0.12515212799792216,3.044293971701367
31,5,1.0164344465534998,1.020158566441595,-0.025431270429240243,-0.1684368842351114,-0.033444831238887224,-0.09370448079969503,0.12515212715939494,3.044293971701377
31,6,1.0164344465534998,1.0201585662608024,-0.025431270589399084,-0.168436884457562,-0.03344483147588795,-0.0937044803096615,0.12515212635676634,3.0442939717013675
31,7,1.0164344465534998,1.0201585660100414,-0.025431270676055828,-0.16843688469758503,-0.033444831580119565,-0.09370447965423578,0.1251521256402404,3.044293971701356
31,8,1.0164344465534998,1.0201585657050245,-0.025431270683886655,-0.1684368849400101,-0.033444831544974934,-0.09370447887455004,0.1251521250550899,3.0442939717013715
31,9,1.0164344465534998,1.0201585653649967,-0.02543127061224531,-0.16843688516967978,-0.03344483137261186,-0.09370447801982992,0.12515212463787603,3.044293971701368
31,10,1.0164344465534998,1.0201585650112748,-0.025431270465705126,-0.16843688537216836,-0.03344483107383756,-0.0937044771435635,0.12515212441483475,3.0442939717013644
31,11,1.0164344465534998,1.0201585646659816,-0.025431270253485225,-0.16843688553470754,-0.03344483066753581,-0.0937044763007229,0.12515212440014142,3.0442939717013657
31,12,1.0164344465534998,1.0201585643510367,-0.025431269988991197,-0.16843688564710188,-0.03344483017918359,-0.09370447554453722,0.12515212459457412,3.044293971701359
31,13,1.0164344465534998,1.0201585640860082,-0.025431269688639128,-0.1684368857022829,-0.03344482963946766,-0.09370447492240208,0.12515212498591646,3.0442939717013715
31,14,1.0164344465534998,1.0201585638877453,-0.025431269371553614,-0.16843688569677953,-0.03344482908222953,-0.09370447447331677,0.12515212554974886,3.044293971701379
31,15,1.0164344465534998,1.0201585637684552,-0.025431269057399203,-0.16843688563099543,-0.03344482854260558,-0.09370447422559106,0.12515212625037717,3.0442939717013617
31,16,1.0164344465534998,1.0201585637358852,-0.02543126876612869,-0.16843688550897754,-0.033444828054441406,-0.09370447419476886,0.12515212704397422,3.0442939717013777
31,17,1.0164344465534998,1.020158563791948,-0.025431268515946317,-0.1684368853384351,-0.033444827648417705,-0.09370447438285105,0.12515212788064164,3.0442939717013706
31,18,1.0164344465534998,1.0201585639331228,-0.025431268322552464,-0.16843688513011063,-0.03344482735001123,-0.09370447477795935,0.12515212870770576,3.0442939717013546
31,19,1.0164344465534998,1.0201585641506963,-0.02543126819818385,-0.1684368848970447,-0.0334448271779836,-0.09370447535518905,0.12515212947330703,3.04429397170138
31,20,1.0164344465534998,1.0201585644306566,-0.025431268150565442,-0.16843688465391113,-0.033444827143226795,-0.09370447607840318,0.12515213012935758,3.0442939717013497
31,21,1.0164344465534998,1.0201585647559095,-0.02543126818270981,-0.16843688441598056,-0.03344482724779468,-0.09370447690215661,0.12515213063443473,3.044293971701383
31,22,1.0164344465534998,1.0201585651054184,-0.025431268292688068,-0.16843688419817265,-0.033444827485243314,-0.09370447777456212,0.12515213095718644,3.0442939717013564
31,23,1.0164344465534998,1.020158565457816,-0.02543126847346906,-0.16843688401423848,-0.03344482784053008,-0.09370447864093748,0.12515213107690648,3.0442939717013684
31,24,1.0164344465534998,1.0201585657904364,-0.025431268713714806,-0.16843688387567501,-0.0334448282914195,-0.09370447944673278,0.12515213098638414,3.0442939717013604
32,0,1.0492226545068384,1.0189907588149165,-0.028434182190578368,-0.1640417526956225,-0.03778065142446676,-0.08935548002132726,0.14301911151700963,3.0442939717013675
32,1,1.0492226545068384,1.0189907590298224,-0.02843418251854232,-0.16404175268670185,-0.03778065200524632,-0.08935548050347941,0.1430191110133972,3.044293971701364
32,2,1.0492226545068384,1.0189907591714802,-0.02843418284725996,-0.16404175274392874,-0.037780652571171296,-0.0893554807987447,0.14301911035040865,3.044293971701369
32,3,1.0492226545068384,1.018990759231086,-0.028434183156094597,-0.16404175286374292,-0.03778065308677876,-0.0893554808886524,0.1430191095695808,3.0442939717013626
32,4,1.0492226545068384,1.0189907592046905,-0.0284341834257621,-0.1640417530385259,-0.03778065351973345,-0.08935548076741967,0.14301910872018767,3.0442939717013675
32,5,1.0492226545068384,1.0189907590941873,-0.028434183639117556,-0.16404175325737988,-0.03778065384272705,-0.08935548044286956,0.14301910785536626,3.0442939717013773
32,6,1.0492226545068384,1.0189907589063396,-0.028434183782904764,-0.16404175350651184,-0.037780654035413856,-0.08935547993524436,0.1430191070296774,3.044293971701368
32,7,1.0492226545068384,1.0189907586530345,-0.028434183847996963,-0.1640417537703188,-0.037780654085841185,-0.08935547927645782,0.14301910629476716,3.0442939717013564
32,8,1.0492226545068384,1.0189907583501463,-0.028434183830423527,-0.16404175403212745,-0.03778065399078375,-0.089355478507845,0.14301910569707238,3.044293971701371
32,9,1.0492226545068384,1.0189907580167876,-0.028434183731142426,-0.1640417542755693,-0.037780653756175515,-0.08935547767795261,0.14301910527393422,3.044293971701368
32,10,1.0492226545068384,1.0189907576738577,-0.028434183556456532,-0.16404175448535271,-0.037780653396720563,-0.0893554768387058,0.14301910505196044,3.0442939717013644
32,11,1.0492226545068384,1.0189907573427974,-0.02843418331735044,-0.16404175464824547,-0.03778065293511324,-0.08935547604273998,0.14301910504527046,3.0442939717013657
32,12,1.0492226545068384,1.0189907570446326,-0.028434183028927976,-0.164041754754035,-0.037780652400318304,-0.08935547534033961,0.14301910525412193,3.044293971701359
32,13,1.0492226545068384,1.0189907567978786,-0.02843418270910505,-0.16404175479606747,-0.03778065182593897,-0.08935547477553248,0.14301910566541298,3.044293971701371
32,14,1.0492226545068384,1.018990756618238,-0.0284341823782265,-0.16404175477169278,-0.03778065124798319,-0.08935547438370513,0.14301910625345107,3.0442939717013786
32,15,1.0492226545068384,1.0189907565167438,-0.02843418205682671,-0.16404175468250867,-0.03778065070289868,-0.0893554741895789,0.14301910698103754,3.044293971701362
32,16,1.0492226545068384,1.018990756500027,-0.028434181765312837,-0.1640417545340263,-0.037780650224871024,-0.08935547420531834,0.14301910780263982,3.0442939717013773
32,17,1.0492226545068384,1.0189907565690035,-0.028434181521906618,-0.1640417543356187,-0.03778064984394921,-0.08935547443000498,0.14301910866660578,3.0442939717013706
32,18,1.0492226545068384,1.0189907567193435,-0.028434181341880766,-0.16404175409978272,-0.03778064958402764,-0.08935547484946549,0.1430191095185439,3.0442939717013555
32,19,1.0492226545068384,1.018990756941757,-0.02843418123662936,-0.16404175384128417,-0.03778064946144364,-0.08935547543725829,0.14301911030502573,3.0442939717013804
32,20,1.0492226545068384,1.0189907572219248,-0.02843418121268046,-0.16404175357639392,-0.037780649483996086,-0.08935547615658072,0.14301911097667042,3.0442939717013493
32,21,1.0492226545068384,1.018990757542744,-0.028434181271559493,-0.16404175332175674,-0.037780649650129824,-0.08935547696224407,0.14301911149104704,3.0442939717013835
32,22,1.0492226545068384,1.0189907578834525,-0.02843418140965321,-0.16404175309332888,-0.03778064994953451,-0.08935547780347643,0.14301911181625412,3.044293971701356
32,23,1.0492226545068384,1.0189907582232403,-0.028434181618168644,-0.16404175290554324,-0.03778065036327155,-0.08935547862757871,0.14301911193139344,3.0442939717013684
32,24,1.0492226545068384,1.0189907585402307,-0.02843418188402125,-0.16404175277012809,-0.03778065086543706,-0.08935547938264274,0.14301911182957863,3.044293971701361
33,0,1.082010862460177,1.0176816119915248,-0.031283317783661946,-0.15905243684276407,-0.04206467846005842,-0.08431388808589001,0.16141444878819153,3.0442939717013684
33,1,1.082010862460177,1.0176816121869858,-0.03128331812644157,-0.1590524368507827,-0.04206467906464225,-0.08431388850692181,0.16141444825768314,3.044293971701365
33,2,1.082010862460177,1.017681612309936,-0.03128331846390572,-0.15905243693024437,-0.0420646796390432,-0.08431388874499998,0.16141444756337653,3.0442939717013693
33,3,1.082010862460177,1.0176816123527426,-0.03128331877487072,-0.15905243707619596,-0.042064680147267754,-0.08431388878524193,0.16141444674876534,3.0442939717013626
33,4,1.082010862460177,1.0176816123125105,-0.031283319039913896,-0.1590524372793693,-0.04206468055744155,-0.08431388862496644,0.16141444586526482,3.044293971701367
33,5,1.082010862460177,1.0176816121920063,-0.03128331924218809,-0.15905243752709067,-0.04206468084369635,-0.08431388827447728,0.16141444496813875,3.0442939717013773
33,6,1.082010862460177,1.0176816119986225,-0.03128331936912826,-0.1590524378037459,-0.04206468098798767,-0.08431388775563536,0.1614144441139876,3.0442939717013675
33,7,1.082010862460177,1.0176816117445897,-0.03128331941266679,-0.15905243809201033,-0.04206468098140194,-0.08431388710105922,0.16141444335623806,3.044293971701356
33,8,1.082010862460177,1.0176816114458296,-0.031283319370185254,-0.1590524383736653,-0.04206468082429692,-0.08431388635180947,0.16141444274277214,3.0442939717013715
33,9,1.082010862460177,1.0176816111211966,-0.031283319244215235,-0.15905243863110247,-0.0420646805265181,-0.08431388555523327,0.1614144423119127,3.0442939717013675
33,10,1.082010862460177,1.017681610791043,-0.03128331904272932,-0.1590524388481501,-0.04206468010672391,-0.08431388476116065,0.161414442090752,3.0442939717013644
33,11,1.082010862460177,1.0176816104760034,-0.03128331877839266,-0.15905243901111374,-0.04206467959139741,-0.08431388401937741,0.16141444209337127,3.044293971701366
33,12,1.082010862460177,1.017681610196098,-0.03128331846790331,-0.15905243910978206,-0.042064679012891765,-0.08431388337676314,0.1614144423194231,3.044293971701359
33,13,1.082010862460177,1.017681609968695,-0.03128331813056042,-0.15905243913794753,-0.042064678407555144,-0.08431388287360161,0.1614144427547478,3.0442939717013715
33,14,1.082010862460177,1.017681609808284,-0.03128331778780614,-0.1590524390938268,-0.04206467781332936,-0.08431388254139527,0.16141444337212163,3.0442939717013786
33,15,1.082010862460177,1.0176816097246848,-0.03128331746092453,-0.1590524389802663,-0.042064677267692877,-0.08431388240112922,0.16141444413251993,3.044293971701362
33,16,1.082010862460177,1.0176816097234072,-0.031283317170665924,-0.159052438804303,-0.04206467680486398,-0.08431388246157107,0.16141444498833638,3.0442939717013773
33,17,1.082010862460177,1.0176816098043953,-0.031283316935175574,-0.15905243857703738,-0.04206467645394126,-0.08431388271899991,0.16141444588577544,3.0442939717013706
33,18,1.082010862460177,1.0176816099625665,-0.031283316769227104,-0.1590524383127831,-0.042064676236929215,-0.08431388315719095,0.16141444676833905,3.044293971701355
33,19,1.082010862460177,1.0176816101881385,-0.03128331668332713,-0.15905243802808836,-0.042064676167463656,-0.08431388374851898,0.16141444758066856,3.0442939717013804
33,20,1.082010862460177,1.0176816104665907,-0.031283316682792044,-0.1590524377408685,-0.04206467625001741,-0.08431388445595599,0.16141444827177942,3.0442939717013497
33,21,1.082010862460177,1.0176816107809326,-0.031283316767676594,-0.15905243746917935,-0.04206467647926015,-0.08431388523507342,0.1614144487979867,3.044293971701383
33,22,1.082010862460177,1.0176816111108042,-0.03128331693272825,-0.15905243723003426,-0.042064676840914465,-0.0843138860367441,0.1614144491266835,3.044293971701356
33,23,1.082010862460177,1.0176816114360812,-0.0312833171674658,-0.15905243703855537,-0.04206467731213104,-0.08431388681078163,0.16141444923671136,3.0442939717013675
33,24,1.082010862460177,1.0176816117357947,-0.031283317457152654,-0.159052436906691,-0.042064677863395655,-0.08431388750840721,0.16141444912154496,3.0442939717013604
34,0,1.1147990704135158,1.016232980659865,-0.033954826529017365,-0.15344965269153615,-0.046287100567187656,-0.0785067548531482,0.18046219696641477,3.044293971701368
34,1,1.1147990704135158,1.0162329808351735,-0.03395482688455798,-0.1534496527174685,-0.04628710119106182,-0.07850675521003637,0.18046219640312708,3.044293971701364
34,2,1.1147990704135158,1.01623298093922,-0.033954827228880484,-0.15344965282030126,-0.046287101768806224,-0.07850675539025286,0.18046219567055088,3.044293971701369
34,3,1.1147990704135158,1.0162329809655577,-0.0339548275403727,-0.15344965299361749,-0.04628710226421928,-0.078506755382546,0.1804621948145718,3.0442939717013626
34,4,1.1147990704135158,1.0162329809123234,-0.03395482779957348,-0.15344965322642165,-0.046287102646226305,-0.07850675518722665,0.18046219388922494,3.044293971701367
34,5,1.1147990704135158,1.0162329807831032,-0.03395482799001088,-0.15344965350418668,-0.0462871028907408,-0.07850675481682944,0.18046219295238575,3.0442939717013777
34,6,1.1147990704135158,1.0162329805858408,-0.033954828099858114,-0.15344965380940295,-0.0462871029823319,-0.07850675429445415,0.18046219206316025,3.0442939717013684
34,7,1.1147990704135158,1.0162329803330035,-0.033954828122122166,-0.1534496541229593,-0.04628710291539583,-0.07850675365294277,0.18046219127717095,3.0442939717013564
34,8,1.1147990704135158,1.0162329800404413,-0.03395482805551895,-0.15344965442503888,-0.04628710269408278,-0.07850675293252318,0.18046219064408528,3.044293971701371
34,9,1.1147990704135158,1.016232979726619,-0.0339548279041048,-0.15344965469675736,-0.04628710233228672,-0.07850675217874875,0.18046219020344845,3.0442939717013684
34,10,1.1147990704135158,1.0162329794112122,-0.033954827677443754,-0.15344965492104518,-0.04628710185267312,-0.07850675143875946,0.18046218998296618,3.0442939717013644
34,11,1.1147990704135158,1.0162329791139249,-0.03395482738977908,-0.1534496550837466,-0.04628710128548029,-0.0785067507589311,0.18046218999669217,3.0442939717013657
34,12,1.1147990704135158,1.0162329788536628,-0.03395482705928344,-0.1534496551746731,-0.046287100666333895,-0.07850675018224909,0.18046219024355784,3.044293971701359
34,13,1.1147990704135158,1.01623297864656,-0.03395482670651019,-0.1534496551881018,-0.046287100034134374,-0.07850674974486771,0.18046219070812186,3.0442939717013715
34,14,1.1147990704135158,1.0162329785058337,-0.03395482635386717,-0.15344965512317138,-0.04628709942850049,-0.07850674947414547,0.1804621913612998,3.0442939717013786
34,15,1.1147990704135158,1.0162329784400619,-0.03395482602326359,-0.1534496549840432,-0.04628709888763474,-0.07850674938721515,0.180462192161836,3.0442939717013626
34,16,1.1147990704135158,1.0162329784536364,-0.03395482573568194,-0.15344965477935532,-0.046287098445454596,-0.07850674948947883,0.1804621930595891,3.0442939717013773
34,17,1.1147990704135158,1.016232978545568,-0.03395482550910186,-0.15344965452201362,-0.046287098129765496,-0.0785067497745943,0.18046219399813565,3.0442939717013706
34,18,1.1147990704135158,1.0162329787100877,-0.03395482535773563,-0.1534496542282252,-0.04628709796035317,-0.07850675022460414,0.18046219491839055,3.0442939717013555
34,19,1.1147990704135158,1.0162329789370137,-0.03395482529117046,-0.15344965391639098,-0.046287097947858215,-0.07850675081113347,0.18046219576262104,3.04429397170138
34,20,1.1147990704135158,1.016232979211738,-0.03395482531351197,-0.1534496536061293,-0.046287098093182814,-0.0785067514974515,0.18046219647786024,3.044293971701349
34,21,1.1147990704135158,1.016232979517508,-0.033954825423378465,-0.1534496533169529,-0.04628709838705126,-0.0785067522404716,0.180462197018873,3.044293971701383
34,22,1.1147990704135158,1.016232979834499,-0.03395482561394165,-0.1534496530669582,-0.04628709881111884,-0.07850675299330914,0.18046219735216443,3.044293971701356
34,23,1.1147990704135158,1.0162329801433991,-0.03395482587312388,-0.15344965287196646,-0.046287099338620345,-0.07850675370887598,0.18046219745624156,3.044293971701368
34,24,1.1147990704135158,1.0162329804242665,-0.03395482618464763,-0.1534496527441332,-0.046287099936502374,-0.07850675434204855,0.18046219732499766,3.0442939717013604
35,0,1.1475872783668546,1.0146470680301367,-0.03642209337682859,-0.14720955295930435,-0.050436418314442615,-0.07183696720435184,0.20031838286616524,3.044293971701368
35,1,1.1475872783668546,1.014647068184741,-0.036422093742983774,-0.14720955300434407,-0.05043641895260065,-0.07183696749455236,0.20031838226251314,3.044293971701364
35,2,1.1475872783668546,1.0146470682698658,-0.03642209409226801,-0.14720955313194237,-0.05043641952803498,-0.07183696761711464,0.20031838148277514,3.044293971701369
35,3,1.1475872783668546,1.0146470682802502,-0.03642209440275965,-0.1472095533341311,-0.05043642000469088,-0.07183696756440544,0.20031838057578588,3.0442939717013626
35,4,1.1475872783668546,1.014647068215032,-0.03642209465505436,-0.14720955359809204,-0.050436420352664456,-0.07183696733954044,0.20031837959880872,3.0442939717013666
35,5,1.1475872783668546,1.0146470680785522,-0.036422094833123246,-0.14720955390734947,-0.050436420550022995,-0.07183696695694158,0.20031837861294338,3.044293971701377
35,6,1.1475872783668546,1.0146470678792132,-0.03642209492591072,-0.14720955424240686,-0.0504364205842879,-0.07183696644046203,0.200318377680388,3.0442939717013675
35,7,1.1475872783668546,1.014647067629608,-0.03642209492749642,-0.14720955458228652,-0.05043642045345587,-0.0718369658225768,0.20031837685947795,3.044293971701356
35,8,1.1475872783668546,1.0146470673453851,-0.036422094837892674,-0.1472095549055081,-0.05043642016569186,-0.07183696514201483,0.20031837620208853,3.0442939717013715
35,9,1.1475872783668546,1.0146470670444863,-0.036422094662610725,-0.14720955519186674,-0.050436419739080585,-0.07183696444184375,0.2003183757492792,3.0442939717013684
35,10,1.1475872783668546,1.0146470667457763,-0.03642209441270702,-0.1472095554233724,-0.050436419200344335,-0.07183696376583604,0.2003183755295197,3.0442939717013644
35,11,1.1475872783668546,1.0146470664679077,-0.0364220941038811,-0.14720955558540894,-0.05043641858343178,-0.07183696315633462,0.20031837555683607,3.044293971701366
35,12,1.1475872783668546,1.014647066228566,-0.036422093755644064,-0.14720955566783675,-0.05043641792710725,-0.07183696265190379,0.20031837582927844,3.0442939717013586
35,13,1.1475872783668546,1.0146470660425706,-0.036422093389661604,-0.14720955566546431,-0.05043641727260527,-0.07183696228417218,0.20031837632982874,3.0442939717013715
35,14,1.1475872783668546,1.014647065921816,-0.03642209302916731,-0.14720955557841994,-0.05043641666093616,-0.07183696207611087,0.20031837702711475,3.044293971701379
35,15,1.1475872783668546,1.0146470658736213,-0.03642209269656792,-0.14720955541226136,-0.05043641613068702,-0.07183696204092783,0.2003183778771302,3.044293971701362
35,16,1.1475872783668546,1.0146470659012752,-0.03642209241296909,-0.14720955517731993,-0.050436415715108644,-0.07183696218075748,0.20031837882661024,3.0442939717013773
35,17,1.1475872783668546,1.0146470660029032,-0.03642209219610306,-0.1472095548884029,-0.05043641544033851,-0.07183696248690395,0.20031837981588912,3.044293971701371
35,18,1.1475872783668546,1.0146470661721287,-0.03642209205957047,-0.14720955456370505,-0.0504364153235867,-0.07183696294009671,0.20031838078268926,3.0442939717013555
35,19,1.1475872783668546,1.0146470663984746,-0.03642209201202312,-0.14720955422356666,-0.050436415372181576,-0.07183696351175331,0.2003183816663475,3.04429397170138
35,20,1.1475872783668546,1.0146470666673653,-0.03642209205637562,-0.14720955388938148,-0.05043641558319277,-0.07183696416607212,0.2003183824114436,3.0442939717013493
35,21,1.1475872783668546,1.0146470669624195,-0.03642209218986471,-0.14720955358217577,-0.05043641594322091,-0.0718369648619939,0.2003183829708284,3.044293971701383
35,22,1.1475872783668546,1.0146470672644818,-0.03642209240417089,-0.14720955332116167,-0.05043641642975146,-0.07183696555556508,0.2003183833099001,3.044293971701357
35,23,1.1475872783668546,1.0146470675551829,-0.0364220926857322,-0.14720955312287162,-0.050436417012106334,-0.0718369662034547,0.20031838340675107,3.044293971701368
35,24,1.1475872783668546,1.0146470678157204,-0.036422093016859364,-0.14720955299965352,-0.05043641765377801,-0.07183696676477035,0.2003183832557788,3.0442939717013604
36,0,1.1803754863201932,1.0129264886924962,-0.03865478983775935,-0.1403024866322537,-0.054498941580185034,-0.06417302458488339,0.22118350540379558,3.044293971701368
36,1,1.1803754863201932,1.012926488826018,-0.03865479021231011,-0.14030248669788006,-0.05449894222700058,-0.06417302480656376,0.22118350474980736,3.0442939717013644
36,2,1.1803754863201932,1.0129264888923988,-0.038654790564685654,-0.1403024868519717,-0.05449894279380013,-0.06417302487294203,0.22118350391130226,3.0442939717013693
36,3,1.1803754863201932,1.0129264888875513,-0.03865479087277226,-0.14030248708490134,-0.05449894324507331,-0.06417302477991195,0.22118350294079023,3.0442939717013626
36,4,1.1803754863201932,1.0129264888115692,-0.038654791117309864,-0.14030248738190979,-0.0544989435525004,-0.0641730245330971,0.2211835018995527,3.0442939717013675
36,5,1.1803754863201932,1.0129264886694724,-0.03865479128276713,-0.14030248772445458,-0.0544989436967157,-0.06417302414833205,0.2211835008527046,3.0442939717013773
36,6,1.1803754863201932,1.0129264884700186,-0.038654791358874535,-0.1403024880909392,-0.05449894366856677,-0.06417302364959086,0.2211834998662888,3.0442939717013684
36,7,1.1803754863201932,1.012926488225803,-0.03865479134076062,-0.14030248845841994,-0.05449894346997074,-0.06417302306824021,0.22118349900201406,3.044293971701356
36,8,1.1803754863201932,1.0129264879521371,-0.03865479122967211,-0.14030248880367227,-0.05449894311335006,-0.06417302244069573,0.22118349831449616,3.044293971701371
36,9,1.1803754863201932,1.0129264876662993,-0.038654791032480554,-0.14030248910511534,-0.054498942621132716,-0.06417302180671376,0.22118349784667252,3.0442939717013684
36,10,1.1803754863201932,1.0129264873862114,-0.038654790761611824,-0.14030248934381084,-0.054498942024147054,-0.06417302120590991,0.22118349762795528,3.0442939717013644
36,11,1.1803754863201932,1.012926487129352,-0.03865479043407817,-0.14030248950468327,-0.05449894135999579,-0.06417302067588762,0.22118349767232648,3.0442939717013653
36,12,1.1803754863201932,1.0129264869120864,-0.03865479007057488,-0.14030248957767436,-0.0544989406704276,-0.06417302025021458,0.22118349797673173,3.044293971701359
36,13,1.1803754863201932,1.0129264867478471,-0.03865478969372495,-0.14030248955818173,-0.05449893999876296,-0.06417301995558553,0.22118349852218025,3.0442939717013715
36,14,1.1803754863201932,1.012926486647166,-0.03865478932744019,-0.1403024894474073,-0.05449893938708225,-0.0641730198103668,0.22118349927444847,3.044293971701379
36,15,1.1803754863201932,1.0129264866160952,-0.03865478899449582,-0.14030248925240577,-0.05449893887397616,-0.0641730198238321,0.2211835001860984,3.044293971701362
36,16,1.1803754863201932,1.0129264866568495,-0.038654788716016394,-0.14030248898531628,-0.05449893849162112,-0.06417301999504026,0.22118350119997646,3.0442939717013777
36,17,1.1803754863201932,1.012926486766731,-0.03865478850941552,-0.14030248866296627,-0.054498938264069124,-0.06417302031333105,0.22118350225237954,3.0442939717013706
36,18,1.1803754863201932,1.012926486938846,-0.03865478838764791,-0.140302488305655,-0.05449893820555929,-0.06417302075868084,0.22118350327705746,3.044293971701356
36,19,1.1803754863201932,1.0129264871625359,-0.03865478835843397,-0.14030248793576947,-0.054498938319758765,-0.06417302130299156,0.22118350420970495,3.04429397170138
36,20,1.1803754863201932,1.012926487423388,-0.03865478842354012,-0.14030248757656866,-0.05449893859961655,-0.06417302191217335,0.22118350499185052,3.044293971701349
36,21,1.1803754863201932,1.012926487705531,-0.038654788578901145,-0.14030248725066222,-0.0544989390274173,-0.06417302254802207,0.22118350557397343,3.0442939717013826
36,22,1.1803754863201932,1.012926487990618,-0.03865478881481532,-0.14030248697841854,-0.05449893957636772,-0.06417302317032694,0.22118350592009778,3.044293971701356
36,23,1.1803754863201932,1.0129264882613476,-0.038654789116371734,-0.14030248677709636,-0.05449894021188719,-0.06417302374027264,0.22118350600781364,3.0442939717013684
36,24,1.1803754863201932,1.0129264885001719,-0.038654789464618346,-0.14030248665921735,-0.054498940894114195,-0.06417302422183956,0.22118350583215038,3.04429397170136
37,0,1.2131636942735318,1.011074351020671,-0.04061750246719473,-0.1326912549272312,-0.05845810831129206,-0.05533288167808369,0.24332128650740992,3.0442939717013684
37,1,1.2131636942735318,1.0110743511329296,-0.040617502847878864,-0.13269125501530304,-0.05845810896032905,-0.05533288183053162,0.2433212857896818,3.044293971701364
37,2,1.2131636942735318,1.0110743511809648,-0.04061750320155241,-0.1326912551980562,-0.058458109511275926,-0.055332881844097334,0.2433212848769146,3.0442939717013697
37,3,1.2131636942735318,1.0110743511618387,-0.04061750350602217,-0.13269125546406854,-0.058458109929620215,-0.05533288171799116,0.24332128382626378,3.044293971701362
37,4,1.2131636942735318,1.011074351076541,-0.04061750374224757,-0.13269125579649185,-0.058458110189096524,-0.05533288145988568,0.24332128270407757,3.0442939717013666
37,5,1.2131636942735318,1.0110743509306785,-0.04061750389523086,-0.13269125617456892,-0.058458110273376766,-0.05533288108636169,0.24332128158053076,3.044293971701377
37,6,1.2131636942735318,1.011074350733248,-0.04061750395547941,-0.13269125657446176,-0.058458110177058244,-0.05533288062066937,0.24332128052650082,3.0442939717013675
37,7,1.2131636942735318,1.0110743504967137,-0.04061750391911931,-0.1326912569711365,-0.05845810990634097,-0.05533288009210849,0.24332127960793198,3.0442939717013564
37,8,1.2131636942735318,1.0110743502359059,-0.04061750378853971,-0.13269125733952386,-0.05845810947817797,-0.05533287953375552,0.24332127888287053,3.044293971701371
37,9,1.2131636942735318,1.011074349967294,-0.04061750357184791,-0.13269125765659814,-0.05845810891951072,-0.05533287898104157,0.24332127839659443,3.044293971701368
37,10,1.2131636942735318,1.0110743497077213,-0.04061750328268788,-0.13269125790243844,-0.05845810826532647,-0.05533287846847924,0.24332127817967403,3.044293971701365
37,11,1.2131636942735318,1.0110743494733736,-0.04061750293921609,-0.1326912580615119,-0.05845810755681423,-0.05533287802811144,0.2433212782460049,3.0442939717013657
37,12,1.2131636942735318,1.011074349279202,-0.040617502563137904,-0.13269125812388277,-0.058458106838527736,-0.05533287768786955,0.24332127859111272,3.044293971701358
37,13,1.2131636942735318,1.0110743491371876,-0.040617502177865,-0.13269125808561077,-0.05845810615558827,-0.055332877469095904,0.2433212791934919,3.044293971701371
37,14,1.2131636942735318,1.0110743490564698,-0.040617501807833446,-0.13269125794907682,-0.0584581055507781,-0.05533287738537823,0.2433212800153063,3.0442939717013786
37,15,1.2131636942735318,1.0110743490418415,-0.040617501476059054,-0.13269125772295934,-0.058458105062255766,-0.055332877442143234,0.24332128100477438,3.0442939717013617
37,16,1.2131636942735318,1.0110743490944867,-0.04061750120358936,-0.1326912574213486,-0.058458104720658606,-0.05533287763570662,0.24332128209983503,3.0442939717013777
37,17,1.2131636942735318,1.0110743492109584,-0.04061750100746372,-0.13269125706324095,-0.05845810454747847,-0.05533287795401168,0.24332128323169397,3.0442939717013706
37,18,1.2131636942735318,1.011074349383952,-0.040617500899977996,-0.13269125667118656,-0.058458104553534104,-0.05533287837704559,0.24332128432910138,3.0442939717013555
37,19,1.2131636942735318,1.0110743496027532,-0.04061750088795134,-0.13269125626975306,-0.058458104738436524,-0.05533287887810305,0.24332128532317623,3.0442939717013795
37,20,1.2131636942735318,1.0110743498532533,-0.04061750097207369,-0.13269125588417685,-0.05845810509068799,-0.055332879425804345,0.24332128615161822,3.044293971701349
37,21,1.2131636942735318,1.0110743501202342,-0.04061750114708778,-0.13269125553873803,-0.0584581055880425,-0.055332879985829864,0.24332128676194678,3.044293971701383
37,22,1.2131636942735318,1.0110743503863,-0.04061750140204793,-0.13269125525501152,-0.05845810619930625,-0.055332880522696824,0.24332128711647788,3.0442939717013564
37,23,1.2131636942735318,1.011074350635347,-0.04061750172085658,-0.1326912550510004,-0.05845810688601266,-0.055332881003001766,0.24332128719220394,3.044293971701368
37,24,1.2131636942735318,1.011074350851188,-0.04061750208347042,-0.13269125493937647,-0.058458107605062516,-0.055332881396328304,0.24332128698497554,3.04429397170136
38,0,1.2459519022268706,1.0090943660170353,-0.04226767792943649,-0.12432859715347049,-0.062293534553902866,-0.04505741968416186,0.26708780071910315,3.044293971701368
38,1,1.2459519022268706,1.009094366108078,-0.04226767831399633,-0.124328597266364,-0.062293535197624095,-0.045057419768529644,0.2670877999191403,3.044293971701364
38,2,1.2459519022268706,1.0090943661384217,-0.042267678667330576,-0.12432859748054277,-0.06229353572426598,-0.04505741973566976,0.2670877989108667,3.0442939717013693
38,3,1.2459519022268706,1.0090943661062375,-0.04226767896726937,-0.1243285977826169,-0.062293536100845724,-0.04505741958770995,0.2670877977574138,3.0442939717013626
38,4,1.2459519022268706,1.0090943660133345,-0.042267679195048084,-0.1243285981534608,-0.0622935363037022,-0.045057419333661614,0.26708779653162673,3.044293971701367
38,5,1.2459519022268706,1.0090943658657976,-0.042267679336212276,-0.1243285985699147,-0.06229353632009599,-0.04505741898989211,0.26708779531015886,3.0442939717013773
38,6,1.2459519022268706,1.0090943656727336,-0.04226767938200439,-0.12432859900571971,-0.06229353614887033,-0.045057418577761084,0.26708779417005785,3.044293971701368
38,7,1.2459519022268706,1.009094365446326,-0.04226767932946038,-0.12432859943359509,-0.06229353580093203,-0.045057418123217126,0.26708779318266124,3.044293971701356
38,8,1.2459519022268706,1.009094365200772,-0.04226767918198141,-0.1243285998264999,-0.06229353529808462,-0.04505741765465778,0.2670877924103631,3.044293971701372
38,9,1.2459519022268706,1.0090943649515802,-0.04226767894874844,-0.12432860015987751,-0.062293534671982,-0.04505741720189797,0.26708779190138615,3.044293971701368
38,10,1.2459519022268706,1.0090943647143782,-0.04226767864443778,-0.12432860041278211,-0.062293533961832175,-0.0450574167931745,0.2670877916877262,3.044293971701364
38,11,1.2459519022268706,1.0090943645039432,-0.042267678288152186,-0.12432860056922773,-0.06229353321233056,-0.045057416453986865,0.26708779178310676,3.0442939717013657
38,12,1.2459519022268706,1.009094364333723,-0.042267677902410726,-0.12432860061945454,-0.06229353247062682,-0.045057416205906586,0.26708779218117795,3.044293971701359
38,13,1.2459519022268706,1.0090943642141927,-0.04226767751123128,-0.12432860056027871,-0.06229353178330775,-0.04505741606450086,0.2670877928571593,3.0442939717013715
38,14,1.2459519022268706,1.009094364153085,-0.04226767713941568,-0.1243286003953948,-0.062293531193427676,-0.04505741603848278,0.267087793768547,3.044293971701379
38,15,1.2459519022268706,1.0090943641539547,-0.04226767681009759,-0.12432860013526675,-0.06229353073820143,-0.045057416129674864,0.26708779485796247,3.044293971701362
38,16,1.2459519022268706,1.0090943642170136,-0.04226767654416594,-0.12432859979611863,-0.06229353044618427,-0.045057416332202616,0.26708779605704336,3.0442939717013773
38,17,1.2459519022268706,1.0090943643381598,-0.04226767635825288,-0.12432859939930473,-0.06229353033575108,-0.04505741663345514,0.26708779729047094,3.0442939717013706
38,18,1.2459519022268706,1.0090943645097974,-0.04226767626401243,-0.12432859896981181,-0.06229353041377482,-0.045057417014505594,0.2670877984806046,3.0442939717013555
38,19,1.2459519022268706,1.0090943647212969,-0.042267676267427154,-0.12432859853455745,-0.062293530675348124,-0.04505741745127525,0.2670877995527311,3.0442939717013795
38,20,1.2459519022268706,1.0090943649590047,-0.042267676368220077,-0.12432859812089744,-0.062293531104143984,-0.045057417916414946,0.2670878004396819,3.0442939717013493
38,21,1.2459519022268706,1.00909436520851,-0.04226767656008993,-0.12432859775489134,-0.06229353167313573,-0.04505741838081792,0.2670878010852393,3.0442939717013826
38,22,1.2459519022268706,1.009094365453514,-0.04226767683102159,-0.12432859745938339,-0.0622935323465852,-0.045057418814966936,0.26708780144958283,3.044293971701356
38,23,1.2459519022268706,1.0090943656792366,-0.04226767716392559,-0.12432859725314224,-0.06229353308216076,-0.0450574191919644,0.26708780150900463,3.044293971701368
38,24,1.2459519022268706,1.0090943658709564,-0.04226767753786462,-0.12432859714895848,-0.062293533833660715,-0.04505741948784926,0.26708780126046217,3.04429397170136
39,0,1.2787401101802094,1.0069909935651022,-0.04355241822858566,-0.11515345438008763,-0.0659796521944218,-0.03296482283603803,0.2929786093697742,3.0442939717013675
39,1,1.2787401101802094,1.0069909936352475,-0.04355241861484984,-0.11515345452090431,-0.06597965282372178,-0.03296482285676005,0.2929786084612388,3.0442939717013644
39,2,1.2787401101802094,1.0069909936488586,-0.043552418966492285,-0.11515345477010322,-0.06597965331582785,-0.0329648227889192,0.2929786073273926,3.044293971701369
39,3,1.2787401101802094,1.0069909936051546,-0.04355241926145159,-0.1151534551121017,-0.06597965363992979,-0.03296482263684511,0.292978606039225,3.044293971701362
39,4,1.2787401101802094,1.0069909935066694,-0.04355241948126596,-0.1151534555252528,-0.06597965377563786,-0.03296482240976574,0.2929786046780929,3.0442939717013666
39,5,1.2787401101802094,1.0069909933598367,-0.043552419611995435,-0.11515345598375105,-0.0659796537144709,-0.03296482212240247,0.2929786033291152,3.0442939717013773
39,6,1.2787401101802094,1.0069909931737249,-0.043552419645529805,-0.11515345645868563,-0.06597965346012119,-0.03296482179254467,0.2929786020773729,3.0442939717013675
39,7,1.2787401101802094,1.0069909929600747,-0.04355241957967729,-0.11515345692032726,-0.06597965302871953,-0.03296482144099239,0.2929786010012001,3.0442939717013564
39,8,1.2787401101802094,1.0069909927322842,-0.04355241941866934,-0.11515345733950133,-0.06597965244731158,-0.032964821089634874,0.29297860016859834,3.0442939717013715
39,9,1.2787401101802094,1.0069909925047433,-0.04355241917254971,-0.11515345769001104,-0.06597965175250924,-0.03296482076095425,0.29297859963154926,3.0442939717013684
39,10,1.2787401101802094,1.006990992291724,-0.04355241885679764,-0.11515345794983363,-0.06597965098782059,-0.03296482047539734,0.29297859942381166,3.0442939717013644
39,11,1.2787401101802094,1.0069909921064824,-0.04355241849122843,-0.11515345810253799,-0.06597965020135468,-0.032964820250701056,0.29297859955877936,3.0442939717013657
39,12,1.2787401101802094,1.0069909919608797,-0.043552418098952925,-0.11515345813861208,-0.06597964944260762,-0.03296482010124283,0.2929786000275502,3.044293971701359
39,13,1.2787401101802094,1.0069909918638462,-0.04355241770439917,-0.11515345805575271,-0.06597964875922827,-0.032964820036408174,0.29297860080096855,3.044293971701371
39,14,1.2787401101802094,1.0069909918217044,-0.04355241733257513,-0.11515345785914433,-0.06597964819402502,-0.03296482006008447,0.2929786018303554,3.0442939717013786
39,15,1.2787401101802094,1.0069909918368134,-0.04355241700662159,-0.1151534575612474,-0.06597964778264966,-0.032964820170998464,0.29297860305095513,3.044293971701362
39,16,1.2787401101802094,1.006990991908491,-0.0435524167472108,-0.11515345718065652,-0.0659796475509181,-0.03296482036200308,0.29297860438613754,3.0442939717013777
39,17,1.2787401101802094,1.0069909920320936,-0.0435524165705691,-0.11515345674132907,-0.06597964751341212,-0.032964820621222184,0.2929786057520458,3.044293971701371
39,18,1.2787401101802094,1.0069909921998728,-0.0435524164877683,-0.1151534562709278,-0.0659796476724204,-0.032964820932387916,0.29297860706270373,3.0442939717013555
39,19,1.2787401101802094,1.0069909924014417,-0.04355241650406753,-0.11515345579893861,-0.0659796480179549,-0.03296482127579867,0.292978608235819,3.0442939717013804
39,20,1.2787401101802094,1.0069909926237672,-0.04355241661838312,-0.11515345535501835,-0.06597964852839018,-0.032964821629960755,0.29297860919792107,3.0442939717013484
39,21,1.2787401101802094,1.0069909928534073,-0.04355241682356854,-0.11515345496714509,-0.06597964917161417,-0.03296482197277128,0.2929786098879954,3.044293971701383
39,22,1.2787401101802094,1.0069909930753118,-0.04355241710676015,-0.11515345465951121,-0.06597964990716383,-0.03296482228230041,0.29297861026352,3.0442939717013564
39,23,1.2787401101802094,1.0069909932761518,-0.04355241745011165,-0.11515345445167563,-0.06597965068886479,-0.03296482253954493,0.2929786102999806,3.0442939717013675
39,24,1.2787401101802094,1.0069909934427697,-0.043552417832019595,-0.11515345435650487,-0.06597965146757133,-0.03296482272802246,0.2929786099958795,3.04429397170136
40,0,1.311528318133548,1.0047696432549782,-0.044403237994211184,-0.1050852042816785,-0.06948368906104736,-0.01846752344536466,0.32170882228120423,3.0442939717013684
40,1,1.311528318133548,1.0047696433048783,-0.044403238380243425,-0.10508520445457362,-0.06948368966446573,-0.018467523413016156,0.3217088212250992,3.044293971701365
40,2,1.311528318133548,1.0047696433030922,-0.044403238729349946,-0.10508520474358614,-0.06948369010911086,-0.018467523330675424,0.3217088199214347,3.044293971701369
40,3,1.311528318133548,1.0047696432498021,-0.044403239019631016,-0.10508520513064079,-0.06948369036715836,-0.01846752320359296,0.321708818451829,3.0442939717013626
40,4,1.311528318133548,1.004769643148146,-0.04440323923290721,-0.10508520559124493,-0.06948369042233428,-0.01846752303937257,0.32170881690909986,3.0442939717013675
40,5,1.311528318133548,1.0047696430047541,-0.04440323935566519,-0.10508520609662556,-0.06948369027126755,-0.01846752284884578,0.32170881538972657,3.0442939717013773
40,6,1.311528318133548,1.0047696428284842,-0.04440323938028635,-0.10508520661491515,-0.06948368992326844,-0.018467522643683124,0.3217088139895246,3.0442939717013675
40,7,1.311528318133548,1.004769642630454,-0.044403239305141846,-0.105085207113671,-0.06948368940035458,-0.01846752243688057,0.32170881279613295,3.0442939717013564
40,8,1.311528318133548,1.0047696424230819,-0.044403239135039636,-0.10508520756137342,-0.0694836887353183,-0.018467522241182196,0.32170881188495637,3.044293971701371
40,9,1.311528318133548,1.0047696422194716,-0.04440323888060885,-0.10508520793004462,-0.06948368797005075,-0.018467522069330035,0.3217088113128736,3.044293971701368
40,10,1.311528318133548,1.004769642032397,-0.04440323855784432,-0.10508520819652027,-0.06948368715247098,-0.01846752193192481,0.3217088111158442,3.0442939717013644
40,11,1.311528318133548,1.0047696418734822,-0.0444032381869947,-0.10508520834393908,-0.06948368633399378,-0.018467521837363245,0.3217088113066456,3.044293971701366
40,12,1.311528318133548,1.0047696417529313,-0.04440323779151123,-0.10508520836313641,-0.06948368556615543,-0.018467521791850888,0.3217088118727807,3.044293971701359
40,13,1.311528318133548,1.004769641678101,-0.044403237396023525,-0.10508520825285819,-0.06948368489716285,-0.018467521798254446,0.3217088127790643,3.0442939717013715
40,14,1.311528318133548,1.0047696416539231,-0.04440323702559189,-0.10508520802001557,-0.06948368436892889,-0.018467521855969806,0.32170881396840173,3.0442939717013786
40,15,1.311528318133548,1.004769641681624,-0.04440323670327716,-0.1050852076793474,-0.06948368401475952,-0.01846752196161884,0.3217088153660338,3.044293971701362
40,16,1.311528318133548,1.004769641759731,-0.04440323644951647,-0.10508520725213419,-0.06948368385690142,-0.01846752210834354,0.3217088168841747,3.0442939717013777
40,17,1.311528318133548,1.0047696418831957,-0.04440323628018547,-0.10508520676526122,-0.06948368390528437,-0.01846752228706263,0.32170881842748933,3.0442939717013706
40,18,1.311528318133548,1.0047696420442809,-0.04440323620589759,-0.10508520624938393,-0.06948368415679954,-0.018467522486589498,0.32170881989883887,3.0442939717013555
40,19,1.311528318133548,1.0047696422330195,-0.044403236231371886,-0.10508520573684373,-0.06948368459566041,-0.01846752269421905,0.3217088212058286,3.04429397170138
40,20,1.311528318133548,1.0047696424371828,-0.04440323635495072,-0.10508520525983667,-0.06948368519433988,-0.01846752289697588,0.32170882226663017,3.0442939717013493
40,21,1.311528318133548,1.0047696426444706,-0.0444032365689111,-0.10508520484843975,-0.06948368591524594,-0.01846752308231038,0.32170882301393183,3.0442939717013835
40,22,1.311528318133548,1.0047696428412392,-0.04440323685982412,-0.10508520452829402,-0.06948368671294965,-0.018467523238118677,0.3217088234017385,3.0442939717013564
40,23,1.311528318133548,1.0047696430157365,-0.04440323720937427,-0.10508520431977675,-0.06948368753745478,-0.018467523355140302,0.3217088234046309,3.044293971701368
40,24,1.311528318133548,1.0047696431564628,-0.04440323759555719,-0.10508520423576927,-0.06948368833686024,-0.018467523425641143,0.321708823023352,3.0442939717013604
41,0,1.3443165260868866,1.0024369579015762,-0.04472696825573958,-0.09401434019399295,-0.07276254421890883,-0.0006098433332604968,0.35435738433339314,3.0442939717013684
41,1,1.3443165260868866,1.002436957932317,-0.044726968640128206,-0.0940143404047221,-0.07276254478121308,-0.0006098432707692947,0.35435738306905096,3.044293971701364
41,2,1.3443165260868866,1.0024369579169574,-0.04472696898677882,-0.0940143407401514,-0.07276254516113582,-0.0006098432118227064,0.35435738152716983,3.0442939717013693
41,3,1.3443165260868866,1.0024369578565295,-0.044726969273948806,-0.09401434117929959,-0.07276254533492446,-0.0006098431602213155,0.3543573798042794,3.0442939717013626
41,4,1.3443165260868866,1.0024369577546217,-0.04472696948364061,-0.09401434169438393,-0.0727625452915526,-0.0006098431187526513,0.35435737800919337,3.044293971701367
41,5,1.3443165260868866,1.0024369576178767,-0.04472696960258412,-0.09401434225322422,-0.07276254503390601,-0.0006098430906136471,0.3543573762541806,3.044293971701377
41,6,1.3443165260868866,1.0024369574547405,-0.044726969623389824,-0.09401434282058185,-0.07276254457795261,-0.0006098430772240144,0.35435737464989964,3.044293971701368
41,7,1.3443165260868866,1.002436957275501,-0.04472696954467277,-0.09401434336094269,-0.07276254395249744,-0.0006098430795763784,0.35435737329678163,3.0442939717013564
41,8,1.3443165260868866,1.002436957091398,-0.044726969371456086,-0.09401434384015829,-0.07276254319677157,-0.0006098430972018836,0.35435737228031955,3.044293971701371
41,9,1.3443165260868866,1.0024369569140696,-0.04472696911458007,-0.0940143442282839,-0.07276254235839183,-0.0006098431294949305,0.35435737166395115,3.0442939717013684
41,10,1.3443165260868866,1.0024369567546427,-0.04472696879018691,-0.09401434450093231,-0.07276254148985527,-0.0006098431742388628,0.3543573714864191,3.0442939717013644
41,11,1.3443165260868866,1.0024369566230047,-0.0447269684186191,-0.0940143446408402,-0.07276254064575448,-0.000609843228340363,0.35435737175935395,3.0442939717013657
41,12,1.3443165260868866,1.0024369565276408,-0.044726968023381906,-0.09401434463933334,-0.07276253987927216,-0.0006098432886802035,0.3543573724649774,3.044293971701359
41,13,1.3443165260868866,1.0024369564743267,-0.04472696762908981,-0.09401434449644405,-0.07276253923850907,-0.0006098433514796437,0.3543573735594607,3.0442939717013715
41,14,1.3443165260868866,1.0024369564666464,-0.04472696726072112,-0.09401434422113886,-0.0727625387636247,-0.0006098434125758217,0.35435737497379327,3.0442939717013786
41,15,1.3443165260868866,1.0024369565047864,-0.04472696694121589,-0.09401434383082465,-0.07276253848453317,-0.0006098434684221473,0.3543573766191407,3.0442939717013617
41,16,1.3443165260868866,1.0024369565866176,-0.04472696669082668,-0.09401434334990098,-0.07276253841880331,-0.0006098435152361941,0.35435737839210996,3.0442939717013773
41,17,1.3443165260868866,1.0024369567068572,-0.04472696652522206,-0.09401434280862579,-0.07276253857055827,-0.0006098435502297375,0.35435738018137725,3.0442939717013706
41,18,1.3443165260868866,1.0024369568579738,-0.0447269664547832,-0.09401434224107863,-0.0727625389301948,-0.0006098435712782475,0.35435738187432814,3.044293971701355
41,19,1.3443165260868866,1.0024369570306246,-0.04472696648398142,-0.09401434168284574,-0.07276253947515625,-0.0006098435768662556,0.35435738336463923,3.04429397170138
41,20,1.3443165260868866,1.0024369572135918,-0.04472696661092714,-0.09401434116898345,-0.0727625401711885,-0.0006098435666951757,0.354357384559033,3.044293971701349
41,21,1.3443165260868866,1.0024369573959047,-0.04472696682769291,-0.09401434073190809,-0.07276254097467841,-0.0006098435416508343,0.35435738538167644,3.044293971701383
41,22,1.3443165260868866,1.0024369575654948,-0.04472696712065703,-0.09401434039884012,-0.07276254183488737,-0.0006098435027510854,0.35435738578200526,3.0442939717013564
41,23,1.3443165260868866,1.002436957712312,-0.044726967471394305,-0.09401434019100599,-0.0727625426980106,-0.0006098434530876344,0.35435738573363434,3.0442939717013684
41,24,1.3443165260868866,1.0024369578266001,-0.04472696785781185,-0.09401434012121107,-0.07276254350962484,-0.0006098433953084207,0.3543573852407047,3.0442939717013604
42,0,1.3771047340402254,1.0000012288643043,-0.0443887468889785,-0.08178648470684509,-0.07575766023555608,0.02227988194268869,0.39264705357049895,3.044293971701369
42,1,1.3771047340402254,1.000001228877567,-0.044388747271448446,-0.08178648496373792,-0.0757576607349668,0.022279881985141574,0.3926470519972405,3.044293971701365
42,2,1.3771047340402254,1.0000012288511353,-0.044388747617490835,-0.08178648535507867,-0.07575766102536582,0.022279881945870654,0.3926470501044088,3.0442939717013697
42,3,1.3771047340402254,1.0000012287867337,-0.04438874790540501,-0.08178648585638569,-0.0757576610886333,0.022279881827206974,0.39264704801050354,3.044293971701363
42,4,1.3771047340402254,1.0000012286882043,-0.044388748117130075,-0.08178648643595055,-0.07575766092062172,0.02227988163717094,0.392647045847766,3.0442939717013684
42,5,1.3771047340402254,1.0000012285619708,-0.04438874823928926,-0.08178648705756011,-0.07575766053213634,0.022279881386999937,0.39264704375147114,3.0442939717013777
42,6,1.3771047340402254,1.000001228415827,-0.044388748264278535,-0.0817864876820183,-0.07575765994731352,0.02227988109283223,0.3926470418537728,3.0442939717013684
42,7,1.3771047340402254,1.000001228258988,-0.04438874819045609,-0.08178648827023602,-0.07575765920306253,0.022279880772927422,0.3926470402734966,3.0442939717013573
42,8,1.3771047340402254,1.0000012281012882,-0.04438874802252539,-0.08178648878504118,-0.07575765834607345,0.022279880447814572,0.3926470391104829,3.044293971701372
42,9,1.3771047340402254,1.000001227952702,-0.04438874777101233,-0.0817864891942682,-0.07575765743035755,0.02227988013733439,0.39264703843729437,3.0442939717013684
42,10,1.3771047340402254,1.0000012278225565,-0.04438874745171615,-0.08178648947220349,-0.07575765651325596,0.022279879861171407,0.3926470382962467,3.044293971701365
42,11,1.3771047340402254,1.0000012277188992,-0.044388747084648794,-0.08178648960123416,-0.07575765565237857,0.022279879637031277,0.392647038696792,3.044293971701366
42,12,1.3771047340402254,1.0000012276484511,-0.0443887466930425,-0.08178648957339284,-0.07575765490201192,0.022279879478675216,0.3926470396129566,3.0442939717013586
42,13,1.3771047340402254,1.0000012276154258,-0.0443887463012839,-0.08178648939034713,-0.07575765430920954,0.022279879396052936,0.3926470409878586,3.044293971701372
42,14,1.3771047340402254,1.0000012276221346,-0.044388745934184806,-0.08178648906359659,-0.07575765391115702,0.02227987939458377,0.3926470427347388,3.0442939717013795
42,15,1.3771047340402254,1.000001227667859,-0.04438874561461597,-0.0817864886137782,-0.07575765373287474,0.02227987947401015,0.3926470447439548,3.0442939717013626
42,16,1.3771047340402254,1.0000012277499903,-0.0443887453628239,-0.08178648806903159,-0.0757576537856601,0.022279879629685632,0.39264704688919055,3.0442939717013777
42,17,1.3771047340402254,1.0000012278632282,-0.04438874519457062,-0.08178648746362191,-0.07575765406615827,0.022279879851656716,0.3926470490357633,3.0442939717013715
42,18,1.3771047340402254,1.0000012280004835,-0.04438874512040684,-0.08178648683566508,-0.07575765455668092,0.022279880125856712,0.39264705104857756,3.044293971701356
42,19,1.3771047340402254,1.0000012281532822,-0.044388745145031085,-0.08178648622454159,-0.07575765522648584,0.022279880435284897,0.39264705280120726,3.04429397170138
42,20,1.3771047340402254,1.000001228311656,-0.04438874526684245,-0.08178648566861763,-0.07575765603337789,0.02227988076047547,0.39264705418398843,3.0442939717013497
42,21,1.3771047340402254,1.0000012284661726,-0.04438874547824552,-0.08178648520298085,-0.07575765692692359,0.022279881080659574,0.3926470551090718,3.044293971701384
42,22,1.3771047340402254,1.000001228606522,-0.04438874576593505,-0.08178648485660593,-0.07575765785054861,0.02227988137642559,0.3926470555196899,3.0442939717013573
42,23,1.3771047340402254,1.0000012287244804,-0.04438874611184126,-0.08178648465159964,-0.07575765874663812,0.022279881628360348,0.3926470553885573,3.044293971701369
42,24,1.3771047340402254,1.0000012288121127,-0.04438874649415711,-0.08178648460054973,-0.075757659558555,0.022279881821253324,0.3926470547252668,3.044293971701361
43,0,1.4098929419935642,0.9974730382330171,-0.04317688571815468,-0.06817279500049063,-0.0783857595266483,0.05343216561477613,0.43954156481667606,3.044293971701385
43,1,1.4098929419935642,0.9974730382313798,-0.043176886101013445,-0.06817279531634703,-0.078385759928743,0.05343216551878747,0.43954156275213485,3.0442939717013804
43,2,1.4098929419935642,0.9974730381974009,-0.04317688645198134,-0.068172795778078,-0.07838576009028186,0.053432165217330095,0.4395415603057813,3.044293971701386
43,3,1.4098929419935642,0.9974730381332749,-0.04317688674905385,-0.06817279635679521,-0.07838576000125386,0.053432164729127714,0.43954155763076913,3.0442939717013795
43,4,1.4098929419935642,0.9974730380428337,-0.04317688697357343,-0.06817279701590144,-0.07838575966698431,0.053432164085603376,0.4395415548960289,3.044293971701384
43,5,1.4098929419935642,0.9974730379319828,-0.04317688711138513,-0.06817279771420819,-0.07838575910884993,0.0534321633263083,0.43954155227263186,3.044293971701394
43,6,1.4098929419935642,0.9974730378075595,-0.04317688715388591,-0.06817279840768468,-0.07838575836157363,0.053432162499488026,0.4395415499259281,3.0442939717013844
43,7,1.4098929419935642,0.9974730376774084,-0.04317688709834284,-0.0681727990529197,-0.07838575747228202,0.053432161656748835,0.439541548002896,3.0442939717013724
43,8,1.4098929419935642,0.9974730375496896,-0.043176886948294114,-0.06817279960913894,-0.07838575649677296,0.053432160851647925,0.43954154662502415,3.044293971701388
43,9,1.4098929419935642,0.9974730374324882,-0.04317688671316348,-0.06817280004159344,-0.07838575549654217,0.05343216013404037,0.4395415458782443,3.0442939717013844
43,10,1.4098929419935642,0.9974730373331654,-0.04317688640771522,-0.06817280032310945,-0.07838575453422776,0.05343215954917902,0.43954154580950333,3.0442939717013817
43,11,1.4098929419935642,0.9974730372578334,-0.043176886051077716,-0.06817280043582713,-0.07838575367023021,0.053432159134294416,0.43954154642388926,3.044293971701383
43,12,1.4098929419935642,0.9974730372114262,-0.04317688566583989,-0.06817280037283474,-0.07838575295910243,0.05343215891502851,0.43954154768171155,3.0442939717013755
43,13,1.4098929419935642,0.9974730371966505,-0.043176885275987446,-0.06817280013798194,-0.07838575244537523,0.053432158905217166,0.4395415495048961,3.0442939717013875
43,14,1.4098929419935642,0.997473037214672,-0.043176884906205,-0.06817279974603865,-0.07838575216133957,0.053432159105698186,0.43954155177831805,3.044293971701396
43,15,1.4098929419935642,0.9974730372640626,-0.04317688457954454,-0.06817279922173214,-0.07838575212473747,0.05343215950345023,0.4395415543593843,3.044293971701378
43,16,1.4098929419935642,0.9974730373419787,-0.04317688431668539,-0.06817279859788611,-0.07838575233806892,0.053432160073921056,0.4395415570857555,3.044293971701394
43,17,1.4098929419935642,0.9974730374433871,-0.04317688413409094,-0.06817279791373147,-0.07838575278783731,0.053432160781071575,0.4395415597862806,3.044293971701387
43,18,1.4098929419935642,0.9974730375619435,-0.04317688404321803,-0.06817279721233983,-0.07838575344572708,0.05343216158027804,0.4395415622910121,3.044293971701373
43,19,1.4098929419935642,0.9974730376903455,-0.04317688404980676,-0.06817279653770439,-0.07838575427054552,0.053432162421606304,0.4395415644426122,3.0442939717013973
43,20,1.4098929419935642,0.9974730378201633,-0.043176884153389425,-0.06817279593216478,-0.07838575521019796,0.053432163252224094,0.43954156610648937,3.0442939717013657
43,21,1.4098929419935642,0.9974730379437472,-0.043176884347529344,-0.06817279543396192,-0.07838575620613832,0.05343216401944353,0.4395415671768614,3.0442939717014
43,22,1.4098929419935642,0.9974730380527488,-0.04317688461997893,-0.0681727950740668,-0.07838575719508703,0.05343216467602962,0.43954156758818635,3.0442939717013733
43,23,1.4098929419935642,0.9974730381408959,-0.04317688495365779,-0.06817279487549023,-0.07838575811559159,0.05343216517958234,0.43954156731274874,3.044293971701385
43,24,1.4098929419935642,0.9974730382021416,-0.043176885327503,-0.06817279485036574,-0.07838575890925974,0.0534321654993468,0.43954156636959285,3.0442939717013773
44,0,1.4426811499469028,0.9948663518944766,-0.040719417503026656,-0.05280932193838254,-0.08051851469413332,0.10006791681644686,0.5006865936838292,3.044293971701346
44,1,1.4426811499469028,0.9948663518820425,-0.040719417895172985,-0.052809322334642014,-0.0805185149361376,0.10006791625782457,0.5006865907541688,3.044293971701342
44,2,1.4426811499469028,0.9948663518457848,-0.04071941826542,-0.052809322890784945,-0.08051851489707751,0.10006791527026074,0.5006865873434473,3.044293971701347
44,3,1.4426811499469028,0.9948663517880365,-0.040719418590561565,-0.052809323572012325,-0.08051851457956766,0.10006791391540318,0.5006865836651977,3.0442939717013404
44,4,1.4426811499469028,0.9948663517122394,-0.04071941885014676,-0.05280932433525356,-0.08051851400313503,0.10006791227949108,0.5006865799516858,3.0442939717013457
44,5,1.4426811499469028,0.9948663516233642,-0.04071941902785128,-0.05280932513280554,-0.08051851320456542,0.1000679104640873,0.5006865764352383,3.0442939717013546
44,6,1.4426811499469028,0.99486635152688,-0.04071941911254465,-0.052809325914382935,-0.08051851223357984,0.10006790858402038,0.5006865733374436,3.0442939717013457
44,7,1.4426811499469028,0.9948663514288701,-0.04071941909885749,-0.05280932663105571,-0.08051851115137339,0.10006790675684563,0.500686570852382,3.0442939717013346
44,8,1.4426811499469028,0.9948663513354782,-0.040719418987673395,-0.05280932723753656,-0.08051851002586352,0.1000679050983116,0.5006865691370416,3.0442939717013493
44,9,1.4426811499469028,0.9948663512526247,-0.04071941878600223,-0.05280932769594295,-0.08051850892801457,0.1000679037116079,0.5006865682983289,3.0442939717013457
44,10,1.4426811499469028,0.9948663511855197,-0.04071941850650077,-0.05280932797746943,-0.0805185079265916,0.10006790268401654,0.500686568388986,3.044293971701343
44,11,1.4426811499469028,0.9948663511382544,-0.04071941816664741,-0.05280932806422569,-0.08051850708436992,0.10006790208086049,0.5006865694043973,3.0442939717013444
44,12,1.4426811499469028,0.9948663511139892,-0.040719417787994254,-0.052809327950974115,-0.08051850645464785,0.10006790193933195,0.5006865712791796,3.0442939717013364
44,13,1.4426811499469028,0.9948663511140458,-0.04071941739410875,-0.052809327644683816,-0.08051850607673303,0.10006790226858138,0.5006865738969751,3.0442939717013497
44,14,1.4426811499469028,0.9948663511386553,-0.040719417009922494,-0.05280932716463703,-0.08051850597453038,0.10006790304807067,0.5006865770923885,3.044293971701357
44,15,1.4426811499469028,0.9948663511859827,-0.040719416659407905,-0.052809326541085146,-0.0805185061541443,0.10006790422830686,0.5006865806651256,3.04429397170134
44,16,1.4426811499469028,0.9948663512533042,-0.04071941636472666,-0.05280932581309547,-0.08051850660467932,0.10006790573570469,0.5006865843903764,3.044293971701355
44,17,1.4426811499469028,0.994866351336257,-0.040719416144348396,-0.05280932502643635,-0.08051850729763263,0.1000679074753306,0.500686588034305,3.044293971701349
44,18,1.4426811499469028,0.994866351429658,-0.04071941601211224,-0.05280932423062986,-0.0805185081894284,0.10006790933755526,0.5006865913676108,3.0442939717013333
44,19,1.4426811499469028,0.9948663515277786,-0.04071941597634663,-0.052809323475600224,-0.08051850922429393,0.1000679112057454,0.5006865941808951,3.044293971701358
44,20,1.4426811499469028,0.9948663516241053,-0.04071941603924234,-0.05280932280871537,-0.080518510336655,0.10006791296267438,0.500686596298221,3.044293971701327
44,21,1.4426811499469028,0.9948663517130699,-0.040719416196940396,-0.05280932227211794,-0.08051851145750522,0.10006791449710167,0.5006865975848616,3.0442939717013617
44,22,1.4426811499469028,0.9948663517885298,-0.04071941643944328,-0.052809321899126425,-0.08051851251526464,0.10006791571414003,0.500686597962281,3.0442939717013346
44,23,1.4426811499469028,0.9948663518462905,-0.040719416751598965,-0.05280932171364547,-0.08051851344460074,0.10006791653552653,0.5006865974042467,3.0442939717013466
44,24,1.4426811499469028,0.9948663518822385,-0.04071941711365988,-0.05280932172691913,-0.08051851418619257,0.10006791691110369,0.5006865959482097,3.0442939717013386
45,0,1.4754693579002414,0.9922008678111666,-0.036238474431732934,-0.035054576740766924,-0.08191153709947897,0.18260401862741923,0.5884680624841417,3.0442939717013977
45,1,1.4754693579002414,0.9922008677951552,-0.0362384748630044,-0.035054577258369725,-0.08191153703903309,0.18260401643777074,0.5884680577728465,3.0442939717013946
45,2,1.4754693579002414,0.9922008677654366,-0.03623847529346737,-0.035054577954176616,-0.0819115366378553,0.18260401330812925,0.5884680524088907,3.0442939717013995
45,3,1.4754693579002414,0.9922008677239273,-0.036238475696152454,-0.03505457878464454,-0.08191153592135392,0.18260400943420071,0.5884680467281102,3.0442939717013924
45,4,1.4754693579002414,0.9922008676730666,-0.03623847604568757,-0.035054579697279604,-0.08191153493384115,0.18260400506143676,0.5884680410891742,3.0442939717013973
45,5,1.4754693579002414,0.9922008676162348,-0.03623847632014836,-0.03505458063503152,-0.08191153373827605,0.18260400046250935,0.5884680358449225,3.044293971701407
45,6,1.4754693579002414,0.9922008675569052,-0.03623847650229247,-0.03505458153878149,-0.08191153240913683,0.18260399592769003,0.5884680313257299,3.044293971701398
45,7,1.4754693579002414,0.9922008674988205,-0.036238476580653614,-0.035054582351943725,-0.08191153103013725,0.18260399174080436,0.5884680278148442,3.0442939717013866
45,8,1.4754693579002414,0.992200867445618,-0.036238476550289736,-0.035054583023135466,-0.08191152968785272,0.18260398816668288,0.5884680255340525,3.0442939717014017
45,9,1.4754693579002414,0.9922008674006842,-0.036238476413176166,-0.03505458351044348,-0.08191152846692133,0.18260398542812106,0.588468024625327,3.044293971701398
45,10,1.4754693579002414,0.9922008673668538,-0.03623847617790836,-0.03505458378324419,-0.08191152744385569,0.18260398369734757,0.5884680251458619,3.0442939717013946
45,11,1.4754693579002414,0.9922008673461338,-0.036238475859150444,-0.03505458382415111,-0.08191152668262877,0.18260398308463754,0.5884680270646644,3.0442939717013964
45,12,1.4754693579002414,0.9922008673400016,-0.03623847547716403,-0.03505458363087388,-0.08191152623167164,0.18260398362686114,0.5884680302585623,3.0442939717013893
45,13,1.4754693579002414,0.992200867348651,-0.03623847505570821,-0.03505458321534854,-0.0819115261188215,0.1826039852909464,0.5884680345293095,3.0442939717014017
45,14,1.4754693579002414,0.9922008673717637,-0.03623847462144636,-0.03505458260376076,-0.0819115263516619,0.18260398797212193,0.5884680396069445,3.044293971701409
45,15,1.4754693579002414,0.9922008674076153,-0.03623847420151541,-0.03505458183460438,-0.08191152691478787,0.18260399150135515,0.5884680451733941,3.044293971701392
45,16,1.4754693579002414,0.9922008674541848,-0.03623847382241711,-0.03505458095611087,-0.08191152777360633,0.18260399565763857,0.5884680508782342,3.044293971701408
45,17,1.4754693579002414,0.9922008675084224,-0.03623847350793272,-0.03505458002349548,-0.08191152887374578,0.18260400017959513,0.5884680563633959,3.044293971701401
45,18,1.4754693579002414,0.9922008675669504,-0.036238473277829183,-0.03505457909546429,-0.08191153014608626,0.18260400478245997,0.5884680612837502,3.044293971701386
45,19,1.4754693579002414,0.9922008676262188,-0.03623847314656912,-0.0350545782302481,-0.081911531511193,0.18260400917759964,0.5884680653301883,3.04429397170141
45,20,1.4754693579002414,0.9922008676821817,-0.0362384731223333,-0.03505457748210469,-0.08191153288215916,0.18260401308939825,0.5884680682497273,3.0442939717013795
45,21,1.4754693579002414,0.9922008677317672,-0.03623847320677844,-0.03505457689835044,-0.08191153417451487,0.1826040162702213,0.5884680698563552,3.0442939717014132
45,22,1.4754693579002414,0.9922008677713569,-0.036238473394439565,-0.035054576515174574,-0.08191153530502036,0.18260401852324892,0.5884680700525837,3.0442939717013866
45,23,1.4754693579002414,0.9922008677989611,-0.036238473673692484,-0.03505457635722227,-0.08191153620463554,0.18260401970338236,0.5884680688223124,3.044293971701398
45,24,1.4754693579002414,0.9922008678124021,-0.03623847402678846,-0.03505457643391126,-0.08191153681516868,0.18260401973950652,0.5884680662465054,3.04429397170139
46,0,1.5082575658535802,0.98951247083709,-0.027487254548727875,-0.013605740898358289,-0.08149563516239922,0.39233170820474744,0.7332800335292969,3.0442939716932824
46,1,1.5082575658535802,0.9895124708332322,-0.027487255153735422,-0.013605741631284344,-0.08149563434989854,0.39233169678343116,0.7332800245094778,3.0442939716932784
46,2,1.5082575658535802,0.9895124708283956,-0.02748725581210613,-0.013605742567526707,-0.08149563309140544,0.39233168246662004,0.7332800146651001,3.044293971693284
46,3,1.5082575658535802,0.9895124708229248,-0.027487256482611057,-0.013605743648487817,-0.08149563146632761,0.3923316661503131,0.7332800046125991,3.0442939716932766
46,4,1.5082575658535802,0.9895124708170276,-0.0274872571229349,-0.013605744805860395,-0.08149562957529113,0.39233164886595584,0.7332799949864744,3.044293971693283
46,5,1.5082575658535802,0.9895124708112184,-0.027487257692993705,-0.013605745967278461,-0.08149562753891719,0.3923316316937592,0.7332799863892263,3.0442939716932917
46,6,1.5082575658535802,0.989512470805791,-0.02748725815690262,-0.01360574705953591,-0.08149562548405655,0.3923316157162455,0.7332799793621968,3.044293971693282
46,7,1.5082575658535802,0.9895124708010951,-0.027487258485551974,-0.013605748014227701,-0.08149562354003914,0.3923316019341986,0.7332799743461802,3.0442939716932713
46,8,1.5082575658535802,0.9895124707974143,-0.027487258658176365,-0.01360574877103042,-0.08149562182898874,0.3923315912186988,0.7332799716580493,3.0442939716932855
46,9,1.5082575658535802,0.9895124707950135,-0.027487258664094842,-0.013605749282710163,-0.081495620458801,0.39233158423777553,0.7332799714643926,3.044293971693282
46,10,1.5082575658535802,0.9895124707940596,-0.027487258502908746,-0.013605749517106367,-0.08149561951547467,0.3923315814304186,0.7332799737776693,3.0442939716932784
46,11,1.5082575658535802,0.9895124707945103,-0.027487258184534295,-0.013605749459168495,-0.08149561905748873,0.3923315829783711,0.7332799784556913,3.04429397169328
46,12,1.5082575658535802,0.9895124707964847,-0.027487257729319686,-0.013605749112938015,-0.08149561911488086,0.3923315887775455,0.7332799851993763,3.0442939716932735
46,13,1.5082575658535802,0.9895124707996936,-0.02748725716554362,-0.013605748499846713,-0.08149561968276965,0.39233159846904303,0.7332799935899518,3.0442939716932855
46,14,1.5082575658535802,0.9895124708041303,-0.02748725652884608,-0.013605747658572124,-0.08149562072705728,0.3923316114411398,0.7332800030967465,3.044293971693294
46,15,1.5082575658535802,0.9895124708092875,-0.02748725585909588,-0.0136057466419896,-0.08149562217992573,0.3923316268789537,0.7332800131248198,3.044293971693276
46,16,1.5082575658535802,0.9895124708150314,-0.027487255198466305,-0.013605745513912613,-0.08149562395209714,0.3923316438131229,0.7332800230423427,3.0442939716932926
46,17,1.5082575658535802,0.9895124708208993,-0.027487254588433263,-0.013605744345220662,-0.08149562593114808,0.39233166117964213,0.7332800322269434,3.0442939716932846
46,18,1.5082575658535802,0.9895124708265507,-0.027487254067369793,-0.013605743209472571,-0.08149562799287413,0.3923316778854083,0.7332800401008368,3.0442939716932695
46,19,1.5082575658535802,0.9895124708317321,-0.027487253667992564,-0.013605742177948854,-0.08149563000897596,0.39233169288206715,0.7332800461693163,3.0442939716932944
46,20,1.5082575658535802,0.9895124708358548,-0.027487253415288442,-0.013605741315301687,-0.08149563184992334,0.3923317052299011,0.7332800500532805,3.0442939716932633
46,21,1.5082575658535802,0.9895124708390204,-0.0274872533253857,-0.013605740676153884,-0.08149563340397938,0.39233171414628243,0.7332800515042482,3.044293971693298
46,22,1.5082575658535802,0.9895124708406264,-0.02748725340359246,-0.013605740300026297,-0.08149563456897253,0.392331719081208,0.733280050436877,3.0442939716932704
46,23,1.5082575658535802,0.9895124708409728,-0.0274872536453708,-0.013605740211283048,-0.08149563527612733,0.39233171971292835,0.7332800469119314,3.044293971693283
46,24,1.5082575658535802,0.9895124708396762,-0.027487254035139814,-0.013605740414833032,-0.08149563547722229,0.3923317160124784,0.733280041157277,3.0442939716932753
47,0,1.5410457738069188,0.9873252869222657,6.50194261819293e-09,0.009373748658887036,2.416578058104732e-08,1.5797446235835497,-5.629940902935476e-07,3.0442939717137842
47,1,1.5410457738069188,0.9873252869109419,4.424623754772819e-09,0.009373748739849036,1.6307859218513306e-08,1.5797446164741447,-3.831081828945676e-07,3.0442939717137816
47,2,1.5410457738069188,0.9873252869041447,2.06383558721125e-09,0.009373748788451276,7.3769092731081065e-09,1.5797446122063152,-1.786752033168526e-07,3.0442939717137887
47,3,1.5410457738069188,0.987325286902299,-4.3261280433079703e-10,0.009373748801641742,-2.0700960387054837e-09,1.5797446110480409,3.7505237646465184e-08,3.0442939717137794
47,4,1.5410457738069188,0.9873252869055227,-2.9070778860199173e-09,0.009373748778605437,-1.142902878001513e-08,1.5797446130708896,2.5178195896605193e-07,3.044293971713786
47,5,1.5410457738069188,0.987325286913609,-5.204756011988336e-09,0.009373748720769858,-2.0122165119481478e-08,1.5797446181494927,4.5074981578491213e-07,3.0442939717137927
47,6,1.5410457738069188,0.9873252869260557,-7.180928545977923e-09,0.009373748631802568,-2.7598682026471096e-08,1.579744625961877,6.218770228095388e-07,3.0442939717137865
47,7,1.5410457738069188,0.9873252869420761,-8.711685947496509e-09,0.009373748517244436,-3.33894126582383e-08,1.5797446360214613,7.544334171567108e-07,3.044293971713773
47,8,1.5410457738069188,0.9873252869606676,-9.700293057937257e-09,0.009373748384327517,-3.7128383091199375e-08,1.5797446476932475,8.400417936312715e-07,3.04429397171379
47,9,1.5410457738069188,0.9873252869806555,-1.008531795400401e-08,0.009373748241408322,-3.858477694578151e-08,1.5797446602434384,8.733832665714508e-07,3.044293971713784
47,10,1.5410457738069188,0.9873252870007907,-9.842483025392719e-09,0.009373748097450414,-3.766807336446493e-08,1.579744672884939,8.523550617950404e-07,3.0442939717137834
47,11,1.5410457738069188,0.987325287019806,-8.98624513553058e-09,0.009373747961480997,-3.4426469349411494e-08,1.5797446848250063,7.782089523240832e-07,3.044293971713788
47,12,1.5410457738069188,0.9873252870365069,-7.571605824835555e-09,0.009373747842102991,-2.9077541379807052e-08,1.579744695308208,6.557077773475944e-07,3.0442939717137776
47,13,1.5410457738069188,0.987325287049838,-5.686371032937311e-09,0.009373747746753385,-2.194241921992489e-08,1.5797447036813492,4.924556951130948e-07,3.044293971713789
47,14,1.5410457738069188,0.9873252870589747,-3.4496695660207787e-09,0.009373747681475742,-1.348489939081033e-08,1.579744709413787,2.9876757636979057e-07,3.0442939717138002
47,15,1.5410457738069188,0.987325287063328,-1.001698001591245e-09,0.00937374765031428,-4.2201455193900325e-09,1.5797447121502466,8.678536005286841e-08,3.044293971713778
47,16,1.5410457738069188,0.9873252870626352,1.5035453982244424e-09,0.00937374765527297,5.2567289659643385e-09,1.5797447117147965,-1.3015699935892133e-07,3.0442939717137927
47,17,1.5410457738069188,0.9873252870569337,3.908728718745127e-09,0.009373747696035793,1.4356993039950708e-08,1.5797447081351736,-3.384342965543491e-07,3.04429397171379
47,18,1.5410457738069188,0.9873252870465838,6.062521358586874e-09,0.009373747770026572,2.2506340459599143e-08,1.579744701637625,-5.249421011366967e-07,3.0442939717137727
47,19,1.5410457738069188,0.9873252870322415,7.829723592500909e-09,0.009373747872594592,2.9187002535333018e-08,1.579744692630593,-6.779739069942559e-07,3.0442939717137962
47,20,1.5410457738069188,0.9873252870147958,9.099690592619808e-09,0.00937374799730822,3.3996745394749076e-08,1.5797446816788838,-7.879464362751942e-07,3.0442939717137687
47,21,1.5410457738069188,0.9873252869953539,9.79166109531368e-09,0.009373748136316869,3.660805189867854e-08,1.579744669471934,-8.478682476838195e-07,3.044293971713798
47,22,1.5410457738069188,0.9873252869751306,9.863526943709624e-09,0.009373748280914767,3.688570645666092e-08,1.579744656774272,-8.540910477628644e-07,3.044293971713776
47,23,1.5410457738069188,0.9873252869554023,9.309239473999863e-09,0.009373748421982402,3.478309922358945e-08,1.5797446443866958,-8.060927466635448e-07,3.0442939717137882
47,24,1.5410457738069188,0.9873252869374014,8.165142041254058e-09,0.0093737485506644,3.045951041098869e-08,1.5797446330867964,-7.070189992353093e-07,3.0442939717137754
