theta0_index,theta1_index,theta0_deg,theta1_deg,periapsis_radius_km,periapsis_time_days,selected_half_manifold_sign,jacobi_drift
0,0,40.0,30.0,130816.47274771366,-425.8577972633515,1.0,4.2730263771773025e-12
0,1,40.0,31.0,123095.27997101219,-426.2180525544119,1.0,6.119549311733863e-12
0,2,40.0,32.0,115354.17405312287,-426.60072664510653,1.0,1.8398615964088094e-12
0,3,40.0,33.0,107659.06604584672,-426.99995481435127,1.0,2.673417043297377e-12
0,4,40.0,34.0,100077.53426436399,-427.4092515373326,1.0,1.943334382303874e-12
0,5,40.0,35.0,92675.8000803452,-427.8217060976794,1.0,4.2534864519439e-12
0,6,40.0,36.0,85515.56489371971,-428.2302433626509,1.0,3.878231069620597e-12
0,7,40.0,37.0,78651.02353633381,-428.6279297922842,1.0,2.0263790645458357e-12
0,8,40.0,38.0,72126.26772801366,-429.0083247775502,1.0,2.05702122002549e-12
0,9,40.0,39.0,65973.35924092346,-429.36584144388684,1.0,4.630518191106603e-12
0,10,40.0,40.0,60211.36632774754,-429.6960709986002,1.0,1.9197976541818207e-12
0,11,40.0,41.0,54846.27850786297,-429.9960641795833,1.0,2.2093438190040615e-12
0,12,40.0,42.0,49871.95719810894,-430.26450722733966,1.0,1.233546598200519e-11
0,13,40.0,43.0,45271.836341816525,-430.5017942915513,1.0,2.41184849869569e-12
0,14,40.0,44.0,41021.21267822323,-430.70997939898405,1.0,1.3877343718604607e-11
0,15,40.0,45.0,37089.866688328926,-430.89261310769353,1.0,5.548450587866682e-12
0,16,40.0,46.0,33444.72291708479,-431.0544923813371,1.0,1.8471446594503504e-11
0,17,40.0,47.0,30052.359556188298,-431.20134764230124,1.0,8.463452161322493e-12
0,18,40.0,48.0,26881.220451241115,-431.3394977048674,1.0,2.1030288621659565e-11
0,19,40.0,49.0,23903.376098946857,-431.4755190775001,1.0,1.3629541939508272e-11
0,20,40.0,50.0,21095.893755322857,-431.6159276753444,1.0,1.1160850021951774e-11
0,21,40.0,51.0,18441.731444392248,-431.76691449666504,1.0,1.5799361818835678e-11
0,22,40.0,52.0,15930.218638443357,-431.9341339400227,1.0,5.764722033063663e-12
0,23,40.0,53.0,13557.199642382617,-432.1225348706585,1.0,5.3303583769093166e-11
0,24,40.0,54.0,11324.831140577233,-432.33624695627503,1.0,2.290345690880713e-11
0,25,40.0,55.0,9241.101302622354,-432.5785093495798,1.0,8.500755654949899e-12
0,26,40.0,56.0,7319.142785553531,-432.85161786081534,1.0,6.405009855825483e-11
0,27,40.0,57.0,5576.298862172857,-433.1569168912884,1.0,8.748690660809189e-11
0,28,40.0,58.0,4033.05602809198,-433.49479666725244,1.0,1.887112688336856e-11
0,29,40.0,59.0,2711.8262980170207,-433.8647159919216,1.0,2.6780355710798176e-11
0,30,40.0,60.0,1635.6394722993991,-434.26524903602945,1.0,4.5784709357121756e-11
0,31,40.0,61.0,826.8084784846329,-434.6941506135805,1.0,8.102079007699103e-10
0,32,40.0,62.0,305.6359353892618,-435.14844810414263,1.0,5.736215946683387e-10
0,33,40.0,63.0,89.23942799154591,-435.6245755089905,1.0,6.967071364272215e-10
0,34,40.0,64.0,190.6078691866346,-436.11852686221243,1.0,5.81854564529749e-10
0,35,40.0,65.0,617.968229783266,-436.62605492444317,1.0,8.847216292906523e-10
0,36,40.0,66.0,1374.5569926970697,-437.14289884237957,1.0,4.944800124917492e-10
0,37,40.0,67.0,2458.839273433999,-437.6650200291816,1.0,9.769252073965617e-11
0,38,40.0,68.0,3865.1968625641493,-438.1888589886064,1.0,2.7324364992864503e-11
0,39,40.0,69.0,5585.04149470466,-438.7115743731045,1.0,1.7357670856199547e-11
0,40,40.0,70.0,7608.253876065317,-439.2312475803618,1.0,2.419220379579201e-11
0,41,40.0,71.0,9924.83732388219,-439.7470497583807,1.0,1.0132783501148879e-11
0,42,40.0,72.0,12526.582346419504,-440.25932861443374,1.0,6.915801264995025e-12
0,43,40.0,73.0,15408.630824302665,-440.7696368644858,1.0,6.079581282847357e-12
0,44,40.0,74.0,18570.759016020933,-441.2806783994939,1.0,6.198597191087174e-12
0,45,40.0,75.0,22018.259047681822,-441.7961761113119,1.0,9.594991468020453e-12
0,46,40.0,76.0,25762.412186135556,-442.32069411138536,1.0,4.688693877596961e-12
0,47,40.0,77.0,29820.44869646644,-442.8593982665148,1.0,1.3735235171452587e-11
0,48,40.0,78.0,34215.04372961193,-443.4177891524254,1.0,4.070965786695524e-12
0,49,40.0,79.0,38973.39971929616,-444.00142711071135,1.0,6.718181566611747e-12
0,50,40.0,80.0,44125.87714870129,-444.61564267046504,1.0,7.530864820637362e-12
0,51,40.0,81.0,49704.222659592495,-445.265248656014,1.0,3.4487968036955863e-12
0,52,40.0,82.0,55739.459182719445,-445.9542701869518,1.0,6.850076061937216e-12
0,53,40.0,83.0,62259.39621038257,-446.6856805467414,1.0,8.069545032185488e-12
0,54,40.0,84.0,69285.76714159422,-447.46114073975576,1.0,3.055333763768431e-12
0,55,40.0,85.0,76831.11832590285,-448.28076244742306,1.0,3.098410417123887e-12
0,56,40.0,86.0,84895.43399019122,-449.1428754683317,1.0,3.0659919048048323e-12
0,57,40.0,87.0,88922.86790239961,-284.19961739062137,1.0,1.5210055437364645e-12
0,58,40.0,88.0,88258.84221722347,-284.18064890512744,1.0,1.6338042030383804e-12
0,59,40.0,89.0,87652.11112072073,-284.16401734451773,1.0,1.835864793520159e-12
0,60,40.0,90.0,87103.11444642232,-284.1473341297228,1.0,2.1009860518006462e-12
0,61,40.0,91.0,86611.09676474406,-284.12805451968967,1.0,2.3789858971667854e-12
0,62,40.0,92.0,86174.02799873518,-284.10359280860564,1.0,2.6116886431282182e-12
0,63,40.0,93.0,85788.64061241355,-284.07144606813887,1.0,2.7355895326763857e-12
0,64,40.0,94.0,85450.5897808936,-284.02931934058654,1.0,2.7142732506035827e-12
0,65,40.0,95.0,85154.72891672757,-283.97524661934693,1.0,2.5215385335286555e-12
0,66,40.0,96.0,84895.47850156379,-283.9077014765072,1.0,2.212452443473012e-12
0,67,40.0,97.0,84667.24962746975,-283.8256874427409,1.0,1.8611778784816124e-12
0,68,40.0,98.0,84464.88425607394,-283.7288075710625,1.0,1.575184427338172e-12
0,69,40.0,99.0,84284.0655897129,-283.6173052469471,1.0,1.433075880186152e-12
0,70,40.0,100.0,84121.65540214536,-283.49207047562595,1.0,1.4241940959891508e-12
1,0,41.0,30.0,134719.3145695895,-425.77441244251116,1.0,2.5441870832310087e-12
1,1,41.0,31.0,126940.6009246708,-426.1371249900207,1.0,2.375433183487985e-12
1,2,41.0,32.0,119114.40204759335,-426.5245037746053,1.0,1.7394974349826953e-12
1,3,41.0,33.0,111308.49548140528,-426.9306714421171,1.0,2.140954080687152e-12
1,4,41.0,34.0,103593.71139061748,-427.34898662147253,1.0,1.9739765377835283e-12
1,5,41.0,35.0,96040.83260412983,-427.7722197568503,1.0,2.4429347433851945e-12
1,6,41.0,36.0,88717.23468430093,-428.1928028532672,1.0,3.2502889268926083e-12
1,7,41.0,37.0,81683.52120824005,-428.6031464345752,1.0,4.1593395394556865e-12
1,8,41.0,38.0,74990.40146425909,-428.9960269673191,1.0,4.507949569187986e-12
1,9,41.0,39.0,68676.3138309203,-429.3649810494451,1.0,2.135180920959101e-12
1,10,41.0,40.0,62765.86855689893,-429.70470203257634,1.0,1.0311751452718454e-11
1,11,41.0,41.0,57269.38732353276,-430.0113828164225,1.0,5.423217430688965e-12
1,12,41.0,42.0,52183.53869826985,-430.28296212170625,1.0,2.1662671656486054e-12
1,13,41.0,43.0,47492.90576034797,-430.5192566759029,1.0,1.2678746941219288e-11
1,14,41.0,44.0,43172.31157290082,-430.7219533276554,1.0,3.1041835768519377e-12
1,15,41.0,45.0,39189.60048633217,-430.89446614424065,1.0,1.1106227049140216e-11
1,16,41.0,46.0,35508.557128009474,-431.04168221910714,1.0,3.0229152514493762e-12
1,17,41.0,47.0,32091.732827658605,-431.1696241289286,1.0,8.876455126483052e-12
1,18,41.0,48.0,28902.94601379857,-431.2850745846519,1.0,4.2303938130316965e-12
1,19,41.0,49.0,25909.376677695665,-431.3951929215914,1.0,8.08242361927114e-12
1,20,41.0,50.0,23083.18342050869,-431.50715643604997,1.0,4.260591879301501e-12
1,21,41.0,51.0,20402.598068059484,-431.6278624789345,1.0,3.26201288203265e-11
1,22,41.0,52.0,17852.629524025015,-431.76367261061085,1.0,2.2510882047299674e-11
1,23,41.0,53.0,15425.317510224228,-431.9202315474324,1.0,5.8468785368859244e-12
1,24,41.0,54.0,13119.646472179758,-432.1023407122088,1.0,4.693845312431222e-11
1,25,41.0,55.0,10941.19118115305,-432.3138671914789,1.0,7.036593530074242e-12
1,26,41.0,56.0,8901.4652147513,-432.55770407291277,1.0,8.914202709320307e-12
1,27,41.0,57.0,7017.080639761857,-432.8357466011891,1.0,9.350475949077008e-11
1,28,41.0,58.0,5308.709387988393,-433.14889066076285,1.0,2.6076030223975977e-11
1,29,41.0,59.0,3799.885377311453,-433.4970459892289,1.0,2.3319124409226788e-11
1,30,41.0,60.0,2515.670174013126,-433.8791732668714,1.0,2.8993696332690888e-11
1,31,41.0,61.0,1481.2595666590257,-434.29332612683777,1.0,4.2812864364805137e-11
1,32,41.0,62.0,720.5498219159255,-434.73673141166654,1.0,7.880913699409575e-10
1,33,41.0,63.0,254.78035297833625,-435.2058863882004,1.0,3.8189540418898105e-10
1,34,41.0,64.0,101.32213385289403,-435.6967015929613,1.0,1.1952510092783086e-09
1,35,41.0,65.0,272.73467888712577,-436.2046758643363,1.0,2.6466873137565017e-10
1,36,41.0,66.0,776.1876162442263,-436.72510889620537,1.0,1.2683676331448623e-10
1,37,41.0,67.0,1613.336295505791,-437.2533495058639,1.0,5.6994853281366886e-11
1,38,41.0,68.0,2780.6981767845296,-437.7850560532133,1.0,9.162448577626492e-11
1,39,41.0,69.0,4270.530763043413,-438.31646617649244,1.0,1.0523226734449054e-10
1,40,41.0,70.0,6072.161478236466,-438.8446532196179,1.0,5.0042192611954306e-11
1,41,41.0,71.0,8173.626072364824,-439.36773185567193,1.0,1.1955769707583386e-11
1,42,41.0,72.0,10563.485090414615,-439.885016012097,1.0,7.94431187500777e-12
1,43,41.0,73.0,13232.621407144787,-440.39710078350123,1.0,7.000622304076387e-12
1,44,41.0,74.0,16175.81902986423,-440.90585258045786,1.0,5.811351400097919e-12
1,45,41.0,75.0,19393.029533138557,-441.41433213670024,1.0,7.51221307382366e-12
1,46,41.0,76.0,22890.15274610444,-441.9266270845339,1.0,1.2116974090758958e-11
1,47,41.0,77.0,26679.325133427632,-442.4476294882216,1.0,4.447997525858227e-12
1,48,41.0,78.0,30778.710787344036,-442.9827739960717,1.0,5.95790083934844e-12
1,49,41.0,79.0,35211.756099051614,-443.53773500689647,1.0,4.46576109425223e-12
1,50,41.0,80.0,40006.02550038215,-444.11812581747284,1.0,4.121591956618431e-12
1,51,41.0,81.0,45191.59921164072,-444.72919265203086,1.0,3.76099151822018e-12
1,52,41.0,82.0,50799.09555261858,-445.37552028532787,1.0,7.295053450206979e-12
1,53,41.0,83.0,56857.293464644164,-446.06074293301526,1.0,7.641443033890027e-12
1,54,41.0,84.0,63390.46099330781,-446.78728080544533,1.0,3.2822633500018128e-12
1,55,41.0,85.0,70415.33451017921,-447.5560814351463,1.0,3.0442315335221792e-12
1,56,41.0,86.0,77937.8777476675,-448.36638246782996,1.0,2.844391389089651e-12
1,57,41.0,87.0,85949.9296920982,-449.2154981937177,1.0,2.9380942123680143e-12
1,58,41.0,88.0,88227.37171133397,-284.2661119786834,1.0,2.078781591308143e-12
1,59,41.0,89.0,87575.79989015915,-284.24758955544087,1.0,2.5122126601218042e-12
1,60,41.0,90.0,86980.54947638417,-284.2302603208288,1.0,3.028688411177427e-12
1,61,41.0,91.0,86441.70100608413,-284.2115310331125,1.0,3.5553782140596013e-12
1,62,41.0,92.0,85958.06082646427,-284.1886945495147,1.0,2.1525004001432535e-12
1,63,41.0,93.0,85527.12288787206,-284.1590593791638,1.0,2.5348612098241574e-12
1,64,41.0,94.0,85145.16034189866,-284.12008586626416,1.0,2.7351454434665357e-12
1,65,41.0,95.0,84807.44669745701,-284.0695205120771,1.0,2.660538456211725e-12
1,66,41.0,96.0,84508.59025887115,-284.00552196605645,1.0,2.3065993559612252e-12
1,67,41.0,97.0,84242.9516176574,-283.9267729034785,1.0,1.8625101461111626e-12
1,68,41.0,98.0,84005.1005340215,-283.83256936484895,1.0,2.531752585355207e-12
1,69,41.0,99.0,83790.25925605306,-283.7228775596784,1.0,1.887823231072616e-12
1,70,41.0,100.0,83594.69794055838,-283.59836447567,1.0,1.5099033134902129e-12
2,0,42.0,30.0,138419.2938256993,-425.72858312068587,1.0,1.5436540934388177e-12
2,1,42.0,31.0,130616.45432590366,-426.08950123251253,1.0,1.965982932006227e-12
2,2,42.0,32.0,122742.18281526337,-426.4767084903822,1.0,1.957101147809226e-12
2,3,42.0,33.0,114864.52396808562,-426.88447896290455,1.0,1.77280412572145e-12
2,4,42.0,34.0,107055.833339595,-427.30620561276504,1.0,3.162359263342296e-12
2,5,42.0,35.0,99389.73936726857,-427.7345488768283,1.0,5.136335801125824e-12
2,6,42.0,36.0,91937.67127585002,-428.1616729851594,1.0,1.91624494050302e-12
2,7,42.0,37.0,84765.21679039978,-428.57956699881817,1.0,3.622879773956811e-12
2,8,42.0,38.0,77928.71262257098,-428.98043253351653,1.0,2.999378523327323e-12
2,9,42.0,39.0,71472.31623260287,-429.3571249640861,1.0,1.7434942378713458e-12
2,10,42.0,40.0,65426.03808877531,-429.7035837253554,1.0,2.0685675394815917e-12
2,11,42.0,41.0,59804.792920246844,-430.01524009535206,1.0,2.3430146711689304e-12
2,12,42.0,42.0,54608.679692375496,-430.2893258983856,1.0,2.759126260798439e-12
2,13,42.0,43.0,49824.326985475374,-430.5250652568169,1.0,2.566391543723512e-12
2,14,42.0,44.0,45427.16259946579,-430.72370991732345,1.0,1.4022560890225577e-11
2,15,42.0,45.0,41384.234706856776,-430.8884309531409,1.0,2.76534350973634e-12
2,16,42.0,46.0,37657.3249606924,-431.02406850852753,1.0,4.447997525858227e-12
2,17,42.0,47.0,34205.9999772585,-431.136786360472,1.0,1.8680612612342884e-11
2,18,42.0,48.0,30990.39397732275,-431.23366823368724,1.0,3.4150460237469815e-12
2,19,42.0,49.0,27973.58097209782,-431.3222955453537,1.0,1.935873683578393e-11
2,20,42.0,50.0,25123.407706888767,-431.41035954184326,1.0,5.242917211489839e-12
2,21,42.0,51.0,22413.85532925619,-431.50531290891206,1.0,3.071676246690913e-11
2,22,42.0,52.0,19825.876756622045,-431.6140974860557,1.0,4.314326673693358e-12
2,23,42.0,53.0,17347.808380239734,-431.7429395950673,1.0,1.496092139063876e-11
2,24,42.0,54.0,14975.430622211392,-431.897201744411,1.0,6.7341687781663495e-12
2,25,42.0,55.0,12711.673860013892,-432.08129921402406,1.0,7.154721259894359e-12
2,26,42.0,56.0,10566.085695992222,-432.2986473903131,1.0,8.768097359279636e-12
2,27,42.0,57.0,8554.057486183448,-432.55164004099987,1.0,5.980993478260643e-11
2,28,42.0,58.0,6695.847831731165,-432.84164656692974,1.0,1.0723733012696357e-10
2,29,42.0,59.0,5015.425522876494,-433.16902385204526,1.0,1.5161205624281138e-11
2,30,42.0,60.0,3539.1714693658905,-433.5331338313799,1.0,2.1309176645445405e-10
2,31,42.0,61.0,2294.449207538905,-433.93238118933095,1.0,2.3048896125033025e-10
2,32,42.0,62.0,1308.1151946776324,-434.3642637962552,1.0,4.9900084064802286e-11
2,33,42.0,63.0,605.0202307353441,-434.82545329207034,1.0,3.7379033202000755e-10
2,34,42.0,64.0,206.60306795585086,-435.31190556183844,1.0,3.2478659761636663e-09
2,35,42.0,65.0,129.67690702858516,-435.81901291644454,1.0,1.4261414271743433e-09
2,36,42.0,66.0,385.529502235739,-436.3417989809822,1.0,1.1344423178627494e-09
2,37,42.0,67.0,979.4487821229951,-436.8751545796472,1.0,1.4840972895058258e-10
2,38,42.0,68.0,1910.7540061575053,-437.4140981161973,1.0,3.404503345905141e-10
2,39,42.0,69.0,3173.3838304052406,-437.9540697301774,1.0,1.5407009001933147e-10
2,40,42.0,70.0,4757.008143099093,-438.49120870700136,1.0,2.3101964785610107e-11
2,41,42.0,71.0,6648.589653523621,-439.02261594391643,1.0,1.566391460983141e-11
2,42,42.0,72.0,8834.24383080533,-439.54656508648964,1.0,9.57456336436735e-12
2,43,42.0,73.0,11301.186771686898,-440.06263462359095,1.0,3.8042902161805614e-11
2,44,42.0,74.0,14039.61535252648,-440.57177187111375,1.0,3.134514869884697e-11
2,45,42.0,75.0,17044.278844089436,-441.07625146594137,1.0,2.609690241683893e-11
2,46,42.0,76.0,20315.62548780738,-441.5795509176011,1.0,6.3651306447809475e-12
2,47,42.0,77.0,23860.44166988442,-442.0861520084544,1.0,5.265121671982342e-12
2,48,42.0,78.0,27691.90823210793,-442.60127428584866,1.0,5.384137580222159e-12
2,49,42.0,79.0,31829.14481461425,-443.13057954712446,1.0,4.314770762903208e-12
2,50,42.0,80.0,36296.22912967447,-443.6798485104435,1.0,6.1883831392606226e-12
2,51,42.0,81.0,41120.78837887763,-444.2546610946902,1.0,3.943068094258706e-12
2,52,42.0,82.0,46332.14102189624,-444.86007239434304,1.0,3.4643399260403385e-12
2,53,42.0,83.0,51959.115173333324,-445.5003164971685,1.0,7.598810469744421e-12
2,54,42.0,84.0,58027.51256273444,-446.1785223721944,1.0,3.3737457272309257e-12
2,55,42.0,85.0,64557.25476690415,-446.8964460967719,1.0,3.184563723834799e-12
2,56,42.0,86.0,71559.2991984398,-447.6542267690546,1.0,2.8599345114344032e-12
2,57,42.0,87.0,79032.41776488886,-448.4501686988105,1.0,2.7906565946977935e-12
2,58,42.0,88.0,86959.9557186285,-449.2805480531106,1.0,2.595257342363766e-12
2,59,42.0,89.0,87561.8223260455,-284.3239503853182,1.0,3.4292568784621835e-12
2,60,42.0,90.0,86920.94969450147,-284.3039157644236,1.0,2.0552448631860898e-12
2,61,42.0,91.0,86335.05655764912,-284.2838589994482,1.0,2.8750335445693054e-12
2,62,42.0,92.0,85803.87879310152,-284.26103848181316,1.0,3.930633596382904e-12
2,63,42.0,93.0,85325.84318719135,-284.2326555298712,1.0,2.7693403126249905e-12
2,64,42.0,94.0,84898.07847021607,-284.1959963041193,1.0,3.1596947280831955e-12
2,65,42.0,95.0,84516.56237761478,-284.1485752400184,1.0,3.26361160318811e-12
2,66,42.0,96.0,84176.39802747793,-284.08827484436404,1.0,2.9971580772780726e-12
2,67,42.0,97.0,83872.19602767468,-284.01347468854374,1.0,2.4948931809376518e-12
2,68,42.0,98.0,83598.5180200819,-283.9231554995701,1.0,2.9465319073551655e-12
2,69,42.0,99.0,83350.340199388,-283.81698128338576,1.0,1.8696155734687636e-12
2,70,42.0,100.0,83123.47861245298,-283.69534283586796,1.0,2.2937207688755734e-12
3,0,43.0,30.0,141903.15181318726,-425.72142195148405,1.0,1.5205614545266144e-12
3,1,43.0,31.0,134110.1498772323,-426.0762609010352,1.0,4.7553072590744705e-12
3,2,43.0,32.0,126226.3065482577,-426.45830318535394,1.0,1.9246826354901714e-12
3,3,43.0,33.0,118318.40528911496,-426.86211669959334,1.0,4.104716566644129e-12
3,4,43.0,34.0,110458.60435721843,-427.2813038386983,1.0,1.6053824936079764e-12
3,5,43.0,35.0,102721.51781722213,-427.70862536942883,1.0,1.9553247909698257e-12
3,6,43.0,36.0,95180.7449804882,-428.1362190579128,1.0,6.1954885666182236e-12
3,7,43.0,37.0,87905.19929423711,-428.5558981353234,1.0,2.2502000263102673e-12
3,8,43.0,38.0,80955.4038483706,-428.95954730932385,1.0,2.2111201758434618e-12
3,9,43.0,39.0,74380.273650798,-429.33956929345146,1.0,7.343459174080635e-12
3,10,43.0,40.0,68214.70023338294,-429.68934938064626,1.0,8.595790745857812e-12
3,11,43.0,41.0,62478.181941003815,-430.0037028561839,1.0,1.9264589923295716e-12
3,12,43.0,42.0,57174.68921756854,-430.2792396953282,1.0,2.3594459719333827e-12
3,13,43.0,43.0,52293.73944476169,-430.5146041179487,1.0,3.5713654256142036e-12
3,14,43.0,44.0,47812.44053452286,-430.7105692493132,1.0,1.2998491172311333e-11
3,15,43.0,45.0,43698.31667083912,-430.8699530686727,1.0,2.4913404672588513e-12
3,16,43.0,46.0,39912.43950531365,-430.9974002772278,1.0,4.4075854077618715e-12
3,17,43.0,47.0,36412.648129185436,-431.0990372345003,1.0,3.4661162828797387e-12
3,18,43.0,48.0,33156.549978078154,-431.1820520364239,1.0,7.844391802791506e-12
3,19,43.0,49.0,30104.093549380173,-431.2542560511417,1.0,1.340794142379309e-11
3,20,43.0,50.0,27219.651188254356,-431.3236601320401,1.0,3.524736058579947e-12
3,21,43.0,51.0,24473.56659409162,-431.39810173432153,1.0,1.1324274851176597e-11
3,22,43.0,52.0,21843.165987593322,-431.48494823326615,1.0,2.993427727915332e-11
3,23,43.0,53.0,19313.350632694957,-431.59086400905625,1.0,2.5509816481417147e-11
3,24,43.0,54.0,16876.741360519904,-431.7216621717999,1.0,2.5758950528143032e-11
3,25,43.0,55.0,14533.527851808205,-431.8822043017091,1.0,3.176703344820453e-11
3,26,43.0,56.0,12291.021722750442,-432.07634845928754,1.0,9.632739050857708e-12
3,27,43.0,57.0,10162.971116776585,-432.30692728276534,1.0,6.737410629398255e-11
3,28,43.0,58.0,8168.6567400471695,-432.57574852536436,1.0,7.516698374843145e-11
3,29,43.0,59.0,6331.829182699628,-432.8835928483489,1.0,8.892753200484549e-11
3,30,43.0,60.0,4679.4379787361495,-433.23023616226726,1.0,1.5041079493016696e-10
3,31,43.0,61.0,3240.247256892802,-433.6144637386869,1.0,1.1003553623822881e-10
3,32,43.0,62.0,2043.315671849244,-434.03411197770663,1.0,3.7969627442180354e-11
3,33,43.0,63.0,1116.4396884106395,-434.48611481546493,1.0,3.3770541918443087e-10
3,34,43.0,64.0,484.60149915244665,-434.96659446913407,1.0,1.2974465946058444e-10
3,35,43.0,65.0,168.55075289639782,-435.4709818813938,1.0,1.0454312970864521e-09
3,36,43.0,66.0,183.62722258010442,-435.99418539499703,1.0,3.0259794669973417e-10
3,37,43.0,67.0,538.9568294456636,-436.53080535993615,1.0,1.6084422682638433e-10
3,38,43.0,68.0,1237.1335216743983,-437.0753900271512,1.0,5.957412341217605e-11
3,39,43.0,69.0,2274.468068787166,-437.6227271884681,1.0,2.482494210198638e-10
3,40,43.0,70.0,3641.825132940036,-438.1681459717853,1.0,1.6066969976691325e-10
3,41,43.0,71.0,5326.011682985797,-438.70781778915216,1.0,9.390666022568439e-11
3,42,43.0,72.0,7311.571564981933,-439.23900656504253,1.0,1.4408030324375432e-11
3,43,43.0,73.0,9582.836463641122,-439.760272536757,1.0,3.042055496393914e-11
3,44,43.0,74.0,12125.995687576433,-440.27158682922357,1.0,1.1309619907251545e-11
3,45,43.0,75.0,14930.965031943477,-440.774349420563,1.0,1.0843326236908979e-11
3,46,43.0,76.0,17992.88279829794,-441.27131078887555,1.0,6.59516885548328e-12
3,47,43.0,77.0,21313.09896112553,-441.7664074277929,1.0,7.816858271780802e-12
3,48,43.0,78.0,24899.557719702323,-442.264510473543,1.0,1.7603252189246632e-11
3,49,43.0,79.0,28766.62740441019,-442.7711343315947,1.0,4.6838088962886104e-12
3,50,43.0,80.0,32934.37195929476,-443.2921094971075,1.0,3.997246977860414e-12
3,51,43.0,81.0,37427.29398185898,-443.8332347261874,1.0,6.866063273491818e-12
3,52,43.0,82.0,42272.70354658724,-444.3999502365217,1.0,3.751665644813329e-12
3,53,43.0,83.0,47498.66315170645,-444.9970133156703,1.0,3.5913494400574564e-12
3,54,43.0,84.0,53131.62830443333,-445.62820226577264,1.0,3.552269589590651e-12
3,55,43.0,85.0,59193.779437348174,-446.2960400535026,1.0,3.1739055827983975e-12
3,56,43.0,86.0,65700.13427903497,-447.00154747758904,1.0,2.958078226811267e-12
3,57,43.0,87.0,72655.47398329798,-447.7440167892512,1.0,2.864375403532904e-12
3,58,43.0,88.0,80051.25184577418,-448.5208209257704,1.0,5.856204410292776e-12
3,59,43.0,89.0,87612.21112238272,-284.3936525677721,1.0,2.0885515539248445e-12
3,60,43.0,90.0,86927.46896494183,-284.36894688850657,1.0,3.091749078976136e-12
3,61,43.0,91.0,86295.41908207703,-284.34572892419425,1.0,4.5643488988389436e-12
3,62,43.0,92.0,85716.74322713402,-284.32131112042606,1.0,3.439915019498585e-12
3,63,43.0,93.0,85190.89790075748,-284.29287302901196,1.0,4.6083137306141e-12
3,64,43.0,94.0,84716.04024907872,-284.2576033228577,1.0,5.653255641391297e-12
3,65,43.0,95.0,84289.08838349981,-284.2128502095799,1.0,6.224798454468328e-12
3,66,43.0,96.0,83905.91874201698,-284.1562703350282,1.0,6.112443884376262e-12
3,67,43.0,97.0,83561.68421833073,-284.08596786455644,1.0,5.277556169858144e-12
3,68,43.0,98.0,83251.22096740443,-284.00061702733694,1.0,3.9022118869525e-12
3,69,43.0,99.0,82969.49957678007,-283.8995606350641,1.0,2.5215385335286555e-12
3,70,43.0,100.0,82712.06549304728,-283.78287208324076,1.0,2.381650432425886e-12
4,0,44.0,30.0,145162.05366360612,-425.75333638674704,1.0,1.6782131240233866e-12
4,1,44.0,31.0,137412.71865424674,-426.09789685808533,1.0,2.3785418079569354e-12
4,2,44.0,32.0,129558.41273876693,-426.4698053851146,1.0,3.1303848402330914e-12
4,3,44.0,33.0,121663.25646858983,-426.86404357367314,1.0,1.894928658430217e-12
4,4,44.0,34.0,113797.50114028202,-427.2745858221228,1.0,2.949640531824116e-12
4,5,44.0,35.0,106034.80989742269,-427.6944992384639,1.0,4.03987954200602e-12
4,6,44.0,36.0,98448.99011273033,-428.11612824176166,1.0,3.219202682203104e-12
4,7,44.0,37.0,91110.32896744482,-428.531377449283,1.0,1.7275070263167436e-12
4,8,44.0,38.0,84081.84130987355,-428.93208845368014,1.0,2.5139890169612045e-12
4,9,44.0,39.0,77415.87358930866,-429.3104776492605,1.0,3.675282300719118e-12
4,10,44.0,40.0,71151.34733423697,-429.65961547315754,1.0,1.8549606295437115e-12
4,11,44.0,41.0,65312.02142178895,-429.9738939073804,1.0,3.651745572597065e-12
4,12,44.0,42.0,59905.97765467539,-430.2494235696403,1.0,2.568611989772762e-12
4,13,44.0,43.0,54926.29759544414,-430.4843235942134,1.0,9.244160992238903e-12
4,14,44.0,44.0,50352.86149643579,-430.67885618988356,1.0,2.546851618490109e-12
4,15,44.0,45.0,46154.95933223927,-430.8353936327092,1.0,4.374278717023117e-12
4,16,44.0,46.0,42294.38036409073,-430.9582303264328,1.0,1.0670575534277305e-11
4,17,44.0,47.0,38728.68534150638,-431.0532540567056,1.0,6.902034499489673e-12
4,18,44.0,48.0,35414.290909232404,-431.1275402371017,1.0,1.7827073151011064e-11
4,19,44.0,49.0,32309.232543028036,-431.1889005012419,1.0,6.830980225913663e-12
4,20,44.0,50.0,29375.42374759012,-431.2454454264457,1.0,3.1166180747277394e-12
4,21,44.0,51.0,26580.36689921604,-431.30519769775225,1.0,8.312461829973472e-12
4,22,44.0,52.0,23898.38193296488,-431.3757637330915,1.0,2.6147528586761837e-11
4,23,44.0,53.0,21311.30209395278,-431.4640969550475,1.0,1.3126388864748151e-11
4,24,44.0,54.0,18808.786916983365,-431.57632795786344,1.0,5.2584603338345914e-12
4,25,44.0,55.0,16388.283547740564,-431.7176578611788,1.0,4.410694032230822e-11
4,26,44.0,56.0,14054.686302500679,-431.89230267858915,1.0,5.17959009016522e-11
4,27,44.0,57.0,11819.742650014221,-432.10347318244214,1.0,5.896216848100266e-11
4,28,44.0,58.0,9701.272322582985,-432.3533638049342,1.0,4.3502090818492434e-11
4,29,44.0,59.0,7722.1612573290295,-432.643161141908,1.0,1.3794743125572495e-11
4,30,44.0,60.0,5909.198886348374,-432.97304795912055,1.0,1.474731448070088e-11
4,31,44.0,61.0,4291.736299869456,-433.3422161427119,1.0,1.6244650069552335e-10
4,32,44.0,62.0,2900.2125950440413,-433.7488815134823,1.0,2.964961609563943e-11
4,33,44.0,63.0,1764.5671517119342,-434.1903230324968,1.0,1.7814372199609352e-10
4,34,44.0,64.0,912.6320110179091,-434.6629311440635,1.0,9.025180602861838e-11
4,35,44.0,65.0,368.55937764596877,-435.1623080304689,1.0,5.185194495993528e-10
4,36,44.0,66.0,151.4311441796112,-435.6834028543132,1.0,9.607949991163878e-10
4,37,44.0,67.0,274.1686749983276,-436.2206984979043,1.0,2.951070499079833e-10
4,38,44.0,68.0,742.8823059031571,-436.76845323408696,1.0,8.600871126418497e-10
4,39,44.0,69.0,1556.7690311602607,-437.32097590680104,1.0,6.340972191765104e-11
4,40,44.0,70.0,2708.631447971029,-437.87294591730495,1.0,5.701306093897074e-11
4,41,44.0,71.0,4186.001801286791,-438.41972377852176,1.0,2.1120882820468978e-11
4,42,44.0,72.0,5972.802553059688,-438.95765305259096,1.0,6.655653805864858e-11
4,43,44.0,73.0,8051.3798399151165,-439.4843112762344,1.0,2.6480151404939534e-11
4,44,44.0,74.0,10404.689778826092,-439.9986837348022,1.0,3.189315478380195e-11
4,45,44.0,75.0,13018.403453253097,-440.5012404993296,1.0,9.899192576767746e-12
4,46,44.0,76.0,15882.722025112407,-440.9939186504593,1.0,1.0593304011763394e-11
4,47,44.0,77.0,18993.689475146133,-441.47998866180217,1.0,2.4229951378629266e-11
4,48,44.0,78.0,22353.96122878853,-441.96384840877454,1.0,5.6132876125047915e-12
4,49,44.0,79.0,25972.920038360306,-442.4507342554954,1.0,8.005596185967079e-12
4,50,44.0,80.0,29866.20035182082,-442.9463906984861,1.0,4.944489262470597e-12
4,51,44.0,81.0,34054.70376043002,-443.45672746690946,1.0,1.1452616632823265e-11
4,52,44.0,82.0,38563.10789370841,-443.98746253161147,1.0,1.2042367103504148e-11
4,53,44.0,83.0,43418.02006609878,-444.54379046517244,1.0,4.624300942168702e-12
4,54,44.0,84.0,48645.77648725464,-445.13006780341897,1.0,3.567368622725553e-12
4,55,44.0,85.0,54269.989972534524,-445.749532864419,1.0,8.471889856309645e-12
4,56,44.0,86.0,60308.81865333109,-446.40404383746466,1.0,2.9487523534044158e-12
4,57,44.0,87.0,66772.13276526313,-447.0938605621638,1.0,7.559730619277616e-12
4,58,44.0,88.0,73658.55187109551,-447.81744458035587,1.0,4.531042208100189e-12
4,59,44.0,89.0,80952.66209511086,-448.57131610774536,1.0,6.859846024553917e-12
4,60,44.0,90.0,87002.6752440276,-284.426358606593,1.0,4.345412918382863e-12
4,61,44.0,91.0,86326.45601653762,-284.3982707661416,1.0,3.320455022048918e-12
4,62,44.0,92.0,85701.38494663464,-284.3707067744244,1.0,4.82458517581108e-12
4,63,44.0,93.0,85127.96215381712,-284.34091009158664,1.0,6.572076216571077e-12
4,64,44.0,94.0,84605.46752950386,-284.30605470351713,1.0,8.093525849517391e-12
4,65,44.0,95.0,84131.92841787435,-284.26339531159886,1.0,9.084288876692881e-12
4,66,44.0,96.0,83704.22274387477,-284.2104203042277,1.0,6.158629162200668e-12
4,67,44.0,97.0,83318.31287401082,-284.14499989861775,1.0,6.128431095930864e-12
4,68,44.0,98.0,82969.58827757307,-284.06552238848394,1.0,7.753353514772243e-12
4,69,44.0,99.0,82653.27600898982,-283.97100416517253,1.0,5.572875494408436e-12
4,70,44.0,100.0,82364.87580979997,-283.8611752855759,1.0,3.1232794128754904e-12
5,0,45.0,30.0,148191.7936246483,-425.82401883509175,1.0,2.077893412888443e-12
5,1,45.0,31.0,140519.17928011686,-426.15429103453846,1.0,2.2879476091475226e-12
5,2,45.0,32.0,132733.30099534846,-426.5112545614374,1.0,2.873257187729905e-12
5,3,45.0,33.0,124894.3096845033,-426.8904083391756,1.0,1.7892354264859023e-12
5,4,45.0,34.0,117068.89356055362,-427.2862479309509,1.0,2.0534685063466895e-12
5,5,45.0,35.0,109327.90352629528,-427.69233132379827,1.0,5.224709553885987e-12
5,6,45.0,36.0,101743.29579286402,-428.10144163960416,1.0,1.5081269566508126e-12
5,7,45.0,37.0,94384.6734623898,-428.5058378682407,1.0,4.89475127096739e-12
5,8,45.0,38.0,87315.64516046105,-428.89759968091846,1.0,4.827693800280031e-12
5,9,45.0,39.0,80590.37134595224,-429.26904545781196,1.0,1.9126922268242197e-12
5,10,45.0,40.0,74250.64613624707,-429.61319746257215,1.0,6.162181875879469e-12
5,11,45.0,41.0,68323.8984389996,-429.9242449613609,1.0,2.0654589150126412e-12
5,12,45.0,42.0,62822.26878064568,-430.1979635080611,1.0,4.7339909770016675e-12
5,13,45.0,43.0,57742.92608688795,-430.43202856867845,1.0,2.6649793483102258e-12
5,14,45.0,44.0,53069.47312524887,-430.6261948665383,1.0,2.9474200857748656e-12
5,15,45.0,45.0,48774.26641779006,-430.7823082996632,1.0,1.0464074051697025e-11
5,16,45.0,46.0,44821.32538065891,-430.90415890154117,1.0,2.69428923616033e-12
5,17,45.0,47.0,41169.47780651581,-430.9971966114027,1.0,1.6764367671839864e-11
5,18,45.0,48.0,37775.477069128465,-431.0681460972426,1.0,1.8190338124668415e-11
5,19,45.0,49.0,34596.84218468327,-431.1245691022754,1.0,3.467892639719139e-12
5,20,45.0,50.0,31594.213376569536,-431.1744368489416,1.0,3.2240876635114546e-12
5,21,45.0,51.0,28733.26395469049,-431.22572526063783,1.0,6.8194339064575615e-12
5,22,45.0,52.0,25986.049963341295,-431.28608398419664,1.0,2.7903901411718834e-11
5,23,45.0,53.0,23331.871704487934,-431.3625838901204,1.0,3.198152853656211e-11
5,24,45.0,54.0,20757.748514864328,-431.4615292331503,1.0,1.2017942196962395e-11
5,25,45.0,55.0,18258.486495556164,-431.58834778671184,1.0,2.4623858507766272e-11
5,26,45.0,56.0,15836.464119304592,-431.74752753381296,1.0,5.451195050909519e-12
5,27,45.0,57.0,13501.17696447155,-431.9425830857434,1.0,6.488587445119265e-12
5,28,45.0,58.0,11268.53203238921,-432.1760533703293,1.0,9.043432669386675e-12
5,29,45.0,59.0,9159.976856874087,-432.44949627535016,1.0,1.0254019855437946e-11
5,30,45.0,60.0,7201.420300154516,-432.76349412206287,1.0,1.0146328222049306e-10
5,31,45.0,61.0,5421.996082006629,-433.1176506647913,1.0,1.3237411167210666e-11
5,32,45.0,62.0,3852.6431239722533,-433.5106006787608,1.0,2.1735058197691615e-11
5,33,45.0,63.0,2524.569381830496,-433.9400200242758,1.0,2.83604251194447e-11
5,34,45.0,64.0,1467.618345857824,-434.4026597686729,1.0,4.0055914141134963e-10
5,35,45.0,65.0,708.6312104246609,-434.89440757915986,1.0,1.563837948026503e-10
5,36,45.0,66.0,269.8992696000575,-435.4103997905895,1.0,3.584035290771226e-10
5,37,45.0,67.0,167.85350997111837,-435.9451722261248,1.0,9.288072533308878e-10
5,38,45.0,68.0,412.12000662581727,-436.4928740401248,1.0,2.5130386660521253e-10
5,39,45.0,69.0,1005.0844509412783,-437.0475314935088,1.0,9.523493105234593e-11
5,40,45.0,70.0,1942.0635997807449,-437.60335183037483,1.0,2.1643620229383487e-10
5,41,45.0,71.0,3212.1252721997507,-438.1550523919779,1.0,1.8381518529508867e-10
5,42,45.0,72.0,4799.521916516346,-438.6981871901296,1.0,1.8776979970880348e-11
5,43,45.0,73.0,6685.602096369789,-439.22943399334065,1.0,3.183941998941009e-11
5,44,45.0,74.0,8851.029267820077,-439.74683029635946,1.0,1.3386181052510437e-11
5,45,45.0,75.0,11278.03243827156,-440.2499079570178,1.0,1.1433964886009562e-11
5,46,45.0,76.0,13952.465944077901,-440.7397288333205,1.0,7.774225707635196e-12
5,47,45.0,77.0,16865.465243561393,-441.2188137470177,1.0,8.166356479932801e-12
5,48,45.0,78.0,20014.53789281749,-441.6909664272887,1.0,7.205347429817266e-12
5,49,45.0,79.0,23404.01876185444,-442.16101298163267,1.0,5.071942865697565e-12
5,50,45.0,80.0,27044.91058693243,-442.63448764909685,1.0,6.122213846992963e-12
5,51,45.0,81.0,30954.11976916161,-443.1172778432946,1.0,4.571898415406395e-12
5,52,45.0,82.0,35153.211545763166,-443.6152668221816,1.0,3.892886013545649e-12
5,53,45.0,83.0,39666.7406107091,-444.1339839886238,1.0,9.305445303198212e-12
5,54,45.0,84.0,44520.25629483238,-444.6782815906989,1.0,3.725020292222325e-12
5,55,45.0,85.0,49737.99929907753,-445.2520341351423,1.0,3.462119479991088e-12
5,56,45.0,86.0,55340.43083347946,-445.8578836110267,1.0,8.802736317647941e-12
5,57,45.0,87.0,61341.54736886781,-446.4970058096654,1.0,8.29292190474007e-12
5,58,45.0,88.0,67746.15189982452,-447.1689200237394,1.0,2.8390623185714503e-12
5,59,45.0,89.0,74547.18401835642,-447.8713393239386,1.0,2.823519196226698e-12
5,60,45.0,90.0,81723.24603890647,-448.60006195114494,1.0,6.253220163898732e-12
5,61,45.0,91.0,86430.87663769352,-284.44302123735946,1.0,4.048317236993171e-12
5,62,45.0,92.0,85761.55250277332,-284.4108938659767,1.0,5.858424856342026e-12
5,63,45.0,93.0,85141.77041130138,-284.37849506099474,1.0,7.844391802791506e-12
5,64,45.0,94.0,84571.94016104437,-284.34306653182995,1.0,9.555023439133947e-12
5,65,45.0,95.0,84051.2855496045,-284.3018457572504,1.0,6.044942324479052e-12
5,66,45.0,96.0,83577.84742731988,-284.252219693067,1.0,5.789591028815266e-12
5,67,45.0,97.0,83148.61849637912,-284.1918774828137,1.0,5.775380174100064e-12
5,68,45.0,98.0,82759.79790012415,-284.1189519399861,1.0,6.0182969718880486e-12
5,69,45.0,99.0,82407.13899789142,-284.0321468756132,1.0,6.212808045802376e-12
5,70,45.0,100.0,82086.3474652592,-283.93083409554583,1.0,6.873612790059269e-12
6,0,46.0,30.0,150992.92153229023,-425.93245779465593,1.0,1.5076828674409626e-12
6,1,46.0,31.0,143428.7552878467,-426.24470749960665,1.0,2.105426943899147e-12
6,2,46.0,32.0,135749.157914437,-426.5821966861015,1.0,2.0019541580040823e-12
6,3,46.0,33.0,128009.08755544628,-426.9410343872147,1.0,3.2240876635114546e-12
6,4,46.0,34.0,120270.19348087916,-427.3163584827388,1.0,3.05044878246008e-12
6,5,46.0,35.0,112598.68840925711,-427.7023927258793,1.0,1.8749446439869644e-12
6,6,46.0,36.0,105062.68546837206,-428.09256982423864,1.0,3.921751812185903e-12
6,7,46.0,37.0,97729.02447779749,-428.4797528242565,1.0,2.668087972779176e-12
6,8,46.0,38.0,90659.89543690396,-428.85653553312477,1.0,7.027711745877241e-12
6,9,46.0,39.0,83909.48235466894,-429.2156270387456,1.0,1.7368328997235949e-12
6,10,46.0,40.0,77521.0929081401,-429.55027163054814,1.0,1.9251267247000214e-12
6,11,46.0,41.0,71524.92096137698,-429.85470218922643,1.0,2.893685291383008e-12
6,12,46.0,42.0,65936.88189740505,-430.1245423211637,1.0,2.0392576516314875e-12
6,13,46.0,43.0,60758.505395097476,-430.3571372086372,1.0,2.6285640331025206e-12
6,14,46.0,44.0,55977.90710303082,-430.5517644705769,1.0,5.869971175798128e-12
6,15,46.0,45.0,51571.734883251804,-430.7096847452376,1.0,2.538858012712808e-12
6,16,46.0,46.0,47507.70740727104,-430.8340541599201,1.0,2.474909166494399e-12
6,17,46.0,47.0,43747.55103857822,-430.9296888154808,1.0,1.5300205546964207e-11
6,18,46.0,48.0,40250.00270870255,-431.00272364289367,1.0,6.089795334673909e-12
6,19,46.0,49.0,36973.57723728423,-431.0602207140164,1.0,2.6290081223123707e-12
6,20,46.0,50.0,33879.0404621914,-431.1097490305078,1.0,3.070876886113183e-12
6,21,46.0,51.0,30931.38367599232,-431.1589987425135,1.0,6.5925043202241795e-12
6,22,46.0,52.0,28101.309290883604,-431.2154496802814,1.0,2.397726461822458e-11
6,23,46.0,53.0,25366.281210183184,-431.2861004406684,1.0,4.6349590832051035e-12
6,24,46.0,54.0,22711.10003456894,-431.37728240143036,1.0,5.4001247917767614e-12
6,25,46.0,55.0,20128.147261688486,-431.4945287035551,1.0,7.881695296418911e-12
6,26,46.0,56.0,17617.308430508943,-431.6424997566305,1.0,5.739408948102209e-12
6,27,46.0,57.0,15185.624182629963,-431.82494830452083,1.0,4.4922288111592934e-11
6,28,46.0,58.0,12846.735668287683,-432.044701682858,1.0,7.490008613331156e-12
6,29,46.0,59.0,10620.116832215459,-432.3036574546209,1.0,6.179190492616726e-11
6,30,46.0,60.0,8530.134677249402,-432.6027747545464,1.0,8.775202786637237e-12
6,31,46.0,61.0,6604.901687289191,-432.94207379751134,1.0,1.1622702800195839e-11
6,32,46.0,62.0,4874.980503588284,-433.32062362005,1.0,1.3059464620823746e-10
6,33,46.0,63.0,3371.9120087903616,-433.7365418384049,1.0,2.8899993509412525e-11
6,34,46.0,64.0,2126.6265083160224,-434.1870072602703,1.0,3.5064839920551094e-11
6,35,46.0,65.0,1167.7931181049657,-434.6682947222278,1.0,7.045963812402078e-11
6,36,46.0,66.0,520.195552657016,-435.175854955591,1.0,2.795426112811583e-10
6,37,46.0,67.0,203.26541142713543,-435.7044334755954,1.0,5.954463588864201e-10
6,38,46.0,68.0,229.90499203430457,-436.24825686175876,1.0,1.2409357985632141e-09
6,39,46.0,69.0,605.7570243680535,-436.8012633602473,1.0,2.381597141720704e-10
6,40,46.0,70.0,1329.0389906641885,-437.357393584154,1.0,4.727209734767257e-10
6,41,46.0,71.0,2391.0286492790365,-437.9109157783837,1.0,1.475122246574756e-10
6,42,46.0,72.0,3777.2009511481538,-438.45676068608503,1.0,1.5193535318758222e-10
6,43,46.0,73.0,5468.942847276374,-438.99084380350604,1.0,1.0906120451181778e-10
6,44,46.0,74.0,7445.686167619568,-439.5103439804876,1.0,1.5654588736424557e-11
6,45,46.0,75.0,9687.194042932388,-440.0138841363492,1.0,1.6209700248737136e-11
6,46,46.0,76.0,12175.811385453702,-440.50164030631515,1.0,2.4692692335293032e-11
6,47,46.0,77.0,14898.378858446735,-440.97532128434955,1.0,1.858202480775617e-11
6,48,46.0,78.0,17847.631930163563,-441.43803718401233,1.0,6.922018513932926e-12
6,49,46.0,79.0,21023.021382018695,-441.89408661036464,1.0,5.8553162318730756e-12
6,50,46.0,80.0,24430.84502274744,-442.34865480842683,1.0,1.0521805648977534e-11
6,51,46.0,81.0,28083.794071162723,-442.80747556532066,1.0,5.60218538225854e-12
6,52,46.0,82.0,31999.93291748032,-443.2764655226859,1.0,3.800959547106686e-12
6,53,46.0,83.0,36201.26823469617,-443.7613726199213,1.0,1.162847595992389e-11
6,54,46.0,84.0,40711.92032204306,-444.2674329119283,1.0,3.798739101057436e-12
6,55,46.0,85.0,45556.06020926667,-444.7990709362978,1.0,3.0895286329268856e-12
6,56,46.0,86.0,50755.593789676714,-445.35962593210735,1.0,8.606892976104064e-12
6,57,46.0,87.0,56327.7175749528,-445.9511226250524,1.0,5.9112714723141835e-12
6,58,46.0,88.0,62282.37576187467,-446.5740766467971,1.0,3.725020292222325e-12
6,59,46.0,89.0,68619.73555350817,-447.2273408017761,1.0,4.104716566644129e-12
6,60,46.0,90.0,75327.79938439108,-447.9079925410484,1.0,3.886224675397898e-12
6,61,46.0,91.0,82380.4003449172,-448.61128366346236,1.0,3.68949315543432e-12
6,62,46.0,92.0,85899.60832866807,-284.44396069379087,1.0,6.290523657526137e-12
6,63,46.0,93.0,85235.63648906727,-284.4078283365489,1.0,8.325340417059124e-12
6,64,46.0,94.0,84619.65671008723,-284.3708650248205,1.0,1.0078160528337321e-11
6,65,46.0,95.0,84052.08787883552,-284.33036994198585,1.0,1.7243984018477931e-12
6,66,46.0,96.0,83532.21426326132,-284.2837014205775,1.0,1.695088513997689e-12
6,67,46.0,97.0,83058.21463474391,-284.2284265060748,1.0,1.6786572132332367e-12
6,68,46.0,98.0,82627.3148488261,-284.162470363937,1.0,1.673772231924886e-12
6,69,46.0,99.0,82236.04844090153,-284.0842484305887,1.0,1.673772231924886e-12
6,70,46.0,100.0,81880.5937729915,-283.9927776289564,1.0,6.156852805361268e-12
7,0,47.0,30.0,153570.89690567055,-426.0769535305446,1.0,1.9801937867214292e-12
7,1,47.0,31.0,146145.02151984468,-426.3678018381642,1.0,5.0106585547382565e-12
7,2,47.0,32.0,138607.68209057953,-426.6816886454452,1.0,1.5831780331154732e-12
7,3,47.0,33.0,131007.58912872664,-427.0154062039276,1.0,3.3715252811816754e-12
7,4,47.0,34.0,123399.94525339938,-427.36484940887846,1.0,5.484945830858123e-12
7,5,47.0,35.0,115844.68458650418,-427.72505341765157,1.0,1.7208456881689926e-12
7,6,47.0,36.0,108404.19206073537,-428.09029101458447,1.0,1.6675549829869851e-12
7,7,47.0,37.0,101140.5593437418,-428.4542517163122,1.0,1.8403056856186595e-12
7,8,47.0,38.0,94112.5438595511,-428.8102995550138,1.0,2.170263968537256e-12
7,9,47.0,39.0,87372.56033542875,-429.1517946493987,1.0,3.824052186018889e-12
7,10,47.0,40.0,80963.86760043756,-429.4724738916863,1.0,2.084110661826344e-12
7,11,47.0,41.0,74918.37145580276,-429.76684942811806,1.0,2.0192736371882347e-12
7,12,47.0,42.0,69255.2044656173,-430.03059062405765,1.0,1.850963826655061e-12
7,13,47.0,43.0,63980.27025293072,-430.2608470728115,1.0,4.165556788393587e-12
7,14,47.0,44.0,59086.78424228447,-430.45647285908524,1.0,7.976730387326825e-12
7,15,47.0,45.0,54556.7039520678,-430.6181220648404,1.0,2.632116746781321e-12
7,16,47.0,46.0,50362.83698253153,-430.74821356626745,1.0,3.611333454500709e-12
7,17,47.0,47.0,46471.424131807034,-430.8507566955559,1.0,8.22719670168226e-12
7,18,47.0,48.0,42844.827230615614,-430.9310858439336,1.0,1.0544898287889737e-11
7,19,47.0,49.0,39444.224737557626,-430.99550934290517,1.0,2.7786661860318418e-12
7,20,47.0,50.0,36231.99633489651,-431.05094191269046,1.0,2.9833913117727207e-12
7,21,47.0,51.0,33173.74201074416,-431.1045449440065,1.0,2.078959226992083e-11
7,22,47.0,52.0,30239.90267183779,-431.16339874428513,1.0,1.9237056392285012e-11
7,23,47.0,53.0,27406.90349192419,-431.2342409928963,1.0,9.256595490114705e-12
7,24,47.0,54.0,24657.902045338025,-431.32326691469666,1.0,2.4383606245237388e-11
7,25,47.0,55.0,21983.197146266768,-431.4359824115251,1.0,4.2876813211023546e-12
7,26,47.0,56.0,19380.274510436946,-431.5771237434172,1.0,2.9061641981797948e-11
7,27,47.0,57.0,16853.631590322326,-431.750602289045,1.0,1.3288925515553274e-11
7,28,47.0,58.0,14414.350661357974,-431.95947891344144,1.0,5.120348589571222e-11
7,29,47.0,59.0,12079.484114144983,-432.2059462694491,1.0,6.2372329523441294e-12
7,30,47.0,60.0,9871.226013933381,-432.49132088467167,1.0,1.0981882070382198e-11
7,31,47.0,61.0,7815.922447618246,-432.81602519213726,1.0,1.1907363983709729e-11
7,32,47.0,62.0,5942.886666818542,-433.17957191109844,1.0,5.808731273759804e-11
7,33,47.0,63.0,4283.047384500871,-433.5805474375495,1.0,1.7423396059257357e-11
7,34,47.0,64.0,2867.439719094338,-434.01661054007434,1.0,2.6477042780470583e-11
7,35,47.0,65.0,1725.6060455460515,-434.4845022559823,1.0,4.353628568765089e-11
7,36,47.0,66.0,883.9596705917419,-434.9800980555336,1.0,2.742885918394222e-10
7,37,47.0,67.0,364.23540134191074,-435.49849858562015,1.0,1.5344459036725766e-09
7,38,47.0,68.0,182.15469829285178,-436.0341777952764,1.0,2.1640644831677491e-10
7,39,47.0,69.0,346.4552199291835,-436.5811834401892,1.0,5.314588769067541e-10
7,40,47.0,70.0,858.4247961661982,-437.1334047053878,1.0,1.5371703909750067e-10
7,41,47.0,71.0,1712.0474239389348,-437.6848720619426,1.0,5.6973981088503933e-11
7,42,47.0,72.0,2894.813455206013,-438.23009911509627,1.0,6.340528102555254e-11
7,43,47.0,73.0,4389.157070938565,-438.7644161596059,1.0,2.3175683594445218e-11
7,44,47.0,74.0,6174.389493420707,-439.2842694614637,1.0,1.6905143951362334e-11
7,45,47.0,75.0,8228.946510597592,-439.78746499475847,1.0,6.625988646646874e-11
7,46,47.0,76.0,10532.688669021934,-440.27331974517233,1.0,1.0801581851183073e-11
7,47,47.0,77.0,13068.994733973928,-440.74269997684036,1.0,9.396039502007625e-12
7,48,47.0,78.0,15826.463102162006,-441.1979592949498,1.0,8.307132759455271e-12
7,49,47.0,79.0,18800.0113578297,-441.6427558694054,1.0,2.5052848684481432e-11
7,50,47.0,80.0,21991.367629638637,-442.08179775940675,1.0,6.5853988928665785e-12
7,51,47.0,81.0,25408.904864760898,-442.52051806515584,1.0,4.354294702579864e-12
7,52,47.0,82.0,29066.9291941052,-442.9647273596204,1.0,4.562128452789693e-12
7,53,47.0,83.0,32984.4504890987,-443.4202482660957,1.0,3.721911667753375e-12
7,54,47.0,84.0,37183.618748225366,-443.89257877326486,1.0,4.423572619316474e-12
7,55,47.0,85.0,41687.828229049774,-444.38657302973985,1.0,3.5020875088775938e-12
7,56,47.0,86.0,46519.627750450236,-444.9061659626875,1.0,3.041566998263079e-12
7,57,47.0,87.0,51698.471837822435,-445.45413623973434,1.0,8.08775268978934e-12
7,58,47.0,88.0,57238.38383046978,-446.03191027270884,1.0,5.3228532692628505e-12
7,59,47.0,89.0,63145.57043181758,-446.63939931351024,1.0,3.809841331303687e-12
7,60,47.0,90.0,69416.17754977632,-447.2748902502235,1.0,3.510081114654895e-12
7,61,47.0,91.0,76034.23852997314,-447.9349727955515,1.0,2.895017559012558e-12
7,62,47.0,92.0,82970.06459885833,-448.61452597512067,1.0,2.9825031333530205e-12
7,63,47.0,93.0,85411.06230750908,-284.4315011817643,1.0,8.163247855463851e-12
7,64,47.0,94.0,84750.97873002625,-284.39210613073476,1.0,9.947598300641403e-12
7,65,47.0,95.0,84137.48545750107,-284.3515923458393,1.0,1.730615650785694e-12
7,66,47.0,96.0,83571.10272331987,-284.3073624972056,1.0,1.6968648708370893e-12
7,67,47.0,97.0,83051.2727648306,-284.25693177116943,1.0,1.666222715357435e-12
7,68,47.0,98.0,82576.40430559374,-284.1980725217205,1.0,1.6471268793338822e-12
7,69,47.0,99.0,82144.03057091056,-284.12895224588067,1.0,1.6400214519762812e-12
7,70,47.0,100.0,81751.0633576453,-284.0482560925083,1.0,1.6475709685437323e-12
8,0,48.0,30.0,155936.17845944138,-426.2551512292823,1.0,2.05702122002549e-12
8,1,48.0,31.0,148675.97794313324,-426.52164647803244,1.0,2.575717417130363e-12
8,2,48.0,32.0,141314.21280779963,-426.8083063981806,1.0,3.226308109560705e-12
8,3,48.0,33.0,133892.35409020176,-427.1126774581622,1.0,2.1587176490811544e-12
8,4,48.0,34.0,126457.91771460947,-427.43150778066166,1.0,2.6543212072738243e-12
8,5,48.0,35.0,119063.07374436232,-427.76077079778804,1.0,3.3795188869589765e-12
8,6,48.0,36.0,111762.81837251346,-428.09573421863075,1.0,1.688427175849938e-12
8,7,48.0,37.0,104612.65799432634,-428.4311052869191,1.0,2.7542412794900883e-12
8,8,48.0,38.0,97666.11732345646,-428.7612239845163,1.0,3.807620885254437e-12
8,9,48.0,39.0,90972.0378874512,-429.0803366373141,1.0,2.0885515539248445e-12
8,10,48.0,40.0,84572.11432957702,-429.3829005132712,1.0,6.88160639583657e-12
8,11,48.0,41.0,78498.751334476,-429.6639287000447,1.0,1.780353642288901e-12
8,12,48.0,42.0,72773.54484872198,-429.9193269939943,1.0,2.1036505870597466e-12
8,13,48.0,43.0,67406.55067036071,-430.1461902819618,1.0,4.8832049515112885e-12
8,14,48.0,44.0,62396.37030386011,-430.3430320604966,1.0,2.4416024757556443e-12
8,15,48.0,45.0,57731.05500078767,-430.50991102830267,1.0,7.839950910693005e-12
8,16,48.0,46.0,53389.707157925775,-430.64844427254565,1.0,1.0244249892821244e-11
8,17,48.0,47.0,49344.51936756526,-430.76171403043014,1.0,8.277822871605167e-12
8,18,48.0,48.0,45563.136595059004,-430.85406605907656,1.0,2.55440113505756e-12
8,19,48.0,49.0,42011.04175106541,-430.9308394963214,1.0,2.6481039583359234e-12
8,20,48.0,50.0,38653.79073343235,-430.99806049906084,1.0,1.581712538722968e-11
8,21,48.0,51.0,35459.02903592515,-431.06211914794153,1.0,1.9131807249550548e-11
8,22,48.0,52.0,32398.116695565266,-431.1294767594717,1.0,3.1046276660617877e-12
8,23,48.0,53.0,29447.394897403214,-431.2064106469033,1.0,8.22808488010196e-12
8,24,48.0,54.0,26589.094843145835,-431.29880541856585,1.0,2.8177904454196323e-11
8,25,48.0,55.0,23811.863765204307,-431.4120065479707,1.0,4.249933738265099e-12
8,26,48.0,56.0,21111.02108768914,-431.55071100124576,1.0,3.274891469118302e-11
8,27,48.0,57.0,18488.51209295482,-431.7189057596123,1.0,2.5661250901976018e-11
8,28,48.0,58.0,15952.670819954676,-431.9198174834854,1.0,1.7123191753398714e-11
8,29,48.0,59.0,13517.727726871653,-432.15589252977753,1.0,4.403277742426326e-11
8,30,48.0,60.0,11203.16536379734,-432.4287678286741,1.0,9.273914969298858e-12
8,31,48.0,61.0,9032.853412206468,-432.7392533419921,1.0,1.0547562823148837e-11
8,32,48.0,62.0,7034.03016827073,-433.08730013831655,1.0,1.0339862299701963e-10
8,33,48.0,63.0,5236.076897385307,-433.47197963512855,1.0,1.187205889152665e-10
8,34,48.0,64.0,3669.139502451845,-433.89146615511123,1.0,1.7752732617282163e-10
8,35,48.0,65.0,2362.6261476963286,-434.3430276165162,1.0,3.5131453302028604e-11
8,36,48.0,66.0,1343.6175789694341,-434.82305873314766,1.0,6.911538008580465e-11
8,37,48.0,67.0,635.3149592640083,-435.327137202316,1.0,4.4492320938616103e-10
8,38,48.0,68.0,255.61630084534804,-435.85014379942936,1.0,7.377516375584037e-10
8,39,48.0,69.0,215.98101705869811,-436.38642710245637,1.0,8.960365782684221e-10
8,40,48.0,70.0,520.7151256381018,-436.93003157072906,1.0,1.259969018008178e-09
8,41,48.0,71.0,1166.807258957225,-437.4749804141868,1.0,4.257674213192786e-10
8,42,48.0,72.0,2144.3982090978416,-438.01559544630254,1.0,6.069278413178836e-11
8,43,48.0,73.0,3437.8805879992865,-438.54682225571815,1.0,1.7063506163594866e-10
8,44,48.0,74.0,5027.573832889086,-439.064558694976,1.0,4.715605683713875e-11
8,45,48.0,75.0,6891.786621126812,-439.5659185156346,1.0,7.37605532208363e-11
8,46,48.0,76.0,9009.06686485151,-440.0494301973424,1.0,3.232614176340576e-11
8,47,48.0,77.0,11360.395803860405,-440.5151417196463,1.0,8.386624728018433e-12
8,48,48.0,78.0,13931.051643395362,-440.9646009562407,1.0,2.4419133382025393e-11
8,49,48.0,79.0,16712.014356664073,-441.40074376473103,1.0,6.923794870772326e-12
8,50,48.0,80.0,19700.750745631893,-441.8276745109997,1.0,1.354072409753826e-11
8,51,48.0,81.0,22901.3981587459,-442.2503855345788,1.0,5.53157519789238e-12
8,52,48.0,82.0,26324.322772859567,-442.67441716766064,1.0,5.687894599759602e-12
8,53,48.0,83.0,29985.21204247404,-443.10551661027574,1.0,3.9888092828732624e-12
8,54,48.0,84.0,33903.71439747234,-443.54928827038987,1.0,1.0393463867330865e-11
8,55,48.0,85.0,38101.80479603304,-444.0108805352731,1.0,4.511502282866786e-12
8,56,48.0,86.0,42601.875439510535,-444.49469417326816,1.0,3.2005509353894013e-12
8,57,48.0,87.0,47424.70756279117,-445.0041441202209,1.0,3.410161042438631e-12
8,58,48.0,88.0,52587.31894172198,-445.5414556489162,1.0,4.404476783292921e-12
8,59,48.0,89.0,58100.76166587768,-446.1074985572473,1.0,3.68904906622447e-12
8,60,48.0,90.0,63967.97143572905,-446.70166506950886,1.0,3.5766944961324043e-12
8,61,48.0,91.0,70181.77482489898,-447.321791013071,1.0,2.9900526499204716e-12
8,62,48.0,92.0,76723.16799118626,-447.9641185555719,1.0,2.922107000813412e-12
8,63,48.0,93.0,83560.12719794855,-448.6233255958678,1.0,3.2156499685243034e-12
8,64,48.0,94.0,84966.10435488612,-284.40977335619687,1.0,9.370726417046171e-12
8,65,48.0,95.0,84308.47090273624,-284.36848997550925,1.0,1.7497114868092467e-12
8,66,48.0,96.0,83696.23518438256,-284.326069935206,1.0,1.7030821197749901e-12
8,67,48.0,97.0,83130.09366536896,-284.2800480688533,1.0,1.6604495556293841e-12
8,68,48.0,98.0,82609.71861808316,-284.2281090877547,1.0,1.6200374375330284e-12
8,69,48.0,99.0,82133.8063110176,-284.16822839877545,1.0,1.5942802633617248e-12
8,70,48.0,100.0,81700.23178816984,-284.09879621181784,1.0,1.5858425683745736e-12
9,0,49.0,30.0,158104.29466955678,-426.4640784826579,1.0,1.6582291095801338e-12
9,1,49.0,31.0,151034.12061499304,-426.7037609860069,1.0,1.4850343177386094e-12
9,2,49.0,32.0,143877.75177443138,-426.96017294537734,1.0,1.4144241333724494e-12
9,3,49.0,33.0,136668.51013795528,-427.2316845961759,1.0,1.4588330543574557e-12
9,4,49.0,34.0,129445.13231728067,-427.515980877565,1.0,2.085442929455894e-12
9,5,49.0,35.0,122250.77126816717,-427.8100726497931,1.0,1.871391930308164e-12
9,6,49.0,36.0,115131.58045509653,-428.1103475260031,1.0,5.728306717855958e-12
9,7,49.0,37.0,108134.99277755426,-428.4126640932269,1.0,3.723243935382925e-12
9,8,49.0,38.0,101307.66789263891,-428.71250330674246,1.0,1.9895196601282805e-12
9,9,49.0,39.0,94693.33370591306,-429.00516656316825,1.0,3.26139115713886e-12
9,10,49.0,40.0,88330.6639315673,-429.2860156352521,1.0,4.873879078104437e-12
9,11,49.0,41.0,82251.33652166832,-429.550746726511,1.0,1.7221779557985428e-12
9,12,49.0,42.0,76478.53478436025,-429.79566859313616,1.0,6.772804539423305e-12
9,13,49.0,43.0,71025.99472068463,-430.01796336087807,1.0,2.0623502905436908e-12
9,14,49.0,44.0,65897.70456944336,-430.21590354592365,1.0,2.6694202404087264e-12
9,15,49.0,45.0,61088.297097479284,-430.38899875666493,1.0,6.907363570007874e-12
9,16,49.0,46.0,56584.04205179377,-430.53805747807036,1.0,2.502886786714953e-12
9,17,49.0,47.0,52364.348560954524,-430.6651587003147,1.0,2.539746191132508e-12
9,18,49.0,48.0,48403.60961963866,-430.77353419834003,1.0,2.6560975641132245e-12
9,19,49.0,49.0,44673.179345246484,-430.867385542841,1.0,3.82893716732724e-12
9,20,49.0,50.0,41143.388333803705,-430.9516448275751,1.0,1.397326698793222e-11
9,21,49.0,51.0,37785.38150119954,-431.0317207296309,1.0,2.7986502004750946e-12
9,22,49.0,52.0,34572.737737050484,-431.11324286511984,1.0,4.54081217071689e-12
9,23,49.0,53.0,31482.80598199032,-431.2018252790357,1.0,9.57900425646585e-12
9,24,49.0,54.0,28497.70357931448,-431.3028701910571,1.0,2.6063151636890325e-11
9,25,49.0,55.0,25605.02148315825,-431.4214081816511,1.0,4.016786903093816e-12
9,26,49.0,56.0,22798.23517878211,-431.5619780984186,1.0,1.91411331229574e-11
9,27,49.0,57.0,20076.86256704371,-431.72853989868497,1.0,1.3590906178251316e-11
9,28,49.0,58.0,17446.363300191417,-431.92441745673636,1.0,1.7560175535891176e-11
9,29,49.0,59.0,14917.863668004406,-432.1522489973214,1.0,2.156896883320769e-11
9,30,49.0,60.0,12507.644527057653,-432.4139566673071,1.0,5.164402239188348e-11
9,31,49.0,61.0,10236.473745136713,-432.71070831806503,1.0,1.6482371023585074e-11
9,32,49.0,62.0,8128.733984426714,-433.0428841809376,1.0,8.710809851208978e-12
9,33,49.0,63.0,6211.369239968487,-433.410044396612,1.0,1.1739498262386405e-11
9,34,49.0,64.0,4512.66090849707,-433.810901583106,1.0,5.682254666794506e-11
9,35,49.0,65.0,3060.86148502556,-434.24329916124594,1.0,2.4134916287721353e-11
9,36,49.0,66.0,1882.7135835265603,-434.70422317333384,1.0,4.0604852813430625e-11
9,37,49.0,67.0,1001.9529170872545,-435.1898364498841,1.0,8.176748167443293e-11
9,38,49.0,68.0,437.87500512539333,-435.6955655713453,1.0,1.4534835557356018e-09
9,39,49.0,69.0,204.1092452847629,-436.21623269320605,1.0,2.337929849716147e-10
9,40,49.0,70.0,307.7233591456217,-436.74624353756553,1.0,1.5348335935527757e-09
9,41,49.0,71.0,748.7961992783611,-437.2798391646901,1.0,7.889382480641416e-10
9,42,49.0,72.0,1520.5569869433587,-437.8113781098232,1.0,6.694600429568709e-11
9,43,49.0,73.0,2610.1378299587013,-438.33565804254306,1.0,1.999884702286181e-10
9,44,49.0,74.0,3999.9016833245364,-438.84822777520543,1.0,1.397300053440631e-10
9,45,49.0,75.0,5669.240205790453,-439.3456760996252,1.0,1.1384315712348325e-10
9,46,49.0,76.0,7596.662269504558,-439.82586478628133,1.0,8.54760706658908e-11
9,47,49.0,77.0,9761.93435156818,-440.28807185070883,1.0,1.943556426908799e-11
9,48,49.0,78.0,12148.058352288193,-440.73304230833304,1.0,1.9120705019304296e-11
9,49,49.0,79.0,14742.856871168908,-441.16292353810917,1.0,7.845724070421056e-12
9,50,49.0,80.0,17540.06437228841,-441.58111367796556,1.0,8.72102390303553e-12
9,51,49.0,81.0,20539.79728260355,-441.99201412555584,1.0,6.576517108669577e-12
9,52,49.0,82.0,23748.48081486274,-442.4007403642787,1.0,9.101164266667183e-12
9,53,49.0,83.0,27178.207864251515,-442.8127870868876,1.0,4.626521388217952e-12
9,54,49.0,84.0,30845.68989991124,-443.2336991202781,1.0,1.4880541243655898e-11
9,55,49.0,85.0,34770.844669486076,-443.6687512849744,1.0,4.643840867402105e-12
9,56,49.0,86.0,38975.14799886725,-444.12266272930236,1.0,3.383959779057477e-12
9,57,49.0,87.0,43479.78304190009,-444.59934289083884,1.0,1.1759038187619808e-11
9,58,49.0,88.0,48303.68911426385,-445.1016828419413,1.0,8.115730310009894e-12
9,59,49.0,89.0,53461.53512739256,-445.63138354981805,1.0,4.25393054115375e-12
9,60,49.0,90.0,58961.703699617035,-446.18882541224923,1.0,3.4572344986827375e-12
9,61,49.0,91.0,64804.3431409299,-446.7729734825591,1.0,3.0513369608797802e-12
9,62,49.0,92.0,70979.63129420584,-447.3813267938857,1.0,3.057110120607831e-12
9,63,49.0,93.0,77466.36553396708,-448.0099119858839,1.0,2.6902924332716793e-12
9,64,49.0,94.0,84231.05946749193,-448.65333049630163,1.0,3.071320975323033e-12
9,65,49.0,95.0,84563.66410501956,-284.3842760527417,1.0,9.57278700752795e-12
9,66,49.0,96.0,83907.01577046466,-284.34294605530937,1.0,1.723954312637943e-12
9,67,49.0,97.0,83294.81697615102,-284.30069574188684,1.0,1.6688872506165353e-12
9,68,49.0,98.0,82727.99714993044,-284.255196974049,1.0,1.6111556533360272e-12
9,69,49.0,99.0,82206.50509941472,-284.20429664156063,1.0,1.5702994460298214e-12
9,70,49.0,100.0,81729.35485159072,-284.1461442129722,1.0,1.5423218258092675e-12
10,0,50.0,30.0,160095.91764946852,-426.7001840382468,1.0,1.6822099269120372e-12
10,1,50.0,31.0,153236.4337900154,-426.91115560480876,1.0,1.3948842081390467e-12
10,2,50.0,32.0,146310.9228750672,-427.1349980300874,1.0,1.6679990721968352e-12
10,3,50.0,33.0,139343.7319131256,-427.370975969767,1.0,1.6817658377021871e-12
10,4,50.0,34.0,132363.8905369809,-427.61778246329266,1.0,1.8003376567321538e-12
10,5,50.0,35.0,125404.47267447982,-427.8735440005331,1.0,1.532107773982716e-12
10,6,50.0,36.0,118501.7124986182,-428.1358414917567,1.0,1.7541523789077473e-12
10,7,50.0,37.0,111693.73960481204,-428.4017752345451,1.0,1.9202417433916708e-12
10,8,50.0,38.0,105019.10961028041,-428.66806011199975,1.0,6.021849685566849e-12
10,9,50.0,39.0,98515.16934993234,-428.93115832050745,1.0,3.808509063674137e-12
10,10,50.0,40.0,92216.31450845218,-429.1874562276426,1.0,1.836752971939859e-12
10,11,50.0,41.0,86152.36462336658,-429.433460709881,1.0,3.631761558153812e-12
10,12,50.0,42.0,80347.15276012878,-429.66601542098743,1.0,1.8696155734687636e-12
10,13,50.0,43.0,74817.43249627315,-429.8825192806326,1.0,4.501288231040235e-12
10,14,50.0,44.0,69572.30843149059,-430.08111372739154,1.0,3.4483527144857362e-12
10,15,50.0,45.0,64613.10525428764,-430.26084264253257,1.0,5.914380096783134e-12
10,16,50.0,46.0,59933.81170586527,-430.4217463754134,1.0,2.722266856380884e-12
10,17,50.0,47.0,55521.96755709877,-430.56489419270974,1.0,2.582822844487964e-12
10,18,50.0,48.0,51359.90694793101,-430.69234834556715,1.0,8.240519377977762e-12
10,19,50.0,49.0,47426.28311350697,-430.8070613618266,1.0,1.127364868125369e-11
10,20,50.0,50.0,43697.676332411866,-430.91272675723565,1.0,2.604139126560767e-12
10,21,50.0,51.0,40150.196004836536,-431.0135963607186,1.0,3.1534774791452946e-12
10,22,50.0,52.0,36761.01149905856,-431.1142742309789,1.0,5.218048215738236e-12
10,23,50.0,53.0,33509.635761374746,-431.2195254136031,1.0,1.8285817304786178e-11
10,24,50.0,54.0,30379.034977715426,-431.3340881793207,1.0,2.4842794488222353e-11
10,25,50.0,55.0,27356.45308913118,-431.46251790451925,1.0,8.553158181712206e-12
10,26,50.0,56.0,24433.997025239,-431.6090551604597,1.0,3.009192894865009e-11
10,27,50.0,57.0,21608.96108883916,-431.7775254727863,1.0,3.423483718734133e-11
10,28,50.0,58.0,18883.95382717727,-431.97125439883314,1.0,2.7210234065933037e-11
10,29,50.0,59.0,16266.773626140073,-432.19300976955714,1.0,6.9544370262519806e-12
10,30,50.0,60.0,13770.122064946214,-432.44494496257926,1.0,8.246736626915663e-12
10,31,50.0,61.0,11411.102457916355,-432.7285537367089,1.0,6.517009154549669e-12
10,32,50.0,62.0,9210.536753829067,-433.0446272442383,1.0,4.5063952569535104e-11
10,33,50.0,63.0,7192.103263660925,-433.39321072572335,1.0,1.155475715108878e-11
10,34,50.0,64.0,5381.290076499663,-433.7735697937421,1.0,3.076605636920249e-11
10,35,50.0,65.0,3804.202389080741,-434.18415855256217,1.0,7.791278733293439e-11
10,36,50.0,66.0,2486.2367853928745,-434.6226129755016,1.0,2.928679521119193e-11
10,37,50.0,67.0,1450.6891196137094,-435.0857722288246,1.0,2.3190649400817165e-10
10,38,50.0,68.0,717.3909319272911,-435.5697274945584,1.0,3.248041835490767e-10
10,39,50.0,69.0,301.4560196689113,-436.0699285237059,1.0,7.936034052136165e-10
10,40,50.0,70.0,212.2815675472338,-436.5813313753683,1.0,4.851221646617887e-10
10,41,50.0,71.0,452.9166522665537,-437.09860270444324,1.0,1.314055086965027e-09
10,42,50.0,72.0,1019.9120063014053,-437.61637478404134,1.0,7.286748981982782e-11
10,43,50.0,73.0,1903.7182475786697,-438.129526118484,1.0,2.7956970072295917e-10
10,44,50.0,74.0,3089.640799155433,-438.6334816698121,1.0,5.069100694754525e-11
10,45,50.0,75.0,4559.293459822517,-439.12450178858467,1.0,2.0810020373573934e-11
10,46,50.0,76.0,6292.4085111733075,-439.59992818923627,1.0,1.2545742222869194e-10
10,47,50.0,77.0,8268.824162408077,-440.05836772155595,1.0,2.3138824190027663e-11
10,48,50.0,78.0,10470.432760731323,-440.49979101526986,1.0,2.5010216120335826e-11
10,49,50.0,79.0,12882.887525637148,-440.9255338812275,1.0,2.397193554770638e-11
10,50,50.0,80.0,15496.884821022672,-441.33819660887264,1.0,1.8619328301383575e-11
10,51,50.0,81.0,18308.96005426185,-441.74146780873974,1.0,2.7150726111813128e-11
10,52,50.0,82.0,21321.707550561256,-442.13986941639484,1.0,5.631939359318494e-12
10,53,50.0,83.0,24543.500451927805,-442.5384677605431,1.0,1.4935164216467456e-11
10,54,50.0,84.0,27987.738544624885,-442.94256095377915,1.0,4.654054919228656e-12
10,55,50.0,85.0,31671.729392687856,-443.3573721881185,1.0,9.064748951459478e-12
10,56,50.0,86.0,35615.27317244564,-443.7877605679522,1.0,4.624300942168702e-12
10,57,50.0,87.0,39839.0609863847,-444.2379694514812,1.0,1.3112178010032949e-11
10,58,50.0,88.0,44362.90113239585,-444.7114042380147,1.0,9.202860695722848e-12
10,59,50.0,89.0,49203.8809066768,-445.2104548669233,1.0,3.679723192817619e-12
10,60,50.0,90.0,54374.474050034994,-445.7363512897544,1.0,3.532729664357248e-12
10,61,50.0,91.0,59880.69455780197,-446.2890586875944,1.0,3.134381643121742e-12
10,62,50.0,92.0,65720.35056786504,-446.8672068706024,1.0,2.864819492742754e-12
10,63,50.0,93.0,71881.50904091554,-447.46805600826673,1.0,2.644107155447273e-12
10,64,50.0,94.0,78341.33712438133,-448.0875104792944,1.0,2.8670399387920042e-12
10,65,50.0,95.0,84899.28614607909,-284.40226821869345,1.0,1.0098588631990424e-11
10,66,50.0,96.0,84200.45294051005,-284.36124112988915,1.0,8.064215961667287e-12
10,67,50.0,97.0,83543.29689896856,-284.32194459977745,1.0,1.70219394135529e-12
10,68,50.0,98.0,82929.90971976261,-284.28211272562925,1.0,1.6275869541004795e-12
10,69,50.0,99.0,82361.49458856435,-284.2395382987255,1.0,1.5583090373638697e-12
10,70,50.0,100.0,81838.30473352657,-284.19219850215046,1.0,1.5076828674409626e-12
11,0,51.0,30.0,161936.84540561482,-426.95938762469774,1.0,2.0525803279269894e-12
11,1,51.0,31.0,155304.30152094606,-427.14038586968735,1.0,1.5698553568199713e-12
11,2,51.0,32.0,148629.847669323,-427.33013103182475,1.0,1.4845902285287593e-12
11,3,51.0,33.0,141928.14201968745,-427.52885137939387,1.0,2.1307400288606004e-12
11,4,51.0,34.0,135217.70614766548,-427.7363137489217,1.0,1.6839862837514374e-12
11,5,51.0,35.0,128520.79368819327,-427.95180169299,1.0,1.9100276915651193e-12
11,6,51.0,36.0,121862.8995740238,-428.1741276492957,1.0,1.6981971384666394e-12
11,7,51.0,37.0,115272.04629422718,-428.40165878883937,1.0,2.240430063693566e-12
11,8,51.0,38.0,108777.84718611852,-428.6323667578836,1.0,2.5508484213787597e-12
11,9,51.0,39.0,102410.33071910312,-428.863911121415,1.0,2.6503244043851737e-12
11,10,51.0,40.0,96198.66830599857,-429.0937467848174,1.0,4.146460952370035e-12
11,11,51.0,41.0,90169.85399718785,-429.3192589428002,1.0,4.665601238684758e-12
11,12,51.0,42.0,84347.43823578389,-429.53791648193464,1.0,5.6736837450444e-12
11,13,51.0,43.0,78750.44817141244,-429.74743563091357,1.0,3.3351099659739702e-12
11,14,51.0,44.0,73392.53919846339,-429.94594544084026,1.0,7.816858271780802e-12
11,15,51.0,45.0,68281.51052027033,-430.1321343525975,1.0,2.0747847884194925e-12
11,16,51.0,46.0,63419.21368099299,-430.30536663302405,1.0,2.190247982980509e-12
11,17,51.0,47.0,58801.81548812163,-430.4657647712389,1.0,2.26929586233382e-12
11,18,51.0,48.0,54420.46654442144,-430.61423606955685,1.0,8.137046592082697e-12
11,19,51.0,49.0,50262.23649706372,-430.75245463731085,1.0,1.099564883588755e-11
11,20,51.0,50.0,46311.25402067004,-430.88279644066245,1.0,2.5770496847599134e-12
11,21,51.0,51.0,42549.99861346873,-431.0082286165762,1.0,4.5350390109888394e-12
11,22,51.0,52.0,38960.55697812953,-431.13218113394237,1.0,1.6630696819674995e-11
11,23,51.0,53.0,35525.86059467389,-431.25839462214293,1.0,1.1459722060180866e-11
11,24,51.0,54.0,32230.782780459514,-431.39076758904207,1.0,5.757616605706062e-12
11,25,51.0,55.0,29063.06294107659,-431.53321057310643,1.0,2.5359714328487826e-11
11,26,51.0,56.0,26014.024657437396,-431.68951619921563,1.0,6.743050562363351e-12
11,27,51.0,57.0,23079.112185400416,-431.8632402806664,1.0,9.08295660906333e-12
11,28,51.0,58.0,20258.18264703884,-432.05760830992773,1.0,3.645928003948029e-11
11,29,51.0,59.0,17555.62451030751,-432.2754299625044,1.0,1.3038015111987988e-11
11,30,51.0,60.0,14980.259309555107,-432.5190300666765,1.0,4.857980684391805e-11
11,31,51.0,61.0,12545.05599682424,-432.790187088824,1.0,6.539213615042172e-12
11,32,51.0,62.0,10266.657547969653,-433.09007760033097,1.0,8.803180406857791e-12
11,33,51.0,63.0,8164.724980138912,-433.4192246616067,1.0,1.0650147430624202e-11
11,34,51.0,64.0,6261.097615671293,-433.7774558159624,1.0,1.1259881915748338e-11
11,35,51.0,65.0,4578.804814420402,-434.1638617590305,1.0,9.78959135977675e-11
11,36,51.0,66.0,3140.921273551838,-434.5767817153422,1.0,2.409348276444234e-10
11,37,51.0,67.0,1969.3488426197205,-435.0137986382484,1.0,1.5660628349678518e-10
11,38,51.0,68.0,1083.5541373588496,-435.47177362656106,1.0,6.608207314684478e-10
11,39,51.0,69.0,499.36943982448804,-435.94691618450094,1.0,2.11625827972739e-10
11,40,51.0,70.0,227.9561599945357,-436.4348918212208,1.0,1.2082215228303994e-09
11,41,51.0,71.0,275.03327058289915,-436.93098880487537,1.0,4.703233358327452e-10
11,42,51.0,72.0,640.4901705379436,-437.43032334964875,1.0,6.233626947960147e-10
11,43,51.0,73.0,1318.4575127043433,-437.92808109117175,1.0,6.666267537980275e-11
11,44,51.0,74.0,2297.8830504863477,-438.41979122894793,1.0,5.517764023466043e-11
11,45,51.0,75.0,3563.5829871818974,-438.9015890169508,1.0,3.736788656283352e-11
11,46,51.0,76.0,5097.703525192426,-439.3704732440932,1.0,1.7781776051606357e-11
11,47,51.0,77.0,6881.433230655871,-439.82450489762834,1.0,5.005817982350891e-11
11,48,51.0,78.0,8896.816225400475,-440.26295272089703,1.0,1.2160050744114415e-11
11,49,51.0,79.0,11128.437723389115,-440.6863407784986,1.0,1.070432631422591e-11
11,50,51.0,80.0,13564.865166573514,-441.0964260863896,1.0,9.302336678729262e-12
11,51,51.0,81.0,16199.643824538114,-441.49606954039405,1.0,9.271694523249607e-12
11,52,51.0,82.0,19031.854634689873,-441.8890543236103,1.0,7.1382899591299065e-12
11,53,51.0,83.0,22066.162735427308,-442.2798407923452,1.0,6.441513988875158e-12
11,54,51.0,84.0,25312.402522911885,-442.67328786518146,1.0,5.921929613350585e-12
11,55,51.0,85.0,28784.776290171976,-443.0743694516509,1.0,5.6705751205754495e-12
11,56,51.0,86.0,32500.73408432291,-443.4878976012933,1.0,4.39959180198457e-12
11,57,51.0,87.0,36479.60336901381,-443.9182663896187,1.0,1.4010570481559625e-11
11,58,51.0,88.0,40741.04922960854,-444.36922877215017,1.0,4.53637127861839e-12
11,59,51.0,89.0,45303.39579283798,-444.84370290654084,1.0,4.356959237838964e-12
11,60,51.0,90.0,50181.90581404305,-445.3436210044523,1.0,3.642863788400064e-12
11,61,51.0,91.0,55387.02325826545,-445.8698069852825,1.0,3.296918293926865e-12
11,62,51.0,92.0,60922.644152976376,-446.4218836779028,1.0,2.7711166694643907e-12
11,63,51.0,93.0,66784.55850393914,-446.99822271960846,1.0,2.7471358521324873e-12
11,64,51.0,94.0,72959.07820903572,-447.59592020793224,1.0,2.637001728089672e-12
11,65,51.0,95.0,79422.02637080963,-448.21081341794127,1.0,2.878586258248106e-12
11,66,51.0,96.0,84571.27416517086,-284.3842007312499,1.0,8.942180329540861e-12
11,67,51.0,97.0,83871.16080555267,-284.346885601826,1.0,5.9610094638173905e-12
11,68,51.0,98.0,83212.06175749328,-284.31167857246214,1.0,1.652455949852083e-12
11,69,51.0,99.0,82596.3424193104,-284.2763998993515,1.0,1.55964130499342e-12
11,70,51.0,100.0,82025.50531351096,-284.2389321486837,1.0,1.4881429422075598e-12
12,0,52.0,30.0,163657.88231835447,-427.23713686625365,1.0,2.113864638886298e-12
12,1,52.0,31.0,157263.30941819257,-427.3876208767815,1.0,1.6049384043981263e-12
12,2,52.0,32.0,150853.9393913064,-427.5426257485992,1.0,2.0539125955565396e-12
12,3,52.0,33.0,144434.0950585229,-427.7034204252718,1.0,3.8617997688561445e-12
12,4,52.0,34.0,138011.26037180968,-427.87088455580636,1.0,2.502886786714953e-12
12,5,52.0,35.0,131596.3342688982,-428.0454803594881,1.0,2.8674840280018543e-12
12,6,52.0,36.0,125203.63405711454,-428.2272390967856,1.0,4.227285188562746e-12
12,7,52.0,37.0,118850.67580529103,-428.41575891775284,1.0,1.5973888878306752e-12
12,8,52.0,38.0,112557.66889943929,-428.6102268888754,1.0,5.162981153716828e-12
12,9,52.0,39.0,106346.81481868644,-428.80945713311047,1.0,6.7337246889564994e-12
12,10,52.0,40.0,100241.44170742406,-429.0119478699804,1.0,5.0244253202436084e-12
12,11,52.0,41.0,94264.97065955152,-429.2159651085951,1.0,4.035882739117369e-12
12,12,52.0,42.0,88439.86891931349,-429.41964069125754,1.0,2.0663470934323414e-12
12,13,52.0,43.0,82786.59416460594,-429.6210873707814,1.0,1.8069989948799048e-12
12,14,52.0,44.0,77322.61858210231,-429.818530478545,1.0,5.775824263309914e-12
12,15,52.0,45.0,72061.6731401915,-430.010433803481,1.0,1.9984014443252818e-12
12,16,52.0,46.0,67013.17899602394,-430.1956268701083,1.0,3.8125058665627876e-12
12,17,52.0,47.0,62182.0205227528,-430.3734070447258,1.0,6.261213769676033e-12
12,18,52.0,48.0,57568.58715345113,-430.543621706568,1.0,2.114308728096148e-12
12,19,52.0,49.0,53169.12200202314,-430.7067158309781,1.0,2.774225293933341e-12
12,20,52.0,50.0,48976.35441931322,-430.86374039291354,1.0,3.4163782913765317e-12
12,21,52.0,51.0,44980.314573810414,-431.01632456417747,1.0,1.340438871011429e-11
12,22,52.0,52.0,41169.30542274086,-431.16661456970843,1.0,5.362377208939506e-12
12,23,52.0,53.0,37530.92403740809,-431.31718513066323,1.0,5.849987161354875e-12
12,24,52.0,54.0,34053.08774724647,-431.47093010196437,1.0,1.9257484495938115e-11
12,25,52.0,55.0,30724.974958080093,-431.6309460973431,1.0,6.349587522436195e-12
12,26,52.0,56.0,27537.87532247596,-431.800408539888,1.0,2.5864643760087347e-11
12,27,52.0,57.0,24485.857320631072,-431.9824582391639,1.0,5.139444425594775e-12
12,28,52.0,58.0,21566.28958099673,-432.1800906421277,1.0,3.4158453843247116e-11
12,29,52.0,59.0,18780.1671662192,-432.3960574044466,1.0,3.171374274302252e-11
12,30,52.0,60.0,16132.247784800753,-432.63277912703126,1.0,8.695710818074076e-12
12,31,52.0,61.0,13630.997344964964,-432.8922679302082,1.0,6.0276228452949e-12
12,32,52.0,62.0,11288.356060227716,-433.1760558934275,1.0,7.076561558960748e-12
12,33,52.0,63.0,9119.310973184321,-433.48513346758324,1.0,6.903810856329073e-11
12,34,52.0,64.0,7141.291559689808,-433.8198966753333,1.0,1.1760814544459208e-11
12,35,52.0,65.0,5373.404347293023,-434.1800989826852,1.0,1.5643042416968456e-11
12,36,52.0,66.0,3835.516785364004,-434.56481920215396,1.0,1.5283152521305965e-10
12,37,52.0,67.0,2547.2234364937963,-434.97244851894277,1.0,2.9052760197600946e-11
12,38,52.0,68.0,1526.7468083070612,-435.40070141531857,1.0,1.081263967250834e-10
12,39,52.0,69.0,789.8447414421515,-435.84665114339657,1.0,2.0212143070352795e-10
12,40,52.0,70.0,348.7870488134547,-436.3068116992098,1.0,2.2824231393769878e-10
12,41,52.0,71.0,211.51807206047908,-436.7772520170376,1.0,3.785887159324375e-10
12,42,52.0,72.0,381.0860788032581,-437.2537568033083,1.0,1.63075464243434e-09
12,43,52.0,73.0,855.4335368574882,-437.7320251989691,1.0,2.0454216098642064e-10
12,44,52.0,74.0,1627.605901752253,-438.2078977680713,1.0,3.647127044814624e-10
12,45,52.0,75.0,2686.393753614622,-438.67759314484306,1.0,3.073052923241448e-11
12,46,52.0,76.0,4017.3795565802343,-439.1379489960224,1.0,1.411581962429409e-10
12,47,52.0,77.0,5604.303499966278,-439.586634289739,1.0,1.2779954872144117e-10
12,48,52.0,78.0,7430.606166207381,-440.02231042152357,1.0,2.0055956895248528e-11
12,49,52.0,79.0,9481.017542023788,-440.44474115425146,1.0,6.426326137898286e-11
12,50,52.0,80.0,11742.992383711196,-440.85481373475335,1.0,3.519851077271596e-11
12,51,52.0,81.0,14207.890799019468,-441.2544927805497,1.0,2.757971628852829e-11
12,52,52.0,82.0,16871.776265155335,-441.6466960801822,1.0,2.6050717139014523e-11
12,53,52.0,83.0,19735.797560969113,-442.0351143221486,1.0,6.7199579234511475e-12
12,54,52.0,84.0,22806.118088794003,-442.4239787840452,1.0,2.029354462251831e-11
12,55,52.0,85.0,26093.47162871767,-442.8178163027053,1.0,5.009326287108706e-12
12,56,52.0,86.0,29612.35254469624,-443.2211898220081,1.0,6.269651464663184e-12
12,57,52.0,87.0,33379.9322828816,-443.6384521033296,1.0,4.033218203858269e-12
12,58,52.0,88.0,37414.75163410473,-444.07351768156923,1.0,1.4232170997274807e-11
12,59,52.0,89.0,41735.26115058862,-444.52966538381986,1.0,4.595435143528448e-12
12,60,52.0,90.0,46358.24634950828,-445.00936956890513,1.0,4.501732320250085e-12
12,61,52.0,91.0,51297.18271499692,-445.5141605683206,1.0,4.231726080661247e-12
12,62,52.0,92.0,56560.592660234885,-446.04451842207897,1.0,3.1299407510232413e-12
12,63,52.0,93.0,62150.44073129585,-446.5997926730711,1.0,9.249490062757104e-12
12,64,52.0,94.0,68060.65772680483,-447.1781517297837,1.0,8.273381979506667e-12
12,65,52.0,95.0,74275.90759248118,-447.7765660967685,1.0,2.9980462556977727e-12
12,66,52.0,96.0,80770.70019816357,-448.3908280329377,1.0,3.2254199311410048e-12
12,67,52.0,97.0,84272.0467209084,-284.3785012929613,1.0,6.835421118012164e-12
12,68,52.0,98.0,83569.1617379187,-284.34664500524485,1.0,1.687538997430238e-12
12,69,52.0,99.0,82906.91662852428,-284.31729021974803,1.0,1.5729639812889218e-12
12,70,52.0,100.0,82287.97481534735,-284.28831062389514,1.0,1.4912515666765103e-12
13,0,53.0,30.0,165294.52214907104,-427.528488148334,1.0,2.596589609993316e-12
13,1,53.0,31.0,159142.9057097338,-427.64872839114196,1.0,1.9388934902053734e-12
13,2,53.0,32.0,153005.5145355016,-427.76933109687957,1.0,1.852296094284611e-12
13,3,53.0,33.0,146875.9344984611,-427.89266346779533,1.0,5.296207916671847e-12
13,4,53.0,34.0,140750.25269001402,-428.02074852131835,1.0,2.6401103525586223e-12
13,5,53.0,35.0,134627.7978085493,-428.15521204181834,1.0,2.2861712523081223e-12
13,6,53.0,36.0,128511.6381086001,-428.29724357771215,1.0,2.078781591308143e-12
13,7,53.0,37.0,122408.7357786118,-428.44758524239717,1.0,1.5871748360041238e-12
13,8,53.0,38.0,116329.85883359495,-428.60653106883086,1.0,1.7541523789077473e-12
13,9,53.0,39.0,110289.26969556446,-428.7739387637423,1.0,2.1747048606357566e-12
13,10,53.0,40.0,104304.1526213791,-428.9492609256252,1.0,3.5020875088775938e-12
13,11,53.0,41.0,98393.90089056017,-429.13158570565815,1.0,3.136157999961142e-12
13,12,53.0,42.0,92579.23115627294,-429.3196971126184,1.0,4.46576109425223e-12
13,13,53.0,43.0,86881.19886684661,-429.5121538941186,1.0,6.644018668566787e-12
13,14,53.0,44.0,81320.24629377582,-429.7073723232603,1.0,3.682831817286569e-12
13,15,53.0,45.0,75915.19156222822,-429.90373821411714,1.0,2.0392576516314875e-12
13,16,53.0,46.0,70682.40167287893,-430.09971320732285,1.0,3.5869085479589558e-12
13,17,53.0,47.0,65635.09210468041,-430.2939501362599,1.0,1.8811618929248652e-12
13,18,53.0,48.0,60782.849931899866,-430.4854007221292,1.0,1.957101147809226e-12
13,19,53.0,49.0,56131.44389024331,-430.67340483942456,1.0,4.543920795185841e-12
13,20,53.0,50.0,51682.86098549811,-430.85776435371673,1.0,8.65485461076787e-12
13,21,53.0,51.0,47435.64206057777,-431.03878276009436,1.0,2.920774733183862e-12
13,22,53.0,52.0,43385.423095051694,-431.2172768500731,1.0,4.859224134179385e-12
13,23,53.0,53.0,39525.66989542778,-431.39455300675735,1.0,1.0671463712697005e-11
13,24,53.0,54.0,35848.49425674941,-431.5723617797312,1.0,2.9691804570575187e-12
13,25,53.0,55.0,32345.57416341375,-431.7528164220778,1.0,1.333688715021708e-11
13,26,53.0,56.0,29009.003563766804,-431.93830605107655,1.0,3.802291814736236e-12
13,27,53.0,57.0,25832.113943123353,-432.1313891012564,1.0,2.7311042316569e-11
13,28,53.0,58.0,22810.175455885594,-432.3346844148231,1.0,1.5356160787405315e-11
13,29,53.0,59.0,19940.940764100917,-432.5507661729662,1.0,1.6468604258079722e-11
13,30,53.0,60.0,17225.037101894566,-432.78206081412594,1.0,1.3856027436531804e-11
13,31,53.0,61.0,14666.179752308735,-433.03075048653545,1.0,5.7269744502264075e-12
13,32,53.0,62.0,12271.188733044239,-433.2986882716199,1.0,8.392397887746483e-12
13,33,53.0,63.0,10049.829646879087,-433.58732109974073,1.0,6.947731279183245e-11
13,34,53.0,64.0,8014.4720855091155,-433.8976192842326,1.0,8.638512127845388e-11
13,35,53.0,65.0,6179.573501492169,-434.23001893525696,1.0,6.763567483858424e-11
13,36,53.0,66.0,4561.002243844794,-434.58437808782816,1.0,1.1764411667058994e-10
13,37,53.0,67.0,3175.2256422884275,-434.95994821251037,1.0,2.2225776774575934e-11
13,38,53.0,68.0,2038.410751344383,-435.35535778636336,1.0,3.7360115001661143e-10
13,39,53.0,69.0,1165.4569471358088,-435.76863249643856,1.0,6.700684451743655e-11
13,40,53.0,70.0,569.05381349615,-436.1972345382733,1.0,1.1887237860719324e-09
13,41,53.0,71.0,258.82166154391325,-436.6381381326548,1.0,1.3219789707363816e-09
13,42,53.0,72.0,240.61995468594145,-437.08794804301914,1.0,3.7832759147704564e-10
13,43,53.0,73.0,516.1109247030676,-437.54304163336826,1.0,1.8814771962638588e-10
13,44,53.0,74.0,1082.6398002599506,-437.9997522121425,1.0,3.840869844395911e-10
13,45,53.0,75.0,1933.4806377168,-438.4545711401538,1.0,1.7503376525951353e-10
13,46,53.0,76.0,3058.453190355579,-438.9043586282612,1.0,4.139621978538344e-11
13,47,53.0,77.0,4444.87190838353,-439.3465471020829,1.0,2.1528556715111336e-11
13,48,53.0,78.0,6078.755114474632,-439.7793219354608,1.0,1.4930723324368955e-11
13,49,53.0,79.0,7946.17282072029,-440.20175834969206,1.0,8.199219081461706e-11
13,50,53.0,80.0,10034.605099152155,-440.6139020561841,1.0,1.3215650795928013e-11
13,51,53.0,81.0,12334.167770428645,-441.0167829698538,1.0,1.0308198739039653e-11
13,52,53.0,82.0,14838.60668900929,-441.4123675410449,1.0,8.245404359286113e-12
13,53,53.0,83.0,17545.93984567803,-441.8034376309732,1.0,1.8742785101721893e-11
13,54,53.0,84.0,20458.751247574284,-442.1934291236609,1.0,6.079581282847357e-12
13,55,53.0,85.0,23584.09199190922,-442.5862288177657,1.0,6.498357407735966e-12
13,56,53.0,86.0,26933.028396395144,-442.9859504044779,1.0,1.9542145679452005e-11
13,57,53.0,87.0,30519.868205288913,-443.3967033231745,1.0,5.588862705963038e-12
13,58,53.0,88.0,34361.137354935025,-443.8223729631808,1.0,3.990141550502813e-12
13,59,53.0,89.0,38474.350928318956,-444.2664177268301,1.0,1.3855583347321954e-11
13,60,53.0,90.0,42876.60591685062,-444.7316840447842,1.0,4.555023025432092e-12
13,61,53.0,91.0,47583.09897112201,-445.22025648518974,1.0,4.374278717023117e-12
13,62,53.0,92.0,52605.545495584076,-445.7333254520868,1.0,3.169464690699897e-12
13,63,53.0,93.0,57950.60173001961,-446.271085416155,1.0,2.823963285436548e-12
13,64,53.0,94.0,63618.342212021715,-446.8326596254753,1.0,4.140687792641984e-12
13,65,53.0,95.0,69600.85040010914,-447.4160479613877,1.0,8.451461752656542e-12
13,66,53.0,96.0,75881.03396957746,-448.01810373912133,1.0,8.628209258176867e-12
13,67,53.0,97.0,82431.8492728147,-448.63455830905013,1.0,8.471445767099794e-12
13,68,53.0,98.0,83994.33850145091,-284.3895727364756,1.0,3.6344260934129125e-12
13,69,53.0,99.0,83287.61758070294,-284.3644771774259,1.0,1.5853984791647235e-12
13,70,53.0,100.0,82621.47448581678,-284.34220697677966,1.0,1.496580637194711e-12
14,0,54.0,30.0,166886.38003671227,-427.8282190585276,1.0,4.863665026277886e-12
14,1,54.0,31.0,160975.80508083038,-427.9193933493459,1.0,2.213340621892712e-12
14,2,54.0,32.0,155109.3248843241,-428.00698909304356,1.0,1.7039702981946903e-12
14,3,54.0,33.0,149269.59021277426,-428.0945164730031,1.0,4.533262654149439e-12
14,4,54.0,34.0,143441.22418119194,-428.18514368752756,1.0,2.388755859783487e-12
14,5,54.0,35.0,137612.1138296097,-428.28160629825123,1.0,1.6155965454345278e-12
14,6,54.0,36.0,131774.3009494873,-428.3861570729484,1.0,1.5876189252139739e-12
14,7,54.0,37.0,125924.51628285712,-428.5005438780208,1.0,5.941913627793838e-12
14,8,54.0,38.0,120064.43068674812,-428.62600428043874,1.0,1.7346124536743446e-12
14,9,54.0,39.0,114200.5725676996,-428.7632781054312,1.0,1.5276668818842154e-12
14,10,54.0,40.0,108344.04042537986,-428.91262437106576,1.0,1.5285550603039155e-12
14,11,54.0,41.0,102509.97415787801,-429.07384857544383,1.0,1.7461587731304462e-12
14,12,54.0,42.0,96716.83416468347,-429.2463388885145,1.0,1.858957432432362e-12
14,13,54.0,43.0,90985.57026619562,-429.42910668198584,1.0,2.474909166494399e-12
14,14,54.0,44.0,85338.62263913242,-429.6208482803523,1.0,6.87760959294792e-12
14,15,54.0,45.0,79798.91274450523,-429.82001014394683,1.0,2.0965451597021456e-12
14,16,54.0,46.0,74388.78242539418,-430.024878194843,1.0,2.361666417982633e-12
14,17,54.0,47.0,69128.99340958588,-430.23367766294797,1.0,1.8633983245308627e-12
14,18,54.0,48.0,64037.858820756526,-430.44467963526705,1.0,1.8895995879120164e-12
14,19,54.0,49.0,59130.52926159843,-430.6563155145308,1.0,5.375255796025158e-12
14,20,54.0,50.0,54418.50895852725,-430.86728643260426,1.0,1.0125233984581428e-11
14,21,54.0,51.0,49909.4556370719,-431.07665669585583,1.0,3.4936498138904426e-12
14,22,54.0,52.0,45607.2290609396,-431.2839316231134,1.0,9.773515330380178e-12
14,23,54.0,53.0,41512.21043716941,-431.4891037203909,1.0,2.488231842789901e-12
14,24,54.0,54.0,37621.86004293866,-431.6926686238815,1.0,1.7814194563925412e-11
14,25,54.0,55.0,33931.41692831841,-431.8956135954653,1.0,3.3217872896784684e-12
14,26,54.0,56.0,30434.741560767143,-432.09936881286745,1.0,2.1930013360815792e-11
14,27,54.0,57.0,27125.191142424577,-432.30573460570645,1.0,1.0625722524082448e-11
14,28,54.0,58.0,23996.45981071871,-432.51679271865584,1.0,5.5990767577895895e-12
14,29,54.0,59.0,21043.353692520937,-432.73480164720456,1.0,7.419842518174846e-12
14,30,54.0,60.0,18262.44919027918,-432.96208483622365,1.0,3.0023539210333183e-11
14,31,54.0,61.0,15652.578830993754,-433.20092308588823,1.0,1.708899688424026e-11
14,32,54.0,62.0,13215.15308558967,-433.45345036116976,1.0,4.5201176135378773e-11
14,33,54.0,63.0,10954.302751842726,-433.7215510869057,1.0,7.147171743326908e-12
14,34,54.0,64.0,8876.811130704968,-434.0067793023493,1.0,7.80140396727802e-11
14,35,54.0,65.0,6991.887437125308,-434.31027628971685,1.0,1.9115820037995945e-11
14,36,54.0,66.0,5310.739538929774,-434.63271405578354,1.0,5.871481079111618e-11
14,37,54.0,67.0,3846.015122356722,-434.97424185134986,1.0,3.058753250684276e-11
14,38,54.0,68.0,2611.0985687805614,-435.3344550599548,1.0,6.318590095588661e-11
14,39,54.0,69.0,1619.3116524326942,-435.71238856973366,1.0,1.470730204289339e-10
14,40,54.0,70.0,883.078606993581,-436.1065210673766,1.0,3.888565025533808e-10
14,41,54.0,71.0,413.0861078690589,-436.5148205013164,1.0,1.4048509022757116e-09
14,42,54.0,72.0,217.5290207386401,-436.93480972553266,1.0,1.0836131991709408e-10
14,43,54.0,73.0,301.4995675809017,-437.3636704682446,1.0,4.39988934175517e-10
14,44,54.0,74.0,666.5961079644503,-437.7983725266002,1.0,2.471494120470652e-10
14,45,54.0,75.0,1310.8095013166333,-438.2358368775466,1.0,7.103340138314707e-11
14,46,54.0,76.0,2228.7198828449314,-438.67310865491754,1.0,7.045919403481093e-11
14,47,54.0,77.0,3412.0164629366996,-439.10754592635743,1.0,8.370681925384815e-11
14,48,54.0,78.0,4850.302017744423,-439.5369958245725,1.0,8.879341706347077e-11
14,49,54.0,79.0,6532.1278269636205,-439.9599552375758,1.0,1.0444312081858698e-10
14,50,54.0,80.0,8446.148939519873,-440.3756896476008,1.0,1.1851408743268621e-11
14,51,54.0,81.0,10582.302473542284,-440.78430833228555,1.0,4.8274273467541207e-11
14,52,54.0,82.0,12932.870722943686,-441.18677653625997,1.0,2.8907543025979976e-11
14,53,54.0,83.0,15493.356214394362,-441.5848774716106,1.0,7.758682585290444e-12
14,54,54.0,84.0,18263.0581058567,-441.98111155607046,1.0,7.363443188523888e-12
14,55,54.0,85.0,21245.333736703466,-442.3785553022841,1.0,2.3725021947029745e-11
14,56,54.0,86.0,24447.504663350977,-442.780679822405,1.0,7.199130180879365e-12
14,57,54.0,87.0,27880.448052927557,-443.1911544821277,1.0,1.4378720436525327e-11
14,58,54.0,88.0,31557.883094905414,-443.6136396767861,1.0,4.9666937229631e-12
14,59,54.0,89.0,35495.397465318885,-444.05158252013734,1.0,3.752553823233029e-12
14,60,54.0,90.0,39709.28457143004,-444.50803085372706,1.0,9.347633778133968e-12
14,61,54.0,91.0,44215.19908524898,-444.9854602800659,1.0,3.955058502924658e-12
14,62,54.0,92.0,49026.697750106716,-445.4856244785289,1.0,3.027356143547877e-12
14,63,54.0,93.0,54153.71870089654,-446.0094302968206,1.0,9.171330361823493e-12
14,64,54.0,94.0,59601.032185812364,-446.55683318426435,1.0,5.497380328733925e-12
14,65,54.0,95.0,65366.73614402387,-447.126756287677,1.0,3.6206593279075605e-12
14,66,54.0,96.0,71440.90175224564,-447.7170380905852,1.0,3.2018832030189515e-12
14,67,54.0,97.0,77804.4230226082,-448.3244028933344,1.0,3.824052186018889e-12
14,68,54.0,98.0,84428.21660156235,-448.9444656848117,1.0,3.0548896745585807e-12
14,69,54.0,99.0,83731.72438214421,-284.4199865821292,1.0,1.609379296496627e-12
14,70,54.0,100.0,83020.75309136105,-284.4023181710059,1.0,1.4912515666765103e-12
15,0,55.0,30.0,168476.24671338344,-428.13098871845176,1.0,1.6275869541004795e-12
15,1,55.0,31.0,162797.18548685758,-428.1952635647042,1.0,2.105871033108997e-12
15,2,55.0,32.0,157191.84996822377,-428.2523681647681,1.0,1.6586731987899839e-12
15,3,55.0,33.0,151632.0858457251,-428.306966992204,1.0,2.7058355556164315e-12
15,4,55.0,34.0,146091.35334378874,-428.3633365393437,1.0,1.6391332735565811e-12
15,5,55.0,35.0,140546.51646477086,-428.42523937570814,1.0,1.9455548283531243e-12
15,6,55.0,36.0,134979.13587554105,-428.4958586693325,1.0,2.6054713941903174e-12
15,7,55.0,37.0,129376.36547504374,-428.5777721246571,1.0,1.899369550528718e-12
15,8,55.0,38.0,123731.37817240212,-428.67296505123187,1.0,1.567190821560871e-12
15,9,55.0,39.0,118043.49303501462,-428.7828566908801,1.0,1.6866508190105378e-12
15,10,55.0,40.0,112318.01761256692,-428.9083316452851,1.0,1.6897594434794883e-12
15,11,55.0,41.0,106565.8463058145,-429.0497725572422,1.0,1.4694911953938572e-12
15,12,55.0,42.0,100802.89990541586,-429.20708455647747,1.0,1.7124079931818414e-12
15,13,55.0,43.0,95049.34808582526,-429.3797239870646,1.0,1.716848885280342e-12
15,14,55.0,44.0,89328.73607266256,-429.56672263746947,1.0,1.7394974349826953e-12
15,15,55.0,45.0,83666.96585962201,-429.7667227180004,1.0,2.8683722064215544e-12
15,16,55.0,46.0,78091.15860772623,-429.97803045125767,1.0,8.449685395817141e-12
15,17,55.0,47.0,72628.53256088338,-430.1986753237408,1.0,1.8771650900362147e-12
15,18,55.0,48.0,67305.21555466832,-430.4265030644695,1.0,3.077094135051084e-12
15,19,55.0,49.0,62145.15518334469,-430.65928228359076,1.0,5.444533712761768e-12
15,20,55.0,50.0,57169.18572017299,-430.89482338519605,1.0,2.190247982980509e-12
15,21,55.0,51.0,52394.28615304258,-431.13110770285033,1.0,1.1128875598842569e-11
15,22,55.0,52.0,47833.10062444947,-431.3664152120323,1.0,2.5774937739697634e-12
15,23,55.0,53.0,43493.78474552973,-431.5994346817272,1.0,1.3513634655737405e-11
15,24,55.0,54.0,39380.141625650904,-431.82935218557105,1.0,2.6783020246057276e-12
15,25,55.0,55.0,35492.05213073192,-432.0559096291353,1.0,1.3464784842653899e-11
15,26,55.0,56.0,31826.149828956353,-432.27942297819476,1.0,2.1604940059205546e-11
15,27,55.0,57.0,28376.674199656005,-432.5007630469739,1.0,4.3223202794706594e-12
15,28,55.0,58.0,25136.409182121937,-432.7213033574825,1.0,1.6581402917381638e-11
15,29,55.0,59.0,22097.663254159503,-432.9428329799561,1.0,1.163202867360269e-11
15,30,55.0,60.0,19253.169283425555,-433.16745491493333,1.0,5.221600929417036e-12
15,31,55.0,61.0,16596.904732392806,-433.39746196604676,1.0,4.390221519656734e-11
15,32,55.0,62.0,14124.732318494971,-433.63521495712126,1.0,4.905542638766747e-11
15,33,55.0,63.0,11834.860292205927,-433.8830230081123,1.0,1.6040946348994112e-11
15,34,55.0,64.0,9728.119009580021,-434.14302469746025,1.0,7.079581365587728e-11
15,35,55.0,65.0,7808.0083161831135,-434.41709121567,1.0,9.841905068697088e-12
15,36,55.0,66.0,6080.57207137511,-434.7067343023373,1.0,1.2611689470531928e-11
15,37,55.0,67.0,4554.074544144188,-435.0130346383745,1.0,1.4052137231601591e-10
15,38,55.0,68.0,3238.513766820416,-435.3365887526187,1.0,2.0686563573235617e-11
15,39,55.0,69.0,2145.009112567252,-435.67746671649667,1.0,3.175459895032873e-11
15,40,55.0,70.0,1285.0685205062737,-436.03520574379274,1.0,6.093570092957634e-11
15,41,55.0,71.0,669.8232469006052,-436.408805118,1.0,2.7971536198379e-10
15,42,55.0,72.0,309.2385831707413,-436.7967638501427,1.0,1.9481749546912397e-11
15,43,55.0,73.0,211.38953931357239,-437.19714069385043,1.0,1.8202017670887471e-10
15,44,55.0,74.0,381.85796865373834,-437.60763991006166,1.0,5.978653128124733e-10
15,45,55.0,75.0,823.3134329400698,-438.02572719322984,1.0,3.557079075733327e-10
15,46,55.0,76.0,1535.3346262054845,-438.44877136926567,1.0,5.815747883275435e-11
15,47,55.0,77.0,2514.5054763082844,-438.8742005415347,1.0,7.823208747481658e-11
15,48,55.0,78.0,3754.8016304949697,-439.29967084707135,1.0,2.389244357914322e-11
15,49,55.0,79.0,5248.242963608568,-439.7232294245001,1.0,1.6995294060961896e-11
15,50,55.0,80.0,6985.768463972545,-440.1434647799797,1.0,1.4012346838399026e-11
15,51,55.0,81.0,8958.234511490376,-440.5596185062781,1.0,7.124434375782585e-11
15,52,55.0,82.0,11157.470559289068,-440.9716681521546,1.0,5.0536019813307576e-11
15,53,55.0,83.0,13577.251651894087,-441.3803501859007,1.0,3.135802728593262e-11
15,54,55.0,84.0,16214.114138388019,-441.78713509263906,1.0,3.4936054049694576e-11
15,55,55.0,85.0,19067.925757324017,-442.19415020149546,1.0,6.6484595606652874e-12
15,56,55.0,86.0,22142.16450802333,-442.60405892376974,1.0,6.2727600891321345e-12
15,57,55.0,87.0,25443.87200968395,-443.01990279568923,1.0,5.228262267564787e-12
15,58,55.0,88.0,28983.29378614686,-443.4449219428582,1.0,1.1883383166377826e-11
15,59,55.0,89.0,32773.23308497002,-443.88236677100554,1.0,4.18687307046639e-12
15,60,55.0,90.0,36828.12421791916,-444.33530349590757,1.0,1.4093615163801587e-11
15,61,55.0,91.0,41162.90225203916,-444.8064330065748,1.0,4.030997757809018e-12
15,62,55.0,92.0,45791.69238189446,-445.2979224781664,1.0,3.446132268436486e-12
15,63,55.0,93.0,50726.36615597049,-445.811254780768,1.0,8.025580200410332e-12
15,64,55.0,94.0,55975.010393780954,-446.3470965590344,1.0,4.582556556442796e-12
15,65,55.0,95.0,61540.394799501104,-446.90519186751783,1.0,8.522960115442402e-12
15,66,55.0,96.0,67418.46695810923,-447.4842742171181,1.0,3.895994638014599e-12
15,67,55.0,97.0,73596.98280715077,-448.0820036627313,1.0,3.815614491031738e-12
15,68,55.0,98.0,80054.37886230442,-448.6949312918167,1.0,5.5213611460658285e-12
15,69,55.0,99.0,84231.82748894826,-284.48550837828043,1.0,7.038369886913642e-12
15,70,55.0,100.0,83479.86792749717,-284.47008703904504,1.0,2.5637270084644115e-12
16,0,56.0,30.0,168981.52829762953,-286.4090417289949,1.0,1.0107470416187425e-12
16,1,56.0,31.0,164643.53442571423,-428.47214508305194,1.0,4.814371123984529e-12
16,2,56.0,32.0,159280.40226414794,-428.5024183285805,1.0,5.226929999935237e-12
16,3,56.0,33.0,153980.9733246072,-428.52815781039016,1.0,2.4287238886699924e-12
16,4,56.0,34.0,148708.18791348496,-428.5546747029228,1.0,1.858069254012662e-12
16,5,56.0,35.0,143428.6259796462,-428.5866428817016,1.0,1.574740338128322e-12
16,6,56.0,36.0,138114.25176411058,-428.6280107975414,1.0,5.419220627800314e-12
16,7,56.0,37.0,132743.49717029484,-428.68199369805546,1.0,2.2648549702353193e-12
16,8,56.0,38.0,127301.88215670374,-428.7511093619688,1.0,1.6981971384666394e-12
16,9,56.0,39.0,121782.22552356866,-428.83723974648996,1.0,1.6231460620019789e-12
16,10,56.0,40.0,116184.52320336681,-428.94169856665496,1.0,6.466382984626762e-12
16,11,56.0,41.0,110515.64723176596,-429.0652829521479,1.0,1.8318679906315083e-12
16,12,56.0,42.0,104788.80146372256,-429.2083145260623,1.0,1.362021606610142e-12
16,13,56.0,43.0,99022.88080171827,-429.3706555850209,1.0,5.154099369519827e-12
16,14,56.0,44.0,93241.67217875125,-429.55171422502343,1.0,3.2795988147427124e-12
16,15,56.0,45.0,87472.90725963506,-429.7504445936196,1.0,1.759037360216098e-12
16,16,56.0,46.0,81747.2152668811,-429.965348315159,1.0,2.4233948181517917e-12
16,17,56.0,47.0,76096.90403683949,-430.1944993683707,1.0,3.678835014397919e-12
16,18,56.0,48.0,70554.68423642682,-430.4355845129808,1.0,3.0873081868776353e-12
16,19,56.0,49.0,65152.33203429609,-430.6859809459455,1.0,2.001065979584382e-12
16,20,56.0,50.0,59919.36682182275,-430.9428655847104,1.0,2.8985702726913587e-12
16,21,56.0,51.0,54881.85238614981,-431.20335075531597,1.0,2.155164935402354e-12
16,22,56.0,52.0,50061.412998197775,-431.46463981145496,1.0,7.168932114609561e-12
16,23,56.0,53.0,45474.51294769146,-431.72419497504245,1.0,2.1658230764387554e-12
16,24,56.0,54.0,41132.12087479195,-431.9798907402606,1.0,1.5873080627670788e-11
16,25,56.0,55.0,37039.72060896637,-432.2301549147438,1.0,5.764277943853813e-12
16,26,56.0,56.0,33197.72364618016,-432.47406489053526,1.0,3.2294167340296553e-12
16,27,56.0,57.0,29602.176144650093,-432.7114059000758,1.0,1.0696332708448608e-11
16,28,56.0,58.0,26245.7345180115,-432.94267598938285,1.0,4.036770917537069e-12
16,29,56.0,59.0,23118.78581207808,-433.16903913014636,1.0,3.214450927657708e-11
16,30,56.0,60.0,20210.60950991671,-433.39224247646956,1.0,1.5123458041443882e-11
16,31,56.0,61.0,17510.50638891721,-433.6144957084979,1.0,3.076117138789414e-11
16,32,56.0,62.0,15008.804399976358,-433.83832961916363,1.0,4.0598635564492724e-11
16,33,56.0,63.0,12697.68913342593,-434.06644655395985,1.0,5.3644200193048164e-11
16,34,56.0,64.0,10571.813382620247,-434.301573771698,1.0,6.77382594460596e-11
16,35,56.0,65.0,8628.687902606165,-434.54632387279,1.0,2.687983169380459e-11
16,36,56.0,66.0,6868.83969958031,-434.8030701144694,1.0,9.689138380508666e-12
16,37,56.0,67.0,5295.737077668307,-435.07384692576596,1.0,1.3982592861339072e-11
16,38,56.0,68.0,3915.5343436448384,-435.36025996634623,1.0,1.9139356766118e-11
16,39,56.0,69.0,2736.616107174094,-435.663428061996,1.0,2.479594307658317e-10
16,40,56.0,70.0,1769.0080939885231,-435.98394025905293,1.0,3.0711566623153885e-10
16,41,56.0,71.0,1023.676255387526,-436.3218306186624,1.0,1.6220980114667327e-10
16,42,56.0,72.0,511.7486653881342,-436.6765836241172,1.0,1.333724686247706e-09
16,43,56.0,73.0,243.72400702378903,-437.04715794393303,1.0,3.6262814973042623e-10
16,44,56.0,74.0,228.71613509278959,-437.4320375549209,1.0,5.025659888246992e-10
16,45,56.0,75.0,473.7970640299358,-437.8293087059486,1.0,8.128577810850857e-10
16,46,56.0,76.0,983.4996720893878,-438.23676296819144,1.0,1.0508438563761047e-10
16,47,56.0,77.0,1759.5357678135306,-438.65202503113187,1.0,6.219602610713082e-11
16,48,56.0,78.0,2800.7711239951645,-439.0726999833852,1.0,3.08539860327528e-11
16,49,56.0,79.0,4103.476926360265,-439.4965302480976,1.0,4.0061731709784e-11
16,50,56.0,80.0,5661.844479852045,-439.9215524947083,1.0,3.348255006585532e-11
16,51,56.0,81.0,7468.737528162704,-440.34624871892896,1.0,9.266276634889437e-11
16,52,56.0,82.0,9516.596006047663,-440.76966669046124,1.0,2.376854268959505e-11
16,53,56.0,83.0,11798.413986874006,-441.19150718206026,1.0,9.748202245418724e-12
16,54,56.0,84.0,14308.690389397287,-441.61216854174995,1.0,8.419487329547337e-12
16,55,56.0,85.0,17044.24804864249,-442.03273888021505,1.0,7.65654206702493e-12
16,56,56.0,86.0,20004.839654384126,-442.45493911656956,1.0,2.156363976268949e-11
16,57,56.0,87.0,23193.476315297496,-442.8810198589692,1.0,6.0031979387531464e-12
16,58,56.0,88.0,26616.45000584058,-443.3136222010626,1.0,1.4981793583501712e-11
16,59,56.0,89.0,30283.03222615059,-443.7556102710515,1.0,5.134115355076574e-12
16,60,56.0,90.0,34204.866689274706,-444.20988848827864,1.0,1.3536283205439759e-11
16,61,56.0,91.0,38395.085207976095,-444.67921359530567,1.0,5.730971253115058e-12
16,62,56.0,92.0,42867.17655380831,-445.16600978049615,1.0,3.587352637168806e-12
16,63,56.0,93.0,47633.67389375274,-445.6721975062748,1.0,7.465139617579553e-12
16,64,56.0,94.0,52704.68552408308,-446.1990350826804,1.0,7.2160055708536675e-12
16,65,56.0,95.0,58086.35298073658,-446.7469828112301,1.0,9.451550653238883e-12
16,66,56.0,96.0,63779.25493837022,-447.31558140672587,1.0,3.5709213364043535e-12
16,67,56.0,97.0,69776.9162435723,-447.9033635795998,1.0,8.689937658346025e-12
16,68,56.0,98.0,76064.39608611507,-448.5077769250347,1.0,6.747047365252001e-12
16,69,56.0,99.0,82617.20450282065,-449.12515012133713,1.0,3.6988190288411715e-12
16,70,56.0,100.0,83992.56437146847,-284.5466276606794,1.0,1.893152301590817e-12
17,0,57.0,30.0,168298.8000381348,-286.58839241189366,1.0,1.0031975250512914e-12
17,1,57.0,31.0,166551.16628614475,-428.7462435752649,1.0,1.5516476992161188e-12
17,2,57.0,32.0,161402.07756445347,-428.75444771493255,1.0,2.0312640458541864e-12
17,3,57.0,33.0,156333.6349012278,-428.7565069348765,1.0,2.532640763774907e-12
17,4,57.0,34.0,151299.31370462044,-428.75864547740895,1.0,1.4441781104324036e-12
17,5,57.0,35.0,146256.54650078574,-428.7662939814774,1.0,1.5765166949677223e-12
17,6,57.0,36.0,141168.76958747787,-428.78399283368066,1.0,2.4078516958070395e-12
17,7,57.0,37.0,136006.76543136247,-428.8153944789813,1.0,1.7532642004880472e-12
17,8,57.0,38.0,130749.38474138692,-428.8633368847857,1.0,5.907274669425533e-12
17,9,57.0,39.0,125383.75298839003,-428.9299561618818,1.0,2.0614621121239907e-12
17,10,57.0,40.0,119905.18215824933,-429.0167989937533,1.0,1.935340776526573e-12
17,11,57.0,41.0,114316.81357632887,-429.1249199371162,1.0,5.475619957451272e-12
17,12,57.0,42.0,108629.12476704392,-429.2549437315888,1.0,2.1187496201946487e-12
17,13,57.0,43.0,102859.34812337703,-429.4070872070041,1.0,1.9961809982760315e-12
17,14,57.0,44.0,97030.7430888352,-429.5811528073226,1.0,1.8185453143360064e-12
17,15,57.0,45.0,91171.81310542837,-429.7764911628524,1.0,1.6506795930126827e-12
17,16,57.0,46.0,85315.34446117694,-429.9919594479597,1.0,5.328626428990901e-12
17,17,57.0,47.0,79497.28750772482,-430.2258856689295,1.0,7.973177673648024e-12
17,18,57.0,48.0,73755.47876205263,-430.4760566941688,1.0,2.2151169787321123e-12
17,19,57.0,49.0,68128.20364818219,-430.73973914513743,1.0,7.771561172376096e-12
17,20,57.0,50.0,62652.631370174786,-431.0137547705771,1.0,1.8989254613188677e-12
17,21,57.0,51.0,57363.26332446385,-431.29459772203734,1.0,4.759748151172971e-12
17,22,57.0,52.0,52290.45192475202,-431.5786010494549,1.0,3.786304603181634e-12
17,23,57.0,53.0,47459.14906221004,-431.8621382010769,1.0,3.884448318558498e-12
17,24,57.0,54.0,42888.01160664362,-432.1418371170554,1.0,3.711697615926823e-12
17,25,57.0,55.0,38588.9146574223,-432.41479957832104,1.0,2.5215385335286555e-12
17,26,57.0,56.0,34566.949277029045,-432.6787925467601,1.0,1.8971935134004525e-11
17,27,57.0,57.0,30820.91691404355,-432.93239144645565,1.0,4.0252245980809676e-12
17,28,57.0,58.0,27344.198236258373,-433.1750713422112,1.0,1.5558665467096944e-11
17,29,57.0,59.0,24125.976533976853,-433.40722047967756,1.0,9.913847520692798e-12
17,30,57.0,60.0,21152.613617106228,-433.63009695269693,1.0,1.7046364320094654e-11
17,31,57.0,61.0,18409.098520261916,-433.8457201051116,1.0,4.872990899684737e-12
17,32,57.0,62.0,15880.43296782659,-434.0567179341496,1.0,5.6199489506525424e-12
17,33,57.0,63.0,13552.844726671883,-434.26614991744265,1.0,6.049827305787403e-12
17,34,57.0,64.0,11414.786611775018,-434.47731633606406,1.0,8.193445921733655e-12
17,35,57.0,65.0,9457.670817224634,-434.69357277840265,1.0,6.728129164912389e-11
17,36,57.0,66.0,7676.320170029683,-434.9181641941679,1.0,9.531486711011894e-12
17,37,57.0,67.0,6069.167721832348,-435.15407647498114,1.0,2.4805046905385097e-11
17,38,57.0,68.0,4638.194063447641,-435.403920245971,1.0,1.6470824704128972e-11
17,39,57.0,69.0,3388.651366729696,-435.6698386796982,1.0,5.171196804099054e-11
17,40,57.0,70.0,2328.598496090496,-435.9534407150949,1.0,4.105693562905799e-11
17,41,57.0,71.0,1468.2774405400817,-436.25575628154877,1.0,4.775961848224597e-10
17,42,57.0,72.0,819.3669831938802,-436.57721979025615,1.0,7.763589771059287e-10
17,43,57.0,73.0,394.1653583823956,-436.917667259749,1.0,5.189106921932307e-10
17,44,57.0,74.0,204.73697978001024,-437.2763610853695,1.0,9.011982271545094e-10
17,45,57.0,75.0,262.0848638681678,-437.65203723335975,1.0,1.1647376396695108e-09
17,46,57.0,76.0,575.4061005508693,-438.042974930782,1.0,1.620672485103114e-10
17,47,57.0,77.0,1151.4915741069985,-438.4470932521839,1.0,9.585754412455572e-11
17,48,57.0,78.0,1994.3312465743538,-438.8620736288683,1.0,1.7795231954664814e-10
17,49,57.0,79.0,3104.9660795765703,-439.28549665200296,1.0,3.008082671840384e-11
17,50,57.0,80.0,4481.627755536554,-439.71500347036823,1.0,9.401457390367796e-11
17,51,57.0,81.0,6120.150690211921,-440.1484502223959,1.0,1.2270851001972005e-10
17,52,57.0,82.0,8014.645681243871,-440.5840657717685,1.0,1.5124346219863583e-11
17,53,57.0,83.0,10158.35914090436,-441.02058368893483,1.0,4.8413273390224276e-11
17,54,57.0,84.0,12544.646401302172,-441.45734684949787,1.0,4.600853031888619e-11
17,55,57.0,85.0,15167.943744122755,-441.89436662192173,1.0,1.7605028546086032e-11
17,56,57.0,86.0,18024.636261927004,-442.3323320351219,1.0,9.084288876692881e-12
17,57,57.0,87.0,21113.748684896473,-442.7725765423498,1.0,6.488587445119265e-12
17,58,57.0,88.0,24437.33601025202,-443.2169819698792,1.0,5.299760630350647e-12
17,59,57.0,89.0,28000.574815202093,-443.6678515725383,1.0,9.846345960795588e-12
17,60,57.0,90.0,31811.52038358185,-444.1277491505284,1.0,1.2301271112846734e-11
17,61,57.0,91.0,35880.51790846931,-444.5993142036261,1.0,6.075584479958707e-12
17,62,57.0,92.0,40219.31252133611,-445.08506870201205,1.0,4.213962512267244e-12
17,63,57.0,93.0,44839.91313044437,-445.5872293222444,1.0,3.396838366143129e-12
17,64,57.0,94.0,49753.22323694895,-446.10752330164905,1.0,2.999378523327323e-12
17,65,57.0,95.0,54967.5141906881,-446.64701963083184,1.0,5.758504784125762e-12
17,66,57.0,96.0,60486.83546455177,-447.20598509428294,1.0,3.837374862314391e-12
17,67,57.0,97.0,66309.3685268387,-447.7837535156478,1.0,9.036327242029074e-12
17,68,57.0,98.0,72425.88268101783,-448.3786263645499,1.0,3.5265124154193472e-12
17,69,57.0,99.0,78818.34721158152,-448.987797274157,1.0,3.6077807408219087e-12
17,70,57.0,100.0,84552.67918631285,-284.63266560591245,1.0,1.8767210008263646e-12
18,0,58.0,30.0,167535.36728299785,-286.73888377642606,1.0,1.2150280781497713e-12
18,1,58.0,31.0,166648.47341041022,-286.5535386465024,1.0,1.368682944757893e-12
18,2,58.0,32.0,163582.50377854446,-429.00632370376593,1.0,2.1236346015029994e-12
18,3,58.0,33.0,158706.50401402492,-428.99083281057966,1.0,2.4296120670896926e-12
18,4,58.0,34.0,153872.07394444113,-428.97492625770985,1.0,1.4450662888521038e-12
18,5,58.0,35.0,149028.89177347498,-428.9646166576828,1.0,2.9767299736249697e-12
18,6,58.0,36.0,144133.19172125918,-428.96485208349446,1.0,1.9673151996357774e-12
18,7,58.0,37.0,139149.3200017551,-428.97953240295135,1.0,1.9455548283531243e-12
18,8,58.0,38.0,134050.48320451207,-429.01162822443746,1.0,3.1463720517876936e-12
18,9,58.0,39.0,128818.99295000854,-429.0633451058529,1.0,2.708500090875532e-12
18,10,58.0,40.0,123446.10560194252,-429.13629410035486,1.0,2.036149027162537e-12
18,11,58.0,41.0,117931.60951252062,-429.231642862777,1.0,1.808331262509455e-12
18,12,58.0,42.0,112283.33211299319,-429.35021043417,1.0,3.1610269957127457e-12
18,13,58.0,43.0,106516.543688613,-429.4925105129451,1.0,4.9631410092843e-12
18,14,58.0,44.0,100653.36534206591,-429.65873301939706,1.0,3.347988553059622e-12
18,15,58.0,45.0,94722.09123005377,-429.8486824764223,1.0,5.802469615900918e-12
18,16,58.0,46.0,88756.39644913378,-430.0616901972295,1.0,2.0046186932631826e-12
18,17,58.0,47.0,82794.40270813572,-430.2965163317885,1.0,1.91535676208332e-12
18,18,58.0,48.0,76877.5117583896,-430.5512702604936,1.0,2.970956813896919e-12
18,19,58.0,49.0,71048.97296870392,-430.8233728973554,1.0,8.424816400065538e-12
18,20,58.0,50.0,65352.26169448025,-431.109566409049,1.0,5.913491918363434e-12
18,21,58.0,51.0,59829.25261243211,-431.40599959754564,1.0,3.1117330934193888e-12
18,22,58.0,52.0,54518.35544365582,-431.7083788193433,1.0,2.83639778331235e-12
18,23,58.0,53.0,49452.76594654797,-432.01218285319374,1.0,2.4358293160275934e-12
18,24,58.0,54.0,44658.99316543276,-432.31292299835974,1.0,2.2519763831496675e-12
18,25,58.0,55.0,40155.79280139945,-432.6064368605288,1.0,1.525002346625115e-11
18,26,58.0,56.0,35953.69725878894,-432.8891674483724,1.0,3.654410107856165e-12
18,27,58.0,57.0,32055.113457614407,-433.1584158766329,1.0,3.89999144090325e-12
18,28,58.0,58.0,28455.04351640352,-433.4125230438541,1.0,1.4444001550373287e-11
18,29,58.0,59.0,25142.28420267324,-433.6509737910858,1.0,4.008349208106665e-12
18,30,58.0,60.0,22100.973407577134,-433.87441045302876,1.0,4.371614181764016e-12
18,31,58.0,61.0,19312.348124961318,-434.0845498209194,1.0,3.459010855522138e-11
18,32,58.0,62.0,16756.485840181464,-434.2840341518348,1.0,2.0366375252933722e-11
18,33,58.0,63.0,14413.943378874135,-434.4762214861605,1.0,4.5644821256018986e-11
18,34,58.0,64.0,12267.14846773918,-434.66495048301374,1.0,5.622435850227703e-11
18,35,58.0,65.0,10301.490118374728,-434.8543023221894,1.0,7.084022257686229e-11
18,36,58.0,66.0,8506.094831367258,-435.0483737357194,1.0,6.720668466186908e-11
18,37,58.0,67.0,6874.268042985208,-435.25108321701117,1.0,1.0078160528337321e-11
18,38,58.0,68.0,5403.643160142306,-435.4660106540199,1.0,6.625988646646874e-11
18,39,58.0,69.0,4096.066496328507,-435.69627239344965,1.0,8.138023588344367e-11
18,40,58.0,70.0,2957.247335514636,-435.9444316740302,1.0,1.3756240591078495e-10
18,41,58.0,71.0,1996.2105726834632,-436.2124452368822,1.0,3.385118851895186e-10
18,42,58.0,72.0,1224.6071623782263,-436.50162109776085,1.0,1.0906253677944733e-10
18,43,58.0,73.0,655.8890940987933,-436.81261161500043,1.0,1.0341336675878665e-09
18,44,58.0,74.0,304.412688608461,-437.1454166329013,1.0,8.9915275225394e-10
18,45,58.0,75.0,184.50124357921823,-437.49941040524976,1.0,8.003651075227936e-10
18,46,58.0,76.0,309.52499715209234,-437.873387296525,1.0,4.257887376013514e-10
18,47,58.0,77.0,691.056263683524,-438.2656313214052,1.0,2.7561064541714586e-10
18,48,58.0,78.0,1338.1618797420153,-438.67400567624037,1.0,8.044143129382064e-11
18,49,58.0,79.0,2256.899765674523,-439.09607323156956,1.0,4.71840344573593e-11
18,50,58.0,80.0,3450.071531613477,-439.52923442040407,1.0,4.7418957649369986e-11
18,51,58.0,81.0,4917.2716847184665,-439.97088530491885,1.0,1.8135271062647007e-11
18,52,58.0,82.0,6655.246582941432,-440.4185860446675,1.0,2.339506366411115e-11
18,53,58.0,83.0,8658.534211196924,-440.8702217172781,1.0,6.748912539933372e-11
18,54,58.0,84.0,10920.33944073379,-441.3241536293339,1.0,1.2895462475626118e-11
18,55,58.0,85.0,13433.548621116055,-441.77933728304305,1.0,2.1027624086400465e-11
18,56,58.0,86.0,16191.776437276894,-442.23539944518376,1.0,9.558132063602898e-12
18,57,58.0,87.0,19190.33757664571,-442.69266837244083,1.0,2.5931701230774706e-11
18,58,58.0,88.0,22427.004474388206,-443.15214024535436,1.0,6.5139005300807185e-12
18,59,58.0,89.0,25902.511158975958,-443.61540519812627,1.0,2.1370016867194863e-11
18,60,58.0,90.0,29620.69394596422,-444.0845165326949,1.0,5.101696842757519e-12
18,61,58.0,91.0,33588.268484610475,-444.5618253217087,1.0,1.2864376230936614e-11
18,62,58.0,92.0,37814.2447721491,-445.04979100166327,1.0,5.198952379714683e-12
18,63,58.0,93.0,42309.01023124712,-445.55077977965874,1.0,4.143352327901084e-12
18,64,58.0,94.0,47083.10527800788,-446.06685811082167,1.0,1.0413003792564268e-11
18,65,58.0,95.0,52145.79918917474,-446.5996016157414,1.0,3.290256955779114e-12
18,66,58.0,96.0,57503.46930403765,-447.1499113484436,1.0,2.8692603848412546e-12
18,67,58.0,97.0,63157.920122108495,-447.71785757887574,1.0,7.140510405179157e-12
18,68,58.0,98.0,69104.70740812292,-448.30254752138046,1.0,5.218492304948086e-12
18,69,58.0,99.0,75331.54251229917,-448.9020165743425,1.0,3.2791547255328624e-12
18,70,58.0,100.0,81816.96630122134,-449.51316283061675,1.0,3.4949820815199928e-12
19,0,59.0,30.0,166667.26707614967,-286.85207906507,1.0,1.0840217612440028e-12
19,1,59.0,31.0,165778.53595571258,-286.6452707846878,1.0,1.2043699371133698e-12
19,2,59.0,32.0,164824.0648276929,-286.4059938517777,1.0,1.0276224315930449e-12
19,3,59.0,33.0,161114.28627734265,-429.23047635245325,1.0,1.5765166949677223e-12
19,4,59.0,34.0,156433.1793988956,-429.2034448922051,1.0,4.8614445802286355e-12
19,5,59.0,35.0,151744.806608106,-429.18198517091287,1.0,5.413003378862413e-12
19,6,59.0,36.0,146999.7334180657,-429.1712700537008,1.0,2.2568613644580182e-12
19,7,59.0,37.0,142157.1300052594,-429.1752850104544,1.0,1.852296094284611e-12
19,8,59.0,38.0,137185.64672982175,-429.1969794949528,1.0,3.270272941335861e-12
19,9,59.0,39.0,132063.63188161355,-429.23848576920875,1.0,2.2009061240169103e-12
19,10,59.0,40.0,126778.89274708442,-429.3013520720161,1.0,2.0334844919034367e-12
19,11,59.0,41.0,121328.26133364868,-429.3867423292925,1.0,3.396394276933279e-12
19,12,59.0,42.0,115717.00224646114,-429.49558024535935,1.0,2.19912976717751e-12
19,13,59.0,43.0,109958.26127782483,-429.62861169863635,1.0,2.319033853837027e-12
19,14,59.0,44.0,104072.50901276708,-429.7863910312363,1.0,2.1289636720212e-12
19,15,59.0,45.0,98086.99410384402,-429.96920054129873,1.0,1.6435741656550817e-12
19,16,59.0,46.0,92035.15856978636,-430.1769169018963,1.0,6.931788476549627e-12
19,17,59.0,47.0,85955.90249070773,-430.40885880712955,1.0,1.815880779076906e-12
19,18,59.0,48.0,79892.60427797289,-430.66363891235454,1.0,2.021938172447335e-12
19,19,59.0,49.0,73891.85955861291,-430.93904944488196,1.0,5.0812687391044165e-12
19,20,59.0,50.0,68001.85682070578,-431.23200961860726,1.0,8.332889933626575e-12
19,21,59.0,51.0,62270.45863596021,-431.538591167254,1.0,3.0953017926549364e-12
19,22,59.0,52.0,56743.06360174793,-431.85413640420325,1.0,2.55306886742801e-12
19,23,59.0,53.0,51460.42574705566,-432.1734676980033,1.0,8.23163759378076e-12
19,24,59.0,54.0,46456.633095382436,-432.49117461978676,1.0,1.035083130318526e-11
19,25,59.0,55.0,41757.480575047186,-432.8019612868483,1.0,2.7040591987770313e-12
19,26,59.0,56.0,37379.40345812485,-433.1010174064794,1.0,3.6983749396313215e-12
19,27,59.0,57.0,33329.14465644133,-433.384370119243,1.0,7.885248010097712e-12
19,28,59.0,58.0,29604.176238718148,-433.64917635257916,1.0,7.012168623532489e-12
19,29,59.0,59.0,26193.786216425557,-433.89393047309767,1.0,1.5911716388927744e-11
19,30,59.0,60.0,23080.73273804898,-434.11855069336355,1.0,1.5725198920790717e-11
19,31,59.0,61.0,20243.240253867672,-434.3243447668315,1.0,4.779288076406374e-12
19,32,59.0,62.0,17657.095700181824,-434.5138708722175,1.0,5.314859663485549e-12
19,33,59.0,63.0,15297.696323713726,-434.6907045793189,1.0,6.704858890316245e-12
19,34,59.0,64.0,13141.834067569544,-434.85916122899073,1.0,7.226219622680219e-12
19,35,59.0,65.0,11169.16996699849,-435.02399265585325,1.0,6.175904232463836e-11
19,36,59.0,66.0,9363.31463607744,-435.19009967349336,1.0,7.147304970089863e-11
19,37,59.0,67.0,7712.528457294315,-435.3622785642296,1.0,1.2371881297212894e-11
19,38,59.0,68.0,6210.072991834946,-435.54501069471735,1.0,1.1799450305716164e-11
19,39,59.0,69.0,4854.236792488404,-435.7423071603065,1.0,1.403748228767654e-10
19,40,59.0,70.0,3648.1013004576876,-435.95759613673766,1.0,9.693046365555347e-11
19,41,59.0,71.0,2599.075606771049,-436.1936541821753,1.0,2.4718005420254485e-11
19,42,59.0,72.0,1718.2529968061044,-436.45256424189364,1.0,3.955902272423373e-11
19,43,59.0,73.0,1019.6135284833297,-436.73570265667394,1.0,3.2574654085237853e-10
19,44,59.0,74.0,519.1172414003132,-437.04373427610057,1.0,1.3931105158349055e-09
19,45,59.0,75.0,233.71208144161156,-437.37663011731814,1.0,2.657434272634873e-10
19,46,59.0,76.0,180.30525644846233,-437.73369777296716,1.0,7.658744749505786e-10
19,47,59.0,77.0,374.747067514314,-438.11362220321416,1.0,3.705538098586203e-10
19,48,59.0,78.0,830.8846993187904,-438.5145373751718,1.0,4.08806766216685e-10
19,49,59.0,79.0,1559.7555864803721,-438.93411144261614,1.0,6.42033093356531e-11
19,50,59.0,80.0,2568.9915324503086,-439.36966484954274,1.0,3.715738827736459e-11
19,51,59.0,81.0,3862.494626012662,-439.81830887653837,1.0,8.434719589445194e-11
19,52,59.0,82.0,5440.438656719674,-440.2771102617727,1.0,3.8393288548377313e-11
19,53,59.0,83.0,7299.6133387038735,-440.74326815369955,1.0,7.686828951136704e-11
19,54,59.0,84.0,9434.088510653553,-441.2142876913912,1.0,1.2523759806981616e-11
19,55,59.0,85.0,11836.155273015442,-441.68814782062736,1.0,5.536815450568611e-11
19,56,59.0,86.0,14497.440608913574,-442.16343710542225,1.0,9.948042389851253e-12
19,57,59.0,87.0,17410.063325064984,-442.63944315487976,1.0,7.345235530920036e-12
19,58,59.0,88.0,20567.73335626876,-443.1161967791681,1.0,2.5971225170451362e-11
19,59,59.0,89.0,23966.624604295506,-443.5944500475855,1.0,1.397326698793222e-11
19,60,59.0,90.0,27605.93888245842,-444.07559496374927,1.0,1.2261747173170079e-11
19,61,59.0,91.0,31488.10165337193,-444.56153385942076,1.0,5.6838977968709514e-12
19,62,59.0,92.0,35618.53010018899,-445.05450228097845,1.0,1.5510259743223287e-11
19,63,59.0,93.0,40004.99890896864,-445.5568647116226,1.0,4.658051722117307e-12
19,64,59.0,94.0,44656.64880534512,-446.0708987091976,1.0,3.991917907342213e-12
19,65,59.0,95.0,49582.655461457616,-446.59857083000674,1.0,4.18465262441714e-12
19,66,59.0,96.0,54790.68310414544,-447.1413294239824,1.0,7.008615909853688e-12
19,67,59.0,97.0,60285.175523690756,-447.69991325929067,1.0,9.78506164983628e-12
19,68,59.0,98.0,66065.58180465979,-448.27418480366435,1.0,9.110934229283885e-12
19,69,59.0,99.0,72124.61828448459,-448.86299273798454,1.0,4.004352405218015e-12
19,70,59.0,100.0,78446.71703382979,-449.464074658059,1.0,5.74695846466966e-12
20,0,60.0,30.0,165670.29166566505,-286.9204268468675,1.0,2.525535336417306e-12
20,1,60.0,31.0,164801.5073142566,-286.70071926707226,1.0,1.106670310946356e-12
20,2,60.0,32.0,163858.75118656986,-286.44450967461574,1.0,1.2776446567386301e-12
20,3,60.0,33.0,162882.02895308493,-286.16534194415476,1.0,1.4424017535930034e-12
20,4,60.0,34.0,158988.37913424574,-429.44442746777423,1.0,2.4926727348884015e-12
20,5,60.0,35.0,154403.99673618504,-429.4187295644433,1.0,1.950439809661475e-12
20,6,60.0,36.0,149762.5466599863,-429.40355315258444,1.0,2.1449508835758024e-12
20,7,60.0,37.0,145019.40201537864,-429.40283468440344,1.0,5.809575043258519e-12
20,8,60.0,38.0,140139.72932520817,-429.4193955164295,1.0,2.4589219549397967e-12
20,9,60.0,39.0,135098.70137355928,-429.45520638155256,1.0,3.0739855105821334e-12
20,10,60.0,40.0,129881.26937946829,-429.5116699512199,1.0,6.16928730323707e-12
20,11,60.0,41.0,124481.64453264733,-429.5898715654815,1.0,2.475353255704249e-12
20,12,60.0,42.0,118902.65984125261,-429.6907704702475,1.0,2.4162893907941907e-12
20,13,60.0,43.0,113155.21088368585,-429.81528685946864,1.0,4.546585330444941e-12
20,14,60.0,44.0,107257.7275315306,-429.9643014449368,1.0,2.710276447714932e-12
20,15,60.0,45.0,101235.75665284476,-430.1385595117751,1.0,1.8816059821347153e-12
20,16,60.0,46.0,95121.54424505688,-430.33850854617407,1.0,1.786570891226802e-12
20,17,60.0,47.0,88953.51248530569,-430.56409423228223,1.0,3.3955060985135788e-12
20,18,60.0,48.0,82775.55574611168,-430.81454670490956,1.0,5.094591415399918e-12
20,19,60.0,49.0,76635.96205521667,-431.08819636186513,1.0,4.801048447689027e-12
20,20,60.0,50.0,70585.94493993386,-431.3823478714133,1.0,2.418953926053291e-12
20,21,60.0,51.0,64677.730738288934,-431.69324029910223,1.0,1.992628284597231e-12
20,22,60.0,52.0,58962.287965702686,-432.01611561424477,1.0,7.87192533380221e-12
20,23,60.0,53.0,53486.80722708134,-432.34540745795465,1.0,2.0756729668391927e-12
20,24,60.0,54.0,48292.2669819481,-432.6750251275492,1.0,2.2861712523081223e-12
20,25,60.0,55.0,43411.20259986184,-432.99874812118213,1.0,1.247668635073751e-11
20,26,60.0,56.0,38866.09074489979,-433.3106634910107,1.0,5.360156762890256e-12
20,27,60.0,57.0,34668.50039676503,-433.60560976462654,1.0,3.2649438708176604e-12
20,28,60.0,58.0,30819.10138548439,-433.8795870003944,1.0,1.0029310715253814e-11
20,29,60.0,59.0,27308.568706015412,-434.1300678043517,1.0,2.5017321547693427e-11
20,30,60.0,60.0,24119.234201303167,-434.35617373051423,1.0,2.8851143696329018e-11
20,31,60.0,61.0,21227.22978607627,-434.5587085874668,1.0,5.172307027123679e-12
20,32,60.0,62.0,18604.91204632372,-434.7400390985652,1.0,6.09778894045121e-12
20,33,60.0,63.0,16223.262174103584,-434.90385368990474,1.0,2.2568169555370332e-11
20,34,60.0,64.0,14054.075732413768,-435.0548411123538,1.0,6.257216966787382e-12
20,35,60.0,65.0,12071.790258919704,-435.1983294642214,1.0,6.10231865039168e-11
20,36,60.0,66.0,10254.88003109898,-435.3399312572605,1.0,6.972111776804013e-11
20,37,60.0,67.0,8586.812748506914,-435.4852261422465,1.0,3.120925740063285e-11
20,38,60.0,68.0,7056.595129477623,-435.63949583353025,1.0,9.283729340836544e-11
20,39,60.0,69.0,5658.9379537281575,-435.8075361412675,1.0,1.361799562005217e-11
20,40,60.0,70.0,4394.129114204714,-435.9935222889224,1.0,1.684816730573857e-10
20,41,60.0,71.0,3267.6482757257722,-436.20093083384955,1.0,2.2807089550269666e-11
20,42,60.0,72.0,2289.5787938800336,-436.4324997217878,1.0,1.463829057968269e-10
20,43,60.0,73.0,1473.8512319937033,-436.69021618078364,1.0,2.388960140820018e-10
20,44,60.0,74.0,837.3522889412553,-436.9753189102835,1.0,1.0666223460020774e-10
20,45,60.0,75.0,398.9221829841807,-437.28831285449616,1.0,2.587094982686722e-10
20,46,60.0,76.0,178.27758724438652,-437.62898935720585,1.0,2.113438313244842e-10
20,47,60.0,77.0,194.8913512882559,-437.99645357185125,1.0,1.538538185741345e-09
20,48,60.0,78.0,466.88193159813676,-438.3891689395016,1.0,1.9580825849629946e-10
20,49,60.0,79.0,1009.9737201113489,-438.8050152291084,1.0,2.462208215092687e-10
20,50,60.0,80.0,1836.6046715525765,-439.2413780095444,1.0,5.880940179281424e-11
20,51,60.0,81.0,2955.2589956089473,-439.6952608379168,1.0,3.12194714524594e-11
20,52,60.0,82.0,4370.099146000428,-440.1634278709336,1.0,9.414469204216402e-11
20,53,60.0,83.0,6080.960116916226,-440.64257636031783,1.0,4.902789285665676e-11
20,54,60.0,84.0,8083.731917526731,-441.1295269956943,1.0,9.311174054005278e-11
20,55,60.0,85.0,10371.10201497122,-441.6214106932027,1.0,6.055289603068559e-11
20,56,60.0,86.0,12933.617272521826,-442.11585513273997,1.0,4.218048132997865e-11
20,57,60.0,87.0,15760.942735842002,-442.6111359878252,1.0,2.192468429029759e-11
20,58,60.0,88.0,18843.181299136853,-443.1062831342716,1.0,2.0723422977653172e-11
20,59,60.0,89.0,22172.095570304453,-443.60112704830397,1.0,6.8967054289714724e-12
20,60,60.0,90.0,25742.095919220956,-444.0962798325024,1.0,1.5921042262334595e-11
20,61,60.0,91.0,29550.86606238313,-444.59304915586046,1.0,6.17106366007647e-12
20,62,60.0,92.0,33599.551724014935,-445.09329303103635,1.0,9.909406628594297e-12
20,63,60.0,93.0,37892.48613097086,-445.59922735998197,1.0,8.546940932774305e-12
20,64,60.0,94.0,42436.45531051605,-446.11320073636125,1.0,1.0187850563170286e-11
20,65,60.0,95.0,47239.57175845774,-446.63745714679425,1.0,4.438671652451376e-12
20,66,60.0,96.0,52309.813836490684,-447.1738974796918,1.0,3.4852121189032914e-12
20,67,60.0,97.0,57653.33789874575,-447.72385617155277,1.0,8.149037000748649e-12
20,68,60.0,98.0,63272.63715346198,-448.2878981145023,1.0,6.6986416413783445e-12
20,69,60.0,99.0,69164.72598766742,-448.86565680289027,1.0,7.862599460395359e-12
20,70,60.0,100.0,75319.34134044003,-449.45569025508934,1.0,6.432632204678157e-12
21,0,61.0,30.0,164521.08769098044,-286.9377507540035,1.0,3.05044878246008e-12
21,1,61.0,31.0,163698.4134862445,-286.71470765701685,1.0,1.623590151211829e-12
21,2,61.0,32.0,162792.62203602714,-286.4520223113946,1.0,1.1972645097557688e-12
21,3,61.0,33.0,161846.04143860211,-286.16347190422624,1.0,1.0622613899613498e-12
21,4,61.0,34.0,160895.17158611308,-285.8629833398098,1.0,9.743317264110374e-13
21,5,61.0,35.0,157006.67720914827,-429.67515132653995,1.0,1.7816859099184512e-12
21,6,61.0,36.0,152417.9018738369,-429.6616420805316,1.0,1.9699797348948778e-12
21,7,61.0,37.0,147728.84918137564,-429.66169516951464,1.0,1.8958168368499173e-12
21,8,61.0,38.0,142902.25506143828,-429.67794630495547,1.0,3.4425795547576854e-12
21,9,61.0,39.0,137910.91114467382,-429.71216633487325,1.0,2.254640918408768e-12
21,10,61.0,40.0,132737.41755317067,-429.76558352254455,1.0,5.921929613350585e-12
21,11,61.0,41.0,127373.66324409402,-429.8391740046643,1.0,2.4797941478027496e-12
21,12,61.0,42.0,121820.17258058194,-429.93388881865013,1.0,1.6120438317557273e-12
21,13,61.0,43.0,116085.5074502261,-430.0507746855996,1.0,1.5969447986208252e-12
21,14,61.0,44.0,110185.78549747463,-430.19098527898416,1.0,3.7050362777790724e-12
21,15,61.0,45.0,104144.33057416469,-430.3556872518523,1.0,2.474465077284549e-12
21,16,61.0,46.0,97991.41118939276,-430.5458730107786,1.0,3.284927885260913e-12
21,17,61.0,47.0,91763.94226435666,-430.7621198824551,1.0,1.943778471513724e-12
21,18,61.0,48.0,85505.00515978652,-431.0043242034943,1.0,1.993072373807081e-12
21,19,61.0,49.0,79263.03890862582,-431.27145155525466,1.0,2.9816149549333204e-12
21,20,61.0,50.0,73090.57030879153,-431.5613434260571,1.0,3.5154101851730957e-12
21,21,61.0,51.0,67042.43947590527,-431.87060723908746,1.0,1.9673151996357774e-12
21,22,61.0,52.0,61173.480659825625,-432.19463255816714,1.0,2.6121327323380683e-12
21,23,61.0,53.0,55535.862137959535,-432.5277350590369,1.0,3.875122445151646e-12
21,24,61.0,54.0,50176.287869499334,-432.8634295660123,1.0,2.1671553440683056e-12
21,25,61.0,55.0,45133.313117534744,-433.19483871275054,1.0,8.922640404307458e-12
21,26,61.0,56.0,40435.19514429225,-433.515175160646,1.0,2.6618707238412753e-12
21,27,61.0,57.0,36098.479793358776,-433.8182713548062,1.0,1.716493613912462e-11
21,28,61.0,58.0,32127.59076979881,-434.0990800019701,1.0,1.9771295711734638e-11
21,29,61.0,59.0,28515.430245922904,-434.3540918342069,1.0,2.4290347511168875e-11
21,30,61.0,60.0,25244.898962140756,-434.5816133195322,1.0,4.330757974457811e-12
21,31,61.0,61.0,22291.130433338396,-434.78186902290344,1.0,1.985478448318645e-11
21,32,61.0,62.0,19624.11501980714,-434.9569236629723,1.0,1.1978862346495589e-11
21,33,61.0,63.0,17211.416122254686,-435.1104461631291,1.0,4.3085535139653075e-11
21,34,61.0,64.0,15020.705720879096,-435.2473577147594,1.0,9.441780690622181e-12
21,35,61.0,65.0,13021.9310859928,-435.37341912038306,1.0,6.687983500341943e-12
21,36,61.0,66.0,11189.016617961857,-435.4948112531077,1.0,6.250910900007511e-11
21,37,61.0,67.0,9501.0650108556,-435.6177538971351,1.0,1.2791545600521204e-11
21,38,61.0,68.0,7943.089684226523,-435.7481927261998,1.0,1.0545786466309437e-11
21,39,61.0,69.0,6506.330455238339,-435.89156943628035,1.0,4.815170484562259e-11
21,40,61.0,70.0,5188.227029299104,-436.05266860357807,1.0,1.3099654694315177e-10
21,41,61.0,71.0,3992.115195883583,-436.2355320801617,1.0,1.7864332235717484e-10
21,42,61.0,72.0,2926.7000186695896,-436.44342316171776,1.0,2.0187407301364146e-11
21,43,61.0,73.0,2005.3498244258594,-436.67882303481076,1.0,3.6034686345942646e-10
21,44,61.0,74.0,1245.240354574537,-436.94344517898395,1.0,2.541953314505463e-10
21,45,61.0,75.0,666.379224296212,-437.23825161384343,1.0,3.086420008457935e-13
21,46,61.0,76.0,290.5200607149944,-437.56347391382974,1.0,1.641938585095204e-09
21,47,61.0,77.0,140.00137231424102,-437.9186337434573,1.0,7.283205150088179e-10
21,48,61.0,78.0,236.54139032137013,-438.30256134184,1.0,5.14176701216229e-10
21,49,61.0,79.0,600.0388505560911,-438.71343391314224,1.0,1.9147927687868105e-10
21,50,61.0,80.0,1247.450742353559,-439.1488265670765,1.0,8.078293589619534e-11
21,51,61.0,81.0,2191.8307085045676,-439.6057961641227,1.0,4.540590126111965e-11
21,52,61.0,82.0,3441.6193931390685,-440.0809951153965,1.0,4.4926284914481585e-11
21,53,61.0,83.0,5000.271190292345,-440.57081978060717,1.0,3.9820591268835415e-11
21,54,61.0,84.0,6866.292639359358,-441.07159484708814,1.0,1.660449555629384e-11
21,55,61.0,85.0,9033.716325470772,-441.57977771237637,1.0,4.7914561207562656e-11
21,56,61.0,86.0,11492.985385140404,-442.09216578118156,1.0,1.608801980523822e-11
21,57,61.0,87.0,14232.195256710696,-442.6061019169616,1.0,8.070877299815038e-12
21,58,61.0,88.0,17238.530218997585,-443.11963649526655,1.0,6.901146321069973e-12
21,59,61.0,89.0,20499.765729912084,-443.6316462975544,1.0,1.3532286402551108e-11
21,60,61.0,90.0,24005.638339137004,-444.1418829531496,1.0,1.8969270598745425e-11
21,61,61.0,91.0,27748.902048064097,-444.65094254244104,1.0,7.828848680446754e-12
21,62,61.0,92.0,31725.981100360503,-445.1601680078852,1.0,8.855582933620099e-12
21,63,61.0,93.0,35937.10433276154,-445.6714817941947,1.0,5.0741633117468155e-12
21,64,61.0,94.0,40385.91545261998,-446.1871684995623,1.0,8.65085780787922e-12
21,65,61.0,95.0,45078.591944465625,-446.7096267857357,1.0,3.800515457896836e-12
21,66,61.0,96.0,50022.54260060848,-447.24110936283535,1.0,4.079403481682675e-12
21,67,61.0,97.0,55224.77152343532,-447.78346673634695,1.0,3.133937553911892e-12
21,68,61.0,98.0,60690.029909470395,-448.3379110069124,1.0,9.385381360971223e-12
21,69,61.0,99.0,66418.90038716739,-448.9048167849984,1.0,9.114931032172535e-12
21,70,61.0,100.0,72405.87610146643,-449.4835488428915,1.0,7.224887355050669e-12
22,0,62.0,30.0,163198.43843049652,-286.8996958293672,1.0,2.737365889515786e-12
22,1,62.0,31.0,162451.76681087198,-286.6834691133584,1.0,2.1329604749098507e-12
22,2,62.0,32.0,161612.44737709305,-286.4255450448692,1.0,1.1550760348200129e-12
22,3,62.0,33.0,160723.8704149399,-286.13940657424297,1.0,1.361133428190442e-12
22,4,62.0,34.0,159824.11608987936,-285.8388886746909,1.0,1.4424017535930034e-12
22,5,62.0,35.0,158944.97588083052,-285.53753588384654,1.0,6.020517417937299e-12
22,6,62.0,36.0,154964.29414076684,-429.945140332404,1.0,2.3079316235907754e-12
22,7,62.0,37.0,150281.83104550312,-429.9507745499982,1.0,2.150279954094003e-12
22,8,62.0,38.0,145467.59912562626,-429.97086985671194,1.0,3.3142377731110173e-12
22,9,62.0,39.0,140492.75998763109,-430.0070084706348,1.0,1.9326762412674725e-12
22,10,62.0,40.0,135338.05077739214,-430.0602610990235,1.0,3.370193013552125e-12
22,11,62.0,41.0,129993.31005908224,-430.131503124722,1.0,2.077449323678593e-12
22,12,62.0,42.0,124456.84501509255,-430.2216656380832,1.0,1.603162047558726e-12
22,13,62.0,43.0,118734.83853560871,-430.33188345897406,1.0,3.2587266218797595e-12
22,14,62.0,44.0,112840.89676679863,-430.4635245069443,1.0,3.781419621873283e-12
22,15,62.0,45.0,106795.7410594743,-430.61810423300665,1.0,3.2041036490682018e-12
22,16,62.0,46.0,100627.08381952383,-430.79708926712897,1.0,2.41273667711539e-12
22,17,62.0,47.0,94369.48721760201,-431.0016354458662,1.0,1.8975931936893176e-12
22,18,62.0,48.0,88064.10875921093,-431.2322838312337,1.0,1.8478552021861105e-12
22,19,62.0,49.0,81758.14897631378,-431.4886613373562,1.0,2.561506562415161e-12
22,20,62.0,50.0,75503.82171465088,-431.76923039419086,1.0,5.385469847851709e-12
22,21,62.0,51.0,69356.76929363346,-432.07111620300617,1.0,2.5925928071046656e-12
22,22,62.0,52.0,63373.854519259585,-432.3900646819337,1.0,5.577316386506936e-12
22,23,62.0,53.0,57610.447723313264,-432.7205389735646,1.0,2.1653789872289053e-12
22,24,62.0,54.0,52117.4482021403,-433.055960642023,1.0,7.984279903894276e-12
22,25,62.0,55.0,46938.27584250744,-433.3891087408154,1.0,2.3789858971667854e-12
22,26,62.0,56.0,42106.25147494467,-433.7126277284982,1.0,1.0754952484148816e-11
22,27,62.0,57.0,37642.70840011004,-434.01960409089855,1.0,6.150191467213517e-12
22,28,62.0,58.0,33556.118195743366,-434.3041418378554,1.0,8.838263454435946e-12
22,29,62.0,59.0,29842.301040902985,-434.56187337542735,1.0,9.870326778127492e-12
22,30,62.0,60.0,26485.734576846557,-434.7903296156295,1.0,1.3214318528298463e-11
22,31,62.0,61.0,23461.747206276912,-434.98911385550093,1.0,4.125588759507082e-12
22,32,62.0,62.0,20739.214224635125,-435.1598863683759,1.0,2.771960438963106e-11
22,33,62.0,63.0,18283.506094830333,-435.30614339725446,1.0,5.1874060602585814e-12
22,34,62.0,64.0,16059.286213312957,-435.43285777506424,1.0,3.61710661422876e-11
22,35,62.0,65.0,14032.982699934862,-435.5460272885262,1.0,6.394440532631052e-12
22,36,62.0,66.0,12174.760160637949,-435.6522051702396,1.0,4.9244608391063593e-11
22,37,62.0,67.0,10459.958298349446,-435.75806389973445,1.0,2.2171153801764376e-11
22,38,62.0,68.0,8870.013721777728,-435.8700368922546,1.0,8.30269186735677e-12
22,39,62.0,69.0,7392.929155814136,-435.9940458000489,1.0,3.4646507884872335e-11
22,40,62.0,70.0,6023.355717674284,-436.1353303981855,1.0,6.059508450562134e-11
22,41,62.0,71.0,4762.368454007568,-436.29835717714735,1.0,1.4709566897863624e-11
22,42,62.0,72.0,3617.0147084993823,-436.4867852019238,1.0,1.3903589390906745e-10
22,43,62.0,73.0,2599.6616173084158,-436.7034761257635,1.0,3.397593317799874e-11
22,44,62.0,74.0,1727.2000772612678,-436.95051723577114,1.0,4.518563301303402e-11
22,45,62.0,75.0,1020.1076517763883,-437.22925253196087,1.0,5.694111848697503e-11
22,46,62.0,76.0,501.3989552280944,-437.5403043298834,1.0,7.485767561377088e-10
22,47,62.0,77.0,195.4681206847813,-437.8835884240398,1.0,5.347144949041649e-11
22,48,62.0,78.0,126.84897754561558,-438.25832160514955,1.0,6.744498293187462e-10
22,49,62.0,79.0,318.927316059254,-438.6630375358592,1.0,2.960605094415314e-10
22,50,62.0,80.0,792.6627744842573,-439.09560252372603,1.0,1.4952794558098503e-10
22,51,62.0,81.0,1565.3971369645033,-439.55326567876375,1.0,7.487432895914026e-11
22,52,62.0,82.0,2649.8493236777463,-440.0327398137577,1.0,1.149169648329007e-10
22,53,62.0,83.0,4053.3991348416366,-440.53031812750334,1.0,1.4243362045363028e-10
22,54,62.0,84.0,5777.760878476763,-441.04203561335555,1.0,1.652100678484203e-11
22,55,62.0,85.0,7819.1233073002795,-441.5638684141247,1.0,1.3427481349026493e-11
22,56,62.0,86.0,10168.783138297746,-442.0919591221395,1.0,5.567901695258115e-11
22,57,62.0,87.0,12814.230758394102,-442.62284444331203,1.0,4.1089798230586894e-11
22,58,62.0,88.0,15740.610589428241,-443.153675025599,1.0,3.508571211341405e-11
22,59,62.0,89.0,18932.39691981417,-443.68240000797067,1.0,2.7716939854371958e-11
22,60,62.0,90.0,22375.044972974934,-444.20787285043696,1.0,6.155964626941568e-12
22,61,62.0,91.0,26056.49508234318,-444.72990253383824,1.0,2.2036594771179807e-11
22,62,62.0,92.0,29968.269440787673,-445.24920608545295,1.0,8.757439218243235e-12
22,63,62.0,93.0,34106.06271754763,-445.7672822683158,1.0,5.10658182406587e-12
22,64,62.0,94.0,38469.76287675171,-446.28621821802346,1.0,1.4521273072887197e-11
22,65,62.0,95.0,43062.888569453826,-446.80844397535907,1.0,6.338485292189944e-12
22,66,62.0,96.0,47891.48000514211,-447.33645270899217,1.0,3.763656053479281e-12
22,67,62.0,97.0,52962.59784828952,-447.87252221730245,1.0,3.692601779903271e-12
22,68,62.0,98.0,58282.50831526473,-448.4184486452665,1.0,8.816503083153293e-12
22,69,62.0,99.0,63854.663458931944,-448.9752967714374,1.0,7.73026087586004e-12
22,70,62.0,100.0,69677.70523417006,-449.543206392629,1.0,6.715072942142797e-12
23,0,63.0,30.0,161684.75717882748,-286.80410488597914,1.0,2.985167668612121e-12
23,1,63.0,31.0,161046.74060205612,-286.60495068084606,1.0,2.3656632208712836e-12
23,2,63.0,32.0,160306.78522880675,-286.3633022416151,1.0,1.1306511282782594e-12
23,3,63.0,33.0,159507.88996250406,-286.0918095269946,1.0,1.2922996006636822e-12
23,4,63.0,34.0,158688.51118976466,-285.80369589933565,1.0,1.3886669592011458e-12
23,5,63.0,35.0,157881.4055309269,-285.51211432969,1.0,6.3016258877723885e-12
23,6,63.0,36.0,157112.86500404897,-285.22961544198057,1.0,1.446398556481654e-12
23,7,63.0,37.0,152678.4092610531,-430.2684686316087,1.0,1.9455548283531243e-12
23,8,63.0,38.0,147834.9796662481,-430.2957214256994,1.0,3.2862601528904634e-12
23,9,63.0,39.0,142842.48320537136,-430.3365617034525,1.0,2.1866952693017083e-12
23,10,63.0,40.0,137680.30070676256,-430.39195538321695,1.0,4.262812325350751e-12
23,11,63.0,41.0,132336.48186337962,-430.46271755381895,1.0,2.724487302430134e-12
23,12,63.0,42.0,126807.21981824913,-430.5497695840187,1.0,1.7710277688820497e-12
23,13,63.0,43.0,121096.29633147131,-430.6543089782316,1.0,4.075406678794025e-12
23,14,63.0,44.0,115214.65703479094,-430.77785572241095,1.0,3.3506530883187224e-12
23,15,63.0,45.0,109180.16821264844,-430.9221808820242,1.0,3.1326052862823417e-12
23,16,63.0,46.0,103017.55843974312,-431.0891173343074,1.0,3.6486369481281145e-12
23,17,63.0,47.0,96758.3909465597,-431.2802941165885,1.0,4.4151349243293225e-12
23,18,63.0,48.0,90440.9992708005,-431.49681355341875,1.0,1.8056667272503546e-12
23,19,63.0,49.0,84110.15269810232,-431.7389219803874,1.0,2.425171174991192e-12
23,20,63.0,50.0,77816.25257734452,-432.0057199510324,1.0,3.5424996269739495e-12
23,21,63.0,51.0,71614.00747849066,-432.2949375908093,1.0,2.0090595853616833e-12
23,22,63.0,52.0,65560.38339659371,-432.60284314387485,1.0,3.2924774018283642e-12
23,23,63.0,53.0,59712.012000036906,-432.9242830871637,1.0,2.1445067943659524e-12
23,24,63.0,54.0,54122.1629249732,-433.25288569028623,1.0,3.106848112111038e-12
23,25,63.0,55.0,48837.56765566544,-433.58142846722006,1.0,2.800870646524345e-12
23,26,63.0,56.0,43895.49994093519,-433.9023402123919,1.0,2.2075674621646613e-12
23,27,63.0,57.0,39321.511444812975,-434.2082907368945,1.0,2.5788260415993136e-12
23,28,63.0,58.0,35128.07463601788,-434.4928185111531,1.0,1.850031239314376e-11
23,29,63.0,59.0,31314.432535738997,-434.75089677348234,1.0,7.576606009251918e-12
23,30,63.0,60.0,27867.578058016734,-434.97938077890944,1.0,4.054978575140922e-12
23,31,63.0,61.0,24764.24508537836,-435.1772616730578,1.0,1.0912160064435739e-11
23,32,63.0,62.0,21973.592928797116,-435.34570456374604,1.0,3.3501201812669024e-11
23,33,63.0,63.0,19460.206653184352,-435.48787312628417,1.0,1.0957013074630595e-11
23,34,63.0,64.0,17187.086136690472,-435.60857868367367,1.0,5.397904345727511e-12
23,35,63.0,65.0,15118.328916692197,-435.71381858484955,1.0,3.921352131897038e-11
23,36,63.0,66.0,13221.334567506585,-435.8102764463469,1.0,5.21178655787935e-11
23,37,63.0,67.0,11468.469844981211,-435.9048449519168,1.0,6.069811320230656e-11
23,38,63.0,68.0,9838.170705308828,-436.0042288736912,1.0,1.2378986724570495e-11
23,39,63.0,69.0,8315.568026448687,-436.114643024029,1.0,1.2109868663401357e-11
23,40,63.0,70.0,6892.689162054777,-436.24161910376864,1.0,9.804601575069682e-12
23,41,63.0,71.0,5568.335631648612,-436.3899041881234,1.0,4.451905510904908e-11
23,42,63.0,72.0,4347.701643238515,-436.5634317614147,1.0,1.4378720436525327e-11
23,43,63.0,73.0,3241.800318090385,-436.76533601220194,1.0,1.0797185368005557e-10
23,44,63.0,74.0,2266.7244099690033,-436.9979913768624,1.0,1.0132072958413119e-10
23,45,63.0,75.0,1442.7791787420838,-437.26305043391454,1.0,4.4962833456452245e-10
23,46,63.0,76.0,793.4856942082638,-437.56147469991726,1.0,3.982045804207246e-10
23,47,63.0,77.0,344.4677893496843,-437.8935470870992,1.0,8.662155437377805e-10
23,48,63.0,78.0,122.22549142193054,-438.2588747040861,1.0,6.13587847198005e-10
23,49,63.0,79.0,152.82183203938771,-438.6563764051769,1.0,2.594427783719766e-09
23,50,63.0,80.0,460.5175868700599,-439.0842859653326,1.0,3.3982638925067477e-10
23,51,63.0,81.0,1066.424826671519,-439.54015710912444,1.0,9.595035876941438e-11
23,52,63.0,82.0,1987.2689766209237,-440.0209089115415,1.0,1.0413137019327223e-10
23,53,63.0,83.0,3234.3759183490592,-440.522910046287,1.0,2.6993074442316356e-11
23,54,63.0,84.0,4813.000655742617,-441.04210690299004,1.0,2.5208279907928954e-11
23,55,63.0,85.0,6722.111069256527,-441.5742032401255,1.0,1.4995560349007064e-11
23,56,63.0,86.0,8954.69916792637,-442.1148812970886,1.0,6.84221568292287e-11
23,57,63.0,87.0,11498.635166220334,-442.66004583305835,1.0,9.181544413650045e-12
23,58,63.0,88.0,14338.020967492439,-443.2060794097959,1.0,1.220179512984032e-11
23,59,63.0,89.0,17454.90924201174,-443.75007714193964,1.0,8.405720564041985e-12
23,60,63.0,90.0,20831.17618417581,-444.29002240843744,1.0,2.5068391806826185e-11
23,61,63.0,91.0,24450.368499313343,-444.82490660252694,1.0,5.567546423890235e-12
23,62,63.0,92.0,28299.229760305196,-445.35474502238213,1.0,1.9606982704090115e-11
23,63,63.0,93.0,32368.774696660606,-445.88050930514277,1.0,4.547473508864641e-12
23,64,63.0,94.0,36654.74912511063,-446.4039673834275,1.0,4.18332035678759e-12
23,65,63.0,95.0,41157.43567699482,-446.92745213063984,1.0,1.2571721441645423e-11
23,66,63.0,96.0,45880.84786239268,-447.45358329782744,1.0,4.263700503770451e-12
23,67,63.0,97.0,50831.39117489171,-447.9849682918363,1.0,3.6983749396313215e-12
23,68,63.0,98.0,56016.09860379548,-448.52389812019976,1.0,5.490274901376324e-12
23,69,63.0,99.0,61440.62590406073,-449.07207267871024,1.0,9.341416529196067e-12
23,70,63.0,100.0,67107.15794349916,-449.6303650960012,1.0,7.772449350795796e-12
24,0,64.0,30.0,159967.6977514628,-286.65126881285084,1.0,2.0259349753359857e-12
24,1,64.0,31.0,159472.41311086164,-286.47902025680327,1.0,1.4219736499399005e-12
24,2,64.0,32.0,158866.89521975323,-286.2648970705805,1.0,1.127542503809309e-12
24,3,64.0,33.0,158192.10555882382,-286.02019385651136,1.0,1.1524114995609125e-12
24,4,64.0,34.0,157485.45205421722,-285.7569887641606,1.0,1.332711718760038e-12
24,5,64.0,35.0,156779.52366329354,-285.48755235370163,1.0,6.201261726346274e-12
24,6,64.0,36.0,156101.15914505642,-285.223818827676,1.0,1.998845533535132e-12
24,7,64.0,37.0,154922.2962436094,-430.6127783905145,1.0,2.0690116286914417e-12
24,8,64.0,38.0,150008.36836548353,-430.64955141474604,1.0,5.902389688117182e-12
24,9,64.0,39.0,144963.89992104706,-430.6970803584781,1.0,2.5908164502652653e-12
24,10,64.0,40.0,139767.48040561326,-430.75629671478134,1.0,2.1245227799226996e-12
24,11,64.0,41.0,134405.7008537666,-430.8280100556047,1.0,3.2724933873851114e-12
24,12,64.0,42.0,128872.7640157668,-430.9131623666053,1.0,1.7505996652289468e-12
24,13,64.0,43.0,123170.05903056916,-431.012995314144,1.0,1.823430295644357e-12
24,14,64.0,44.0,117305.78997654092,-431.1291180331906,1.0,4.695355215744712e-12
24,15,64.0,45.0,111294.7900122059,-431.2634513917247,1.0,2.83639778331235e-12
24,16,64.0,46.0,105158.48597211123,-431.41806247742704,1.0,2.9558577807620168e-12
24,17,64.0,47.0,98924.97310627619,-431.5949079896764,1.0,3.2152058793144533e-12
24,18,64.0,48.0,92629.05021483598,-431.7955184440351,1.0,6.498357407735966e-12
24,19,64.0,49.0,86312.04525560289,-432.02066105012875,1.0,5.383249401802459e-12
24,20,64.0,50.0,80021.24058052499,-432.27002928118844,1.0,1.7323920076250943e-12
24,21,64.0,51.0,73808.7775721883,-432.5419874252235,1.0,2.0241586184965854e-12
24,22,64.0,52.0,67729.85421475298,-432.83343692591427,1.0,2.1240786907128495e-12
24,23,64.0,53.0,61840.343168567386,-433.13980734966793,1.0,4.6060932845648495e-12
24,24,64.0,54.0,56193.87672310712,-433.4552110684887,1.0,4.278799536905353e-12
24,25,64.0,55.0,50838.67404599575,-433.77276579412586,1.0,2.5144331061710545e-12
24,26,64.0,56.0,45814.52393175301,-434.08505733544627,1.0,9.583889237774201e-12
24,27,64.0,57.0,41150.22033445619,-434.38471981470565,1.0,5.1239013032500225e-12
24,28,64.0,58.0,36861.896307936644,-434.66506008684473,1.0,4.32809343919871e-12
24,29,64.0,59.0,32952.450340788935,-434.9206581369025,1.0,1.644862024363647e-11
24,30,64.0,60.0,29412.149098379905,-435.1478619947948,1.0,5.829114968491922e-12
24,31,64.0,61.0,26220.32811496249,-435.3450996206826,1.0,2.7886137843324832e-11
24,32,64.0,62.0,23347.858311337317,-435.5129851008224,1.0,4.274358644806853e-12
24,33,64.0,63.0,20760.092445854756,-435.65419416347027,1.0,3.568034756540328e-11
24,34,64.0,64.0,18419.886050504898,-435.77315193322244,1.0,3.232880629866486e-11
24,35,64.0,65.0,16290.39310704266,-435.8755909342982,1.0,6.477485214873013e-12
24,36,64.0,66.0,14337.45090633007,-435.9680457788884,1.0,8.923528582727158e-12
24,37,64.0,67.0,12531.418302958784,-436.05736321500336,1.0,7.722711359292589e-12
24,38,64.0,68.0,10848.466073737569,-436.15027824832237,1.0,1.304423236092589e-11
24,39,64.0,69.0,9271.352505527355,-436.2530911819564,1.0,8.30358004577647e-12
24,40,64.0,70.0,7789.767396021064,-436.3714524644163,1.0,9.581224702515101e-12
24,41,64.0,71.0,6400.316466772517,-436.5102509242231,1.0,1.035784791270089e-10
24,42,64.0,72.0,5106.239078443151,-436.67357905854703,1.0,1.459898868461096e-11
24,43,64.0,73.0,3916.912238140493,-436.8647527457815,1.0,2.33999486454195e-11
24,44,64.0,74.0,2847.1941100699246,-437.0863563858382,1.0,3.2513991499172334e-11
24,45,64.0,75.0,1916.6323014246684,-437.34028933605373,1.0,3.887983268668904e-10
24,46,64.0,76.0,1148.5431816154926,-437.62780347134907,1.0,6.242957262259097e-10
24,47,64.0,77.0,568.9668936100045,-437.9495189584035,1.0,1.339701682923078e-10
24,48,64.0,78.0,205.49749172403355,-438.3054174814206,1.0,6.534159879834078e-10
24,49,64.0,79.0,85.98960036576104,-438.6948227048604,1.0,1.7215038283779904e-09
24,50,64.0,80.0,237.17216688673895,-439.11637253763854,1.0,6.075877578837208e-10
24,51,64.0,81.0,683.2173817193627,-439.5680070813203,1.0,2.4392798891881284e-10
24,52,64.0,82.0,1444.3465774928711,-440.0469699476202,1.0,2.7474289510109884e-10
24,53,64.0,83.0,2535.5808413897657,-440.5498541876035,1.0,1.4906653689195082e-10
24,54,64.0,84.0,3965.7752152058706,-441.07270126041317,1.0,1.3999379433471404e-10
24,55,64.0,85.0,5737.055459183357,-441.6111448615723,1.0,1.6200818464540134e-11
24,56,64.0,86.0,7844.78521436609,-442.160615521918,1.0,1.283195771861756e-11
24,57,64.0,87.0,10278.124691304318,-442.7165888376329,1.0,5.765166122273513e-11
24,58,64.0,88.0,13021.168150180334,-443.27485181850926,1.0,3.844613516434947e-11
24,59,64.0,89.0,16054.59808024369,-443.8317785301973,1.0,3.466915643457469e-11
24,60,64.0,90.0,19357.65234414213,-444.3845633742444,1.0,6.52367049269742e-12
24,61,64.0,91.0,22910.210196148182,-444.9314036123341,1.0,2.0969004310700257e-11
24,62,64.0,92.0,26694.697636780867,-445.47158683303405,1.0,1.4639400802707314e-11
24,63,64.0,93.0,30697.6041417601,-446.005484047253,1.0,1.1098677532572765e-11
24,64,64.0,94.0,34910.41358579226,-446.5344426985098,1.0,5.729638985485508e-12
24,65,64.0,95.0,39329.82683783559,-447.0605816210982,1.0,7.94209142895852e-12
24,66,64.0,96.0,43957.29540223853,-447.58652431571824,1.0,6.603606550470431e-12
24,67,64.0,97.0,48797.92172190424,-448.11509085736935,1.0,3.787192781601334e-12
24,68,64.0,98.0,53858.828252736566,-448.6489727189539,1.0,1.0432987807007521e-11
24,69,64.0,99.0,59147.18667550411,-449.19042426216896,1.0,1.035127539239511e-11
24,70,64.0,100.0,64668.05871991467,-449.7409890993842,1.0,9.592771021971203e-12
25,0,65.0,30.0,158041.7377030452,-286.44401199297414,1.0,1.6608936448392342e-12
25,1,65.0,31.0,157723.03880290105,-286.3075708267699,1.0,1.248334768888526e-12
25,2,65.0,32.0,157287.6654319463,-286.1314107224685,1.0,1.0880185641326534e-12
25,3,65.0,33.0,156772.71916714622,-285.92499089019117,1.0,1.1470824290427117e-12
25,4,65.0,34.0,156212.98921606113,-285.6987505528904,1.0,1.2612133559741778e-12
25,5,65.0,35.0,155639.5693732855,-285.46358278221425,1.0,6.731060153697399e-12
25,6,65.0,36.0,155078.79240431092,-285.2303419286771,1.0,5.723421736547607e-12
25,7,65.0,37.0,154551.48102701112,-285.009423365337,1.0,1.219913059458122e-12
25,8,65.0,38.0,151996.32997160146,-431.0290987189605,1.0,1.9331203304773226e-12
25,9,65.0,39.0,146866.1816177375,-431.0844951845934,1.0,3.1725733151688473e-12
25,10,65.0,40.0,141608.80153652155,-431.1485938020524,1.0,2.0938806244430452e-12
25,11,65.0,41.0,136209.74925181127,-431.22225650566236,1.0,6.325162615894442e-12
25,12,65.0,42.0,130661.46453751407,-431.3064711419897,1.0,2.4003021792395884e-12
25,13,65.0,43.0,124962.99893595961,-431.40251402024023,1.0,2.4940050025179517e-12
25,14,65.0,44.0,119119.78232899922,-431.51202078882,1.0,3.82804898890754e-12
25,15,65.0,45.0,113143.47764272439,-431.6369547289454,1.0,2.1382895454280515e-12
25,16,65.0,46.0,107051.99476901995,-431.77947044610625,1.0,1.5991652446700755e-12
25,17,65.0,47.0,100869.59272953833,-431.941686427973,1.0,4.169109502072388e-12
25,18,65.0,48.0,94626.95856425937,-432.1253973037358,1.0,3.9612757518625585e-12
25,19,65.0,49.0,88361.1582060557,-432.33175035217107,1.0,7.643219390729428e-12
25,20,65.0,50.0,82115.2148079327,-432.5609396143583,1.0,3.702371742519972e-12
25,21,65.0,51.0,75937.23700645429,-432.8119398347376,1.0,5.011990822367807e-12
25,22,65.0,52.0,69878.90926638202,-433.08234333442147,1.0,1.9966250874858815e-12
25,23,65.0,53.0,63993.36962193435,-433.36831298385044,1.0,1.91358040524392e-12
25,24,65.0,54.0,58332.55081443023,-433.66468537812386,1.0,2.1040946762695967e-12
25,25,65.0,55.0,52944.21893522776,-433.96522952766054,1.0,9.885869900472244e-12
25,26,65.0,56.0,47868.969859142155,-434.2630579148577,1.0,2.538413923502958e-12
25,27,65.0,57.0,43137.603161569124,-434.5511536004175,1.0,1.2655654302307084e-11
25,28,65.0,58.0,38769.2347246822,-434.82295858925625,1.0,1.475841671094713e-11
25,29,65.0,59.0,34770.354557048595,-435.07296856507924,1.0,3.5580427493187017e-12
25,30,65.0,60.0,31135.05478963479,-435.29723628649924,1.0,1.0326406396643506e-11
25,31,65.0,61.0,27846.297589632468,-435.49373170383365,1.0,7.703171434059186e-12
25,32,65.0,62.0,24878.071453183537,-435.66249748186914,1.0,7.646772104408228e-12
25,33,65.0,63.0,22198.087737332855,-435.8055939664579,1.0,4.5714543261965446e-12
25,34,65.0,64.0,19770.68411373771,-435.9268480847982,1.0,3.381250834877392e-11
25,35,65.0,65.0,17559.623471647265,-436.0314571755778,1.0,5.943245895423388e-12
25,36,65.0,66.0,15530.547431437746,-436.1255172646106,1.0,1.1340706151941049e-11
25,37,65.0,67.0,13652.952207468747,-436.2155430469447,1.0,9.940048784073952e-12
25,38,65.0,68.0,11901.629718759124,-436.3080433483055,1.0,7.077893826590298e-12
25,39,65.0,69.0,10257.608607103808,-436.4091836225923,1.0,6.867839630331218e-11
25,40,65.0,70.0,8708.638549160289,-436.52455705374496,1.0,7.941070023775865e-11
25,41,65.0,71.0,7249.312837127186,-436.6590556583913,1.0,1.1230572027898234e-11
25,42,65.0,72.0,5880.893772959842,-436.81682728108575,1.0,2.0053292359989427e-11
25,43,65.0,73.0,4610.923619611362,-437.0012879105677,1.0,1.3924816855137578e-10
25,44,65.0,74.0,3452.655653510065,-437.21517008444744,1.0,1.7081580594435763e-10
25,45,65.0,75.0,2424.3609392870344,-437.4605675957899,1.0,5.595035545979954e-11
25,46,65.0,76.0,1548.4907168119653,-437.7389820880693,1.0,4.3403280969300795e-10
25,47,65.0,77.0,850.7287247050705,-438.0513345375672,1.0,7.108269528544042e-11
25,48,65.0,78.0,358.8951364528214,-438.3979626597172,1.0,3.366733558607393e-10
25,49,65.0,79.0,101.72150000512434,-438.77858592711647,1.0,4.541509390776355e-10
25,50,65.0,80.0,107.49100447630866,-439.19226938630186,1.0,5.226085786347312e-09
25,51,65.0,81.0,402.5891878932636,-439.63738011323136,1.0,4.91329199547863e-10
25,52,65.0,82.0,1010.0269969917626,-440.1115689509576,1.0,1.7613155378626288e-10
25,53,65.0,83.0,1948.0351019086654,-440.6117749062046,1.0,1.5390311247642785e-10
25,54,65.0,84.0,3228.859196148367,-441.1342848461245,1.0,2.8683722064215544e-11
25,55,65.0,85.0,4857.907477309172,-441.6748507947881,1.0,2.0012436152683222e-11
25,56,65.0,86.0,6833.375883195184,-442.2288601277071,1.0,1.538102978315692e-11
25,57,65.0,87.0,9146.47983857442,-442.7915722260573,1.0,1.1337597527472099e-11
25,58,65.0,88.0,11782.310209258134,-443.35838432671557,1.0,9.551026636245297e-12
25,59,65.0,89.0,14721.305467108543,-443.92512539162374,1.0,7.483791364393255e-12
25,60,65.0,90.0,17941.199113581868,-444.48833787596976,1.0,3.034061890616613e-11
25,61,65.0,91.0,21419.20571883794,-445.0455052424075,1.0,2.6323832003072312e-11
25,62,65.0,92.0,25134.21472855374,-445.5952119161766,1.0,5.8966165283891314e-12
25,63,65.0,93.0,29068.68938667926,-446.1372030363931,1.0,1.907496383068974e-11
25,64,65.0,94.0,33210.02041798599,-446.67232659249106,1.0,5.579980921766037e-12
25,65,65.0,95.0,37551.21277115201,-447.20238272069406,1.0,4.217071136736195e-12
25,66,65.0,96.0,42090.80883346403,-447.7298791882381,1.0,8.982592447637217e-12
25,67,65.0,97.0,46832.06402291447,-448.2577225746208,1.0,3.763211964269431e-12
25,68,65.0,98.0,51781.54621924835,-448.7888881549834,1.0,7.935430090810769e-12
25,69,65.0,99.0,56947.231113498674,-449.3260810994055,1.0,3.786304603181634e-12
25,70,65.0,100.0,62336.344664129596,-449.87142991069885,1.0,9.593659200390903e-12
26,0,66.0,30.0,155909.58752829581,-286.18761300488814,1.0,1.4384049507043528e-12
26,1,66.0,31.0,155799.19186047016,-286.0944961873,1.0,1.2105871860512707e-12
26,2,66.0,32.0,155568.4293358706,-285.96540518358734,1.0,1.241673430740775e-12
26,3,66.0,33.0,155248.67599552058,-285.8075839335367,1.0,1.1461942506230116e-12
26,4,66.0,34.0,154870.38216935136,-285.6293916535245,1.0,1.2096990076315706e-12
26,5,66.0,35.0,154461.65883006772,-285.43987756928624,1.0,3.5691449795649532e-12
26,6,66.0,36.0,154047.14264078435,-285.2483653168059,1.0,5.589306795172888e-12
26,7,66.0,37.0,153647.0915110467,-285.06405406559094,1.0,2.0872192862952943e-12
26,8,66.0,38.0,153276.74453504584,-284.89567363520456,1.0,1.7550405573274475e-12
26,9,66.0,39.0,148563.62144542555,-431.49465764944176,1.0,3.3866243143165775e-12
26,10,66.0,40.0,143219.0951012141,-431.56412522795654,1.0,2.143174526736402e-12
26,11,66.0,41.0,137763.36989088092,-431.64033542558457,1.0,4.432454403513475e-12
26,12,66.0,42.0,132187.4729564921,-431.72433838514064,1.0,2.9043434324194095e-12
26,13,66.0,43.0,126488.2950299658,-431.8174255546932,1.0,1.9841905896100798e-12
26,14,66.0,44.0,120668.49445554063,-431.92120080222486,1.0,4.40003589119442e-12
26,15,66.0,45.0,114736.47924984833,-432.0375670174552,1.0,5.009326287108706e-12
26,16,66.0,46.0,108706.44700329486,-432.1686238993996,1.0,3.3502089991088724e-12
26,17,66.0,47.0,102598.49331779867,-432.3164860231076,1.0,6.623590564913684e-12
26,18,66.0,48.0,96438.71947240109,-432.4830361498794,1.0,7.72892860823049e-12
26,19,66.0,49.0,90259.22048812352,-432.6696421634008,1.0,4.509725926027386e-12
26,20,66.0,50.0,84097.7818432103,-432.8768751789894,1.0,1.8824941605544154e-12
26,21,66.0,51.0,77997.21566602368,-433.104254653576,1.0,2.0263790645458357e-12
26,22,66.0,52.0,72004.1111457659,-433.3500747056763,1.0,3.1814550993658486e-12
26,23,66.0,53.0,66167.05197773661,-433.6113269071603,1.0,2.348787830896981e-12
26,24,66.0,54.0,60534.333113343906,-433.8837526248181,1.0,2.9620750296999176e-12
26,25,66.0,55.0,55151.29611493751,-434.16203690796283,1.0,2.4713564528155985e-12
26,26,66.0,56.0,50057.566629623216,-434.44014340331177,1.0,8.30358004577647e-12
26,27,66.0,57.0,45284.531236885516,-434.71176130162615,1.0,2.0952128920725954e-12
26,28,66.0,58.0,40853.33875332857,-434.97082798613974,1.0,1.2389200776397047e-11
26,29,66.0,59.0,36773.73307786176,-435.2120719565972,1.0,1.681810246623172e-11
26,30,66.0,60.0,33043.8808694626,-435.4314977421291,1.0,3.955946681344358e-12
26,31,66.0,61.0,29651.18404194423,-435.62675990952255,1.0,7.215117392433967e-12
26,32,66.0,62.0,26573.99109988834,-435.7973607330218,1.0,4.339639758654812e-12
26,33,66.0,63.0,23783.898289787125,-435.94466433676945,1.0,1.3535839116229909e-11
26,34,66.0,64.0,21248.380593850085,-436.0717234571007,1.0,2.8737900947817252e-11
26,35,66.0,65.0,18933.43900034248,-436.18295949477726,1.0,6.3793414994961495e-12
26,36,66.0,66.0,16806.01672933548,-436.2837537936991,1.0,1.9551471552858857e-11
26,37,66.0,67.0,14836.033804410043,-436.38001015436004,1.0,4.547873189153506e-11
26,38,66.0,68.0,12997.943583937733,-436.4777522174097,1.0,5.9827698351000436e-12
26,39,66.0,69.0,11271.818142555563,-436.5827895990174,1.0,9.305889392408062e-12
26,40,66.0,70.0,9643.9901224984,-436.70047915586287,1.0,1.2234213642159375e-11
26,41,66.0,71.0,8107.322388715777,-436.8355807836868,1.0,8.165024212303251e-12
26,42,66.0,72.0,6661.171440231009,-436.99219727695277,1.0,1.1099565710992465e-11
26,43,66.0,73.0,5311.117845923658,-437.17377495784217,1.0,1.2431389251332803e-11
26,44,66.0,74.0,4068.5172780644916,-437.38313851273546,1.0,1.6409096303959814e-11
26,45,66.0,75.0,2949.906163758269,-437.6225360565292,1.0,3.760947109299195e-11
26,46,66.0,76.0,1976.2790757362848,-437.89367818615983,1.0,3.9473313506732666e-11
26,47,66.0,77.0,1172.234809712257,-438.1977564598644,1.0,4.8565151899993e-11
26,48,66.0,78.0,564.9904651233865,-438.5354316299326,1.0,1.7862777923483009e-10
26,49,66.0,79.0,183.242478887955,-438.9068021631011,1.0,1.5096759398147697e-09
26,50,66.0,80.0,55.88114658167094,-439.31135239127974,1.0,5.31426636030119e-09
26,51,66.0,81.0,210.57655310635428,-439.7478976077193,1.0,1.349155454022366e-09
26,52,66.0,82.0,672.2861976562062,-440.2145381147248,1.0,3.860889385975952e-10
26,53,66.0,83.0,1461.7708865779075,-440.7086431668986,1.0,2.6493562899077006e-10
26,54,66.0,84.0,2594.2345488967753,-441.2268703916155,1.0,8.743405999211973e-11
26,55,66.0,85.0,4078.236919821286,-441.76524678658745,1.0,2.2582824499295384e-11
26,56,66.0,86.0,5915.031429708068,-442.3193115113054,1.0,1.3634426920816622e-10
26,57,66.0,87.0,8098.462326062712,-442.88431891565807,1.0,4.205613635122063e-11
26,58,66.0,88.0,10615.513594448872,-443.45550002089266,1.0,5.538902669854906e-11
26,59,66.0,89.0,13447.511730015944,-444.0283506087449,1.0,1.7565948695619227e-11
26,60,66.0,90.0,16571.920531964173,-444.5989382320601,1.0,6.480593839341964e-12
26,61,66.0,91.0,19964.51708266776,-445.1641692658106,1.0,6.214584402641776e-12
26,62,66.0,92.0,23601.718221337756,-445.722002229991,1.0,1.589040010685494e-11
26,63,66.0,93.0,27462.772102195733,-446.2715730966847,1.0,2.0682566770346966e-11
26,64,66.0,94.0,31531.47632925989,-446.81319576660763,1.0,8.531397810429553e-12
26,65,66.0,95.0,35797.30359232541,-447.34826862638056,1.0,4.273914555597003e-12
26,66,66.0,96.0,40255.72138978431,-447.8790650493006,1.0,1.0860645716093131e-11
26,67,66.0,97.0,44907.74246767055,-448.4084486342363,1.0,4.271250020337902e-12
26,68,66.0,98.0,49758.76758827764,-448.9395404371967,1.0,3.652189661806915e-12
26,69,66.0,99.0,54816.8591908788,-449.4753693033012,1.0,5.865974372909477e-12
26,70,66.0,100.0,60090.64285274568,-450.0185384648975,1.0,7.634337606532426e-12
27,0,67.0,30.0,153583.190061713,-285.88956044493403,1.0,1.376232461325344e-12
27,1,67.0,31.0,153708.60559451833,-285.84553099084485,1.0,1.2256862191861728e-12
27,2,67.0,32.0,153713.64181887603,-285.7708532846449,1.0,1.2332357357536239e-12
27,3,67.0,33.0,153622.1038145305,-285.67028650542926,1.0,1.1453060722033115e-12
27,4,67.0,34.0,153458.32016287083,-285.54975827956576,1.0,1.1812772982011666e-12
27,5,67.0,35.0,153245.83197006193,-285.41607472502375,1.0,2.064570736592941e-12
27,6,67.0,36.0,153006.21607506202,-285.2765924597304,1.0,3.9532821460852574e-12
27,7,67.0,37.0,152758.10120833895,-285.1388851941316,1.0,5.020872606564808e-12
27,8,67.0,38.0,152516.4091609106,-285.0104336724662,1.0,2.382982700055436e-12
27,9,67.0,39.0,150075.37133128755,-431.92356257199754,1.0,1.794564497004103e-12
27,10,67.0,40.0,144618.5764041766,-431.998388084864,1.0,2.7480240305521875e-12
27,11,67.0,41.0,139087.00986874482,-432.077406648531,1.0,1.9828583219805296e-12
27,12,67.0,42.0,133470.86790508055,-432.16171289225264,1.0,6.304734512241339e-12
27,13,67.0,43.0,127765.16503024672,-432.2525814278247,1.0,2.4940050025179517e-12
27,14,67.0,44.0,121969.89335049567,-432.35152533998644,1.0,1.972200180944128e-12
27,15,67.0,45.0,116090.1314789997,-432.4602963278021,1.0,4.6127546227126e-12
27,16,67.0,46.0,110136.16582315376,-432.5808170166628,1.0,4.707345624410664e-12
27,17,67.0,47.0,104123.6003477175,-432.7150501839571,1.0,3.128164394183841e-12
27,18,67.0,48.0,98073.48970583273,-432.864805361879,1.0,3.737010700888277e-12
27,19,67.0,49.0,92012.30336772108,-433.0315168791656,1.0,3.785860513971784e-12
27,20,67.0,50.0,85971.76043358468,-433.21599739074315,1.0,5.368594457877407e-12
27,21,67.0,51.0,79988.27734083391,-433.4182204745651,1.0,2.5859314689569146e-12
27,22,67.0,52.0,74101.99992963484,-433.6371499732239,1.0,2.218669692410913e-12
27,23,67.0,53.0,68355.4054230175,-433.8706428989673,1.0,6.9255712276117265e-12
27,24,67.0,54.0,62791.40578584191,-434.11546051059395,1.0,3.3635316754043743e-12
27,25,67.0,55.0,57451.125695864575,-434.36739259638875,1.0,1.078115374752997e-11
27,26,67.0,56.0,52371.52552599035,-434.621502903706,1.0,2.7835511673401925e-12
27,27,67.0,57.0,47583.07968709665,-434.8724851738506,1.0,3.5775826745521044e-12
27,28,67.0,58.0,43107.88750113076,-435.115082331005,1.0,2.5006663406657026e-12
27,29,67.0,59.0,38958.343624779925,-435.34455298371364,1.0,2.5148771953809046e-12
27,30,67.0,60.0,35136.636387745995,-435.55710547081253,1.0,5.409450665183613e-12
27,31,67.0,61.0,31635.128347294256,-435.75025076811056,1.0,1.794786541609028e-11
27,32,67.0,62.0,28437.503927650025,-435.92303405890567,1.0,3.7481129311345285e-12
27,33,67.0,63.0,25520.586477092318,-436.0761060966756,1.0,1.1624479157035239e-11
27,34,67.0,64.0,22856.54688068199,-436.2116345582828,1.0,1.8566481685411418e-11
27,35,67.0,65.0,20415.238520685234,-436.3330832066862,1.0,4.547029419654791e-12
27,36,67.0,66.0,18166.461704770958,-436.44488845435666,1.0,8.22719670168226e-12
27,37,67.0,67.0,16081.947723251627,-436.5520970957799,1.0,4.4710013469284604e-11
27,38,67.0,68.0,14136.971309890743,-436.6600085344094,1.0,5.644373857194296e-12
27,39,67.0,69.0,12311.55269053951,-436.77386377993463,1.0,5.63820101717738e-11
27,40,67.0,70.0,10591.251240464126,-436.89860737308777,1.0,8.00870481043603e-12
27,41,67.0,71.0,8967.590489693728,-437.0387322201111,1.0,7.748024444254042e-12
27,42,67.0,72.0,7438.184796352385,-437.1981976788602,1.0,9.588330129872702e-12
27,43,67.0,73.0,6006.618499699886,-437.3804070544236,1.0,1.305000552065394e-11
27,44,67.0,74.0,4682.122702328257,-437.58823004850296,1.0,1.2030909601890016e-10
27,45,67.0,75.0,3479.1225020855586,-437.8240259574448,1.0,1.4195089548252326e-10
27,46,67.0,76.0,2416.6211926214605,-438.0896822663267,1.0,3.283995297920228e-11
27,47,67.0,77.0,1517.4739219374385,-438.3866230108553,1.0,4.434026479316344e-10
27,48,67.0,78.0,807.5134049105494,-438.7158000440816,1.0,3.97856858569412e-10
27,49,67.0,79.0,314.52554528989003,-439.07765680193023,1.0,3.289279959517444e-10
27,50,67.0,80.0,67.06591502988606,-439.472075962253,1.0,1.569640417642404e-09
27,51,67.0,81.0,93.12775802253348,-439.89831357893934,1.0,9.530958244852172e-10
27,52,67.0,82.0,418.694233134913,-440.3549394149503,1.0,1.7415047182112176e-10
27,53,67.0,83.0,1066.2467485037698,-440.8398005838763,1.0,2.3757129596901905e-10
27,54,67.0,84.0,2053.3299138105294,-441.3500125631891,1.0,4.588374125091832e-11
27,55,67.0,85.0,3391.310891670897,-441.88200757987005,1.0,2.963007617040603e-11
27,56,67.0,86.0,5084.489728911988,-442.4316435038293,1.0,6.075895342405602e-11
27,57,67.0,87.0,7129.707448738216,-442.99437494251265,1.0,8.252643013406669e-11
27,58,67.0,88.0,9516.568582960586,-443.56548622619874,1.0,1.0684786388992507e-11
27,59,67.0,89.0,12228.332359717959,-444.14036692146084,1.0,3.111511048814464e-11
27,60,67.0,90.0,15243.459118511515,-444.7148221678664,1.0,9.482636897928387e-12
27,61,67.0,91.0,18537.63319578747,-445.2853574925521,1.0,1.1052936343958208e-11
27,62,67.0,92.0,22086.096258299218,-445.84943462909524,1.0,2.4500401707427955e-11
27,63,67.0,93.0,25865.969493111934,-446.4056445545475,1.0,5.715428130770306e-12
27,64,67.0,94.0,29858.26409824307,-446.9537728632455,1.0,1.7329249146769143e-11
27,65,67.0,95.0,34049.3553667932,-447.4947598074182,1.0,4.992894986344254e-12
27,66,67.0,96.0,38431.718504698096,-448.0305433169373,1.0,1.5262457964126952e-11
27,67,67.0,97.0,43003.86854617315,-448.56381047292484,1.0,1.2998491172311333e-11
27,68,67.0,98.0,47769.5186570014,-449.0976794709009,1.0,3.931965864012454e-12
27,69,67.0,99.0,52736.10708812154,-449.6353533016253,1.0,3.2929214910382143e-12
27,70,67.0,100.0,57912.82920717503,-450.17977022911407,1.0,3.839151219153791e-12
28,0,68.0,30.0,151084.04583636308,-285.55915420170686,1.0,1.2234657731369225e-12
28,1,68.0,31.0,151466.5930228649,-285.56798530030443,1.0,1.2319034681240737e-12
28,2,68.0,32.0,151733.25557577703,-285.5529773389365,1.0,1.2634338020234281e-12
28,3,68.0,33.0,151898.59618297222,-285.51626820299157,1.0,1.2172485241990216e-12
28,4,68.0,34.0,151979.1052180444,-285.4611268292384,1.0,1.2705392293810291e-12
28,5,68.0,35.0,151992.08577183966,-285.391794244872,1.0,1.3180567748349858e-12
28,6,68.0,36.0,151954.5823511053,-285.31328067603783,1.0,2.503774965134653e-12
28,7,68.0,37.0,151882.39648964306,-285.2311299091558,1.0,3.9754866065777605e-12
28,8,68.0,38.0,151789.2061261597,-285.15115570890293,1.0,6.409983654975804e-12
28,9,68.0,39.0,151425.18766911444,-432.36753065129096,1.0,1.5973888878306752e-12
28,10,68.0,40.0,145832.65589664053,-432.44729134540734,1.0,3.697042672001771e-12
28,11,68.0,41.0,140206.70834409338,-432.5291110532794,1.0,1.9544366125501256e-12
28,12,68.0,42.0,134537.5249733303,-432.6140630059257,1.0,4.943156994841047e-12
28,13,68.0,43.0,128818.74637909677,-432.7033456026223,1.0,2.100541962590796e-12
28,14,68.0,44.0,123047.89634187646,-432.79831943139993,1.0,1.765254609153999e-12
28,15,68.0,45.0,117226.68190145203,-432.9005115898315,1.0,5.857092588712476e-12
28,16,68.0,46.0,111361.23527490292,-433.0115780622402,1.0,1.7839063559677015e-12
28,17,68.0,47.0,105462.30798657499,-433.1332182107508,1.0,5.6128435232949414e-12
28,18,68.0,48.0,99545.37161520396,-433.2670490423184,1.0,6.1168847764747625e-12
28,19,68.0,49.0,93630.67523906058,-433.4144357064,1.0,3.3733016380210756e-12
28,20,68.0,50.0,87743.09069939532,-433.5763134646664,1.0,6.513456440870868e-12
28,21,68.0,51.0,81911.7114995314,-433.7530086392878,1.0,1.822542117224657e-12
28,22,68.0,52.0,76169.17936164739,-433.9440859808383,1.0,2.9900526499204716e-12
28,23,68.0,53.0,70550.5970024102,-434.14824970886986,1.0,4.089617533509227e-12
28,24,68.0,54.0,65092.092895997586,-434.36331780033487,1.0,3.6775027467683685e-12
28,25,68.0,55.0,59829.10247888363,-434.5862787099614,1.0,2.20001794559721e-12
28,26,68.0,56.0,54794.40790510485,-434.8134527116594,1.0,7.23510140687722e-12
28,27,68.0,57.0,50016.220838304944,-435.0407334245734,1.0,3.4767744239161402e-12
28,28,68.0,58.0,45516.440212496665,-435.26390595413386,1.0,2.7546853686999384e-12
28,29,68.0,59.0,41309.32900977209,-435.47900318297206,1.0,3.184563723834799e-12
28,30,68.0,60.0,37400.7872920436,-435.682663897996,1.0,1.4435119766176285e-11
28,31,68.0,61.0,33788.2793335771,-435.8724502416891,1.0,1.5574652678651546e-11
28,32,68.0,62.0,30461.468759541553,-436.0470790714189,1.0,7.481570918344005e-12
28,33,68.0,63.0,27403.452948031987,-436.20654074797045,1.0,1.3884449145962208e-11
28,34,68.0,64.0,24592.420689136183,-436.35209625970055,1.0,1.1683543021945297e-11
28,35,68.0,65.0,22003.568981770906,-436.4861544219767,1.0,7.118750033896504e-12
28,36,68.0,66.0,19611.064711387015,-436.61205587803744,1.0,9.016787316795671e-12
28,37,68.0,67.0,17389.868154193307,-436.7338039096573,1.0,6.063149982082905e-12
28,38,68.0,68.0,15317.319882383295,-436.8557754939137,1.0,6.855405132455417e-12
28,39,68.0,69.0,13374.403898229133,-436.9824531819582,1.0,5.0820680996821466e-11
28,40,68.0,70.0,11546.66483050354,-437.1182036853201,1.0,6.715072942142797e-12
28,41,68.0,71.0,9824.799791904206,-437.2671156307688,1.0,7.889244812986362e-12
28,42,68.0,72.0,8204.951271972612,-437.43290110499277,1.0,8.602807355373443e-11
28,43,68.0,73.0,6688.759368247345,-437.6188450821183,1.0,1.0297096508793402e-11
28,44,68.0,74.0,5283.202223799872,-437.8278025737719,1.0,1.2446044195257855e-11
28,45,68.0,75.0,4000.2843577722647,-438.0622024742707,1.0,1.8185453143360064e-11
28,46,68.0,76.0,2856.5650506166808,-438.32406864637073,1.0,3.0471625223071896e-11
28,47,68.0,77.0,1872.5634619367638,-438.6150203908514,1.0,1.6757395471245218e-10
28,48,68.0,78.0,1072.013100866321,-438.93626102126683,1.0,7.052762818204883e-10
28,49,68.0,79.0,480.96872115020295,-439.28854150994783,1.0,9.6064045607136e-11
28,50,68.0,80.0,126.74917488122311,-439.67210804862054,1.0,5.7679629961171486e-09
28,51,68.0,81.0,36.72233142790341,-440.0866320234488,1.0,7.51079065608451e-09
28,52,68.0,82.0,236.95074954755825,-440.53114929103367,1.0,1.635351409845498e-09
28,53,68.0,83.0,750.7559608255685,-441.004003690418,1.0,2.6445556855492214e-10
28,54,68.0,84.0,1597.2869541064176,-441.50282792762994,1.0,2.8438362775773385e-10
28,55,68.0,85.0,2790.2059967851255,-442.02455522492284,1.0,3.191980013639295e-11
28,56,68.0,86.0,4336.650477357627,-442.5655024853024,1.0,1.851940822916731e-10
28,57,68.0,87.0,6236.602034333612,-443.1214998463203,1.0,2.886180183736542e-11
28,58,68.0,88.0,8482.819161183883,-443.688095412769,1.0,7.031975002291802e-11
28,59,68.0,89.0,11061.396379163445,-444.2608016578967,1.0,1.0033751607352315e-11
28,60,68.0,90.0,13952.977025600921,-444.835383638705,1.0,3.4798830483850907e-11
28,61,68.0,91.0,17134.536370379243,-445.4081536557293,1.0,3.091216171924316e-11
28,62,68.0,92.0,20581.554622220443,-445.9762403328812,1.0,6.104894367808811e-12
28,63,68.0,93.0,24270.33041327603,-446.53779786378993,1.0,6.164846411138569e-12
28,64,68.0,94.0,28180.148064736433,-447.09212971236286,1.0,2.0410340084708878e-11
28,65,68.0,95.0,32294.999512976457,-447.6396959762311,1.0,5.6350479837874445e-12
28,66,68.0,96.0,36604.69536613454,-448.182020888025,1.0,3.860023412016744e-12
28,67,68.0,97.0,41105.18051236462,-448.7214878987338,1.0,1.38293820839408e-11
28,68,68.0,98.0,45798.085551591714,-449.26106054870615,1.0,9.824585589512935e-12
28,69,68.0,99.0,50689.55018427385,-449.80394948839347,1.0,4.0953906932372774e-12
28,70,68.0,100.0,55788.49070914876,-450.3532658430882,1.0,3.268496584496461e-12
29,0,69.0,30.0,148442.78899356799,-285.2070222774688,1.0,1.3660184094987926e-12
29,1,69.0,31.0,149095.8973480226,-285.27038896057053,1.0,1.362021606610142e-12
29,2,69.0,32.0,149642.73417104906,-285.31801859942493,1.0,1.1426415369442111e-12
29,3,69.0,33.0,150087.3199215917,-285.3494430626169,1.0,1.1359801987964602e-12
29,4,69.0,34.0,150436.73983646263,-285.3651680216662,1.0,1.2616574451840279e-12
29,5,69.0,35.0,150700.4369018331,-285.36666223476044,1.0,1.2794210135780304e-12
29,6,69.0,36.0,150889.39857194835,-285.3562965380655,1.0,1.3078427230084344e-12
29,7,69.0,37.0,151015.24523247904,-285.33721371591963,1.0,1.34736666268509e-12
29,8,69.0,38.0,151089.36426166786,-285.313168471349,1.0,2.119637798614349e-12
29,9,69.0,39.0,151122.0874994801,-285.288326530676,1.0,3.304911899704166e-12
29,10,69.0,40.0,146891.7909596368,-432.9072841737993,1.0,2.1729285037963564e-12
29,11,69.0,41.0,141154.03176298056,-432.99168969155426,1.0,5.991651619297045e-12
29,12,69.0,42.0,135419.14977978484,-433.0774901806433,1.0,2.063682558173241e-12
29,13,69.0,43.0,129680.13839230378,-433.16571258435414,1.0,2.489564110419451e-12
29,14,69.0,44.0,123932.38199022572,-433.2574958245985,1.0,3.645084234449314e-12
29,15,69.0,45.0,118174.21462264642,-433.3540879749856,1.0,2.4789059693830495e-12
29,16,69.0,46.0,112407.36152789058,-433.45682724136725,1.0,1.934896687316723e-12
29,17,69.0,47.0,106637.2402559588,-433.56709519793276,1.0,1.835864793520159e-12
29,18,69.0,48.0,100873.18622143733,-433.6862429870869,1.0,1.9237944570704713e-12
29,19,69.0,49.0,95128.54765920105,-433.8154880191395,1.0,7.473577312566704e-12
29,20,69.0,50.0,89420.62918133664,-433.95579292007324,1.0,1.7612578062653483e-12
29,21,69.0,51.0,83770.47043946205,-434.1077368763172,1.0,1.8838264281839656e-12
29,22,69.0,52.0,78202.37017839623,-434.27139511122715,1.0,1.8562928971732617e-12
29,23,69.0,53.0,72743.1642537699,-434.4462440263895,1.0,2.0481394358284888e-12
29,24,69.0,54.0,67421.22716346884,-434.6311103749845,1.0,1.8620660569013125e-12
29,25,69.0,55.0,62265.211815682735,-434.82417566686763,1.0,5.782485601457665e-12
29,26,69.0,56.0,57302.601480080666,-435.0230513727691,1.0,2.183142555622908e-12
29,27,69.0,57.0,52558.1999115419,-435.22491838566907,1.0,2.97895041967422e-12
29,28,69.0,58.0,48052.66081821091,-435.4267311466182,1.0,9.017675495215371e-12
29,29,69.0,59.0,43801.26602151675,-435.6254634534435,1.0,2.7062796448262816e-12
29,30,69.0,60.0,39813.05010975573,-435.8183743176309,1.0,4.1673331452329876e-12
29,31,69.0,61.0,36090.39888855934,-436.0032654363222,1.0,9.173106718662893e-12
29,32,69.0,62.0,32629.19106800598,-436.1786943330847,1.0,2.7000623958883807e-12
29,33,69.0,63.0,29419.424183927295,-436.34412227965385,1.0,2.0460966254631785e-11
29,34,69.0,64.0,26446.291644893943,-436.49997555056774,1.0,2.5134561099093844e-11
29,35,69.0,65.0,23691.564523429504,-436.64761781398846,1.0,4.248157381425699e-12
29,36,69.0,66.0,21135.126313448796,-436.78924362065345,1.0,2.865130355189649e-11
29,37,69.0,67.0,18756.529103900655,-436.92771086657945,1.0,3.8820946457462924e-11
29,38,69.0,68.0,16536.444237077936,-437.06633911726453,1.0,1.8115287048203754e-11
29,39,69.0,69.0,14457.909328389593,-437.20870241626193,1.0,1.3806733534238447e-11
29,40,69.0,70.0,12507.32653609813,-437.35844077134277,1.0,6.4144245470743044e-12
29,41,69.0,71.0,10675.195970785475,-437.51910454657906,1.0,7.575717830832218e-12
29,42,69.0,72.0,8956.580321621943,-437.69404342027826,1.0,8.884892821470203e-12
29,43,69.0,73.0,7351.343805901075,-437.8863343254262,1.0,1.1386447340555605e-11
29,44,69.0,74.0,5864.174998439279,-438.0987460683834,1.0,1.0808687278540674e-11
29,45,69.0,75.0,4504.445657630859,-438.3337189954677,1.0,2.185229774909203e-11
29,46,69.0,76.0,3285.897681250505,-438.5933659573215,1.0,1.9660717498481972e-11
29,47,69.0,77.0,2226.1992907206604,-438.87945758463513,1.0,3.2452973641738936e-10
29,48,69.0,78.0,1346.3458874139149,-439.1934056926071,1.0,1.5905010641859008e-10
29,49,69.0,79.0,669.9132025335041,-439.53622433499083,1.0,2.6715163414792187e-10
29,50,69.0,80.0,222.14553492492882,-439.9084806769722,1.0,1.5420207333249891e-09
29,51,69.0,81.0,28.88443365661136,-440.3102308141386,1.0,3.1707982905970766e-09
29,52,69.0,82.0,115.34960495392427,-440.7409545042837,1.0,1.6077050801754922e-09
29,53,69.0,83.0,504.812157364913,-441.19949657912235,1.0,4.110405349422308e-10
29,54,69.0,84.0,1217.2305350193105,-441.6840353078942,1.0,2.4853097357890874e-10
29,55,69.0,85.0,2267.943388220364,-442.192073402471,1.0,4.282840748714989e-11
29,56,69.0,86.0,3666.5557963886968,-442.7204921890636,1.0,3.15414361296007e-11
29,57,69.0,87.0,5416.14570065337,-443.2656461555569,1.0,1.7612133973443633e-11
29,58,69.0,88.0,7512.949835701712,-443.82353178489905,1.0,1.3180567748349858e-11
29,59,69.0,89.0,9946.59201868926,-444.38999066307105,1.0,2.90727442120442e-11
29,60,69.0,90.0,12700.949983324383,-444.9609737078112,1.0,1.127498094888324e-11
29,61,69.0,91.0,15755.585025731034,-445.5328108460487,1.0,6.723066547920098e-12
29,62,69.0,92.0,19087.65368347925,-446.10248579761577,1.0,6.431744026258457e-12
29,63,69.0,93.0,22674.045623549733,-446.6678570720678,1.0,1.2330581000696839e-11
29,64,69.0,94.0,26493.559326891384,-447.2278246641937,1.0,4.9666937229631e-12
29,65,69.0,95.0,30528.753887799638,-447.7823844334902,1.0,1.6973089600469393e-11
29,66,69.0,96.0,34767.33468519016,-448.3325947336465,1.0,4.671374398412809e-12
29,67,69.0,97.0,39202.835030300186,-448.88043079708814,1.0,3.669509140991067e-12
29,68,69.0,98.0,43834.55380595008,-449.42855239592734,1.0,1.1465939309118767e-11
29,69,69.0,99.0,48666.75711675829,-449.9800074984377,1.0,3.799183190267286e-12
29,70,69.0,100.0,53707.26078080912,-450.5379038594218,1.0,3.1867841698840493e-12
30,0,70.0,30.0,145697.9023122245,-284.84458007493345,1.0,1.3451462166358397e-12
30,1,70.0,31.0,146625.90105246723,-284.962075436416,1.0,1.290523243824282e-12
30,2,70.0,32.0,147462.67245250946,-285.0729634388701,1.0,1.2443379659998755e-12
30,3,70.0,33.0,148200.8672901793,-285.1743105206527,1.0,1.1857181902996672e-12
30,4,70.0,34.0,148836.93474582784,-285.26389524284605,1.0,1.27631238910908e-12
30,5,70.0,35.0,149371.00952941095,-285.3403404412474,1.0,1.2296830220748234e-12
30,6,70.0,36.0,149806.48404713662,-285.40317787296806,1.0,1.2114753644709708e-12
30,7,70.0,37.0,150149.3921035492,-285.45286509181824,1.0,1.1568523916594131e-12
30,8,70.0,38.0,150407.6330127708,-285.4907394378742,1.0,1.1608491945480637e-12
30,9,70.0,39.0,150590.1273611087,-285.5189187889231,1.0,1.169730978745065e-12
30,10,70.0,40.0,147831.2583437836,-433.3754277299506,1.0,2.9394264799975645e-12
30,11,70.0,41.0,141966.03284362055,-433.4620242163111,1.0,2.0241586184965854e-12
30,12,70.0,42.0,136153.3430198484,-433.54875346331715,1.0,5.770495192791714e-12
30,13,70.0,43.0,130386.49912106314,-433.636332457048,1.0,2.3785418079569354e-12
30,14,70.0,44.0,124659.25882713907,-433.72559308411303,1.0,2.6116886431282182e-12
30,15,70.0,45.0,118966.6674442533,-433.8174671151592,1.0,3.169020601490047e-12
30,16,70.0,46.0,113305.74501170285,-433.91296792558745,1.0,2.211564265053312e-12
30,17,70.0,47.0,107676.0620419604,-434.01316294112746,1.0,2.2590818105072685e-12
30,18,70.0,48.0,102080.14337045013,-434.11913517454104,1.0,4.667821684734008e-12
30,19,70.0,49.0,96523.72839780354,-434.23192943557837,1.0,1.9535484341304254e-12
30,20,70.0,50.0,91015.89561109427,-434.3524826334199,1.0,2.035260848742837e-12
30,21,70.0,51.0,85569.0037708471,-434.4815431234554,1.0,2.013056388250334e-12
30,22,70.0,52.0,80198.46452053258,-434.6195863161277,1.0,2.4726887204451486e-12
30,23,70.0,53.0,74922.34809553012,-434.76673298795185,1.0,6.884715020305521e-12
30,24,70.0,54.0,69760.72510538506,-434.9226922117192,1.0,2.511324481702104e-12
30,25,70.0,55.0,64734.88275708211,-435.08672208233895,1.0,2.1178614417749486e-12
30,26,70.0,56.0,59866.32166377746,-435.2576399156012,1.0,7.0903283244661e-12
30,27,70.0,57.0,55175.639242528385,-435.43387529468936,1.0,2.0814461265672435e-12
30,28,70.0,58.0,50681.40989018313,-435.61356616457954,1.0,2.417177569213891e-12
30,29,70.0,59.0,46399.0958239856,-435.7947009523196,1.0,8.36797298120473e-12
30,30,70.0,60.0,42340.140597957456,-435.9752907382376,1.0,1.3923973085638863e-11
30,31,70.0,61.0,38511.36378107007,-436.15354854343605,1.0,1.3469225734752399e-11
30,32,70.0,62.0,34914.65250024686,-436.32807108257794,1.0,3.4097169532287808e-12
30,33,70.0,63.0,31547.081135489534,-436.4979845424351,1.0,5.914824185992984e-12
30,34,70.0,64.0,28401.38367926353,-436.663048658176,1.0,2.319255898441952e-11
30,35,70.0,65.0,25466.74819003262,-436.8237053949881,1.0,3.693489958322971e-12
30,36,70.0,66.0,22729.8523380985,-436.98106607421175,1.0,2.8618440950367585e-11
30,37,70.0,67.0,20176.0394394918,-437.1368446098107,1.0,4.567901612517744e-12
30,38,70.0,68.0,17790.51579316396,-437.29324980628473,1.0,1.1057377236056709e-11
30,39,70.0,69.0,15559.490423639585,-437.45285271521476,1.0,5.74651437545981e-12
30,40,70.0,70.0,13471.184641493443,-437.6184454748064,1.0,4.547384691022671e-11
30,41,70.0,71.0,11516.645354205235,-437.7929143624974,1.0,1.3792522679523245e-11
30,42,70.0,72.0,9690.384866402368,-437.9791220055991,1.0,7.86881670933326e-12
30,43,70.0,73.0,7990.78765969775,-438.1798256881376,1.0,8.848033417052648e-12
30,44,70.0,74.0,6420.335474405578,-438.39761471727684,1.0,2.000977161742412e-11
30,45,70.0,75.0,4985.655135149873,-438.6348667866961,1.0,2.9896085607106215e-11
30,46,70.0,76.0,3697.3952013465323,-438.8937157828372,1.0,1.9129142714291447e-10
30,47,70.0,77.0,2569.9433770866267,-439.1760318647337,1.0,4.162048483635772e-11
30,48,70.0,78.0,1621.0039735598325,-439.483383755881,1.0,4.2078340811713133e-10
30,49,70.0,79.0,871.0071794751159,-439.8170054779937,1.0,1.3692114109176146e-10
30,50,70.0,80.0,342.36840122967266,-440.1777425992792,1.0,6.793499096602318e-10
30,51,70.0,81.0,58.580945155931374,-440.56599847481476,1.0,2.7743904951194054e-09
30,52,70.0,82.0,43.16371182677748,-440.98167138556977,1.0,9.571675452235695e-09
30,53,70.0,83.0,318.4858341804354,-441.4240971474122,1.0,2.7387825340952077e-10
30,54,70.0,84.0,904.5239257084756,-441.89201172724813,1.0,3.6393332791817556e-10
30,55,70.0,85.0,1817.6270575341805,-442.3835301834725,1.0,3.3598102078258307e-10
30,56,70.0,86.0,3069.3976411538356,-442.8961726244419,1.0,3.1655567056532163e-11
30,57,70.0,87.0,4665.811116811473,-443.4269335593998,1.0,1.9318768806897424e-11
30,58,70.0,88.0,6606.697023456438,-443.9724014766945,1.0,1.5161205624281138e-11
30,59,70.0,89.0,8885.694234749844,-444.52893171435613,1.0,6.352873782589086e-11
30,60,70.0,90.0,11490.736304971877,-445.0928540072406,1.0,3.553068950168381e-11
30,61,70.0,91.0,14405.11043194186,-445.6607240697659,1.0,1.8616219676914625e-11
30,62,70.0,92.0,17608.976376488703,-446.2295667580923,1.0,2.483302452560565e-11
30,63,70.0,93.0,21081.233592738517,-446.7971048550198,1.0,5.288214310894546e-12
30,64,70.0,94.0,24801.512863249976,-447.36193727366214,1.0,6.390887818952251e-12
30,65,70.0,95.0,28752.065924840266,-447.9236475361791,1.0,4.618527782440651e-12
30,66,70.0,96.0,32919.26691697437,-448.4828090523852,1.0,6.3651306447809475e-12
30,67,70.0,97.0,37294.614860039284,-449.04091041154555,1.0,3.6992631180510216e-12
30,68,70.0,98.0,41875.03195375498,-449.6001788271377,1.0,8.980816090797816e-12
30,69,70.0,99.0,46662.490138379275,-450.16333770413996,1.0,3.880451515669847e-12
30,70,70.0,100.0,51662.95991604222,-450.73331144832525,1.0,3.2160940577341535e-12
31,0,71.0,30.0,142893.6731108093,-284.48348706593123,1.0,3.768096945577781e-12
31,1,71.0,31.0,144091.269376382,-284.652756084131,1.0,1.3291590050812374e-12
31,2,71.0,32.0,145217.97897181255,-284.82523262077507,1.0,1.4384049507043528e-12
31,3,71.0,33.0,146254.87239067312,-284.99577188465577,1.0,1.2660983372825285e-12
31,4,71.0,34.0,147187.0312037423,-285.159600392168,1.0,1.1719514247943152e-12
31,5,71.0,35.0,148004.10012048026,-285.3125424364148,1.0,1.3069545445887343e-12
31,6,71.0,36.0,148700.49852012476,-285.4512245667729,1.0,1.163069640597314e-12
31,7,71.0,37.0,149275.253557024,-285.5732314268741,1.0,1.155964213239713e-12
31,8,71.0,38.0,149731.50226123692,-285.67720342043424,1.0,1.2474465904688259e-12
31,9,71.0,39.0,150075.72296257195,-285.7628631017096,1.0,1.4761525335416081e-12
31,10,71.0,40.0,148690.78177670328,-433.84942396841586,1.0,1.893596390800667e-12
31,11,71.0,41.0,142685.0715084022,-433.9376243580556,1.0,2.9536373347127665e-12
31,12,71.0,42.0,136783.5750596261,-434.0252240425979,1.0,1.9384494009955233e-12
31,13,71.0,43.0,130981.12480273255,-434.11245001834135,1.0,2.7289281945286348e-12
31,14,71.0,44.0,125270.5574480862,-434.19972621530087,1.0,1.6506795930126827e-12
31,15,71.0,45.0,119643.80446263423,-434.28764161479984,1.0,5.857536677922326e-12
31,16,71.0,46.0,114092.9483266594,-434.376914693183,1.0,4.344968829173013e-12
31,17,71.0,47.0,108611.15684914473,-434.4683596750415,1.0,3.575806317712704e-12
31,18,71.0,48.0,103193.42884230016,-434.5628551532701,1.0,3.950617610826157e-12
31,19,71.0,49.0,97837.18238995968,-434.6613106074591,1.0,2.079225680517993e-12
31,20,71.0,50.0,92542.63959708826,-434.76462926374387,1.0,1.7563728249569976e-12
31,21,71.0,51.0,87313.0176603648,-434.87366495346566,1.0,1.8673951274195133e-12
31,22,71.0,52.0,82154.57947815036,-434.9891700386713,1.0,2.020161815607935e-12
31,23,71.0,53.0,77076.46782063782,-435.1117398113977,1.0,6.673328556416891e-12
31,24,71.0,54.0,72090.39374920657,-435.2417592706624,1.0,5.752287535187861e-12
31,25,71.0,55.0,67210.18842874857,-435.3793475095797,1.0,2.5495161537492095e-12
31,26,71.0,56.0,62451.152527117476,-435.5243290283193,1.0,2.3447910280083306e-12
31,27,71.0,57.0,57829.322666182954,-435.676219264521,1.0,2.104982854689297e-12
31,28,71.0,58.0,53360.62192490428,-435.83424297891577,1.0,2.3168134077877767e-12
31,29,71.0,59.0,49059.97295677081,-435.99738483776474,1.0,8.901324122234655e-12
31,30,71.0,60.0,44940.45940808339,-436.16446907263423,1.0,2.3883117705736367e-12
31,31,71.0,61.0,41012.565716190955,-436.33426737617486,1.0,2.6290081223123707e-12
31,32,71.0,62.0,37283.61498255645,-436.505620954224,1.0,7.272404900504625e-12
31,33,71.0,63.0,33757.44136824007,-436.6775664272955,1.0,1.8177015448372913e-11
31,34,71.0,64.0,30434.337880090756,-436.8494495886847,1.0,3.4985347951987933e-12
31,35,71.0,65.0,27311.28239085338,-437.0210177690973,1.0,9.027001368622223e-12
31,36,71.0,66.0,24382.440251467327,-437.1924763995591,1.0,2.8824498343738014e-11
31,37,71.0,67.0,21639.868798970972,-437.3645063754792,1.0,4.1739944833807385e-12
31,38,71.0,68.0,19074.365751482626,-437.5382463524279,1.0,3.2591707110896095e-11
31,39,71.0,69.0,16676.39355408328,-437.7152379783048,1.0,5.6350479837874445e-12
31,40,71.0,70.0,14436.99108234049,-437.8973496828052,1.0,7.0041750177551876e-12
31,41,71.0,71.0,12348.620703041814,-438.0866866025304,1.0,5.043387929504206e-11
31,42,71.0,72.0,10405.895899276804,-438.2854983656979,1.0,2.8064217616474707e-11
31,43,71.0,73.0,8606.159884564764,-438.49609335309606,1.0,2.674838128768897e-11
31,44,71.0,74.0,6949.910523475147,-438.72076095413854,1.0,9.834355552129637e-11
31,45,71.0,75.0,5441.042690290023,-438.96171016606854,1.0,4.693623267826297e-11
31,46,71.0,76.0,4086.9336617678136,-439.2210159929819,1.0,1.9032775355753984e-11
31,47,71.0,77.0,2898.3668765587613,-439.5005744768125,1.0,3.12070369545836e-11
31,48,71.0,78.0,1889.2899385926464,-439.8020578125167,1.0,3.4735103682237423e-10
31,49,71.0,79.0,1076.4192686774948,-440.12687052067355,1.0,5.1666226852375985e-11
31,50,71.0,80.0,478.6816357489389,-440.47610093527163,1.0,1.2867840126773444e-10
31,51,71.0,81.0,116.50123946734061,-440.8504662413183,1.0,5.805231850786186e-10
31,52,71.0,82.0,10.934993771979979,-441.2502589780161,1.0,7.262941492669484e-08
31,53,71.0,83.0,182.68123128100947,-441.67529250772566,1.0,2.2041257707883233e-10
31,54,71.0,84.0,650.9974395660881,-442.12486189550236,1.0,1.992921383475732e-10
31,55,71.0,85.0,1432.5864435705516,-442.5977150792715,1.0,4.000577646934289e-10
31,56,71.0,86.0,2540.5334462333485,-443.0920611818711,1.0,2.737321480594801e-11
31,57,71.0,87.0,3983.393258043363,-443.6056082243157,1.0,2.404743071338089e-11
31,58,71.0,88.0,5764.536829993312,-444.13564745502447,1.0,1.7850165789923267e-11
31,59,71.0,89.0,7881.864673443728,-444.67918101942934,1.0,1.3648193686321974e-11
31,60,71.0,90.0,10327.952143405044,-445.23308358683136,1.0,9.246825527498004e-12
31,61,71.0,91.0,13090.686906837022,-445.7943042252235,1.0,3.267919268523656e-11
31,62,71.0,92.0,16154.376845736177,-446.36008537008917,1.0,8.617107027930615e-12
31,63,71.0,93.0,19501.215598880535,-446.9281682887346,1.0,6.375788785817349e-12
31,64,71.0,94.0,23112.990548663565,-447.49697725533554,1.0,5.949019055151439e-12
31,65,71.0,95.0,26972.819364213687,-448.06575034630185,1.0,5.158096172408477e-12
31,66,71.0,96.0,31066.693291878517,-448.6345947010267,1.0,8.807177209746442e-12
31,67,71.0,97.0,35384.665791201274,-449.20447048161355,1.0,3.9466208079375065e-12
31,68,71.0,98.0,39921.47639736288,-449.7770761671692,1.0,1.3467005288703149e-11
31,69,71.0,99.0,44676.57275624871,-450.35466941797443,1.0,4.122480135038131e-12
31,70,71.0,100.0,49653.50121568184,-450.9398253380607,1.0,3.9470648971473565e-12
32,0,72.0,30.0,140077.6316631498,-284.13515099805323,1.0,3.339106768862621e-12
32,1,72.0,31.0,141530.1010780917,-284.35210140530654,1.0,3.876898801991047e-12
32,2,72.0,32.0,142936.69872206432,-284.58236529414876,1.0,1.332711718760038e-12
32,3,72.0,33.0,144267.41715144497,-284.81893728488825,1.0,1.3233858453531866e-12
32,4,72.0,34.0,145495.7920598698,-285.0547647148088,1.0,1.4104273304837989e-12
32,5,72.0,35.0,146600.26646718243,-285.28305656921157,1.0,1.2603251775544777e-12
32,6,72.0,36.0,147565.17899472665,-285.497598064,1.0,1.2363443602225743e-12
32,7,72.0,37.0,148381.25469549373,-285.6930410162655,1.0,2.1112001036271977e-12
32,8,72.0,38.0,149045.5680956912,-285.86514761050154,1.0,4.318767565791859e-12
32,9,72.0,39.0,149561.0441765316,-286.01098088115566,1.0,3.1956659540810506e-12
32,10,72.0,40.0,149513.84197796442,-434.32764175260274,1.0,1.63069557856943e-12
32,11,72.0,41.0,143358.31558162995,-434.41659794565754,1.0,5.787370582766016e-12
32,12,72.0,42.0,137358.86440528033,-434.5048168131793,1.0,1.800781745942004e-12
32,13,72.0,43.0,131513.23959245803,-434.59182207582455,1.0,2.3652191316614335e-12
32,14,72.0,44.0,125814.21970465516,-434.6775130544067,1.0,3.3311131630853197e-12
32,15,72.0,45.0,120250.98600436214,-434.762110434868,1.0,2.55440113505756e-12
32,16,72.0,46.0,114810.54258689325,-434.84609425642384,1.0,1.936228954946273e-12
32,17,72.0,47.0,109479.15969647066,-434.93013022793684,1.0,3.6775027467683685e-12
32,18,72.0,48.0,104243.64354733047,-435.0150104814917,1.0,2.774225293933341e-12
32,19,72.0,49.0,99092.42667697759,-435.1015979986492,1.0,2.091216089183945e-12
32,20,72.0,50.0,94016.34087524506,-435.19079642640577,1.0,1.84297022087776e-12
32,21,72.0,51.0,89009.19626213743,-435.2835196908948,1.0,2.0756729668391927e-12
32,22,72.0,52.0,84068.06887801096,-435.3806691202758,1.0,8.450573574236842e-12
32,23,72.0,53.0,79193.39469748382,-435.48310702275216,1.0,5.418332449380614e-12
32,24,72.0,54.0,74388.88789597449,-435.5916269350536,1.0,4.54125625992674e-12
32,25,72.0,55.0,69661.29271546614,-435.7069094547076,1.0,5.878852959995129e-12
32,26,72.0,56.0,65019.98497019445,-435.8294881792491,1.0,5.373479439185758e-12
32,27,72.0,57.0,60476.48646989081,-435.9597008755496,1.0,6.689315767971493e-12
32,28,72.0,58.0,56043.83182088542,-436.097662716801,1.0,8.361311643056979e-12
32,29,72.0,59.0,51735.886205204675,-436.2432474945796,1.0,9.50395318000119e-12
32,30,72.0,60.0,47566.58910884364,-436.3960934624914,1.0,2.3065993559612252e-12
32,31,72.0,61.0,43549.186072792,-436.5556363458787,1.0,3.4434677331773855e-12
32,32,72.0,62.0,39695.528589807735,-436.7211635340039,1.0,1.2778222924225702e-11
32,33,72.0,63.0,36015.44393952948,-436.89189432680485,1.0,3.3377745012330706e-12
32,34,72.0,64.0,32516.283653318125,-437.06707201213925,1.0,4.273914555597003e-12
32,35,72.0,65.0,29202.673394201473,-437.2460607881165,1.0,2.0179857784796695e-11
32,36,72.0,66.0,26076.479810874815,-437.428439092662,1.0,4.530598118890339e-12
32,37,72.0,67.0,23137.02828197634,-437.61407173568335,1.0,1.5068835068632325e-11
32,38,72.0,68.0,20381.523383129064,-437.80316267703336,1.0,8.08819677899919e-12
32,39,72.0,69.0,17805.64011930529,-437.99627699017674,1.0,1.1720402426362853e-11
32,40,72.0,70.0,15404.237780514051,-438.19433367378105,1.0,5.569766869939485e-12
32,41,72.0,71.0,13172.119199569011,-438.39857340640884,1.0,6.16928730323707e-12
32,42,72.0,72.0,11104.786043186617,-438.6105064448297,1.0,7.100098287082801e-12
32,43,72.0,73.0,9199.132095998857,-438.83184676567924,1.0,8.252509786643714e-12
32,44,72.0,74.0,7454.031231259232,-439.06444266532645,1.0,1.0079048706757021e-11
32,45,72.0,75.0,5870.797962551725,-439.3102031793514,1.0,1.1028689073100395e-10
32,46,72.0,76.0,4453.494799812171,-439.57103201957204,1.0,1.0326139943117596e-10
32,47,72.0,77.0,3209.0758860339765,-439.8487659346405,1.0,1.8949020130776262e-10
32,48,72.0,78.0,2147.376250714888,-440.14511521920923,1.0,1.5049339552319907e-10
32,49,72.0,79.0,1280.9303578219585,-440.46160973214353,1.0,2.3361046430636634e-10
32,50,72.0,80.0,624.6308847074332,-440.7995454049267,1.0,7.919132016809272e-11
32,51,72.0,81.0,195.22792124076594,-441.1599307602791,1.0,9.993472716018914e-11
32,52,72.0,82.0,10.676549028656936,-441.5434350104581,1.0,3.2615281586600986e-08
32,53,72.0,83.0,89.3494922916626,-441.9503384631403,1.0,4.035540346336575e-09
32,54,72.0,84.0,449.1420558554143,-442.38049259840136,1.0,4.5148507155090556e-10
32,55,72.0,85.0,1106.5111204716573,-442.83328629410903,1.0,7.639400223524717e-11
32,56,72.0,86.0,2075.507470924846,-443.3076371150699,1.0,5.147615667056016e-11
32,57,72.0,87.0,3366.8823366230076,-443.8020097326156,1.0,2.717115421546623e-11
32,58,72.0,88.0,4987.352218281445,-444.31446210014576,1.0,1.0540901485001086e-10
32,59,72.0,89.0,6939.112348096338,-444.8427280794226,1.0,1.3813394872386198e-11
32,60,72.0,90.0,9219.688130907287,-445.3843390586004,1.0,5.466294084044421e-11
32,61,72.0,91.0,11822.171909559525,-445.93677089008764,1.0,8.22453216642316e-12
32,62,72.0,92.0,14735.880829622132,-446.497622963564,1.0,6.360245663472597e-12
32,63,72.0,93.0,17947.37342891512,-447.0647922978997,1.0,8.966605236082614e-12
32,64,72.0,94.0,21441.777477304386,-447.6366508539914,1.0,2.3670398974218188e-11
32,65,72.0,95.0,25204.25842295696,-448.21218436233846,1.0,4.4568793100552284e-12
32,66,72.0,96.0,29221.455550781524,-448.79108198887394,1.0,9.656719868189612e-12
32,67,72.0,97.0,33482.7407184189,-449.3737681997277,1.0,3.6060043839825084e-12
32,68,72.0,98.0,37981.0804840522,-449.96135678612495,1.0,1.4300116646381866e-11
32,69,72.0,99.0,42713.432181234435,-450.5555388300265,1.0,4.205968906489943e-12
32,70,72.0,100.0,47680.55828706099,-451.15840295718186,1.0,5.608846720406291e-12
33,0,73.0,30.0,137297.72970867885,-283.8102962715625,1.0,2.1280754936015e-12
33,1,73.0,31.0,138981.79026514938,-284.0693600591702,1.0,3.3528735343679728e-12
33,2,73.0,32.0,140648.60815742222,-284.35172654386656,1.0,3.810729509723387e-12
33,3,73.0,33.0,142258.2201995724,-284.6489186718442,1.0,1.4699352846037073e-12
33,4,73.0,34.0,143773.11243937607,-284.9519658459594,1.0,1.4033219031261979e-12
33,5,73.0,35.0,145160.39987224256,-285.2517602321773,1.0,1.2509993041476264e-12
33,6,73.0,36.0,146393.65881608205,-285.53943888260164,1.0,1.2678746941219288e-12
33,7,73.0,37.0,147454.26385419632,-285.80679211849565,1.0,2.9980462556977727e-12
33,8,73.0,38.0,148332.05015157192,-286.0466614025879,1.0,3.462119479991088e-12
33,9,73.0,39.0,149025.23193473814,-286.25328824610546,1.0,3.682831817286569e-12
33,10,73.0,40.0,149539.64341318433,-286.42258794148654,1.0,1.3171685964152857e-12
33,11,73.0,41.0,144036.70650140173,-434.89766298559016,1.0,2.7124968937641825e-12
33,12,73.0,42.0,137932.9168745008,-434.98596069385104,1.0,2.1294077612310502e-12
33,13,73.0,43.0,132037.22973637216,-435.07266713771395,1.0,3.027800232757727e-12
33,14,73.0,44.0,126343.44105461631,-435.15702089241415,1.0,2.2457591342117666e-12
33,15,73.0,45.0,120838.49926705947,-435.23884900249686,1.0,3.4199310050553322e-12
33,16,73.0,46.0,115504.39047415185,-435.31845560459817,1.0,2.213340621892712e-12
33,17,73.0,47.0,110320.18066881497,-435.3964843572218,1.0,2.235100993175365e-12
33,18,73.0,48.0,105263.99779579301,-435.473783375045,1.0,7.609024521570973e-12
33,19,73.0,49.0,100314.75935559631,-435.55129526236016,1.0,2.3954171979312378e-12
33,20,73.0,50.0,95453.5909195895,-435.62998193634047,1.0,2.6787461138155777e-12
33,21,73.0,51.0,90664.80070313037,-435.710789117758,1.0,3.931965864012454e-12
33,22,73.0,52.0,85936.52981620605,-435.7946328910732,1.0,6.376676964237049e-12
33,23,73.0,53.0,81261.03884709283,-435.8824146829215,1.0,3.876898801991047e-12
33,24,73.0,54.0,76634.74772717917,-435.9750268486153,1.0,3.070876886113183e-12
33,25,73.0,55.0,72058.08400912822,-436.0733579955495,1.0,2.809752430721346e-12
33,26,73.0,56.0,67535.175721888,-436.1782798994876,1.0,3.034905660115328e-12
33,27,73.0,57.0,63073.44971084039,-436.2906170373729,1.0,3.0668800832245324e-12
33,28,73.0,58.0,58683.14715498332,-436.4111017814223,1.0,2.682298827494378e-12
33,29,73.0,59.0,54376.761936465286,-436.54032109255746,1.0,2.5361934774537076e-12
33,30,73.0,60.0,50168.39845470371,-436.6786692822054,1.0,2.4664714715072478e-12
33,31,73.0,61.0,46073.09682733015,-436.82630806751894,1.0,9.64694990557291e-12
33,32,73.0,62.0,42106.08807837644,-436.98315243778205,1.0,1.2441159213949504e-11
33,33,73.0,63.0,38282.06264613457,-437.1488796529909,1.0,1.4451995156150588e-11
33,34,73.0,64.0,34614.46805758808,-437.32297078773723,1.0,6.8896000016138714e-12
33,35,73.0,65.0,31114.90286823281,-437.5047746837576,1.0,3.5078606686056446e-12
33,36,73.0,66.0,27792.65417419792,-437.6935941726038,1.0,1.4351186905514624e-11
33,37,73.0,67.0,24654.437406461904,-437.88877984210166,1.0,1.1179945857975326e-11
33,38,73.0,68.0,21704.33674227953,-438.0898287262527,1.0,2.1814106077044926e-11
33,39,73.0,69.0,18944.003050342733,-438.29645967005257,1.0,6.256328788367682e-12
33,40,73.0,70.0,16373.029958397234,-438.5086813158077,1.0,5.6412652327253454e-12
33,41,73.0,71.0,13989.512911740943,-438.7268257685005,1.0,5.3082871431797685e-11
33,42,73.0,72.0,11790.722808542854,-438.951555257416,1.0,2.5929480784725456e-11
33,43,73.0,73.0,9773.824819813066,-439.18384430849613,1.0,7.211475860913197e-11
33,44,73.0,74.0,7936.593217121434,-439.42493672918675,1.0,9.157297142792231e-11
33,45,73.0,75.0,6278.063450835297,-439.67628705237854,1.0,1.0401901562318017e-11
33,46,73.0,76.0,4799.066231934413,-439.93949489378446,1.0,1.4022116801015727e-11
33,47,73.0,77.0,3502.6357702582695,-440.21623180991355,1.0,2.3101520696400257e-11
33,48,73.0,78.0,2394.252249367831,-440.50817160026423,1.0,2.0248425158797545e-10
33,49,73.0,79.0,1481.9195557699086,-440.81692124030286,1.0,5.263878222194762e-11
33,50,73.0,80.0,776.0723891940903,-441.1439569079197,1.0,9.50013401279648e-11
33,51,73.0,81.0,289.31386838052066,-441.490564615307,1.0,2.6869129143847204e-10
33,52,73.0,82.0,35.99411301661979,-441.8577852429388,1.0,8.259565476009811e-09
33,53,73.0,83.0,31.641630821743792,-442.24636053713897,1.0,2.378202568209531e-08
33,54,73.0,84.0,292.26618801846627,-442.6566960190292,1.0,1.939676863571549e-09
33,55,73.0,85.0,833.566118104937,-443.0888172042212,1.0,5.006315362265923e-10
33,56,73.0,86.0,1670.0790795037844,-443.54235088366244,1.0,3.216586996757087e-10
33,57,73.0,87.0,2814.338922856198,-444.0165242174264,1.0,3.093614253657506e-11
33,58,73.0,88.0,4276.098609909891,-444.5101797072744,1.0,1.986899533790165e-11
33,59,73.0,89.0,6061.699058800327,-445.0218216380309,1.0,8.170042420374557e-11
33,60,73.0,90.0,8173.665027451755,-445.5496918486658,1.0,1.1073364447611311e-11
33,61,73.0,91.0,10610.587744887405,-446.0918738467249,1.0,1.0767831071234468e-11
33,62,73.0,92.0,13367.34034872324,-446.6464189207206,1.0,3.5646152696244826e-11
33,63,73.0,93.0,16435.63743392028,-447.2114909875641,1.0,2.3496316003956963e-11
33,64,73.0,94.0,19804.925548036063,-447.7855209867303,1.0,5.0670578843892145e-12
33,65,73.0,95.0,23463.475113716195,-448.3673386788933,1.0,4.602096481676199e-12
33,66,73.0,96.0,27399.618778958848,-448.95628816771926,1.0,1.2501999435698963e-11
33,67,73.0,97.0,31602.93121452135,-449.5522934488309,1.0,3.803624082365786e-12
33,68,73.0,98.0,36065.23859412942,-450.1558744110396,1.0,1.4702905559715873e-11
33,69,73.0,99.0,40781.28120451899,-450.76809788597944,1.0,3.89999144090325e-12
33,70,73.0,100.0,45748.93836225854,-451.3904689854774,1.0,2.930100606590713e-12
34,0,74.0,30.0,134599.58438261814,-283.5186139398071,1.0,2.419842104472991e-12
34,1,74.0,31.0,136484.86416116217,-283.8130443277755,1.0,2.5934809855243657e-12
34,2,74.0,32.0,138383.64292889566,-284.14022969749897,1.0,3.963052108701959e-12
34,3,74.0,33.0,140247.70391290847,-284.4906319088222,1.0,3.673950033089568e-12
34,4,74.0,34.0,142029.66085805208,-284.85378332794636,1.0,1.403765992336048e-12
34,5,74.0,35.0,143685.7994593742,-285.2186339859776,1.0,1.2541079286165768e-12
34,6,74.0,36.0,145178.8255425808,-285.57398413833647,1.0,1.737721078143295e-12
34,7,74.0,37.0,146480.1581956059,-285.9089813115918,1.0,3.872457909892546e-12
34,8,74.0,38.0,147571.43596321455,-286.2136405968449,1.0,1.893152301590817e-12
34,9,74.0,39.0,148445.08743155547,-286.47936244568865,1.0,1.2438938767900254e-12
34,10,74.0,40.0,149103.90597182544,-286.69939382144497,1.0,1.1453060722033115e-12
34,11,74.0,41.0,144773.210867771,-435.3802524368834,1.0,6.069811320230656e-12
34,12,74.0,42.0,138562.44093059018,-435.46767365894834,1.0,1.871836019518014e-12
34,13,74.0,43.0,132611.14536534637,-435.55370874630654,1.0,6.4295235802092066e-12
34,14,74.0,44.0,126915.24182050047,-435.63680626716535,1.0,1.9046986210469186e-12
34,15,74.0,45.0,121460.21646564692,-435.71635678123863,1.0,5.4010129701964615e-12
34,16,74.0,46.0,116223.38143893212,-435.79253833646555,1.0,3.2729374765949615e-12
34,17,74.0,47.0,111176.61416897204,-435.8660872846845,1.0,1.899369550528718e-12
34,18,74.0,48.0,106289.17085502118,-435.9380506607213,1.0,4.305444889496357e-12
34,19,74.0,49.0,101530.28618544473,-436.00957286504325,1.0,4.250821916684799e-12
34,20,74.0,50.0,96871.30254873933,-436.0817396484401,1.0,2.914557484245961e-12
34,21,74.0,51.0,92287.2361673843,-436.1555000780027,1.0,2.426059353410892e-12
34,22,74.0,52.0,87757.78915720613,-436.231658417151,1.0,8.65041371866937e-12
34,23,74.0,53.0,83267.81872192076,-436.3109169403281,1.0,4.378719609121617e-12
34,24,74.0,54.0,78807.43885949205,-436.39394623874995,1.0,3.1716851367491472e-12
34,25,74.0,55.0,74371.80647965566,-436.4814623007617,1.0,1.886490963443066e-12
34,26,74.0,56.0,69960.74679945562,-436.5742791590418,1.0,2.0312640458541864e-12
34,27,74.0,57.0,65578.3227947456,-436.67332945699394,1.0,2.112532371256748e-12
34,28,74.0,58.0,61232.32766650872,-436.77964619229226,1.0,2.4500401707427955e-12
34,29,74.0,59.0,56933.78116446474,-436.8943075474864,1.0,2.426059353410892e-12
34,30,74.0,60.0,52696.41351134706,-437.0183542733729,1.0,2.4837909506914002e-12
34,31,74.0,61.0,48536.089448861545,-437.152694668474,1.0,1.1580958414469933e-11
34,32,74.0,62.0,44470.16617545905,-437.29801685543447,1.0,2.852384994866952e-12
34,33,74.0,63.0,40516.81855479258,-437.45471003521646,1.0,2.921662911603562e-12
34,34,74.0,64.0,36694.248280275126,-437.6228304841977,1.0,6.7363892242156e-12
34,35,74.0,65.0,33019.904920194225,-437.8020965602662,1.0,3.7059244561987725e-12
34,36,74.0,66.0,29509.727474866,-437.9919281314992,1.0,2.0249579790743155e-11
34,37,74.0,67.0,26177.469649336883,-438.1915237757446,1.0,1.1257661469699087e-11
34,38,74.0,68.0,23034.195217523556,-438.3999639578767,1.0,4.583444734862496e-12
34,39,74.0,69.0,20087.99483396746,-438.6163301134401,1.0,3.114486446520459e-11
34,40,74.0,70.0,17343.943831484794,-438.8398260210465,1.0,7.894129794294713e-12
34,41,74.0,71.0,14804.334322608302,-439.0698818855618,1.0,5.699440919215704e-12
34,42,74.0,72.0,12469.126311527629,-439.30623836296286,1.0,6.291855925155687e-12
34,43,74.0,73.0,10336.586530990948,-439.54899744738486,1.0,7.471356866517453e-12
34,44,74.0,74.0,8404.054835154398,-439.7986343871848,1.0,3.08433278917164e-11
34,45,74.0,75.0,6668.73419818075,-440.0559819020636,1.0,1.0867795552371717e-10
34,46,74.0,76.0,5128.467299043261,-440.3221820374268,1.0,8.893197289694399e-11
34,47,74.0,77.0,3782.4149306511786,-440.59861988246627,1.0,7.545253311036504e-11
34,48,74.0,78.0,2631.596544529894,-440.88684654652644,1.0,2.8669067120290492e-11
34,49,74.0,79.0,1679.269995454305,-441.1884949068748,1.0,3.325029140910374e-11
34,50,74.0,80.0,931.123462317965,-441.5051991170985,1.0,6.810330077655635e-11
34,51,74.0,81.0,395.28338190017786,-441.83851831085616,1.0,8.860601141691404e-11
34,52,74.0,82.0,82.140838800105,-442.18986595080236,1.0,2.198570214773099e-09
34,53,74.0,83.0,4.006064470305601,-442.56045438201573,1.0,7.953412701766638e-07
34,54,74.0,84.0,174.61369602303267,-442.9512342841288,1.0,1.5948407039445556e-09
34,55,74.0,85.0,608.4952425039114,-443.36285698446613,1.0,2.2295010282391559e-10
34,56,74.0,86.0,1320.2549109549682,-443.7956375266846,1.0,3.0327118594186686e-10
34,57,74.0,87.0,2323.7926646912542,-444.2495414298573,1.0,1.5866508107365007e-10
34,58,74.0,88.0,3631.5115895314384,-444.72417048545867,1.0,9.174616621976384e-11
34,59,74.0,89.0,5253.592473777642,-445.21878696933226,1.0,1.589661735579284e-11
34,60,74.0,90.0,7197.378865745234,-445.7323459559991,1.0,3.433298090271819e-11
34,61,74.0,91.0,9466.957847435191,-446.2635593997746,1.0,1.6223467014242487e-11
34,62,74.0,92.0,12062.994576454932,-446.81098591168364,1.0,7.58904050712772e-12
34,63,74.0,93.0,14982.836572710174,-447.3731287570021,1.0,1.1601830607332886e-11
34,64,74.0,94.0,18220.943960275665,-447.94856500741037,1.0,4.865441383117286e-12
34,65,74.0,95.0,21769.580884710624,-448.53606589636973,1.0,4.68025618260981e-12
34,66,74.0,96.0,25619.737574629766,-449.1347201054907,1.0,1.830890994369838e-11
34,67,74.0,97.0,29762.131451203957,-449.74401946972165,1.0,4.006128762057415e-12
34,68,74.0,98.0,34188.22579087279,-450.3639244643898,1.0,1.397548743398147e-11
34,69,74.0,99.0,38891.0675809567,-450.9948736372867,1.0,6.986855538571035e-12
34,70,74.0,100.0,43865.83290391962,-451.6377404506903,1.0,3.0264679651281767e-12
35,0,75.0,30.0,132024.118592634,-283.2685101497474,1.0,2.1662671656486054e-12
35,1,75.0,31.0,134074.93667214928,-283.5906656425559,1.0,2.1280754936015e-12
35,2,75.0,32.0,136170.35690263237,-283.95410163914715,1.0,3.97237798210881e-12
35,3,75.0,33.0,138256.03707209657,-284.3486236241402,1.0,3.3293368062459194e-12
35,4,75.0,34.0,140276.43483266368,-284.7626940570734,1.0,1.2954082251326327e-12
35,5,75.0,35.0,142178.20515619573,-285.1837609436594,1.0,1.2656542480726785e-12
35,6,75.0,36.0,143913.75065283763,-285.59869753609723,1.0,1.880273714505165e-12
35,7,75.0,37.0,145444.47269346553,-285.9943467594475,1.0,1.7048584766143904e-12
35,8,75.0,38.0,146743.26601945647,-286.3581463463053,1.0,1.2372325386422744e-12
35,9,75.0,39.0,147795.90843348767,-286.6787970889536,1.0,1.1830536550405668e-12
35,10,75.0,40.0,148601.11948590525,-286.94689393428325,1.0,2.7848834349697427e-12
35,11,75.0,41.0,145620.22090872316,-435.8647503017251,1.0,5.25002263884744e-12
35,12,75.0,42.0,139304.54123692354,-435.9497906807828,1.0,1.822986206434507e-12
35,13,75.0,43.0,133294.10938325027,-436.03439544071233,1.0,1.7577050925865478e-12
35,14,75.0,44.0,127588.06901076986,-436.1161108127539,1.0,3.629985201314412e-12
35,15,75.0,45.0,122171.38776091678,-436.1938392225252,1.0,2.183586644832758e-12
35,16,75.0,46.0,117017.42553442113,-436.26764660233306,1.0,1.830979812211808e-12
35,17,75.0,47.0,112091.33448893913,-436.338432224843,1.0,3.0833113839889847e-12
35,18,75.0,48.0,107353.82155821307,-436.4075419414734,1.0,1.992628284597231e-12
35,19,75.0,49.0,102764.6959769194,-436.4764101220389,1.0,4.884093129930989e-12
35,20,75.0,50.0,98285.8597564597,-436.54628977837535,1.0,3.11928260998684e-12
35,21,75.0,51.0,93883.57747344124,-436.6181015946261,1.0,3.433253681350834e-12
35,22,75.0,52.0,89529.86178045963,-436.69240832988066,1.0,6.114664330425512e-12
35,23,75.0,53.0,85203.14520670431,-436.7694936912961,1.0,2.809752430721346e-12
35,24,75.0,54.0,80888.36974776354,-436.8495023318162,1.0,1.84519066692701e-12
35,25,75.0,55.0,76576.59634378714,-436.93261495995495,1.0,1.9841905896100798e-12
35,26,75.0,56.0,72264.4691202257,-437.0191999829687,1.0,4.877431791783238e-12
35,27,75.0,57.0,67953.55308519283,-437.1099230436827,1.0,4.89563944938709e-12
35,28,75.0,58.0,63649.71317632522,-437.2057912796229,1.0,2.1533885785629536e-12
35,29,75.0,59.0,59362.58785058638,-437.30812664212846,1.0,2.3079316235907754e-12
35,30,75.0,60.0,55105.11697766113,-437.4184754758401,1.0,2.8603786006442533e-12
35,31,75.0,61.0,50893.117200837914,-437.53847046619444,1.0,1.2707612739859542e-11
35,32,75.0,62.0,46744.83948507103,-437.66966698091045,1.0,1.141708949603526e-11
35,33,75.0,63.0,42680.42967444725,-437.81337930413054,1.0,2.69606559299973e-12
35,34,75.0,64.0,38721.27798864847,-437.97054027753103,1.0,3.149036587046794e-12
35,35,75.0,65.0,34889.22868443812,-438.1416031930838,1.0,6.8327565827530634e-12
35,36,75.0,66.0,31205.681473633962,-438.3264992736061,1.0,2.4598101333594968e-11
35,37,75.0,67.0,27690.643992811973,-438.52465612251314,1.0,1.5770940109405274e-11
35,38,75.0,68.0,24361.82660397788,-438.73507734543443,1.0,9.323208871592215e-12
35,39,75.0,69.0,21233.87777906192,-438.95646779510434,1.0,3.582822927228335e-11
35,40,75.0,70.0,18317.85497126493,-439.1873942966592,1.0,6.058709089984404e-12
35,41,75.0,71.0,15621.003635938794,-439.4264542403658,1.0,4.531264252705114e-11
35,42,75.0,72.0,13146.858376495344,-439.6724423302076,1.0,5.416467274699244e-11
35,43,75.0,73.0,10895.675930611682,-439.9244881498428,1.0,9.57811607804615e-12
35,44,75.0,74.0,8865.126517865941,-440.1821538698115,1.0,9.949374657480803e-12
35,45,75.0,75.0,7051.184211966657,-440.44548280253673,1.0,3.3082425687780415e-11
35,46,75.0,76.0,5449.098756927309,-440.71500100366944,1.0,1.1622258710985989e-11
35,47,75.0,77.0,4054.361913706111,-440.9916753329907,1.0,2.5915269930010254e-11
35,48,75.0,78.0,2863.5839640721656,-441.276838555125,1.0,1.8373613741573536e-10
35,49,75.0,79.0,1875.21173578109,-441.5720939296952,1.0,2.3355450906592523e-10
35,50,75.0,80.0,1090.0525049410776,-441.87920903593124,1.0,2.46255460467637e-10
35,51,75.0,81.0,511.577964262133,-442.20001722478077,1.0,6.507283600853953e-11
35,52,75.0,82.0,146.01791516434875,-442.5363159159849,1.0,5.135452063598223e-10
35,53,75.0,83.0,2.240498801487228,-442.88978719237053,1.0,2.276869000006343e-07
35,54,75.0,84.0,91.44701025860918,-443.2619269824101,1.0,4.109119711159792e-09
35,55,75.0,85.0,426.70121139413743,-443.65398803352883,1.0,5.335110131454712e-11
35,56,75.0,86.0,1022.3219271741864,-444.0669361620135,1.0,1.1104006603090966e-10
35,57,75.0,87.0,1893.1675514918038,-444.5014144096763,1.0,2.6016078180646218e-11
35,58,75.0,88.0,3053.862397524701,-444.95773054153904,1.0,4.510480877684131e-11
35,59,75.0,89.0,4517.992325410941,-445.43584148801995,1.0,2.4669155607170978e-11
35,60,75.0,90.0,6297.351122641828,-445.93537265561764,1.0,1.993205600570036e-11
35,61,75.0,91.0,8401.273796008256,-446.4556427331806,1.0,8.15703060652595e-12
35,62,75.0,92.0,10836.13857318151,-446.9957154576265,1.0,3.6282976623169816e-11
35,63,75.0,93.0,13605.088778658977,-447.5544727347178,1.0,1.5913492745767144e-11
35,64,75.0,94.0,16708.014615928583,-448.13070270333736,1.0,7.903899756911414e-12
35,65,75.0,95.0,20141.830047705593,-448.72320998595217,1.0,9.355183294701419e-12
35,66,75.0,96.0,23900.998714057532,-449.33092022833983,1.0,1.8106849353216603e-11
35,67,75.0,97.0,27978.29250135852,-449.95298867044414,1.0,3.5766944961324043e-12
35,68,75.0,98.0,32365.682110775262,-450.5888906754279,1.0,4.645617224241505e-12
35,69,75.0,99.0,37055.231848670875,-451.23848054897525,1.0,3.4074965071795305e-12
35,70,75.0,100.0,42039.86217435805,-451.90200495200787,1.0,5.185185614209331e-12
36,0,76.0,30.0,129605.70228952552,-283.06691868747987,1.0,2.148059508044753e-12
36,1,76.0,31.0,131783.01552195835,-283.40853955376804,1.0,3.4803271375949407e-12
36,2,76.0,32.0,134034.54999011403,-283.7986973564489,1.0,4.019007349143067e-12
36,3,76.0,33.0,136302.15129983955,-284.22690359836497,1.0,2.6489921367556235e-12
36,4,76.0,34.0,138524.30598305463,-284.68097859562425,1.0,1.3131717935266352e-12
36,5,76.0,35.0,140639.84551878544,-285.1473329754354,1.0,1.3420375921668892e-12
36,6,76.0,36.0,142592.1245250909,-285.61138603194445,1.0,2.660982545421575e-12
36,7,76.0,37.0,144333.144628492,-286.0581251101241,1.0,1.7053025658242404e-12
36,8,76.0,38.0,145827.06060696935,-286.4728048939777,1.0,1.1763923168928159e-12
36,9,76.0,39.0,147052.44767274486,-286.84171723753764,1.0,3.041566998263079e-12
36,10,76.0,40.0,148003.07420948782,-287.1530001040081,1.0,4.0891734442993766e-12
36,11,76.0,41.0,146626.11314433956,-436.352881589589,1.0,2.426059353410892e-12
36,12,76.0,42.0,140213.05512900188,-436.4333815762451,1.0,2.085887018665744e-12
36,13,76.0,43.0,134142.68323626573,-436.5153145089929,1.0,3.05044878246008e-12
36,14,76.0,44.0,128418.28605802405,-436.5952583499511,1.0,2.1738166822160565e-12
36,15,76.0,45.0,123025.43172072282,-436.67156652993043,1.0,5.652367462971597e-12
36,16,76.0,46.0,117934.62297307285,-436.7441600284233,1.0,2.5144331061710545e-12
36,17,76.0,47.0,113105.33311216849,-436.81410042717266,1.0,4.281908161374304e-12
36,18,76.0,48.0,108490.64510672384,-436.88305080826353,1.0,3.1326052862823417e-12
36,19,76.0,49.0,104041.79255212612,-436.9527583765807,1.0,1.822098028014807e-12
36,20,76.0,50.0,99712.12454986456,-437.02463792782027,1.0,3.6122216329204093e-12
36,21,76.0,51.0,95460.0435874169,-437.09952968226264,1.0,2.156053113822054e-12
36,22,76.0,52.0,91250.89002245157,-437.17763816642855,1.0,2.2293278334473143e-12
36,23,76.0,53.0,87057.79799850148,-437.25863763294797,1.0,4.704681089151563e-12
36,24,76.0,54.0,82861.69911748066,-437.34189267048885,1.0,2.028599510595086e-12
36,25,76.0,55.0,78650.77035616805,-437.426741020138,1.0,5.324185536892401e-12
36,26,76.0,56.0,74419.55716662477,-437.5127704661852,1.0,2.029043599804936e-12
36,27,76.0,57.0,70168.01649408933,-437.6000460126233,1.0,2.1445067943659524e-12
36,28,76.0,58.0,65900.68134666834,-437.68924558147927,1.0,2.2533086507792177e-12
36,29,76.0,59.0,61625.986610942484,-437.78169112840453,1.0,3.008260307524324e-12
36,30,76.0,60.0,57355.81545346965,-437.87927316318206,1.0,2.8053115386228455e-12
36,31,76.0,61.0,53105.216212707295,-437.9842851185231,1.0,2.3514523661560816e-12
36,32,76.0,62.0,48892.17092413135,-438.09919477778163,1.0,2.3563373474644322e-12
36,33,76.0,63.0,44737.34253458974,-438.22638580906175,1.0,4.277467269275803e-12
36,34,76.0,64.0,40663.66883828999,-438.3679061620104,1.0,1.4206857912313353e-11
36,35,76.0,65.0,36695.74390119307,-438.5252527515753,1.0,3.1010749523829872e-12
36,36,76.0,66.0,32858.94504041843,-438.69922263003565,1.0,4.047429058573471e-12
36,37,76.0,67.0,29178.37309180965,-438.88984127505216,1.0,2.6279867171297155e-11
36,38,76.0,68.0,25677.6461449242,-439.09638079571835,1.0,8.127276629465996e-12
36,39,76.0,69.0,22377.701043427754,-439.31746553108775,1.0,1.567634910770721e-11
36,40,76.0,70.0,19295.74464951335,-439.5512446290044,1.0,5.6492588385026465e-12
36,41,76.0,71.0,16444.497204226296,-439.79561430796434,1.0,5.367706279457707e-12
36,42,76.0,72.0,13831.834761709913,-440.0484596338419,1.0,6.114664330425512e-12
36,43,76.0,73.0,11460.85263345003,-440.3078951538752,1.0,7.128964085723055e-12
36,44,76.0,74.0,9330.390299402452,-440.5724627217514,1.0,8.08881850389298e-11
36,45,76.0,75.0,7435.909116415776,-440.84127557093507,1.0,2.2739143901162606e-11
36,46,76.0,76.0,5770.61680634796,-441.11409588414415,1.0,2.361888462587558e-11
36,47,76.0,77.0,4326.716913275432,-441.3913396726397,1.0,1.6118484325033933e-10
36,48,76.0,78.0,3096.635327181141,-441.6740213773639,1.0,2.999822612537173e-11
36,49,76.0,79.0,2074.1190391717846,-441.9636498890091,1.0,4.530553709969354e-11
36,50,76.0,80.0,1255.1249754120577,-442.26210170878556,1.0,2.13121520431514e-10
36,51,76.0,81.0,638.4582580748081,-442.5714749566249,1.0,4.249756102581159e-10
36,52,76.0,82.0,226.1381697946589,-442.8939565646068,1.0,1.831480744840519e-09
36,53,76.0,83.0,23.506063433429905,-443.2317026514886,1.0,3.020324212954506e-08
36,54,76.0,84.0,39.09666856428253,-443.58673982312285,1.0,8.671120266257049e-09
36,55,76.0,85.0,284.3038966253103,-443.960887711557,1.0,2.2671735599999465e-09
36,56,76.0,86.0,772.8706106681734,-444.35570048308193,1.0,4.2951864287488206e-11
36,57,76.0,87.0,1520.237255152424,-444.7724271898667,1.0,1.5519008300657333e-10
36,58,76.0,88.0,2542.779388384276,-445.211980962945,1.0,2.4938273668340116e-11
36,59,76.0,89.0,3856.9756052873,-445.6749252275637,1.0,1.4125145497700942e-11
36,60,76.0,90.0,5478.549930084929,-446.16147104933015,1.0,1.3009593402557584e-11
36,61,76.0,91.0,7421.625996578824,-446.6714786225735,1.0,1.113953373987897e-11
36,62,76.0,92.0,9697.980472573061,-447.204489608709,1.0,7.66453567280223e-12
36,63,76.0,93.0,12316.428758539914,-447.7597647718428,1.0,1.800470883495109e-11
36,64,76.0,94.0,15282.4238856452,-448.33634734334646,1.0,2.4622970329346572e-11
36,65,76.0,95.0,18597.91277110484,-448.9331437639333,1.0,2.1325607946209857e-11
36,66,76.0,96.0,22261.47684757363,-449.54901929567905,1.0,1.1267875521525639e-11
36,67,76.0,97.0,26268.75454728546,-450.18290222092475,1.0,3.8551384307083936e-12
36,68,76.0,98.0,30613.11335849336,-450.833889617274,1.0,6.9180217110442754e-12
36,69,76.0,99.0,35286.45884865405,-451.50133221827673,1.0,3.1676883338604966e-12
36,70,76.0,100.0,40280.11608366521,-452.18490297447977,1.0,2.9682922786378185e-12
37,0,77.0,30.0,127370.95914585327,-282.9191861671843,1.0,2.41051623106614e-12
37,1,77.0,31.0,129634.25667024728,-283.27164947803146,1.0,3.82760489969769e-12
37,2,77.0,32.0,131998.10279548212,-283.67834519123136,1.0,4.079847570892525e-12
37,3,77.0,33.0,134402.88295938776,-284.1288137507124,1.0,1.6249224188413791e-12
37,4,77.0,34.0,136783.5558378266,-284.61063204372454,1.0,1.3287149158713873e-12
37,5,77.0,35.0,139073.42865368037,-285.10963908951214,1.0,1.568078999980571e-12
37,6,77.0,36.0,141208.7052292206,-285.61030784943375,1.0,3.5633718198369024e-12
37,7,77.0,37.0,143133.33288452818,-286.0963061710208,1.0,1.3393730569077889e-12
37,8,77.0,38.0,144803.3352298022,-286.55120536915234,1.0,1.2363443602225743e-12
37,9,77.0,39.0,146190.05036671893,-286.95934616508214,1.0,3.6566305539054156e-12
37,10,77.0,40.0,147281.64431550965,-287.30676021907203,1.0,3.5478286974921502e-12
37,11,77.0,41.0,147831.17096839982,-436.8482265262802,1.0,5.253131263316391e-12
37,12,77.0,42.0,141334.07415592016,-436.92133346105214,1.0,2.1027624086400465e-12
37,13,77.0,43.0,135206.2372920964,-436.99879791472705,1.0,4.997779967652605e-12
37,14,77.0,44.0,129455.72051948821,-437.0762359675806,1.0,2.7404745139847364e-12
37,15,77.0,45.0,124069.82513004102,-437.1513989888855,1.0,1.929123527588672e-12
37,16,77.0,46.0,119017.70237620693,-437.22397955844343,1.0,3.043343355102479e-12
37,17,77.0,47.0,114254.76509084762,-437.29511025783137,1.0,2.34168240353938e-12
37,18,77.0,48.0,109728.08238981962,-437.36669213378696,1.0,3.681055460447169e-12
37,19,77.0,49.0,105381.88279408915,-437.4407121976256,1.0,1.9673151996357774e-12
37,20,77.0,50.0,101162.38253246815,-437.518677049859,1.0,4.1673331452329876e-12
37,21,77.0,51.0,97021.47319033516,-437.6012648882389,1.0,2.530864406935507e-12
37,22,77.0,52.0,92919.08790126206,-437.6882177741676,1.0,2.453592884421596e-12
37,23,77.0,53.0,88824.24411700365,-437.7784607891684,1.0,4.075850768003875e-12
37,24,77.0,54.0,84715.02888116169,-437.87039735133146,1.0,2.2217783168798633e-12
37,25,77.0,55.0,80577.79006073801,-437.96230445651935,1.0,7.30171478835473e-12
37,26,77.0,56.0,76405.91790308198,-438.0527444015914,1.0,3.390177027995378e-12
37,27,77.0,57.0,72198.55093131603,-438.14092371006325,1.0,2.490452288839151e-12
37,28,77.0,58.0,67959.4072079631,-438.2269429049134,1.0,2.7400304247748863e-12
37,29,77.0,59.0,63695.93067760895,-438.3119058821387,1.0,8.735234757750732e-12
37,30,77.0,60.0,59418.79627414682,-438.39788133615275,1.0,6.090683513093609e-12
37,31,77.0,61.0,55141.71028080525,-438.48772574107153,1.0,1.0084821866485072e-11
37,32,77.0,62.0,50881.43718344222,-438.584801396233,1.0,1.0975220732234447e-11
37,33,77.0,63.0,46657.85020293375,-438.692629874603,1.0,1.4127810032960042e-11
37,34,77.0,64.0,42493.887346710275,-438.8145233020634,1.0,2.447819724693545e-12
37,35,77.0,65.0,38415.21706724016,-438.95324683613717,1.0,1.0986322962480699e-11
37,36,77.0,66.0,34449.58255363631,-439.11074135955755,1.0,3.681055460447169e-12
37,37,77.0,67.0,30625.749085464286,-439.28794379856225,1.0,1.1540102207163727e-11
37,38,77.0,68.0,26972.152677886985,-439.4847180617515,1.0,3.942624005048856e-12
37,39,77.0,69.0,23515.354904815245,-439.69990747392546,1.0,3.268540993417446e-11
37,40,77.0,70.0,20278.49546401492,-439.93149802587664,1.0,3.7492231541591536e-11
37,41,77.0,71.0,17279.980281596032,-440.17686984372875,1.0,5.536904268410581e-12
37,42,77.0,72.0,14532.54877160595,-440.4331068969573,1.0,5.683009618451251e-12
37,43,77.0,73.0,12042.881076956808,-440.69733471841175,1.0,6.817213460408311e-12
37,44,77.0,74.0,9811.809473423658,-440.9670317113879,1.0,3.575673090949749e-11
37,45,77.0,75.0,7835.070420463618,-441.2402924835953,1.0,1.0443201858834072e-11
37,46,77.0,76.0,6104.528956463492,-441.5159974136278,1.0,1.0646150627735551e-10
37,47,77.0,77.0,4609.658359966865,-441.7938937169586,1.0,1.4174439399994299e-11
37,48,77.0,78.0,3339.1192220673056,-442.07457945556445,1.0,1.8570789350746963e-10
37,49,77.0,79.0,2282.264679911076,-442.3594005244004,1.0,3.346345422983177e-11
37,50,77.0,80.0,1430.421786975997,-442.65029644268753,1.0,1.9764101466535067e-10
37,51,77.0,81.0,777.8826747775022,-442.9496133490611,1.0,5.828448834677147e-11
37,52,77.0,82.0,322.5584168106144,-443.2599187797237,1.0,2.0734218786344627e-09
37,53,77.0,83.0,66.30973043775369,-443.58382940506624,1.0,7.456777417758076e-09
37,54,77.0,84.0,14.979712531806204,-443.92387303947595,1.0,5.019951787588184e-08
37,55,77.0,85.0,178.17308874641333,-444.2823836286701,1.0,5.116560508611201e-10
37,56,77.0,86.0,568.8248931162723,-444.66142789839455,1.0,6.273208619234083e-10
37,57,77.0,87.0,1202.598947967907,-445.06275849190683,1.0,5.422102766772241e-10
37,58,77.0,88.0,2097.1489973144885,-445.4877850701031,1.0,2.5990054552949005e-10
37,59,77.0,89.0,3271.2751935556917,-445.9375585333194,1.0,1.0637224434617565e-10
37,60,77.0,90.0,4744.008914353254,-446.4127636811845,1.0,1.6288748128090447e-11
37,61,77.0,91.0,6533.6601135777455,-446.9137178426517,1.0,1.1546763545311478e-11
37,62,77.0,92.0,8656.885576278208,-447.4403812932347,1.0,7.824407788348253e-12
37,63,77.0,93.0,11127.81578776535,-447.9923727199527,1.0,2.8465230172969314e-11
37,64,77.0,94.0,13957.348642168146,-448.5690146463979,1.0,7.009059999063538e-12
37,65,77.0,95.0,17152.610164503134,-449.16937580229035,1.0,5.020872606564808e-12
37,66,77.0,96.0,20716.721546139957,-449.79235477845884,1.0,4.277911358485653e-12
37,67,77.0,97.0,24648.84885838957,-450.4367681081143,1.0,5.682121440031551e-12
37,68,77.0,98.0,28944.569894685534,-451.1014531458784,1.0,1.1928680265782532e-11
37,69,77.0,99.0,33596.51981650011,-451.7853749934673,1.0,3.1596947280831955e-12
37,70,77.0,100.0,38595.23246862374,-452.48772123024503,1.0,1.2243539515566226e-11
38,0,78.0,30.0,125338.21286571365,-282.8290099387008,1.0,3.1086244689504383e-12
38,1,78.0,31.0,127647.16508904478,-283.1835494868271,1.0,4.164224520764037e-12
38,2,78.0,32.0,130078.13565206275,-283.59623857589247,1.0,3.61799479264846e-12
38,3,78.0,33.0,132572.2494817181,-284.05692071130784,1.0,1.4024337247064977e-12
38,4,78.0,34.0,135063.45185680172,-284.5532893813517,1.0,1.3509193763638905e-12
38,5,78.0,35.0,137482.1203537065,-285.0710528452857,1.0,1.6684431614066852e-12
38,6,78.0,36.0,139759.76677081612,-285.59426824734993,1.0,1.3380407892782387e-12
38,7,78.0,37.0,141834.23753585742,-286.1058508515935,1.0,1.3211653993039363e-12
38,8,78.0,38.0,143654.75527214323,-286.5882938517139,1.0,1.3837819778927951e-12
38,9,78.0,39.0,145185.93143522827,-287.02455841146116,1.0,3.825384453648439e-12
38,10,78.0,40.0,146410.07045636373,-287.3990743381277,1.0,1.34736666268509e-12
38,11,78.0,41.0,147327.40622520525,-287.69875582800125,1.0,1.1661782650662644e-12
38,12,78.0,42.0,142701.05471648957,-437.4190147532449,1.0,6.2372329523441294e-12
38,13,78.0,43.0,136521.81509296288,-437.4896367341191,1.0,2.134292742539401e-12
38,14,78.0,44.0,130738.56449657062,-437.5633988979685,1.0,4.189537605725491e-12
38,15,78.0,45.0,125341.42985639823,-437.63742402748574,1.0,2.4416024757556443e-12
38,16,78.0,46.0,120299.94999067542,-437.71105569581596,1.0,3.6064484731923585e-12
38,17,78.0,47.0,115567.62694607262,-437.78532486328,1.0,2.4096280526464398e-12
38,18,78.0,48.0,111087.83730744752,-437.8621815150617,1.0,4.82236472976183e-12
38,19,78.0,49.0,106800.0241522176,-437.9436789604915,1.0,3.482991672854041e-12
38,20,78.0,50.0,102645.30553943744,-438.0312731523963,1.0,2.1374013670083514e-12
38,21,78.0,51.0,98570.84050957569,-438.12536953060624,1.0,4.209965709378594e-12
38,22,78.0,52.0,94532.64287829354,-438.2251570498447,1.0,2.3234747459355276e-12
38,23,78.0,53.0,90496.87397290877,-438.32873246126576,1.0,2.2746249328520207e-12
38,24,78.0,54.0,86439.80655127949,-438.4334517696255,1.0,1.957101147809226e-12
38,25,78.0,55.0,82346.81121881155,-438.53642590228725,1.0,4.67936800419011e-12
38,26,78.0,56.0,78210.83567093938,-438.6350628713595,1.0,5.054623386513413e-12
38,27,78.0,57.0,74030.73630517555,-438.72755701361064,1.0,2.561506562415161e-12
38,28,78.0,58.0,69809.78511116239,-438.8132621965424,1.0,5.4787285819202225e-12
38,29,78.0,59.0,65554.60043233744,-438.8928945896539,1.0,3.397726544562829e-12
38,30,78.0,60.0,61274.546416423,-438.9685422427234,1.0,9.761969010924076e-12
38,31,78.0,61.0,56981.60558645002,-439.04349834625305,1.0,3.213873611684903e-12
38,32,78.0,62.0,52690.6048874446,-439.12194081268115,1.0,3.7836400679225335e-12
38,33,78.0,63.0,48419.599329270306,-439.2085062499295,1.0,8.400835582733635e-12
38,34,78.0,64.0,44190.18898992111,-439.30781929660293,1.0,1.4793943847735136e-11
38,35,78.0,65.0,40027.60474408737,-439.424025414837,1.0,2.8115287875607464e-12
38,36,78.0,66.0,35960.33916460205,-439.5603862211848,1.0,2.2321700043903547e-11
38,37,78.0,67.0,32019.277890435293,-439.71897761178144,1.0,4.0749625895841746e-12
38,38,78.0,68.0,28236.32484543633,-439.9005193678079,1.0,1.1542322653212977e-11
38,39,78.0,69.0,24642.64302251547,-440.1043498913861,1.0,3.1532998434613546e-11
38,40,78.0,70.0,21266.698617484093,-440.3285566117697,1.0,1.695932283496404e-11
38,41,78.0,71.0,18132.39027903726,-440.57023398182884,1.0,2.0175416892698195e-11
38,42,78.0,72.0,15257.538940857949,-440.82583920888015,1.0,4.496536476494839e-11
38,43,78.0,73.0,12652.935359488318,-441.09161703516764,1.0,6.5218941358580196e-12
38,44,78.0,74.0,10322.122038174131,-441.36402533228784,1.0,7.768896637116995e-12
38,45,78.0,75.0,8261.933860232026,-441.6401174979209,1.0,3.6698644123589474e-11
38,46,78.0,76.0,6463.694694746934,-441.91783066437546,1.0,1.1239009722885385e-11
38,47,78.0,77.0,4914.874643828454,-442.1961622813978,1.0,1.429749652004375e-10
38,48,78.0,78.0,3600.999874253348,-442.4752051402451,1.0,2.973132851025184e-11
38,49,78.0,79.0,2507.545803271153,-442.7560658961976,1.0,2.5927526792202116e-10
38,50,78.0,80.0,1621.6283463502143,-443.0406889577121,1.0,3.8715564087965504e-10
38,51,78.0,81.0,933.3574870312328,-443.3316244008387,1.0,1.0300471586788262e-10
38,52,78.0,82.0,436.7861517709394,-443.6317806237545,1.0,1.7323475987041093e-10
38,53,78.0,83.0,130.45743596652176,-443.944196636432,1.0,5.006735026569231e-09
38,54,78.0,84.0,17.587821469787894,-444.2718483236868,1.0,4.1503622760785674e-09
38,55,78.0,85.0,105.94028127798245,-444.617511689891,1.0,1.1919341069699385e-09
38,56,78.0,86.0,407.45497029295103,-444.9836716379044,1.0,5.698330696191078e-10
38,57,78.0,87.0,937.6867848620784,-445.3724710280597,1.0,1.425819462497202e-10
38,58,78.0,88.0,1715.093950134299,-445.78569086677095,1.0,7.078071462274238e-11
38,59,78.0,89.0,2760.2010521868574,-446.22473926282805,1.0,3.22724069690139e-11
38,60,78.0,90.0,4094.6706678163605,-446.690657980251,1.0,1.6713297412707107e-11
38,61,78.0,91.0,5740.297273191418,-447.1841207820411,1.0,1.2351009104349941e-11
38,62,78.0,92.0,7717.957589467361,-447.70543430991137,1.0,4.0182523974863216e-11
38,63,78.0,93.0,10046.581567890173,-448.25455038053207,1.0,1.8214763031210168e-11
38,64,78.0,94.0,12742.162567110292,-448.83106942250896,1.0,7.562395154536716e-12
38,65,78.0,95.0,15816.938271663452,-449.4342771546802,1.0,5.95568039329919e-12
38,66,78.0,96.0,19278.769841646987,-450.06318863376185,1.0,5.9889870840379444e-12
38,67,78.0,97.0,23130.835540225216,-450.7166229470031,1.0,9.638068121375909e-12
38,68,78.0,98.0,27371.628501034076,-451.3932856597724,1.0,4.74997818855627e-12
38,69,78.0,99.0,31995.362157124968,-452.09188502679393,1.0,2.97850633046437e-12
38,70,78.0,100.0,36992.65797064843,-452.81123966213937,1.0,2.97895041967422e-12
39,0,79.0,30.0,123517.43927892289,-282.7984017984665,1.0,4.1100456371623295e-12
39,1,79.0,31.0,125833.25412158019,-283.14630848733736,1.0,4.316547119742609e-12
39,2,79.0,32.0,128286.4805548284,-283.5543612830126,1.0,4.099831585335778e-12
39,3,79.0,33.0,130820.90351847198,-284.01293534318813,1.0,1.3820056210533949e-12
39,4,79.0,34.0,133371.85018138186,-284.51015493709957,1.0,1.4721557306529576e-12
39,5,79.0,35.0,135869.51314714458,-285.03202008328486,1.0,2.0250467969162855e-12
39,6,79.0,36.0,138243.45842124615,-285.5626753636866,1.0,1.5063505998114124e-12
39,7,79.0,37.0,140427.94837748102,-286.08488201787156,1.0,1.290523243824282e-12
39,8,79.0,38.0,142367.32988821654,-286.58070257718316,1.0,1.886046874233216e-12
39,9,79.0,39.0,144020.608434213,-287.0323772505215,1.0,2.4771296125436493e-12
39,10,79.0,40.0,145364.4562406326,-287.42335383525204,1.0,1.2789769243681803e-12
39,11,79.0,41.0,146394.12031573808,-287.73936839120057,1.0,1.170619157164765e-12
39,12,79.0,42.0,144330.23043771362,-437.93490110796006,1.0,1.879829625295315e-12
39,13,79.0,43.0,138109.08434004494,-437.9957806129912,1.0,2.7617907960575394e-12
39,14,79.0,44.0,132288.32972674567,-438.06417497962855,1.0,1.801225835151854e-12
39,15,79.0,45.0,126861.7385433957,-438.1366016662317,1.0,2.9389823907877144e-12
39,16,79.0,46.0,121801.07312881936,-438.21192597995775,1.0,1.8549606295437115e-12
39,17,79.0,47.0,117060.45878038854,-438.29084608675834,1.0,4.086064819830426e-12
39,18,79.0,48.0,112582.40285389694,-438.3750890779752,1.0,2.19868567796766e-12
39,19,79.0,49.0,108304.38481227952,-438.46651403424863,1.0,6.285638676217786e-12
39,20,79.0,50.0,104164.99576623351,-438.56632116279854,1.0,1.9531043449205754e-12
39,21,79.0,51.0,100108.81867067532,-438.6745016690221,1.0,2.242206420532966e-12
39,22,79.0,52.0,96089.66280675966,-438.78962451668417,1.0,4.773514916678323e-12
39,23,79.0,53.0,92072.10517320855,-438.90894257211096,1.0,2.05613304160579e-12
39,24,79.0,54.0,88031.49274650333,-439.0287782605178,1.0,3.6286529336848616e-12
39,25,79.0,55.0,83952.83821243847,-439.145096913707,1.0,2.610356375498668e-12
39,26,79.0,56.0,79829.03702902341,-439.254150988101,1.0,8.72057981382568e-12
39,27,79.0,57.0,75658.91251166002,-439.3530898987287,1.0,3.993694264181613e-12
39,28,79.0,58.0,71445.43992785925,-439.4404496750185,1.0,2.2817303602096217e-12
39,29,79.0,59.0,67194.46216157815,-439.51644428731146,1.0,3.887112853817598e-12
39,30,79.0,60.0,62913.9615525701,-439.583046148945,1.0,7.0818906294789485e-12
39,31,79.0,61.0,58613.96605556591,-439.6438373521006,1.0,3.6006753134643077e-12
39,32,79.0,62.0,54306.91887667802,-439.7036711488249,1.0,1.1821210676998817e-11
39,33,79.0,63.0,50008.33369330334,-439.7681884734135,1.0,4.990230451085154e-12
39,34,79.0,64.0,45737.4950511426,-439.84325745404476,1.0,3.2591707110896095e-12
39,35,79.0,65.0,41517.93263064683,-439.9343939648704,1.0,9.93294335671635e-12
39,36,79.0,66.0,37377.44664045114,-440.0462342198648,1.0,1.7190693313295924e-11
39,37,79.0,67.0,33347.50701552186,-440.1821126496566,1.0,4.162004074714787e-12
39,38,79.0,68.0,29461.9966226711,-440.3437822240054,1.0,8.098854920035592e-12
39,39,79.0,69.0,25755.378311345306,-440.53130278072933,1.0,6.150635556423367e-12
39,40,79.0,70.0,22260.45182291085,-440.7431137030684,1.0,4.5634607204192434e-12
39,41,79.0,71.0,19006.015020486382,-440.9762776219512,1.0,5.631051180898794e-12
39,42,79.0,72.0,16014.793016264854,-441.2268592123287,1.0,6.128431095930864e-12
39,43,79.0,73.0,13301.900579525774,-441.4904136888134,1.0,5.396350033493036e-11
39,44,79.0,74.0,10874.139213966437,-441.7625099823965,1.0,6.868194901699098e-11
39,45,79.0,75.0,8730.194822160918,-442.0392319994493,1.0,8.57669490983426e-12
39,46,79.0,76.0,6861.712320139726,-442.317588436301,1.0,1.0135803307775859e-10
39,47,79.0,77.0,5255.045469450937,-442.5957915549847,1.0,1.411715189192364e-11
39,48,79.0,78.0,3893.41257643241,-442.8733672034,1.0,1.4376988488606912e-10
39,49,79.0,79.0,2759.1487926148543,-443.15110553157876,1.0,3.610178822555099e-11
39,50,79.0,80.0,1835.7856627021738,-443.4308760636833,1.0,6.262368401621643e-11
39,51,79.0,81.0,1109.759717392105,-443.71535576593357,1.0,1.007549599307822e-10
39,52,79.0,82.0,571.6574184977721,-444.0077210220633,1.0,3.655240554678585e-10
39,53,79.0,83.0,216.9759423221606,-444.31135280929334,1.0,1.568295715514978e-09
39,54,79.0,84.0,46.44389846319289,-444.629593372406,1.0,6.338588320886629e-09
39,55,79.0,85.0,65.98298916576807,-444.96556489938826,1.0,8.117622574133065e-09
39,56,79.0,86.0,286.38751161060884,-445.32206041315754,1.0,1.121355452937678e-09
39,57,79.0,87.0,722.7972585110658,-445.7014948610058,1.0,1.577924457762947e-10
39,58,79.0,88.0,1394.012383392684,-446.1058886107041,1.0,1.0103740066824685e-10
39,59,79.0,89.0,2321.6880870744617,-446.5368855404311,1.0,1.5520562612891808e-10
39,60,79.0,90.0,3529.420585862017,-446.9957671385724,1.0,1.426414542038401e-10
39,61,79.0,91.0,5041.736691447586,-447.4834658069445,1.0,1.2917000802303846e-10
39,62,79.0,92.0,6883.003090299626,-448.00056914278986,1.0,6.191003265598738e-11
39,63,79.0,93.0,9076.28227713456,-448.54731675313013,1.0,2.0609292050721706e-11
39,64,79.0,94.0,11642.183884474129,-449.12359594768833,1.0,1.4839240947139842e-11
39,65,79.0,95.0,14597.781765223363,-449.72894521032146,1.0,5.355271781581905e-12
39,66,79.0,96.0,17955.68206446967,-450.362571572599,1.0,5.132783087447024e-12
39,67,79.0,97.0,21723.354500629004,-451.023398525662,1.0,5.3934634536290105e-12
39,68,79.0,98.0,25902.768937971927,-451.7101270502206,1.0,5.217604126528386e-12
39,69,79.0,99.0,30490.476730561208,-452.42134156779525,1.0,3.1024072200125374e-12
39,70,79.0,100.0,35478.04309277129,-453.1556137034795,1.0,3.1321611970724916e-12
40,0,80.0,30.0,121910.62569156218,-282.82767731905506,1.0,4.332090242087361e-12
40,1,80.0,31.0,124197.08018518328,-283.16048445457164,1.0,1.6640022693081846e-12
40,2,80.0,32.0,126629.45216879593,-283.55344334143444,1.0,1.5210055437364645e-12
40,3,80.0,33.0,129155.7667490234,-283.9976547071562,1.0,1.389555137620846e-12
40,4,80.0,34.0,131714.92194886826,-284.4819623118019,1.0,1.680877659282487e-12
40,5,80.0,35.0,134239.53999893577,-284.9930317498555,1.0,3.9475089863572066e-12
40,6,80.0,36.0,136660.12942962177,-285.51558142100777,1.0,1.4286349880876514e-12
40,7,80.0,37.0,138910.19394069986,-286.03280430491685,1.0,1.3011813848606835e-12
40,8,80.0,38.0,140931.59664807867,-286.5269879630567,1.0,1.7248424910576432e-12
40,9,80.0,39.0,142679.42728824867,-286.9803533599148,1.0,1.9126922268242197e-12
40,10,80.0,40.0,144125.5017294105,-287.3760558731136,1.0,1.2656542480726785e-12
40,11,80.0,41.0,145259.89819309794,-287.6992657278265,1.0,1.163513729807164e-12
40,12,80.0,42.0,146090.3468451657,-287.9382167254849,1.0,2.574829238710663e-12
40,13,80.0,43.0,139966.34510816616,-438.5288430315294,1.0,2.1933566074494593e-12
40,14,80.0,44.0,134105.64581634293,-438.5895967735318,1.0,2.106315122318847e-12
40,15,80.0,45.0,128632.85756406716,-438.65926141766806,1.0,1.9837465004002297e-12
40,16,80.0,46.0,123523.67841888196,-438.73612404329623,1.0,2.9118929489868606e-12
40,17,80.0,47.0,118735.46169666055,-438.8203103880237,1.0,2.0046186932631826e-12
40,18,80.0,48.0,114212.95194506767,-438.91301379168834,1.0,3.2294167340296553e-12
40,19,80.0,49.0,109894.87584429626,-439.01559402765474,1.0,2.581934666068264e-12
40,20,80.0,50.0,105720.2299435892,-439.1287469281581,1.0,3.0113689319932746e-12
40,21,80.0,51.0,101633.48284585231,-439.25190218432436,1.0,2.19912976717751e-12
40,22,80.0,52.0,97588.11363197435,-439.3829638123078,1.0,4.032774114648419e-12
40,23,80.0,53.0,93548.38088050995,-439.51838773478926,1.0,1.9610979506978765e-12
40,24,80.0,54.0,89489.4883497484,-439.65357464944486,1.0,8.395506512215434e-12
40,25,80.0,55.0,85396.44377964865,-439.7834814761276,1.0,3.4861002973229915e-12
40,26,80.0,56.0,81262.1919269098,-439.9033335530728,1.0,2.3598900611432327e-12
40,27,80.0,57.0,77085.48458041942,-440.00932425212324,1.0,7.278622149442526e-12
40,28,80.0,58.0,72868.90794677052,-440.0991974004806,1.0,2.2453150450019166e-12
40,29,80.0,59.0,68617.43603548776,-440.1726249892085,1.0,5.992539797716745e-12
40,30,80.0,60.0,64337.597694428056,-440.2313551501967,1.0,7.148504010956458e-12
40,31,80.0,61.0,60037.363569045825,-440.2790982633081,1.0,6.814993014359061e-12
40,32,80.0,62.0,55726.59220064895,-440.32118974851716,1.0,7.613909502879324e-12
40,33,80.0,63.0,51417.899331214576,-440.36407511940945,1.0,3.602451670303708e-12
40,34,80.0,64.0,47127.63005970767,-440.4146860665798,1.0,8.916423155369557e-12
40,35,80.0,65.0,42876.73272682517,-440.4797681511668,1.0,1.0863310251352232e-11
40,36,80.0,66.0,38691.133558983674,-440.5652570832799,1.0,3.071765064532883e-12
40,37,80.0,67.0,34601.49899936296,-440.6757410759551,1.0,1.0875300660018183e-11
40,38,80.0,68.0,30642.184934089593,-440.8140841373362,1.0,3.580691299021055e-12
40,39,80.0,69.0,26849.478534055055,-440.98121707084346,1.0,2.917177610584076e-11
40,40,80.0,70.0,23259.206286611407,-441.17614673838324,1.0,5.161204796877428e-12
40,41,80.0,71.0,19904.071963110906,-441.3961614250041,1.0,3.8909764299432936e-11
40,42,80.0,72.0,16811.1084361373,-441.63720717384524,1.0,5.164313421346378e-12
40,43,80.0,73.0,13999.613890497605,-441.8944115274505,1.0,6.505906924303417e-12
40,44,80.0,74.0,11479.910760278979,-442.16268272639047,1.0,3.241540369458562e-11
40,45,80.0,75.0,9253.158240209406,-442.43730078395737,1.0,8.176526122838368e-11
40,46,80.0,76.0,7312.185198040607,-442.71444609751745,1.0,4.771427697392028e-11
40,47,80.0,77.0,5643.210923009107,-442.9915788951587,1.0,3.5772274031842244e-11
40,48,80.0,78.0,4228.152373289427,-443.26763285876075,1.0,5.873657116239883e-11
40,49,80.0,79.0,3047.152558270249,-443.5430116274669,1.0,1.3809176024892622e-10
40,50,80.0,80.0,2080.987870625858,-443.8194131081709,1.0,1.344830913296846e-10
40,51,80.0,81.0,1313.1109913931714,-444.09952845361846,1.0,7.471889773569274e-11
40,52,80.0,82.0,731.1736311219131,-444.3866831555668,1.0,8.984488708563276e-10
40,53,80.0,83.0,327.99487433800095,-444.68448290283567,1.0,9.64446300599775e-11
40,54,80.0,84.0,102.02318806205092,-444.99651660832313,1.0,1.1378387121396827e-09
40,55,80.0,85.0,57.38391983570534,-445.3261332250405,1.0,5.0241348859003665e-09
40,56,80.0,86.0,203.60750442395005,-445.67631547417,1.0,5.07803132876461e-10
40,57,80.0,87.0,555.1375358813573,-446.04962502211777,1.0,1.4877876708396798e-10
40,58,80.0,88.0,1130.6830883228283,-446.44820882133706,1.0,7.297851212229034e-11
40,59,80.0,89.0,1952.4539151466754,-446.87383072751356,1.0,1.5592638291650474e-10
40,60,80.0,90.0,3045.2911452478775,-447.32791087595507,1.0,5.135891711915974e-11
40,61,80.0,91.0,4435.69533082516,-447.8115572118976,1.0,3.374189816440776e-11
40,62,80.0,92.0,6150.745492683797,-448.32557685868284,1.0,1.5212719972623745e-11
40,63,80.0,93.0,8216.91544873112,-448.8704681699368,1.0,6.586597933733174e-11
40,64,80.0,94.0,10658.820384366529,-449.4464023079339,1.0,3.5278446830488974e-11
40,65,80.0,95.0,13497.952192209123,-450.05320202323327,1.0,1.9168666653968103e-11
40,66,80.0,96.0,16751.484968602224,-450.6903301911692,1.0,1.8042456417788344e-11
40,67,80.0,97.0,20431.272483729987,-451.35690303682907,1.0,1.461675225300496e-11
40,68,80.0,98.0,24543.14140969946,-452.05173030397924,1.0,1.9090062863824642e-11
40,69,80.0,99.0,29086.596080028467,-452.7733948254538,1.0,3.796962744218035e-12
40,70,80.0,100.0,34054.969008779335,-453.5203521567363,1.0,5.3517190679031046e-12
