member,curve_index,phase_rad,x,y,z,xdot,ydot,zdot,jacobi,target_vertical_amplitude_nd,target_vertical_amplitude_km,max_abs_z_km,rotation_angle_rad,mapping_time_days,map_residual_norm,amplitude_residual,phase_residual,curve_jacobi_span
17,0,0,0.7945280397266111,-0.02247042624643302,-0.0003951251788318134,-0.027626611618591,0.5289836992718807,-0.04502978006972423,2.922254840894875,0.02807212975808277,10790.92667900702,10969.67553863909,1.445863346020272,14.74932760227518,6.349847815210779e-10,0,4.007418752578502e-18,1.998756715693162e-11
17,1,0.1396263401595464,0.7945136002657118,-0.02219174678029102,0.003358303632188593,-0.02766981025257935,0.5290237741840268,-0.04457310857598772,2.922254840891725,0.02807212975808277,10790.92667900702,10969.67553863909,1.445863346020272,14.74932760227518,6.349847815210779e-10,0,4.007418752578502e-18,1.998756715693162e-11
17,2,0.2792526803190927,0.7946501474195224,-0.02182819727010438,0.007044845502208763,-0.02767527991893276,0.5289463436055272,-0.04316857131893223,2.922254840879481,0.02807212975808277,10790.92667900702,10969.67553863909,1.445863346020272,14.74932760227518,6.349847815210779e-10,0,4.007418752578502e-18,1.998756715693162e-11
17,3,0.4188790204786391,0.7949432006835959,-0.02123752039566628,0.0106040795896707,-0.02751532069325173,0.5287667980797924,-0.04086122665203754,2.922254840877963,0.02807212975808277,10790.92667900702,10969.67553863909,1.445863346020272,14.74932760227518,6.349847815210779e-10,0,4.007418752578502e-18,1.998756715693162e-11
17,4,0.5585053606381855,0.7954020643482114,-0.02044211190728331,0.01399191476901483,-0.0271788353081117,0.5284721151775955,-0.03772508631200422,2.922254840890881,0.02807212975808277,10790.92667900702,10969.67553863909,1.445863346020272,14.74932760227518,6.349847815210779e-10,0,4.007418752578502e-18,1.998756715693162e-11
17,5,0.6981317007977318,0.7960197669366582,-0.01963356940124482,0.01717371511692389,-0.02677859217913041,0.5280388725884915,-0.03384974059455811,2.922254840894673,0.02807212975808277,10790.92667900702,10969.67553863909,1.445863346020272,14.74932760227518,6.349847815210779e-10,0,4.007418752578502e-18,1.998756715693162e-11
17,6,0.8377580409572782,0.7967567373255616,-0.0190717467951377,0.02010688964921765,-0.0264898898073073,0.52746385355549,-0.02933159596140299,2.922254840891623,0.02807212975808277,10790.92667900702,10969.67553863909,1.445863346020272,14.74932760227518,6.349847815210779e-10,0,4.007418752578502e-18,1.998756715693162e-11
17,7,0.9773843811168246,0.7975398402698247,-0.0189446436297782,0.02272759527561046,-0.02645605881160816,0.5267838223361508,-0.02427217255724877,2.92225484089165,0.02807212975808277,10790.92667900702,10969.67553863909,1.445863346020272,14.74932760227518,6.349847815210779e-10,0,4.007418752578502e-18,1.998756715693162e-11
17,8,1.117010721276371,0.7982795323956592,-0.01927621889981219,0.02495268023912389,-0.02671473400978089,0.5260714770141143,-0.01878076126806347,2.92225484089564,0.02807212975808277,10790.92667900702,10969.67553863909,1.445863346020272,14.74932760227518,6.349847815210779e-10,0,4.007418752578502e-18,1.998756715693162e-11
17,9,1.256637061435917,0.7988965204258861,-0.01993279195289647,0.02669552590937006,-0.02718794872831103,0.5254133611228774,-0.01297536870150317,2.922254840887442,0.02807212975808277,10790.92667900702,10969.67553863909,1.445863346020272,14.74932760227518,6.349847815210779e-10,0,4.007418752578502e-18,1.998756715693162e-11
17,10,1.396263401595464,0.7993426363177339,-0.02071656302544934,0.02788470928728625,-0.02774095430319376,0.5248833742048765,-0.006977011830206264,2.922254840878754,0.02807212975808277,10790.92667900702,10969.67553863909,1.445863346020272,14.74932760227518,6.349847815210779e-10,0,4.007418752578502e-18,1.998756715693162e-11
17,11,1.53588974175501,0.799603918616647,-0.02148349754541565,0.02847443261185705,-0.02826792315160533,0.5245240086453641,-0.0008991712998818163,2.922254840885889,0.02807212975808277,10790.92667900702,10969.67553863909,1.445863346020272,14.74932760227518,6.349847815210779e-10,0,4.007418752578502e-18,1.998756715693162e-11
17,12,1.675516081914556,0.7996858682996287,-0.02220776933598295,0.02844369443885454,-0.02874146997345551,0.5243443300524485,0.005159147430361312,2.922254840894786,0.02807212975808277,10790.92667900702,10969.67553863909,1.445863346020272,14.74932760227518,6.349847815210779e-10,0,4.007418752578502e-18,1.998756715693162e-11
17,13,1.815142422074103,0.7995933251333199,-0.02294950953664753,0.02779031115440827,-0.02919011124611346,0.5243355118816521,0.0111100537604906,2.922254840893509,0.02807212975808277,10790.92667900702,10969.67553863909,1.445863346020272,14.74932760227518,6.349847815210779e-10,0,4.007418752578502e-18,1.998756715693162e-11
17,14,1.954768762233649,0.7993209343265698,-0.02375294386342561,0.02652877548666644,-0.02962642545739727,0.5244915133584093,0.01686620205366544,2.922254840891683,0.02807212975808277,10790.92667900702,10969.67553863909,1.445863346020272,14.74932760227518,6.349847815210779e-10,0,4.007418752578502e-18,1.998756715693162e-11
17,15,2.094395102393195,0.7988619411986424,-0.02455694294871882,0.02469490998074114,-0.02999073059107012,0.5248175550860974,0.02233344563983116,2.922254840894917,0.02807212975808277,10790.92667900702,10969.67553863909,1.445863346020272,14.74932760227518,6.349847815210779e-10,0,4.007418752578502e-18,1.998756715693162e-11
17,16,2.234021442552742,0.7982288980997926,-0.02518996904593639,0.02235124099989179,-0.0301625473396307,0.5253188016033357,0.0274134559745246,2.922254840891551,0.02807212975808277,10790.92667900702,10969.67553863909,1.445863346020272,14.74932760227518,6.349847815210779e-10,0,4.007418752578502e-18,1.998756715693162e-11
17,17,2.373647782712288,0.7974700928444558,-0.0254559328095039,0.01958415982495445,-0.03003498006678828,0.5259767740896341,0.03201221269251441,2.922254840880119,0.02807212975808277,10790.92667900702,10969.67553863909,1.445863346020272,14.74932760227518,6.349847815210779e-10,0,4.007418752578502e-18,1.998756715693162e-11
17,18,2.513274122871834,0.7966678211217852,-0.02525344819800316,0.01648978208366396,-0.02959623485348989,0.526731532091064,0.03604458644341436,2.922254840880588,0.02807212975808277,10790.92667900702,10969.67553863909,1.445863346020272,14.74932760227518,6.349847815210779e-10,0,4.007418752578502e-18,1.998756715693162e-11
17,19,2.652900463031381,0.7959173209638315,-0.02465050651715708,0.0131547679579196,-0.02895898307916298,0.5274869896464186,0.03943071828571021,2.922254840892107,0.02807212975808277,10790.92667900702,10969.67553863909,1.445863346020272,14.74932760227518,6.349847815210779e-10,0,4.007418752578502e-18,1.998756715693162e-11
17,20,2.792526803190927,0.7952982565355691,-0.02386320195567343,0.009643951298662044,-0.02831672648937463,0.5281410672131984,0.04208948224258453,2.922254840894825,0.02807212975808277,10790.92667900702,10969.67553863909,1.445863346020272,14.74932760227518,6.349847815210779e-10,0,4.007418752578502e-18,1.998756715693162e-11
17,21,2.932153143350474,0.7948548031829449,-0.02314371732776572,0.006003320143730503,-0.02785169389420709,0.5286221193729727,0.04393772440334521,2.922254840890583,0.02807212975808277,10790.92667900702,10969.67553863909,1.445863346020272,14.74932760227518,6.349847815210779e-10,0,4.007418752578502e-18,1.998756715693162e-11
17,22,3.07177948351002,0.7945941238411235,-0.02264196408523512,0.002275495233035706,-0.02764537297433043,0.5289082239076933,0.04489937924661554,2.922254840892488,0.02807212975808277,10790.92667900702,10969.67553863909,1.445863346020272,14.74932760227518,6.349847815210779e-10,0,4.007418752578502e-18,1.998756715693162e-11
17,23,3.211405823669566,0.7945017455705097,-0.02232885879794247,-0.001485690505377577,-0.02764208298525788,0.5290204729284146,0.04492125923313752,2.922254840894756,0.02807212975808277,10790.92667900702,10969.67553863909,1.445863346020272,14.74932760227518,6.349847815210779e-10,0,4.007418752578502e-18,1.998756715693162e-11
17,24,3.351032163829113,0.7945629417807339,-0.02203245679580343,-0.005214059993886597,-0.02768737362477341,0.5289980764943325,0.04398734686265078,2.92225484088612,0.02807212975808277,10790.92667900702,10969.67553863909,1.445863346020272,14.74932760227518,6.349847815210779e-10,0,4.007418752578502e-18,1.998756715693162e-11
17,25,3.490658503988659,0.7947763997838829,-0.02156435838943411,-0.008843513541476142,-0.02761986522893578,0.5288695810673372,0.04212363704731777,2.922254840875652,0.02807212975808277,10790.92667900702,10969.67553863909,1.445863346020272,14.74932760227518,6.349847815210779e-10,0,4.007418752578502e-18,1.998756715693162e-11
17,26,3.630284844148206,0.7951517163135843,-0.02085662542149679,-0.01232162403058003,-0.02736456248506278,0.5286354225127982,0.03939138458306102,2.92225484088475,0.02807212975808277,10790.92667900702,10969.67553863909,1.445863346020272,14.74932760227518,6.349847815210779e-10,0,4.007418752578502e-18,1.998756715693162e-11
17,27,3.769911184307752,0.7956926644491334,-0.02002316509022761,-0.01561083051965102,-0.02697612073893627,0.528273826777981,0.03587389562502718,2.922254840893841,0.02807212975808277,10790.92667900702,10969.67553863909,1.445863346020272,14.74932760227518,6.349847815210779e-10,0,4.007418752578502e-18,1.998756715693162e-11
17,28,3.909537524467298,0.7963772501192382,-0.01930688336819157,-0.01867480968207597,-0.02660949225798502,0.5277677958834114,0.03166481564117095,2.922254840893967,0.02807212975808277,10790.92667900702,10969.67553863909,1.445863346020272,14.74932760227518,6.349847815210779e-10,0,4.007418752578502e-18,1.998756715693162e-11
17,29,4.049163864626845,0.7971480349712475,-0.01894806678855579,-0.02146118461289568,-0.02643579390780851,0.5271330594489767,0.02686293163864176,2.922254840889931,0.02807212975808277,10790.92667900702,10969.67553863909,1.445863346020272,14.74932760227518,6.349847815210779e-10,0,4.007418752578502e-18,1.998756715693162e-11
17,30,4.188790204786391,0.797920620359337,-0.01905854027110438,-0.02389516029225808,-0.02655140718097273,0.526426282935216,0.02157326491943286,2.92225484089499,0.02807212975808277,10790.92667900702,10969.67553863909,1.445863346020272,14.74932760227518,6.349847815210779e-10,0,4.007418752578502e-18,1.998756715693162e-11
17,31,4.328416544945937,0.7986072431638527,-0.01957620193777566,-0.02588938399147242,-0.02693264356833324,0.5257304415806071,0.01590970317006191,2.922254840892498,0.02807212975808277,10790.92667900702,10969.67553863909,1.445863346020272,14.74932760227518,6.349847815210779e-10,0,4.007418752578502e-18,1.998756715693162e-11
17,32,4.468042885105484,0.7991425059424833,-0.02032022596750004,-0.02736282663989271,-0.02746266970012,0.5251288386712757,0.009992918494221709,2.922254840882127,0.02807212975808277,10790.92667900702,10969.67553863909,1.445863346020272,14.74932760227518,6.349847815210779e-10,0,4.007418752578502e-18,1.998756715693162e-11
17,33,4.60766922526503,0.7994962424464642,-0.02110663045990576,-0.02825632833349965,-0.02801134238864896,0.5246811267586192,0.003941484244861935,2.922254840880105,0.02807212975808277,10790.92667900702,10969.67553863909,1.445863346020272,14.74932760227518,6.349847815210779e-10,0,4.007418752578502e-18,1.998756715693162e-11
17,34,4.747295565424577,0.7996667955250467,-0.02184819959764214,-0.02853713719729211,-0.02851016328711749,0.5244121038625271,-0.002138070603876784,2.922254840891996,0.02807212975808277,10790.92667900702,10969.67553863909,1.445863346020272,14.74932760227518,6.349847815210779e-10,0,4.007418752578502e-18,1.998756715693162e-11
17,35,4.886921905584122,0.799661517886013,-0.02257198272434603,-0.0281943465000422,-0.02896683405563855,0.5243192002080909,-0.008153370323459931,2.92225484089456,0.02807212975808277,10790.92667900702,10969.67553863909,1.445863346020272,14.74932760227518,6.349847815210779e-10,0,4.007418752578502e-18,1.998756715693162e-11
17,36,5.026548245743669,0.7994802190987649,-0.02334429479780226,-0.02723390684560081,-0.02941158892662606,0.5243928087170907,-0.01401817757532511,2.922254840892396,0.02807212975808277,10790.92667900702,10969.67553863909,1.445863346020272,14.74932760227518,6.349847815210779e-10,0,4.007418752578502e-18,1.998756715693162e-11
17,37,5.166174585903216,0.799114688139423,-0.02416365880543798,-0.02568012623554882,-0.02982435078996153,0.5246327014956481,-0.01964207931616853,2.922254840892665,0.02807212975808277,10790.92667900702,10969.67553863909,1.445863346020272,14.74932760227518,6.349847815210779e-10,0,4.007418752578502e-18,1.998756715693162e-11
17,38,5.305800926062762,0.7985650834072794,-0.02490793880034661,-0.0235818446225831,-0.03010879051471578,0.5250465903432269,-0.02492792651056853,2.922254840895211,0.02807212975808277,10790.92667900702,10969.67553863909,1.445863346020272,14.74932760227518,6.349847815210779e-10,0,4.007418752578502e-18,1.998756715693162e-11
17,39,5.445427266222308,0.797860698545828,-0.0253786577512404,-0.0210146205281805,-0.03013985616802584,0.5256308927368016,-0.02977851345710037,2.922254840885547,0.02807212975808277,10790.92667900702,10969.67553863909,1.445863346020272,14.74932760227518,6.349847815210779e-10,0,4.007418752578502e-18,1.998756715693162e-11
17,40,5.585053606381854,0.7970684024135855,-0.02541324326035621,-0.01807203702367563,-0.0298502068925344,0.5263474727421311,-0.03410422704039366,2.922254840877934,0.02807212975808277,10790.92667900702,10969.67553863909,1.445863346020272,14.74932760227518,6.349847815210779e-10,0,4.007418752578502e-18,1.998756715693162e-11
17,41,5.724679946541401,0.7962804451340902,-0.02499102716866061,-0.014847743092268,-0.02929127018844813,0.5271158740272186,-0.0378234182431009,2.922254840886639,0.02807212975808277,10790.92667900702,10969.67553863909,1.445863346020272,14.74932760227518,6.349847815210779e-10,0,4.007418752578502e-18,1.998756715693162e-11
17,42,5.864306286700947,0.7955876500106326,-0.02426327073050573,-0.01141816501246268,-0.02862562608696397,0.5278322454840824,-0.04085622983397637,2.922254840894666,0.02807212975808277,10790.92667900702,10969.67553863909,1.445863346020272,14.74932760227518,6.349847815210779e-10,0,4.007418752578502e-18,1.998756715693162e-11
17,43,6.003932626860494,0.7950533802708724,-0.02348181920940232,-0.007837334598559778,-0.0280538199341414,0.5284057989635171,-0.04312000813485908,2.922254840893062,0.02807212975808277,10790.92667900702,10969.67553863909,1.445863346020272,14.74932760227518,6.349847815210779e-10,0,4.007418752578502e-18,1.998756715693162e-11
17,44,6.14355896702004,0.7947022703554134,-0.02286309168252445,-0.004147301206885313,-0.02771655016322425,0.5287889938814462,-0.0445334334522584,2.922254840890159,0.02807212975808277,10790.92667900702,10969.67553863909,1.445863346020272,14.74932760227518,6.349847815210779e-10,0,4.007418752578502e-18,1.998756715693162e-11
18,0,0,0.7944992130319337,-0.02280603536087355,-0.0003971421115453248,-0.02800599030037099,0.528911743317468,-0.04552894202037112,2.922249500795189,0.02837258973070074,10906.42349248136,11090.46056248965,1.446177405403546,14.74932760227518,2.012706454806789e-10,0,4.637928902690922e-18,6.843858812999315e-12
18,1,0.1396263401595464,0.7944819195392887,-0.02249128796853025,0.00338850728535617,-0.02803192572770009,0.5289592805305643,-0.04506868043925726,2.922249500793337,0.02837258973070074,10906.42349248136,11090.46056248965,1.446177405403546,14.74932760227518,2.012706454806789e-10,0,4.637928902690922e-18,6.843858812999315e-12
18,2,0.2792526803190927,0.7946236389203669,-0.02210045233713005,0.007107777904720724,-0.02802823983936315,0.5288820209855833,-0.04364872090385225,2.922249500790223,0.02837258973070074,10906.42349248136,11090.46056248965,1.446177405403546,14.74932760227518,2.012706454806789e-10,0,4.637928902690922e-18,6.843858812999315e-12
18,3,0.4188790204786391,0.7949276129891172,-0.02150460939170259,0.01070203126855775,-0.02787395015831357,0.5286954193530528,-0.04131368918833616,2.922249500789208,0.02837258973070074,10906.42349248136,11090.46056248965,1.446177405403546,14.74932760227518,2.012706454806789e-10,0,4.637928902690922e-18,6.843858812999315e-12
18,4,0.5585053606381855,0.7953993441329904,-0.02072419264123644,0.01412684524067371,-0.0275548441081962,0.5283895358135486,-0.03813812647365629,2.922249500793372,0.02837258973070074,10906.42349248136,11090.46056248965,1.446177405403546,14.74932760227518,2.012706454806789e-10,0,4.637928902690922e-18,6.843858812999315e-12
18,5,0.6981317007977318,0.7960287714468628,-0.01993467256264395,0.01734547263991459,-0.02717205376422146,0.5279450990278455,-0.03421357200705135,2.922249500794643,0.02837258973070074,10906.42349248136,11090.46056248965,1.446177405403546,14.74932760227518,2.012706454806789e-10,0,4.637928902690922e-18,6.843858812999315e-12
18,6,0.8377580409572782,0.7967756416735471,-0.01937680951688512,0.02031293553394983,-0.02688802936461839,0.5273612681327289,-0.02963945898653486,2.922249500794607,0.02837258973070074,10906.42349248136,11090.46056248965,1.446177405403546,14.74932760227518,2.012706454806789e-10,0,4.637928902690922e-18,6.843858812999315e-12
18,7,0.9773843811168246,0.7975686021207899,-0.01923014644593423,0.02296403503218818,-0.02684094116430911,0.5266740918015441,-0.02452037765318278,2.922249500794218,0.02837258973070074,10906.42349248136,11090.46056248965,1.446177405403546,14.74932760227518,2.012706454806789e-10,0,4.637928902690922e-18,6.843858812999315e-12
18,8,1.117010721276371,0.7983206735387128,-0.01952733907605657,0.02521538222698662,-0.02707557334635375,0.5259534727130162,-0.01896762616051819,2.92224950079504,0.02837258973070074,10906.42349248136,11090.46056248965,1.446177405403546,14.74932760227518,2.012706454806789e-10,0,4.637928902690922e-18,6.843858812999315e-12
18,9,1.256637061435917,0.7989535414016778,-0.02015574866980351,0.02698029647441838,-0.02753010853293968,0.5252832283629952,-0.0130997558510291,2.922249500792253,0.02837258973070074,10906.42349248136,11090.46056248965,1.446177405403546,14.74932760227518,2.012706454806789e-10,0,4.637928902690922e-18,6.843858812999315e-12
18,10,1.396263401595464,0.799417002743128,-0.02093798908454982,0.02818651728473406,-0.02808503941590892,0.5247366403029849,-0.007037553949922409,2.922249500789819,0.02837258973070074,10906.42349248136,11090.46056248965,1.446177405403546,14.74932760227518,2.012706454806789e-10,0,4.637928902690922e-18,6.843858812999315e-12
18,11,1.53588974175501,0.7996926450632009,-0.02173659066484663,0.02878655999337472,-0.02863855750791998,0.5243588359884004,-0.0008947591435029101,2.922249500791632,0.02837258973070074,10906.42349248136,11090.46056248965,1.446177405403546,14.74932760227518,2.012706454806789e-10,0,4.637928902690922e-18,6.843858812999315e-12
18,12,1.675516081914556,0.7997814393502579,-0.02251333180499268,0.02875777090618329,-0.02915251191912837,0.5241640900636851,0.005228167550758105,2.922249500794539,0.02837258973070074,10906.42349248136,11090.46056248965,1.446177405403546,14.74932760227518,2.012706454806789e-10,0,4.637928902690922e-18,6.843858812999315e-12
18,13,1.815142422074103,0.7996861794605574,-0.02330392704678316,0.02809743206325482,-0.02963593422572385,0.5241487241746455,0.0112412100074437,2.922249500794783,0.02837258973070074,10906.42349248136,11090.46056248965,1.446177405403546,14.74932760227518,2.012706454806789e-10,0,4.637928902690922e-18,6.843858812999315e-12
18,14,1.954768762233649,0.799403060324303,-0.02413109964042301,0.02682092298014301,-0.03008510179190871,0.5243088936828718,0.017055510812906,2.922249500794324,0.02837258973070074,10906.42349248136,11090.46056248965,1.446177405403546,14.74932760227518,2.012706454806789e-10,0,4.637928902690922e-18,6.843858812999315e-12
18,15,2.094395102393195,0.7989294187428387,-0.02492794811194431,0.02496562836820887,-0.03043691783724468,0.5246479495685629,0.02257684359373277,2.92224950079499,0.02837258973070074,10906.42349248136,11090.46056248965,1.446177405403546,14.74932760227518,2.012706454806789e-10,0,4.637928902690922e-18,6.843858812999315e-12
18,16,2.234021442552742,0.7982819357818288,-0.02553515296643954,0.02259524422747566,-0.03058139191607051,0.5251662841893597,0.027707791928085,2.9222495007934,0.02837258973070074,10906.42349248136,11090.46056248965,1.446177405403546,14.74932760227518,2.012706454806789e-10,0,4.637928902690922e-18,6.843858812999315e-12
18,17,2.373647782712288,0.7975108054741658,-0.02577786759636234,0.01979653178637808,-0.03042822855574334,0.5258404078701095,0.03235494316734076,2.922249500790243,0.02837258973070074,10906.42349248136,11090.46056248965,1.446177405403546,14.74932760227518,2.012706454806789e-10,0,4.637928902690922e-18,6.843858812999315e-12
18,18,2.513274122871834,0.7966974802627128,-0.02557109148442184,0.01666577947762661,-0.02997767765067043,0.5266078780178242,0.03643248072638296,2.922249500790077,0.02837258973070074,10906.42349248136,11090.46056248965,1.446177405403546,14.74932760227518,2.012706454806789e-10,0,4.637928902690922e-18,6.843858812999315e-12
18,19,2.652900463031381,0.7959350241504476,-0.02498413279071895,0.01329069324134891,-0.0293434156632763,0.5273735812001988,0.03985862451110411,2.922249500793523,0.02837258973070074,10906.42349248136,11090.46056248965,1.446177405403546,14.74932760227518,2.012706454806789e-10,0,4.637928902690922e-18,6.843858812999315e-12
18,20,2.792526803190927,0.7953018339227587,-0.024219083325292,0.009738517330866742,-0.0287100074021329,0.5280381661982231,0.04254994794408944,2.922249500795024,0.02837258973070074,10906.42349248136,11090.46056248965,1.446177405403546,14.74932760227518,2.012706454806789e-10,0,4.637928902690922e-18,6.843858812999315e-12
18,21,2.932153143350474,0.7948432158091298,-0.02350889343845309,0.006058216064975396,-0.02824799376580662,0.5285315459190782,0.04442147869777067,2.922249500794046,0.02837258973070074,10906.42349248136,11090.46056248965,1.446177405403546,14.74932760227518,2.012706454806789e-10,0,4.637928902690922e-18,6.843858812999315e-12
18,22,3.07177948351002,0.7945696562176778,-0.02299268268710174,0.002294277209028164,-0.02803281977363237,0.5288305839032973,0.04539610795752793,2.92224950079468,0.02837258973070074,10906.42349248136,11090.46056248965,1.446177405403546,14.74932760227518,2.012706454806789e-10,0,4.637928902690922e-18,6.843858812999315e-12
18,23,3.211405823669566,0.7944704544408179,-0.02264656510812796,-0.001499888159613489,-0.02801251260507635,0.5289530387665368,0.04542006240772804,2.922249500794445,0.02837258973070074,10906.42349248136,11090.46056248965,1.446177405403546,14.74932760227518,2.012706454806789e-10,0,4.637928902690922e-18,6.843858812999315e-12
18,24,3.351032163829113,0.7945329270676982,-0.02231613264918408,-0.00526041155198236,-0.02804328141221427,0.5289346541882702,0.0444767269568348,2.922249500792123,0.02837258973070074,10906.42349248136,11090.46056248965,1.446177405403546,14.74932760227518,2.012706454806789e-10,0,4.637928902690922e-18,6.843858812999315e-12
18,25,3.490658503988659,0.7947548603178682,-0.02183098403423745,-0.008923636029459217,-0.02797375115187959,0.5288024991125996,0.04259147425798207,2.922249500788622,0.02837258973070074,10906.42349248136,11090.46056248965,1.446177405403546,14.74932760227518,2.012706454806789e-10,0,4.637928902690922e-18,6.843858812999315e-12
18,26,3.630284844148206,0.795142554766794,-0.0211294609526244,-0.0124379252405533,-0.02773100916019244,0.5285586919292437,0.03982551464643484,2.922249500791558,0.02837258973070074,10906.42349248136,11090.46056248965,1.446177405403546,14.74932760227518,2.012706454806789e-10,0,4.637928902690922e-18,6.843858812999315e-12
18,27,3.769911184307752,0.7956960587336016,-0.02031555039283592,-0.01576435610130739,-0.02736173257400843,0.5281854316604765,0.03626338093590161,2.922249500793971,0.02837258973070074,10906.42349248136,11090.46056248965,1.446177405403546,14.74932760227518,2.012706454806789e-10,0,4.637928902690922e-18,6.843858812999315e-12
18,28,3.909537524467298,0.7963913663223592,-0.01961275664922939,-0.01886414552414705,-0.02700748068005798,0.5276692931061795,0.03200130236735061,2.922249500795301,0.02837258973070074,10906.42349248136,11090.46056248965,1.446177405403546,14.74932760227518,2.012706454806789e-10,0,4.637928902690922e-18,6.843858812999315e-12
18,29,4.049163864626845,0.7971717031274913,-0.01924614641975732,-0.02168294713781818,-0.02682939131241107,0.527026842653221,0.02714126667586553,2.922249500793562,0.02837258973070074,10906.42349248136,11090.46056248965,1.446177405403546,14.74932760227518,2.012706454806789e-10,0,4.637928902690922e-18,6.843858812999315e-12
18,30,4.188790204786391,0.7979551331333284,-0.01932755024322933,-0.02414524168965147,-0.02692472278376607,0.5263127549563069,0.02179094480780639,2.922249500795466,0.02837258973070074,10906.42349248136,11090.46056248965,1.446177405403546,14.74932760227518,2.012706454806789e-10,0,4.637928902690922e-18,6.843858812999315e-12
18,31,4.328416544945937,0.7986559393377664,-0.01981099626691924,-0.02616367226346598,-0.02728236049226385,0.5256069628062036,0.01606548215117758,2.922249500793458,0.02837258973070074,10906.42349248136,11090.46056248965,1.446177405403546,14.74932760227518,2.012706454806789e-10,0,4.637928902690922e-18,6.843858812999315e-12
18,32,4.468042885105484,0.7992082597090291,-0.02053823687308796,-0.02765683714916839,-0.02780261364523234,0.5249908791446188,0.0100855631299772,2.922249500791138,0.02837258973070074,10906.42349248136,11090.46056248965,1.446177405403546,14.74932760227518,2.012706454806789e-10,0,4.637928902690922e-18,6.843858812999315e-12
18,33,4.60766922526503,0.7995784768980259,-0.02134009366859839,-0.02856425425003671,-0.02836597678997356,0.5245251142599773,0.00396962497545413,2.922249500789722,0.02837258973070074,10906.42349248136,11090.46056248965,1.446177405403546,14.74932760227518,2.012706454806789e-10,0,4.637928902690922e-18,6.843858812999315e-12
18,34,4.747295565424577,0.7997600931273616,-0.02212632893008616,-0.02885135422083677,-0.02890041132984306,0.5242386142284853,-0.002174961285829978,2.922249500793787,0.02837258973070074,10906.42349248136,11090.46056248965,1.446177405403546,14.74932760227518,2.012706454806789e-10,0,4.637928902690922e-18,6.843858812999315e-12
18,35,4.886921905584122,0.7997569111560761,-0.02290402443883542,-0.02850603161686744,-0.02939720869438217,0.5241343900297436,-0.008253891269038591,2.922249500794562,0.02837258973070074,10906.42349248136,11090.46056248965,1.446177405403546,14.74932760227518,2.012706454806789e-10,0,4.637928902690922e-18,6.843858812999315e-12
18,36,5.026548245743669,0.7995684886846618,-0.02371453965664227,-0.02753444781837191,-0.02986715776048616,0.5242067907730726,-0.01417894794315765,2.92224950079478,0.02837258973070074,10906.42349248136,11090.46056248965,1.446177405403546,14.74932760227518,2.012706454806789e-10,0,4.637928902690922e-18,6.843858812999315e-12
18,37,5.166174585903216,0.7991896904822133,-0.02454169791315119,-0.02596227399033314,-0.03027956239864508,0.5244557400267824,-0.01985889318260115,2.922249500794328,0.02837258973070074,10906.42349248136,11090.46056248965,1.446177405403546,14.74932760227518,2.012706454806789e-10,0,4.637928902690922e-18,6.843858812999315e-12
18,38,5.305800926062762,0.7986251268667797,-0.02526709111318261,-0.02383982690168583,-0.03054213856931711,0.5248853634145382,-0.02519712627593635,2.922249500794897,0.02837258973070074,10906.42349248136,11090.46056248965,1.446177405403546,14.74932760227518,2.012706454806789e-10,0,4.637928902690922e-18,6.843858812999315e-12
18,39,5.445427266222308,0.7979073063836304,-0.02571060011974794,-0.0212434198506812,-0.0305447146739976,0.5254868076660606,-0.03009737239994096,2.922249500791613,0.02837258973070074,10906.42349248136,11090.46056248965,1.446177405403546,14.74932760227518,2.012706454806789e-10,0,4.637928902690922e-18,6.843858812999315e-12
18,40,5.585053606381854,0.7971035602582434,-0.02573016666372981,-0.01826678093440753,-0.03023548187241834,0.5262179051360604,-0.03447004237018211,2.922249500789468,0.02837258973070074,10906.42349248136,11090.46056248965,1.446177405403546,14.74932760227518,2.012706454806789e-10,0,4.637928902690922e-18,6.843858812999315e-12
18,41,5.724679946541401,0.7963043641063259,-0.02531472104484067,-0.01500404533658059,-0.02967274799517568,0.5269974866361522,-0.03823210935579633,2.922249500791917,0.02837258973070074,10906.42349248136,11090.46056248965,1.446177405403546,14.74932760227518,2.012706454806789e-10,0,4.637928902690922e-18,6.843858812999315e-12
18,42,5.864306286700947,0.7955985537854742,-0.02460848731655106,-0.01153338062565879,-0.02901452368049393,0.5277239029856464,-0.04130147923259741,2.922249500794424,0.02837258973070074,10906.42349248136,11090.46056248965,1.446177405403546,14.74932760227518,2.012706454806789e-10,0,4.637928902690922e-18,6.843858812999315e-12
18,43,6.003932626860494,0.7950493339547721,-0.02384497973673519,-0.007911691735185494,-0.02844992928333105,0.5283088428941471,-0.04359335894735798,2.922249500794907,0.02837258973070074,10906.42349248136,11090.46056248965,1.446177405403546,14.74932760227518,2.012706454806789e-10,0,4.637928902690922e-18,6.843858812999315e-12
18,44,6.14355896702004,0.7946837050838942,-0.0232240706722534,-0.004183664301011041,-0.02810990501487552,0.5287049901854971,-0.04502500516999829,2.922249500793805,0.02837258973070074,10906.42349248136,11090.46056248965,1.446177405403546,14.74932760227518,2.012706454806789e-10,0,4.637928902690922e-18,6.843858812999315e-12
19,0,0,0.7944730440022353,-0.0231487483998731,-0.0003998587915617585,-0.02839723482433999,0.5288354644308909,-0.04602381327017644,2.922244155230184,0.0286698893738027,11020.70547528976,11210.15500667104,1.446491464786819,14.74932760227518,4.401317269770654e-11,0,2.237437530172234e-18,2.100986051800646e-12
19,1,0.1396263401595464,0.794453161013767,-0.02280820250884424,0.003418646510525142,-0.02841289362928437,0.5288889156337554,-0.04555995873557428,2.922244155229437,0.0286698893738027,11020.70547528976,11210.15500667104,1.446491464786819,14.74932760227518,4.401317269770654e-11,0,2.237437530172234e-18,2.100986051800646e-12
19,2,0.2792526803190927,0.7945990126415138,-0.02239765411854057,0.007170927860309795,-0.02840499710321307,0.5288116603315536,-0.0441243967324151,2.922244155229159,0.0286698893738027,11020.70547528976,11210.15500667104,1.446491464786819,14.74932760227518,4.401317269770654e-11,0,2.237437530172234e-18,2.100986051800646e-12
19,3,0.4188790204786391,0.7949121656302964,-0.02179676191233217,0.01079963672591234,-0.02825629336118829,0.5286194221608379,-0.04176160329256368,2.922244155228437,0.0286698893738027,11020.70547528976,11210.15500667104,1.446491464786819,14.74932760227518,4.401317269770654e-11,0,2.237437530172234e-18,2.100986051800646e-12
19,4,0.5585053606381855,0.7953953811510993,-0.02102406558506965,0.01426015656703316,-0.02794965259493479,0.5283044858193834,-0.03854689239368706,2.922244155229816,0.0286698893738027,11020.70547528976,11210.15500667104,1.446491464786819,14.74932760227518,4.401317269770654e-11,0,2.237437530172234e-18,2.100986051800646e-12
19,5,0.6981317007977318,0.7960363510010683,-0.02024377045232167,0.01751426460962833,-0.02757782892130325,0.5278503797886196,-0.03457374237416976,2.922244155229686,0.0286698893738027,11020.70547528976,11210.15500667104,1.446491464786819,14.74932760227518,4.401317269770654e-11,0,2.237437530172234e-18,2.100986051800646e-12
19,6,0.8377580409572782,0.7967942192259692,-0.01968393030902049,0.02051522432909078,-0.02729468944389385,0.5272577623990502,-0.02994434954568445,2.92224415523001,0.0286698893738027,11020.70547528976,11210.15500667104,1.446491464786819,14.74932760227518,4.401317269770654e-11,0,2.237437530172234e-18,2.100986051800646e-12
19,7,0.9773843811168246,0.7975986683555053,-0.01951929768226828,0.02319666256696668,-0.02723576588327457,0.526562102850842,-0.02476606184951699,2.922244155229563,0.0286698893738027,11020.70547528976,11210.15500667104,1.446491464786819,14.74932760227518,4.401317269770654e-11,0,2.237437530172234e-18,2.100986051800646e-12
19,8,1.117010721276371,0.7983641886752624,-0.01978986315823021,0.02547465703423659,-0.02745205771902454,0.5258314444391921,-0.01915208726121462,2.9222441552301,0.0286698893738027,11020.70547528976,11210.15500667104,1.446491464786819,14.74932760227518,4.401317269770654e-11,0,2.237437530172234e-18,2.100986051800646e-12
19,9,1.256637061435917,0.7990127344019383,-0.02039864610207478,0.0272620205172874,-0.02789402742573607,0.5251479989922452,-0.01322175499672627,2.922244155229345,0.0286698893738027,11020.70547528976,11210.15500667104,1.446491464786819,14.74932760227518,4.401317269770654e-11,0,2.237437530172234e-18,2.100986051800646e-12
19,10,1.396263401595464,0.7994922370200814,-0.02118280494806193,0.02848542867647402,-0.02845317411663018,0.5245850858462289,-0.007096019337178077,2.922244155228832,0.0286698893738027,11020.70547528976,11210.15500667104,1.446491464786819,14.74932760227518,4.401317269770654e-11,0,2.237437530172234e-18,2.100986051800646e-12
19,11,1.53588974175501,0.7997807819724976,-0.02200896009338358,0.02909581204728742,-0.02903006458313696,0.5241902130487018,-0.000889093965448051,2.922244155229185,0.0286698893738027,11020.70547528976,11210.15500667104,1.446491464786819,14.74932760227518,4.401317269770654e-11,0,2.237437530172234e-18,2.100986051800646e-12
19,12,1.675516081914556,0.7998758946553964,-0.02282916680651297,0.0290690946692588,-0.02957796357220397,0.5239817953958077,0.005297276637697894,2.922244155229878,0.0286698893738027,11020.70547528976,11210.15500667104,1.446491464786819,14.74932760227518,4.401317269770654e-11,0,2.237437530172234e-18,2.100986051800646e-12
19,13,1.815142422074103,0.7997787943521659,-0.02366081264948166,0.02840208425803043,-0.03009095162815449,0.5239601532317119,0.01137137075779856,2.922244155229912,0.0286698893738027,11020.70547528976,11210.15500667104,1.446491464786819,14.74932760227518,4.401317269770654e-11,0,2.237437530172234e-18,2.100986051800646e-12
19,14,1.954768762233649,0.7994867464130587,-0.02451043875532351,0.0271108472196102,-0.0305526859391298,0.5241232444798769,0.01724311652911506,2.922244155229687,0.0286698893738027,11020.70547528976,11210.15500667104,1.446491464786819,14.74932760227518,4.401317269770654e-11,0,2.237437530172234e-18,2.100986051800646e-12
19,15,2.094395102393195,0.7990000597319193,-0.02530628058473421,0.02523408508740164,-0.03089686671754025,0.5244731975196608,0.02281813827523357,2.922244155230018,0.0286698893738027,11020.70547528976,11210.15500667104,1.446491464786819,14.74932760227518,4.401317269770654e-11,0,2.237437530172234e-18,2.100986051800646e-12
19,16,2.234021442552742,0.7983385394835354,-0.02589719368751926,0.02283667337438558,-0.03102062954767299,0.5250069219610465,0.02799961102677763,2.922244155229582,0.0286698893738027,11020.70547528976,11210.15500667104,1.446491464786819,14.74932760227518,4.401317269770654e-11,0,2.237437530172234e-18,2.100986051800646e-12
19,17,2.373647782712288,0.7975540712713399,-0.02612330335336087,0.02000609320666112,-0.03084574220341669,0.5256970365210338,0.0326945029175556,2.922244155228962,0.0286698893738027,11020.70547528976,11210.15500667104,1.446491464786819,14.74932760227518,4.401317269770654e-11,0,2.237437530172234e-18,2.100986051800646e-12
19,18,2.513274122871834,0.7967279655078715,-0.02591156908230842,0.01683925793904366,-0.03038185669137509,0.5264787565552917,0.03681639915118627,2.922244155228759,0.0286698893738027,11020.70547528976,11210.15500667104,1.446491464786819,14.74932760227518,4.401317269770654e-11,0,2.237437530172234e-18,2.100986051800646e-12
19,19,2.652900463031381,0.7959522400264637,-0.02533293944641737,0.01342507883318248,-0.0297445544168229,0.5272569550952984,0.0402819099914072,2.922244155229653,0.0286698893738027,11020.70547528976,11210.15500667104,1.446491464786819,14.74932760227518,4.401317269770654e-11,0,2.237437530172234e-18,2.100986051800646e-12
19,20,2.792526803190927,0.7953048346259103,-0.02458048363664256,0.009832856058733481,-0.02911323869878389,0.5279335585605129,0.04300556104076474,2.922244155230002,0.0286698893738027,11020.70547528976,11210.15500667104,1.446491464786819,14.74932760227518,4.401317269770654e-11,0,2.237437530172234e-18,2.100986051800646e-12
19,21,2.932153143350474,0.7948321744178296,-0.02387434657309689,0.006113858958319415,-0.02865099489928234,0.5284391521026569,0.04490054639017564,2.922244155229586,0.0286698893738027,11020.70547528976,11210.15500667104,1.446491464786819,14.74932760227518,4.401317269770654e-11,0,2.237437530172234e-18,2.100986051800646e-12
19,22,3.07177948351002,0.7945472677119247,-0.0233464399415396,0.002313968122086485,-0.02842924737606162,0.5287495961218059,0.04588844756610982,2.922244155229957,0.0286698893738027,11020.70547528976,11210.15500667104,1.446491464786819,14.74932760227518,4.401317269770654e-11,0,2.237437530172234e-18,2.100986051800646e-12
19,23,3.211405823669566,0.7944421220013006,-0.02297643168223779,-0.001513700140961636,-0.028398286292598,0.5288803880419094,0.04591460701540601,2.922244155229726,0.0286698893738027,11020.70547528976,11210.15500667104,1.446491464786819,14.74932760227518,4.401317269770654e-11,0,2.237437530172234e-18,2.100986051800646e-12
19,24,3.351032163829113,0.7945054575726945,-0.02262169159463266,-0.005306927104493374,-0.02842101687994588,0.5288650657174043,0.04496173036236122,2.922244155229548,0.0286698893738027,11020.70547528976,11210.15500667104,1.446491464786819,14.74932760227518,4.401317269770654e-11,0,2.237437530172234e-18,2.100986051800646e-12
19,25,3.490658503988659,0.7947343568179127,-0.02212367366103825,-0.009003807232069512,-0.02835209292399482,0.5287299222270712,0.04305476774690626,2.922244155228332,0.0286698893738027,11020.70547528976,11210.15500667104,1.446491464786819,14.74932760227518,4.401317269770654e-11,0,2.237437530172234e-18,2.100986051800646e-12
19,26,3.630284844148206,0.7951327313183734,-0.02142443040808325,-0.012553299350237,-0.02811916783559502,0.5284784101023227,0.04025518322443153,2.922244155229442,0.0286698893738027,11020.70547528976,11210.15500667104,1.446491464786819,14.74932760227518,4.401317269770654e-11,0,2.237437530172234e-18,2.100986051800646e-12
19,27,3.769911184307752,0.795697942564519,-0.02062072870193365,-0.01591555240865908,-0.02776282153215205,0.5280954823250832,0.03664886840568615,2.92224415522947,0.0286698893738027,11020.70547528976,11210.15500667104,1.446491464786819,14.74932760227518,4.401317269770654e-11,0,2.237437530172234e-18,2.100986051800646e-12
19,28,3.909537524467298,0.7964044772568879,-0.01992283848613659,-0.0190500261797691,-0.02741532184024716,0.5275700607295297,0.03233448458737393,2.922244155230314,0.0286698893738027,11020.70547528976,11210.15500667104,1.446491464786819,14.74932760227518,4.401317269770654e-11,0,2.237437530172234e-18,2.100986051800646e-12
19,29,4.049163864626845,0.7971958622049122,-0.0195461011308187,-0.02190084303260404,-0.02723153952752039,0.5269191607341387,0.02741689837409662,2.922244155229209,0.0286698893738027,11020.70547528976,11210.15500667104,1.446491464786819,14.74932760227518,4.401317269770654e-11,0,2.237437530172234e-18,2.100986051800646e-12
19,30,4.188790204786391,0.7979916168472954,-0.01960359148333589,-0.02439167768923059,-0.02731049291812266,0.5261960655338874,0.02200619681594495,2.922244155230433,0.0286698893738027,11020.70547528976,11210.15500667104,1.446491464786819,14.74932760227518,4.401317269770654e-11,0,2.237437530172234e-18,2.100986051800646e-12
19,31,4.328416544945937,0.79870707962041,-0.02006177085124769,-0.0264347464854677,-0.02765102247649147,0.5254787783222384,0.01621885311067093,2.922244155229296,0.0286698893738027,11020.70547528976,11210.15500667104,1.446491464786819,14.74932760227518,4.401317269770654e-11,0,2.237437530172234e-18,2.100986051800646e-12
19,32,4.468042885105484,0.7992756244803687,-0.02077881949227442,-0.02794790514553673,-0.02816613054782411,0.5248477846265899,0.01017591675915114,2.922244155229463,0.0286698893738027,11020.70547528976,11210.15500667104,1.446491464786819,14.74932760227518,4.401317269770654e-11,0,2.237437530172234e-18,2.100986051800646e-12
19,33,4.60766922526503,0.7996607954001852,-0.02159578605827079,-0.02886929508116732,-0.02874370481577858,0.5243648834427402,0.003996038249832682,2.922244155228486,0.0286698893738027,11020.70547528976,11210.15500667104,1.446491464786819,14.74932760227518,4.401317269770654e-11,0,2.237437530172234e-18,2.100986051800646e-12
19,34,4.747295565424577,0.7998523708795334,-0.02241950020164516,-0.02916273414846786,-0.02930844905032429,0.5240624501803801,-0.002212541065297421,2.922244155229965,0.0286698893738027,11020.70547528976,11210.15500667104,1.446491464786819,14.74932760227518,4.401317269770654e-11,0,2.237437530172234e-18,2.100986051800646e-12
19,35,4.886921905584122,0.799851459684271,-0.0232418823739959,-0.02881509354007342,-0.02983893961562342,0.5239478507467141,-0.008353923154440512,2.922244155229615,0.0286698893738027,11020.70547528976,11210.15500667104,1.446491464786819,14.74932760227518,4.401317269770654e-11,0,2.237437530172234e-18,2.100986051800646e-12
19,36,5.026548245743669,0.7996573659281044,-0.02408561025208263,-0.0278326658294329,-0.03033105109412782,0.5240185383239223,-0.01433831717655052,2.922244155230072,0.0286698893738027,11020.70547528976,11210.15500667104,1.446491464786819,14.74932760227518,4.401317269770654e-11,0,2.237437530172234e-18,2.100986051800646e-12
19,37,5.166174585903216,0.7992671543405574,-0.02492321960431037,-0.02624222274599278,-0.03074561166093078,0.524274725458078,-0.02007378338294637,2.922244155229589,0.0286698893738027,11020.70547528976,11210.15500667104,1.446491464786819,14.74932760227518,4.401317269770654e-11,0,2.237437530172234e-18,2.100986051800646e-12
19,38,5.305800926062762,0.798688721945978,-0.02563829945642511,-0.02409541030677501,-0.0309926363837262,0.5247180038176832,-0.02546403805931352,2.922244155230101,0.0286698893738027,11020.70547528976,11210.15500667104,1.446491464786819,14.74932760227518,4.401317269770654e-11,0,2.237437530172234e-18,2.100986051800646e-12
19,39,5.445427266222308,0.7979571251211369,-0.02606344736814465,-0.02146948691441627,-0.03097248682372139,0.52533556637832,-0.03041341986375056,2.922244155229142,0.0286698893738027,11020.70547528976,11210.15500667104,1.446491464786819,14.74932760227518,4.401317269770654e-11,0,2.237437530172234e-18,2.100986051800646e-12
19,40,5.585053606381854,0.7971404277789295,-0.02607127881998637,-0.01845877297003742,-0.03064496292664675,0.5260819279229807,-0.03483228602823593,2.922244155228719,0.0286698893738027,11020.70547528976,11210.15500667104,1.446491464786819,14.74932760227518,4.401317269770654e-11,0,2.237437530172234e-18,2.100986051800646e-12
19,41,5.724679946541401,0.7963283345245034,-0.02565806839295694,-0.01515824247153513,-0.0300743183101681,0.5268747601395726,-0.03863646159239147,2.922244155229312,0.0286698893738027,11020.70547528976,11210.15500667104,1.446491464786819,14.74932760227518,4.401317269770654e-11,0,2.237437530172234e-18,2.100986051800646e-12
19,42,5.864306286700947,0.7956087515191951,-0.02496388420625767,-0.01164771094485335,-0.02941655197801267,0.5276132695630604,-0.04174193395975536,2.9222441552297,0.0286698893738027,11020.70547528976,11210.15500667104,1.446491464786819,14.74932760227518,4.401317269770654e-11,0,2.237437530172234e-18,2.100986051800646e-12
19,43,6.003932626860494,0.7950451567178549,-0.02421015136008463,-0.007986391716805744,-0.0288537229064596,0.5282103394403723,-0.04406190305439591,2.922244155230094,0.0286698893738027,11020.70547528976,11210.15500667104,1.446491464786819,14.74932760227518,4.401317269770654e-11,0,2.237437530172234e-18,2.100986051800646e-12
19,44,6.14355896702004,0.7946664697665566,-0.02358568292953049,-0.004220964941321746,-0.02851041929587743,0.5286185254611575,-0.04551204384424414,2.922244155229415,0.0286698893738027,11020.70547528976,11210.15500667104,1.446491464786819,14.74932760227518,4.401317269770654e-11,0,2.237437530172234e-18,2.100986051800646e-12
20,0,0,0.7944490196308217,-0.02350157144482266,-0.0004030492810232427,-0.02880265966819374,0.5287547363743288,-0.04651441496942196,2.92223880420951,0.02896411599469868,11133.80618836217,11328.75956753762,1.446805524170093,14.74932760227518,1.014042165891181e-11,0,-2.859794988167332e-19,1.034727858950646e-12
20,1,0.1396263401595464,0.7944266722210037,-0.02314184364285303,0.003448548427580965,-0.02881255778242367,0.5288131439370433,-0.04604701919976296,2.922238804209,0.02896411599469868,11133.80618836217,11328.75956753762,1.446805524170093,14.74932760227518,1.014042165891181e-11,0,-2.859794988167332e-19,1.034727858950646e-12
20,2,0.2792526803190927,0.7945759547917667,-0.02271652222795773,0.007233847504145676,-0.02880372960050203,0.5287358143220373,-0.04459580421376431,2.92223880420931,0.02896411599469868,11133.80618836217,11328.75956753762,1.446805524170093,14.74932760227518,1.014042165891181e-11,0,-2.859794988167332e-19,1.034727858950646e-12
20,3,0.4188790204786391,0.7948971358250132,-0.02211079777503342,0.01089648335695467,-0.02866073038717919,0.5285388845974628,-0.04220526672826147,2.922238804208743,0.02896411599469868,11133.80618836217,11328.75956753762,1.446805524170093,14.74932760227518,1.014042165891181e-11,0,-2.859794988167332e-19,1.034727858950646e-12
20,4,0.5585053606381855,0.7953909059873544,-0.02134131419496901,0.01439173821810173,-0.02836359287898512,0.5282163298044912,-0.0389516456066167,2.922238804209458,0.02896411599469868,11133.80618836217,11328.75956753762,1.446805524170093,14.74932760227518,1.014042165891181e-11,0,-2.859794988167332e-19,1.034727858950646e-12
20,5,0.6981317007977318,0.796043248592484,-0.02056404215107699,0.01768032444461105,-0.02799871131447397,0.5277536192914377,-0.03493035701221797,2.922238804209028,0.02896411599469868,11133.80618836217,11328.75956753762,1.446805524170093,14.74932760227518,1.014042165891181e-11,0,-2.859794988167332e-19,1.034727858950646e-12
20,6,0.8377580409572782,0.7968127663700143,-0.01999834929191083,0.02071415457465368,-0.02771404510094913,0.5271523323741698,-0.03024620230872209,2.922238804209426,0.02896411599469868,11133.80618836217,11328.75956753762,1.446805524170093,14.74932760227518,1.014042165891181e-11,0,-2.859794988167332e-19,1.034727858950646e-12
20,7,0.9773843811168246,0.797629716515708,-0.01981654315858551,0.02342580550383215,-0.02764409484073491,0.526447412641745,-0.02500909798706659,2.922238804209006,0.02896411599469868,11133.80618836217,11328.75956753762,1.446805524170093,14.74932760227518,1.014042165891181e-11,0,-2.859794988167332e-19,1.034727858950646e-12
20,8,1.117010721276371,0.798409374584371,-0.02006514942899467,0.02573063935374944,-0.02784552991628126,0.5257056145444944,-0.01933410529930868,2.92223880420942,0.02896411599469868,11133.80618836217,11328.75956753762,1.446805524170093,14.74932760227518,1.014042165891181e-11,0,-2.859794988167332e-19,1.034727858950646e-12
20,9,1.256637061435917,0.7990735146097768,-0.0206595051168494,0.02754068024653087,-0.02827870323366558,0.5250082466566848,-0.01334147931986454,2.922238804209112,0.02896411599469868,11133.80618836217,11328.75956753762,1.446805524170093,14.74932760227518,1.014042165891181e-11,0,-2.859794988167332e-19,1.034727858950646e-12
20,10,1.396263401595464,0.7995683019402563,-0.02144764432662421,0.02878139122438637,-0.0288434832928841,0.5244290842123425,-0.00715259012323893,2.922238804209065,0.02896411599469868,11133.80618836217,11328.75956753762,1.446805524170093,14.74932760227518,1.014042165891181e-11,0,-2.859794988167332e-19,1.034727858950646e-12
20,11,1.53588974175501,0.7998689087693009,-0.02229872304009724,0.02940217470652497,-0.02944177965637687,0.5240178685998973,-0.0008822616859954522,2.922238804209097,0.02896411599469868,11133.80618836217,11328.75956753762,1.446805524170093,14.74932760227518,1.014042165891181e-11,0,-2.859794988167332e-19,1.034727858950646e-12
20,12,1.675516081914556,0.7999700904055753,-0.02315674072835985,0.0293776698645334,-0.03001962774809078,0.5237965030522216,0.005366587592667901,2.922238804209264,0.02896411599469868,11133.80618836217,11328.75956753762,1.446805524170093,14.74932760227518,1.014042165891181e-11,0,-2.859794988167332e-19,1.034727858950646e-12
20,13,1.815142422074103,0.7998717819896995,-0.02402456738854901,0.028704241624963,-0.03055898336228518,0.5237686039187563,0.01150079737775214,2.922238804209281,0.02896411599469868,11133.80618836217,11328.75956753762,1.446805524170093,14.74932760227518,1.014042165891181e-11,0,-2.859794988167332e-19,1.034727858950646e-12
20,14,1.954768762233649,0.7995720101960062,-0.02489589272446192,0.02739851230956011,-0.03103317087053016,0.5239337001132256,0.01742927414045501,2.922238804209132,0.02896411599469868,11133.80618836217,11328.75956753762,1.446805524170093,14.74932760227518,1.014042165891181e-11,0,-2.859794988167332e-19,1.034727858950646e-12
20,15,2.094395102393195,0.7990733429433192,-0.02569465178934006,0.02550034129830428,-0.03137279529877538,0.5242931224571518,0.02305745884729673,2.922238804209337,0.02896411599469868,11133.80618836217,11328.75956753762,1.446805524170093,14.74932760227518,1.014042165891181e-11,0,-2.859794988167332e-19,1.034727858950646e-12
20,16,2.234021442552742,0.7983980698977333,-0.02627531988293874,0.02307578695053389,-0.03147998607492695,0.5248411274775799,0.0282889302283818,2.92223880420917,0.02896411599469868,11133.80618836217,11328.75956753762,1.446805524170093,14.74932760227518,1.014042165891181e-11,0,-2.859794988167332e-19,1.034727858950646e-12
20,17,2.373647782712288,0.7975996298425576,-0.02648903484835664,0.02021327134967233,-0.03128571690928039,0.5255471515236759,0.03303091128828361,2.92223880420911,0.02896411599469868,11133.80618836217,11328.75956753762,1.446805524170093,14.74932760227518,1.014042165891181e-11,0,-2.859794988167332e-19,1.034727858950646e-12
20,18,2.513274122871834,0.796759635040739,-0.02627192767091777,0.01701062193878472,-0.03080739376797216,0.5263441553178925,0.03719646188569495,2.922238804208934,0.02896411599469868,11133.80618836217,11328.75956753762,1.446805524170093,14.74932760227518,1.014042165891181e-11,0,-2.859794988167332e-19,1.034727858950646e-12
20,19,2.652900463031381,0.7959697749002657,-0.0256968013980594,0.01355806206701589,-0.03016309975435228,0.5271363558222296,0.04070079161698347,2.922238804209236,0.02896411599469868,11133.80618836217,11328.75956753762,1.446805524170093,14.74932760227518,1.014042165891181e-11,0,-2.859794988167332e-19,1.034727858950646e-12
20,20,2.792526803190927,0.7953080521994195,-0.02495085339818185,0.009926730244097914,-0.02952949084819054,0.5278260212260866,0.04345654223779798,2.922238804209329,0.02896411599469868,11133.80618836217,11328.75956753762,1.446805524170093,14.74932760227518,1.014042165891181e-11,0,-2.859794988167332e-19,1.034727858950646e-12
20,21,2.932153143350474,0.7948220110221085,-0.02424548881569967,0.006169780689460729,-0.02906489425997908,0.5283438299838615,0.04537505972635424,2.922238804209088,0.02896411599469868,11133.80618836217,11328.75956753762,1.446805524170093,14.74932760227518,1.014042165891181e-11,0,-2.859794988167332e-19,1.034727858950646e-12
20,22,3.07177948351002,0.7945266799752103,-0.02370769174741635,0.00233418640231319,-0.02883800799825346,0.5286647612142121,0.0463764361084571,2.922238804209319,0.02896411599469868,11133.80618836217,11328.75956753762,1.446805524170093,14.74932760227518,1.014042165891181e-11,0,-2.859794988167332e-19,1.034727858950646e-12
20,23,3.211405823669566,0.7944161033401167,-0.02331966185809958,-0.001527155368156789,-0.02880048046270982,0.5288027342537565,0.04640492720810908,2.922238804209137,0.02896411599469868,11133.80618836217,11328.75956753762,1.446805524170093,14.74932760227518,1.014042165891181e-11,0,-2.859794988167332e-19,1.034727858950646e-12
20,24,3.351032163829113,0.794479998090345,-0.02294690263067083,-0.005353264577758613,-0.02881940105065007,0.5287898956616928,0.04544249450538408,2.922238804209372,0.02896411599469868,11133.80618836217,11328.75956753762,1.446805524170093,14.74932760227518,1.014042165891181e-11,0,-2.859794988167332e-19,1.034727858950646e-12
20,25,3.490658503988659,0.7947148627801576,-0.02243881135442171,-0.009083555060619902,-0.02875291240994766,0.5286522238053539,0.04351378119859541,2.922238804208736,0.02896411599469868,11133.80618836217,11328.75956753762,1.446805524170093,14.74932760227518,1.014042165891181e-11,0,-2.859794988167332e-19,1.034727858950646e-12
20,26,3.630284844148206,0.7951227910330592,-0.02173948543127502,-0.01266746309453056,-0.02852823338983333,0.5283942970967278,0.04068068826682468,2.922238804209373,0.02896411599469868,11133.80618836217,11328.75956753762,1.446805524170093,14.74932760227518,1.014042165891181e-11,0,-2.859794988167332e-19,1.034727858950646e-12
20,27,3.769911184307752,0.7956991169630022,-0.02094013238012092,-0.01606449197863955,-0.02818099029476373,0.5280030547231734,0.0370305514819827,2.922238804208956,0.02896411599469868,11133.80618836217,11328.75956753762,1.446805524170093,14.74932760227518,1.014042165891181e-11,0,-2.859794988167332e-19,1.034727858950646e-12
20,28,3.909537524467298,0.796417147933714,-0.02024165299276701,-0.01923279833543899,-0.02783671893878966,0.5274689762034289,0.03266437555507796,2.92223880420961,0.02896411599469868,11133.80618836217,11328.75956753762,1.446805524170093,14.74932760227518,1.014042165891181e-11,0,-2.859794988167332e-19,1.034727858950646e-12
20,29,4.049163864626845,0.7972204947740754,-0.0198531411526666,-0.02211526072005321,-0.02764636471731702,0.5268092503099682,0.02768971141876751,2.922238804208741,0.02896411599469868,11133.80618836217,11328.75956753762,1.446805524170093,14.74932760227518,1.014042165891181e-11,0,-2.859794988167332e-19,1.034727858950646e-12
20,30,4.188790204786391,0.7980295060597136,-0.01988974697919579,-0.02463470384256196,-0.02771129492925447,0.5260761191733733,0.02221892158382514,2.922238804209713,0.02896411599469868,11133.80618836217,11328.75956753762,1.446805524170093,14.74932760227518,1.014042165891181e-11,0,-2.859794988167332e-19,1.034727858950646e-12
20,31,4.328416544945937,0.7987599534626167,-0.02032809405025218,-0.02670265214308165,-0.02803870406652171,0.525346346955699,0.01636985415809098,2.922238804208858,0.02896411599469868,11133.80618836217,11328.75956753762,1.446805524170093,14.74932760227518,1.014042165891181e-11,0,-2.859794988167332e-19,1.034727858950646e-12
20,32,4.468042885105484,0.7993442534527863,-0.02103895645525642,-0.02823598124886479,-0.0285515264152319,0.5247000998838137,0.01026414560103328,2.92223880420946,0.02896411599469868,11133.80618836217,11328.75956753762,1.446805524170093,14.74932760227518,1.014042165891181e-11,0,-2.859794988167332e-19,1.034727858950646e-12
20,33,4.60766922526503,0.799743488433749,-0.02187074303099437,-0.0291714147071517,-0.02914301577695303,0.5242005197718356,0.004020878258799303,2.922238804208678,0.02896411599469868,11133.80618836217,11328.75956753762,1.446805524170093,14.74932760227518,1.014042165891181e-11,0,-2.859794988167332e-19,1.034727858950646e-12
20,34,4.747295565424577,0.7999444082820003,-0.02272740080388357,-0.02947127879172119,-0.0297347871151757,0.5238829764762459,-0.002250819546914782,2.922238804209552,0.02896411599469868,11133.80618836217,11328.75956753762,1.446805524170093,14.74932760227518,1.014042165891181e-11,0,-2.859794988167332e-19,1.034727858950646e-12
20,35,4.886921905584122,0.7999459601526382,-0.02358869325537936,-0.02912152482801907,-0.03029500378852366,0.5237584414847966,-0.008453668723497555,2.922238804208993,0.02896411599469868,11133.80618836217,11328.75956753762,1.446805524170093,14.74932760227518,1.014042165891181e-11,0,-2.859794988167332e-19,1.034727858950646e-12
20,36,5.026548245743669,0.7997471868219613,-0.02446254266365878,-0.02812852086862309,-0.03080744861048846,0.5238269538884226,-0.01449656404812031,2.922238804209441,0.02896411599469868,11133.80618836217,11328.75956753762,1.446805524170093,14.74932760227518,1.014042165891181e-11,0,-2.859794988167332e-19,1.034727858950646e-12
20,37,5.166174585903216,0.79934679357536,-0.02531233190916972,-0.02651996907038882,-0.03122579489830453,0.5240891179054983,-0.02028694945798786,2.922238804209009,0.02896411599469868,11133.80618836217,11328.75956753762,1.446805524170093,14.74932760227518,1.014042165891181e-11,0,-2.859794988167332e-19,1.034727858950646e-12
20,38,5.305800926062762,0.7987552224825943,-0.0260225490737918,-0.02434874783942804,-0.03146123686148066,0.5245446727159674,-0.02572872463992252,2.922238804209463,0.02896411599469868,11133.80618836217,11328.75956753762,1.446805524170093,14.74932760227518,1.014042165891181e-11,0,-2.859794988167332e-19,1.034727858950646e-12
20,39,5.445427266222308,0.7980096522672812,-0.0264349453010168,-0.02169317924851809,-0.03142192393803596,0.5251776995886118,-0.03072665774233068,2.922238804209031,0.02896411599469868,11133.80618836217,11328.75956753762,1.446805524170093,14.74932760227518,1.014042165891181e-11,0,-2.859794988167332e-19,1.034727858950646e-12
20,40,5.585053606381854,0.7971790491772386,-0.02643312455522905,-0.01864846038723587,-0.03107680160730232,0.525939840390054,-0.03519102092212539,2.922238804208991,0.02896411599469868,11133.80618836217,11328.75956753762,1.446805524170093,14.74932760227518,1.014042165891181e-11,0,-2.859794988167332e-19,1.034727858950646e-12
20,41,5.724679946541401,0.7963529838653336,-0.02601929120098216,-0.01531063178591444,-0.03049550418522694,0.5267473076813621,-0.03903665107130713,2.922238804209196,0.02896411599469868,11133.80618836217,11328.75956753762,1.446805524170093,14.74932760227518,1.014042165891181e-11,0,-2.859794988167332e-19,1.034727858950646e-12
20,42,5.864306286700947,0.7956191079781935,-0.02533118534258149,-0.01176110443116078,-0.02983366455639703,0.5274992936588832,-0.04217782687892183,2.922238804209116,0.02896411599469868,11133.80618836217,11328.75956753762,1.446805524170093,14.74932760227518,1.014042165891181e-11,0,-2.859794988167332e-19,1.034727858950646e-12
20,43,6.003932626860494,0.7950414538231169,-0.02458208955498641,-0.008061048824478981,-0.02926906360150476,0.5281090465160618,-0.04452582443604237,2.922238804209431,0.02896411599469868,11133.80618836217,11328.75956753762,1.446805524170093,14.74932760227518,1.014042165891181e-11,0,-2.859794988167332e-19,1.034727858950646e-12
20,44,6.14355896702004,0.7946505843853103,-0.02395323471448275,-0.004258735866947434,-0.02892210968680862,0.5285287542316651,-0.04599462836521833,2.922238804208941,0.02896411599469868,11133.80618836217,11328.75956753762,1.446805524170093,14.74932760227518,1.014042165891181e-11,0,-2.859794988167332e-19,1.034727858950646e-12
21,0,0,0.7944268868551407,-0.02386646714913738,-0.0004065881752325955,-0.02922388650736903,0.5286693590877684,-0.04700081570194904,2.92223344774453,0.02925535392312861,11245.75804805064,11446.28707112277,1.447119583553367,14.74932760227518,2.903793514697204e-12,0,7.61514383317138e-18,7.527312106958561e-13
21,1,0.1396263401595464,0.7944021195691804,-0.02349212823347456,0.003478121170740335,-0.02923115418309017,0.5287320971743417,-0.04652996310522518,2.922233447744131,0.02925535392312861,11245.75804805064,11446.28707112277,1.447119583553367,14.74932760227518,2.903793514697204e-12,0,7.61514383317138e-18,7.527312106958561e-13
21,2,0.2792526803190927,0.7945543190552238,-0.02305550242973213,0.007296296168757824,-0.02922374302248295,0.5286546635400293,-0.04506311816438782,2.922233447744526,0.02925535392312861,11245.75804805064,11446.28707112277,1.447119583553367,14.74932760227518,2.903793514697204e-12,0,7.61514383317138e-18,7.527312106958561e-13
21,3,0.4188790204786391,0.7948827056487673,-0.02244522475332817,0.01099235419983462,-0.02908668658058014,0.5284537224279295,-0.04264490515796283,2.922233447744043,0.02925535392312861,11245.75804805064,11446.28707112277,1.447119583553367,14.74932760227518,2.903793514697204e-12,0,7.61514383317138e-18,7.527312106958561e-13
21,4,0.5585053606381855,0.7953863517424885,-0.02167599796489099,0.01452154492528454,-0.02879719168384646,0.5281245877418843,-0.03935258820833117,2.922233447744547,0.02925535392312861,11245.75804805064,11446.28707112277,1.447119583553367,14.74932760227518,2.903793514697204e-12,0,7.61514383317138e-18,7.527312106958561e-13
21,5,0.6981317007977318,0.7960499013083292,-0.02089756142628778,0.01784380092123461,-0.02843661394632548,0.5276540850920757,-0.03528352438724498,2.922233447744123,0.02925535392312861,11245.75804805064,11446.28707112277,1.447119583553367,14.74932760227518,2.903793514697204e-12,0,7.61514383317138e-18,7.527312106958561e-13
21,6,0.8377580409572782,0.7968314675849446,-0.02032329221326647,0.02090996848587141,-0.0281487884137599,0.5270443028091095,-0.03054502136283861,2.922233447744495,0.02925535392312861,11245.75804805064,11446.28707112277,1.447119583553367,14.74932760227518,2.903793514697204e-12,0,7.61514383317138e-18,7.527312106958561e-13
21,7,0.9773843811168246,0.7976615831375257,-0.02012465831002248,0.02365166742455558,-0.02806827896596548,0.5263296661101923,-0.02524944479535777,2.922233447744126,0.02925535392312861,11245.75804805064,11446.28707112277,1.447119583553367,14.74932760227518,2.903793514697204e-12,0,7.61514383317138e-18,7.527312106958561e-13
21,8,1.117010721276371,0.7984558547073231,-0.0203542357798211,0.02598342637741273,-0.0282570974763657,0.5255760041560956,-0.01951367631318468,2.922233447744458,0.02925535392312861,11245.75804805064,11446.28707112277,1.447119583553367,14.74932760227518,2.903793514697204e-12,0,7.61514383317138e-18,7.527312106958561e-13
21,9,1.256637061435917,0.7991355734913778,-0.02093748579202002,0.02781628992725385,-0.02868392773205808,0.524864188384383,-0.01345899777453298,2.922233447744274,0.02925535392312861,11245.75804805064,11446.28707112277,1.447119583553367,14.74932760227518,2.903793514697204e-12,0,7.61514383317138e-18,7.527312106958561e-13
21,10,1.396263401595464,0.7996451988054808,-0.0217308837816797,0.02907440300230411,-0.02925526692110977,0.5242687355889439,-0.007207361531493357,2.922233447744299,0.02925535392312861,11245.75804805064,11446.28707112277,1.447119583553367,14.74932760227518,2.903793514697204e-12,0,7.61514383317138e-18,7.527312106958561e-13
21,11,1.53588974175501,0.799957376432766,-0.02260508215990218,0.02970567076794099,-0.02987367870189227,0.5238415349012436,-0.0008742920782153375,2.922233447744301,0.02925535392312861,11245.75804805064,11446.28707112277,1.447119583553367,14.74932760227518,2.903793514697204e-12,0,7.61514383317138e-18,7.527312106958561e-13
21,12,1.675516081914556,0.8000645376917427,-0.02349712886355296,0.02968353280120196,-0.03047886232416356,0.5236075599115645,0.005436192256217563,2.922233447744335,0.02925535392312861,11245.75804805064,11446.28707112277,1.447119583553367,14.74932760227518,2.903793514697204e-12,0,7.61514383317138e-18,7.527312106958561e-13
21,13,1.815142422074103,0.7999655222600678,-0.02439791043191897,0.02900392650157186,-0.0310425190558717,0.5235732709222831,0.01162967344914402,2.922233447744357,0.02925535392312861,11245.75804805064,11446.28707112277,1.447119583553367,14.74932760227518,2.903793514697204e-12,0,7.61514383317138e-18,7.527312106958561e-13
21,14,1.954768762233649,0.799658903906444,-0.02529048255756487,0.02768393719830446,-0.03152914752048981,0.5237396294575314,0.0176141703270553,2.92223344774423,0.02925535392312861,11245.75804805064,11446.28707112277,1.447119583553367,14.74932760227518,2.903793514697204e-12,0,7.61514383317138e-18,7.527312106958561e-13
21,15,2.094395102393195,0.7991490233486043,-0.02609484697309116,0.02576447102385187,-0.0318663063996419,0.52410747144751,0.0232949261629,2.922233447744403,0.02925535392312861,11245.75804805064,11446.28707112277,1.447119583553367,14.74932760227518,2.903793514697204e-12,0,7.61514383317138e-18,7.527312106958561e-13
21,16,2.234021442552742,0.7984602186709929,-0.02666937477781009,0.02331276854642557,-0.03195967359096347,0.5246689728107055,0.02857581000428369,2.92223344774428,0.02925535392312861,11245.75804805064,11446.28707112277,1.447119583553367,14.74932760227518,2.903793514697204e-12,0,7.61514383317138e-18,7.527312106958561e-13
21,17,2.373647782712288,0.7976473856523852,-0.02687355046083003,0.02041834146009894,-0.03174750957140653,0.5253908680384737,0.03336423081824272,2.92223344774434,0.02925535392312861,11245.75804805064,11446.28707112277,1.447119583553367,14.74932760227518,2.903793514697204e-12,0,7.61514383317138e-18,7.527312106958561e-13
21,18,2.513274122871834,0.796792738322422,-0.02665080270455007,0.01718012923917291,-0.03125388158246134,0.5262039110792415,0.0375727878355229,2.922233447744191,0.02925535392312861,11245.75804805064,11446.28707112277,1.447119583553367,14.74932760227518,2.903793514697204e-12,0,7.61514383317138e-18,7.527312106958561e-13
21,19,2.652900463031381,0.7959881262962897,-0.02607593922662503,0.01368974501904632,-0.03059980152012627,0.5270112112462912,0.04111544235831033,2.922233447744365,0.02925535392312861,11245.75804805064,11446.28707112277,1.447119583553367,14.74932760227518,2.903793514697204e-12,0,7.61514383317138e-18,7.527312106958561e-13
21,20,2.792526803190927,0.7953119733714905,-0.02533241250857658,0.01002002540597543,-0.02996083080696059,0.5277147276865175,0.0439030670645964,2.922233447744363,0.02925535392312861,11245.75804805064,11446.28707112277,1.447119583553367,14.74932760227518,2.903793514697204e-12,0,7.61514383317138e-18,7.527312106958561e-13
21,21,2.932153143350474,0.7948129502327594,-0.02462563440509945,0.006225730434807933,-0.02949237885257599,0.5282448236037739,0.04584514603089797,2.922233447744232,0.02925535392312861,11245.75804805064,11446.28707112277,1.447119583553367,14.74932760227518,2.903793514697204e-12,0,7.61514383317138e-18,7.527312106958561e-13
21,22,3.07177948351002,0.7945077726930361,-0.0240792137148972,0.002354722783217122,-0.02926130718375091,0.5285756686443295,0.04686015037871441,2.922233447744392,0.02925535392312861,11245.75804805064,11446.28707112277,1.447119583553367,14.74932760227518,2.903793514697204e-12,0,7.61514383317138e-18,7.527312106958561e-13
21,23,3.211405823669566,0.7943920702896423,-0.0236772082808132,-0.001540272046899773,-0.02922002189334536,0.5287200684272148,0.04689110001403721,2.922233447744241,0.02925535392312861,11245.75804805064,11446.28707112277,1.447119583553367,14.74932760227518,2.903793514697204e-12,0,7.61514383317138e-18,7.527312106958561e-13
21,24,3.351032163829113,0.7944562795161442,-0.02329079683057412,-0.005399240082169025,-0.02923809790124219,0.5287093427608752,0.04591915585951595,2.922233447744475,0.02925535392312861,11245.75804805064,11446.28707112277,1.447119583553367,14.74932760227518,2.903793514697204e-12,0,7.61514383317138e-18,7.527312106958561e-13
21,25,3.490658503988659,0.7946963915134011,-0.02277465785932269,-0.0091626274342345,-0.02917543069564378,0.5285694841666002,0.04396872189112137,2.922233447744087,0.02925535392312861,11245.75804805064,11446.28707112277,1.447119583553367,14.74932760227518,2.903793514697204e-12,0,7.61514383317138e-18,7.527312106958561e-13
21,26,3.630284844148206,0.795113064585609,-0.02207377009361026,-0.01278027337983833,-0.02895809152070827,0.5283060697561309,0.04110225423951493,2.922233447744528,0.02925535392312861,11245.75804805064,11446.28707112277,1.447119583553367,14.74932760227518,2.903793514697204e-12,0,7.61514383317138e-18,7.527312106958561e-13
21,27,3.769911184307752,0.7957000529808147,-0.02127485711494029,-0.01621123287896477,-0.02861748125928045,0.5279075097145464,0.03740859141843774,2.922233447744085,0.02925535392312861,11245.75804805064,11446.28707112277,1.447119583553367,14.74932760227518,2.903793514697204e-12,0,7.61514383317138e-18,7.527312106958561e-13
21,28,3.909537524467298,0.7964297144123413,-0.02057202636812279,-0.0194126746991669,-0.0282740973818555,0.5273652948738441,0.03299102807107826,2.922233447744606,0.02925535392312861,11245.75804805064,11446.28707112277,1.447119583553367,14.74932760227518,2.903793514697204e-12,0,7.61514383317138e-18,7.527312106958561e-13
21,29,4.049163864626845,0.7972456087069177,-0.02017047316702078,-0.02232643724359145,-0.0280765330770915,0.5266965739396856,0.02795967673135851,2.92223344774395,0.02925535392312861,11245.75804805064,11446.28707112277,1.447119583553367,14.74932760227518,2.903793514697204e-12,0,7.61514383317138e-18,7.527312106958561e-13
21,30,4.188790204786391,0.7980685011043533,-0.02018802503261165,-0.02487447290358368,-0.02812892844826834,0.5259527576293439,0.02242908755247863,2.922233447744703,0.02925535392312861,11245.75804805064,11446.28707112277,1.447119583553367,14.74932760227518,2.903793514697204e-12,0,7.61514383317138e-18,7.527312106958561e-13
21,31,4.328416544945937,0.7988141808679876,-0.02060999680155357,-0.0269674376041737,-0.02844580144179667,0.525209822441104,0.01651851846486276,2.922233447743997,0.02925535392312861,11245.75804805064,11446.28707112277,1.447119583553367,14.74932760227518,2.903793514697204e-12,0,7.61514383317138e-18,7.527312106958561e-13
21,32,4.468042885105484,0.7994139727948283,-0.0213172226968227,-0.02852106352828179,-0.02895820399137425,0.5245480237959063,0.01035034209266494,2.922233447744622,0.02925535392312861,11245.75804805064,11446.28707112277,1.447119583553367,14.74932760227518,2.903793514697204e-12,0,7.61514383317138e-18,7.527312106958561e-13
21,33,4.60766922526503,0.7998267428658281,-0.02216356360044507,-0.02947062189134858,-0.02956341264676427,0.5240319589682696,0.004044218654441521,2.922233447743991,0.02925535392312861,11245.75804805064,11446.28707112277,1.447119583553367,14.74932760227518,2.903793514697204e-12,0,7.61514383317138e-18,7.527312106958561e-13
21,34,4.747295565424577,0.8000366708539561,-0.02305011099548187,-0.02977702151696869,-0.03018005955748051,0.5236997172279579,-0.002289825785511288,2.922233447744609,0.02925535392312861,11245.75804805064,11446.28707112277,1.447119583553367,14.74932760227518,2.903793514697204e-12,0,7.61514383317138e-18,7.527312106958561e-13
21,35,4.886921905584122,0.8000408930302032,-0.02394646740439238,-0.02942535686479222,-0.03076741736338895,0.5235653929276136,-0.008553274645448906,2.922233447744095,0.02925535392312861,11245.75804805064,11446.28707112277,1.447119583553367,14.74932760227518,2.903793514697204e-12,0,7.61514383317138e-18,7.527312106958561e-13
21,36,5.026548245743669,0.7998381792939609,-0.0248484135678421,-0.02842202868120485,-0.03129904331949303,0.5236312814223403,-0.01465388548287474,2.92223344774451,0.02925535392312861,11245.75804805064,11446.28707112277,1.447119583553367,14.74932760227518,2.903793514697204e-12,0,7.61514383317138e-18,7.527312106958561e-13
21,37,5.166174585903216,0.7994284927265009,-0.02571159829667639,-0.02679555064381571,-0.03172231585107377,0.5238984644253243,-0.02049854965103078,2.922233447744134,0.02925535392312861,11245.75804805064,11446.28707112277,1.447119583553367,14.74932760227518,2.903793514697204e-12,0,7.61514383317138e-18,7.527312106958561e-13
21,38,5.305800926062762,0.7988243151377868,-0.02642066266575959,-0.02459996470500429,-0.03194883707051664,0.5243653034521568,-0.02599127117835079,2.922233447744481,0.02925535392312861,11245.75804805064,11446.28707112277,1.447119583553367,14.74932760227518,2.903793514697204e-12,0,7.61514383317138e-18,7.527312106958561e-13
21,39,5.445427266222308,0.7980646566723144,-0.02682411085081459,-0.02191473471930672,-0.03189269360472905,0.5250133444259704,-0.03103713859315979,2.922233447744231,0.02925535392312861,11245.75804805064,11446.28707112277,1.447119583553367,14.74932760227518,2.903793514697204e-12,0,7.61514383317138e-18,7.527312106958561e-13
21,40,5.585053606381854,0.7972194990155278,-0.02681405577464442,-0.01883612747782972,-0.03153032921928817,0.5257916513473799,-0.03554633398706054,2.922233447744276,0.02925535392312861,11245.75804805064,11446.28707112277,1.447119583553367,14.74932760227518,2.903793514697204e-12,0,7.61514383317138e-18,7.527312106958561e-13
21,41,5.724679946541401,0.7963787110958181,-0.02639768445742222,-0.01546140810045527,-0.03093640013031126,0.5266147597150019,-0.03943282794739702,2.922233447744353,0.02925535392312861,11245.75804805064,11446.28707112277,1.447119583553367,14.74932760227518,2.903793514697204e-12,0,7.61514383317138e-18,7.527312106958561e-13
21,42,5.864306286700947,0.7956301516401681,-0.02571164555764989,-0.01187355405184713,-0.03026730817907974,0.5273812412333702,-0.04260934001969897,2.922233447744209,0.02925535392312861,11245.75804805064,11446.28707112277,1.447119583553367,14.74932760227518,2.903793514697204e-12,0,7.61514383317138e-18,7.527312106958561e-13
21,43,6.003932626860494,0.7950386046847279,-0.0249637428709755,-0.008135461916459263,-0.02969845650074776,0.528004130184424,-0.04498527859294035,2.922233447744494,0.02925535392312861,11245.75804805064,11446.28707112277,1.447119583553367,14.74932760227518,2.903793514697204e-12,0,7.61514383317138e-18,7.527312106958561e-13
21,44,6.14355896702004,0.7946360971749703,-0.02432997932041867,-0.004296723239699147,-0.02934755765903049,0.5284350700186555,-0.04647285721120369,2.922233447744099,0.02925535392312861,11245.75804805064,11446.28707112277,1.447119583553367,14.74932760227518,2.903793514697204e-12,0,7.61514383317138e-18,7.527312106958561e-13
22,0,0,0.79440652822317,-0.02424491497712934,-0.0004104010501454017,-0.02966223952320849,0.5285790780817742,-0.04748310420843864,2.922228085850847,0.02954368340105643,11356.59189936609,11562.75536761691,1.447433642936641,14.74932760227518,1.440538503801373e-12,0,-2.553063182142868e-18,5.933031843596837e-13
22,1,0.1396263401595464,0.7943793345619437,-0.02385930043770752,0.003507313178881753,-0.02966916800888396,0.5286457221652098,-0.04700890108009464,2.922228085850494,0.02954368340105643,11356.59189936609,11562.75536761691,1.447433642936641,14.74932760227518,1.440538503801373e-12,0,-2.553063182142868e-18,5.933031843596837e-13
22,2,0.2792526803190927,0.794534047681817,-0.02341395418887354,0.007358136799693966,-0.02966496323713555,0.528568184042847,-0.04552649484582691,2.922228085850842,0.02954368340105643,11356.59189936609,11562.75536761691,1.447433642936641,14.74932760227518,1.440538503801373e-12,0,-2.553063182142868e-18,5.933031843596837e-13
22,3,0.4188790204786391,0.7948690130882453,-0.02279944541974331,0.01108712970496611,-0.02953416646053429,0.52836375268552,-0.04308070512690883,2.922228085850444,0.02954368340105643,11356.59189936609,11562.75536761691,1.447433642936641,14.74932760227518,1.440538503801373e-12,0,-2.553063182142868e-18,5.933031843596837e-13
22,4,0.5585053606381855,0.7953820050910229,-0.02202846092762879,0.01464956267484335,-0.02925112693747258,0.528028841032949,-0.03974988982286182,2.922228085850853,0.02954368340105643,11356.59189936609,11562.75536761691,1.447433642936641,14.74932760227518,1.440538503801373e-12,0,-2.553063182142868e-18,5.933031843596837e-13
22,5,0.6981317007977318,0.7960565952250296,-0.02124588979679619,0.01800479800219258,-0.02889305968847162,0.5275512115380041,-0.03563335225454891,2.922228085850484,0.02954368340105643,11356.59189936609,11562.75536761691,1.447433642936641,14.74932760227518,1.440538503801373e-12,0,-2.553063182142868e-18,5.933031843596837e-13
22,6,0.8377580409572782,0.7968504538593506,-0.02066101381022864,0.0211028268126619,-0.02860091822627691,0.5269331488672363,-0.03084084361730663,2.922228085850817,0.02954368340105643,11356.59189936609,11562.75536761691,1.447433642936641,14.74932760227518,1.440538503801373e-12,0,-2.553063182142868e-18,5.933031843596837e-13
22,7,0.9773843811168246,0.7976941876684716,-0.02044562013754619,0.02387438631731126,-0.02851011348347759,0.5262085376064995,-0.02548710210349917,2.922228085850526,0.02954368340105643,11356.59189936609,11562.75536761691,1.447433642936641,14.74932760227518,1.440538503801373e-12,0,-2.553063182142868e-18,5.933031843596837e-13
22,8,1.117010721276371,0.7985034199271065,-0.02065804160635165,0.02623309310314607,-0.02868780413113106,0.5254425181701569,-0.01969081185097972,2.922228085850771,0.02954368340105643,11356.59189936609,11562.75536761691,1.447433642936641,14.74932760227518,1.440538503801373e-12,0,-2.553063182142868e-18,5.933031843596837e-13
22,9,1.256637061435917,0.799198744749506,-0.0212323649190942,0.02808887662613544,-0.02910994754272361,0.524715846718393,-0.0135743546906813,2.922228085850616,0.02954368340105643,11356.59189936609,11562.75536761691,1.447433642936641,14.74932760227518,1.440538503801373e-12,0,-2.553063182142868e-18,5.933031843596837e-13
22,10,1.396263401595464,0.7997229516114164,-0.02203182010559778,0.02936448418113034,-0.02968847184738148,0.5241039875287518,-0.007260382682513608,2.922228085850653,0.02954368340105643,11356.59189936609,11562.75536761691,1.447433642936641,14.74932760227518,1.440538503801373e-12,0,-2.553063182142868e-18,5.933031843596837e-13
22,11,1.53588974175501,0.8000464244294992,-0.02292782833980523,0.03000633860330843,-0.03032611501759802,0.5236609302224129,-0.0008651844438769204,2.922228085850663,0.02954368340105643,11356.59189936609,11562.75536761691,1.447433642936641,14.74932760227518,1.440538503801373e-12,0,-2.553063182142868e-18,5.933031843596837e-13
22,12,1.675516081914556,0.800159577711136,-0.02385125014545511,0.02998673335616535,-0.03095685491473821,0.5234144423226511,0.005506173758690906,2.922228085850644,0.02954368340105643,11356.59189936609,11562.75536761691,1.447433642936641,14.74932760227518,1.440538503801373e-12,0,-2.553063182142868e-18,5.933031843596837e-13
22,13,1.815142422074103,0.8000602825388764,-0.02478275368150697,0.02930118340515663,-0.03154343168627428,0.5233735281098234,0.01175814485067478,2.922228085850701,0.02954368340105643,11356.59189936609,11562.75536761691,1.447433642936641,14.74932760227518,1.440538503801373e-12,0,-2.553063182142868e-18,5.933031843596837e-13
22,14,1.954768762233649,0.7997475023808336,-0.02569630655579521,0.02796716669665203,-0.0320425542681261,0.5235405013424854,0.01779795832562104,2.922228085850596,0.02954368340105643,11356.59189936609,11562.75536761691,1.447433642936641,14.74932760227518,1.440538503801373e-12,0,-2.553063182142868e-18,5.933031843596837e-13
22,15,2.094395102393195,0.7992270008071254,-0.0265082252782739,0.02602655345933576,-0.03237874725732243,0.5239159335154565,0.02353065716377285,2.922228085850732,0.02954368340105643,11356.59189936609,11562.75536761691,1.447433642936641,14.74932760227518,1.440538503801373e-12,0,-2.553063182142868e-18,5.933031843596837e-13
22,16,2.234021442552742,0.7985248503365157,-0.02707955329882895,0.02354776306196363,-0.03246020432468101,0.5244903381038633,0.02886033227348748,2.922228085850592,0.02954368340105643,11356.59189936609,11562.75536761691,1.447433642936641,14.74932760227518,1.440538503801373e-12,0,-2.553063182142868e-18,5.933031843596837e-13
22,17,2.373647782712288,0.7976973325254634,-0.02727623540483045,0.02062150150065678,-0.03223111794345721,0.525228091129783,0.03369454453039742,2.922228085850694,0.02954368340105643,11356.59189936609,11562.75536761691,1.447433642936641,14.74932760227518,1.440538503801373e-12,0,-2.553063182142868e-18,5.933031843596837e-13
22,18,2.513274122871834,0.7968274761839882,-0.02704767433237474,0.01734796320129307,-0.03172145799452201,0.5260577643417057,0.0379454931285417,2.922228085850569,0.02954368340105643,11356.59189936609,11562.75536761691,1.447433642936641,14.74932760227518,1.440538503801373e-12,0,-2.553063182142868e-18,5.933031843596837e-13
22,19,2.652900463031381,0.7960076419350819,-0.02647079196922527,0.01382021169566271,-0.03105548955147667,0.5268810218871798,0.04152601011725255,2.92222808585069,0.02954368340105643,11356.59189936609,11562.75536761691,1.447433642936641,14.74932760227518,1.440538503801373e-12,0,-2.553063182142868e-18,5.933031843596837e-13
22,20,2.792526803190927,0.7953169356441129,-0.02572680487313356,0.01011268875932529,-0.03040887380592051,0.5275990325662371,0.04434528481864897,2.922228085850671,0.02954368340105643,11356.59189936609,11562.75536761691,1.447433642936641,14.74932760227518,1.440538503801373e-12,0,-2.553063182142868e-18,5.933031843596837e-13
22,21,2.932153143350474,0.7948051675751288,-0.02501708387726037,0.006281566881014397,-0.02993542770618605,0.5281415367582706,0.04631092643007929,2.922228085850623,0.02954368340105643,11356.59189936609,11562.75536761691,1.447433642936641,14.74932760227518,1.440538503801373e-12,0,-2.553063182142868e-18,5.933031843596837e-13
22,22,3.07177948351002,0.7944905099323866,-0.02446297738612943,0.002375455041512159,-0.02970082459161368,0.5284819354224661,0.04733968291936154,2.92222808585072,0.02954368340105643,11356.59189936609,11562.75536761691,1.447433642936641,14.74932760227518,1.440538503801373e-12,0,-2.553063182142868e-18,5.933031843596837e-13
22,23,3.211405823669566,0.7943698588008691,-0.02404994005519554,-0.001553062561147927,-0.02965781336336874,0.5286322522225468,0.04737322041231095,2.922228085850585,0.02954368340105643,11356.59189936609,11562.75536761691,1.447433642936641,14.74932760227518,1.440538503801373e-12,0,-2.553063182142868e-18,5.933031843596837e-13
22,24,3.351032163829113,0.7944341711368086,-0.0236530848578593,-0.005444748793537304,-0.02967724784638546,0.528623394174588,0.04639184708410329,2.922228085850774,0.02954368340105643,11356.59189936609,11562.75536761691,1.447433642936641,14.74932760227518,1.440538503801373e-12,0,-2.553063182142868e-18,5.933031843596837e-13
22,25,3.490658503988659,0.7946789804192391,-0.02313046374594783,-0.009240882170030527,-0.02961952543268104,0.5284816189809025,0.04441976572244864,2.922228085850503,0.02954368340105643,11356.59189936609,11562.75536761691,1.447433642936641,14.74932760227518,1.440538503801373e-12,0,-2.553063182142868e-18,5.933031843596837e-13
22,26,3.630284844148206,0.7951037782826132,-0.02242707373510986,-0.01289165635044081,-0.02940902879031482,0.5282134263721219,0.04152006593827139,2.922228085850819,0.02954368340105643,11356.59189936609,11562.75536761691,1.447433642936641,14.74932760227518,1.440538503801373e-12,0,-2.553063182142868e-18,5.933031843596837e-13
22,27,3.769911184307752,0.7957010586895098,-0.02162587363708926,-0.01635582399148476,-0.02907340857541492,0.527808335130988,0.03778313084964804,2.92222808585045,0.02954368340105643,11356.59189936609,11562.75536761691,1.447433642936641,14.74932760227518,1.440538503801373e-12,0,-2.553063182142868e-18,5.933031843596837e-13
22,28,3.909537524467298,0.7964424003901671,-0.02091597376773947,-0.01958979803568326,-0.02872929263869405,0.5272584468014521,0.03331451264350807,2.922228085850905,0.02954368340105643,11356.59189936609,11562.75536761691,1.447433642936641,14.74932760227518,1.440538503801373e-12,0,-2.553063182142868e-18,5.933031843596837e-13
22,29,4.049163864626845,0.7972712274564555,-0.02050033791850469,-0.02253453045404748,-0.02852402945203088,0.5265806930879724,0.02822680653213082,2.922228085850375,0.02954368340105643,11356.59189936609,11562.75536761691,1.447433642936641,14.74932760227518,1.440538503801373e-12,0,-2.553063182142868e-18,5.933031843596837e-13
22,30,4.188790204786391,0.7981084390305394,-0.02049993537307236,-0.02511109268624065,-0.02856485573151262,0.5258257762429077,0.02263669511306044,2.922228085850969,0.02954368340105643,11356.59189936609,11562.75536761691,1.447433642936641,14.74932760227518,1.440538503801373e-12,0,-2.553063182142868e-18,5.933031843596837e-13
22,31,4.328416544945937,0.7988695513175271,-0.02090778597540361,-0.02722914934648011,-0.02887292761975882,0.5250691899583939,0.01666487439356126,2.922228085850378,0.02954368340105643,11356.59189936609,11562.75536761691,1.447433642936641,14.74932760227518,1.440538503801373e-12,0,-2.553063182142868e-18,5.933031843596837e-13
22,32,4.468042885105484,0.7994846989879545,-0.02161303800054308,-0.02880317064071574,-0.02938617357654017,0.5243915661171358,0.01043455913913437,2.922228085850924,0.02954368340105643,11356.59189936609,11562.75536761691,1.447433642936641,14.74932760227518,1.440538503801373e-12,0,-2.553063182142868e-18,5.933031843596837e-13
22,33,4.60766922526503,0.7999106967868788,-0.02247367625087395,-0.02976694486777765,-0.03000496376378257,0.5238590460072247,0.004066090254953215,2.922228085850383,0.02954368340105643,11356.59189936609,11562.75536761691,1.447433642936641,14.74932760227518,1.440538503801373e-12,0,-2.553063182142868e-18,5.933031843596837e-13
22,34,4.747295565424577,0.8001294696817045,-0.02338794990300566,-0.03008000876070997,-0.03064501669540254,0.523512260658066,-0.002329600682273874,2.922228085850891,0.02954368340105643,11356.59189936609,11562.75536761691,1.447433642936641,14.74932760227518,1.440538503801373e-12,0,-2.553063182142868e-18,5.933031843596837e-13
22,35,4.886921905584122,0.8001365837073454,-0.02431668810959196,-0.02972663815168608,-0.03125776619816702,0.5233681060404232,-0.00865286106312939,2.922228085850472,0.02954368340105643,11356.59189936609,11562.75536761691,1.447433642936641,14.74932760227518,1.440538503801373e-12,0,-2.553063182142868e-18,5.933031843596837e-13
22,36,5.026548245743669,0.799930521665974,-0.0252453523716253,-0.02871323109732798,-0.03180783288703666,0.5234309192616788,-0.01481043840785077,2.922228085850831,0.02954368340105643,11356.59189936609,11562.75536761691,1.447433642936641,14.74932760227518,1.440538503801373e-12,0,-2.553063182142868e-18,5.933031843596837e-13
22,37,5.166174585903216,0.7995122277796283,-0.0261228439909351,-0.02706902433111452,-0.03223688173905986,0.5237023370395083,-0.02070872200646397,2.9222280858505,0.02954368340105643,11356.59189936609,11562.75536761691,1.447433642936641,14.74932760227518,1.440538503801373e-12,0,-2.553063182142868e-18,5.933031843596837e-13
22,38,5.305800926062762,0.7988958602240875,-0.02683342229295566,-0.02484917099378051,-0.03245636071903091,0.5241796945280899,-0.02625177402029385,2.922228085850785,0.02954368340105643,11356.59189936609,11562.75536761691,1.447433642936641,14.74932760227518,1.440538503801373e-12,0,-2.553063182142868e-18,5.933031843596837e-13
22,39,5.445427266222308,0.7981220501608908,-0.02723064436817313,-0.02213433009112317,-0.03238498074747195,0.52484241918584,-0.03134493964444401,2.922228085850585,0.02954368340105643,11356.59189936609,11562.75536761691,1.447433642936641,14.74932760227518,1.440538503801373e-12,0,-2.553063182142868e-18,5.933031843596837e-13
22,40,5.585053606381854,0.7972618734087079,-0.02721337876249198,-0.01902197584653632,-0.03200552745299193,0.52563720286452,-0.03589832255079299,2.922228085850632,0.02954368340105643,11356.59189936609,11562.75536761691,1.447433642936641,14.74932760227518,1.440538503801373e-12,0,-2.553063182142868e-18,5.933031843596837e-13
22,41,5.724679946541401,0.7964058060251578,-0.02679312799706148,-0.0156107142222579,-0.03139744411417441,0.5264767353653206,-0.03982512672403177,2.922228085850687,0.02954368340105643,11356.59189936609,11562.75536761691,1.447433642936641,14.74932760227518,1.440538503801373e-12,0,-2.553063182142868e-18,5.933031843596837e-13
22,42,5.864306286700947,0.7956422471165404,-0.02610632765356589,-0.01198507496190595,-0.03071872886869269,0.527258518939573,-0.04303662656147171,2.92222808585056,0.02954368340105643,11356.59189936609,11562.75536761691,1.447433642936641,14.74932760227518,1.440538503801373e-12,0,-2.553063182142868e-18,5.933031843596837e-13
22,43,6.003932626860494,0.795036880112215,-0.02535719318229262,-0.008209522774759191,-0.03014377603599156,0.5278949440739736,-0.04544040305443814,2.92222808585081,0.02954368340105643,11356.59189936609,11562.75536761691,1.447433642936641,14.74932760227518,1.440538503801373e-12,0,-2.553063182142868e-18,5.933031843596837e-13
22,44,6.14355896702004,0.7946230754865103,-0.02471817839806947,-0.004334780884084132,-0.02978867374043363,0.5283369694878945,-0.04694683495694592,2.922228085850488,0.02954368340105643,11356.59189936609,11562.75536761691,1.447433642936641,14.74932760227518,1.440538503801373e-12,0,-2.553063182142868e-18,5.933031843596837e-13
23,0,0,0.7943879073391465,-0.02463820381751245,-0.0004144421658854336,-0.03011896983294439,0.5284835836559495,-0.04796137736173968,2.922222718547486,0.02982918024820628,11466.33688741049,11678.18410211348,1.447747702319915,14.74932760227518,9.804484139640091e-13,0,-4.373548744029173e-18,3.677058657558518e-13
23,1,0.1396263401595464,0.7943582455173339,-0.02424385857866056,0.003536094116151587,-0.03012731085238524,0.5285538392623422,-0.04748394622604237,2.922222718547279,0.02982918024820628,11466.33688741049,11678.18410211348,1.447747702319915,14.74932760227518,9.804484139640091e-13,0,-4.373548744029173e-18,3.677058657558518e-13
23,2,0.2792526803190927,0.7945151373640361,-0.02379181345321427,0.007419288067086,-0.03012774649403502,0.5284762149309955,-0.04598607804489713,2.922222718547509,0.02982918024820628,11466.33688741049,11678.18410211348,1.447747702319915,14.74932760227518,9.804484139640091e-13,0,-4.373548744029173e-18,3.677058657558518e-13
23,3,0.4188790204786391,0.7948561773549672,-0.02317342904318754,0.01118074230463462,-0.030003583236569,0.5282687137554568,-0.04351282974769451,2.922222718547258,0.02982918024820628,11466.33688741049,11678.18410211348,1.447747702319915,14.74932760227518,9.804484139640091e-13,0,-4.373548744029173e-18,3.677058657558518e-13
23,4,0.5585053606381855,0.7953780773002858,-0.02239927946272828,0.0147757926915799,-0.02972625137913999,0.5279286807286239,-0.04014370048841207,2.922222718547459,0.02982918024820628,11466.33688741049,11678.18410211348,1.447747702319915,14.74932760227518,9.804484139640091e-13,0,-4.373548744029173e-18,3.677058657558518e-13
23,5,0.6981317007977318,0.7960635380365532,-0.02161038416144349,0.01816339264432676,-0.02936945027058016,0.5274445012365176,-0.03597994624764135,2.922222718547315,0.02982918024820628,11466.33688741049,11678.18410211348,1.447747702319915,14.74932760227518,9.804484139640091e-13,0,-4.373548744029173e-18,3.677058657558518e-13
23,6,0.8377580409572782,0.7968698309499503,-0.02101331198438582,0.02129284268505415,-0.02907214681577092,0.5268184059624927,-0.03113372211670683,2.922222718547459,0.02982918024820628,11466.33688741049,11678.18410211348,1.447747702319915,14.74932760227518,9.804484139640091e-13,0,-4.373548744029173e-18,3.677058657558518e-13
23,7,0.9773843811168246,0.7977274989879315,-0.0207810423668346,0.02409406087506348,-0.02897118284990681,0.5260836960148754,-0.02572209013072967,2.922222718547328,0.02982918024820628,11466.33688741049,11678.18410211348,1.447747702319915,14.74932760227518,9.804484139640091e-13,0,-4.373548744029173e-18,3.677058657558518e-13
23,8,1.117010721276371,0.7985519570031938,-0.02097749497872203,0.02647969887075674,-0.02913875277651001,0.5253049763051663,-0.01986552943622963,2.9222227185474,0.02982918024820628,11466.33688741049,11678.18410211348,1.447747702319915,14.74932760227518,9.804484139640091e-13,0,-4.373548744029173e-18,3.677058657558518e-13
23,9,1.256637061435917,0.7992629444601639,-0.02154433044712911,0.02835847100040714,-0.02955735302419255,0.5245631159082342,-0.01368757798416389,2.922222718547415,0.02982918024820628,11466.33688741049,11678.18410211348,1.447747702319915,14.74932760227518,9.804484139640091e-13,0,-4.373548744029173e-18,3.677058657558518e-13
23,10,1.396263401595464,0.7998016016377828,-0.02235032683016816,0.02965166387175286,-0.03014349383397551,0.5239346816483176,-0.00731167424160092,2.922222718547327,0.02982918024820628,11466.33688741049,11678.18410211348,1.447747702319915,14.74932760227518,9.804484139640091e-13,0,-4.373548744029173e-18,3.677058657558518e-13
23,11,1.53588974175501,0.8001362364831631,-0.02326714620246725,0.03030422236944302,-0.03079974256031912,0.5234757418799854,-0.0008549181185715886,2.922222718547418,0.02982918024820628,11466.33688741049,11678.18410211348,1.447747702319915,14.74932760227518,9.804484139640091e-13,0,-4.373548744029173e-18,3.677058657558518e-13
23,12,1.675516081914556,0.8002554645807139,-0.0242200083548011,0.03028732662751676,-0.03145479320239503,0.5232166730751556,0.005576613622612629,2.922222718547336,0.02982918024820628,11466.33688741049,11678.18410211348,1.447747702319915,14.74932760227518,9.804484139640091e-13,0,-4.373548744029173e-18,3.677058657558518e-13
23,13,1.815142422074103,0.8001562753710515,-0.02518063659262336,0.02959606739361936,-0.03206334941631453,0.5231688217659042,0.01188633965850704,2.922222718547469,0.02982918024820628,11466.33688741049,11678.18410211348,1.447747702319915,14.74932760227518,9.804484139640091e-13,0,-4.373548744029173e-18,3.677058657558518e-13
23,14,1.954768762233649,0.7998379005375762,-0.02611502722363998,0.02824825879498052,-0.03257506511303094,0.5233358121625533,0.01798077538122407,2.922222718547278,0.02982918024820628,11466.33688741049,11678.18410211348,1.447747702319915,14.74932760227518,9.804484139640091e-13,0,-4.373548744029173e-18,3.677058657558518e-13
23,15,2.094395102393195,0.799307263057832,-0.02693598318607272,0.02628667020656066,-0.03291141895134801,0.5237181371374152,0.02376476829358645,2.922222718547474,0.02982918024820628,11466.33688741049,11678.18410211348,1.447747702319915,14.74932760227518,9.804484139640091e-13,0,-4.373548744029173e-18,3.677058657558518e-13
23,16,2.234021442552742,0.7985919332025171,-0.02750631592892729,0.02378089418446276,-0.03298234998251185,0.5243049684608172,0.02914259153880887,2.922222718547308,0.02982918024820628,11466.33688741049,11678.18410211348,1.447747702319915,14.74932760227518,9.804484139640091e-13,0,-4.373548744029173e-18,3.677058657558518e-13
23,17,2.373647782712288,0.7977495224615759,-0.02769704103392346,0.02082290733700727,-0.03273698667282436,0.525058580544066,0.03402194655748715,2.922222718547427,0.02982918024820628,11466.33688741049,11678.18410211348,1.447747702319915,14.74932760227518,9.804484139640091e-13,0,-4.373548744029173e-18,3.677058657558518e-13
23,18,2.513274122871834,0.7968640317939161,-0.02746256128053351,0.0175142668237195,-0.03221065509678014,0.5259053730354983,0.03831469125153513,2.922222718547264,0.02982918024820628,11466.33688741049,11678.18410211348,1.447747702319915,14.74932760227518,9.804484139640091e-13,0,-4.373548744029173e-18,3.677058657558518e-13
23,19,2.652900463031381,0.7960285959462114,-0.02688199439620993,0.01394953668804735,-0.03153113205685679,0.5267452991493359,0.04193262705400774,2.922222718547443,0.02982918024820628,11466.33688741049,11678.18410211348,1.447747702319915,14.74932760227518,9.804484139640091e-13,0,-4.373548744029173e-18,3.677058657558518e-13
23,20,2.792526803190927,0.7953232026692212,-0.02613543440043881,0.01020470186795375,-0.03087508057468314,0.5274783621359453,0.04478332779561143,2.92222271854736,0.02982918024820628,11466.33688741049,11678.18410211348,1.447747702319915,14.74932760227518,9.804484139640091e-13,0,-4.373548744029173e-18,3.677058657558518e-13
23,21,2.932153143350474,0.7947988190685806,-0.0254216569921579,0.006337209341481117,-0.03039572326374475,0.528033434472539,0.04677251571453264,2.922222718547386,0.02982918024820628,11466.33688741049,11678.18410211348,1.447747702319915,14.74932760227518,9.804484139640091e-13,0,-4.373548744029173e-18,3.677058657558518e-13
23,22,3.07177948351002,0.7944749089409338,-0.02486058780612585,0.002396309359078821,-0.03015804190486703,0.5283831681002205,0.04781513192414062,2.922222718547394,0.02982918024820628,11466.33688741049,11678.18410211348,1.447747702319915,14.74932760227518,9.804484139640091e-13,0,-4.373548744029173e-18,3.677058657558518e-13
23,23,3.211405823669566,0.7943494013097531,-0.02443875500280378,-0.001565535310815817,-0.03011483440226076,0.5285390511386439,0.04785139041695547,2.922222718547385,0.02982918024820628,11466.33688741049,11678.18410211348,1.447747702319915,14.74932760227518,9.804484139640091e-13,0,-4.373548744029173e-18,3.677058657558518e-13
23,24,3.351032163829113,0.7944136242133258,-0.02403392514406809,-0.005489728276922408,-0.03013734257844493,0.528531896094442,0.04686069626434972,2.922222718547414,0.02982918024820628,11466.33688741049,11678.18410211348,1.447747702319915,14.74932760227518,9.804484139640091e-13,0,-4.373548744029173e-18,3.677058657558518e-13
23,25,3.490658503988659,0.794662685753506,-0.02350609803065465,-0.00931823609377979,-0.03008552487168099,0.5283884289916222,0.0448670692587665,2.922222718547301,0.02982918024820628,11466.33688741049,11678.18410211348,1.447747702319915,14.74932760227518,9.804484139640091e-13,0,-4.373548744029173e-18,3.677058657558518e-13
23,26,3.630284844148206,0.795095106345114,-0.02279961575054317,-0.01300157446379355,-0.02988164308048248,0.5281160307495592,0.04193428454086631,2.92222271854747,0.02982918024820628,11466.33688741049,11678.18410211348,1.447747702319915,14.74932760227518,9.804484139640091e-13,0,-4.373548744029173e-18,3.677058657558518e-13
23,27,3.769911184307752,0.7957023574368052,-0.02199416061383149,-0.01649830700503895,-0.02954990852957174,0.5277050647476994,0.03815430045625608,2.922222718547272,0.02982918024820628,11466.33688741049,11678.18410211348,1.447747702319915,14.74932760227518,9.804484139640091e-13,0,-4.373548744029173e-18,3.677058657558518e-13
23,28,3.909537524467298,0.7964553721897562,-0.02127514157257036,-0.01976427005289548,-0.02920390982331615,0.5271479351646127,0.03363490772207062,2.92222271854749,0.02982918024820628,11466.33688741049,11678.18410211348,1.447747702319915,14.74932760227518,9.804484139640091e-13,0,-4.373548744029173e-18,3.677058657558518e-13
23,29,4.049163864626845,0.7972973870224028,-0.02084452151177187,-0.02273965161270548,-0.02899055879184709,0.5264612016190706,0.02849113370845303,2.922222718547232,0.02982918024820628,11466.33688741049,11678.18410211348,1.447747702319915,14.74932760227518,9.804484139640091e-13,0,-4.373548744029173e-18,3.677058657558518e-13
23,30,4.188790204786391,0.7981492358440616,-0.02082678847114724,-0.02534464292762219,-0.02902044819864628,0.52569492342105,0.02284175983252159,2.922222718547572,0.02982918024820628,11466.33688741049,11678.18410211348,1.447747702319915,14.74932760227518,9.804484139640091e-13,0,-4.373548744029173e-18,3.677058657558518e-13
23,31,4.328416544945937,0.7989259514219793,-0.02122199311040562,-0.02748782932871694,-0.02932090882247722,0.5249243207473496,0.01680894493583367,2.922222718547205,0.02982918024820628,11466.33688741049,11678.18410211348,1.447747702319915,14.74932760227518,9.804484139640091e-13,0,-4.373548744029173e-18,3.677058657558518e-13
23,32,4.468042885105484,0.799556402625244,-0.02192635789966561,-0.02908232920410855,-0.02983587279628548,0.5242306110341095,0.01051682492306435,2.922222718547529,0.02982918024820628,11466.33688741049,11678.18410211348,1.447747702319915,14.74932760227518,9.804484139640091e-13,0,-4.373548744029173e-18,3.677058657558518e-13
23,33,4.60766922526503,0.7999954666543415,-0.02280103596860002,-0.03006041956266836,-0.03046814151580307,0.5236815533839089,0.004086497147992795,2.922222718547235,0.02982918024820628,11466.33688741049,11678.18410211348,1.447747702319915,14.74932760227518,9.804484139640091e-13,0,-4.373548744029173e-18,3.677058657558518e-13
23,34,4.747295565424577,0.8002230368992154,-0.0237414385580955,-0.03038029162880719,-0.03113056628472179,0.5233202062153712,-0.002370194886251732,2.922222718547526,0.02982918024820628,11466.33688741049,11678.18410211348,1.447747702319915,14.74932760227518,9.804484139640091e-13,0,-4.373548744029173e-18,3.677058657558518e-13
23,35,4.886921905584122,0.8002332789966158,-0.02470061997735763,-0.0300254246516975,-0.03176749346940932,0.5231660499854964,-0.008752536610602313,2.922222718547248,0.02982918024820628,11466.33688741049,11678.18410211348,1.447747702319915,14.74932760227518,9.804484139640091e-13,0,-4.373548744029173e-18,3.677058657558518e-13
23,36,5.026548245743669,0.8000243723322483,-0.02565503911427977,-0.02900218294030321,-0.03233552696112,0.5232253238938382,-0.0149663604428905,2.922222718547496,0.02982918024820628,11466.33688741049,11678.18410211348,1.447747702319915,14.74932760227518,9.804484139640091e-13,0,-4.373548744029173e-18,3.677058657558518e-13
23,37,5.166174585903216,0.7995980329470597,-0.02654755993563843,-0.02734045681077114,-0.0327710212930155,0.5235002934380026,-0.02091759552252201,2.922222718547301,0.02982918024820628,11466.33688741049,11678.18410211348,1.447747702319915,14.74932760227518,9.804484139640091e-13,0,-4.373548744029173e-18,3.677058657558518e-13
23,38,5.305800926062762,0.7989698220130842,-0.0272616595376392,-0.02509646831365772,-0.03298484057866168,0.5239875411585084,-0.02651033689725526,2.922222718547437,0.02982918024820628,11466.33688741049,11678.18410211348,1.447747702319915,14.74932760227518,9.804484139640091e-13,0,-4.373548744029173e-18,3.677058657558518e-13
23,39,5.445427266222308,0.7981818320716282,-0.0276546944413099,-0.02235210878862453,-0.03289934910788725,0.5246646921450642,-0.03165015200194285,2.922222718547321,0.02982918024820628,11466.33688741049,11678.18410211348,1.447747702319915,14.74932760227518,9.804484139640091e-13,0,-4.373548744029173e-18,3.677058657558518e-13
23,40,5.585053606381854,0.7973062894268331,-0.02763099812399113,-0.01920616212556699,-0.03250283016664651,0.5254762155549899,-0.03624708902072233,2.922222718547372,0.02982918024820628,11466.33688741049,11678.18410211348,1.447747702319915,14.74932760227518,9.804484139640091e-13,0,-4.373548744029173e-18,3.677058657558518e-13
23,41,5.724679946541401,0.7964345074138941,-0.02720589816826591,-0.01575866490517591,-0.03187935751952042,0.5263328180935259,-0.04021367174825696,2.922222718547387,0.02982918024820628,11466.33688741049,11678.18410211348,1.447747702319915,14.74932760227518,9.804484139640091e-13,0,-4.373548744029173e-18,3.677058657558518e-13
23,42,5.864306286700947,0.7956556774308331,-0.02651626504007433,-0.0120956949935802,-0.03118915637916254,0.5271305822412303,-0.04345982151437815,2.922222718547301,0.02982918024820628,11466.33688741049,11678.18410211348,1.447747702319915,14.74932760227518,9.804484139640091e-13,0,-4.373548744029173e-18,3.677058657558518e-13
23,43,6.003932626860494,0.7950364990466331,-0.02576412260540715,-0.008283174679711269,-0.03060664316050552,0.5277809176858778,-0.04589132267852065,2.92222271854749,0.02982918024820628,11466.33688741049,11678.18410211348,1.447747702319915,14.74932760227518,9.804484139640091e-13,0,-4.373548744029173e-18,3.677058657558518e-13
23,44,6.14355896702004,0.7946116043077619,-0.02511962459779013,-0.004372822277838387,-0.03024709159466242,0.5282339799524186,-0.04741666653141786,2.922222718547293,0.02982918024820628,11466.33688741049,11678.18410211348,1.447747702319915,14.74932760227518,9.804484139640091e-13,0,-4.373548744029173e-18,3.677058657558518e-13
24,0,0,0.7943710417681535,-0.02504757608344604,-0.0004186831184146662,-0.0305953640972256,0.5283825091490271,-0.04843573434576032,2.922217345856227,0.0301119158444551,11575.02045060854,11792.59312495219,1.448061761703188,14.74932760227518,4.597768837126499e-13,0,1.046530382156369e-17,8.602007994795713e-13
24,1,0.1396263401595464,0.7943388435417678,-0.02464651514862211,0.003564445431010472,-0.03060650497226486,0.5284561704294037,-0.04795521091596845,2.922217345856591,0.0301119158444551,11575.02045060854,11792.59312495219,1.448061761703188,14.74932760227518,4.597768837126499e-13,0,1.046530382156369e-17,8.602007994795713e-13
24,2,0.2792526803190927,0.794497622380377,-0.02418941949354015,0.007479700428659718,-0.03061277932429052,0.5283784909947635,-0.046442002426709,2.92221734585616,0.0301119158444551,11575.02045060854,11792.59312495219,1.448061761703188,14.74932760227518,4.597768837126499e-13,0,1.046530382156369e-17,8.602007994795713e-13
24,3,0.4188790204786391,0.7948443119492236,-0.02356754296184682,0.01127315371623234,-0.03049566830962887,0.5281682740901762,-0.04394142692513733,2.922217345856676,0.0301119158444551,11575.02045060854,11792.59312495219,1.448061761703188,14.74932760227518,4.597768837126499e-13,0,1.046530382156369e-17,8.602007994795713e-13
24,4,0.5585053606381855,0.7953747403280772,-0.02278923278846705,0.01490024355897274,-0.03022360006083637,0.5278236800207202,-0.04053415748267736,2.922217345856024,0.0301119158444551,11575.02045060854,11792.59312495219,1.448061761703188,14.74932760227518,4.597768837126499e-13,0,1.046530382156369e-17,8.602007994795713e-13
24,5,0.6981317007977318,0.7960708959613996,-0.02199234850710938,0.01831964393693725,-0.02986719743546779,0.5273334739675152,-0.0363234094939674,2.922217345856803,0.0301119158444551,11575.02045060854,11792.59312495219,1.448061761703188,14.74932760227518,4.597768837126499e-13,0,1.046530382156369e-17,8.602007994795713e-13
24,6,0.8377580409572782,0.7968896939249993,-0.02138178345542009,0.02148009880096612,-0.02956410025229767,0.5266996228989507,-0.03142371794411976,2.92221734585595,0.0301119158444551,11575.02045060854,11792.59312495219,1.448061761703188,14.74932760227518,4.597768837126499e-13,0,1.046530382156369e-17,8.602007994795713e-13
24,7,0.9773843811168246,0.7977615188411989,-0.02113239157364778,0.0243107638692967,-0.02945303029199647,0.5259547858040187,-0.02595443928782851,2.92221734585681,0.0301119158444551,11575.02045060854,11792.59312495219,1.448061761703188,14.74932760227518,4.597768837126499e-13,0,1.046530382156369e-17,8.602007994795713e-13
24,8,1.117010721276371,0.7986014127997233,-0.02131359377432507,0.0267232907631308,-0.02961116346173603,0.5251631274861067,-0.02003784790168398,2.922217345856005,0.0301119158444551,11575.02045060854,11792.59312495219,1.448061761703188,14.74932760227518,4.597768837126499e-13,0,1.046530382156369e-17,8.602007994795713e-13
24,9,1.256637061435917,0.7993281411545237,-0.02187387477804656,0.02862510275093184,-0.03002701815177731,0.5244057940928705,-0.01379868336768171,2.922217345856753,0.0301119158444551,11575.02045060854,11792.59312495219,1.448061761703188,14.74932760227518,4.597768837126499e-13,0,1.046530382156369e-17,8.602007994795713e-13
24,10,1.396263401595464,0.7998812049403777,-0.02268667786865938,0.02993597358717664,-0.03062107352627883,0.5237605760196602,-0.007361237306396254,2.922217345856074,0.0301119158444551,11575.02045060854,11792.59312495219,1.448061761703188,14.74932760227518,4.597768837126499e-13,0,1.046530382156369e-17,8.602007994795713e-13
24,11,1.53588974175501,0.8002269689157074,-0.02362351283156364,0.03059936716908413,-0.03129547314334013,0.5232856165394503,-0.0008434576486169324,2.922217345856688,0.0301119158444551,11575.02045060854,11792.59312495219,1.448061761703188,14.74932760227518,4.597768837126499e-13,0,1.046530382156369e-17,8.602007994795713e-13
24,12,1.675516081914556,0.8003524073450824,-0.02460435972221649,0.03058536883177823,-0.03197394642725133,0.5230137783823144,0.005647595515211603,2.922217345856109,0.0301119158444551,11575.02045060854,11792.59312495219,1.448061761703188,14.74932760227518,4.597768837126499e-13,0,1.046530382156369e-17,8.602007994795713e-13
24,13,1.815142422074103,0.8002536878696617,-0.02559294143134037,0.02988863832511675,-0.03260383834401474,0.5229586155037447,0.01201437837222701,2.922217345856675,0.0301119158444551,11575.02045060854,11792.59312495219,1.448061761703188,14.74932760227518,4.597768837126499e-13,0,1.046530382156369e-17,8.602007994795713e-13
24,14,1.954768762233649,0.7999302125165003,-0.02654811303115166,0.0285272784057859,-0.03312828090148473,0.5231250479402265,0.01816275181493786,2.922217345856104,0.0301119158444551,11575.02045060854,11792.59312495219,1.448061761703188,14.74932760227518,4.597768837126499e-13,0,1.046530382156369e-17,8.602007994795713e-13
24,15,2.094395102393195,0.7993898574639746,-0.0273792839840824,0.02654490400769414,-0.03346567788672499,0.5235136474364656,0.02399737755028443,2.92221734585665,0.0301119158444551,11575.02045060854,11792.59312495219,1.448061761703188,14.74932760227518,4.597768837126499e-13,0,1.046530382156369e-17,8.602007994795713e-13
24,16,2.234021442552742,0.7986615050053808,-0.02795034199974908,0.02401227332160054,-0.03352711716850259,0.5241125010601706,0.02942269073496477,2.92221734585616,0.0301119158444551,11575.02045060854,11792.59312495219,1.448061761703188,14.74932760227518,4.597768837126499e-13,0,1.046530382156369e-17,8.602007994795713e-13
24,17,2.373647782712288,0.7978040503811183,-0.02813631496664024,0.02102269058338882,-0.03326590548994974,0.5248819817568959,0.03434653770932312,2.92221734585656,0.0301119158444551,11575.02045060854,11792.59312495219,1.448061761703188,14.74932760227518,4.597768837126499e-13,0,1.046530382156369e-17,8.602007994795713e-13
24,18,2.513274122871834,0.7969025867093164,-0.02789586356928039,0.01767915997706292,-0.03272231928432757,0.5257463178204522,0.03868049340379975,2.922217345856196,0.0301119158444551,11575.02045060854,11792.59312495219,1.448061761703188,14.74932760227518,4.597768837126499e-13,0,1.046530382156369e-17,8.602007994795713e-13
24,19,2.652900463031381,0.7960512276947641,-0.02731036233628547,0.01407778959096519,-0.03202786095378791,0.5266035327139689,0.04233541453567533,2.922217345856559,0.0301119158444551,11575.02045060854,11792.59312495219,1.448061761703188,14.74932760227518,4.597768837126499e-13,0,1.046530382156369e-17,8.602007994795713e-13
24,20,2.792526803190927,0.7953310026335619,-0.02655963071341437,0.01029606690256999,-0.03136090264963017,0.5273521577384098,0.04521731615012142,2.92221734585622,0.0301119158444551,11575.02045060854,11792.59312495219,1.448061761703188,14.74932760227518,4.597768837126499e-13,0,1.046530382156369e-17,8.602007994795713e-13
24,21,2.932153143350474,0.7947940565393667,-0.02584095781148869,0.006392613100399132,-0.03087485428174331,0.527919991901692,0.04723002247598922,2.92221734585658,0.0301119158444551,11575.02045060854,11792.59312495219,1.448061761703188,14.74932760227518,4.597768837126499e-13,0,1.046530382156369e-17,8.602007994795713e-13
24,22,3.07177948351002,0.794461024832526,-0.02527350074719689,0.002417240760686147,-0.03063440374060371,0.5282789421969714,0.04828659637464212,2.9222173458562,0.0301119158444551,11575.02045060854,11792.59312495219,1.448061761703188,14.74932760227518,4.597768837126499e-13,0,1.046530382156369e-17,8.602007994795713e-13
24,23,3.211405823669566,0.79433069304127,-0.02484463287685087,-0.001577695774807186,-0.03059218754336242,0.5284401499162988,0.04832571383081986,2.922217345856592,0.0301119158444551,11575.02045060854,11792.59312495219,1.448061761703188,14.74932760227518,4.597768837126499e-13,0,1.046530382156369e-17,8.602007994795713e-13
24,24,3.351032163829113,0.7943946439046857,-0.02443380375041836,-0.005534140181617185,-0.03061915747623986,0.5284345879698562,0.04732582680893276,2.922217345856206,0.0301119158444551,11575.02045060854,11792.59312495219,1.448061761703188,14.74932760227518,4.597768837126499e-13,0,1.046530382156369e-17,8.602007994795713e-13
24,25,3.490658503988659,0.7946475803179025,-0.02390185795439193,-0.009394639606875645,-0.03057409976516541,0.5282896236187226,0.04531077610047719,2.922217345856569,0.0301119158444551,11575.02045060854,11792.59312495219,1.448061761703188,14.74932760227518,4.597768837126499e-13,0,1.046530382156369e-17,8.602007994795713e-13
24,26,3.630284844148206,0.7950871975629497,-0.02319193394949024,-0.01311001009922769,-0.03037679402744412,0.5280135027576698,0.0423450560219875,2.922217345856196,0.0301119158444551,11575.02045060854,11792.59312495219,1.448061761703188,14.74932760227518,4.597768837126499e-13,0,1.046530382156369e-17,8.602007994795713e-13
24,27,3.769911184307752,0.7957041275782568,-0.02238076814046289,-0.01663871758435309,-0.03004821067601472,0.5275972360779702,0.03852222267639058,2.922217345856596,0.0301119158444551,11575.02045060854,11792.59312495219,1.448061761703188,14.74932760227518,4.597768837126499e-13,0,1.046530382156369e-17,8.602007994795713e-13
24,28,3.909537524467298,0.7964687667785536,-0.02165102691634665,-0.01993616610960357,-0.02969950047940578,0.5270332836100802,0.03395229509253893,2.922217345856123,0.0301119158444551,11575.02045060854,11792.59312495219,1.448061761703188,14.74932760227518,4.597768837126499e-13,0,1.046530382156369e-17,8.602007994795713e-13
24,29,4.049163864626845,0.7973241347349331,-0.02120460992919482,-0.0229418819554929,-0.0294777442362569,0.5263376908346061,0.02875270167213756,2.922217345856681,0.0301119158444551,11575.02045060854,11792.59312495219,1.448061761703188,14.74932760227518,4.597768837126499e-13,0,1.046530382156369e-17,8.602007994795713e-13
24,30,4.188790204786391,0.7981908576958645,-0.02116984318865981,-0.02557518389462063,-0.02949710636372329,0.5255598990875012,0.02304430421262938,2.922217345856093,0.0301119158444551,11575.02045060854,11792.59312495219,1.448061761703188,14.74932760227518,4.597768837126499e-13,0,1.046530382156369e-17,8.602007994795713e-13
24,31,4.328416544945937,0.7989833287287873,-0.02155334545089882,-0.02774351376277118,-0.02979077847579601,0.5247749984437934,0.01695074755258627,2.922217345856683,0.0301119158444551,11575.02045060854,11792.59312495219,1.448061761703188,14.74932760227518,4.597768837126499e-13,0,1.046530382156369e-17,8.602007994795713e-13
24,32,4.468042885105484,0.7996290904090477,-0.02225751491074274,-0.02935856753039856,-0.03030807182167258,0.5240649479971998,0.0105971503682506,2.922217345856123,0.0301119158444551,11575.02045060854,11792.59312495219,1.448061761703188,14.74932760227518,4.597768837126499e-13,0,1.046530382156369e-17,8.602007994795713e-13
24,33,4.60766922526503,0.800081161193581,-0.02314596834297746,-0.03035108375235385,-0.03095373685170469,0.5234991891700319,0.004105424739388086,2.922217345856605,0.0301119158444551,11575.02045060854,11792.59312495219,1.448061761703188,14.74932760227518,4.597768837126499e-13,0,1.046530382156369e-17,8.602007994795713e-13
24,34,4.747295565424577,0.8003175639659533,-0.02411127766619075,-0.03067792176106188,-0.03163778974470324,0.5231231368232082,-0.002411667847892708,2.922217345856223,0.0301119158444551,11575.02045060854,11792.59312495219,1.448061761703188,14.74932760227518,4.597768837126499e-13,0,1.046530382156369e-17,8.602007994795713e-13
24,35,4.886921905584122,0.8003311859928752,-0.02509946066644489,-0.03032177503586262,-0.03229804021595091,0.5229587094339774,-0.008852406181602213,2.92221734585653,0.0301119158444551,11575.02045060854,11792.59312495219,1.448061761703188,14.74932760227518,4.597768837126499e-13,0,1.046530382156369e-17,8.602007994795713e-13
24,36,5.026548245743669,0.8001198850938471,-0.02607895176181403,-0.02928894555764436,-0.03288374809981887,0.5230139600477387,-0.01512178058983552,2.922217345856262,0.0301119158444551,11575.02045060854,11792.59312495219,1.448061761703188,14.74932760227518,4.597768837126499e-13,0,1.046530382156369e-17,8.602007994795713e-13
24,37,5.166174585903216,0.7996859843642694,-0.02698710276220983,-0.02760991998982399,-0.03332624059567365,0.5232918557073704,-0.0211252960520885,2.922217345856492,0.0301119158444551,11575.02045060854,11792.59312495219,1.448061761703188,14.74932760227518,4.597768837126499e-13,0,1.046530382156369e-17,8.602007994795713e-13
24,38,5.305800926062762,0.7990462340915209,-0.02770629757821192,-0.02534195326240088,-0.03353545585946851,0.5237884496483333,-0.02676706932755061,2.922217345856289,0.0301119158444551,11575.02045060854,11792.59312495219,1.448061761703188,14.74932760227518,4.597768837126499e-13,0,1.046530382156369e-17,8.602007994795713e-13
24,39,5.445427266222308,0.7982440617950854,-0.02809673631320463,-0.02256819499877591,-0.0334366676221859,0.5244798146094497,-0.03195287554144433,2.922217345856445,0.0301119158444551,11575.02045060854,11792.59312495219,1.448061761703188,14.74932760227518,4.597768837126499e-13,0,1.046530382156369e-17,8.602007994795713e-13
24,40,5.585053606381854,0.7973528852454256,-0.0280672342425264,-0.01938881707981115,-0.03302301952544368,0.5253083097854597,-0.03659273849397763,2.92221734585636,0.0301119158444551,11575.02045060854,11792.59312495219,1.448061761703188,14.74932760227518,4.597768837126499e-13,0,1.046530382156369e-17,8.602007994795713e-13
24,41,5.724679946541401,0.7964650326762556,-0.02763656963356103,-0.01590535900617901,-0.03238311067753735,0.5261825419424233,-0.04059858022831142,2.922217345856332,0.0301119158444551,11575.02045060854,11792.59312495219,1.448061761703188,14.74932760227518,4.597768837126499e-13,0,1.046530382156369e-17,8.602007994795713e-13
24,42,5.864306286700947,0.7956706858989507,-0.02694254037692097,-0.01220544990535697,-0.03167989301717736,0.5269968876550231,-0.04387904733754099,2.92221734585647,0.0301119158444551,11575.02045060854,11792.59312495219,1.448061761703188,14.74932760227518,4.597768837126499e-13,0,1.046530382156369e-17,8.602007994795713e-13
24,43,6.003932626860494,0.7950376575608552,-0.02618604535689945,-0.008356391535626917,-0.03108861115740107,0.5276614986505406,-0.04633815253407711,2.922217345856279,0.0301119158444551,11575.02045060854,11792.59312495219,1.448061761703188,14.74932760227518,4.597768837126499e-13,0,1.046530382156369e-17,8.602007994795713e-13
24,44,6.14355896702004,0.7946017859176158,-0.02553590138137022,-0.00441079631637465,-0.03072436201258303,0.5281256214341753,-0.04788245453242808,2.922217345856546,0.0301119158444551,11575.02045060854,11792.59312495219,1.448061761703188,14.74932760227518,4.597768837126499e-13,0,1.046530382156369e-17,8.602007994795713e-13
25,0,0,0.7943559880836054,-0.02547429184676811,-0.0004231064495626887,-0.03109278616009542,0.5282754311998945,-0.04890627364433835,2.92221196780231,0.03039195724867794,11682.6683663918,11906.00166460638,1.448375821086462,14.74932760227518,5.563332109452805e-13,0,-2.584615159428091e-18,2.279954003370221e-12
25,1,0.1396263401595464,0.7943211638820569,-0.0250681613679418,0.00359235553753235,-0.03110785755705032,0.5283523555640653,-0.04842280520686491,2.922211967800943,0.03039195724867794,11682.6683663918,11906.00166460638,1.448375821086462,14.74932760227518,5.563332109452805e-13,0,-2.584615159428091e-18,2.279954003370221e-12
25,2,0.2792526803190927,0.7944815652546723,-0.02460740714761132,0.007539343471241588,-0.03112100695009189,0.5282746614463458,-0.04689439552646053,2.922211967802472,0.03039195724867794,11682.6683663918,11906.00166460638,1.448375821086462,14.74932760227518,5.563332109452805e-13,0,-2.584615159428091e-18,2.279954003370221e-12
25,3,0.4188790204786391,0.7948335316368216,-0.0239824475998654,0.01136434299024035,-0.0310114051743774,0.5280620377608384,-0.04436663400296974,2.92221196780074,0.03039195724867794,11682.6683663918,11906.00166460638,1.448375821086462,14.74932760227518,5.563332109452805e-13,0,-2.584615159428091e-18,2.279954003370221e-12
25,4,0.5585053606381855,0.7953721462780939,-0.02319927318686339,0.01502292730828321,-0.03074437698667026,0.5277133801307329,-0.04092138926606285,2.922211967802682,0.03039195724867794,11682.6683663918,11906.00166460638,1.448375821086462,14.74932760227518,5.563332109452805e-13,0,-2.584615159428091e-18,2.279954003370221e-12
25,5,0.6981317007977318,0.7960788136924299,-0.02239310205432812,0.01847359836999045,-0.03038777632824011,0.5272176397342682,-0.03666384270700037,2.922211967800529,0.03039195724867794,11682.6683663918,11906.00166460638,1.448375821086462,14.74932760227518,5.563332109452805e-13,0,-2.584615159428091e-18,2.279954003370221e-12
25,6,0.8377580409572782,0.7969101350391928,-0.02176794893665421,0.02166465710335518,-0.0300784098063493,0.5265763370327881,-0.0317108961285197,2.922211967802765,0.03039195724867794,11682.6683663918,11906.00166460638,1.448375821086462,14.74932760227518,5.563332109452805e-13,0,-2.584615159428091e-18,2.279954003370221e-12
25,7,0.9773843811168246,0.7977962728081136,-0.02150109083564852,0.02452454969902152,-0.02995723238423299,0.525821417437538,-0.0261841849693801,2.922211967800633,0.03039195724867794,11682.6683663918,11906.00166460638,1.448375821086462,14.74932760227518,5.563332109452805e-13,0,-2.584615159428091e-18,2.279954003370221e-12
25,8,1.117010721276371,0.7986517748424563,-0.02166742542410581,0.02696390572902865,-0.03010638735587031,0.5250166584221021,-0.02020778523100057,2.922211967802526,0.03039195724867794,11682.6683663918,11906.00166460638,1.448375821086462,14.74932760227518,5.563332109452805e-13,0,-2.584615159428091e-18,2.279954003370221e-12
25,9,1.256637061435917,0.7993943394192307,-0.02222172377942992,0.02888879838869178,-0.03052005074518396,0.5242436016758638,-0.01390767695477349,2.922211967800964,0.03039195724867794,11682.6683663918,11906.00166460638,1.448375821086462,14.74932760227518,5.563332109452805e-13,0,-2.584615159428091e-18,2.279954003370221e-12
25,10,1.396263401595464,0.7999618307908998,-0.02304143882023297,0.0302174438773634,-0.03112222292526417,0.5235813583168927,-0.007409058520639489,2.922211967802239,0.03039195724867794,11682.6683663918,11906.00166460638,1.448375821086462,14.74932760227518,5.563332109452805e-13,0,-2.584615159428091e-18,2.279954003370221e-12
25,11,1.53588974175501,0.8003187656781142,-0.0239976296908524,0.03089181654665901,-0.03181443589978707,0.5230901561656801,-0.0008307558856184053,2.922211967801198,0.03039195724867794,11682.6683663918,11906.00166460638,1.448375821086462,14.74932760227518,5.563332109452805e-13,0,-2.584615159428091e-18,2.279954003370221e-12
25,12,1.675516081914556,0.8004505923795374,-0.02500533581561342,0.03088091514800221,-0.03251569177211736,0.5228052659389523,0.005719206995033426,2.922211967802073,0.03039195724867794,11682.6683663918,11906.00166460638,1.448375821086462,14.74932760227518,5.563332109452805e-13,0,-2.584615159428091e-18,2.279954003370221e-12
25,13,1.815142422074103,0.8003526972798842,-0.02602099673789958,0.03017895774961021,-0.03316648437804724,0.5227423616907104,0.01214237929762171,2.922211967801284,0.03039195724867794,11682.6683663918,11906.00166460638,1.448375821086462,14.74932760227518,5.563332109452805e-13,0,-2.584615159428091e-18,2.279954003370221e-12
25,14,1.954768762233649,0.8000245707800084,-0.0269969558165468,0.02880429394824289,-0.03370381543888624,0.5229076651810727,0.01834401580861947,2.922211967802008,0.03039195724867794,11682.6683663918,11906.00166460638,1.448375821086462,14.74932760227518,5.563332109452805e-13,0,-2.584615159428091e-18,2.279954003370221e-12
25,15,2.094395102393195,0.7994748752916342,-0.02783931438573213,0.02680133797696245,-0.03404297331821349,0.5233019660938609,0.02422860552389627,2.922211967801331,0.03039195724867794,11682.6683663918,11906.00166460638,1.448375821086462,14.74932760227518,5.563332109452805e-13,0,-2.584615159428091e-18,2.279954003370221e-12
25,16,2.234021442552742,0.7987336538228417,-0.02841249093044311,0.02424200433600854,-0.03409571683806822,0.5239124813035964,0.02970073898877428,2.922211967801919,0.03039195724867794,11682.6683663918,11906.00166460638,1.448375821086462,14.74932760227518,5.563332109452805e-13,0,-2.584615159428091e-18,2.279954003370221e-12
25,17,2.373647782712288,0.7978610454256166,-0.02859469560619453,0.0212209681353846,-0.03381893703713987,0.524697844176319,0.03466842314476658,2.922211967801433,0.03039195724867794,11682.6683663918,11906.00166460638,1.448375821086462,14.74932760227518,5.563332109452805e-13,0,-2.584615159428091e-18,2.279954003370221e-12
25,18,2.513274122871834,0.7969433290998791,-0.02834826374170502,0.01784274858857404,-0.03325755077831409,0.525580106373376,0.03904300876845516,2.92221196780185,0.03039195724867794,11682.6683663918,11906.00166460638,1.448375821086462,14.74932760227518,5.563332109452805e-13,0,-2.584615159428091e-18,2.279954003370221e-12
25,19,2.652900463031381,0.7960757623652462,-0.02775687067699586,0.01420503726399435,-0.03254696815353852,0.526455174340496,0.04273448590949271,2.922211967801416,0.03039195724867794,11682.6683663918,11906.00166460638,1.448375821086462,14.74932760227518,5.563332109452805e-13,0,-2.584615159428091e-18,2.279954003370221e-12
25,20,2.792526803190927,0.7953405486973489,-0.02700072542178641,0.01038679898930427,-0.03186784429008673,0.5272198463846396,0.04564736066365076,2.922211967801978,0.03039195724867794,11682.6683663918,11906.00166460638,1.448375821086462,14.74932760227518,5.563332109452805e-13,0,-2.584615159428091e-18,2.279954003370221e-12
25,21,2.932153143350474,0.7947910355413745,-0.02627650432836863,0.006447755865345265,-0.03137440849666785,0.5278006679502915,0.04768354929144268,2.9222119678013,0.03039195724867794,11682.6683663918,11906.00166460638,1.448375821086462,14.74932760227518,5.563332109452805e-13,0,-2.584615159428091e-18,2.279954003370221e-12
25,22,3.07177948351002,0.7944489420229299,-0.02570312647095416,0.002438222284245054,-0.03113138755623277,0.5281687922584561,0.04875417354096961,2.922211967802086,0.03039195724867794,11682.6683663918,11906.00166460638,1.448375821086462,14.74932760227518,5.563332109452805e-13,0,-2.584615159428091e-18,2.279954003370221e-12
25,23,3.211405823669566,0.7943137734803243,-0.02526865045281196,-0.001589547370444898,-0.03109110625651051,0.5283351620590739,0.04879629353811191,2.92221196780121,0.03039195724867794,11682.6683663918,11906.00166460638,1.448375821086462,14.74932760227518,5.563332109452805e-13,0,-2.584615159428091e-18,2.279954003370221e-12
25,24,3.351032163829113,0.7943772738797431,-0.0248534555476867,-0.005577960627238121,-0.03112369797283964,0.5283311220763072,0.04778735755870173,2.922211967802173,0.03039195724867794,11682.6683663918,11906.00166460638,1.448375821086462,14.74932760227518,5.563332109452805e-13,0,-2.584615159428091e-18,2.279954003370221e-12
25,25,3.490658503988659,0.7946337520396279,-0.02431835210176377,-0.009470063244489688,-0.0310861874127932,0.5281848347064907,0.04575102051305733,2.922211967801104,0.03039195724867794,11682.6683663918,11906.00166460638,1.448375821086462,14.74932760227518,5.563332109452805e-13,0,-2.584615159428091e-18,2.279954003370221e-12
25,26,3.630284844148206,0.7950801896142392,-0.02360481009450974,-0.01321695700244568,-0.03089555869724399,0.527905414079414,0.04275251594425204,2.92221196780229,0.03039195724867794,11682.6683663918,11906.00166460638,1.448375821086462,14.74932760227518,5.563332109452805e-13,0,-2.584615159428091e-18,2.279954003370221e-12
25,27,3.769911184307752,0.7957065239716319,-0.02278683851699865,-0.01677708636610538,-0.03056965913386724,0.5274843681881086,0.03888701396806026,2.922211967800891,0.03039195724867794,11682.6683663918,11906.00166460638,1.448375821086462,14.74932760227518,5.563332109452805e-13,0,-2.584615159428091e-18,2.279954003370221e-12
25,28,3.909537524467298,0.7964827068977671,-0.02204508299956298,-0.02010554353130235,-0.03021764106352588,0.526914008362753,0.03426675766953047,2.922211967802569,0.03039195724867794,11682.6683663918,11906.00166460638,1.448375821086462,14.74932760227518,5.563332109452805e-13,0,-2.584615159428091e-18,2.279954003370221e-12
25,29,4.049163864626845,0.7973515285820715,-0.02158211308968927,-0.02314128197593623,-0.02998721669794658,0.5262097312000658,0.02901155922331627,2.922211967800587,0.03039195724867794,11682.6683663918,11906.00166460638,1.448375821086462,14.74932760227518,5.563332109452805e-13,0,-2.584615159428091e-18,2.279954003370221e-12
25,30,4.188790204786391,0.7982333052091894,-0.02153037374687723,-0.02580276136469082,-0.02999630783437139,0.52542035450959,0.02324435353182629,2.922211967802809,0.03039195724867794,11682.6683663918,11906.00166460638,1.448375821086462,14.74932760227518,5.563332109452805e-13,0,-2.584615159428091e-18,2.279954003370221e-12
25,31,4.328416544945937,0.7990416719988115,-0.02190273692052253,-0.02799623269240707,-0.03028375666726859,0.5246209342169493,0.01709029442157153,2.922211967800545,0.03039195724867794,11682.6683663918,11906.00166460638,1.448375821086462,14.74932760227518,5.563332109452805e-13,0,-2.584615159428091e-18,2.279954003370221e-12
25,32,4.468042885105484,0.7997027952079339,-0.02260711942713537,-0.02963191244147891,-0.03080380481387053,0.5238942893839863,0.0106755335139366,2.9222119678027,0.03039195724867794,11682.6683663918,11906.00166460638,1.448375821086462,14.74932760227518,5.563332109452805e-13,0,-2.584615159428091e-18,2.279954003370221e-12
25,33,4.60766922526503,0.800167888624701,-0.02350907158419971,-0.03063897404141083,-0.03146279534363657,0.5233116025810173,0.00412284444507471,2.922211967800759,0.03039195724867794,11682.6683663918,11906.00166460638,1.448375821086462,14.74932760227518,5.563332109452805e-13,0,-2.584615159428091e-18,2.279954003370221e-12
25,34,4.747295565424577,0.8004132221235929,-0.0244983225118751,-0.03097294917951711,-0.03216793390809895,0.5229206050114917,-0.002454087078018167,2.922211967802451,0.03039195724867794,11682.6683663918,11906.00166460638,1.448375821086462,14.74932760227518,5.563332109452805e-13,0,-2.584615159428091e-18,2.279954003370221e-12
25,35,4.886921905584122,0.8004304927177128,-0.02551440954935098,-0.03061574814522311,-0.0328509038947172,0.5227455573980729,-0.008952574902323504,2.922211967801009,0.03039195724867794,11682.6683663918,11906.00166460638,1.448375821086462,14.74932760227518,5.563332109452805e-13,0,-2.584615159428091e-18,2.279954003370221e-12
25,36,5.026548245743669,0.8002172170892532,-0.02651848652143067,-0.02957358330932879,-0.03345412300921533,0.5227962750281072,-0.01527682483779296,2.922211967802208,0.03039195724867794,11682.6683663918,11906.00166460638,1.448375821086462,14.74932760227518,5.563332109452805e-13,0,-2.584615159428091e-18,2.279954003370221e-12
25,37,5.166174585903216,0.7997761908204243,-0.02744278983286386,-0.02787748845379956,-0.03390409024695463,0.5230765001921758,-0.0213319494235556,2.922211967801175,0.03039195724867794,11682.6683663918,11906.00166460638,1.448375821086462,14.74932760227518,5.563332109452805e-13,0,-2.584615159428091e-18,2.279954003370221e-12
25,38,5.305800926062762,0.7991251801624574,-0.02816836054326174,-0.02558571922080182,-0.0341095352987108,0.5235819466012832,-0.02702208574548891,2.922211967802035,0.03039195724867794,11682.6683663918,11906.00166460638,1.448375821086462,14.74932760227518,5.563332109452805e-13,0,-2.584615159428091e-18,2.279954003370221e-12
25,39,5.445427266222308,0.7983088434359392,-0.02855749247459644,-0.02278270118142146,-0.03399805319538023,0.5242873402701055,-0.03225321615788012,2.922211967801407,0.03039195724867794,11682.6683663918,11906.00166460638,1.448375821086462,14.74932760227518,5.563332109452805e-13,0,-2.584615159428091e-18,2.279954003370221e-12
25,40,5.585053606381854,0.7974018197375938,-0.02852271070308865,-0.01957005583518136,-0.03356715248362469,0.5251330186197283,-0.03693537752537904,2.922211967801699,0.03039195724867794,11682.6683663918,11906.00166460638,1.448375821086462,14.74932760227518,5.563332109452805e-13,0,-2.584615159428091e-18,2.279954003370221e-12
25,41,5.724679946541401,0.7964975935606858,-0.02808594866138745,-0.01605088590139219,-0.03290988724862633,0.5260253854300513,-0.04097996399021466,2.922211967801811,0.03039195724867794,11682.6683663918,11906.00166460638,1.448375821086462,14.74932760227518,5.563332109452805e-13,0,-2.584615159428091e-18,2.279954003370221e-12
25,42,5.864306286700947,0.7956874983773423,-0.02738631443245906,-0.01231438064075216,-0.032192344633369,0.5268568682632966,-0.04429441708546013,2.922211967801317,0.03039195724867794,11682.6683663918,11906.00166460638,1.448375821086462,14.74932760227518,5.563332109452805e-13,0,-2.584615159428091e-18,2.279954003370221e-12
25,43,6.003932626860494,0.7950405442101984,-0.02662441915614394,-0.008429166399961132,-0.03159124880955372,0.5275361227937089,-0.04678099957821448,2.92221196780214,0.03039195724867794,11682.6683663918,11906.00166460638,1.448375821086462,14.74932760227518,5.563332109452805e-13,0,-2.584615159428091e-18,2.279954003370221e-12
25,44,6.14355896702004,0.7945937393837562,-0.02596851027379707,-0.004448673932185078,-0.03122204116541063,0.5280113872795549,-0.04834429789217674,2.922211967801109,0.03039195724867794,11682.6683663918,11906.00166460638,1.448375821086462,14.74932760227518,5.563332109452805e-13,0,-2.584615159428091e-18,2.279954003370221e-12
26,0,0,0.7943428333697987,-0.0259196590499323,-0.0004277017438688945,-0.03161269230763183,0.5281618696553222,-0.04937309139290196,2.922206584409092,0.0306693673527464,11789.30481039572,12018.42786867017,1.448689880469736,14.74932760227518,5.524375253107128e-13,0,1.322430188900776e-19,1.162181462177614e-12
26,1,0.1396263401595464,0.7943052752298747,-0.02550983897051145,0.003619817183963639,-0.03163263639628505,0.5282419618481246,-0.04888683606415581,2.92220658440838,0.0306693673527464,11789.30481039572,12018.42786867017,1.448689880469736,14.74932760227518,5.524375253107128e-13,0,1.322430188900776e-19,1.162181462177614e-12
26,2,0.2792526803190927,0.7944670515952519,-0.02504663807030715,0.007598198880427517,-0.0316535834067595,0.5281643002952058,-0.04734337901153952,2.922206584409158,0.0306693673527464,11789.30481039572,12018.42786867017,1.448689880469736,14.74932760227518,5.524375253107128e-13,0,1.322430188900776e-19,1.162181462177614e-12
26,3,0.4188790204786391,0.7948239564945413,-0.02441902862025859,0.01145429988024539,-0.0315519818068529,0.527949547435152,-0.04478858060870002,2.922206584408291,0.0306693673527464,11789.30481039572,12018.42786867017,1.448689880469736,14.74932760227518,5.524375253107128e-13,0,1.322430188900776e-19,1.162181462177614e-12
26,4,0.5585053606381855,0.7953704387904348,-0.02363050134375076,0.01514385735011495,-0.03128993804973516,0.5275972818164484,-0.04130551795229463,2.922206584409241,0.0306693673527464,11789.30481039572,12018.42786867017,1.448689880469736,14.74932760227518,5.524375253107128e-13,0,1.322430188900776e-19,1.162181462177614e-12
26,5,0.6981317007977318,0.7960874260354669,-0.02281401185137914,0.01862529317398813,-0.0309327473662842,0.5270964827081358,-0.03700134443493796,2.922206584408173,0.0306693673527464,11789.30481039572,12018.42786867017,1.448689880469736,14.74932760227518,5.524375253107128e-13,0,1.322430188900776e-19,1.162181462177614e-12
26,6,0.8377580409572782,0.796931248385672,-0.02217331727485255,0.02184656447226511,-0.03061675479017231,0.5264480596792896,-0.03199532354788271,2.92220658440929,0.0306693673527464,11789.30481039572,12018.42786867017,1.448689880469736,14.74932760227518,5.524375253107128e-13,0,1.322430188900776e-19,1.162181462177614e-12
26,7,0.9773843811168246,0.7978318053573705,-0.02188857252190948,0.02473545896551079,-0.0304854327241552,0.5256831613357416,-0.02641136482692799,2.922206584408257,0.0306693673527464,11789.30481039572,12018.42786867017,1.448689880469736,14.74932760227518,5.524375253107128e-13,0,1.322430188900776e-19,1.162181462177614e-12
26,8,1.117010721276371,0.7987030601713606,-0.02204017133572068,0.02720157194117324,-0.03062590584696499,0.5248651982846769,-0.02037535749524549,2.922206584409145,0.0306693673527464,11789.30481039572,12018.42786867017,1.448689880469736,14.74932760227518,5.524375253107128e-13,0,1.322430188900776e-19,1.162181462177614e-12
26,9,1.256637061435917,0.7994615706760289,-0.02258878902772413,0.02914958007818748,-0.03103775467771378,0.5240761915739215,-0.01401455698339562,2.922206584408433,0.0306693673527464,11789.30481039572,12018.42786867017,1.448689880469736,14.74932760227518,5.524375253107128e-13,0,1.322430188900776e-19,1.162181462177614e-12
26,10,1.396263401595464,0.8000435607072007,-0.02341539776392043,0.03049610248915164,-0.0316481740758057,0.5233966532918888,-0.007455113166748137,2.922206584409022,0.0306693673527464,11789.30481039572,12018.42786867017,1.448689880469736,14.74932760227518,5.524375253107128e-13,0,1.322430188900776e-19,1.162181462177614e-12
26,11,1.53588974175501,0.8004117670441055,-0.02439037593404931,0.03118161110851867,-0.0323579443523291,0.5228889156924431,-0.0008167559372984493,2.922206584408559,0.0306693673527464,11789.30481039572,12018.42786867017,1.448689880469736,14.74932760227518,5.524375253107128e-13,0,1.322430188900776e-19,1.162181462177614e-12
26,12,1.675516081914556,0.8005501962465669,-0.02542405044821548,0.03117401849264665,-0.03308152104781058,0.5225906121660497,0.005791540509358381,2.922206584408908,0.0306693673527464,11789.30481039572,12018.42786867017,1.448689880469736,14.74932760227518,5.524375253107128e-13,0,1.322430188900776e-19,1.162181462177614e-12
26,13,1.815142422074103,0.8004534798309219,-0.02646612873472351,0.03046708716018939,-0.03375293022898404,0.5225194852292857,0.01227046152970617,2.922206584408611,0.0306693673527464,11789.30481039572,12018.42786867017,1.448689880469736,14.74932760227518,5.524375253107128e-13,0,1.322430188900776e-19,1.162181462177614e-12
26,14,1.954768762233649,0.800121125653773,-0.02746293147827903,0.02907937533632927,-0.03430333602497717,0.5226830797446854,0.01852469618622804,2.922206584408877,0.0306693673527464,11789.30481039572,12018.42786867017,1.448689880469736,14.74932760227518,5.524375253107128e-13,0,1.322430188900776e-19,1.162181462177614e-12
26,15,2.094395102393195,0.7995624425592169,-0.02831730972793163,0.02705605516342812,-0.03464485962388671,0.5230825313668871,0.02445857605895051,2.922206584408598,0.0306693673527464,11789.30481039572,12018.42786867017,1.448689880469736,14.74932760227518,5.524375253107128e-13,0,1.322430188900776e-19,1.162181462177614e-12
26,16,2.234021442552742,0.7988085072006009,-0.02889377284706154,0.02447018620424688,-0.03468953777675608,0.5237043719567878,0.02997685044380026,2.922206584408845,0.0306693673527464,11789.30481039572,12018.42786867017,1.448689880469736,14.74932760227518,5.524375253107128e-13,0,1.322430188900776e-19,1.162181462177614e-12
26,17,2.373647782712288,0.7979206658668189,-0.02907304447632681,0.02141784759327182,-0.03439736626419442,0.5245056315658674,0.03498771113204316,2.922206584408662,0.0306693673527464,11789.30481039572,12018.42786867017,1.448689880469736,14.74932760227518,5.524375253107128e-13,0,1.322430188900776e-19,1.162181462177614e-12
26,18,2.513274122871834,0.7969864584895607,-0.028820662452908,0.01800512990389531,-0.03381765957427784,0.5254061758157041,0.03940234478754893,2.922206584408812,0.0306693673527464,11789.30481039572,12018.42786867017,1.448689880469736,14.74932760227518,5.524375253107128e-13,0,1.322430188900776e-19,1.162181462177614e-12
26,19,2.652900463031381,0.7961024228425605,-0.02822263436895598,0.01433134498134714,-0.03308989516962232,0.526299628266509,0.04312994825217439,2.922206584408626,0.0306693673527464,11789.30481039572,12018.42786867017,1.448689880469736,14.74932760227518,5.524375253107128e-13,0,1.322430188900776e-19,1.162181462177614e-12
26,20,2.792526803190927,0.7953520506481391,-0.02746008779356238,0.01047692180830021,-0.03239748822773995,0.5270808240010321,0.04607356439737784,2.922206584408904,0.0306693673527464,11789.30481039572,12018.42786867017,1.448689880469736,14.74932760227518,5.524375253107128e-13,0,1.322430188900776e-19,1.162181462177614e-12
26,21,2.932153143350474,0.7947899200562347,-0.02672979601447471,0.006502629825599623,-0.03189601713863376,0.5276748898470529,0.04813319296213904,2.922206584408596,0.0306693673527464,11789.30481039572,12018.42786867017,1.448689880469736,14.74932760227518,5.524375253107128e-13,0,1.322430188900776e-19,1.162181462177614e-12
26,22,3.07177948351002,0.7944387692440922,-0.02615088198272197,0.002459238620214162,-0.03165053462464409,0.5280522061421994,0.04921795761429128,2.92220658440894,0.0306693673527464,11789.30481039572,12018.42786867017,1.448689880469736,14.74932760227518,5.524375253107128e-13,0,1.322430188900776e-19,1.162181462177614e-12
26,23,3.211405823669566,0.7942987159085206,-0.02571198280484398,-0.001601092100482757,-0.0316129504673547,0.5282236350837528,0.0492632300899841,2.922206584408554,0.0306693673527464,11789.30481039572,12018.42786867017,1.448689880469736,14.74932760227518,5.524375253107128e-13,0,1.322430188900776e-19,1.162181462177614e-12
26,24,3.351032163829113,0.7943615874960107,-0.02529381169836714,-0.005621174917741222,-0.03165215933835044,0.5282210746294571,0.04824540294567261,2.922206584408993,0.0306693673527464,11789.30481039572,12018.42786867017,1.448689880469736,14.74932760227518,5.524375253107128e-13,0,1.322430188900776e-19,1.162181462177614e-12
26,25,3.490658503988659,0.7946213032957384,-0.02475642567256289,-0.009544490124078348,-0.03162293880773102,0.5280736241518722,0.04618792968684918,2.922206584408478,0.0306693673527464,11789.30481039572,12018.42786867017,1.448689880469736,14.74932760227518,5.524375253107128e-13,0,1.322430188900776e-19,1.162181462177614e-12
26,26,3.630284844148206,0.7950742174802473,-0.02403922026124861,-0.01332241565777376,-0.03143919704678971,0.5277912853204975,0.04315679236740041,2.922206584409038,0.0306693673527464,11789.30481039572,12018.42786867017,1.448689880469736,14.74932760227518,5.524375253107128e-13,0,1.322430188900776e-19,1.162181462177614e-12
26,27,3.769911184307752,0.7957096904143308,-0.02321361070717937,-0.01691343973520446,-0.03111571545333632,0.5273659486081477,0.03924878632419919,2.922206584408378,0.0306693673527464,11789.30481039572,12018.42786867017,1.448689880469736,14.74932760227518,5.524375253107128e-13,0,1.322430188900776e-19,1.162181462177614e-12
26,28,3.909537524467298,0.7964973100124507,-0.02245877205106386,-0.02027244658906391,-0.03075996828599122,0.5267896017453078,0.03457837850312671,2.922206584409189,0.0306693673527464,11789.30481039572,12018.42786867017,1.448689880469736,14.74932760227518,5.524375253107128e-13,0,1.322430188900776e-19,1.162181462177614e-12
26,29,4.049163864626845,0.7973796369347013,-0.02197852984013105,-0.0233378970153603,-0.03052065797898992,0.5260768612914479,0.02926775776235258,2.922206584408193,0.0306693673527464,11789.30481039572,12018.42786867017,1.448689880469736,14.74932760227518,5.524375253107128e-13,0,1.322430188900776e-19,1.162181462177614e-12
26,30,4.188790204786391,0.7982766046572065,-0.02190970038006241,-0.02602740959844515,-0.03051962492341321,0.5252758919478439,0.02344193375975976,2.922206584409335,0.0306693673527464,11789.30481039572,12018.42786867017,1.448689880469736,14.74932760227518,5.524375253107128e-13,0,1.322430188900776e-19,1.162181462177614e-12
26,31,4.328416544945937,0.7991009999812628,-0.02227120526012111,-0.02824600994264156,-0.03080122983598529,0.5244617750595354,0.01722759275166551,2.922206584408197,0.0306693673527464,11789.30481039572,12018.42786867017,1.448689880469736,14.74932760227518,5.524375253107128e-13,0,1.322430188900776e-19,1.162181462177614e-12
26,32,4.468042885105484,0.7997775703458113,-0.02297599509332289,-0.02990238751475465,-0.03132432074957795,0.5237182806453706,0.01075196225788425,2.92220658440928,0.0306693673527464,11789.30481039572,12018.42786867017,1.448689880469736,14.74932760227518,5.524375253107128e-13,0,1.322430188900776e-19,1.162181462177614e-12
26,33,4.60766922526503,0.8002557609433669,-0.02389115411988018,-0.0309241242141845,-0.03199657216688064,0.5231183868447935,0.004138716458590052,2.922206584408292,0.0306693673527464,11789.30481039572,12018.42786867017,1.448689880469736,14.74932760227518,5.524375253107128e-13,0,1.322430188900776e-19,1.162181462177614e-12
26,34,4.747295565424577,0.8005101739892893,-0.02490356078684751,-0.03126542109435527,-0.03272239623856364,0.5227121251721707,-0.002497527537700329,2.922206584409174,0.0306693673527464,11789.30481039572,12018.42786867017,1.448689880469736,14.74932760227518,5.524375253107128e-13,0,1.322430188900776e-19,1.162181462177614e-12
26,35,4.886921905584122,0.8005313800881771,-0.0259467001633381,-0.03090740154810195,-0.03342766303649566,0.5225260394946742,-0.009053150373337166,2.92220658440842,0.0306693673527464,11789.30481039572,12018.42786867017,1.448689880469736,14.74932760227518,5.524375253107128e-13,0,1.322430188900776e-19,1.162181462177614e-12
26,36,5.026548245743669,0.8003165332186343,-0.02697502000763756,-0.02985616153798686,-0.03404832576036054,0.5225716840175038,-0.01543161938624845,2.922206584409012,0.0306693673527464,11789.30481039572,12018.42786867017,1.448689880469736,14.74932760227518,5.524375253107128e-13,0,1.322430188900776e-19,1.162181462177614e-12
26,37,5.166174585903216,0.799868788475967,-0.02791594631211099,-0.02814323800472482,-0.03450619462202172,0.5228536516565404,-0.02153768326606913,2.922206584408509,0.0306693673527464,11789.30481039572,12018.42786867017,1.448689880469736,14.74932760227518,5.524375253107128e-13,0,1.322430188900776e-19,1.162181462177614e-12
26,38,5.305800926062762,0.7992067829716473,-0.0286489719321299,-0.02582785730957337,-0.03470854969162369,0.5233674841841695,-0.02727550506445383,2.922206584408936,0.0306693673527464,11789.30481039572,12018.42786867017,1.448689880469736,14.74932760227518,5.524375253107128e-13,0,1.322430188900776e-19,1.162181462177614e-12
26,39,5.445427266222308,0.7983763169616195,-0.0290378796419514,-0.02299573238994263,-0.03458482876904274,0.5240867362967054,-0.03255128430433903,2.922206584408609,0.0306693673527464,11789.30481039572,12018.42786867017,1.448689880469736,14.74932760227518,5.524375253107128e-13,0,1.322430188900776e-19,1.162181462177614e-12
26,40,5.585053606381854,0.7974532723187959,-0.02899828279624862,-0.0197499836461647,-0.034136509766847,0.5249497950365539,-0.03727511356984848,2.922206584408752,0.0306693673527464,11789.30481039572,12018.42786867017,1.448689880469736,14.74932760227518,5.524375253107128e-13,0,1.322430188900776e-19,1.162181462177614e-12
26,41,5.724679946541401,0.7965324050461073,-0.0285550274414386,-0.01619532914258728,-0.0334610545681986,0.5258607680574124,-0.04135793056912581,2.922206584408838,0.0306693673527464,11789.30481039572,12018.42786867017,1.448689880469736,14.74932760227518,5.524375253107128e-13,0,1.322430188900776e-19,1.162181462177614e-12
26,42,5.864306286700947,0.795706336139739,-0.02784883501163902,-0.01242253169156468,-0.03272802909218153,0.5267099195501881,-0.04470603635410866,2.922206584408571,0.0306693673527464,11789.30481039572,12018.42786867017,1.448689880469736,14.74932760227518,5.524375253107128e-13,0,1.322430188900776e-19,1.162181462177614e-12
26,43,6.003932626860494,0.7950453488307139,-0.02708070276799586,-0.008501504727538545,-0.03211617986829992,0.5274041967304246,-0.04721996370856217,2.922206584408988,0.0306693673527464,11789.30481039572,12018.42786867017,1.448689880469736,14.74932760227518,5.524375253107128e-13,0,1.322430188900776e-19,1.162181462177614e-12
26,44,6.14355896702004,0.7945876003188741,-0.02641893570394188,-0.004486440366867148,-0.03174173144727513,0.527890733064472,-0.04880229122530892,2.92220658440848,0.0306693673527464,11789.30481039572,12018.42786867017,1.448689880469736,14.74932760227518,5.524375253107128e-13,0,1.322430188900776e-19,1.162181462177614e-12
27,0,0,0.7943316916774603,-0.02638506824908382,-0.0004324635941016388,-0.03215666106398463,0.5280412815025695,-0.04983628053423655,2.922201195704657,0.03094420496848953,11894.95238988738,12129.88849324627,1.44900393985301,14.74932760227518,4.081678073047191e-13,0,2.874300427389061e-18,1.003197525051291e-12
27,1,0.1396263401595464,0.7942912749282603,-0.02597274200168151,0.003646825806932436,-0.03218227740793341,0.5281244830010707,-0.04934740701018678,2.922201195704144,0.03094420496848953,11894.95238988738,12129.88849324627,1.44900393985301,14.74932760227518,4.081678073047191e-13,0,2.874300427389061e-18,1.003197525051291e-12
27,2,0.2792526803190927,0.7944541882513653,-0.02550817641279217,0.007656256016687089,-0.03221186220026891,0.528046906776915,-0.0477890696654731,2.922201195704788,0.03094420496848953,11894.95238988738,12129.88849324627,1.44900393985301,14.74932760227518,4.081678073047191e-13,0,2.874300427389061e-18,1.003197525051291e-12
27,3,0.4188790204786391,0.7948157158409687,-0.02487837431320039,0.01154302067565214,-0.03211878406811832,0.5278302800103322,-0.04520739058064875,2.922201195704041,0.03094420496848953,11894.95238988738,12129.88849324627,1.44900393985301,14.74932760227518,4.081678073047191e-13,0,2.874300427389061e-18,1.003197525051291e-12
27,4,0.5585053606381855,0.7953697610447031,-0.02408417006316218,0.01526304714119694,-0.03186180272897304,0.5274748343555372,-0.04168666100278241,2.922201195704782,0.03094420496848953,11894.95238988738,12129.88849324627,1.44900393985301,14.74932760227518,4.081678073047191e-13,0,2.874300427389061e-18,1.003197525051291e-12
27,5,0.6981317007977318,0.7960968660581255,-0.02325652947096019,0.01877475795639125,-0.03150379076593762,0.5269694460081996,-0.03733601141571146,2.922201195704,0.03094420496848953,11894.95238988738,12129.88849324627,1.44900393985301,14.74932760227518,4.081678073047191e-13,0,2.874300427389061e-18,1.003197525051291e-12
27,6,0.8377580409572782,0.7969531338404403,-0.02259944312976566,0.02202585599578495,-0.03118091122977685,0.5263142615172355,-0.0322770677160395,2.922201195704866,0.03094420496848953,11894.95238988738,12129.88849324627,1.44900393985301,14.74932760227518,4.081678073047191e-13,0,2.874300427389061e-18,1.003197525051291e-12
27,7,0.9773843811168246,0.7978681777414582,-0.02229632738992648,0.02494352080600064,-0.0310393844347634,0.5255395390201698,-0.02663601701770903,2.922201195703992,0.03094420496848953,11894.95238988738,12129.88849324627,1.44900393985301,14.74932760227518,4.081678073047191e-13,0,2.874300427389061e-18,1.003197525051291e-12
27,8,1.117010721276371,0.7987553098463002,-0.02243312718000863,0.02743630930496158,-0.03117135215749463,0.5247083160248095,-0.0205405780351898,2.922201195704737,0.03094420496848953,11894.95238988738,12129.88849324627,1.44900393985301,14.74932760227518,4.081678073047191e-13,0,2.874300427389061e-18,1.003197525051291e-12
27,9,1.256637061435917,0.7995298885269472,-0.02297615648290324,0.02940746462387303,-0.03158162967731829,0.523903150127449,-0.01411931437878781,2.922201195704228,0.03094420496848953,11894.95238988738,12129.88849324627,1.44900393985301,14.74932760227518,4.081678073047191e-13,0,2.874300427389061e-18,1.003197525051291e-12
27,10,1.396263401595464,0.8001264892671048,-0.02380954019817006,0.03077197300613414,-0.03220037017037462,0.5232060216665545,-0.007499366490966104,2.922201195704602,0.03094420496848953,11894.95238988738,12129.88849324627,1.44900393985301,14.74932760227518,4.081678073047191e-13,0,2.874300427389061e-18,1.003197525051291e-12
27,11,1.53588974175501,0.8005061161131231,-0.02480279820729574,0.03146878754282524,-0.03292749964188898,0.5226813957647388,-0.0008013915473183752,2.922201195704268,0.03094420496848953,11894.95238988738,12129.88849324627,1.44900393985301,14.74932760227518,4.081678073047191e-13,0,2.874300427389061e-18,1.003197525051291e-12
27,12,1.675516081914556,0.8006513949560752,-0.02586171926828749,0.03146472877700821,-0.0336730657443489,0.5223692487210541,0.005864694682796084,2.922201195704578,0.03094420496848953,11894.95238988738,12129.88849324627,1.44900393985301,14.74932760227518,4.081678073047191e-13,0,2.874300427389061e-18,1.003197525051291e-12
27,13,1.815142422074103,0.8005562178618668,-0.02692971046160167,0.03075308698110876,-0.03436492114065288,0.5222893671228939,0.01239874770602479,2.922201195704337,0.03094420496848953,11894.95238988738,12129.88849324627,1.44900393985301,14.74932760227518,4.081678073047191e-13,0,2.874300427389061e-18,1.003197525051291e-12
27,14,1.954768762233649,0.8002200467600016,-0.02794745253386358,0.02935259304475541,-0.03492860948486743,0.5224506537048341,0.01870492488257297,2.922201195704479,0.03094420496848953,11894.95238988738,12129.88849324627,1.44900393985301,14.74932760227518,4.081678073047191e-13,0,2.874300427389061e-18,1.003197525051291e-12
27,15,2.094395102393195,0.7996527167215779,-0.02881458649068086,0.02730913854081775,-0.03527302636069016,0.5228547109527157,0.02468741745011224,2.922201195704317,0.03094420496848953,11894.95238988738,12129.88849324627,1.44900393985301,14.74932760227518,4.081678073047191e-13,0,2.874300427389061e-18,1.003197525051291e-12
27,16,2.234021442552742,0.7988862275608426,-0.0293953480323304,0.02469691503742861,-0.03531015288900743,0.5234875515983255,0.03025114422243231,2.922201195704533,0.03094420496848953,11894.95238988738,12129.88849324627,1.44900393985301,14.74932760227518,4.081678073047191e-13,0,2.874300427389061e-18,1.003197525051291e-12
27,17,2.373647782712288,0.7979830983731496,-0.02957242268531814,0.02161343096052575,-0.03500269250854309,0.5243047209461484,0.03530451288021279,2.922201195704301,0.03094420496848953,11894.95238988738,12129.88849324627,1.44900393985301,14.74932760227518,4.081678073047191e-13,0,2.874300427389061e-18,1.003197525051291e-12
27,18,2.513274122871834,0.7970321907625452,-0.02931415836478541,0.0181663959849261,-0.0344041620243692,0.5252238867642026,0.03975860775352255,2.922201195704453,0.03094420496848953,11894.95238988738,12129.88849324627,1.44900393985301,14.74932760227518,4.081678073047191e-13,0,2.874300427389061e-18,1.003197525051291e-12
27,19,2.652900463031381,0.7961314388839836,-0.02870891358702088,0.01445677761660773,-0.03365824812710103,0.5261362386327014,0.04352190364368586,2.922201195704347,0.03094420496848953,11894.95238988738,12129.88849324627,1.44900393985301,14.74932760227518,4.081678073047191e-13,0,2.874300427389061e-18,1.003197525051291e-12
27,20,2.792526803190927,0.7953657240675774,-0.02793916565379287,0.0105664651144889,-0.03295153459867906,0.5269344381059293,0.04649602392897934,2.92220119570456,0.03094420496848953,11894.95238988738,12129.88849324627,1.44900393985301,14.74932760227518,4.081678073047191e-13,0,2.874300427389061e-18,1.003197525051291e-12
27,21,2.932153143350474,0.7947908869462859,-0.02720237175906716,0.00655723719973061,-0.03244140297551335,0.5275420375740901,0.04857904470532212,2.922201195704251,0.03094420496848953,11894.95238988738,12129.88849324627,1.44900393985301,14.74932760227518,4.081678073047191e-13,0,2.874300427389061e-18,1.003197525051291e-12
27,22,3.07177948351002,0.7944306384437303,-0.0266182405553292,0.002480282465648069,-0.03219349059752558,0.5279286150226974,0.04967803903989233,2.922201195704608,0.03094420496848953,11894.95238988738,12129.88849324627,1.44900393985301,14.74932760227518,4.081678073047191e-13,0,2.874300427389061e-18,1.003197525051291e-12
27,23,3.211405823669566,0.7942856224948704,-0.02617592201391888,-0.001612330813151809,-0.03215922514534964,0.5281050476461414,0.04972662092682652,2.922201195704301,0.03094420496848953,11894.95238988738,12129.88849324627,1.44900393985301,14.74932760227518,4.081678073047191e-13,0,2.874300427389061e-18,1.003197525051291e-12
27,24,3.351032163829113,0.7943476840890132,-0.02575598554440264,-0.005663774137239069,-0.0322059240749074,0.5281039462993143,0.04870007331621972,2.922201195704588,0.03094420496848953,11894.95238988738,12129.88849324627,1.44900393985301,14.74932760227518,4.081678073047191e-13,0,2.874300427389061e-18,1.003197525051291e-12
27,25,3.490658503988659,0.7946103518597336,-0.02521713390026095,-0.009617911343766501,-0.03218570832889257,0.5279554824328588,0.04662162526548849,2.922201195704194,0.03094420496848953,11894.95238988738,12129.88849324627,1.44900393985301,14.74932760227518,4.081678073047191e-13,0,2.874300427389061e-18,1.003197525051291e-12
27,26,3.630284844148206,0.7950694197310555,-0.02449632233834433,-0.01342639024980317,-0.03200915257244306,0.5276705784542705,0.04355800786208665,2.922201195704689,0.03094420496848953,11894.95238988738,12129.88849324627,1.44900393985301,14.74932760227518,4.081678073047191e-13,0,2.874300427389061e-18,1.003197525051291e-12
27,27,3.769911184307752,0.7957137684518202,-0.02366244139857718,-0.01704780012569092,-0.03168798226259759,0.5272414195153837,0.03960764839078481,2.922201195704114,0.03094420496848953,11894.95238988738,12129.88849324627,1.44900393985301,14.74932760227518,4.081678073047191e-13,0,2.874300427389061e-18,1.003197525051291e-12
27,28,3.909537524467298,0.7965126946575324,-0.02289361587841262,-0.02043690926759623,-0.03132822330632237,0.526659516589594,0.03488724023919965,2.922201195704729,0.03094420496848953,11894.95238988738,12129.88849324627,1.44900393985301,14.74932760227518,4.081678073047191e-13,0,2.874300427389061e-18,1.003197525051291e-12
27,29,4.049163864626845,0.7974085395236599,-0.02239540378265676,-0.02353176022318527,-0.03107984769549627,0.5259385758005519,0.02952134972819045,2.922201195703994,0.03094420496848953,11894.95238988738,12129.88849324627,1.44900393985301,14.74932760227518,4.081678073047191e-13,0,2.874300427389061e-18,1.003197525051291e-12
27,30,4.188790204786391,0.79832080360844,-0.02230922694519734,-0.02624915289384768,-0.03106875900804932,0.5251260588572181,0.02363707002520593,2.922201195704927,0.03094420496848953,11894.95238988738,12129.88849324627,1.44900393985301,14.74932760227518,4.081678073047191e-13,0,2.874300427389061e-18,1.003197525051291e-12
27,31,4.328416544945937,0.7991613557047862,-0.02265993428980064,-0.02849286266407341,-0.03134475971873198,0.5242971036781621,0.01736264473078483,2.922201195703924,0.03094420496848953,11894.95238988738,12129.88849324627,1.44900393985301,14.74932760227518,4.081678073047191e-13,0,2.874300427389061e-18,1.003197525051291e-12
27,32,4.468042885105484,0.7998534874200679,-0.02336515843822169,-0.03017001179938551,-0.03187107737310212,0.5235365006391053,0.01082641541412834,2.922201195704845,0.03094420496848953,11894.95238988738,12129.88849324627,1.44900393985301,14.74932760227518,4.081678073047191e-13,0,2.874300427389061e-18,1.003197525051291e-12
27,33,4.60766922526503,0.8003448975957581,-0.02429321260995548,-0.03120656401976022,-0.03255652586287101,0.5229190756766466,0.004152990880228653,2.922201195704097,0.03094420496848953,11894.95238988738,12129.88849324627,1.44900393985301,14.74932760227518,4.081678073047191e-13,0,2.874300427389061e-18,1.003197525051291e-12
27,34,4.747295565424577,0.8006085822283882,-0.02532811717428525,-0.03155538109585398,-0.03330273942330661,0.5224971626056394,-0.002542072146935267,2.922201195704758,0.03094420496848953,11894.95238988738,12129.88849324627,1.44900393985301,14.74932760227518,4.081678073047191e-13,0,2.874300427389061e-18,1.003197525051291e-12
27,35,4.886921905584122,0.8006340305002911,-0.02639763626113786,-0.03119679070491518,-0.03403001379820811,0.5222995585119783,-0.009154244808797191,2.922201195704135,0.03094420496848953,11894.95238988738,12129.88849324627,1.44900393985301,14.74932760227518,4.081678073047191e-13,0,2.874300427389061e-18,1.003197525051291e-12
27,36,5.026548245743669,0.8004180107690055,-0.02744996317904506,-0.03013674551296353,-0.03466812607813437,0.522339554604037,-0.01558629343047368,2.922201195704653,0.03094420496848953,11894.95238988738,12129.88849324627,1.44900393985301,14.74932760227518,4.081678073047191e-13,0,2.874300427389061e-18,1.003197525051291e-12
27,37,5.166174585903216,0.7999639395082546,-0.02840795097626259,-0.02840724500493026,-0.03513429194049415,0.5226226729518241,-0.02174262893424761,2.922201195704263,0.03094420496848953,11894.95238988738,12129.88849324627,1.44900393985301,14.74932760227518,4.081678073047191e-13,0,2.874300427389061e-18,1.003197525051291e-12
27,38,5.305800926062762,0.7992911997606946,-0.02914937025710704,-0.02606845739068515,-0.03533412982536194,0.523144436223144,-0.02752745117132538,2.922201195704514,0.03094420496848953,11894.95238988738,12129.88849324627,1.44900393985301,14.74932760227518,4.081678073047191e-13,0,2.874300427389061e-18,1.003197525051291e-12
27,39,5.445427266222308,0.7984466551034288,-0.02953899467563321,-0.02320738918863386,-0.03519852066022805,0.5238773826476909,-0.03284719473485033,2.922201195704307,0.03094420496848953,11894.95238988738,12129.88849324627,1.44900393985301,14.74932760227518,4.081678073047191e-13,0,2.874300427389061e-18,1.003197525051291e-12
27,40,5.585053606381854,0.7975074449072028,-0.02949501160499013,-0.01992869987683124,-0.0347325873836375,0.5247580091428405,-0.037612055094013,2.922201195704456,0.03094420496848953,11894.95238988738,12129.88849324627,1.44900393985301,14.74932760227518,4.081678073047191e-13,0,2.874300427389061e-18,1.003197525051291e-12
27,41,5.724679946541401,0.7965696930335139,-0.02904497463382035,-0.01633876899716841,-0.03403816845142955,0.5256880408251436,-0.04173258426643284,2.922201195704459,0.03094420496848953,11894.95238988738,12129.88849324627,1.44900393985301,14.74932760227518,4.081678073047191e-13,0,2.874300427389061e-18,1.003197525051291e-12
27,42,5.864306286700947,0.7957274255263138,-0.02833146103984925,-0.01252995041925655,-0.03328860423399773,0.5265553838893022,-0.04511400462698194,2.922201195704244,0.03094420496848953,11894.95238988738,12129.88849324627,1.44900393985301,14.74932760227518,4.081678073047191e-13,0,2.874300427389061e-18,1.003197525051291e-12
27,43,6.003932626860494,0.7950522698201746,-0.02755640732870546,-0.008573420684021723,-0.03266512774365082,0.5272650808314131,-0.04765513855935174,2.92220119570464,0.03094420496848953,11894.95238988738,12129.88849324627,1.44900393985301,14.74932760227518,4.081678073047191e-13,0,2.874300427389061e-18,1.003197525051291e-12
27,44,6.14355896702004,0.7945835224868898,-0.02688870357738012,-0.004524090592627555,-0.03228512910685583,0.52776306320929,-0.04925652450624696,2.922201195704246,0.03094420496848953,11894.95238988738,12129.88849324627,1.44900393985301,14.74932760227518,4.081678073047191e-13,0,2.874300427389061e-18,1.003197525051291e-12
28,0,0,0.7943227053576841,-0.0268720595362376,-0.0004373907052373289,-0.03272646590600876,0.527913043352807,-0.05029593037483219,2.922195801716676,0.03121652477275781,11999.6321226481,12240.39860996162,1.449317999236283,14.74932760227518,5.077338246140728e-13,0,-9.237953080992213e-19,7.980283101005625e-13
28,1,0.1396263401595464,0.7942792891048505,-0.0264582611135123,0.00367337795752541,-0.03275844192491413,0.5279993257987701,-0.04980461813478187,2.922195801716186,0.03121652477275781,11999.6321226481,12240.39860996162,1.449317999236283,14.74932760227518,5.077338246140728e-13,0,-9.237953080992213e-19,7.980283101005625e-13
28,2,0.2792526803190927,0.7944431053059763,-0.02599331808387477,0.007713508694160311,-0.032797443989214,0.527921892475932,-0.04823158027733754,2.922195801716632,0.03121652477275781,11999.6321226481,12240.39860996162,1.449317999236283,14.74932760227518,5.077338246140728e-13,0,-9.237953080992213e-19,7.980283101005625e-13
28,3,0.4188790204786391,0.7948089532944095,-0.02536180510384146,0.01163050507356573,-0.032713444180564,0.5277036313804973,-0.04562318354163802,2.922195801716124,0.03121652477275781,11999.6321226481,12240.39860996162,1.449317999236283,14.74932760227518,5.077338246140728e-13,0,-9.237953080992213e-19,7.980283101005625e-13
28,4,0.5585053606381855,0.7953702633985671,-0.02456173078531786,0.01538050866969093,-0.03246171547733201,0.5273454161990183,-0.04206493258303065,2.922195801716756,0.03121652477275781,11999.6321226481,12240.39860996162,1.449317999236283,14.74932760227518,5.077338246140728e-13,0,-9.237953080992213e-19,7.980283101005625e-13
28,5,0.6981317007977318,0.796107272493796,-0.02372225951777455,0.01892201514587203,-0.03210278337320419,0.5268359099505154,-0.03766793892051191,2.922195801715976,0.03121652477275781,11999.6321226481,12240.39860996162,1.449317999236283,14.74932760227518,5.077338246140728e-13,0,-9.237953080992213e-19,7.980283101005625e-13
28,6,0.8377580409572782,0.7969759015533575,-0.02304800594595403,0.02220255603290606,-0.03177283613882561,0.5261743521218304,-0.03255619601087575,2.92219580171675,0.03121652477275781,11999.6321226481,12240.39860996162,1.449317999236283,14.74932760227518,5.077338246140728e-13,0,-9.237953080992213e-19,7.980283101005625e-13
28,7,0.9773843811168246,0.7979054688671634,-0.02272597948042416,0.02514875352267998,-0.03162103192964084,0.5253900060236766,-0.02685817874482991,2.922195801716101,0.03121652477275781,11999.6321226481,12240.39860996162,1.449317999236283,14.74932760227518,5.077338246140728e-13,0,-9.237953080992213e-19,7.980283101005625e-13
28,8,1.117010721276371,0.7988085874481611,-0.02284775878383584,0.02766812883703388,-0.03174458047475752,0.5245455075055244,-0.02070345608373081,2.922195801716667,0.03121652477275781,11999.6321226481,12240.39860996162,1.449317999236283,14.74932760227518,5.077338246140728e-13,0,-9.237953080992213e-19,7.980283101005625e-13
28,9,1.256637061435917,0.7995993683179698,-0.02338512138999677,0.02966246201228478,-0.03215342569198956,0.5237239861467877,-0.01422193207877862,2.922195801716181,0.03121652477275781,11999.6321226481,12240.39860996162,1.449317999236283,14.74932760227518,5.077338246140728e-13,0,-9.237953080992213e-19,7.980283101005625e-13
28,10,1.396263401595464,0.8002107270241402,-0.02422507547196889,0.0310450733625214,-0.03278051488668297,0.5230089476893476,-0.007541773085696315,2.922195801716615,0.03121652477275781,11999.6321226481,12240.39860996162,1.449317999236283,14.74932760227518,5.077338246140728e-13,0,-9.237953080992213e-19,7.980283101005625e-13
28,11,1.53588974175501,0.8006019659383744,-0.0252361452036322,0.0317533776142829,-0.03352484699696674,0.5224670257638422,-0.000784585653914337,2.922195801716335,0.03121652477275781,11999.6321226481,12240.39860996162,1.449317999236283,14.74932760227518,5.077338246140728e-13,0,-9.237953080992213e-19,7.980283101005625e-13
28,12,1.675516081914556,0.8007543731079457,-0.02631971495161028,0.03175309230420714,-0.03429216884367384,0.5221405406752009,0.005938777110386984,2.922195801716473,0.03121652477275781,11999.6321226481,12240.39860996162,1.449317999236283,14.74932760227518,5.077338246140728e-13,0,-9.237953080992213e-19,7.980283101005625e-13
28,13,1.815142422074103,0.8006611078805121,-0.02741323242029407,0.03103701617062853,-0.03500438685837468,0.5220513207195241,0.01252736746714297,2.922195801716322,0.03121652477275781,11999.6321226481,12240.39860996162,1.449317999236283,14.74932760227518,5.077338246140728e-13,0,-9.237953080992213e-19,7.980283101005625e-13
28,14,1.954768762233649,0.8003215281578059,-0.02845204355210698,0.02962401791786185,-0.03558158670469803,0.5222096723255384,0.01888484037872562,2.922195801716535,0.03121652477275781,11999.6321226481,12240.39860996162,1.449317999236283,14.74932760227518,5.077338246140728e-13,0,-9.237953080992213e-19,7.980283101005625e-13
28,15,2.094395102393195,0.7997458888657341,-0.02933260452038711,0.02756067174314417,-0.03592937222219664,0.5226177824581233,0.02491526488074617,2.922195801716276,0.03121652477275781,11999.6321226481,12240.39860996162,1.449317999236283,14.74932760227518,5.077338246140728e-13,0,-9.237953080992213e-19,7.980283101005625e-13
28,16,2.234021442552742,0.7989670141577268,-0.02991856884515231,0.02492228618735107,-0.03595937826066532,0.5232612979635963,0.03052374578043389,2.922195801716446,0.03121652477275781,11999.6321226481,12240.39860996162,1.449317999236283,14.74932760227518,5.077338246140728e-13,0,-9.237953080992213e-19,7.980283101005625e-13
28,17,2.373647782712288,0.7980485622021498,-0.03009411935915724,0.02180781789141236,-0.03563667961266281,0.5240943861901893,0.03561894347165306,2.922195801716322,0.03121652477275781,11999.6321226481,12240.39860996162,1.449317999236283,14.74932760227518,5.077338246140728e-13,0,-9.237953080992213e-19,7.980283101005625e-13
28,18,2.513274122871834,0.7970807661041863,-0.02983007869389604,0.01832663687518443,-0.03501883378398222,0.5250325039215308,0.04011190395058521,2.922195801716487,0.03121652477275781,11999.6321226481,12240.39860996162,1.449317999236283,14.74932760227518,5.077338246140728e-13,0,-9.237953080992213e-19,7.980283101005625e-13
28,19,2.652900463031381,0.7961630575182745,-0.02921716247514513,0.01458140109378999,-0.03425386330332495,0.5259642659514504,0.04391045047272778,2.922195801716251,0.03121652477275781,11999.6321226481,12240.39860996162,1.449317999236283,14.74932760227518,5.077338246140728e-13,0,-9.237953080992213e-19,7.980283101005625e-13
28,20,2.792526803190927,0.7953818001683826,-0.02843955372986648,0.01065546405600108,-0.03353187831055214,0.5267799626146328,0.04691483026760875,2.922195801716543,0.03121652477275781,11999.6321226481,12240.39860996162,1.449317999236283,14.74932760227518,5.077338246140728e-13,0,-9.237953080992213e-19,7.980283101005625e-13
28,21,2.932153143350474,0.7947941329068318,-0.02769589124265883,0.006611587968991431,-0.03301246515019177,0.5274014195939899,0.0490211904498738,2.92219580171633,0.03121652477275781,11999.6321226481,12240.39860996162,1.449317999236283,14.74932760227518,5.077338246140728e-13,0,-9.237953080992213e-19,7.980283101005625e-13
28,22,3.07177948351002,0.794424707551357,-0.02710680688422956,0.002501352766289153,-0.03276208435240276,0.5277973735761123,0.05013450414552548,2.922195801716542,0.03121652477275781,11999.6321226481,12240.39860996162,1.449317999236283,14.74932760227518,5.077338246140728e-13,0,-9.237953080992213e-19,7.980283101005625e-13
28,23,3.211405823669566,0.7942746247426907,-0.02666193234106937,-0.0016232628184873,-0.03273164480032106,0.5279787943513723,0.05018656010464004,2.922195801716255,0.03121652477275781,11999.6321226481,12240.39860996162,1.449317999236283,14.74932760227518,5.077338246140728e-13,0,-9.237953080992213e-19,7.980283101005625e-13
28,24,3.351032163829113,0.7943356896362984,-0.02624130776066949,-0.005705752601152218,-0.03278661285805413,0.5279791495889,0.04915147533750629,2.922195801716605,0.03121652477275781,11999.6321226481,12240.39860996162,1.449317999236283,14.74932760227518,5.077338246140728e-13,0,-9.237953080992213e-19,7.980283101005625e-13
28,25,3.490658503988659,0.7946010344213011,-0.0257017692512515,-0.009690322540611796,-0.0327761008047554,0.527829814805639,0.04705222465377461,2.922195801716254,0.03121652477275781,11999.6321226481,12240.39860996162,1.449317999236283,14.74932760227518,5.077338246140728e-13,0,-9.237953080992213e-19,7.980283101005625e-13
28,26,3.630284844148206,0.7950659451703291,-0.02497749308776881,-0.0135288862831854,-0.032607106547746,0.5275426793987488,0.04395628107498235,2.922195801716532,0.03121652477275781,11999.6321226481,12240.39860996162,1.449317999236283,14.74932760227518,5.077338246140728e-13,0,-9.237953080992213e-19,7.980283101005625e-13
28,27,3.769911184307752,0.7957189051543834,-0.02413486207782221,-0.01718018548943768,-0.03228827187273593,0.5271101570520603,0.03996370644432895,2.922195801716156,0.03121652477275781,11999.6321226481,12240.39860996162,1.449317999236283,14.74932760227518,5.077338246140728e-13,0,-9.237953080992213e-19,7.980283101005625e-13
28,28,3.909537524467298,0.7965289867525359,-0.02335127145411309,-0.0205989561919697,-0.03192433351093308,0.526523144632749,0.03519342488447137,2.922195801716707,0.03121652477275781,11999.6321226481,12240.39860996162,1.449317999236283,14.74932760227518,5.077338246140728e-13,0,-9.237953080992213e-19,7.980283101005625e-13
28,29,4.049163864626845,0.7974383300272914,-0.02283440356567512,-0.02372289362270049,-0.03166674914392674,0.5257943063628321,0.02977238725372603,2.922195801716015,0.03121652477275781,11999.6321226481,12240.39860996162,1.449317999236283,14.74932760227518,5.077338246140728e-13,0,-9.237953080992213e-19,7.980283101005625e-13
28,30,4.188790204786391,0.7983659702982177,-0.02273050609705379,-0.02646800551664428,-0.03164561538437924,0.5249703332525997,0.02382978524628337,2.922195801716771,0.03121652477275781,11999.6321226481,12240.39860996162,1.449317999236283,14.74932760227518,5.077338246140728e-13,0,-9.237953080992213e-19,7.980283101005625e-13
28,31,4.328416544945937,0.7992228050919354,-0.02307029919407076,-0.02873680025119786,-0.0319161449562292,0.5241264268795528,0.01749544648724,2.922195801716066,0.03121652477275781,11999.6321226481,12240.39860996162,1.449317999236283,14.74932760227518,5.077338246140728e-13,0,-9.237953080992213e-19,7.980283101005625e-13
28,32,4.468042885105484,0.7999306372865552,-0.02377584719357992,-0.03043479822385356,-0.03244579153313864,0.5233484504456584,0.01089886211668577,2.922195801716774,0.03121652477275781,11999.6321226481,12240.39860996162,1.449317999236283,14.74932760227518,5.077338246140728e-13,0,-9.237953080992213e-19,7.980283101005625e-13
28,33,4.60766922526503,0.8004354307233901,-0.0247164611722329,-0.031486317910445,-0.03314437054843949,0.5227131285726422,0.004165606743597228,2.922195801716079,0.03121652477275781,11999.6321226481,12240.39860996162,1.449317999236283,14.74932760227518,5.077338246140728e-13,0,-9.237953080992213e-19,7.980283101005625e-13
28,34,4.747295565424577,0.8007086178670146,-0.02577329647659649,-0.03184286839219985,-0.0339107538155646,0.5222751143261385,-0.002587813735921565,2.922195801716699,0.03121652477275781,11999.6321226481,12240.39860996162,1.449317999236283,14.74932760227518,5.077338246140728e-13,0,-9.237953080992213e-19,7.980283101005625e-13
28,35,4.886921905584122,0.8007386369647198,-0.02686865635957678,-0.03148396847370479,-0.03465984850022391,0.5220654509759043,-0.00925597835227355,2.922195801716259,0.03121652477275781,11999.6321226481,12240.39860996162,1.449317999236283,14.74932760227518,5.077338246140728e-13,0,-9.237953080992213e-19,7.980283101005625e-13
28,36,5.026548245743669,0.8005218460551961,-0.02794483716190766,-0.0304154000747674,-0.03531547475276489,0.5220991829362709,-0.01574098282728273,2.92219580171652,0.03121652477275781,11999.6321226481,12240.39860996162,1.449317999236283,14.74932760227518,5.077338246140728e-13,0,-9.237953080992213e-19,7.980283101005625e-13
28,37,5.166174585903216,0.8000618356172573,-0.0289203058264788,-0.02866958660142366,-0.03579031386514479,0.5223828437533489,-0.02194692440796601,2.922195801716246,0.03121652477275781,11999.6321226481,12240.39860996162,1.449317999236283,14.74932760227518,5.077338246140728e-13,0,-9.237953080992213e-19,7.980283101005625e-13
28,38,5.305800926062762,0.7993786239433471,-0.02967096142105249,-0.02630760941723299,-0.03598813277774274,0.5229120803433847,-0.02777805474620141,2.922195801716519,0.03121652477275781,11999.6321226481,12240.39860996162,1.449317999236283,14.74932760227518,5.077338246140728e-13,0,-9.237953080992213e-19,7.980283101005625e-13
28,39,5.445427266222308,0.7985200661348961,-0.0300621483270367,-0.02341777046129707,-0.03584091248068883,0.5236585558916456,-0.03314106763361668,2.922195801716331,0.03121652477275781,11999.6321226481,12240.39860996162,1.449317999236283,14.74932760227518,5.077338246140728e-13,0,-9.237953080992213e-19,7.980283101005625e-13
28,40,5.585053606381854,0.7975645680776074,-0.0300141915416731,-0.02010630135285945,-0.03535714677855806,0.5245569304688114,-0.03794631258406298,2.922195801716342,0.03121652477275781,11999.6321226481,12240.39860996162,1.449317999236283,14.74932760227518,5.077338246140728e-13,0,-9.237953080992213e-19,7.980283101005625e-13
28,41,5.724679946541401,0.7966097036484358,-0.02955717300831984,-0.0164812849880806,-0.03464303088212821,0.5255064649611534,-0.0421040273242679,2.922195801716468,0.03121652477275781,11999.6321226481,12240.39860996162,1.449317999236283,14.74932760227518,5.077338246140728e-13,0,-9.237953080992213e-19,7.980283101005625e-13
28,42,5.864306286700947,0.795751008579488,-0.028835721519868,-0.01263668741798588,-0.0338759399526371,0.5263925256814634,-0.04551841650638971,2.922195801716313,0.03121652477275781,11999.6321226481,12240.39860996162,1.449317999236283,14.74932760227518,5.077338246140728e-13,0,-9.237953080992213e-19,7.980283101005625e-13
28,43,6.003932626860494,0.7950615227535364,-0.02805317428434416,-0.00864493538403595,-0.03323999902529495,0.5271180638624602,-0.04808661213680316,2.92219580171653,0.03121652477275781,11999.6321226481,12240.39860996162,1.449317999236283,14.74932760227518,5.077338246140728e-13,0,-9.237953080992213e-19,7.980283101005625e-13
28,44,6.14355896702004,0.7945816825882124,-0.02737946029012423,-0.004561627178879154,-0.03285410613356184,0.5276277089824021,-0.04970708297789711,2.92219580171625,0.03121652477275781,11999.6321226481,12240.39860996162,1.449317999236283,14.74932760227518,5.077338246140728e-13,0,-9.237953080992213e-19,7.980283101005625e-13
29,0,0,0.7943160453561754,-0.02738234233765182,-0.0004424849166719775,-0.03332409360204823,0.5277764424735042,-0.05075212630329579,2.922190402473131,0.03148637733742105,12103.36344850465,12349.97141614397,1.449632058619557,14.74932760227518,6.800968406318457e-13,0,-1.281984365669384e-18,1.079136779935652e-12
29,1,0.1396263401595464,0.7942694722080311,-0.02696798713358684,0.003699470595827987,-0.03336302252914258,0.5278658040189275,-0.05025856612820267,2.922190402473067,0.03148637733742105,12103.36344850465,12349.97141614397,1.449632058619557,14.74932760227518,6.800968406318457e-13,0,-1.281984365669384e-18,1.079136779935652e-12
29,2,0.2792526803190927,0.7944339569357817,-0.02650358627364994,0.007769953580578032,-0.03341217856198434,0.5277885750747943,-0.04867102023728937,2.922190402473649,0.03148637733742105,12103.36344850465,12349.97141614397,1.449632058619557,14.74932760227518,6.800968406318457e-13,0,-1.281984365669384e-18,1.079136779935652e-12
29,3,0.4188790204786391,0.7948038299833439,-0.02587087108775693,0.01171675477274167,-0.03333784538015249,0.5275689078922201,-0.04603607586951242,2.922190402472905,0.03148637733742105,12103.36344850465,12349.97141614397,1.449632058619557,14.74932760227518,6.800968406318457e-13,0,-1.281984365669384e-18,1.079136779935652e-12
29,4,0.5585053606381855,0.7953721080493424,-0.02506483897987008,0.01549625193274932,-0.03309165430634876,0.5272083244027378,-0.04244044473445138,2.92219040247321,0.03148637733742105,12103.36344850465,12349.97141614397,1.449632058619557,14.74932760227518,6.800968406318457e-13,0,-1.281984365669384e-18,1.079136779935652e-12
29,5,0.6981317007977318,0.7961187943983128,-0.02421297895080879,0.01906708065410001,-0.0327318171011835,0.5266951797485603,-0.03799722139151485,2.922190402473114,0.03148637733742105,12103.36344850465,12349.97141614397,1.449632058619557,14.74932760227518,6.800968406318457e-13,0,-1.281984365669384e-18,1.079136779935652e-12
29,6,0.8377580409572782,0.7969996749772232,-0.02352084066395849,0.02237667958833561,-0.03239469556653173,0.5260276674266983,-0.03283277524869332,2.922190402473577,0.03148637733742105,12103.36344850465,12349.97141614397,1.449632058619557,14.74932760227518,6.800968406318457e-13,0,-1.281984365669384e-18,1.079136779935652e-12
29,7,0.9773843811168246,0.7979437757131851,-0.02317931189978603,0.02535116542085891,-0.03223253475761294,0.5252339422310727,-0.0270778857021143,2.922190402472724,0.03148637733742105,12103.36344850465,12349.97141614397,1.449632058619557,14.74932760227518,6.800968406318457e-13,0,-1.281984365669384e-18,1.079136779935652e-12
29,8,1.117010721276371,0.7988629779041719,-0.02328571374652748,0.0278970325995999,-0.03234767857727676,0.5243761891193019,-0.02086399678484877,2.922190402473393,0.03148637733742105,12103.36344850465,12349.97141614397,1.449632058619557,14.74932760227518,6.800968406318457e-13,0,-1.281984365669384e-18,1.079136779935652e-12
29,9,1.256637061435917,0.799670106497965,-0.02381718936910206,0.02991457477682921,-0.03275514993385727,0.5235381254865936,-0.01432238498851136,2.922190402473371,0.03148637733742105,12103.36344850465,12349.97141614397,1.449632058619557,14.74932760227518,6.800968406318457e-13,0,-1.281984365669384e-18,1.079136779935652e-12
29,10,1.396263401595464,0.8002964021569272,-0.02466343291189199,0.0313154150760993,-0.03339057697465857,0.5228048327018469,-0.007582276786254136,2.922190402473194,0.03148637733742105,12103.36344850465,12349.97141614397,1.449632058619557,14.74932760227518,6.800968406318457e-13,0,-1.281984365669384e-18,1.079136779935652e-12
29,11,1.53588974175501,0.8006994834353887,-0.02569186640395811,0.03203540757671503,-0.03415198108633212,0.5222451555024241,-0.0007662503472800251,2.92219040247302,0.03148637733742105,12103.36344850465,12349.97141614397,1.449632058619557,14.74932760227518,6.800968406318457e-13,0,-1.281984365669384e-18,1.079136779935652e-12
29,12,1.675516081914556,0.8008593290832396,-0.02679957871109585,0.0320391513559735,-0.03494089993429583,0.5219037752785929,0.00601390534536686,2.922190402473499,0.03148637733742105,12103.36344850465,12349.97141614397,1.449632058619557,14.74932760227518,6.800968406318457e-13,0,-1.281984365669384e-18,1.079136779935652e-12
29,13,1.815142422074103,0.8007683652166242,-0.02791832852665681,0.03131893174394677,-0.03567346852538431,0.5218045782960519,0.01265645965011562,2.922190402473265,0.03148637733742105,12103.36344850465,12349.97141614397,1.449632058619557,14.74932760227518,6.800968406318457e-13,0,-1.281984365669384e-18,1.079136779935652e-12
29,14,1.954768762233649,0.800425790730061,-0.02897836685604396,0.02989372084324381,-0.03626442744485069,0.5219593321289734,0.01906458946870687,2.92219040247301,0.03148637733742105,12103.36344850465,12349.97141614397,1.449632058619557,14.74932760227518,6.800968406318457e-13,0,-1.281984365669384e-18,1.079136779935652e-12
29,15,2.094395102393195,0.7998421841509559,-0.02987298273070206,0.02781073928779237,-0.03661602102917343,0.5223709241713026,0.02514226134203348,2.922190402473155,0.03148637733742105,12103.36344850465,12349.97141614397,1.449632058619557,14.74932760227518,6.800968406318457e-13,0,-1.281984365669384e-18,1.079136779935652e-12
29,16,2.234021442552742,0.7990511033565112,-0.03046498501250853,0.02514639522474941,-0.03663928331911417,0.5230247799062439,0.03079478772763756,2.92219040247352,0.03148637733742105,12103.36344850465,12349.97141614397,1.449632058619557,14.74932760227518,6.800968406318457e-13,0,-1.281984365669384e-18,1.079136779935652e-12
29,17,2.373647782712288,0.7981173111196156,-0.03063964831996677,0.0220011073499312,-0.03630136102863018,0.5238737899053739,0.03593112255552227,2.922190402472935,0.03148637733742105,12103.36344850465,12349.97141614397,1.449632058619557,14.74932760227518,6.800968406318457e-13,0,-1.281984365669384e-18,1.079136779935652e-12
29,18,2.513274122871834,0.7971324530691651,-0.03036997432946264,0.01848594236705015,-0.03566371286733969,0.5248311868492807,0.04046234013522827,2.922190402473127,0.03148637733742105,12103.36344850465,12349.97141614397,1.449632058619557,14.74932760227518,6.800968406318457e-13,0,-1.281984365669384e-18,1.079136779935652e-12
29,19,2.652900463031381,0.7961975488316346,-0.02974903593546343,0.01470528307952782,-0.03487881903809602,0.5257828749911846,0.04429568417199495,2.922190402473314,0.03148637733742105,12103.36344850465,12349.97141614397,1.449632058619557,14.74932760227518,6.800968406318457e-13,0,-1.281984365669384e-18,1.079136779935652e-12
29,20,2.792526803190927,0.7954005316242037,-0.02896301733749835,0.01074395812645291,-0.0341406334381425,0.5266165834018137,0.04733006961290893,2.922190402473425,0.03148637733742105,12103.36344850465,12349.97141614397,1.449632058619557,14.74932760227518,6.800968406318457e-13,0,-1.281984365669384e-18,1.079136779935652e-12
29,21,2.932153143350474,0.7947998781464568,-0.02821216349347052,0.006665698094484271,-0.03361130440104456,0.5272522599100934,0.04945971097011914,2.922190402472832,0.03148637733742105,12103.36344850465,12349.97141614397,1.449632058619557,14.74932760227518,6.800968406318457e-13,0,-1.281984365669384e-18,1.079136779935652e-12
29,22,3.07177948351002,0.7944211616460589,-0.02761834048754817,0.002522453323698218,-0.03335834788193826,0.5276577499699315,0.05058743488631895,2.922190402473487,0.03148637733742105,12103.36344850465,12349.97141614397,1.449632058619557,14.74932760227518,6.800968406318457e-13,0,-1.281984365669384e-18,1.079136779935652e-12
29,23,3.211405823669566,0.7942658832429822,-0.02717166396111682,-0.001633886207702198,-0.03333214787624404,0.5278441779780285,0.05064313806599596,2.922190402473315,0.03148637733742105,12103.36344850465,12349.97141614397,1.449632058619557,14.74932760227518,6.800968406318457e-13,0,-1.281984365669384e-18,1.079136779935652e-12
29,24,3.351032163829113,0.7943257568993015,-0.02675132676327089,-0.005747106730930953,-0.03339609016191211,0.527846002476668,0.04959971225464493,2.9221904024732,0.03148637733742105,12103.36344850465,12349.97141614397,1.449632058619557,14.74932760227518,6.800968406318457e-13,0,-1.281984365669384e-18,1.079136779935652e-12
29,25,3.490658503988659,0.7945935084094052,-0.02621185372602731,-0.009761722030309289,-0.03339597030898515,0.5276959348233897,0.04747984200958492,2.922190402472919,0.03148637733742105,12103.36344850465,12349.97141614397,1.449632058619557,14.74932760227518,6.800968406318457e-13,0,-1.281984365669384e-18,1.079136779935652e-12
29,26,3.630284844148206,0.795063956876315,-0.02548432785585692,-0.01362990946981399,-0.03323498315832068,0.527406888636514,0.04435172791457892,2.92219040247362,0.03148637733742105,12103.36344850465,12349.97141614397,1.449632058619557,14.74932760227518,6.800968406318457e-13,0,-1.281984365669384e-18,1.079136779935652e-12
29,27,3.769911184307752,0.7957252582464648,-0.02463259484698887,-0.01731060963186305,-0.03291862391410872,0.5269714588649272,0.04031706501977367,2.922190402472987,0.03148637733742105,12103.36344850465,12349.97141614397,1.449632058619557,14.74932760227518,6.800968406318457e-13,0,-1.281984365669384e-18,1.079136779935652e-12
29,28,3.909537524467298,0.7965463235315565,-0.02383355634268729,-0.02075860372586721,-0.03255043557753477,0.5263798040179266,0.03549701401292141,2.922190402473191,0.03148637733742105,12103.36344850465,12349.97141614397,1.449632058619557,14.74932760227518,6.800968406318457e-13,0,-1.281984365669384e-18,1.079136779935652e-12
29,29,4.049163864626845,0.7974691176453264,-0.02329734958510388,-0.02391130915686845,-0.03228353254346553,0.5256434109495786,0.03002092201686308,2.922190402472991,0.03148637733742105,12103.36344850465,12349.97141614397,1.449632058619557,14.74932760227518,6.800968406318457e-13,0,-1.281984365669384e-18,1.079136779935652e-12
29,30,4.188790204786391,0.7984121931594934,-0.02317526123750107,-0.02668397220320424,-0.03225232513310783,0.5248081151936911,0.02402009941115696,2.922190402473762,0.03148637733742105,12103.36344850465,12349.97141614397,1.449632058619557,14.74932760227518,6.800968406318457e-13,0,-1.281984365669384e-18,1.079136779935652e-12
29,31,4.328416544945937,0.7992854358778431,-0.02350387376357851,-0.02897782396731429,-0.0325174324368963,0.5239491695958735,0.01762598782041928,2.922190402472683,0.03148637733742105,12103.36344850465,12349.97141614397,1.449632058619557,14.74932760227518,6.800968406318457e-13,0,-1.281984365669384e-18,1.079136779935652e-12
29,32,4.468042885105484,0.8000091302570704,-0.02420951485705112,-0.03069675279503104,-0.03305044037581627,0.5231535483882547,0.01096926236732815,2.92219040247344,0.03148637733742105,12103.36344850465,12349.97141614397,1.449632058619557,14.74932760227518,6.800968406318457e-13,0,-1.281984365669384e-18,1.079136779935652e-12
29,33,4.60766922526503,0.8005275079597954,-0.02516232704571983,-0.03176340433513999,-0.0337620794580378,0.5224999237074852,0.004176492066512388,2.922190402473254,0.03148637733742105,12103.36344850465,12349.97141614397,1.449632058619557,14.74932760227518,6.800968406318457e-13,0,-1.281984365669384e-18,1.079136779935652e-12
29,34,4.747295565424577,0.800810465328598,-0.02624059160616081,-0.03212791731567111,-0.03454847167683955,0.5220452983299533,-0.002634856182609285,2.92219040247342,0.03148637733742105,12103.36344850465,12349.97141614397,1.449632058619557,14.74932760227518,6.800968406318457e-13,0,-1.281984365669384e-18,1.079136779935652e-12
29,35,4.886921905584122,0.8008454081249364,-0.0273613518719877,-0.03176898470706951,-0.03531927545077876,0.5218229749642141,-0.009358480470155186,2.922190402472849,0.03148637733742105,12103.36344850465,12349.97141614397,1.449632058619557,14.74932760227518,6.800968406318457e-13,0,-1.281984365669384e-18,1.079136779935652e-12
29,36,5.026548245743669,0.8006282578920493,-0.02846129794281549,-0.03069218925843867,-0.0359925273236687,0.5218497814431651,-0.01589583168952319,2.922190402473458,0.03148637733742105,12103.36344850465,12349.97141614397,1.449632058619557,14.74932760227518,6.800968406318457e-13,0,-1.281984365669384e-18,1.079136779935652e-12
29,37,5.166174585903216,0.8001626994649766,-0.02945466052581228,-0.02893034050997915,-0.03647640991580119,0.5221333491934824,-0.02215071611656559,2.922190402473301,0.03148637733742105,12103.36344850465,12349.97141614397,1.449632058619557,14.74932760227518,6.800968406318457e-13,0,-1.281984365669384e-18,1.079136779935652e-12
29,38,5.305800926062762,0.7994692853087153,-0.03021533036122452,-0.02654540397782757,-0.03667265648253707,0.522669589154948,-0.02802745431469557,2.922190402473019,0.03148637733742105,12103.36344850465,12349.97141614397,1.449632058619557,14.74932760227518,6.800968406318457e-13,0,-1.281984365669384e-18,1.079136779935652e-12
29,39,5.445427266222308,0.7985967945722666,-0.03060886222093758,-0.0236269749406433,-0.03651404805776833,0.5234294222713007,-0.03343302887141725,2.922190402473085,0.03148637733742105,12103.36344850465,12349.97141614397,1.449632058619557,14.74932760227518,6.800968406318457e-13,0,-1.281984365669384e-18,1.079136779935652e-12
29,40,5.585053606381854,0.7976249040310576,-0.0305573449441758,-0.02028288419956168,-0.03601221817743414,0.5243457194733339,-0.03827799911709746,2.922190402473443,0.03148637733742105,12103.36344850465,12349.97141614397,1.449632058619557,14.74932760227518,6.800968406318457e-13,0,-1.281984365669384e-18,1.079136779935652e-12
29,41,5.724679946541401,0.7966527085995242,-0.03009322253966971,-0.01662295701154766,-0.03527770080059919,0.5253152003447941,-0.04247236087813819,2.92219040247318,0.03148637733742105,12103.36344850465,12349.97141614397,1.449632058619557,14.74932760227518,6.800968406318457e-13,0,-1.281984365669384e-18,1.079136779935652e-12
29,42,5.864306286700947,0.7957773489576214,-0.02936332943266386,-0.01274279646132015,-0.03449213459021402,0.5262205182937553,-0.04591936238268132,2.922190402472906,0.03148637733742105,12103.36344850465,12349.97141614397,1.449632058619557,14.74932760227518,6.800968406318457e-13,0,-1.281984365669384e-18,1.079136779935652e-12
29,43,6.003932626860494,0.7950733451791695,-0.02857280030125388,-0.008716075543550382,-0.03384290624926065,0.5269623496093124,-0.04851446716256198,2.922190402473499,0.03148637733742105,12103.36344850465,12349.97141614397,1.449632058619557,14.74932760227518,6.800968406318457e-13,0,-1.281984365669384e-18,1.079136779935652e-12
29,44,6.14355896702004,0.7945822828315824,-0.02789300326237591,-0.004599058274962977,-0.03345073742386969,0.5274839161072326,-0.05015404711828506,2.922190402473295,0.03148637733742105,12103.36344850465,12349.97141614397,1.449632058619557,14.74932760227518,6.800968406318457e-13,0,-1.281984365669384e-18,1.079136779935652e-12
30,0,0,0.7943119132169658,-0.02791782331988238,-0.0004477480571188411,-0.03395177417998879,0.5276306636867817,-0.05120494967890851,2.922184998002189,0.03175380908486542,12206.16421222227,12458.61803916099,1.449946118002831,14.74932760227518,8.847626496041692e-13,0,3.672734859294646e-18,6.004086117172847e-12
30,1,0.1396263401595464,0.794262008890721,-0.02750373557631815,0.003725098980810527,-0.03399817328060718,0.5277231255144517,-0.05070934481842215,2.922184998005563,0.03175380908486542,12206.16421222227,12458.61803916099,1.449946118002831,14.74932760227518,8.847626496041692e-13,0,3.672734859294646e-18,6.004086117172847e-12
30,2,0.2792526803190927,0.7944269237337771,-0.0270407460957225,0.007825587269055446,-0.03405818677308508,0.5276461665531915,-0.04910749699901042,2.922184998002366,0.03175380908486542,12206.16421222227,12458.61803916099,1.449946118002831,14.74932760227518,8.847626496041692e-13,0,3.672734859294646e-18,6.004086117172847e-12
30,3,0.4188790204786391,0.7948005284270154,-0.02640736208379881,0.01180177472429526,-0.03399413909955539,0.5274253141083002,-0.0464461797428212,2.922184998006506,0.03175380908486542,12206.16421222227,12458.61803916099,1.449946118002831,14.74932760227518,8.847626496041692e-13,0,3.672734859294646e-18,6.004086117172847e-12
30,4,0.5585053606381855,0.7953754740108383,-0.02559537741849293,0.01561028501070332,-0.03375386018301254,0.5270627594522868,-0.04281330776588228,2.922184998000883,0.03175380908486542,12206.16421222227,12458.61803916099,1.449946118002831,14.74932760227518,8.847626496041692e-13,0,3.672734859294646e-18,6.004086117172847e-12
30,5,0.6981317007977318,0.7961315954079518,-0.02473067224168504,0.01920996180748303,-0.03339323755993633,0.5265464694160442,-0.03832395622507024,2.922184998006887,0.03175380908486542,12206.16421222227,12458.61803916099,1.449946118002831,14.74932760227518,8.847626496041692e-13,0,3.672734859294646e-18,6.004086117172847e-12
30,6,0.8377580409572782,0.7970245942917418,-0.02401997126331649,0.0225482334490258,-0.03304889918982092,0.5258734550034668,-0.03310687069495949,2.922184998001572,0.03175380908486542,12206.16421222227,12458.61803916099,1.449946118002831,14.74932760227518,8.847626496041692e-13,0,3.672734859294646e-18,6.004086117172847e-12
30,7,0.9773843811168246,0.7979832155001926,-0.02365829953955256,0.02555075667417126,-0.03287630265059108,0.5250706383152288,-0.02729516822269661,2.922184998006426,0.03175380908486542,12206.16421222227,12458.61803916099,1.449946118002831,14.74932760227518,8.847626496041692e-13,0,3.672734859294646e-18,6.004086117172847e-12
30,8,1.117010721276371,0.7989185878406996,-0.02374885122395825,0.02812301215161569,-0.03298300432023245,0.5241996860137734,-0.02102220362099095,2.922184998001318,0.03175380908486542,12206.16421222227,12458.61803916099,1.449946118002831,14.74932760227518,8.847626496041692e-13,0,3.672734859294646e-18,6.004086117172847e-12
30,9,1.256637061435917,0.7997422213386363,-0.02427409292153752,0.03016379651737805,-0.03338909200798744,0.5233449010272715,-0.01442064202356457,2.922184998006562,0.03175380908486542,12206.16421222227,12458.61803916099,1.449946118002831,14.74932760227518,8.847626496041692e-13,0,3.672734859294646e-18,6.004086117172847e-12
30,10,1.396263401595464,0.8003836631662065,-0.02512627173139963,0.03158300310281602,-0.03403280922351507,0.5225929845838949,-0.007620805969699966,2.922184998002406,0.03175380908486542,12206.16421222227,12458.61803916099,1.449946118002831,14.74932760227518,8.847626496041692e-13,0,3.672734859294646e-18,6.004086117172847e-12
30,11,1.53588974175501,0.8007988539001537,-0.02617163019085363,0.03231489756139739,-0.03481117462778056,0.5220150417831471,-0.0007462854428475245,2.92218499800512,0.03175380908486542,12206.16421222227,12458.61803916099,1.449946118002831,14.74932760227518,8.847626496041692e-13,0,3.672734859294646e-18,6.004086117172847e-12
30,12,1.675516081914556,0.8009664805859008,-0.02730304687806652,0.03232294399930689,-0.03562159069928208,0.5216581462109295,0.006090204266599206,2.922184998002837,0.03175380908486542,12206.16421222227,12458.61803916099,1.449946118002831,14.74932760227518,8.847626496041692e-13,0,3.672734859294646e-18,6.004086117172847e-12
30,13,1.815142422074103,0.8008782288035079,-0.0284468050691459,0.03159888817906403,-0.0363745520926272,0.5215482755315919,0.01278617604996752,2.922184998005732,0.03175380908486542,12206.16421222227,12458.61803916099,1.449946118002831,14.74932760227518,8.847626496041692e-13,0,3.672734859294646e-18,6.004086117172847e-12
30,14,1.954768762233649,0.8005330857485492,-0.02952825538962221,0.03016177172654102,-0.03697953729514611,0.5216987251072287,0.01924433271093199,2.922184998002479,0.03175380908486542,12206.16421222227,12458.61803916099,1.449946118002831,14.74932760227518,8.847626496041692e-13,0,3.672734859294646e-18,6.004086117172847e-12
30,15,2.094395102393195,0.799941865328583,-0.03043753038204599,0.02805942827350182,-0.03733536033429086,0.5221131985545623,0.02536855641774278,2.922184998004827,0.03175380908486542,12206.16421222227,12458.61803916099,1.449946118002831,14.74932760227518,8.847626496041692e-13,0,3.672734859294646e-18,6.004086117172847e-12
30,16,2.234021442552742,0.799138771594164,-0.03103636223749488,0.02536933975748018,-0.03735221767294723,0.522777043291764,0.03106440952335082,2.922184998003538,0.03175380908486542,12206.16421222227,12458.61803916099,1.449946118002831,14.74932760227518,8.847626496041692e-13,0,3.672734859294646e-18,6.004086117172847e-12
30,17,2.373647782712288,0.7981896363050587,-0.03121075820290028,0.02219339689146934,-0.03699905891583651,0.5236419709417685,0.03624117842840878,2.922184998004754,0.03175380908486542,12206.16421222227,12458.61803916099,1.449946118002831,14.74932760227518,8.847626496041692e-13,0,3.672734859294646e-18,6.004086117172847e-12
30,18,2.513274122871834,0.7971875543275312,-0.03093563712660106,0.01864440372287446,-0.03634112788907178,0.5246189737270277,0.040810024313089,2.922184998002862,0.03175380908486542,12206.16421222227,12458.61803916099,1.449946118002831,14.74932760227518,8.847626496041692e-13,0,3.672734859294646e-18,6.004086117172847e-12
30,19,2.652900463031381,0.7962352132598202,-0.03030641512221897,0.01482849626299716,-0.03553546965727507,0.5255911163666507,0.04467769582325556,2.922184998004875,0.03175380908486542,12206.16421222227,12458.61803916099,1.449946118002831,14.74932760227518,8.847626496041692e-13,0,3.672734859294646e-18,6.004086117172847e-12
30,20,2.792526803190927,0.795422198260691,-0.02951152018605965,0.01083198939874341,-0.03478016436420206,0.5264433818052808,0.04774182475291086,2.922184998003691,0.03175380908486542,12206.16421222227,12458.61803916099,1.449946118002831,14.74932760227518,8.847626496041692e-13,0,3.672734859294646e-18,6.004086117172847e-12
30,21,2.932153143350474,0.7948083709071604,-0.02875318277374512,0.006719586553805001,-0.03424026042631769,0.5270936815176714,0.04989468284271748,2.922184998004504,0.03175380908486542,12206.16421222227,12458.61803916099,1.449946118002831,14.74932760227518,8.847626496041692e-13,0,3.672734859294646e-18,6.004086117172847e-12
30,22,3.07177948351002,0.794420216325229,-0.02815479402272935,0.002543594361882683,-0.03398455660062325,0.5275089097981708,0.05103690837213198,2.922184998002992,0.03175380908486542,12206.16421222227,12458.61803916099,1.449946118002831,14.74932760227518,8.847626496041692e-13,0,3.672734859294646e-18,6.004086117172847e-12
30,23,3.211405823669566,0.7942595894247989,-0.02770697734266334,-0.001644197112922096,-0.03396292441383001,0.527700396994632,0.05109644161855888,2.922184998005513,0.03175380908486542,12206.16421222227,12458.61803916099,1.449946118002831,14.74932760227518,8.847626496041692e-13,0,3.672734859294646e-18,6.004086117172847e-12
30,24,3.351032163829113,0.7943180672467631,-0.02728782165669698,-0.005787836924767959,-0.03403648327029513,0.5277037175206111,0.05004488312928683,2.922184998002988,0.03175380908486542,12206.16421222227,12458.61803916099,1.449946118002831,14.74932760227518,8.847626496041692e-13,0,3.672734859294646e-18,6.004086117172847e-12
30,25,3.490658503988659,0.7945879551739896,-0.02674915505270475,-0.009832109005258929,-0.03404744480700151,0.5275530514516331,0.04790458943906282,2.922184998004668,0.03175380908486542,12206.16421222227,12458.61803916099,1.449946118002831,14.74932760227518,8.847626496041692e-13,0,3.672734859294646e-18,6.004086117172847e-12
30,26,3.630284844148206,0.7950636363575663,-0.02601866053174469,-0.01372946257792294,-0.03389497638159855,0.5272624070880142,0.0447444647311671,2.922184998003013,0.03175380908486542,12206.16421222227,12458.61803916099,1.449946118002831,14.74932760227518,8.847626496041692e-13,0,3.672734859294646e-18,6.004086117172847e-12
30,27,3.769911184307752,0.795733001185127,-0.02515757503087771,-0.01743908374907491,-0.03358133161196646,0.5268245292683268,0.04066782577396138,2.922184998005805,0.03175380908486542,12206.16421222227,12458.61803916099,1.449946118002831,14.74932760227518,8.847626496041692e-13,0,3.672734859294646e-18,6.004086117172847e-12
30,28,3.909537524467298,0.7965648580421442,-0.02434248308995997,-0.02091586179728409,-0.03320891209064462,0.5262287233588413,0.03579808699661073,2.922184998001737,0.03175380908486542,12206.16421222227,12458.61803916099,1.449946118002831,14.74932760227518,8.847626496041692e-13,0,3.672734859294646e-18,6.004086117172847e-12
30,29,4.049163864626845,0.7975010291419777,-0.02378625478181043,-0.02409700720325025,-0.03293261869357829,0.5254851590988181,0.03026700853673579,2.922184998006017,0.03175380908486542,12206.16421222227,12458.61803916099,1.449946118002831,14.74932760227518,8.847626496041692e-13,0,3.672734859294646e-18,6.004086117172847e-12
30,30,4.188790204786391,0.7984595816577833,-0.02364541542117586,-0.02689704779833528,-0.03289127754157682,0.5246387149238013,0.02420802977893602,2.92218499800218,0.03175380908486542,12206.16421222227,12458.61803916099,1.449946118002831,14.74932760227518,8.847626496041692e-13,0,3.672734859294646e-18,6.004086117172847e-12
30,31,4.328416544945937,0.79934935867271,-0.02396244920628557,-0.02921592769240971,-0.03315094235694774,0.5237646642327747,0.01775424748676607,2.922184998006286,0.03175380908486542,12206.16421222227,12458.61803916099,1.449946118002831,14.74932760227518,8.847626496041692e-13,0,3.672734859294646e-18,6.004086117172847e-12
30,32,4.468042885105484,0.8000890977561549,-0.0246678474786898,-0.03095587334534295,-0.03368728884052408,0.5229511190926575,0.01103756807248834,2.922184998001407,0.03175380908486542,12206.16421222227,12458.61803916099,1.449946118002831,14.74932760227518,8.847626496041692e-13,0,3.672734859294646e-18,6.004086117172847e-12
30,33,4.60766922526503,0.8006212957939889,-0.0256324651687033,-0.0320378345322629,-0.03441191050801645,0.5222787460368824,0.004185566899503704,2.922184998006397,0.03175380908486542,12206.16421222227,12458.61803916099,1.449946118002831,14.74932760227518,8.847626496041692e-13,0,3.672734859294646e-18,6.004086117172847e-12
30,34,4.747295565424577,0.8009143273012256,-0.02673170042229,-0.03241055681363421,-0.03521819163069648,0.5218069402860549,-0.002683318942635777,2.922184998002604,0.03175380908486542,12206.16421222227,12458.61803916099,1.449946118002831,14.74932760227518,8.847626496041692e-13,0,3.672734859294646e-18,6.004086117172847e-12
30,35,4.886921905584122,0.8009545736820227,-0.02787749671577103,-0.03205188570758354,-0.03601065521529483,0.521571293939383,-0.009461894096213844,2.922184998005123,0.03175380908486542,12206.16421222227,12458.61803916099,1.449946118002831,14.74932760227518,8.847626496041692e-13,0,3.672734859294646e-18,6.004086117172847e-12
30,36,5.026548245743669,0.8007374926263039,-0.02900117277560506,-0.03096717704490244,-0.03670168679417965,0.521590461235802,-0.01605099059502382,2.922184998002659,0.03175380908486542,12206.16421222227,12458.61803916099,1.449946118002831,14.74932760227518,8.847626496041692e-13,0,3.672734859294646e-18,6.004086117172847e-12
30,37,5.166174585903216,0.8002667877789954,-0.03001284163048481,-0.0291895850897638,-0.03719498112718633,0.5218732647478094,-0.02235416077925462,2.922184998005607,0.03175380908486542,12206.16421222227,12458.61803916099,1.449946118002831,14.74932760227518,8.847626496041692e-13,0,3.672734859294646e-18,6.004086117172847e-12
30,38,5.305800926062762,0.799563451905874,-0.03078426258963514,-0.02678193120450887,-0.03739006707878618,0.5224160169621636,-0.02827580132715683,2.922184998002926,0.03175380908486542,12206.16421222227,12458.61803916099,1.449946118002831,14.74932760227518,8.847626496041692e-13,0,3.672734859294646e-18,6.004086117172847e-12
30,39,5.445427266222308,0.7986771250005879,-0.03118088809448723,-0.02383510361424978,-0.03722026130805182,0.5231890224090475,-0.03372320959210859,2.922184998004154,0.03175380908486542,12206.16421222227,12458.61803916099,1.449946118002831,14.74932760227518,8.847626496041692e-13,0,3.672734859294646e-18,6.004086117172847e-12
30,40,5.585053606381854,0.7976887518785388,-0.03112623644649881,-0.02045854724212282,-0.03670012599076094,0.5241234120488864,-0.03860722899008027,2.922184998004239,0.03175380908486542,12206.16421222227,12458.61803916099,1.449946118002831,14.74932760227518,8.847626496041692e-13,0,3.672734859294646e-18,6.004086117172847e-12
30,41,5.724679946541401,0.7966990104231911,-0.03065495422360823,-0.01676386438631238,-0.035944516128336,0.5251132908778448,-0.0428376878738835,2.922184998003844,0.03175380908486542,12206.16421222227,12458.61803916099,1.449946118002831,14.74932760227518,8.847626496041692e-13,0,3.672734859294646e-18,6.004086117172847e-12
30,42,5.864306286700947,0.7958067383848629,-0.02991620984283689,-0.01284833382096478,-0.03513954927757568,0.5260384263688574,-0.04631692988833415,2.922184998004375,0.03175380908486542,12206.16421222227,12458.61803916099,1.449946118002831,14.74932760227518,8.847626496041692e-13,0,3.672734859294646e-18,6.004086117172847e-12
30,43,6.003932626860494,0.7950880029201339,-0.02911727655433043,-0.008786875496427617,-0.03447621037818466,0.5267970379080235,-0.04893877999976834,2.922184998002888,0.03175380908486542,12206.16421222227,12458.61803916099,1.449946118002831,14.74932760227518,8.847626496041692e-13,0,3.672734859294646e-18,6.004086117172847e-12
30,44,6.14355896702004,0.7945855545672587,-0.0284313145050103,-0.004636396159972266,-0.03407733487520449,0.5273308294954508,-0.05059749267495479,2.922184998005994,0.03175380908486542,12206.16421222227,12458.61803916099,1.449946118002831,14.74932760227518,8.847626496041692e-13,0,3.672734859294646e-18,6.004086117172847e-12
31,0,0,0.7943105462421671,-0.02848065743667786,-0.0004531952790473358,-0.03461203807193622,0.5274747675388249,-0.05165447749426813,2.922179588336934,0.03201886215206062,12308.0506112521,12566.3473364588,1.450260177386105,14.74932760227518,1.570625369300268e-12,0,2.562062907207445e-18,3.994582442601313e-12
31,1,0.1396263401595464,0.7942571185112837,-0.02806759286953446,0.003750266765265869,-0.03466636715212851,0.5275703712444744,-0.05115704246869585,2.922179588339358,0.03201886215206062,12308.0506112521,12566.3473364588,1.450260177386105,14.74932760227518,1.570625369300268e-12,0,2.562062907207445e-18,3.994582442601313e-12
31,2,0.2792526803190927,0.7944222166651451,-0.02760682546871413,0.007880413420889609,-0.03473788970937485,0.5274937575390722,-0.04954111258706849,2.922179588340062,0.03201886215206062,12308.0506112521,12566.3473364588,1.450260177386105,14.74932760227518,1.570625369300268e-12,0,2.562062907207445e-18,3.994582442601313e-12
31,3,0.4188790204786391,0.7947992554819193,-0.02697333916439522,0.01188555854140197,-0.03468478317972867,0.5272719361224349,-0.04685361521986765,2.922179588336967,0.03201886215206062,12308.0506112521,12566.3473364588,1.450260177386105,14.74932760227518,1.570625369300268e-12,0,2.562062907207445e-18,3.994582442601313e-12
31,4,0.5585053606381855,0.7953805629899966,-0.02615550792045157,0.01572261237869784,-0.03445089979315023,0.5269078023064495,-0.04318363212503623,2.922179588338008,0.03201886215206062,12308.0506112521,12566.3473364588,1.450260177386105,14.74932760227518,1.570625369300268e-12,0,2.562062907207445e-18,3.994582442601313e-12
31,5,0.6981317007977318,0.7961458619113025,-0.02527757181573509,0.0193506699093192,-0.03408969266552565,0.52638887949115,-0.03864822662470022,2.922179588340086,0.03201886215206062,12308.0506112521,12566.3473364588,1.450260177386105,14.74932760227518,1.570625369300268e-12,0,2.562062907207445e-18,3.994582442601313e-12
31,6,0.8377580409572782,0.7970508187359074,-0.02454764861269242,0.02271721167555761,-0.03373814103391556,0.5257108579675801,-0.03337855472922455,2.922179588338595,0.03201886215206062,12308.0506112521,12566.3473364588,1.450260177386105,14.74932760227518,1.570625369300268e-12,0,2.562062907207445e-18,3.994582442601313e-12
31,7,0.9773843811168246,0.798023926032622,-0.02416516400616804,0.02574751052097109,-0.03355505977880657,0.5248992783339811,-0.02751006841933334,2.922179588336579,0.03201886215206062,12308.0506112521,12566.3473364588,1.450260177386105,14.74932760227518,1.570625369300268e-12,0,2.562062907207445e-18,3.994582442601313e-12
31,8,1.117010721276371,0.7989755507776473,-0.02423929182453828,0.02834605424235186,-0.03365324748976631,0.5240152108803526,-0.02117805874343304,2.922179588339825,0.03201886215206062,12308.0506112521,12566.3473364588,1.450260177386105,14.74932760227518,1.570625369300268e-12,0,2.562062907207445e-18,3.994582442601313e-12
31,9,1.256637061435917,0.7998158560562569,-0.02475781580600435,0.03041011367594306,-0.03405785718299732,0.5231435379485961,-0.01451665547637069,2.922179588339634,0.03201886215206062,12308.0506112521,12566.3473364588,1.450260177386105,14.74932760227518,1.570625369300268e-12,0,2.562062907207445e-18,3.994582442601313e-12
31,10,1.396263401595464,0.8004726805805223,-0.02561550569627057,0.03184783088896768,-0.03470978704439329,0.5223726042693637,-0.007657297504137144,2.922179588337175,0.03201886215206062,12308.0506112521,12566.3473364588,1.450260177386105,14.74932760227518,1.570625369300268e-12,0,2.562062907207445e-18,3.994582442601313e-12
31,11,1.53588974175501,0.800900287030025,-0.02667736969116698,0.03259186064403791,-0.03550504180935831,0.5217758267558399,-0.0007245744113272105,2.922179588338101,0.03201886215206062,12308.0506112521,12566.3473364588,1.450260177386105,14.74932760227518,1.570625369300268e-12,0,2.562062907207445e-18,3.994582442601313e-12
31,12,1.675516081914556,0.8010760707640148,-0.02783208992627296,0.03260450241234761,-0.03633688414184234,0.5214027333618368,0.006167832132922692,2.922179588340551,0.03201886215206062,12308.0506112521,12566.3473364588,1.450260177386105,14.74932760227518,1.570625369300268e-12,0,2.562062907207445e-18,3.994582442601313e-12
31,13,1.815142422074103,0.8009909670307759,-0.02900067189748323,0.03187693939781056,-0.03711030795813825,0.5212814328715869,0.01291667084410918,2.92217958833805,0.03201886215206062,12308.0506112521,12566.3473364588,1.450260177386105,14.74932760227518,1.570625369300268e-12,0,2.562062907207445e-18,3.994582442601313e-12
31,14,1.954768762233649,0.8006437024468743,-0.03010376294014703,0.03042824422971037,-0.03772963236128832,0.5214268135250123,0.01942423123284441,2.92217958833711,0.03201886215206062,12308.0506112521,12566.3473364588,1.450260177386105,14.74932760227518,1.570625369300268e-12,0,2.562062907207445e-18,3.994582442601313e-12
31,15,2.094395102393195,0.8000452363216639,-0.03102829745311934,0.0283068212624407,-0.03809010313937657,0.5218435301134301,0.0255943278406849,2.922179588339577,0.03201886215206062,12308.0506112521,12566.3473364588,1.450260177386105,14.74932760227518,1.570625369300268e-12,0,2.562062907207445e-18,3.994582442601313e-12
31,16,2.234021442552742,0.7992303386660519,-0.03163470633224198,0.02559121748723603,-0.03810084377594056,0.5225169942210114,0.03133276464431946,2.922179588339726,0.03201886215206062,12308.0506112521,12566.3473364588,1.450260177386105,14.74932760227518,1.570625369300268e-12,0,2.562062907207445e-18,3.994582442601313e-12
31,17,2.373647782712288,0.7982658761372475,-0.03180946384069144,0.02238479674014796,-0.0377324307645945,0.5233978196503537,0.03654923140674373,2.922179588336619,0.03201886215206062,12308.0506112521,12566.3473364588,1.450260177386105,14.74932760227518,1.570625369300268e-12,0,2.562062907207445e-18,3.994582442601313e-12
31,18,2.513274122871834,0.7972464144130225,-0.03152914565819727,0.01880211254536255,-0.03705376020149354,0.5243947556032973,0.0411550702228547,2.922179588338515,0.03201886215206062,12308.0506112521,12566.3473364588,1.450260177386105,14.74932760227518,1.570625369300268e-12,0,2.562062907207445e-18,3.994582442601313e-12
31,19,2.652900463031381,0.7962763860232511,-0.03089143840108485,0.01495110625808827,-0.03622648610265074,0.5253879078637629,0.04505658460167174,2.922179588340195,0.03201886215206062,12308.0506112521,12566.3473364588,1.450260177386105,14.74932760227518,1.570625369300268e-12,0,2.562062907207445e-18,3.994582442601313e-12
31,20,2.792526803190927,0.795447115453754,-0.03008726186022258,0.01091961220278777,-0.03545312877195862,0.5262593122695924,0.0481501694540181,2.922179588338046,0.03201886215206062,12308.0506112521,12566.3473364588,1.450260177386105,14.74932760227518,1.570625369300268e-12,0,2.562062907207445e-18,3.994582442601313e-12
31,21,2.932153143350474,0.7948198955930944,-0.02932118866084706,0.006773284093912677,-0.03490197952101206,0.5269246801050801,0.05032617479828961,2.922179588337062,0.03201886215206062,12308.0506112521,12566.3473364588,1.450260177386105,14.74932760227518,1.570625369300268e-12,0,2.562062907207445e-18,3.994582442601313e-12
31,22,3.07177948351002,0.7944221220680465,-0.02871836386488207,0.002564777783061723,-0.03464328809106372,0.5273498948271337,0.05148299881618704,2.922179588340116,0.03201886215206062,12308.0506112521,12566.3473364588,1.450260177386105,14.74932760227518,1.570625369300268e-12,0,2.562062907207445e-18,3.994582442601313e-12
31,23,3.211405823669566,0.7942559684853807,-0.02826997091578852,-0.001654191862300943,-0.03462644813837695,0.5275465301084521,0.05154655381567866,2.922179588339412,0.03201886215206062,12308.0506112521,12566.3473364588,1.450260177386105,14.74932760227518,1.570625369300268e-12,0,2.562062907207445e-18,3.994582442601313e-12
31,24,3.351032163829113,0.7943128339046682,-0.02785283951301271,-0.005827931709779298,-0.03471022676810846,0.5275513838450455,0.05048708911117007,2.922179588336824,0.03201886215206062,12308.0506112521,12566.3473364588,1.450260177386105,14.74932760227518,1.570625369300268e-12,0,2.562062907207445e-18,3.994582442601313e-12
31,25,3.490658503988659,0.7945845855793453,-0.02731573035982943,-0.009901487392993112,-0.03473298276467613,0.5274002473732394,0.048326574255343,2.922179588338692,0.03201886215206062,12308.0506112521,12566.3473364588,1.450260177386105,14.74932760227518,1.570625369300268e-12,0,2.562062907207445e-18,3.994582442601313e-12
31,26,3.630284844148206,0.7950651902368741,-0.0265825899839595,-0.01382755649272746,-0.03458958598170582,0.5271083170920217,0.04513459819192282,2.922179588340189,0.03201886215206062,12308.0506112521,12566.3473364588,1.450260177386105,14.74932760227518,1.570625369300268e-12,0,2.562062907207445e-18,3.994582442601313e-12
31,27,3.769911184307752,0.7957423260869868,-0.02571198625789053,-0.01756560639981593,-0.03427898087598397,0.5266684625506253,0.04101610078549588,2.922179588337713,0.03201886215206062,12308.0506112521,12566.3473364588,1.450260177386105,14.74932760227518,1.570625369300268e-12,0,2.562062907207445e-18,3.994582442601313e-12
31,28,3.909537524467298,0.7965847628013806,-0.02488031973664189,-0.02107072782724117,-0.03390246063564963,0.5260690200108279,0.03609673024989827,2.922179588337132,0.03201886215206062,12308.0506112521,12566.3473364588,1.450260177386105,14.74932760227518,1.570625369300268e-12,0,2.562062907207445e-18,3.994582442601313e-12
31,29,4.049163864626845,0.797534215976643,-0.02430337503206419,-0.02427998704061224,-0.03361673758842675,0.5253187091425043,0.03051068312814934,2.922179588340124,0.03201886215206062,12308.0506112521,12566.3473364588,1.450260177386105,14.74932760227518,1.570625369300268e-12,0,2.562062907207445e-18,3.994582442601313e-12
31,30,4.188790204786391,0.7985082682843594,-0.02414312372803866,-0.0271072170213191,-0.03356515772078117,0.5244613380084858,0.02439359062139861,2.922179588339122,0.03201886215206062,12308.0506112521,12566.3473364588,1.450260177386105,14.74932760227518,1.570625369300268e-12,0,2.562062907207445e-18,3.994582442601313e-12
31,31,4.328416544945937,0.7994147062858495,-0.02444807157743143,-0.02945108944671767,-0.03381931797540718,0.5235721371224725,0.0178802161604614,2.922179588336776,0.03201886215206062,12308.0506112521,12566.3473364588,1.450260177386105,14.74932760227518,1.570625369300268e-12,0,2.562062907207445e-18,3.994582442601313e-12
31,32,4.468042885105484,0.8001706970928554,-0.02515280881057927,-0.03121215059057634,-0.03435895124965718,0.5227403731819424,0.01110370975938275,2.922179588338948,0.03201886215206062,12308.0506112521,12566.3473364588,1.450260177386105,14.74932760227518,1.570625369300268e-12,0,2.562062907207445e-18,3.994582442601313e-12
31,33,4.60766922526503,0.8007169847625498,-0.02612878417679891,-0.03230961374543767,-0.03509644303961744,0.5220487703832208,0.004192723339964626,2.92217958834034,0.03201886215206062,12308.0506112521,12566.3473364588,1.450260177386105,14.74932760227518,1.570625369300268e-12,0,2.562062907207445e-18,3.994582442601313e-12
31,34,4.747295565424577,0.801020429625749,-0.02724855108637674,-0.03269080992835277,-0.03592251603705821,0.5215591571264373,-0.00273331785436408,2.922179588337455,0.03201886215206062,12308.0506112521,12566.3473364588,1.450260177386105,14.74932760227518,1.570625369300268e-12,0,2.562062907207445e-18,3.994582442601313e-12
31,35,4.886921905584122,0.8010663915635947,-0.0284190982610727,-0.03233271471497961,-0.03673666723040222,0.521309452780005,-0.009566370192806014,2.922179588337637,0.03201886215206062,12308.0506112521,12566.3473364588,1.450260177386105,14.74932760227518,1.570625369300268e-12,0,2.562062907207445e-18,3.994582442601313e-12
31,36,5.026548245743669,0.800849829088057,-0.02956651091944972,-0.0312404220178043,-0.03744566390161418,0.5213202100181755,-0.01620664327012392,2.922179588340076,0.03201886215206062,12308.0506112521,12566.3473364588,1.450260177386105,14.74932760227518,1.570625369300268e-12,0,2.562062907207445e-18,3.994582442601313e-12
31,37,5.166174585903216,0.800374395911025,-0.03059688317960697,-0.02944740070982416,-0.03794871758048845,0.521601538003388,-0.02255742439880118,2.922179588339044,0.03201886215206062,12308.0506112521,12566.3473364588,1.450260177386105,14.74932760227518,1.570625369300268e-12,0,2.562062907207445e-18,3.994582442601313e-12
31,38,5.305800926062762,0.7996614383817405,-0.03137978476192758,-0.02701729095788554,-0.03814305477122314,0.5221502746651768,-0.02852324283362376,2.922179588336556,0.03201886215206062,12308.0506112521,12566.3473364588,1.450260177386105,14.74932760227518,1.570625369300268e-12,0,2.562062907207445e-18,3.994582442601313e-12
31,39,5.445427266222308,0.798761386726853,-0.03178025191189263,-0.02404225433039538,-0.03796223542485074,0.5229362484270043,-0.03401175929878634,2.922179588339229,0.03201886215206062,12308.0506112521,12566.3473364588,1.450260177386105,14.74932760227518,1.570625369300268e-12,0,2.562062907207445e-18,3.994582442601313e-12
31,40,5.585053606381854,0.7977564511239533,-0.03172289509311081,-0.0206333850938631,-0.03742352129986818,0.523888902759539,-0.03893412981627634,2.922179588339934,0.03201886215206062,12308.0506112521,12566.3473364588,1.450260177386105,14.74932760227518,1.570625369300268e-12,0,2.562062907207445e-18,3.994582442601313e-12
31,41,5.724679946541401,0.7967489527923921,-0.03124446176569181,-0.01690409978714643,-0.0366461368942099,0.5248996402038937,-0.04320010123729911,2.922179588337335,0.03201886215206062,12308.0506112521,12566.3473364588,1.450260177386105,14.74932760227518,1.570625369300268e-12,0,2.562062907207445e-18,3.994582442601313e-12
31,42,5.864306286700947,0.7958395061907088,-0.03049655559783444,-0.01295336207206358,-0.03582087625120244,0.5258451778801947,-0.04671120212876643,2.922179588337571,0.03201886215206062,12308.0506112521,12566.3473364588,1.450260177386105,14.74932760227518,1.570625369300268e-12,0,2.562062907207445e-18,3.994582442601313e-12
31,43,6.003932626860494,0.7951057948343843,-0.02968883334768244,-0.008857361799975538,-0.03514257316770967,0.5266211039301322,-0.04935962894716003,2.922179588340445,0.03201886215206062,12308.0506112521,12566.3473364588,1.450260177386105,14.74932760227518,1.570625369300268e-12,0,2.562062907207445e-18,3.994582442601313e-12
31,44,6.14355896702004,0.7945917632723131,-0.02899659754814413,-0.004673660855430802,-0.03473648673885022,0.5271674746311591,-0.05103748963207233,2.922179588338642,0.03201886215206062,12308.0506112521,12566.3473364588,1.450260177386105,14.74932760227518,1.570625369300268e-12,0,2.562062907207445e-18,3.994582442601313e-12
32,0,0,0.7943122214938642,-0.02907328537931977,-0.0004588281593505703,-0.03530776182769456,0.5273076698972665,-0.05210078278870988,2.922174173508918,0.03228157416932744,12409.03711068947,12673.16546258815,1.450574236769379,14.74932760227518,2.333302556696681e-12,0,-9.235835498624077e-18,4.448441615068077e-12
32,1,0.1396263401595464,0.7942550565090664,-0.02866190962636508,0.003774961335340243,-0.03537038396664689,0.5274064863658379,-0.05160174847104985,2.922174173506749,0.03228157416932744,12409.03711068947,12673.16546258815,1.450574236769379,14.74932760227518,2.333302556696681e-12,0,-9.235835498624077e-18,4.448441615068077e-12
32,2,0.2792526803190927,0.7944200839822297,-0.0282042029024051,0.007934427488433654,-0.03545411371659974,0.5273302839156406,-0.04997197141308848,2.922174173505251,0.03228157416932744,12409.03711068947,12673.16546258815,1.450574236769379,14.74932760227518,2.333302556696681e-12,0,-9.235835498624077e-18,4.448441615068077e-12
32,3,0.4188790204786391,0.7948002538776929,-0.02757121128398576,0.01196811722731303,-0.0354126414604806,0.5271077060896269,-0.04725848688382456,2.922174173508739,0.03228157416932744,12409.03711068947,12673.16546258815,1.450574236769379,14.74932760227518,2.333302556696681e-12,0,-9.235835498624077e-18,4.448441615068077e-12
32,4,0.5585053606381855,0.7953876026326824,-0.0267476617915967,0.01583323437454803,-0.0351856528204512,0.5267424038121348,-0.04355153055378685,2.922174173507734,0.03228157416932744,12409.03711068947,12673.16546258815,1.450574236769379,14.74932760227518,2.333302556696681e-12,0,-9.235835498624077e-18,4.448441615068077e-12
32,5,0.6981317007977318,0.7961618022663275,-0.02585620986039834,0.01948919379740434,-0.03482418793108433,0.5262213785880903,-0.038970139198693,2.922174173505319,0.03228157416932744,12409.03711068947,12673.16546258815,1.450574236769379,14.74932760227518,2.333302556696681e-12,0,-9.235835498624077e-18,4.448441615068077e-12
32,6,0.8377580409572782,0.7970785376671573,-0.02510646736994961,0.02288360614761883,-0.03446554236895104,0.5255388740106626,-0.03364788474308909,2.922174173506818,0.03228157416932744,12409.03711068947,12673.16546258815,1.450574236769379,14.74932760227518,2.333302556696681e-12,0,-9.235835498624077e-18,4.448441615068077e-12
32,7,0.9773843811168246,0.7980660745074246,-0.02470240659298774,0.02594140898811505,-0.03427188273233601,0.5247189165976566,-0.02772260597738585,2.922174173509179,0.03228157416932744,12409.03711068947,12673.16546258815,1.450574236769379,14.74932760227518,2.333302556696681e-12,0,-9.235835498624077e-18,4.448441615068077e-12
32,8,1.117010721276371,0.7990340225493302,-0.02475941528320727,0.02856612533236337,-0.03436142607809012,0.5238218597019831,-0.02133156633266019,2.9221741735059,0.03228157416932744,12409.03711068947,12673.16546258815,1.450574236769379,14.74932760227518,2.333302556696681e-12,0,-9.235835498624077e-18,4.448441615068077e-12
32,9,1.256637061435917,0.7998911829287031,-0.0252706814712696,0.03065349888004673,-0.0347644834082367,0.522933124275296,-0.01461037498821295,2.922174173505989,0.03228157416932744,12409.03711068947,12673.16546258815,1.450574236769379,14.74932760227518,2.333302556696681e-12,0,-9.235835498624077e-18,4.448441615068077e-12
32,10,1.396263401595464,0.8005636574124061,-0.02613338183721259,0.03210988710710424,-0.03542451017147295,0.5221427519651737,-0.007691640218875803,2.922174173508527,0.03228157416932744,12409.03711068947,12673.16546258815,1.450574236769379,14.74932760227518,2.333302556696681e-12,0,-9.235835498624077e-18,4.448441615068077e-12
32,11,1.53588974175501,0.8010040191321902,-0.02721126640295157,0.0328663021742723,-0.03623652009057149,0.5215265306446917,-0.0007009938033010719,2.92217417350812,0.03228157416932744,12409.03711068947,12673.16546258815,1.450574236769379,14.74932760227518,2.333302556696681e-12,0,-9.235835498624077e-18,4.448441615068077e-12
32,12,1.675516081914556,0.8011883748661507,-0.02838895237960794,0.03288385481811143,-0.03708979247407751,0.5211364796494116,0.006246934755577071,2.922174173505024,0.03228157416932744,12409.03711068947,12673.16546258815,1.450574236769379,14.74932760227518,2.333302556696681e-12,0,-9.235835498624077e-18,4.448441615068077e-12
32,13,1.815142422074103,0.8011068885273261,-0.029582255967552,0.0321531334269881,-0.03788383556276732,0.5210029125439433,0.01304813800452446,2.92217417350755,0.03228157416932744,12409.03711068947,12673.16546258815,1.450574236769379,14.74932760227518,2.333302556696681e-12,0,-9.235835498624077e-18,4.448441615068077e-12
32,14,1.954768762233649,0.8007579705750011,-0.03070719303430104,0.03069320715558956,-0.03851777076862247,0.5211424126407904,0.01960447957010482,2.922174173508836,0.03228157416932744,12409.03711068947,12673.16546258815,1.450574236769379,14.74932760227518,2.333302556696681e-12,0,-9.235835498624077e-18,4.448441615068077e-12
32,15,2.094395102393195,0.8001526501676824,-0.03164757333178048,0.02855301379034976,-0.03888329146014675,0.521560688432088,0.02581974034746273,2.922174173505878,0.03228157416932744,12409.03711068947,12673.16546258815,1.450574236769379,14.74932760227518,2.333302556696681e-12,0,-9.235835498624077e-18,4.448441615068077e-12
32,16,2.234021442552742,0.799326181314587,-0.03226235932971863,0.02581213227102553,-0.03888826443093511,0.5222433541054233,0.03160001668717415,2.922174173505873,0.03228157416932744,12409.03711068947,12673.16546258815,1.450574236769379,14.74932760227518,2.333302556696681e-12,0,-9.235835498624077e-18,4.448441615068077e-12
32,17,2.373647782712288,0.7983464186163571,-0.03243811071984222,0.02257540529660884,-0.03850455201910574,0.5231400504763439,0.03685543446459245,2.92217417350859,0.03228157416932744,12409.03711068947,12673.16546258815,1.450574236769379,14.74932760227518,2.333302556696681e-12,0,-9.235835498624077e-18,4.448441615068077e-12
32,18,2.513274122871834,0.7973094250731294,-0.03215284884133413,0.01895917023227406,-0.03780462720219324,0.5241572650888895,0.04149758790603261,2.922174173507661,0.03228157416932744,12409.03711068947,12673.16546258815,1.450574236769379,14.74932760227518,2.333302556696681e-12,0,-9.235835498624077e-18,4.448441615068077e-12
32,19,2.652900463031381,0.7963214531521413,-0.03150656524118789,0.01507319897077566,-0.03695493573121598,0.5251719964993333,0.04543243546596294,2.92217417350481,0.03228157416932744,12409.03711068947,12673.16546258815,1.450574236769379,14.74932760227518,2.333302556696681e-12,0,-9.235835498624077e-18,4.448441615068077e-12
32,20,2.792526803190927,0.7954756437258564,-0.03069278536192533,0.01100687154070965,-0.03616261022492307,0.5260631611472332,0.04855518361794719,2.922174173508018,0.03228157416932744,12409.03711068947,12673.16546258815,1.450574236769379,14.74932760227518,2.333302556696681e-12,0,-9.235835498624077e-18,4.448441615068077e-12
32,21,2.932153143350474,0.7948347756728482,-0.02991868303004935,0.006826816258403664,-0.03559943329276451,0.5267441089089479,0.05075425466800419,2.922174173508506,0.03228157416932744,12409.03711068947,12673.16546258815,1.450574236769379,14.74932760227518,2.333302556696681e-12,0,-9.235835498624077e-18,4.448441615068077e-12
32,22,3.07177948351002,0.7944271696706386,-0.02931150770546484,0.002586028235414782,-0.03533743610736741,0.5271796062207427,0.05192577291546818,2.922174173506162,0.03228157416932744,12409.03711068947,12673.16546258815,1.450574236769379,14.74932760227518,2.333302556696681e-12,0,-9.235835498624077e-18,4.448441615068077e-12
32,23,3.211405823669566,0.7942552888301541,-0.02886308862298633,-0.00166386490770382,-0.03532560507774863,0.5273814968072658,0.05199355390668212,2.922174173505867,0.03228157416932744,12409.03711068947,12673.16546258815,1.450574236769379,14.74932760227518,2.333302556696681e-12,0,-9.235835498624077e-18,4.448441615068077e-12
32,24,3.351032163829113,0.7943103093018524,-0.02844875040402855,-0.00586739854500489,-0.03542013419172479,0.5273879397620012,0.05092642148859115,2.922174173509258,0.03228157416932744,12409.03711068947,12673.16546258815,1.450574236769379,14.74932760227518,2.333302556696681e-12,0,-9.235835498624077e-18,4.448441615068077e-12
32,25,3.490658503988659,0.7945836409599726,-0.027913910010946,-0.009969852310954945,-0.03545535260281866,0.5272364717515189,0.04874590899054301,2.922174173507014,0.03228157416932744,12409.03711068947,12673.16546258815,1.450574236769379,14.74932760227518,2.333302556696681e-12,0,-9.235835498624077e-18,4.448441615068077e-12
32,26,3.630284844148206,0.7950688537019416,-0.02717854919742222,-0.01392418626362695,-0.03532169703391103,0.526943556095545,0.04552224811887205,2.922174173505313,0.03228157416932744,12409.03711068947,12673.16546258815,1.450574236769379,14.74932760227518,2.333302556696681e-12,0,-9.235835498624077e-18,4.448441615068077e-12
32,27,3.769911184307752,0.7957534571047027,-0.0262983623525676,-0.01769018499882063,-0.03501457753986002,0.5265022017318102,0.04136198469614791,2.922174173507599,0.03228157416932744,12409.03711068947,12673.16546258815,1.450574236769379,14.74932760227518,2.333302556696681e-12,0,-9.235835498624077e-18,4.448441615068077e-12
32,28,3.909537524467298,0.7966062362051648,-0.02544959852643122,-0.02122319717309588,-0.03463410166666984,0.5258996834782603,0.03639302270663473,2.922174173508767,0.03228157416932744,12409.03711068947,12673.16546258815,1.450574236769379,14.74932760227518,2.333302556696681e-12,0,-9.235835498624077e-18,4.448441615068077e-12
32,29,4.049163864626845,0.7975688500698138,-0.02485123646214215,-0.02446022368201098,-0.03433895554228861,0.5251430979925567,0.03075200943591982,2.922174173505283,0.03228157416932744,12409.03711068947,12673.16546258815,1.450574236769379,14.74932760227518,2.333302556696681e-12,0,-9.235835498624077e-18,4.448441615068077e-12
32,30,4.188790204786391,0.7985584152407168,-0.02467088401540803,-0.02731445400145973,-0.0342770848584147,0.5242750497760006,0.02457678659900083,2.922174173506495,0.03228157416932744,12409.03711068947,12673.16546258815,1.450574236769379,14.74932760227518,2.333302556696681e-12,0,-9.235835498624077e-18,4.448441615068077e-12
32,31,4.328416544945937,0.7994816436727437,-0.02496309873767957,-0.02968328520142153,-0.03452559675179027,0.5233706797209166,0.0180038464197992,2.922174173508884,0.03228157416932744,12409.03711068947,12673.16546258815,1.450574236769379,14.74932760227518,2.333302556696681e-12,0,-9.235835498624077e-18,4.448441615068077e-12
32,32,4.468042885105484,0.8002541099053997,-0.02566661952228563,-0.03146556169927586,-0.03506836860745582,0.5225204039226771,0.0111676271022424,2.922174173507096,0.03228157416932744,12409.03711068947,12673.16546258815,1.450574236769379,14.74932760227518,2.333302556696681e-12,0,-9.235835498624077e-18,4.448441615068077e-12
32,33,4.60766922526503,0.8008147941867596,-0.02665350911044526,-0.03257873582762331,-0.0358186661246903,0.5218090358741796,0.004197858789870679,2.922174173505331,0.03228157416932744,12409.03711068947,12673.16546258815,1.450574236769379,14.74932760227518,2.333302556696681e-12,0,-9.235835498624077e-18,4.448441615068077e-12
32,34,4.747295565424577,0.8011290320270605,-0.02779340142816188,-0.03296869267062473,-0.03666447884279812,0.5213009182934769,-0.002785017033228418,2.922174173508171,0.03228157416932744,12409.03711068947,12673.16546258815,1.450574236769379,14.74932760227518,2.333302556696681e-12,0,-9.235835498624077e-18,4.448441615068077e-12
32,35,4.886921905584122,0.8011811516669928,-0.02898840245072069,-0.03261151033136434,-0.03750031426000149,0.5210363649753689,-0.009672081803543012,2.922174173508652,0.03228157416932744,12409.03711068947,12673.16546258815,1.450574236769379,14.74932760227518,2.333302556696681e-12,0,-9.235835498624077e-18,4.448441615068077e-12
32,36,5.026548245743669,0.8009655864345632,-0.03015960213622075,-0.03151198854438469,-0.0382275055312939,0.521037871662575,-0.01636295800280398,2.922174173505251,0.03228157416932744,12409.03711068947,12673.16546258815,1.450574236769379,14.74932760227518,2.333302556696681e-12,0,-9.235835498624077e-18,4.448441615068077e-12
32,37,5.166174585903216,0.8004858692438862,-0.0312091386844148,-0.02970386682367802,-0.03874074255647723,0.5213169435856359,-0.02276069904087624,2.92217417350669,0.03228157416932744,12409.03711068947,12673.16546258815,1.450574236769379,14.74932760227518,2.333302556696681e-12,0,-9.235835498624077e-18,4.448441615068077e-12
32,38,5.305800926062762,0.7997636071447666,-0.03200421188958501,-0.02725157504309985,-0.03893469039445346,0.5218711083910093,-0.02876996362550185,2.922174173508828,0.03228157416932744,12409.03711068947,12673.16546258815,1.450574236769379,14.74932760227518,2.333302556696681e-12,0,-9.235835498624077e-18,4.448441615068077e-12
32,39,5.445427266222308,0.7988499608384144,-0.03240923921517651,-0.02424853901495629,-0.03874299020325505,0.522669830415829,-0.03429881953503598,2.922174173506726,0.03228157416932744,12409.03711068947,12673.16546258815,1.450574236769379,14.74932760227518,2.333302556696681e-12,0,-9.235835498624077e-18,4.448441615068077e-12
32,40,5.585053606381854,0.7978283978587903,-0.03234969261622724,-0.02080750599050355,-0.03818548648576681,0.5236409018191978,-0.03925882439536282,2.922174173505196,0.03228157416932744,12409.03711068947,12673.16546258815,1.450574236769379,14.74932760227518,2.333302556696681e-12,0,-9.235835498624077e-18,4.448441615068077e-12
32,41,5.724679946541401,0.796802926663947,-0.03186418772597581,-0.01704374322705369,-0.03738565562619137,0.5246729765647387,-0.04355971390984208,2.922174173508319,0.03228157416932744,12409.03711068947,12673.16546258815,1.450574236769379,14.74932760227518,2.333302556696681e-12,0,-9.235835498624077e-18,4.448441615068077e-12
32,42,5.864306286700947,0.7958760229434274,-0.03110682312339423,-0.01305794670129024,-0.03653913365377234,0.5256395523346096,-0.04710226102882136,2.922174173508265,0.03228157416932744,12409.03711068947,12673.16546258815,1.450574236769379,14.74932760227518,2.333302556696681e-12,0,-9.235835498624077e-18,4.448441615068077e-12
32,43,6.003932626860494,0.7951270644072987,-0.03028998501828525,-0.008927585168319718,-0.03584500600027642,0.5264333699476288,-0.04977707764600631,2.922174173505204,0.03228157416932744,12409.03711068947,12673.16546258815,1.450574236769379,14.74932760227518,2.333302556696681e-12,0,-9.235835498624077e-18,4.448441615068077e-12
32,44,6.14355896702004,0.7946012192220713,-0.02959139411793313,-0.004710868563184794,-0.03543119746097019,0.5269927148840989,-0.05147410526343733,2.922174173507122,0.03228157416932744,12409.03711068947,12673.16546258815,1.450574236769379,14.74932760227518,2.333302556696681e-12,0,-9.235835498624077e-18,4.448441615068077e-12
33,0,0,0.7943172654512416,-0.02969851224624827,-0.0004646608882688855,-0.03604225797731014,0.5271281061045215,-0.05254393409878627,2.922168753538907,0.03254197796539976,12509.13632989967,12779.07577675412,1.450888296152652,14.74932760227518,3.311346815246649e-12,0,1.024465173880395e-17,3.084199562408685e-12
33,1,0.1396263401595464,0.7942561288646963,-0.02928946468450101,0.003799182763115543,-0.03611351206212986,0.5272302219392623,-0.05204354571132459,2.922168753541278,0.03254197796539976,12509.13632989967,12779.07577675412,1.450888296152652,14.74932760227518,3.311346815246649e-12,0,1.024465173880395e-17,3.084199562408685e-12
33,2,0.2792526803190927,0.7944208140565238,-0.02883557748881024,0.007987627747144958,-0.03621005579533321,0.5271545183896356,-0.0504001753043603,2.922168753540791,0.03254197796539976,12509.13632989967,12779.07577675412,1.450888296152652,14.74932760227518,3.311346815246649e-12,0,1.024465173880395e-17,3.084199562408685e-12
33,3,0.4188790204786391,0.7948038008104125,-0.02820371342371759,0.01204944603012517,-0.03618095057119087,0.5269313959356456,-0.04766091186299856,2.922168753539735,0.03254197796539976,12509.13632989967,12779.07577675412,1.450888296152652,14.74932760227518,3.311346815246649e-12,0,1.024465173880395e-17,3.084199562408685e-12
33,4,0.5585053606381855,0.7953968599200306,-0.02737470736991609,0.01594215080182883,-0.03596151567333208,0.5265653276267392,-0.04391711269823394,2.922168753539292,0.03254197796539976,12509.13632989967,12779.07577675412,1.450888296152652,14.74932760227518,3.311346815246649e-12,0,1.024465173880395e-17,3.084199562408685e-12
33,5,0.6981317007977318,0.7961796608903279,-0.02646949050537997,0.01962552636602941,-0.03560017696772952,0.5260427648849745,-0.03928978639370184,2.922168753541679,0.03254197796539976,12509.13632989967,12779.07577675412,1.450888296152652,14.74932760227518,3.311346815246649e-12,0,1.024465173880395e-17,3.084199562408685e-12
33,6,0.8377580409572782,0.7971079665330026,-0.02569930221139993,0.02304739156628929,-0.03523456478471888,0.5253563593818342,-0.03391493443769401,2.922168753539702,0.03254197796539976,12509.13632989967,12779.07577675412,1.450888296152652,14.74932760227518,3.311346815246649e-12,0,1.024465173880395e-17,3.084199562408685e-12
33,7,0.9773843811168246,0.7981098587936508,-0.02527290433840493,0.0261324161466114,-0.03503031762522377,0.5245284472100762,-0.02793280930143734,2.922168753539478,0.03254197796539976,12509.13632989967,12779.07577675412,1.450888296152652,14.74932760227518,3.311346815246649e-12,0,1.024465173880395e-17,3.084199562408685e-12
33,8,1.117010721276371,0.7990941973642243,-0.02531202054415498,0.0287831863588167,-0.03511108866120673,0.5236185557888939,-0.02148269840576135,2.922168753540513,0.03254197796539976,12509.13632989967,12779.07577675412,1.450888296152652,14.74932760227518,3.311346815246649e-12,0,1.024465173880395e-17,3.084199562408685e-12
33,9,1.256637061435917,0.799968405159136,-0.02581531680783883,0.03089391369092804,-0.03551239394204601,0.5227126050229738,-0.01470173919224889,2.92216875354151,0.03254197796539976,12509.13632989967,12779.07577675412,1.450888296152652,14.74932760227518,3.311346815246649e-12,0,1.024465173880395e-17,3.084199562408685e-12
33,10,1.396263401595464,0.8006568270715356,-0.02668245857608913,0.03236914584671623,-0.03618038047763249,0.5219023424575097,-0.007723734402001273,2.922168753538992,0.03254197796539976,12509.13632989967,12779.07577675412,1.450888296152652,14.74932760227518,3.311346815246649e-12,0,1.024465173880395e-17,3.084199562408685e-12
33,11,1.53588974175501,0.8011103277007126,-0.02777591590634868,0.03313821843036901,-0.0370090883310879,0.5212659937457969,-0.0006753870843869198,2.922168753540448,0.03254197796539976,12509.13632989967,12779.07577675412,1.450888296152652,14.74932760227518,3.311346815246649e-12,0,1.024465173880395e-17,3.084199562408685e-12
33,12,1.675516081914556,0.8013037086065306,-0.02897621494802455,0.03316102227036351,-0.03788377453125456,0.5208581596471081,0.006327698291646891,2.922168753541289,0.03254197796539976,12509.13632989967,12779.07577675412,1.450888296152652,14.74932760227518,3.311346815246649e-12,0,1.024465173880395e-17,3.084199562408685e-12
33,13,1.815142422074103,0.8012263424586207,-0.03019413052956094,0.03242751864057353,-0.03869857354614097,0.520711422646844,0.01318076854025249,2.922168753540262,0.03254197796539976,12509.13632989967,12779.07577675412,1.450888296152652,14.74932760227518,3.311346815246649e-12,0,1.024465173880395e-17,3.084199562408685e-12
33,14,1.954768762233649,0.8008762751739232,-0.03134119915553613,0.03095673270195832,-0.03934748731576183,0.5208441426818401,0.01978528430993728,2.922168753539149,0.03254197796539976,12509.13632989967,12779.07577675412,1.450888296152652,14.74932760227518,3.311346815246649e-12,0,1.024465173880395e-17,3.084199562408685e-12
33,15,2.094395102393195,0.8002645203669381,-0.03229803749121047,0.02879809623293859,-0.03971848677756052,0.5212632315081589,0.02604500152012858,2.922168753540905,0.03254197796539976,12509.13632989967,12779.07577675412,1.450888296152652,14.74932760227518,3.311346815246649e-12,0,1.024465173880395e-17,3.084199562408685e-12
33,16,2.234021442552742,0.799426732367032,-0.03292195020103948,0.02603219306712511,-0.0397179605649543,0.5219546594137408,0.03186634071084484,2.922168753540997,0.03254197796539976,12509.13632989967,12779.07577675412,1.450888296152652,14.74932760227518,3.311346815246649e-12,0,1.024465173880395e-17,3.084199562408685e-12
33,17,2.373647782712288,0.7984317147360965,-0.03309937706820786,0.0227653383371768,-0.0393189257072188,0.5228671763217038,0.03715993315391077,2.922168753538809,0.03254197796539976,12509.13632989967,12779.07577675412,1.450888296152652,14.74932760227518,3.311346815246649e-12,0,1.024465173880395e-17,3.084199562408685e-12
33,18,2.513274122871834,0.7973770434401025,-0.03280953785812121,0.01911567747198786,-0.03859730134858048,0.52390500786005,0.04183770312767182,2.922168753540363,0.03254197796539976,12509.13632989967,12779.07577675412,1.450888296152652,14.74932760227518,3.311346815246649e-12,0,1.024465173880395e-17,3.084199562408685e-12
33,19,2.652900463031381,0.7963708546852006,-0.03215461059769353,0.0151948558173604,-0.03772432703241003,0.5249419353847179,0.0458053430461996,2.922168753540984,0.03254197796539976,12509.13632989967,12779.07577675412,1.450888296152652,14.74932760227518,3.311346815246649e-12,0,1.024465173880395e-17,3.084199562408685e-12
33,20,2.792526803190927,0.7955081935568538,-0.03133092078704839,0.01109383047424489,-0.0369120450456466,0.5258535432830616,0.04895693516838451,2.922168753540276,0.03254197796539976,12509.13632989967,12779.07577675412,1.450888296152652,14.74932760227518,3.311346815246649e-12,0,1.024465173880395e-17,3.084199562408685e-12
33,21,2.932153143350474,0.7948533894234813,-0.03054855994998811,0.006880217650745107,-0.03633607292557761,0.5265506261542372,0.05117898390883067,2.922168753539016,0.03254197796539976,12509.13632989967,12779.07577675412,1.450888296152652,14.74932760227518,3.311346815246649e-12,0,1.024465173880395e-17,3.084199562408685e-12
33,22,3.07177948351002,0.7944357018254916,-0.02993708192066645,0.002607358131931308,-0.03607037871524467,0.5269967540113542,0.05236529492561037,2.922168753541649,0.03254197796539976,12509.13632989967,12779.07577675412,1.450888296152652,14.74932760227518,3.311346815246649e-12,0,1.024465173880395e-17,3.084199562408685e-12
33,23,3.211405823669566,0.7942578615232937,-0.02948906225918026,-0.001673205903687391,-0.03606362108807352,0.5272040583521883,0.05243751793511085,2.922168753540653,0.03254197796539976,12509.13632989967,12779.07577675412,1.450888296152652,14.74932760227518,3.311346815246649e-12,0,1.024465173880395e-17,3.084199562408685e-12
33,24,3.351032163829113,0.7943107884925137,-0.02907827091006462,-0.005906230550782974,-0.03616942113070286,0.5272121534098999,0.05136297496559625,2.922168753539426,0.03254197796539976,12509.13632989967,12779.07577675412,1.450888296152652,14.74932760227518,3.311346815246649e-12,0,1.024465173880395e-17,3.084199562408685e-12
33,25,3.490658503988659,0.794585408614327,-0.02854646964656628,-0.01003720735425495,-0.03621784445228787,0.5270604795343434,0.04916269926504376,2.92216875354013,0.03254197796539976,12509.13632989967,12779.07577675412,1.450888296152652,14.74932760227518,3.311346815246649e-12,0,1.024465173880395e-17,3.084199562408685e-12
33,26,3.630284844148206,0.7950748992900993,-0.02780932174374313,-0.01401935296322772,-0.03609460353400212,0.5267668932788566,0.04590752768719315,2.922168753541387,0.03254197796539976,12509.13632989967,12779.07577675412,1.450888296152652,14.74932760227518,3.311346815246649e-12,0,1.024465173880395e-17,3.084199562408685e-12
33,27,3.769911184307752,0.7957666464117893,-0.02691953595930607,-0.01781280969201816,-0.03579147600092396,0.5263245402208532,0.04170559032643649,2.922168753539578,0.03254197796539976,12509.13632989967,12779.07577675412,1.450888296152652,14.74932760227518,3.311346815246649e-12,0,1.024465173880395e-17,3.084199562408685e-12
33,28,3.909537524467298,0.796629510309906,-0.02605326049785071,-0.02137325422574001,-0.03540735241985041,0.5257195291223106,0.03668704643551846,2.922168753539297,0.03254197796539976,12509.13632989967,12779.07577675412,1.450888296152652,14.74932760227518,3.311346815246649e-12,0,1.024465173880395e-17,3.084199562408685e-12
33,29,4.049163864626845,0.7976051402536732,-0.0254327595813124,-0.02463769150101612,-0.03510282922832947,0.5249571914294225,0.03099102760285747,2.922168753541179,0.03254197796539976,12509.13632989967,12779.07577675412,1.450888296152652,14.74932760227518,3.311346815246649e-12,0,1.024465173880395e-17,3.084199562408685e-12
33,30,4.188790204786391,0.7986102126764892,-0.02523147774724178,-0.02751871827762517,-0.0350305332604029,0.5240787766028083,0.02475762796729675,2.922168753540562,0.03254197796539976,12509.13632989967,12779.07577675412,1.450888296152652,14.74932760227518,3.311346815246649e-12,0,1.024465173880395e-17,3.084199562408685e-12
33,31,4.328416544945937,0.7995503656159655,-0.02551023351064727,-0.02991247201575198,-0.03527325462207047,0.5231592333876333,0.01812510244206334,2.922168753539217,0.03254197796539976,12509.13632989967,12779.07577675412,1.450888296152652,14.74932760227518,3.311346815246649e-12,0,1.024465173880395e-17,3.084199562408685e-12
33,32,4.468042885105484,0.800339557128978,-0.02621193059778477,-0.03171607491518354,-0.03581903345008663,0.5222901288661217,0.01122922350365749,2.922168753540382,0.03254197796539976,12509.13632989967,12779.07577675412,1.450888296152652,14.74932760227518,3.311346815246649e-12,0,1.024465173880395e-17,3.084199562408685e-12
33,33,4.60766922526503,0.8009149777904123,-0.02720918770301025,-0.03284518610752846,-0.03658198606911393,0.5215584287297519,0.004200842722703465,2.922168753541726,0.03254197796539976,12509.13632989967,12779.07577675412,1.450888296152652,14.74932760227518,3.311346815246649e-12,0,1.024465173880395e-17,3.084199562408685e-12
33,34,4.747295565424577,0.8012404277297991,-0.02836878255930607,-0.0332442137792771,-0.03744747774329953,0.5210310468940729,-0.002838571975500384,2.922168753539395,0.03254197796539976,12509.13632989967,12779.07577675412,1.450888296152652,14.74932760227518,3.311346815246649e-12,0,1.024465173880395e-17,3.084199562408685e-12
33,35,4.886921905584122,0.8012991905095009,-0.02958803447718249,-0.03288830652570684,-0.03830510846674105,0.5207507578571061,-0.009779225694728569,2.92216875354002,0.03254197796539976,12509.13632989967,12779.07577675412,1.450888296152652,14.74932760227518,3.311346815246649e-12,0,1.024465173880395e-17,3.084199562408685e-12
33,36,5.026548245743669,0.8010851339971604,-0.03078309189049848,-0.03178193479348814,-0.03905073859459918,0.520742100878993,-0.01652014877972841,2.92216875354091,0.03254197796539976,12509.13632989967,12779.07577675412,1.450888296152652,14.74932760227518,3.311346815246649e-12,0,1.024465173880395e-17,3.084199562408685e-12
33,37,5.166174585903216,0.8006016028600762,-0.03185221287726658,-0.02995906807088523,-0.03957452458784547,0.521018087291355,-0.02296418159725739,2.922168753540883,0.03254197796539976,12509.13632989967,12779.07577675412,1.450888296152652,14.74932760227518,3.311346815246649e-12,0,1.024465173880395e-17,3.084199562408685e-12
33,38,5.305800926062762,0.7998703830445324,-0.03266019760786663,-0.0274848869847564,-0.03976849745789083,0.5215770615965852,-0.02901614969667809,2.922168753538641,0.03254197796539976,12509.13632989967,12779.07577675412,1.450888296152652,14.74932760227518,3.311346815246649e-12,0,1.024465173880395e-17,3.084199562408685e-12
33,39,5.445427266222308,0.7989432946640707,-0.03307056257111287,-0.02445406596539823,-0.0395660965079942,0.5223882716461783,-0.03458456368581159,2.922168753540793,0.03254197796539976,12509.13632989967,12779.07577675412,1.450888296152652,14.74932760227518,3.311346815246649e-12,0,1.024465173880395e-17,3.084199562408685e-12
33,40,5.585053606381854,0.7979050449078428,-0.03300932906544875,-0.02098101908070053,-0.03898951911821569,0.5233779253974534,-0.03958144871633759,2.922168753540959,0.03254197796539976,12509.13632989967,12779.07577675412,1.450888296152652,14.74932760227518,3.311346815246649e-12,0,1.024465173880395e-17,3.084199562408685e-12
33,41,5.724679946541401,0.7968613801768943,-0.03251688911379388,-0.01718289419211013,-0.03816655636171008,0.5244318393741251,-0.04391662653420897,2.92216875353942,0.03254197796539976,12509.13632989967,12779.07577675412,1.450888296152652,14.74932760227518,3.311346815246649e-12,0,1.024465173880395e-17,3.084199562408685e-12
33,42,5.864306286700947,0.7959167195873159,-0.03174989442984331,-0.01316215715207897,-0.03729786571004051,0.5254201160861167,-0.0474901894307854,2.922168753539709,0.03254197796539976,12509.13632989967,12779.07577675412,1.450888296152652,14.74932760227518,3.311346815246649e-12,0,1.024465173880395e-17,3.084199562408685e-12
33,43,6.003932626860494,0.7951522072616618,-0.03092361988833126,-0.008997587225992029,-0.0365869811983771,0.5262324673690675,-0.05019119331615754,2.922168753541273,0.03254197796539976,12509.13632989967,12779.07577675412,1.450888296152652,14.74932760227518,3.311346815246649e-12,0,1.024465173880395e-17,3.084199562408685e-12
33,44,6.14355896702004,0.7946142779137777,-0.03021851925305342,-0.004748048378912127,-0.03616480306861118,0.5268052537727003,-0.05190739923675594,2.92216875354075,0.03254197796539976,12509.13632989967,12779.07577675412,1.450888296152652,14.74932760227518,3.311346815246649e-12,0,1.024465173880395e-17,3.084199562408685e-12
34,0,0,0.7943260619504319,-0.03035955894384105,-0.0004707085051337779,-0.03681933608359203,0.5269345986916051,-0.05298399553286577,2.922163328469129,0.03280010112495373,12608.35887243221,12884.0781379706,1.451202355535926,14.74932760227518,4.159429466184896e-12,0,-5.703919866810458e-18,2.577049684759913e-12
34,1,0.1396263401595464,0.794260692613837,-0.02995340845753014,0.003822922529140867,-0.03689947488519629,0.5270401317424389,-0.05248251627865004,2.922163328470066,0.03280010112495373,12608.35887243221,12884.0781379706,1.451202355535926,14.74932760227518,4.159429466184896e-12,0,-5.703919866810458e-18,2.577049684759913e-12
34,2,0.2792526803190927,0.7944247493882188,-0.02950412726406261,0.008040013028147898,-0.03700947406703346,0.5269650106754342,-0.0508258246775876,2.92216332846793,0.03280010112495373,12608.35887243221,12884.0781379706,1.451202355535926,14.74932760227518,4.159429466184896e-12,0,-5.703919866810458e-18,2.577049684759913e-12
34,3,0.4188790204786391,0.7948102243414423,-0.02887406431102516,0.0121295441356599,-0.03699351397745101,0.52674155546986,-0.04806100377626032,2.922163328470399,0.03280010112495373,12608.35887243221,12884.0781379706,1.451202355535926,14.74932760227518,4.159429466184896e-12,0,-5.703919866810458e-18,2.577049684759913e-12
34,4,0.5585053606381855,0.7954086421506134,-0.02803989519869808,0.01604935311275986,-0.03678233007287664,0.526375144859953,-0.04428049628300589,2.922163328468333,0.03280010112495373,12608.35887243221,12884.0781379706,1.451202355535926,14.74932760227518,4.159429466184896e-12,0,-5.703919866810458e-18,2.577049684759913e-12
34,5,0.6981317007977318,0.7961997218468128,-0.02712074413071906,0.01975964938310991,-0.03642162139930591,0.5258516371783286,-0.0396072684808521,2.922163328469513,0.03280010112495373,12608.35887243221,12884.0781379706,1.451202355535926,14.74932760227518,4.159429466184896e-12,0,-5.703919866810458e-18,2.577049684759913e-12
34,6,0.8377580409572782,0.7971393643426661,-0.02632952661316666,0.02320853591970849,-0.03604928059455956,0.5251619565965151,-0.03417976798099022,2.922163328468059,0.03280010112495373,12608.35887243221,12884.0781379706,1.451202355535926,14.74932760227518,4.159429466184896e-12,0,-5.703919866810458e-18,2.577049684759913e-12
34,7,0.9773843811168246,0.7981555148143209,-0.02587994525474171,0.02632048340670073,-0.03583442060655864,0.5243265760680542,-0.02814070330963907,2.922163328470507,0.03280010112495373,12608.35887243221,12884.0781379706,1.451202355535926,14.74932760227518,4.159429466184896e-12,0,-5.703919866810458e-18,2.577049684759913e-12
34,8,1.117010721276371,0.7991563043593778,-0.02590027906397059,0.02899718042022408,-0.03590625266702716,0.5234040475218643,-0.02163143242505572,2.92216332846801,0.03280010112495373,12608.35887243221,12884.0781379706,1.451202355535926,14.74932760227518,4.159429466184896e-12,0,-5.703919866810458e-18,2.577049684759913e-12
34,9,1.256637061435917,0.8000477687057904,-0.0263948208566369,0.03113130569720648,-0.03630561609725651,0.522480724938304,-0.01479066689430324,2.922163328469813,0.03280010112495373,12608.35887243221,12884.0781379706,1.451202355535926,14.74932760227518,4.159429466184896e-12,0,-5.703919866810458e-18,2.577049684759913e-12
34,10,1.396263401595464,0.800752467623038,-0.02726574858486501,0.03262556940730122,-0.03698138746739828,0.5216500899180599,-0.00775345035415772,2.922163328468906,0.03280010112495373,12608.35887243221,12884.0781379706,1.451202355535926,14.74932760227518,4.159429466184896e-12,0,-5.703919866810458e-18,2.577049684759913e-12
34,11,1.53588974175501,0.8012195312381113,-0.02837426195332679,0.03340759528535094,-0.03782668320674083,0.5209928764357239,-0.0006475882742261112,2.922163328470321,0.03280010112495373,12608.35887243221,12884.0781379706,1.451202355535926,14.74932760227518,4.159429466184896e-12,0,-5.703919866810458e-18,2.577049684759913e-12
34,12,1.675516081914556,0.8014224372962585,-0.02959685345548408,0.03343601909099033,-0.03872281661561606,0.5205663447172795,0.006410327759639997,2.922163328468296,0.03280010112495373,12608.35887243221,12884.0781379706,1.451202355535926,14.74932760227518,4.159429466184896e-12,0,-5.703919866810458e-18,2.577049684759913e-12
34,13,1.815142422074103,0.8013497386695531,-0.03083932435565306,0.03270013854370356,-0.03955857201237955,0.5204054384790124,0.01331479366388435,2.922163328469773,0.03280010112495373,12608.35887243221,12884.0781379706,1.451202355535926,14.74932760227518,4.159429466184896e-12,0,-5.703919866810458e-18,2.577049684759913e-12
34,14,1.954768762233649,0.8009990620995245,-0.03200879958214094,0.03121889386429833,-0.04022281138842453,0.5205304059823304,0.0199668748228921,2.922163328469358,0.03280010112495373,12608.35887243221,12884.0781379706,1.451202355535926,14.74932760227518,4.159429466184896e-12,0,-5.703919866810458e-18,2.577049684759913e-12
34,15,2.094395102393195,0.800381326521178,-0.03298271967065183,0.02904216682845083,-0.04059972307912996,0.520949494306074,0.02627032894467044,2.922163328468895,0.03280010112495373,12608.35887243221,12884.0781379706,1.451202355535926,14.74932760227518,4.159429466184896e-12,0,-5.703919866810458e-18,2.577049684759913e-12
34,16,2.234021442552742,0.7995325027151776,-0.03361657623374082,0.02625151333788514,-0.0405940275480733,0.5216491832209612,0.03213193757233256,2.922163328468845,0.03280010112495373,12608.35887243221,12884.0781379706,1.451202355535926,14.74932760227518,4.159429466184896e-12,0,-5.703919866810458e-18,2.577049684759913e-12
34,17,2.373647782712288,0.7985222919561006,-0.03379639728433613,0.02295471520670115,-0.04017964109942929,0.5225774513594531,0.03746289388546128,2.922163328469123,0.03280010112495373,12608.35887243221,12884.0781379706,1.451202355535926,14.74932760227518,4.159429466184896e-12,0,-5.703919866810458e-18,2.577049684759913e-12
34,18,2.513274122871834,0.7974497956596527,-0.03350237820997793,0.01927174751685168,-0.03943582753920316,0.5236362590127939,0.04217554154429481,2.92216332846961,0.03280010112495373,12608.35887243221,12884.0781379706,1.451202355535926,14.74932760227518,4.159429466184896e-12,0,-5.703919866810458e-18,2.577049684759913e-12
34,19,2.652900463031381,0.7964251019628985,-0.03283883508403011,0.01531616769437487,-0.03853872221323903,0.5246960325456683,0.04617540205923731,2.922163328468042,0.03280010112495373,12608.35887243221,12884.0781379706,1.451202355535926,14.74932760227518,4.159429466184896e-12,0,-5.703919866810458e-18,2.577049684759913e-12
34,20,2.792526803190927,0.7955452457956984,-0.03200499354685312,0.01118055160852134,-0.03770547913739166,0.5256288230427431,0.04935549479772377,2.922163328469983,0.03280010112495373,12608.35887243221,12884.0781379706,1.451202355535926,14.74932760227518,4.159429466184896e-12,0,-5.703919866810458e-18,2.577049684759913e-12
34,21,2.932153143350474,0.7948761751336592,-0.03121410466515678,0.006933528984508901,-0.03711582553374033,0.5263426759915574,0.05160041862159499,2.922163328469096,0.03280010112495373,12608.35887243221,12884.0781379706,1.451202355535926,14.74932760227518,4.159429466184896e-12,0,-5.703919866810458e-18,2.577049684759913e-12
34,22,3.07177948351002,0.7944481179275019,-0.03059832370791074,0.002628790073601995,-0.03684595086411915,0.5267998425164373,0.05280162307212862,2.922163328469677,0.03280010112495373,12608.35887243221,12884.0781379706,1.451202355535926,14.74932760227518,4.159429466184896e-12,0,-5.703919866810458e-18,2.577049684759913e-12
34,23,3.211405823669566,0.7942640581333962,-0.03015111040036562,-0.001682206858440389,-0.03684430194086363,0.5270127461433031,0.05287851776991603,2.922163328468618,0.03280010112495373,12608.35887243221,12884.0781379706,1.451202355535926,14.74932760227518,4.159429466184896e-12,0,-5.703919866810458e-18,2.577049684759913e-12
34,24,3.351032163829113,0.7943146212506436,-0.02974456970321694,-0.005944424265449674,-0.03696183449075954,0.5270225753344416,0.05179684090175068,2.922163328470138,0.03280010112495373,12608.35887243221,12884.0781379706,1.451202355535926,14.74932760227518,4.159429466184896e-12,0,-5.703919866810458e-18,2.577049684759913e-12
34,25,3.490658503988659,0.7945902212074034,-0.0292165605081148,-0.01010354868502448,-0.0370241816410108,0.5268708311257168,0.04957705576352718,2.922163328468964,0.03280010112495373,12608.35887243221,12884.0781379706,1.451202355535926,14.74932760227518,4.159429466184896e-12,0,-5.703919866810458e-18,2.577049684759913e-12
34,26,3.630284844148206,0.7950836459827262,-0.02847814976021068,-0.01411305330287452,-0.03691213578402423,0.5265768845502838,0.04629055351672729,2.922163328468773,0.03280010112495373,12608.35887243221,12884.0781379706,1.451202355535926,14.74932760227518,4.159429466184896e-12,0,-5.703919866810458e-18,2.577049684759913e-12
34,27,3.769911184307752,0.7957821927733288,-0.02757883836842479,-0.01793347041041149,-0.03661362469865445,0.5261340506181091,0.04204702503340903,2.922163328469111,0.03280010112495373,12608.35887243221,12884.0781379706,1.451202355535926,14.74932760227518,4.159429466184896e-12,0,-5.703919866810458e-18,2.577049684759913e-12
34,28,3.909537524467298,0.7966548548512137,-0.02669463857215286,-0.02152087261785841,-0.03622620109026747,0.5255271826231789,0.03697888908404394,2.922163328469403,0.03280010112495373,12608.35887243221,12884.0781379706,1.451202355535926,14.74932760227518,4.159429466184896e-12,0,-5.703919866810458e-18,2.577049684759913e-12
34,29,4.049163864626845,0.797643331111255,-0.02605125930869672,-0.02481234843261992,-0.03591239935268793,0.5247596703746866,0.03122778666963108,2.922163328468767,0.03280010112495373,12608.35887243221,12884.0781379706,1.451202355535926,14.74932760227518,4.159429466184896e-12,0,-5.703919866810458e-18,2.577049684759913e-12
34,30,4.188790204786391,0.7986638931491051,-0.02582817687826117,-0.02771995737565465,-0.03582959303657594,0.523871239427772,0.02493610988692756,2.922163328468757,0.03280010112495373,12608.35887243221,12884.0781379706,1.451202355535926,14.74932760227518,4.159429466184896e-12,0,-5.703919866810458e-18,2.577049684759913e-12
34,31,4.328416544945937,0.799621107455311,-0.02609261477750026,-0.03013859396568244,-0.03606632118557744,0.5229365480826266,0.01824393147578732,2.922163328469944,0.03280010112495373,12608.35887243221,12884.0781379706,1.451202355535926,14.74932760227518,4.159429466184896e-12,0,-5.703919866810458e-18,2.577049684759913e-12
34,32,4.468042885105484,0.8004272962544579,-0.02679175169592457,-0.0319636431280382,-0.03661489895486448,0.5220482925284239,0.01128840097483716,2.922163328468906,0.03280010112495373,12608.35887243221,12884.0781379706,1.451202355535926,14.74932760227518,4.159429466184896e-12,0,-5.703919866810458e-18,2.577049684759913e-12
34,33,4.60766922526503,0.8010178340564053,-0.02779880633449696,-0.03310893781338263,-0.03739038108284233,0.5212956356231392,0.004201523392087776,2.922163328469438,0.03280010112495373,12608.35887243221,12884.0781379706,1.451202355535926,14.74932760227518,4.159429466184896e-12,0,-5.703919866810458e-18,2.577049684759913e-12
34,34,4.747295565424577,0.8013549611077153,-0.02897768384308107,-0.03351737288754058,-0.03827551546424367,0.5207481511014419,-0.002894176527926663,2.922163328469021,0.03280010112495373,12608.35887243221,12884.0781379706,1.451202355535926,14.74932760227518,4.159429466184896e-12,0,-5.703919866810458e-18,2.577049684759913e-12
34,35,4.886921905584122,0.8014208939519722,-0.03022096547961165,-0.03316313279175437,-0.03915502812862146,0.5204511634608434,-0.009888015645621874,2.922163328470381,0.03280010112495373,12608.35887243221,12884.0781379706,1.451202355535926,14.74932760227518,4.159429466184896e-12,0,-5.703919866810458e-18,2.577049684759913e-12
34,36,5.026548245743669,0.8012088987219457,-0.03143998592882773,-0.03205031972656736,-0.03991937968359445,0.5204313407647077,-0.01667844415074382,2.922163328468091,0.03280010112495373,12608.35887243221,12884.0781379706,1.451202355535926,14.74932760227518,4.159429466184896e-12,0,-5.703919866810458e-18,2.577049684759913e-12
34,37,5.166174585903216,0.8007220630707479,-0.03252916938595113,-0.03021308923042049,-0.04045414765251697,0.5207033237072469,-0.02316810469052373,2.922163328469689,0.03280010112495373,12608.35887243221,12884.0781379706,1.451202355535926,14.74932760227518,4.159429466184896e-12,0,-5.703919866810458e-18,2.577049684759913e-12
34,38,5.305800926062762,0.7999822623386561,-0.03335080300325203,-0.02771733397746574,-0.04064854047082075,0.5212664354224265,-0.02926201177292488,2.9221633284689,0.03280010112495373,12608.35887243221,12884.0781379706,1.451202355535926,14.74932760227518,4.159429466184896e-12,0,-5.703919866810458e-18,2.577049684759913e-12
34,39,5.445427266222308,0.7990419060551707,-0.03376729552619671,-0.02465895548602495,-0.04043559671661463,0.5220898440228454,-0.0348691702696373,2.922163328469428,0.03280010112495373,12608.35887243221,12884.0781379706,1.451202355535926,14.74932760227518,4.159429466184896e-12,0,-5.703919866810458e-18,2.577049684759913e-12
34,40,5.585053606381854,0.7979869227606018,-0.03370497251120674,-0.02115404103144036,-0.03983971254892606,0.5230982280992381,-0.03990215123095032,2.922163328468292,0.03280010112495373,12608.35887243221,12884.0781379706,1.451202355535926,14.74932760227518,4.159429466184896e-12,0,-5.703919866810458e-18,2.577049684759913e-12
34,41,5.724679946541401,0.7969248365435421,-0.03320581051961109,-0.01732165382565734,-0.03899293328472296,0.524174507716607,-0.04427095186718304,2.922163328469428,0.03280010112495373,12608.35887243221,12884.0781379706,1.451202355535926,14.74932760227518,4.159429466184896e-12,0,-5.703919866810458e-18,2.577049684759913e-12
34,42,5.864306286700947,0.7959620913111428,-0.03242903283675296,-0.01326607318660311,-0.03810108745626549,0.5251852133649163,-0.04787506605566992,2.922163328469604,0.03280010112495373,12608.35887243221,12884.0781379706,1.451202355535926,14.74932760227518,4.159429466184896e-12,0,-5.703919866810458e-18,2.577049684759913e-12
34,43,6.003932626860494,0.7951816823755664,-0.03159303578300389,-0.009067420129863819,-0.0373724715422863,0.5260168046469887,-0.05060203659835664,2.922163328468439,0.03280010112495373,12608.35887243221,12884.0781379706,1.451202355535926,14.74932760227518,4.159429466184896e-12,0,-5.703919866810458e-18,2.577049684759913e-12
34,44,6.14355896702004,0.7946313603019862,-0.03088127931860706,-0.00478522744129317,-0.03694123571691728,0.5266035563427037,-0.05233742813539059,2.922163328469896,0.03280010112495373,12608.35887243221,12884.0781379706,1.451202355535926,14.74932760227518,4.159429466184896e-12,0,-5.703919866810458e-18,2.577049684759913e-12
35,0,0,0.7943390656845252,-0.03106016539699804,-0.0004769885812014623,-0.03764342490687415,0.5267254052719511,-0.05342102659188218,2.922157898324157,0.03305596540662634,12706.71310230717,12988.16851828045,1.4515164149192,14.74932760227518,5.672315502491447e-12,0,-7.403703233713026e-18,4.127809205556332e-12
35,1,0.1396263401595464,0.7942691737831165,-0.03065744152991718,0.003846173300410686,-0.03773264639154598,0.5268345003366106,-0.05291873901344386,2.922157898327229,0.03305596540662634,12706.71310230717,12988.16851828045,1.4515164149192,14.74932760227518,5.672315502491447e-12,0,-7.403703233713026e-18,4.127809205556332e-12
35,2,0.2792526803190927,0.7944322939640882,-0.03021353120769949,0.008091578991712423,-0.03785671167741318,0.5267600573562788,-0.05124902118846965,2.92215789832381,0.03305596540662634,12706.71310230717,12988.16851828045,1.4515164149192,14.74932760227518,5.672315502491447e-12,0,-7.403703233713026e-18,4.127809205556332e-12
35,3,0.4188790204786391,0.7948199098215808,-0.02958598696278889,0.01220840647974246,-0.03785472268206979,0.5265364831054751,-0.04845888060256617,2.922157898326935,0.03305596540662634,12706.71310230717,12988.16851828045,1.4515164149192,14.74932760227518,5.672315502491447e-12,0,-7.403703233713026e-18,4.127809205556332e-12
35,4,0.5585053606381855,0.7954233135302838,-0.02874703736166793,0.01615483011308589,-0.03765259969663432,0.5261701636682898,-0.04464180018642217,2.922157898323211,0.03305596540662634,12706.71310230717,12988.16851828045,1.4515164149192,14.74932760227518,5.672315502491447e-12,0,-7.403703233713026e-18,4.127809205556332e-12
35,5,0.6981317007977318,0.7962223209345959,-0.02781383549398839,0.01989153642188136,-0.03729311996481999,0.5256463432102008,-0.03992268892192701,2.922157898327108,0.03305596540662634,12706.71310230717,12988.16851828045,1.4515164149192,14.74932760227518,5.672315502491447e-12,0,-7.403703233713026e-18,4.127809205556332e-12
35,6,0.8377580409572782,0.7971730364902938,-0.02700100182271498,0.02336699277377003,-0.03691435242885072,0.5249540746959876,-0.03444245615466447,2.922157898323145,0.03305596540662634,12706.71310230717,12988.16851828045,1.4515164149192,14.74932760227518,5.672315502491447e-12,0,-7.403703233713026e-18,4.127809205556332e-12
35,7,0.9773843811168246,0.7982033264171022,-0.02652734703346488,0.02650554721853017,-0.03668890350706065,0.5241117705824009,-0.02834630838931886,2.922157898326965,0.03305596540662634,12706.71310230717,12988.16851828045,1.4515164149192,14.74932760227518,5.672315502491447e-12,0,-7.403703233713026e-18,4.127809205556332e-12
35,8,1.117010721276371,0.7992206219721315,-0.02652790800933183,0.029208034700269,-0.03675162346592404,0.5231768439040695,-0.021777731443014,2.922157898323496,0.03305596540662634,12706.71310230717,12988.16851828045,1.4515164149192,14.74932760227518,5.672315502491447e-12,0,-7.403703233713026e-18,4.127809205556332e-12
35,9,1.256637061435917,0.800129566650932,-0.02701277636927799,0.03136560502527497,-0.03714879558583355,0.5222360044147633,-0.0148770661328181,2.922157898327272,0.03305596540662634,12706.71310230717,12988.16851828045,1.4515164149192,14.74932760227518,5.672315502491447e-12,0,-7.403703233713026e-18,4.127809205556332e-12
35,10,1.396263401595464,0.8008509074081954,-0.02788674637356629,0.0328791046735941,-0.03783214575598424,0.5213844796833831,-0.007780640512477083,2.922157898323834,0.03305596540662634,12706.71310230717,12988.16851828045,1.4515164149192,14.74932760227518,5.672315502491447e-12,0,-7.403703233713026e-18,4.127809205556332e-12
35,11,1.53588974175501,0.8013320064294253,-0.02900977200216577,0.03367440643538934,-0.03869392990606848,0.5207055894435619,-0.0006173980778618569,2.922157898327046,0.03305596540662634,12706.71310230717,12988.16851828045,1.4515164149192,14.74932760227518,5.672315502491447e-12,0,-7.403703233713026e-18,4.127809205556332e-12
35,12,1.675516081914556,0.8015449881315014,-0.03025432523158127,0.03370885143457469,-0.03961154658865758,0.5202593553926428,0.006495057955610001,2.922157898324564,0.03305596540662634,12706.71310230717,12988.16851828045,1.4515164149192,14.74932760227518,5.672315502491447e-12,0,-7.403703233713026e-18,4.127809205556332e-12
35,13,1.815142422074103,0.8014775533124434,-0.03152130405223558,0.03297103392760438,-0.04046847134884925,0.5200831831281703,0.0134504680894086,2.922157898326343,0.03305596540662634,12706.71310230717,12988.16851828045,1.4515164149192,14.74932760227518,5.672315502491447e-12,0,-7.403703233713026e-18,4.127809205556332e-12
35,14,1.954768762233649,0.8011268550276563,-0.03271350084221553,0.03147976435675807,-0.04114842957970572,0.5201993242671196,0.02014951334159179,2.922157898324611,0.03305596540662634,12706.71310230717,12988.16851828045,1.4515164149192,14.74932760227518,5.672315502491447e-12,0,-7.403703233713026e-18,4.127809205556332e-12
35,15,2.094395102393195,0.8005036343498365,-0.03370515996583203,0.02928532789172544,-0.04153171572857391,0.5206175134663419,0.02649597279922597,2.922157898325543,0.03305596540662634,12706.71310230717,12988.16851828045,1.4515164149192,14.74932760227518,5.672315502491447e-12,0,-7.403703233713026e-18,4.127809205556332e-12
35,16,2.234021442552742,0.7996440902047496,-0.03434980371550093,0.02647021622179517,-0.04152117948381376,0.521324906770834,0.03239702691825042,2.922157898325247,0.03305596540662634,12706.71310230717,12988.16851828045,1.4515164149192,14.74932760227518,5.672315502491447e-12,0,-7.403703233713026e-18,4.127809205556332e-12
35,17,2.373647782712288,0.798618767786887,-0.03453280405922161,0.02314366578360507,-0.04109143116573091,0.5222688282928111,0.03776449837497264,2.922157898324534,0.03305596540662634,12706.71310230717,12988.16851828045,1.4515164149192,14.74932760227518,5.672315502491447e-12,0,-7.403703233713026e-18,4.127809205556332e-12
35,18,2.513274122871834,0.797528300507127,-0.03423509351732216,0.01942750098576772,-0.04032495694447163,0.5233489786139822,0.04251124313199605,2.922157898325787,0.03305596540662634,12706.71310230717,12988.16851828045,1.4515164149192,14.74932760227518,5.672315502491447e-12,0,-7.403703233713026e-18,4.127809205556332e-12
35,19,2.652900463031381,0.7964847925074163,-0.03356302191397178,0.01543723467647218,-0.03940283388905574,0.5244323000815871,0.04654271036520161,2.922157898324401,0.03305596540662634,12706.71310230717,12988.16851828045,1.4515164149192,14.74932760227518,5.672315502491447e-12,0,-7.403703233713026e-18,4.127809205556332e-12
35,20,2.792526803190927,0.7955873604569019,-0.03271881709471131,0.01126710780522393,-0.03854755711418529,0.5253870888150374,0.04975092907823473,2.92215789832633,0.03305596540662634,12706.71310230717,12988.16851828045,1.4515164149192,14.74932760227518,5.672315502491447e-12,0,-7.403703233713026e-18,4.127809205556332e-12
35,21,2.932153143350474,0.794903649197892,-0.0319191386536216,0.006986795006945908,-0.0379432690979585,0.5261184224002606,0.05201861095736469,2.92215789832436,0.03305596540662634,12706.71310230717,12988.16851828045,1.4515164149192,14.74932760227518,5.672315502491447e-12,0,-7.403703233713026e-18,4.127809205556332e-12
35,22,3.07177948351002,0.7944648915696311,-0.03129900873115429,0.002650348345302529,-0.03766863406745487,0.5265871028348922,0.05323481078937832,2.92215789832675,0.03305596540662634,12706.71310230717,12988.16851828045,1.4515164149192,14.74932760227518,5.672315502491447e-12,0,-7.403703233713026e-18,4.127809205556332e-12
35,23,3.211405823669566,0.7942743167490761,-0.03085293491626596,-0.00169085475732693,-0.03767202539046685,0.5268058386407725,0.05331662189179658,2.922157898324821,0.03305596540662634,12706.71310230717,12988.16851828045,1.4515164149192,14.74932760227518,5.672315502491447e-12,0,-7.403703233713026e-18,4.127809205556332e-12
35,24,3.351032163829113,0.7943222215247168,-0.030451325431062,-0.005981974027511637,-0.0378017195216722,0.5268174993091496,0.05222810982399704,2.922157898326067,0.03305596540662634,12706.71310230717,12988.16851828045,1.4515164149192,14.74932760227518,5.672315502491447e-12,0,-7.403703233713026e-18,4.127809205556332e-12
35,25,3.490658503988659,0.7945984746813022,-0.02992789504508591,-0.01016887371450149,-0.03787874513490889,0.5266658189732819,0.04998908859788563,2.922157898324853,0.03305596540662634,12706.71310230717,12988.16851828045,1.4515164149192,14.74932760227518,5.672315502491447e-12,0,-7.403703233713026e-18,4.127809205556332e-12
35,26,3.630284844148206,0.7950954690602205,-0.02918879606546085,-0.01420527983832494,-0.03777873297316778,0.5263718315677614,0.04667144653574545,2.922157898325595,0.03305596540662634,12706.71310230717,12988.16851828045,1.4515164149192,14.74932760227518,5.672315502491447e-12,0,-7.403703233713026e-18,4.127809205556332e-12
35,27,3.769911184307752,0.7958004457876769,-0.02828009702279673,-0.01805214811080653,-0.03748555678348042,0.5259290617670099,0.04238640397377463,2.922157898324889,0.03305596540662634,12706.71310230717,12988.16851828045,1.4515164149192,14.74932760227518,5.672315502491447e-12,0,-7.403703233713026e-18,4.127809205556332e-12
35,28,3.909537524467298,0.7966825908363738,-0.02737761471615415,-0.02166601680735109,-0.03709529705624988,0.5253210178509111,0.03726863840732197,2.922157898324929,0.03305596540662634,12706.71310230717,12988.16851828045,1.4515164149192,14.74932760227518,5.672315502491447e-12,0,-7.403703233713026e-18,4.127809205556332e-12
35,29,4.049163864626845,0.7976837163844045,-0.02671059302388351,-0.02498413938690984,-0.03677237219748916,0.5245489714350361,0.03146233217991714,2.922157898325472,0.03305596540662634,12706.71310230717,12988.16851828045,1.4515164149192,14.74932760227518,5.672315502491447e-12,0,-7.403703233713026e-18,4.127809205556332e-12
35,30,4.188790204786391,0.7987197342667772,-0.02646473728278124,-0.02791810108253472,-0.03667895757312935,0.5236509340437446,0.0251122273074219,2.922157898324827,0.03305596540662634,12706.71310230717,12988.16851828045,1.4515164149192,14.74932760227518,5.672315502491447e-12,0,-7.403703233713026e-18,4.127809205556332e-12
35,31,4.328416544945937,0.7996941520630455,-0.02671388886935385,-0.03036157786202029,-0.03690947014205634,0.5227011442702864,0.01836026935522944,2.922157898325832,0.03305596540662634,12706.71310230717,12988.16851828045,1.4515164149192,14.74932760227518,5.672315502491447e-12,0,-7.403703233713026e-18,4.127809205556332e-12
35,32,4.468042885105484,0.800517637053159,-0.02740963279154184,-0.03220820362560747,-0.03746061468917283,0.5217933984889056,0.01134503588239087,2.922157898324734,0.03305596540662634,12706.71310230717,12988.16851828045,1.4515164149192,14.74932760227518,5.672315502491447e-12,0,-7.403703233713026e-18,4.127809205556332e-12
35,33,4.60766922526503,0.8011237141522651,-0.0284258341349137,-0.03336995025559653,-0.03824846015644974,0.5210191098805729,0.004199727458841645,2.922157898326736,0.03305596540662634,12706.71310230717,12988.16851828045,1.4515164149192,14.74932760227518,5.672315502491447e-12,0,-7.403703233713026e-18,4.127809205556332e-12
35,34,4.747295565424577,0.8014730330433137,-0.02962354976542656,-0.03378815951685862,-0.03915319802716998,0.5204506022919961,-0.002952046528785842,2.922157898324399,0.03305596540662634,12706.71310230717,12988.16851828045,1.4515164149192,14.74932760227518,5.672315502491447e-12,0,-7.403703233713026e-18,4.127809205556332e-12
35,35,4.886921905584122,0.8015467149259586,-0.03089066854404055,-0.03343601231938065,-0.04005472296064107,0.5201358501530572,-0.009998701072061841,2.92215789832676,0.03305596540662634,12706.71310230717,12988.16851828045,1.4515164149192,14.74932760227518,5.672315502491447e-12,0,-7.403703233713026e-18,4.127809205556332e-12
35,36,5.026548245743669,0.8013373816055603,-0.03213377841294399,-0.0323172007442681,-0.04083810286462249,0.5201037603143611,-0.01683810641345556,2.922157898324196,0.03305596540662634,12706.71310230717,12988.16851828045,1.4515164149192,14.74932760227518,5.672315502491447e-12,0,-7.403703233713026e-18,4.127809205556332e-12
35,37,5.166174585903216,0.8008477940616887,-0.03324351428354763,-0.03046601975927566,-0.04138429215182064,0.5203707347630523,-0.02337272356585404,2.922157898326533,0.03305596540662634,12706.71310230717,12988.16851828045,1.4515164149192,14.74932760227518,5.672315502491447e-12,0,-7.403703233713026e-18,4.127809205556332e-12
35,38,5.305800926062762,0.8000998281675273,-0.03407957905971733,-0.02794903009722623,-0.04157953468441808,0.520937235240713,-0.02950778636704609,2.922157898323885,0.03305596540662634,12706.71310230717,12988.16851828045,1.4515164149192,14.74932760227518,5.672315502491447e-12,0,-7.403703233713026e-18,4.127809205556332e-12
35,39,5.445427266222308,0.7991464061007448,-0.03450305142352035,-0.02486333501040855,-0.04135623633531397,0.5217725047400686,-0.03515284347995214,2.922157898326007,0.03305596540662634,12706.71310230717,12988.16851828045,1.4515164149192,14.74932760227518,5.672315502491447e-12,0,-7.403703233713026e-18,4.127809205556332e-12
35,40,5.585053606381854,0.7980746515807495,-0.03444029234674785,-0.02132669951967489,-0.04074080121587784,0.5227997637498677,-0.04022109200647496,2.922157898324651,0.03305596540662634,12706.71310230717,12988.16851828045,1.4515164149192,14.74932760227518,5.672315502491447e-12,0,-7.403703233713026e-18,4.127809205556332e-12
35,41,5.724679946541401,0.7969939053899773,-0.03393469511879545,-0.01746013468359445,-0.0398695061971092,0.5238989674441107,-0.04462280662153757,2.922157898325142,0.03305596540662634,12706.71310230717,12988.16851828045,1.4515164149192,14.74932760227518,5.672315502491447e-12,0,-7.403703233713026e-18,4.127809205556332e-12
35,42,5.864306286700947,0.7960127194857651,-0.03314805610920676,-0.01336978047234672,-0.03895349913997392,0.5249328882437192,-0.04825697250485012,2.922157898325526,0.03305596540662634,12706.71310230717,12988.16851828045,1.4515164149192,14.74932760227518,5.672315502491447e-12,0,-7.403703233713026e-18,4.127809205556332e-12
35,43,6.003932626860494,0.7952160287487612,-0.03230206200398644,-0.009137141641135582,-0.03820609845151841,0.5257845067109074,-0.05100966515668989,2.922157898324849,0.03305596540662634,12706.71310230717,12988.16851828045,1.4515164149192,14.74932760227518,5.672315502491447e-12,0,-7.403703233713026e-18,4.127809205556332e-12
35,44,6.14355896702004,0.7946529594505117,-0.0315834595022903,-0.004822440755567087,-0.03776500439910993,0.5263858274282185,-0.05276424228402202,2.922157898326675,0.03305596540662634,12706.71310230717,12988.16851828045,1.4515164149192,14.74932760227518,5.672315502491447e-12,0,-7.403703233713026e-18,4.127809205556332e-12
36,0,0,0.7943568186011289,-0.03180470270352806,-0.0004835223812706375,-0.03851970501807915,0.526498456099402,-0.05385508190563686,2.92215246313833,0.03330958591813017,12804.20482692924,13091.33816345171,1.451830474302474,14.74932760227518,8.922947274058939e-12,0,3.564102883809282e-18,8.502976100999149e-12
36,1,0.1396263401595464,0.7942820801033305,-0.03140588592862849,0.003868924481365676,-0.03861813347843301,0.5266112926405535,-0.05335229072360687,2.922152463144102,0.03330958591813017,12804.20482692924,13091.33816345171,1.451830474302474,14.74932760227518,8.922947274058939e-12,0,3.564102883809282e-18,8.502976100999149e-12
36,2,0.2792526803190927,0.7944439304297646,-0.03096811565183178,0.008142320164111832,-0.0387568711950721,0.5265376313605928,-0.05166986714923209,2.922152463137137,0.03330958591813017,12804.20482692924,13091.33816345171,1.451830474302474,14.74932760227518,8.922947274058939e-12,0,3.564102883809282e-18,8.502976100999149e-12
36,3,0.4188790204786391,0.7948333167853937,-0.03034385826802567,0.01228602568930921,-0.03876973336696699,0.526314154724874,-0.04885466381248127,2.922152463144174,0.03330958591813017,12804.20482692924,13091.33816345171,1.451830474302474,14.74932760227518,8.922947274058939e-12,0,3.564102883809282e-18,8.502976100999149e-12
36,4,0.5585053606381855,0.7954413064415353,-0.02950058229637497,0.01625856382551474,-0.03857757564526784,0.5259483785422088,-0.04500115040258087,2.922152463136326,0.03330958591813017,12804.20482692924,13091.33816345171,1.451830474302474,14.74932760227518,8.922947274058939e-12,0,3.564102883809282e-18,8.502976100999149e-12
36,5,0.6981317007977318,0.7962478584440018,-0.02855327601682087,0.02002115089816442,-0.03822004061759862,0.5254249204701724,-0.04023615706982589,2.922152463144174,0.03330958591813017,12804.20482692924,13091.33816345171,1.451830474302474,14.74932760227518,8.922947274058939e-12,0,3.564102883809282e-18,8.502976100999149e-12
36,6,0.8377580409572782,0.7972093504910565,-0.02771824987289522,0.02352270206351881,-0.03783524322338908,0.5247308162634458,-0.03470307030975596,2.922152463135973,0.03330958591813017,12804.20482692924,13091.33816345171,1.451830474302474,14.74932760227518,8.922947274058939e-12,0,3.564102883809282e-18,8.502976100999149e-12
36,7,0.9773843811168246,0.7982536363372693,-0.02721956472779942,0.02668752574989601,-0.03759926447345494,0.5238822045057459,-0.02854964245700905,2.922152463144476,0.03330958591813017,12804.20482692924,13091.33816345171,1.451830474302474,14.74932760227518,8.922947274058939e-12,0,3.564102883809282e-18,8.502976100999149e-12
36,8,1.117010721276371,0.7992874866775369,-0.02719924601317876,0.02941565580421047,-0.03765268772716748,0.5229351682440425,-0.02192155015609476,2.922152463136406,0.03330958591813017,12804.20482692924,13091.33816345171,1.451830474302474,14.74932760227518,8.922947274058939e-12,0,3.564102883809282e-18,8.502976100999149e-12
36,9,1.256637061435917,0.8002141532793944,-0.02767339932001744,0.0315967218307741,-0.03804738861193424,0.5219766740719254,-0.01496082461209534,2.922152463144394,0.03330958591813017,12804.20482692924,13091.33816345171,1.451830474302474,14.74932760227518,8.922947274058939e-12,0,3.564102883809282e-18,8.502976100999149e-12
36,10,1.396263401595464,0.8009525396316673,-0.02854956602862289,0.03312968039522518,-0.03873807500434356,0.5211037041609096,-0.007805129892618157,2.922152463137488,0.03330958591813017,12804.20482692924,13091.33816345171,1.451830474302474,14.74932760227518,8.922947274058939e-12,0,3.564102883809282e-18,8.502976100999149e-12
36,11,1.53588974175501,0.8014481991028561,-0.02968650084741009,0.03393861101283726,-0.03961622716500691,0.5204022476785055,-0.0005845879697927082,2.922152463144069,0.03330958591813017,12804.20482692924,13091.33816345171,1.451830474302474,14.74932760227518,8.922947274058939e-12,0,3.564102883809282e-18,8.502976100999149e-12
36,12,1.675516081914556,0.8016718655889179,-0.03095267669945032,0.03397951581504544,-0.04055537665264311,0.5199352007536427,0.006582159439586652,2.922152463138371,0.03330958591813017,12804.20482692924,13091.33816345171,1.451830474302474,14.74932760227518,8.922947274058939e-12,0,3.564102883809282e-18,8.502976100999149e-12
36,13,1.815142422074103,0.8016103495430665,-0.03224413382388812,0.03324024125280348,-0.04143371300735339,0.5197425487990589,0.01358808702979771,2.922152463142762,0.03330958591813017,12804.20482692924,13091.33816345171,1.451830474302474,14.74932760227518,8.922947274058939e-12,0,3.564102883809282e-18,8.502976100999149e-12
36,14,1.954768762233649,0.8012602723140956,-0.03345938893094328,0.03173941975286303,-0.04212980727452928,0.5198486775834149,0.02033349824119385,2.922152463139159,0.03330958591813017,12804.20482692924,13091.33816345171,1.451830474302474,14.74932760227518,8.922947274058939e-12,0,3.564102883809282e-18,8.502976100999149e-12
36,15,2.094395102393195,0.800632112285574,-0.03446948211318995,0.02952768890791724,-0.0425199599526073,0.5202649694942297,0.02672221572313368,2.922152463141088,0.03330958591813017,12804.20482692924,13091.33816345171,1.451830474302474,14.74932760227518,8.922947274058939e-12,0,3.564102883809282e-18,8.502976100999149e-12
36,16,2.234021442552742,0.7997622033701653,-0.03512581956532419,0.02668843467447033,-0.04250494798056732,0.5209794355199528,0.03266185937847801,2.922152463140042,0.03330958591813017,12804.20482692924,13091.33816345171,1.451830474302474,14.74932760227518,8.922947274058939e-12,0,3.564102883809282e-18,8.502976100999149e-12
36,17,2.373647782712288,0.7987218728932675,-0.03531286217589201,0.02333233193167608,-0.04205984674111652,0.521938878990416,0.0380649510900066,2.922152463139602,0.03330958591813017,12804.20482692924,13091.33816345171,1.451830474302474,14.74932760227518,8.922947274058939e-12,0,3.564102883809282e-18,8.502976100999149e-12
36,18,2.513274122871834,0.7976132875128068,-0.03501203285061968,0.01958307196503838,-0.04127023460787819,0.523040753143618,0.04284495978621203,2.922152463141375,0.03330958591813017,12804.20482692924,13091.33816345171,1.451830474302474,14.74932760227518,8.922947274058939e-12,0,3.564102883809282e-18,8.502976100999149e-12
36,19,2.652900463031381,0.7965506316595393,-0.03433160015420384,0.01555816802600406,-0.04032217931026218,0.5241483805780337,0.04690737121274123,2.922152463138602,0.03330958591813017,12804.20482692924,13091.33816345171,1.451830474302474,14.74932760227518,8.922947274058939e-12,0,3.564102883809282e-18,8.502976100999149e-12
36,20,2.792526803190927,0.7956352004917063,-0.03347686179454773,0.01135357998717633,-0.03944372939887866,0.525126068848413,0.0501433043182276,2.922152463142504,0.03330958591813017,12804.20482692924,13091.33816345171,1.451830474302474,14.74932760227518,8.922947274058939e-12,0,3.564102883809282e-18,8.502976100999149e-12
36,21,2.932153143350474,0.7949364232313154,-0.03266811470259109,0.00704006783879942,-0.03882374571291319,0.5258756887587505,0.05243360795546888,2.922152463138822,0.03330958591813017,12804.20482692924,13091.33816345171,1.451830474302474,14.74932760227518,8.922947274058939e-12,0,3.564102883809282e-18,8.502976100999149e-12
36,22,3.07177948351002,0.7944865856495957,-0.03204353724058689,0.002672062553137342,-0.03854365732119792,0.5263564369826459,0.0536649058776798,2.922152463142942,0.03330958591813017,12804.20482692924,13091.33816345171,1.451830474302474,14.74932760227518,8.922947274058939e-12,0,3.564102883809282e-18,8.502976100999149e-12
36,23,3.211405823669566,0.7942891612003601,-0.03159888299953198,-0.001699134930132969,-0.03855193471892125,0.5265812859010136,0.05375189489560614,2.922152463139195,0.03330958591813017,12804.20482692924,13091.33816345171,1.451830474302474,14.74932760227518,8.922947274058939e-12,0,3.564102883809282e-18,8.502976100999149e-12
36,24,3.351032163829113,0.7943340838867662,-0.03120285703189993,-0.006018872692580017,-0.03869417454038229,0.5265948959284363,0.05265687145595999,2.922152463142312,0.03330958591813017,12804.20482692924,13091.33816345171,1.451830474302474,14.74932760227518,8.922947274058939e-12,0,3.564102883809282e-18,8.502976100999149e-12
36,25,3.490658503988659,0.7946106398867361,-0.03068481375975851,-0.01023317647522499,-0.0387866502319498,0.5264434184770397,0.05039891139961462,2.922152463139472,0.03330958591813017,12804.20482692924,13091.33816345171,1.451830474302474,14.74932760227518,8.922947274058939e-12,0,3.564102883809282e-18,8.502976100999149e-12
36,26,3.630284844148206,0.7951108152586936,-0.0299456737273578,-0.01429602111098134,-0.03869959645633408,0.5261497163492245,0.04705033267365752,2.92215246314099,0.03330958591813017,12804.20482692924,13091.33816345171,1.451830474302474,14.74932760227518,8.922947274058939e-12,0,3.564102883809282e-18,8.502976100999149e-12
36,27,3.769911184307752,0.7958218226741705,-0.02902780158748548,-0.01816881680828177,-0.03841258877998008,0.525707584844389,0.0427238470211057,2.922152463139787,0.03330958591813017,12804.20482692924,13091.33816345171,1.451830474302474,14.74932760227518,8.922947274058939e-12,0,3.564102883809282e-18,8.502976100999149e-12
36,28,3.909537524467298,0.7967131015182256,-0.02810671050056313,-0.02180863849313365,-0.03802005629969751,0.5250991038464299,0.03755638769380226,2.922152463140174,0.03330958591813017,12804.20482692924,13091.33816345171,1.451830474302474,14.74932760227518,8.922947274058939e-12,0,3.564102883809282e-18,8.502976100999149e-12
36,29,4.049163864626845,0.7977266492538541,-0.02741525429931857,-0.02515299244405827,-0.03768823102202885,0.524323234686304,0.03169471089563097,2.922152463140609,0.03330958591813017,12804.20482692924,13091.33816345171,1.451830474302474,14.74932760227518,8.922947274058939e-12,0,3.564102883809282e-18,8.502976100999149e-12
36,30,4.188790204786391,0.7987780731746967,-0.02714556528941991,-0.02811306032776703,-0.03758413107691806,0.5234160617567816,0.02528596637852085,2.922152463139462,0.03330958591813017,12804.20482692924,13091.33816345171,1.451830474302474,14.74932760227518,8.922947274058939e-12,0,3.564102883809282e-18,8.502976100999149e-12
36,31,4.328416544945937,0.7997698418982357,-0.02737833281427433,-0.03058133013006896,-0.03780817557876358,0.5224512544947154,0.0184740370730026,2.922152463141871,0.03330958591813017,12804.20482692924,13091.33816345171,1.451830474302474,14.74932760227518,8.922947274058939e-12,0,3.564102883809282e-18,8.502976100999149e-12
36,32,4.468042885105484,0.8006109505882459,-0.02806972817495179,-0.03244967401027588,-0.03836160962650266,0.5215236654847005,0.01139898495717392,2.922152463139139,0.03330958591813017,12804.20482692924,13091.33816345171,1.451830474302474,14.74932760227518,8.922947274058939e-12,0,3.564102883809282e-18,8.502976100999149e-12
36,33,4.60766922526503,0.8012330365458487,-0.02909435136826417,-0.03362816619859804,-0.03916163177987035,0.5207270088813876,0.004195251428859688,2.922152463142919,0.03330958591813017,12804.20482692924,13091.33816345171,1.451830474302474,14.74932760227518,8.922947274058939e-12,0,3.564102883809282e-18,8.502976100999149e-12
36,34,4.747295565424577,0.8015951187683977,-0.03031043102701749,-0.03405655089347479,-0.04008593418546435,0.5201364634424086,-0.003012434412909946,2.922152463138733,0.03330958591813017,12804.20482692924,13091.33816345171,1.451830474302474,14.74932760227518,8.922947274058939e-12,0,3.564102883809282e-18,8.502976100999149e-12
36,35,4.886921905584122,0.801677187165843,-0.03160119287072852,-0.03370696157910188,-0.04100961334001973,0.5198027702485917,-0.01011156641258158,2.922152463143425,0.03330958591813017,12804.20482692924,13091.33816345171,1.451830474302474,14.74932760227518,8.922947274058939e-12,0,3.564102883809282e-18,8.502976100999149e-12
36,36,5.026548245743669,0.8014711736815321,-0.0328685405866003,-0.032582634286667,-0.04181235786688643,0.5197571954604389,-0.01699943435564868,2.922152463138051,0.03330958591813017,12804.20482692924,13091.33816345171,1.451830474302474,14.74932760227518,8.922947274058939e-12,0,3.564102883809282e-18,8.502976100999149e-12
36,37,5.166174585903216,0.8009794405617362,-0.03399935585721012,-0.03071795291663044,-0.04237044529931466,0.5200180465916998,-0.02357833209036525,2.922152463142842,0.03330958591813017,12804.20482692924,13091.33816345171,1.451830474302474,14.74932760227518,8.922947274058939e-12,0,3.564102883809282e-18,8.502976100999149e-12
36,38,5.305800926062762,0.8002237707629737,-0.03485067831375397,-0.02818009816918435,-0.04256699402053926,0.5205870998585386,-0.02975374208894469,2.922152463138113,0.03330958591813017,12804.20482692924,13091.33816345171,1.451830474302474,14.74932760227518,8.922947274058939e-12,0,3.564102883809282e-18,8.502976100999149e-12
36,39,5.445427266222308,0.7992575165722209,-0.03528204847515577,-0.02506734433814918,-0.04233355151485123,0.5214338385682654,-0.03543581130066387,2.92215246314187,0.03330958591813017,12804.20482692924,13091.33816345171,1.451830474302474,14.74932760227518,8.922947274058939e-12,0,3.564102883809282e-18,8.502976100999149e-12
36,40,5.585053606381854,0.7981689647318562,-0.03521959812546396,-0.02149913441672561,-0.04169833977682413,0.5224801047115009,-0.04053844976354135,2.922152463139057,0.03330958591813017,12804.20482692924,13091.33816345171,1.451830474302474,14.74932760227518,8.922947274058939e-12,0,3.564102883809282e-18,8.502976100999149e-12
36,41,5.724679946541401,0.7970693072196006,-0.03470793930515673,-0.01759846060704167,-0.04080181600203735,0.5236028269888353,-0.04497231785910431,2.922152463140474,0.03330958591813017,12804.20482692924,13091.33816345171,1.451830474302474,14.74932760227518,8.922947274058939e-12,0,3.564102883809282e-18,8.502976100999149e-12
36,42,5.864306286700947,0.796069289647691,-0.03391141543046967,-0.01347337586617599,-0.03986058361552319,0.5246608251194598,-0.04863599123454191,2.922152463141096,0.03330958591813017,12804.20482692924,13091.33816345171,1.451830474302474,14.74932760227518,8.922947274058939e-12,0,3.564102883809282e-18,8.502976100999149e-12
36,43,6.003932626860494,0.7952558838591484,-0.0330551644433703,-0.009206817875343058,-0.03909325874007805,0.5255333505689523,-0.05141413304004313,2.922152463139194,0.03330958591813017,12804.20482692924,13091.33816345171,1.451830474302474,14.74932760227518,8.922947274058939e-12,0,3.564102883809282e-18,8.502976100999149e-12
36,44,6.14355896702004,0.7946796621594908,-0.03232949517681841,-0.004859727668994397,-0.03864140101355464,0.5261499311647804,-0.05318788690641796,2.922152463143072,0.03330958591813017,12804.20482692924,13091.33816345171,1.451830474302474,14.74932760227518,8.922947274058939e-12,0,3.564102883809282e-18,8.502976100999149e-12
37,0,0,0.7943799714565709,-0.03259831822772501,-0.0004903352225514253,-0.03945428086976659,0.5262512722364941,-0.0542862108924782,2.92214702294021,0.03356097003858568,12900.83688283233,13193.57265586817,1.452144533685747,14.74932760227518,1.361952545096828e-11,0,-7.108724009831716e-19,2.471489679578553e-11
37,1,0.1396263401595464,0.7943000223064905,-0.03220384306414421,0.003891163346555413,-0.03956196304394803,0.526368069666839,-0.05378324594194929,2.922147022956424,0.03356097003858568,12900.83688283233,13193.57265586817,1.452144533685747,14.74932760227518,1.361952545096828e-11,0,-7.108724009831716e-19,2.471489679578553e-11
37,2,0.2792526803190927,0.7944602387533677,-0.03177298360591944,0.008192228650528289,-0.0397159663988518,0.5262953058896935,-0.05208846695950149,2.922147022937422,0.03356097003858568,12900.83688283233,13193.57265586817,1.452144533685747,14.74932760227518,1.361952545096828e-11,0,-7.108724009831716e-19,2.471489679578553e-11
37,3,0.4188790204786391,0.7948509967691018,-0.03115283846791609,0.01236239062105904,-0.03974461984529164,0.5260721479512577,-0.04924848084273336,2.92214702295745,0.03356097003858568,12900.83688283233,13193.57265586817,1.452144533685747,14.74932760227518,1.361952545096828e-11,0,-7.108724009831716e-19,2.471489679578553e-11
37,4,0.5585053606381855,0.7954631405384878,-0.03030577526019338,0.01636052985405901,-0.03956344567882802,0.5257073869602874,-0.04535868050878392,2.922147022935219,0.03356097003858568,12900.83688283233,13193.57265586817,1.452144533685747,14.74932760227518,1.361952545096828e-11,0,-7.108724009831716e-19,2.471489679578553e-11
37,5,0.6981317007977318,0.796276816458222,-0.02934437338755849,0.02014844477696957,-0.03920869729045733,0.52518501718111,-0.04054778965707025,2.922147022958244,0.03356097003858568,12900.83688283233,13193.57265586817,1.452144533685747,14.74932760227518,1.361952545096828e-11,0,-7.108724009831716e-19,2.471489679578553e-11
37,6,0.8377580409572782,0.797248750863752,-0.02848658252614177,0.02367558673882054,-0.03881836874359874,0.5244899056415269,-0.0349616861020324,2.922147022934142,0.03356097003858568,12900.83688283233,13193.57265586817,1.452144533685747,14.74932760227518,1.361952545096828e-11,0,-7.108724009831716e-19,2.471489679578553e-11
37,7,0.9773843811168246,0.7983068616998736,-0.02796184089631613,0.02686631583900883,-0.03857197116850062,0.5236356824698781,-0.02875072012582461,2.922147022958856,0.03356097003858568,12900.83688283233,13193.57265586817,1.452144533685747,14.74932760227518,1.361952545096828e-11,0,-7.108724009831716e-19,2.471489679578553e-11
37,8,1.117010721276371,0.7993573088401035,-0.02791941129252918,0.02961992644160003,-0.03861591098255844,0.5226768816156591,-0.02206283041634967,2.922147022934916,0.03356097003858568,12900.83688283233,13193.57265586817,1.452144533685747,14.74932760227518,1.361952545096828e-11,0,-7.108724009831716e-19,2.471489679578553e-11
37,9,1.256637061435917,0.8003019585005134,-0.02838166413577701,0.03182454191568789,-0.03900782182345029,0.5217006063529152,-0.01504180868232614,2.922147022958297,0.03356097003858568,12900.83688283233,13193.57265586817,1.452144533685747,14.74932760227518,1.361952545096828e-11,0,-7.108724009831716e-19,2.471489679578553e-11
37,10,1.396263401595464,0.8010578379057521,-0.02925906645464237,0.03337720333157652,-0.0397055630061068,0.5208055930927871,-0.00782671278726233,2.922147022937385,0.03356097003858568,12900.83688283233,13193.57265586817,1.452144533685747,14.74932760227518,1.361952545096828e-11,0,-7.108724009831716e-19,2.471489679578553e-11
37,11,1.53588974175501,0.8015686433210201,-0.03040924054922513,0.03420015058024507,-0.04059994472803279,0.5200805910409451,-0.0005488898261088555,2.922147022956682,0.03356097003858568,12900.83688283233,13193.57265586817,1.452144533685747,14.74932760227518,1.361952545096828e-11,0,-7.108724009831716e-19,2.471489679578553e-11
37,12,1.675516081914556,0.8018036710517474,-0.03169667672285024,0.03424799711943764,-0.04156068021188421,0.5195915007856922,0.006671946802723302,2.922147022940036,0.03356097003858568,12900.83688283233,13193.57265586817,1.452144533685747,14.74932760227518,1.361952545096828e-11,0,-7.108724009831716e-19,2.471489679578553e-11
37,13,1.815142422074103,0.801748797558086,-0.03301259032962532,0.03350779223903726,-0.04246069246318553,0.519381021305782,0.01372799130180511,2.922147022953517,0.03356097003858568,12900.83688283233,13193.57265586817,1.452144533685747,14.74932760227518,1.361952545096828e-11,0,-7.108724009831716e-19,2.471489679578553e-11
37,14,1.954768762233649,0.8014000505157802,-0.03425126914857902,0.03199793767560585,-0.04317337452956912,0.5194758179597013,0.02051917427714475,2.922147022942462,0.03356097003858568,12900.83688283233,13193.57265586817,1.452144533685747,14.74932760227518,1.361952545096828e-11,0,-7.108724009831716e-19,2.471489679578553e-11
37,15,2.094395102393195,0.8007675572540218,-0.03528054132699327,0.02976936747376175,-0.04357092653447128,0.5198890947346261,0.02694938371179596,2.92214702294948,0.03356097003858568,12900.83688283233,13193.57265586817,1.452144533685747,14.74932760227518,1.361952545096828e-11,0,-7.108724009831716e-19,2.471489679578553e-11
37,16,2.234021442552742,0.7998876863486691,-0.03594955127581415,0.02690631477032529,-0.04355184147105715,0.5206099134963408,0.03292672155286158,2.922147022945522,0.03356097003858568,12900.83688283233,13193.57265586817,1.452144533685747,14.74932760227518,1.361952545096828e-11,0,-7.108724009831716e-19,2.471489679578553e-11
37,17,2.373647782712288,0.7988324774825053,-0.03614159815227488,0.02352087101485118,-0.04309142591465141,0.5215847048302669,0.03836448405658675,2.922147022945381,0.03356097003858568,12900.83688283233,13193.57265586817,1.452144533685747,14.74932760227518,1.361952545096828e-11,0,-7.108724009831716e-19,2.471489679578553e-11
37,18,2.513274122871834,0.7977056256537381,-0.03583832830397948,0.01973860990710695,-0.04227820105063028,0.5227086976631288,0.04317686153076737,2.922147022949244,0.03356097003858568,12900.83688283233,13193.57265586817,1.452144533685747,14.74932760227518,1.361952545096828e-11,0,-7.108724009831716e-19,2.471489679578553e-11
37,19,2.652900463031381,0.7966234591951874,-0.03514978637050162,0.01567909300305565,-0.04130325759617761,0.5238414564081156,0.04726949546124055,2.922147022942325,0.03356097003858568,12900.83688283233,13193.57265586817,1.452144533685747,14.74932760227518,1.361952545096828e-11,0,-7.108724009831716e-19,2.471489679578553e-11
37,20,2.792526803190927,0.7956895560612802,-0.03428438251410332,0.01144006056153127,-0.04040040806385096,0.5248430477284907,0.05053268627293005,2.922147022952236,0.03356097003858568,12900.83688283233,13193.57265586817,1.452144533685747,14.74932760227518,1.361952545096828e-11,0,-7.108724009831716e-19,2.471489679578553e-11
37,21,2.932153143350474,0.7949752284881544,-0.03346627174881136,0.007093407428961866,-0.03976354792575406,0.5256118697808352,0.05284545183149521,2.922147022941754,0.03356097003858568,12900.83688283233,13193.57265586817,1.452144533685747,14.74932760227518,1.361952545096828e-11,0,-7.108724009831716e-19,2.471489679578553e-11
37,22,3.07177948351002,0.7945138754415779,-0.03283709085016812,0.002693967194267741,-0.03947718373481835,0.5261053318224664,0.05409195027424372,2.922147022953288,0.03356097003858568,12900.83688283233,13193.57265586817,1.452144533685747,14.74932760227518,1.361952545096828e-11,0,-7.108724009831716e-19,2.471489679578553e-11
37,23,3.211405823669566,0.7943092206508953,-0.03239407268723291,-0.001707029167438387,-0.03949008658978526,0.5263366338440374,0.05418439749525632,2.922147022942527,0.03356097003858568,12900.83688283233,13193.57265586817,1.452144533685747,14.74932760227518,1.361952545096828e-11,0,-7.108724009831716e-19,2.471489679578553e-11
37,24,3.351032163829113,0.7943508029015744,-0.03200425927332926,-0.006055110891938492,-0.03964521029956044,0.5263523347881897,0.05308321539954085,2.922147022951916,0.03356097003858568,12900.83688283233,13193.57265586817,1.452144533685747,14.74932760227518,1.361952545096828e-11,0,-7.108724009831716e-19,2.471489679578553e-11
37,25,3.490658503988659,0.7946272828224311,-0.0314924437684917,-0.01029644867346765,-0.03975393412584863,0.5262012040894258,0.05080664154269889,2.922147022943472,0.03356097003858568,12900.83688283233,13193.57265586817,1.452144533685747,14.74932760227518,1.361952545096828e-11,0,-7.108724009831716e-19,2.471489679578553e-11
37,26,3.630284844148206,0.7951302208607616,-0.03075398494336947,-0.01438526072941813,-0.03968085233759664,0.5259081232312675,0.04742734506085077,2.922147022949263,0.03356097003858568,12900.83688283233,13193.57265586817,1.452144533685747,14.74932760227518,1.361952545096828e-11,0,-7.108724009831716e-19,2.471489679578553e-11
37,27,3.769911184307752,0.7958468247481705,-0.02982723238129093,-0.01828344125756097,-0.03940097054318758,0.5254672391226847,0.04305948258302195,2.922147022944802,0.03356097003858568,12900.83688283233,13193.57265586817,1.452144533685747,14.74932760227518,1.361952545096828e-11,0,-7.108724009831716e-19,2.471489679578553e-11
37,28,3.909537524467298,0.7967468496461417,-0.02888724567834046,-0.02194867542198478,-0.03900685001409122,0.5248591245054699,0.03784223588021709,2.922147022946873,0.03356097003858568,12900.83688283233,13193.57265586817,1.452144533685747,14.74932760227518,1.361952545096828e-11,0,-7.108724009831716e-19,2.471489679578553e-11
37,29,4.049163864626845,0.7977725586910078,-0.02817053010777882,-0.0253188165765546,-0.03866642605604879,0.5240802255104322,0.03192496982518272,2.922147022947234,0.03356097003858568,12900.83688283233,13193.57265586817,1.452144533685747,14.74932760227518,1.361952545096828e-11,0,-7.108724009831716e-19,2.471489679578553e-11
37,30,4.188790204786391,0.7988393203495412,-0.02787584458462787,-0.02830472288300113,-0.03855158414551457,0.5231644604840402,0.02545730648608673,2.92214702294459,0.03356097003858568,12900.83688283233,13193.57265586817,1.452144533685747,14.74932760227518,1.361952545096828e-11,0,-7.108724009831716e-19,2.471489679578553e-11
37,31,4.328416544945937,0.7998485938052413,-0.02809099215469778,-0.03079773270673656,-0.03876888582646956,0.5221847520526061,0.01858513866640238,2.922147022950324,0.03356097003858568,12900.83688283233,13193.57265586817,1.452144533685747,14.74932760227518,1.361952545096828e-11,0,-7.108724009831716e-19,2.471489679578553e-11
37,32,4.468042885105484,0.8007076860383672,-0.02877695034807943,-0.0326879485309648,-0.03932429107146301,0.5212369509080816,0.01145007740508818,2.922147022942919,0.03356097003858568,12900.83688283233,13193.57265586817,1.452144533685747,14.74932760227518,1.361952545096828e-11,0,-7.108724009831716e-19,2.471489679578553e-11
37,33,4.60766922526503,0.8013463036292962,-0.02980917709861697,-0.03388350840860669,-0.04013627132797359,0.5204171224209443,0.004187856853390344,2.922147022953009,0.03356097003858568,12900.83688283233,13193.57265586817,1.452144533685747,14.74932760227518,1.361952545096828e-11,0,-7.108724009831716e-19,2.471489679578553e-11
37,34,4.747295565424577,0.8017217854601236,-0.0310431016175619,-0.03432250951058318,-0.04108009079314893,0.5198034177099233,-0.003075633522582363,2.922147022941582,0.03356097003858568,12900.83688283233,13193.57265586817,1.452144533685747,14.74932760227518,1.361952545096828e-11,0,-7.108724009831716e-19,2.471489679578553e-11
37,35,4.886921905584122,0.8018129466300891,-0.03235730975145803,-0.03397598869677589,-0.0420260836431325,0.5194494770321827,-0.01022694236219208,2.922147022954241,0.03356097003858568,12900.83688283233,13193.57265586817,1.452144533685747,14.74932760227518,1.361952545096828e-11,0,-7.108724009831716e-19,2.471489679578553e-11
37,36,5.026548245743669,0.8016109789001759,-0.03364906156261902,-0.03284667540699003,-0.04284855715634586,0.5193890640414475,-0.01716277377171291,2.922147022940321,0.03356097003858568,12900.83688283233,13193.57265586817,1.452144533685747,14.74932760227518,1.361952545096828e-11,0,-7.108724009831716e-19,2.471489679578553e-11
37,37,5.166174585903216,0.8011177702642974,-0.03480152019732882,-0.03096898745574465,-0.04341905532562824,0.5196425490877862,-0.02378526811462955,2.922147022953411,0.03356097003858568,12900.83688283233,13193.57265586817,1.452144533685747,14.74932760227518,1.361952545096828e-11,0,-7.108724009831716e-19,2.471489679578553e-11
37,38,5.305800926062762,0.8003549128477803,-0.03566898868445004,-0.0284106718477654,-0.04361740855504018,0.5202132125772864,-0.03000018753051301,2.922147022940688,0.03356097003858568,12900.83688283233,13193.57265586817,1.452144533685747,14.74932760227518,1.361952545096828e-11,0,-7.108724009831716e-19,2.471489679578553e-11
37,39,5.445427266222308,0.7993760978498045,-0.03610926275060362,-0.02527113749586492,-0.04337406960494199,0.5210709611344299,-0.03571833477239326,2.922147022951046,0.03356097003858568,12900.83688283233,13193.57265586817,1.452144533685747,14.74932760227518,1.361952545096828e-11,0,-7.108724009831716e-19,2.471489679578553e-11
37,40,5.585053606381854,0.7982707354238006,-0.03604796940198349,-0.02167150149983984,-0.04271887136992275,0.5221363521197312,-0.04085442577776427,2.922147022943514,0.03356097003858568,12900.83688283233,13193.57265586817,1.452144533685747,14.74932760227518,1.361952545096828e-11,0,-7.108724009831716e-19,2.471489679578553e-11
37,41,5.724679946541401,0.7971518994500653,-0.03553072026564212,-0.01773677072868186,-0.0417963866521603,0.5232832297152896,-0.04531962478391048,2.922147022947161,0.03356097003858568,12900.83688283233,13193.57265586817,1.452144533685747,14.74932760227518,1.361952545096828e-11,0,-7.108724009831716e-19,2.471489679578553e-11
37,42,5.864306286700947,0.796132618804352,-0.03472435503120159,-0.0135769685441688,-0.04082880366015817,0.5243662541902642,-0.04901220831861888,2.922147022948501,0.03356097003858568,12900.83688283233,13193.57265586817,1.452144533685747,14.74932760227518,1.361952545096828e-11,0,-7.108724009831716e-19,2.471489679578553e-11
37,43,6.003932626860494,0.795302008804185,-0.03385759681723314,-0.009276524446495221,-0.04004030813262253,0.5252606765413423,-0.05181549132339444,2.922147022943233,0.03356097003858568,12900.83688283233,13193.57265586817,1.452144533685747,14.74932760227518,1.361952545096828e-11,0,-7.108724009831716e-19,2.471489679578553e-11
37,44,6.14355896702004,0.7947121706209154,-0.03312459870202555,-0.004897134380905783,-0.03957665092965058,0.5258933122638936,-0.05360840125121429,2.922147022953494,0.03356097003858568,12900.83688283233,13193.57265586817,1.452144533685747,14.74932760227518,1.361952545096828e-11,0,-7.108724009831716e-19,2.471489679578553e-11
39,0,0,0.7944458060442501,-0.03435846850854939,-0.0005049238373730687,-0.04152879236614599,0.5256835459752019,-0.05513985804322407,2.922136127673307,0.03405701053125781,13091.5148482155,13395.14193064785,1.452772652452295,14.74932760227518,3.421724490589558e-11,0,7.900276299040859e-18,2.764588558079595e-11
39,1,0.1396263401595464,0.7943541448067495,-0.0339737665879252,0.003934036669046384,-0.04165473778649814,0.5258091298699377,-0.05463765532345211,2.922136127657056,0.03405701053125781,13091.5148482155,13395.14193064785,1.452772652452295,14.74932760227518,3.421724490589558e-11,0,7.900276299040859e-18,2.764588558079595e-11
39,2,0.2792526803190927,0.7945098426271235,-0.03355907598105931,0.008289502540206242,-0.04184099888805125,0.5257385730289704,-0.05291936222566163,2.922136127674761,0.03405701053125781,13091.5148482155,13395.14193064785,1.452772652452295,14.74932760227518,3.421724490589558e-11,0,7.900276299040859e-18,2.764588558079595e-11
39,3,0.4188790204786391,0.7949020039034128,-0.03294990613716139,0.01251129191001479,-0.04190433511681557,0.525516738545859,-0.05003076768788038,2.922136127652892,0.03405701053125781,13091.5148482155,13395.14193064785,1.452772652452295,14.74932760227518,3.421724490589558e-11,0,7.900276299040859e-18,2.764588558079595e-11
39,4,0.5585053606381855,0.7955209973636723,-0.03209726276091911,0.01655901950158385,-0.04174870277735229,0.5251555254407488,-0.04606887128413271,2.922136127674877,0.03405701053125781,13091.5148482155,13395.14193064785,1.452772652452295,14.74932760227518,3.421724490589558e-11,0,7.900276299040859e-18,2.764588558079595e-11
39,5,0.6981317007977318,0.7963474771489764,-0.03110798960842312,0.02039580896564567,-0.0414026612039036,0.5246377499045272,-0.04116606789346674,2.922136127649728,0.03405701053125781,13091.5148482155,13395.14193064785,1.452772652452295,14.74932760227518,3.421724490589558e-11,0,7.900276299040859e-18,2.764588558079595e-11
39,6,0.8377580409572782,0.7973391124425369,-0.03020295485970951,0.0239724693410901,-0.04100326078299617,0.5239434780879679,-0.03547325357982235,2.922136127675949,0.03405701053125781,13091.5148482155,13395.14193064785,1.452772652452295,14.74932760227518,3.421724490589558e-11,0,7.900276299040859e-18,2.764588558079595e-11
39,7,0.9773843811168246,0.7984242296447346,-0.02962270852298379,0.02721378431330022,-0.04073663521217396,0.5230805091901498,-0.02914614837565416,2.922136127649213,0.03405701053125781,13091.5148482155,13395.14193064785,1.452772652452295,14.74932760227518,3.421724490589558e-11,0,7.900276299040859e-18,2.764588558079595e-11
39,8,1.117010721276371,0.7995079639743974,-0.02953176926969526,0.03001779346415211,-0.04076105954061385,0.5220994955445795,-0.02233746948666537,2.922136127676859,0.03405701053125781,13091.5148482155,13395.14193064785,1.452772652452295,14.74932760227518,3.421724490589558e-11,0,7.900276299040859e-18,2.764588558079595e-11
39,9,1.256637061435917,0.8004894536672493,-0.02996600843128468,0.03226967990872874,-0.04114629256373802,0.5210873389269203,-0.0151947793363807,2.922136127651741,0.03405701053125781,13091.5148482155,13395.14193064785,1.452772652452295,14.74932760227518,3.421724490589558e-11,0,7.900276299040859e-18,2.764588558079595e-11
39,10,1.396263401595464,0.8012818712039705,-0.03084242810686058,0.03386257618371663,-0.04185711492448204,0.5201462467291599,-0.007860136471913687,2.922136127676819,0.03405701053125781,13091.5148482155,13395.14193064785,1.452772652452295,14.74932760227518,3.421724490589558e-11,0,7.900276299040859e-18,2.764588558079595e-11
39,11,1.53588974175501,0.8018250120450904,-0.03201671366099573,0.03471488767712863,-0.04278343003824541,0.5193707910534313,-0.0004675070132973023,2.922136127655655,0.03405701053125781,13091.5148482155,13395.14193064785,1.452772652452295,14.74932760227518,3.421724490589558e-11,0,7.900276299040859e-18,2.764588558079595e-11
39,12,1.675516081914556,0.8020851239384754,-0.03334543421550849,0.0347782747767669,-0.04378749537354443,0.5188333390382645,0.006861124357083445,2.922136127674783,0.03405701053125781,13091.5148482155,13395.14193064785,1.452772652452295,14.74932760227518,3.421724490589558e-11,0,7.900276299040859e-18,2.764588558079595e-11
39,13,1.815142422074103,0.8020460462149555,-0.03471019195675392,0.03403802086681097,-0.04473173430524371,0.5185825063442338,0.01401632466217414,2.922136127657721,0.03405701053125781,13091.5148482155,13395.14193064785,1.452772652452295,14.74932760227518,3.421724490589558e-11,0,7.900276299040859e-18,2.764588558079595e-11
39,14,1.954768762233649,0.8017024233175081,-0.03599694466669434,0.03251188485355436,-0.04547910892332194,0.5186500120313005,0.02089728273094253,2.922136127670128,0.03405701053125781,13091.5148482155,13395.14193064785,1.452772652452295,14.74932760227518,3.421724490589558e-11,0,7.900276299040859e-18,2.764588558079595e-11
39,15,2.094395102393195,0.8010633859968772,-0.03706704954699999,0.03025120229188746,-0.04589325632175018,0.5190533062102515,0.02740808148299966,2.922136127659231,0.03405701053125781,13091.5148482155,13395.14193064785,1.452772652452295,14.74932760227518,3.421724490589558e-11,0,7.900276299040859e-18,2.764588558079595e-11
39,16,2.234021442552742,0.8001650399686129,-0.03776474733273985,0.02734172853535443,-0.04586746230291389,0.5197842096205222,0.03345792609162766,2.922136127664884,0.03405701053125781,13091.5148482155,13395.14193064785,1.452772652452295,14.74932760227518,3.421724490589558e-11,0,7.900276299040859e-18,2.764588558079595e-11
39,17,2.373647782712288,0.7990805948951324,-0.03797018571504251,0.0238982999051194,-0.04537669007691481,0.520788949663508,0.03896190742387001,2.92213612766252,0.03405701053125781,13091.5148482155,13395.14193064785,1.452772652452295,14.74932760227518,3.421724490589558e-11,0,7.900276299040859e-18,2.764588558079595e-11
39,18,2.513274122871834,0.7979167571033035,-0.03766460065106823,0.0200502883177982,-0.0445148322917353,0.5219584214762728,0.04383602256209261,2.922136127660441,0.03405701053125781,13091.5148482155,13395.14193064785,1.452772652452295,14.74932760227518,3.421724490589558e-11,0,7.900276299040859e-18,2.764588558079595e-11
39,19,2.652900463031381,0.7967943390876128,-0.03696099857463558,0.01592151146073231,-0.04348303734790625,0.5231442458311784,0.04798663596310895,2.922136127666973,0.03405701053125781,13091.5148482155,13395.14193064785,1.452772652452295,14.74932760227518,3.421724490589558e-11,0,7.900276299040859e-18,2.764588558079595e-11
39,20,2.792526803190927,0.7958218269090819,-0.0360740445663605,0.01161348923390608,-0.04252727261983887,0.5241971622720299,0.05130273925345061,2.922136127658625,0.03405701053125781,13091.5148482155,13395.14193064785,1.452772652452295,14.74932760227518,3.421724490589558e-11,0,7.900276299040859e-18,2.764588558079595e-11
39,21,2.932153143350474,0.7950746595080167,-0.03523623303186884,0.007200577630693178,-0.04185251576561762,0.5250076854289553,0.05365982371904705,2.922136127671067,0.03405701053125781,13091.5148482155,13395.14193064785,1.452772652452295,14.74932760227518,3.421724490589558e-11,0,7.900276299040859e-18,2.764588558079595e-11
39,22,3.07177948351002,0.7945886914293409,-0.03459709922541675,0.002738519479189299,-0.04155049130416531,0.5255289802690424,0.05493702139536487,2.922136127659468,0.03405701053125781,13091.5148482155,13395.14193064785,1.452772652452295,14.74932760227518,3.421724490589558e-11,0,7.900276299040859e-18,2.764588558079595e-11
39,23,3.211405823669566,0.7943682082944702,-0.03415773635983595,-0.001721568672178845,-0.04157136637746234,0.5257745009119301,0.05504131303297047,2.922136127672101,0.03405701053125781,13091.5148482155,13395.14193064785,1.452772652452295,14.74932760227518,3.421724490589558e-11,0,7.900276299040859e-18,2.764588558079595e-11
39,24,3.351032163829113,0.7944018579467599,-0.03378212636400475,-0.006125553771673698,-0.04175303967468481,0.5257949369813374,0.05392901181373566,2.922136127659676,0.03405701053125781,13091.5148482155,13395.14193064785,1.452772652452295,14.74932760227518,3.421724490589558e-11,0,7.900276299040859e-18,2.764588558079595e-11
39,25,3.490658503988659,0.7946769023658022,-0.0332854594674712,-0.01041985256013383,-0.04189677594377639,0.5256449582868044,0.05161632336503785,2.922136127669439,0.03405701053125781,13091.5148482155,13395.14193064785,1.452772652452295,14.74932760227518,3.421724490589558e-11,0,7.900276299040859e-18,2.764588558079595e-11
39,26,3.630284844148206,0.7951839601887902,-0.03255087268809061,-0.01455913879484773,-0.04185509352055577,0.5253541784993647,0.04817633207500827,2.922136127659063,0.03405701053125781,13091.5148482155,13395.14193064785,1.452772652452295,14.74932760227518,3.421724490589558e-11,0,7.900276299040859e-18,2.764588558079595e-11
39,27,3.769911184307752,0.7959102799816955,-0.03160760477106072,-0.01850636264616328,-0.04159292540374231,0.5249177831175261,0.04372590131642463,2.922136127665952,0.03405701053125781,13091.5148482155,13395.14193064785,1.452772652452295,14.74932760227518,3.421724490589558e-11,0,7.900276299040859e-18,2.764588558079595e-11
39,28,3.909537524467298,0.7968264484790485,-0.03062912650276833,-0.02222065840205199,-0.04119825325039837,0.5243131242929345,0.03840866860370747,2.922136127660395,0.03405701053125781,13091.5148482155,13395.14193064785,1.452772652452295,14.74932760227518,3.421724490589558e-11,0,7.900276299040859e-18,2.764588558079595e-11
39,29,4.049163864626845,0.7978755331159267,-0.02985926068980877,-0.02564089358318025,-0.04084193037046163,0.5235309408191867,0.03237932530581906,2.922136127663346,0.03405701053125781,13091.5148482155,13395.14193064785,1.452772652452295,14.74932760227518,3.421724490589558e-11,0,7.900276299040859e-18,2.764588558079595e-11
39,30,4.188790204786391,0.7989726805150028,-0.02951062592379241,-0.02867756380630803,-0.04070558032086158,0.5225999707276949,0.0257926623241164,2.922136127663947,0.03405701053125781,13091.5148482155,13395.14193064785,1.452772652452295,14.74932760227518,3.421724490589558e-11,0,7.900276299040859e-18,2.764588558079595e-11
39,31,4.328416544945937,0.8000174507784611,-0.02968616833277351,-0.03121985981667032,-0.04090848411621121,0.5215909924063812,0.01879885346303245,2.922136127661616,0.03405701053125781,13091.5148482155,13395.14193064785,1.452772652452295,14.74932760227518,3.421724490589558e-11,0,7.900276299040859e-18,2.764588558079595e-11
39,32,4.468042885105484,0.8009137443369168,-0.03035736117987234,-0.03315433660647459,-0.04146670475318637,0.5206015888056582,0.01154283935830068,2.922136127668435,0.03405701053125781,13091.5148482155,13395.14193064785,1.452772652452295,14.74932760227518,3.421724490589558e-11,0,7.900276299040859e-18,2.764588558079595e-11
39,33,4.60766922526503,0.8015872460921908,-0.03140186076759657,-0.03438513352963728,-0.04230178173232957,0.5197326892587144,0.004163131996444249,2.922136127661008,0.03405701053125781,13091.5148482155,13395.14193064785,1.452772652452295,14.74932760227518,3.421724490589558e-11,0,7.900276299040859e-18,2.764588558079595e-11
39,34,4.747295565424577,0.8019917507976521,-0.03266968043242804,-0.03484688327431802,-0.04328444618523755,0.5190687844067277,-0.003211911022463444,2.922136127671433,0.03405701053125781,13091.5148482155,13395.14193064785,1.452772652452295,14.74932760227518,3.421724490589558e-11,0,7.900276299040859e-18,2.764588558079595e-11
39,35,4.886921905584122,0.8021035548244598,-0.03403010987272492,-0.03450825538218642,-0.04427557818334996,0.5186698036078641,-0.01046684593098409,2.922136127659615,0.03405701053125781,13091.5148482155,13395.14193064785,1.452772652452295,14.74932760227518,3.421724490589558e-11,0,7.900276299040859e-18,2.764588558079595e-11
39,36,5.026548245743669,0.8019121956929663,-0.03537124199459426,-0.03337079193065286,-0.04513873365328851,0.5185749836891581,-0.01749717706395012,2.922136127670974,0.03405701053125781,13091.5148482155,13395.14193064785,1.452772652452295,14.74932760227518,3.421724490589558e-11,0,7.900276299040859e-18,2.764588558079595e-11
39,37,5.166174585903216,0.8014183712892116,-0.03656885686161217,-0.03146879019513529,-0.04573577102250331,0.5188093660915346,-0.02420477081992218,2.922136127657606,0.03405701053125781,13091.5148482155,13395.14193064785,1.452772652452295,14.74932760227518,3.421724490589558e-11,0,7.900276299040859e-18,2.764588558079595e-11
39,38,5.305800926062762,0.8006429635774271,-0.03747160746006636,-0.02887094184802619,-0.04593944952866259,0.5193798819621165,-0.03049604788022005,2.922136127668582,0.03405701053125781,13091.5148482155,13395.14193064785,1.452772652452295,14.74932760227518,3.421724490589558e-11,0,7.900276299040859e-18,2.764588558079595e-11
39,39,5.445427266222308,0.7996400335702238,-0.03793316765145774,-0.02567878673259692,-0.04567726456575853,0.5202579184832659,-0.03628331032906388,2.922136127658138,0.03405701053125781,13091.5148482155,13395.14193064785,1.452772652452295,14.74932760227518,3.421724490589558e-11,0,7.900276299040859e-18,2.764588558079595e-11
39,40,5.585053606381854,0.7985010725746555,-0.03787725923884478,-0.02201676068713999,-0.04498155933089391,0.5213618270993052,-0.04148319385335487,2.92213612766534,0.03405701053125781,13091.5148482155,13395.14193064785,1.452772652452295,14.74932760227518,3.421724490589558e-11,0,7.900276299040859e-18,2.764588558079595e-11
39,41,5.724679946541401,0.7973430019799969,-0.03735073504283419,-0.01801399857319623,-0.04400487265274633,0.5225591217816673,-0.04600827265599622,2.922136127661894,0.03405701053125781,13091.5148482155,13395.14193064785,1.452772652452295,14.74932760227518,3.421724490589558e-11,0,7.900276299040859e-18,2.764588558079595e-11
39,42,5.864306286700947,0.796283699438829,-0.03652510689040653,-0.0137846670934281,-0.04298087881162125,0.5236954819606472,-0.04975661126694029,2.922136127662019,0.03405701053125781,13091.5148482155,13395.14193064785,1.452772652452295,14.74932760227518,3.421724490589558e-11,0,7.900276299040859e-18,2.764588558079595e-11
39,43,6.003932626860494,0.7954169398387033,-0.0356366358394601,-0.009416391996239637,-0.04214577893173438,0.5246372120260099,-0.05260907055361132,2.922136127668116,0.03405701053125781,13091.5148482155,13395.14193064785,1.452772652452295,14.74932760227518,3.421724490589558e-11,0,7.900276299040859e-18,2.764588558079595e-11
39,44,6.14355896702004,0.7947981886087423,-0.03488798298349681,-0.004972534086815829,-0.04165476806986768,0.5253048680122291,-0.05444016419829222,2.922136127659774,0.03405701053125781,13091.5148482155,13395.14193064785,1.452772652452295,14.74932760227518,3.421724490589558e-11,0,7.900276299040859e-18,2.764588558079595e-11
40,0,0,0.7944906478880032,-0.0353412353230066,-0.0005127794759531728,-0.0426879955123562,0.5253548112582961,-0.05556244350165836,2.922130672648302,0.03430162667743582,13185.54529480633,13494.40530220624,1.453086711835569,14.74932760227518,5.641034971328298e-11,0,4.375772205515716e-18,2.076694372021848e-11
40,1,0.1396263401595464,0.7943923574111297,-0.03496185141934356,0.003954627995613355,-0.04282271768329855,0.5254853551262808,-0.05506124879783984,2.922130672638207,0.03430162667743582,13185.54529480633,13494.40530220624,1.453086711835569,14.74932760227518,5.641034971328298e-11,0,4.375772205515716e-18,2.076694372021848e-11
40,2,0.2792526803190927,0.7945450704199801,-0.03455643941582187,0.008336836792218409,-0.04302592999927345,0.525416151830373,-0.05333188779506264,2.922130672648398,0.03430162667743582,13185.54529480633,13494.40530220624,1.453086711835569,14.74932760227518,5.641034971328298e-11,0,4.375772205515716e-18,2.076694372021848e-11
40,3,0.4188790204786391,0.7949371689537937,-0.03395429775016716,0.01258378187099174,-0.0431083214156252,0.525195339258504,-0.05041954263345502,2.922130672633518,0.03430162667743582,13185.54529480633,13494.40530220624,1.453086711835569,14.74932760227518,5.641034971328298e-11,0,4.375772205515716e-18,2.076694372021848e-11
40,4,0.5585053606381855,0.7955587572068462,-0.03310009144542504,0.01665544862986656,-0.04296756213267713,0.5248367172248474,-0.04642186647329897,2.922130672646505,0.03430162667743582,13185.54529480633,13494.40530220624,1.453086711835569,14.74932760227518,5.641034971328298e-11,0,4.375772205515716e-18,2.076694372021848e-11
40,5,0.6981317007977318,0.7963908024301212,-0.03209720451278943,0.02051570369557281,-0.04262780257859094,0.5243225960535539,-0.04147301094525515,2.92213067262991,0.03430162667743582,13185.54529480633,13494.40530220624,1.453086711835569,14.74932760227518,5.641034971328298e-11,0,4.375772205515716e-18,2.076694372021848e-11
40,6,0.8377580409572782,0.7973915858984016,-0.03116770307569395,0.02411619523856458,-0.04222517651751841,0.5236303937258279,-0.03572639179065743,2.922130672646821,0.03430162667743582,13185.54529480633,13494.40530220624,1.453086711835569,14.74932760227518,5.641034971328298e-11,0,4.375772205515716e-18,2.076694372021848e-11
40,7,0.9773843811168246,0.7984898039330434,-0.03055780893084891,0.02738210244247525,-0.04194891658190279,0.5227645332764864,-0.02934051249170895,2.922130672629585,0.03430162667743582,13185.54529480633,13494.40530220624,1.453086711835569,14.74932760227518,5.641034971328298e-11,0,4.375772205515716e-18,2.076694372021848e-11
40,8,1.117010721276371,0.7995902072687374,-0.03044013041915399,0.0302109793848273,-0.04196334286935768,0.5217732464284546,-0.02247062808641232,2.922130672648461,0.03430162667743582,13185.54529480633,13494.40530220624,1.453086711835569,14.74932760227518,5.641034971328298e-11,0,4.375772205515716e-18,2.076694372021848e-11
40,9,1.256637061435917,0.8005906090033872,-0.03085784819394979,0.03248658958980299,-0.04234460845680708,0.5207430337568311,-0.01526633993357647,2.922130672632653,0.03430162667743582,13185.54529480633,13494.40530220624,1.453086711835569,14.74932760227518,5.641034971328298e-11,0,4.375772205515716e-18,2.076694372021848e-11
40,10,1.396263401595464,0.8014021962790672,-0.03173170261385926,0.03410007576744568,-0.04306135309951765,0.5197777906421895,-0.007871335530221209,2.922130672650352,0.03430162667743582,13185.54529480633,13494.40530220624,1.453086711835569,14.74932760227518,5.641034971328298e-11,0,4.375772205515716e-18,2.076694372021848e-11
40,11,1.53588974175501,0.8019627051501007,-0.03291662343456973,0.03496783668626903,-0.04400329786705176,0.5189751682932876,-0.0004209962264051312,2.922130672636768,0.03430162667743582,13185.54529480633,13494.40530220624,1.453086711835569,14.74932760227518,5.641034971328298e-11,0,4.375772205515716e-18,2.076694372021848e-11
40,12,1.675516081914556,0.8022367431967131,-0.0342652520353837,0.03503995342784866,-0.04502908992430282,0.5184110422045696,0.006961477082107766,2.922130672649872,0.03430162667743582,13185.54529480633,13494.40530220624,1.453086711835569,14.74932760227518,5.641034971328298e-11,0,4.375772205515716e-18,2.076694372021848e-11
40,13,1.815142422074103,0.8022070347276334,-0.0356543841187385,0.03430072501700297,-0.04599592449658799,0.5181372734983428,0.01416579161023175,2.922130672637543,0.03430162667743582,13185.54529480633,13494.40530220624,1.453086711835569,14.74932760227518,5.641034971328298e-11,0,4.375772205515716e-18,2.076694372021848e-11
40,14,1.954768762233649,0.8018674169306683,-0.03696584810059934,0.03276748464818181,-0.04676149096204844,0.5181884050091702,0.02109075996275853,2.922130672645223,0.03430162667743582,13185.54529480633,13494.40530220624,1.453086711835569,14.74932760227518,5.641034971328298e-11,0,4.375772205515716e-18,2.076694372021848e-11
40,15,2.094395102393195,0.8012263646024923,-0.0380577723450222,0.03049165607288396,-0.04718497182438055,0.5185843459008058,0.02764059557908309,2.922130672636555,0.03430162667743582,13185.54529480633,13494.40530220624,1.453086711835569,14.74932760227518,5.641034971328298e-11,0,4.375772205515716e-18,2.076694372021848e-11
40,16,2.234021442552742,0.8003196588196516,-0.03877173442866891,0.02755965322865699,-0.04715668431124925,0.5193186863209187,0.03372512918659735,2.92213067264031,0.03430162667743582,13185.54529480633,13494.40530220624,1.453086711835569,14.74932760227518,5.641034971328298e-11,0,4.375772205515716e-18,2.076694372021848e-11
40,17,2.373647782712288,0.799220940482066,-0.03898589346576357,0.02408762331475391,-0.04665098544154185,0.5203378728373322,0.03926048516589368,2.922130672637751,0.03430162667743582,13185.54529480633,13494.40530220624,1.453086711835569,14.74932760227518,5.641034971328298e-11,0,4.375772205515716e-18,2.076694372021848e-11
40,18,2.513274122871834,0.7980383808577276,-0.03868076040544918,0.02020684940253525,-0.04576411853147413,0.5215307330034017,0.04416376926770725,2.922130672636984,0.03430162667743582,13185.54529480633,13494.40530220624,1.453086711835569,14.74932760227518,5.641034971328298e-11,0,4.375772205515716e-18,2.076694372021848e-11
40,19,2.652900463031381,0.796895131682043,-0.0379704626625838,0.01604336346671423,-0.04470223291420791,0.5227446926245549,0.04834194622040835,2.922130672641325,0.03430162667743582,13185.54529480633,13494.40530220624,1.453086711835569,14.74932760227518,5.641034971328298e-11,0,4.375772205515716e-18,2.076694372021848e-11
40,20,2.792526803190927,0.7959023312414765,-0.0370727288534525,0.01170070679585913,-0.04371767704707216,0.5238253482527597,0.05168355317476464,2.922130672636897,0.03430162667743582,13185.54529480633,13494.40530220624,1.453086711835569,14.74932760227518,5.641034971328298e-11,0,4.375772205515716e-18,2.076694372021848e-11
40,21,2.932153143350474,0.795137692947598,-0.03622452232654887,0.007254587689503618,-0.04302151960544198,0.5246587212589214,0.05406241009451118,2.922130672646133,0.03430162667743582,13185.54529480633,13494.40530220624,1.453086711835569,14.74932760227518,5.641034971328298e-11,0,4.375772205515716e-18,2.076694372021848e-11
40,22,3.07177948351002,0.7946384540349399,-0.03557988013007692,0.002761273308152002,-0.04270971668663089,0.5251954297943268,0.05535509610727002,2.92213067263918,0.03430162667743582,13185.54529480633,13494.40530220624,1.453086711835569,14.74932760227518,5.641034971328298e-11,0,4.375772205515716e-18,2.076694372021848e-11
40,23,3.211405823669566,0.7944092282276162,-0.03514236892344354,-0.001728154980930474,-0.04273362209132855,0.5254489096819247,0.05546582492733335,2.922130672648207,0.03430162667743582,13185.54529480633,13494.40530220624,1.453086711835569,14.74932760227518,5.641034971328298e-11,0,4.375772205515716e-18,2.076694372021848e-11
40,24,3.351032163829113,0.7944381742650224,-0.03477470282557214,-0.006159724827111464,-0.04292882267773656,0.5254720717305456,0.05434864875037169,2.92213067263886,0.03430162667743582,13185.54529480633,13494.40530220624,1.453086711835569,14.74932760227518,5.641034971328298e-11,0,4.375772205515716e-18,2.076694372021848e-11
40,25,3.490658503988659,0.7947117642409368,-0.03428704973174503,-0.01047994890415697,-0.0430913848259909,0.5253229210304224,0.05201854675071362,2.922130672645115,0.03430162667743582,13185.54529480633,13494.40530220624,1.453086711835569,14.74932760227518,5.641034971328298e-11,0,4.375772205515716e-18,2.076694372021848e-11
40,26,3.630284844148206,0.795220082947212,-0.03355587020183599,-0.01464371150794424,-0.04306738145445712,0.5250338498850619,0.0485486337251529,2.922130672636267,0.03430162667743582,13185.54529480633,13494.40530220624,1.453086711835569,14.74932760227518,5.641034971328298e-11,0,4.375772205515716e-18,2.076694372021848e-11
40,27,3.769911184307752,0.7959504143247738,-0.03260517500107936,-0.01861452769503353,-0.04281615169141726,0.5246007971246319,0.04405700967030388,2.922130672641194,0.03430162667743582,13185.54529480633,13494.40530220624,1.453086711835569,14.74932760227518,5.641034971328298e-11,0,4.375772205515716e-18,2.076694372021848e-11
40,28,3.909537524467298,0.7968738642223397,-0.03160719918703675,-0.02235238138041727,-0.04242286679809122,0.5239994182434439,0.03868950397741694,2.922130672635967,0.03430162667743582,13185.54529480633,13494.40530220624,1.453086711835569,14.74932760227518,5.641034971328298e-11,0,4.375772205515716e-18,2.076694372021848e-11
40,29,4.049163864626845,0.7979340649216735,-0.03080934875054692,-0.02579682725683005,-0.04205949662604615,0.5232172215652083,0.03260352844221921,2.922130672639409,0.03430162667743582,13185.54529480633,13494.40530220624,1.453086711835569,14.74932760227518,5.641034971328298e-11,0,4.375772205515716e-18,2.076694372021848e-11
40,30,4.188790204786391,0.7990462050395439,-0.03043147892796392,-0.02885835079389606,-0.04191247975475513,0.5222798590202787,0.02595658815196532,2.922130672638922,0.03430162667743582,13185.54529480633,13494.40530220624,1.453086711835569,14.74932760227518,5.641034971328298e-11,0,4.375772205515716e-18,2.076694372021848e-11
40,31,4.328416544945937,0.8001089846129013,-0.0305846517708656,-0.03142516795424623,-0.0421077015193462,0.5212566259730296,0.01890115336378786,2.922130672639367,0.03430162667743582,13185.54529480633,13494.40530220624,1.453086711835569,14.74932760227518,5.641034971328298e-11,0,4.375772205515716e-18,2.076694372021848e-11
40,32,4.468042885105484,0.8010245865263977,-0.03124612160907937,-0.0333820643783859,-0.04266665955583106,0.5202457989132523,0.01158397261798557,2.922130672643633,0.03430162667743582,13185.54529480633,13494.40530220624,1.453086711835569,14.74932760227518,5.641034971328298e-11,0,4.375772205515716e-18,2.076694372021848e-11
40,33,4.60766922526503,0.801716596207538,-0.03229500108580981,-0.0346311124949273,-0.04351278620129857,0.5193508069152626,0.00414506247598708,2.922130672640769,0.03430162667743582,13185.54529480633,13494.40530220624,1.453086711835569,14.74932760227518,5.641034971328298e-11,0,4.375772205515716e-18,2.076694372021848e-11
40,34,4.747295565424577,0.8021369174417303,-0.03357868970571006,-0.03510511264881956,-0.04451472604012519,0.5186595497694421,-0.003285890407384661,2.922130672646968,0.03430162667743582,13185.54529480633,13494.40530220624,1.453086711835569,14.74932760227518,5.641034971328298e-11,0,4.375772205515716e-18,2.076694372021848e-11
40,35,4.886921905584122,0.8022604828452915,-0.03496183912572953,-0.03477144855721231,-0.0455287035857118,0.5182353862075171,-0.01059238223645102,2.922130672639875,0.03430162667743582,13185.54529480633,13494.40530220624,1.453086711835569,14.74932760227518,5.641034971328298e-11,0,4.375772205515716e-18,2.076694372021848e-11
40,36,5.026548245743669,0.8020759020697413,-0.03632796603787597,-0.03363096683651518,-0.0464128745788273,0.5181205806683868,-0.01766929074445106,2.922130672645595,0.03430162667743582,13185.54529480633,13494.40530220624,1.453086711835569,14.74932760227518,5.641034971328298e-11,0,4.375772205515716e-18,2.076694372021848e-11
40,37,5.166174585903216,0.8015831425424587,-0.0375492092328946,-0.03171779562002008,-0.04702415720611135,0.5183428196648456,-0.02441836042927987,2.922130672636633,0.03430162667743582,13185.54529480633,13494.40530220624,1.453086711835569,14.74932760227518,5.641034971328298e-11,0,4.375772205515716e-18,2.076694372021848e-11
40,38,5.305800926062762,0.8008025511947224,-0.0384713023661228,-0.02910098775415236,-0.0472315000934498,0.5189112298060992,-0.03074639257605987,2.92213067264233,0.03430162667743582,13185.54529480633,13494.40530220624,1.453086711835569,14.74932760227518,5.641034971328298e-11,0,4.375772205515716e-18,2.076694372021848e-11
40,39,5.445427266222308,0.7997881881547583,-0.03894554132592559,-0.02588306224768856,-0.04696050159851466,0.5197983141150152,-0.03656654145280547,2.922130672635517,0.03430162667743582,13185.54529480633,13494.40530220624,1.453086711835569,14.74932760227518,5.641034971328298e-11,0,4.375772205515716e-18,2.076694372021848e-11
40,40,5.585053606381854,0.7986324825049695,-0.03889420392894524,-0.02219008654929364,-0.04624434888541822,0.5209215487815879,-0.04179657479621756,2.922130672639864,0.03430162667743582,13185.54529480633,13494.40530220624,1.453086711835569,14.74932760227518,5.641034971328298e-11,0,4.375772205515716e-18,2.076694372021848e-11
40,41,5.724679946541401,0.7974543070634159,-0.03836429143266148,-0.01815331121048863,-0.04523936287520101,0.5221452255434674,-0.04635000108649921,2.922130672637792,0.03430162667743582,13185.54529480633,13494.40530220624,1.453086711835569,14.74932760227518,5.641034971328298e-11,0,4.375772205515716e-18,2.076694372021848e-11
40,42,5.864306286700947,0.7963741215844399,-0.03752943396657876,-0.01388908825608863,-0.04418510944329452,0.5233101618862415,-0.05012500846202945,2.922130672638723,0.03430162667743582,13185.54529480633,13494.40530220624,1.453086711835569,14.74932760227518,5.641034971328298e-11,0,4.375772205515716e-18,2.076694372021848e-11
40,43,6.003932626860494,0.7954882453346018,-0.03662977131883918,-0.009486776612744116,-0.04332423454584798,0.5242776498568514,-0.05300138285467591,2.922130672643394,0.03430162667743582,13185.54529480633,13494.40530220624,1.453086711835569,14.74932760227518,5.641034971328298e-11,0,4.375772205515716e-18,2.076694372021848e-11
40,44,6.14355896702004,0.7948540173453239,-0.03587268001504727,-0.005010666522890864,-0.04281727468975518,0.5249646015173343,-0.0548514570531482,2.922130672639485,0.03430162667743582,13185.54529480633,13494.40530220624,1.453086711835569,14.74932760227518,5.641034971328298e-11,0,4.375772205515716e-18,2.076694372021848e-11
41,0,0,0.7945453367717953,-0.03640635202959761,-0.0005210761141122766,-0.04394498382158781,0.5249889756280387,-0.05598223465901912,2.922125212749322,0.0345439192352771,13278.68255404052,13592.58497282573,1.453400771218843,14.74932760227518,9.758223709434515e-11,0,1.043841052548837e-17,2.184208369726548e-11
41,1,0.1396263401595464,0.7944397924610825,-0.03603247598890241,0.003974618516508027,-0.04408804314205977,0.5251249777765818,-0.05548252472876779,2.922125212741537,0.0345439192352771,13278.68255404052,13592.58497282573,1.453400771218843,14.74932760227518,9.758223709434515e-11,0,1.043841052548837e-17,2.184208369726548e-11
41,2,0.2792526803190927,0.7945889490242821,-0.0356371590844821,0.008383275023188256,-0.04430871642640431,0.5250573363206563,-0.05374263120860942,2.922125212748217,0.0345439192352771,13278.68255404052,13592.58497282573,1.453400771218843,14.74932760227518,9.758223709434515e-11,0,1.043841052548837e-17,2.184208369726548e-11
41,3,0.4188790204786391,0.7949803953585324,-0.0350432081427178,0.01265492314791053,-0.04441143504623021,0.5248377996579393,-0.05080696954395281,2.922125212734908,0.0345439192352771,13278.68255404052,13592.58497282573,1.453400771218843,14.74932760227518,9.758223709434515e-11,0,1.043841052548837e-17,2.184208369726548e-11
41,4,0.5585053606381855,0.7956039381999718,-0.03418844055424553,0.01674991630433918,-0.04428720382058788,0.524482361628863,-0.04677372103966734,2.922125212743708,0.0345439192352771,13278.68255404052,13592.58497282573,1.453400771218843,14.74932760227518,9.758223709434515e-11,0,1.043841052548837e-17,2.184208369726548e-11
41,5,0.6981317007977318,0.7964408961863987,-0.03317229272856863,0.02063291942212865,-0.04395531496203756,0.523972918247819,-0.04177872318143662,2.922125212729534,0.0345439192352771,13278.68255404052,13592.58497282573,1.453400771218843,14.74932760227518,9.758223709434515e-11,0,1.043841052548837e-17,2.184208369726548e-11
41,6,0.8377580409572782,0.7974502668429007,-0.03221776488021897,0.02425653861999644,-0.04355059832709596,0.5232840707977429,-0.03597791204604388,2.922125212743046,0.0345439192352771,13278.68255404052,13592.58497282573,1.453400771218843,14.74932760227518,9.758223709434515e-11,0,1.043841052548837e-17,2.184208369726548e-11
41,7,0.9773843811168246,0.7985612500500324,-0.03157680735561549,0.02754649439403712,-0.04326518540050057,0.522416507975218,-0.02953264725514334,2.922125212729328,0.0345439192352771,13278.68255404052,13592.58497282573,1.453400771218843,14.74932760227518,9.758223709434515e-11,0,1.043841052548837e-17,2.184208369726548e-11
41,8,1.117010721276371,0.799678320628276,-0.03143044781782759,0.03039997179758796,-0.04326948955106151,0.5214156547420878,-0.02260084012994399,2.922125212745789,0.0345439192352771,13278.68255404052,13592.58497282573,1.453400771218843,14.74932760227518,9.758223709434515e-11,0,1.043841052548837e-17,2.184208369726548e-11
41,9,1.256637061435917,0.8006980056380464,-0.03182963774288102,0.03269936371843626,-0.04364631710054717,0.520367351159354,-0.01533425541734479,2.922125212733838,0.0345439192352771,13278.68255404052,13592.58497282573,1.453400771218843,14.74932760227518,9.758223709434515e-11,0,1.043841052548837e-17,2.184208369726548e-11
41,10,1.396263401595464,0.8015294668467391,-0.0326992464062309,0.03433380037931476,-0.04436848610249042,0.5193771255197392,-0.007878316788291989,2.922125212750164,0.0345439192352771,13278.68255404052,13592.58497282573,1.453400771218843,14.74932760227518,9.758223709434515e-11,0,1.043841052548837e-17,2.184208369726548e-11
41,11,1.53588974175501,0.8021082908339606,-0.03389364846787185,0.03521760621087763,-0.04532577074948919,0.5185458322048723,-0.0003699082101159478,2.922125212739784,0.0345439192352771,13278.68255404052,13592.58497282573,1.453400771218843,14.74932760227518,9.758223709434515e-11,0,1.043841052548837e-17,2.184208369726548e-11
41,12,1.675516081914556,0.8023973505152954,-0.03526158628967473,0.03529920133411483,-0.04637331052989831,0.5179530721999975,0.007066484543176781,2.92212521275117,0.0345439192352771,13278.68255404052,13592.58497282573,1.453400771218843,14.74932760227518,9.758223709434515e-11,0,1.043841052548837e-17,2.184208369726548e-11
41,13,1.815142422074103,0.8023781738987925,-0.03667503261680301,0.03456182029238974,-0.04736308825595563,0.5176541850715866,0.01431966706199781,2.922125212739745,0.0345439192352771,13278.68255404052,13592.58497282573,1.453400771218843,14.74932760227518,9.758223709434515e-11,0,1.043841052548837e-17,2.184208369726548e-11
41,14,1.954768762233649,0.8020437054002422,-0.03801170873629887,0.03302228864551243,-0.04814748503957954,0.5176867676789706,0.02128806692194595,2.922125212745138,0.0345439192352771,13278.68255404052,13592.58497282573,1.453400771218843,14.74932760227518,9.758223709434515e-11,0,1.043841052548837e-17,2.184208369726548e-11
41,15,2.094395102393195,0.8014016436416733,-0.03912651818446845,0.03073203018864364,-0.04858110059070498,0.5180734515644725,0.02787604950833085,2.922125212736011,0.0345439192352771,13278.68255404052,13592.58497282573,1.453400771218843,14.74932760227518,9.758223709434515e-11,0,1.043841052548837e-17,2.184208369726548e-11
41,16,2.234021442552742,0.8004872966484763,-0.03985824799309485,0.02777803343497081,-0.04855102508614332,0.5188098984870883,0.03399412482571683,2.922125212738625,0.0345439192352771,13278.68255404052,13592.58497282573,1.453400771218843,14.74932760227518,9.758223709434515e-11,0,1.043841052548837e-17,2.184208369726548e-11
41,17,2.373647782712288,0.7993746094722574,-0.04008275692400881,0.02427770286636917,-0.04803066668642691,0.5198430407790504,0.03955955129560344,2.922125212735513,0.0345439192352771,13278.68255404052,13592.58497282573,1.453400771218843,14.74932760227518,9.758223709434515e-11,0,1.043841052548837e-17,2.184208369726548e-11
41,18,2.513274122871834,0.7981731747738261,-0.03977943518523933,0.02036423444253068,-0.04711834686136027,0.5210597365413221,0.04449069950707205,2.922125212735294,0.0345439192352771,13278.68255404052,13592.58497282573,1.453400771218843,14.74932760227518,9.758223709434515e-11,0,1.043841052548837e-17,2.184208369726548e-11
41,19,2.652900463031381,0.7970085503767543,-0.03906321164178744,0.01616593872986438,-0.04602515374280763,0.5223030648542669,0.04869532200693007,2.922125212739136,0.0345439192352771,13278.68255404052,13592.58497282573,1.453400771218843,14.74932760227518,9.758223709434515e-11,0,1.043841052548837e-17,2.184208369726548e-11
41,20,2.792526803190927,0.7959946768306313,-0.03815478535582515,0.01178848302548853,-0.04501001825305482,0.5234131134519189,0.05206166469739839,2.922125212736828,0.0345439192352771,13278.68255404052,13592.58497282573,1.453400771218843,14.74932760227518,9.758223709434515e-11,0,1.043841052548837e-17,2.184208369726548e-11
41,21,2.932153143350474,0.7952117149532927,-0.03729577676773916,0.007309030335352421,-0.04429050567599302,0.5242709681556929,0.05446195988744695,2.922125212746161,0.0345439192352771,13278.68255404052,13592.58497282573,1.453400771218843,14.74932760227518,9.758223709434515e-11,0,1.043841052548837e-17,2.184208369726548e-11
41,22,3.07177948351002,0.7946984154021358,-0.03664513745289093,0.002784435198858881,-0.04396728857938306,0.5248243466782101,0.05577021353351133,2.922125212741523,0.0345439192352771,13278.68255404052,13592.58497282573,1.453400771218843,14.74932760227518,9.758223709434515e-11,0,1.043841052548837e-17,2.184208369726548e-11
41,23,3.211405823669566,0.7944597717865937,-0.03620936473730733,-0.001734236301286078,-0.04399332307371849,0.5250865205923246,0.05588776283686742,2.922125212749893,0.0345439192352771,13278.68255404052,13592.58497282573,1.453400771218843,14.74932760227518,9.758223709434515e-11,0,1.043841052548837e-17,2.184208369726548e-11
41,24,3.351032163829113,0.7944834253201556,-0.03585015849794606,-0.006193165690233368,-0.04420209335174107,0.5251127244867239,0.05476623906788138,2.922125212740979,0.0345439192352771,13278.68255404052,13592.58497282573,1.453400771218843,14.74932760227518,9.758223709434515e-11,0,1.043841052548837e-17,2.184208369726548e-11
41,25,3.490658503988659,0.7947549879240622,-0.03537256348951414,-0.01053894374870795,-0.04438441029719239,0.5249645892454192,0.05241922658218424,2.922125212745477,0.0345439192352771,13278.68255404052,13592.58497282573,1.453400771218843,14.74932760227518,9.758223709434515e-11,0,1.043841052548837e-17,2.184208369726548e-11
41,26,3.630284844148206,0.7952639527111661,-0.03464594109765796,-0.01472664733854126,-0.04437960426447723,0.5246776232969879,0.04891972533347441,2.92212521273563,0.0345439192352771,13278.68255404052,13592.58497282573,1.453400771218843,14.74932760227518,9.758223709434515e-11,0,1.043841052548837e-17,2.184208369726548e-11
41,27,3.769911184307752,0.795997639760784,-0.0336885468374761,-0.01872037944361098,-0.04414099025507467,0.5242487262920745,0.04438697126584429,2.922125212739571,0.0345439192352771,13278.68255404052,13592.58497282573,1.453400771218843,14.74932760227518,9.758223709434515e-11,0,1.043841052548837e-17,2.184208369726548e-11
41,28,3.909537524467298,0.7969277482437555,-0.03267098340409235,-0.02248106269250647,-0.0437504936561981,0.5236518177756385,0.03896894905049744,2.922125212733643,0.0345439192352771,13278.68255404052,13592.58497282573,1.453400771218843,14.74932760227518,9.758223709434515e-11,0,1.043841052548837e-17,2.184208369726548e-11
41,29,4.049163864626845,0.7979986001670579,-0.03184413408349338,-0.02594907803499967,-0.04338089420113206,0.5228708959597237,0.03282582915992175,2.922125212737771,0.0345439192352771,13278.68255404052,13592.58497282573,1.453400771218843,14.74932760227518,9.758223709434515e-11,0,1.043841052548837e-17,2.184208369726548e-11
41,30,4.188790204786391,0.7991255544176451,-0.03143529682580318,-0.02903503852320962,-0.04322336777025416,0.5219281321660169,0.02611793119643544,2.92212521273676,0.0345439192352771,13278.68255404052,13592.58497282573,1.453400771218843,14.74932760227518,9.758223709434515e-11,0,1.043841052548837e-17,2.184208369726548e-11
41,31,4.328416544945937,0.8002065282919473,-0.03156406806032097,-0.03162627085199642,-0.04341056960635871,0.52089100069162,0.01900014790205262,2.922125212739398,0.0345439192352771,13278.68255404052,13592.58497282573,1.453400771218843,14.74932760227518,9.758223709434515e-11,0,1.043841052548837e-17,2.184208369726548e-11
41,32,4.468042885105484,0.8011419855420283,-0.03221393346167851,-0.03360580264631408,-0.04396974383507844,0.5198583109013081,0.01162115280143435,2.922125212743257,0.0345439192352771,13278.68255404052,13592.58497282573,1.453400771218843,14.74932760227518,9.758223709434515e-11,0,1.043841052548837e-17,2.184208369726548e-11
41,33,4.60766922526503,0.8018533411888882,-0.03326576309664341,-0.03487358993246452,-0.04482650514635046,0.5189360350382979,0.00412256401540142,2.92212521274323,0.0345439192352771,13278.68255404052,13592.58497282573,1.453400771218843,14.74932760227518,9.758223709434515e-11,0,1.043841052548837e-17,2.184208369726548e-11
41,34,4.747295565424577,0.8022905112076341,-0.03456444723604258,-0.0353605228221273,-0.04584758058006812,0.518215663985039,-0.003364524408178022,2.922125212748151,0.0345439192352771,13278.68255404052,13592.58497282573,1.453400771218843,14.74932760227518,9.758223709434515e-11,0,1.043841052548837e-17,2.184208369726548e-11
41,35,4.886921905584122,0.8024269766614581,-0.03596998672577828,-0.03503261775711317,-0.04688458865370206,0.5177642181592741,-0.01072249192919132,2.922125212742871,0.0345439192352771,13278.68255404052,13592.58497282573,1.453400771218843,14.74932760227518,9.758223709434515e-11,0,1.043841052548837e-17,2.184208369726548e-11
41,36,5.026548245743669,0.8022503400095314,-0.03736132481636009,-0.03388994589859728,-0.04779027714729912,0.5176272184602549,-0.01784556443826865,2.922125212745569,0.0345439192352771,13278.68255404052,13592.58497282573,1.453400771218843,14.74932760227518,9.758223709434515e-11,0,1.043841052548837e-17,2.184208369726548e-11
41,37,5.166174585903216,0.801759737815626,-0.03860698462495735,-0.03196638103529303,-0.04841654867895122,0.5178352387966001,-0.02463537122934494,2.922125212737327,0.0345439192352771,13278.68255404052,13592.58497282573,1.453400771218843,14.74932760227518,9.758223709434515e-11,0,1.043841052548837e-17,2.184208369726548e-11
41,38,5.305800926062762,0.8009748436107041,-0.03954973309692014,-0.02933124861527574,-0.04862834965255992,0.5183998877116697,-0.03099913066846036,2.922125212740239,0.0345439192352771,13278.68255404052,13592.58497282573,1.453400771218843,14.74932760227518,9.758223709434515e-11,0,1.043841052548837e-17,2.184208369726548e-11
41,39,5.445427266222308,0.7999495709780835,-0.04003826491219352,-0.02608797430101291,-0.04834906638245635,0.5192950833361999,-0.03685092410672651,2.922125212734273,0.0345439192352771,13278.68255404052,13592.58497282573,1.453400771218843,14.74932760227518,9.758223709434515e-11,0,1.043841052548837e-17,2.184208369726548e-11
41,40,5.585053606381854,0.798777194733383,-0.03999304142932844,-0.02236422891188342,-0.04761240120498367,0.5204376250722897,-0.04210978023702937,2.922125212737349,0.0345439192352771,13278.68255404052,13592.58497282573,1.453400771218843,14.74932760227518,9.758223709434515e-11,0,1.043841052548837e-17,2.184208369726548e-11
41,41,5.724679946541401,0.7975785511136219,-0.03946083396697114,-0.01829341245130644,-0.04657827693534232,0.521688558810302,-0.04669031918733767,2.922125212735901,0.0345439192352771,13278.68255404052,13592.58497282573,1.453400771218843,14.74932760227518,9.758223709434515e-11,0,1.043841052548837e-17,2.184208369726548e-11
41,42,5.864306286700947,0.7964767963887787,-0.03861716946244697,-0.01399415140129994,-0.04549222055532934,0.5228835695169397,-0.05049103587780343,2.922125212737819,0.0345439192352771,13278.68255404052,13592.58497282573,1.453400771218843,14.74932760227518,9.758223709434515e-11,0,1.043841052548837e-17,2.184208369726548e-11
41,43,6.003932626860494,0.7955709644594742,-0.03770611541584434,-0.009557646896842848,-0.04460364040568174,0.5238785114422614,-0.05339077027945364,2.922125212742755,0.0345439192352771,13278.68255404052,13592.58497282573,1.453400771218843,14.74932760227518,9.758223709434515e-11,0,1.043841052548837e-17,2.184208369726548e-11
41,44,6.14355896702004,0.794920426592129,-0.03694007738646707,-0.005049204619674889,-0.04407887628228354,0.5245862361391583,-0.05525970643099096,2.922125212741586,0.0345439192352771,13278.68255404052,13592.58497282573,1.453400771218843,14.74932760227518,9.758223709434515e-11,0,1.043841052548837e-17,2.184208369726548e-11
42,0,0,0.794611782048025,-0.03756740607102479,-0.0005298777773679362,-0.04531588811087079,0.5245788181515353,-0.05639924208076892,2.922119748009611,0.03478381944722574,13370.90019551358,13689.60588773216,1.453714830602116,14.74932760227518,1.74744073365407e-10,0,4.344431986467306e-18,2.853361991128622e-11
42,1,0.1396263401595464,0.794498251158981,-0.03719913685457168,0.003993972675005123,-0.04546664569080447,0.5247209002538954,-0.05590154809270938,2.922119748003323,0.03478381944722574,13370.90019551358,13689.60588773216,1.453714830602116,14.74932760227518,1.74744073365407e-10,0,4.344431986467306e-18,2.853361991128622e-11
42,2,0.2792526803190927,0.7946431931006095,-0.0368147482594277,0.008428790444113354,-0.04570524454348586,0.5246550732434551,-0.05415173034557183,2.922119748007012,0.03478381944722574,13370.90019551358,13689.60588773216,1.453714830602116,14.74932760227518,1.74744073365407e-10,0,4.344431986467306e-18,2.853361991128622e-11
42,3,0.4188790204786391,0.7950333190218775,-0.03623027679874163,0.01272467473512392,-0.04582967819827719,0.5244370805239477,-0.05119325051599448,2.92211974799288,0.03478381944722574,13370.90019551358,13689.60588773216,1.453714830602116,14.74932760227518,1.74744073365407e-10,0,4.344431986467306e-18,2.853361991128622e-11
42,4,0.5585053606381855,0.7956580927383079,-0.03537612364465576,0.0168423394569043,-0.04572386731915722,0.5240854619396361,-0.04712466798116147,2.922119747997686,0.03478381944722574,13370.90019551358,13689.60588773216,1.453714830602116,14.74932760227518,1.74744073365407e-10,0,4.344431986467306e-18,2.853361991128622e-11
42,5,0.6981317007977318,0.7964992193359272,-0.03434719730325186,0.02074730403409143,-0.04540172429704136,0.5235818298143575,-0.04208341704144034,2.922119747983809,0.03478381944722574,13370.90019551358,13689.60588773216,1.453714830602116,14.74932760227518,1.74744073365407e-10,0,4.344431986467306e-18,2.853361991128622e-11
42,6,0.8377580409572782,0.7975165274629438,-0.03336709225168842,0.02439326373442393,-0.04499630791064162,0.5228977968961951,-0.03622794726687744,2.922119747995182,0.03478381944722574,13370.90019551358,13689.60588773216,1.453714830602116,14.74932760227518,1.74744073365407e-10,0,4.344431986467306e-18,2.853361991128622e-11
42,7,0.9773843811168246,0.7986398748880454,-0.03269351305293588,0.0277066474835718,-0.04470238532075052,0.5220299150707169,-0.02972255316894564,2.922119747983528,0.03478381944722574,13370.90019551358,13689.60588773216,1.453714830602116,14.74932760227518,1.74744073365407e-10,0,4.344431986467306e-18,2.853361991128622e-11
42,8,1.117010721276371,0.7997735913906402,-0.03251626621469289,0.03058441025993742,-0.04469649110687492,0.5210203507702146,-0.02272793808692763,2.922119747999687,0.03478381944722574,13370.90019551358,13689.60588773216,1.453714830602116,14.74932760227518,1.74744073365407e-10,0,4.344431986467306e-18,2.853361991128622e-11
42,9,1.256637061435917,0.8008129705819368,-0.03289460533334645,0.0329076374156195,-0.0450683681022989,0.519953968177204,-0.01539817682397369,2.922119747991012,0.03478381944722574,13370.90019551358,13689.60588773216,1.453714830602116,14.74932760227518,1.74744073365407e-10,0,4.344431986467306e-18,2.853361991128622e-11
42,10,1.396263401595464,0.801665107104691,-0.03375800018577482,0.03456342626522691,-0.0457953858893624,0.518937847894208,-0.007880556961825977,2.922119748008433,0.03478381944722574,13370.90019551358,13689.60588773216,1.453714830602116,14.74932760227518,1.74744073365407e-10,0,4.344431986467306e-18,2.853361991128622e-11
42,11,1.53588974175501,0.802263333988837,-0.03496052164596523,0.03546395127486084,-0.04676765613989893,0.5180761812129601,-0.0003135698473792195,2.922119748000841,0.03478381944722574,13370.90019551358,13689.60588773216,1.453714830602116,14.74932760227518,1.74744073365407e-10,0,4.344431986467306e-18,2.853361991128622e-11
42,12,1.675516081914556,0.8025686765480685,-0.03634705318292142,0.03555587774927465,-0.04783693909576524,0.5174525444390419,0.007176930805008082,2.922119748012062,0.03478381944722574,13370.90019551358,13689.60588773216,1.453714830602116,14.74932760227518,1.74744073365407e-10,0,4.344431986467306e-18,2.853361991128622e-11
42,13,1.815142422074103,0.8025613713240536,-0.03778471795205197,0.03482128332457661,-0.04885002788187753,0.5171260257827247,0.01447879650304161,2.922119748000148,0.03478381944722574,13370.90019551358,13689.60588773216,1.453714830602116,14.74932760227518,1.74744073365407e-10,0,4.344431986467306e-18,2.853361991128622e-11
42,14,1.954768762233649,0.8022333737367686,-0.03914714733601914,0.03327639223618102,-0.04965395986888284,0.5171375403049165,0.02149005563794957,2.922119748002967,0.03478381944722574,13370.90019551358,13689.60588773216,1.453714830602116,14.74932760227518,1.74744073365407e-10,0,4.344431986467306e-18,2.853361991128622e-11
42,15,2.094395102393195,0.8015914731551028,-0.04028603419756443,0.03097252702278855,-0.05009862017266105,0.5175127393347972,0.02811524662317618,2.922119747991743,0.03478381944722574,13370.90019551358,13689.60588773216,1.453714830602116,14.74932760227518,1.74744073365407e-10,0,4.344431986467306e-18,2.853361991128622e-11
42,16,2.234021442552742,0.8006703354692438,-0.04103724867816735,0.02799715223872439,-0.05006759018024179,0.5182497031622043,0.03426561590061432,2.922119747992756,0.03478381944722574,13370.90019551358,13689.60588773216,1.453714830602116,14.74932760227518,1.74744073365407e-10,0,4.344431986467306e-18,2.853361991128622e-11
42,17,2.373647782712288,0.7995440591129445,-0.0412740126935759,0.02446886309154416,-0.04953294226823256,0.5192961658656809,0.03985966557020064,2.922119747988514,0.03478381944722574,13370.90019551358,13689.60588773216,1.453714830602116,14.74932760227518,1.74744073365407e-10,0,4.344431986467306e-18,2.853361991128622e-11
42,18,2.513274122871834,0.7983235984127378,-0.04097414011980067,0.02052276455340481,-0.04859474736226557,0.5205371498534711,0.04481720531300198,2.922119747988549,0.03478381944722574,13370.90019551358,13689.60588773216,1.453714830602116,14.74932760227518,1.74744073365407e-10,0,4.344431986467306e-18,2.853361991128622e-11
42,19,2.652900463031381,0.7971369845859541,-0.04025297216398323,0.0162895154965383,-0.04746893119028179,0.5218112345644292,0.04904699015387369,2.922119747992665,0.03478381944722574,13370.90019551358,13689.60588773216,1.453714830602116,14.74932760227518,1.74744073365407e-10,0,4.344431986467306e-18,2.853361991128622e-11
42,20,2.792526803190927,0.796101129313761,-0.03933403170781365,0.01187702991453553,-0.04642120474837072,0.522952589492128,0.0524371676904893,2.922119747992696,0.03478381944722574,13370.90019551358,13689.60588773216,1.453714830602116,14.74932760227518,1.74744073365407e-10,0,4.344431986467306e-18,2.853361991128622e-11
42,21,2.932153143350474,0.7952988428051618,-0.03846377526391975,0.007364048116772414,-0.0456760733610793,0.5238368516236828,0.05485848836144416,2.92211974800393,0.03478381944722574,13370.90019551358,13689.60588773216,1.453714830602116,14.74932760227518,1.74744073365407e-10,0,4.344431986467306e-18,2.853361991128622e-11
42,22,3.07177948351002,0.7947705489601834,-0.03780652680691075,0.002808090637448575,-0.04533948108886186,0.5244084122848984,0.05618237192600826,2.922119748001954,0.03478381944722574,13370.90019551358,13689.60588773216,1.453714830602116,14.74932760227518,1.74744073365407e-10,0,4.344431986467306e-18,2.853361991128622e-11
42,23,3.211405823669566,0.7945216909457666,-0.03737225493887442,-0.001739765224111355,-0.04536648336660565,0.5246801862297883,0.05630716055681093,2.922119748011017,0.03478381944722574,13370.90019551358,13689.60588773216,1.453714830602116,14.74932760227518,1.74744073365407e-10,0,4.344431986467306e-18,2.853361991128622e-11
42,24,3.351032163829113,0.7945393671081628,-0.03702198314278662,-0.006225847777462722,-0.04558873981684863,0.5247098272328951,0.0551818835875782,2.922119748001501,0.03478381944722574,13370.90019551358,13689.60588773216,1.453714830602116,14.74932760227518,1.74744073365407e-10,0,4.344431986467306e-18,2.853361991128622e-11
42,25,3.490658503988659,0.7948082486509517,-0.03655556597930704,-0.01059680639404633,-0.04579177799253121,0.5245629167030719,0.0528185355808105,2.922119748003921,0.03478381944722574,13370.90019551358,13689.60588773216,1.453714830602116,14.74932760227518,1.74744073365407e-10,0,4.344431986467306e-18,2.853361991128622e-11
42,26,3.630284844148206,0.7953171647263968,-0.03583481166572926,-0.01480788792749142,-0.04580787169307399,0.5242784739312157,0.04928982993789702,2.922119747991409,0.03478381944722574,13370.90019551358,13689.60588773216,1.453714830602116,14.74932760227518,1.74744073365407e-10,0,4.344431986467306e-18,2.853361991128622e-11
42,27,3.769911184307752,0.7960534635986212,-0.03487160960075444,-0.01882380316532347,-0.04558382267394535,0.5238546196124,0.04471601603217833,2.922119747993829,0.03478381944722574,13370.90019551358,13689.60588773216,1.453714830602116,14.74932760227518,1.74744073365407e-10,0,4.344431986467306e-18,2.853361991128622e-11
42,28,3.909537524467298,0.7969895155897871,-0.03383444504512856,-0.02260650904361739,-0.04519779613564625,0.5232635172981934,0.03924718381580832,2.92211974798634,0.03478381944722574,13370.90019551358,13689.60588773216,1.453714830602116,14.74932760227518,1.74744073365407e-10,0,4.344431986467306e-18,2.853361991128622e-11
42,29,4.049163864626845,0.7980704740127709,-0.03297751581072497,-0.02609736936155202,-0.04482300005923612,0.5224853501100564,0.03304629989037079,2.922119747991311,0.03478381944722574,13370.90019551358,13689.60588773216,1.453714830602116,14.74932760227518,1.74744073365407e-10,0,4.344431986467306e-18,2.853361991128622e-11
42,30,4.188790204786391,0.799212018854927,-0.03253576802856274,-0.02920728562849612,-0.04465522554260144,0.5215383560086977,0.02627661104170117,2.922119747990164,0.03478381944722574,13370.90019551358,13689.60588773216,1.453714830602116,14.74932760227518,1.74744073365407e-10,0,4.344431986467306e-18,2.853361991128622e-11
42,31,4.328416544945937,0.8003113813503786,-0.0326378049393425,-0.03182280000919875,-0.04483406714351158,0.5204877853718398,0.01909557914199172,2.922119747995496,0.03478381944722574,13370.90019551358,13689.60588773216,1.453714830602116,14.74932760227518,1.74744073365407e-10,0,4.344431986467306e-18,2.853361991128622e-11
42,32,4.468042885105484,0.8012673104421527,-0.03327387333473765,-0.03382520171542475,-0.04539286925356939,0.5194327776420745,0.01165394174322859,2.92211974800027,0.03478381944722574,13370.90019551358,13689.60588773216,1.453714830602116,14.74932760227518,1.74744073365407e-10,0,4.344431986467306e-18,2.853361991128622e-11
42,33,4.60766922526503,0.8019989713406082,-0.03432697227191315,-0.03511227750206155,-0.04625977460672456,0.5184818840168798,0.004095034362833307,2.922119748003725,0.03478381944722574,13370.90019551358,13689.60588773216,1.453714830602116,14.74932760227518,1.74744073365407e-10,0,4.344431986467306e-18,2.853361991128622e-11
42,34,4.747295565424577,0.8024541777298492,-0.03563961642857246,-0.03561291854248741,-0.04729979867322612,0.5177303922656471,-0.003448547223603726,2.922119748008633,0.03478381944722574,13370.90019551358,13689.60588773216,1.453714830602116,14.74932760227518,1.74744073365407e-10,0,4.344431986467306e-18,2.853361991128622e-11
42,35,4.886921905584122,0.8026048546907874,-0.03706714176415063,-0.0352916800107873,-0.04836001983971777,0.5172492532410171,-0.01085799645554291,2.922119748004395,0.03478381944722574,13370.90019551358,13689.60588773216,1.453714830602116,14.74932760227518,1.74744073365407e-10,0,4.344431986467306e-18,2.853361991128622e-11
42,36,5.026548245743669,0.8024375064299971,-0.03848390893840165,-0.0341477657243769,-0.04928777107487185,0.5170875092953835,-0.01802685388451288,2.922119748004086,0.03478381944722574,13370.90019551358,13689.60588773216,1.453714830602116,14.74932760227518,1.74744073365407e-10,0,4.344431986467306e-18,2.853361991128622e-11
42,37,5.166174585903216,0.8019503272758405,-0.03975485572761433,-0.03221469769693024,-0.04992986417455801,0.5172788966300554,-0.02485663768989867,2.922119747994721,0.03478381944722574,13370.90019551358,13689.60588773216,1.453714830602116,14.74932760227518,1.74744073365407e-10,0,4.344431986467306e-18,2.853361991128622e-11
42,38,5.305800926062762,0.8011621625214661,-0.04071974329061047,-0.02956197135979576,-0.05014703957497458,0.5178378310088112,-0.03125502134756811,2.92211974799452,0.03478381944722574,13370.90019551358,13689.60588773216,1.453714830602116,14.74932760227518,1.74744073365407e-10,0,4.344431986467306e-18,2.853361991128622e-11
42,39,5.445427266222308,0.8001266100683871,-0.04122443237607171,-0.02629383219566507,-0.04986012265452941,0.5187399936974989,-0.03713709406736101,2.922119747988142,0.03478381944722574,13370.90019551358,13689.60588773216,1.453714830602116,14.74932760227518,1.74744073365407e-10,0,4.344431986467306e-18,2.853361991128622e-11
42,40,5.585053606381854,0.7989376772308823,-0.04118715181201343,-0.02253951613591696,-0.04910294893411867,0.5199017512777074,-0.04242328762425371,2.922119747990162,0.03478381944722574,13370.90019551358,13689.60588773216,1.453714830602116,14.74932760227518,1.74744073365407e-10,0,4.344431986467306e-18,2.853361991128622e-11
42,41,5.724679946541401,0.7977181668455661,-0.04065399580927863,-0.01843460612604598,-0.04803881162800476,0.5211808997550398,-0.04702953414994123,2.922119747989203,0.03478381944722574,13370.90019551358,13689.60588773216,1.453714830602116,14.74932760227518,1.74744073365407e-10,0,4.344431986467306e-18,2.853361991128622e-11
42,42,5.864306286700947,0.7965940564018624,-0.03980210259984725,-0.01410010327657973,-0.04691924629622657,0.5224076975522046,-0.05085484816611677,2.922119747992572,0.03478381944722574,13370.90019551358,13689.60588773216,1.453714830602116,14.74932760227518,1.74744073365407e-10,0,4.344431986467306e-18,2.853361991128622e-11
42,43,6.003932626860494,0.795667289781918,-0.03887948090532056,-0.009629179367462701,-0.04600075736044546,0.5234320759156981,-0.05377727975282678,2.922119747999152,0.03478381944722574,13370.90019551358,13689.60588773216,1.453714830602116,14.74932760227518,1.74744073365407e-10,0,4.344431986467306e-18,2.853361991128622e-11
42,44,6.14355896702004,0.7949994596752006,-0.03810389840329115,-0.005088260198465484,-0.04545600659544351,0.5241623337909364,-0.05566491160087297,2.922119748001354,0.03478381944722574,13370.90019551358,13689.60588773216,1.453714830602116,14.74932760227518,1.74744073365407e-10,0,4.344431986467306e-18,2.853361991128622e-11
43,0,0,0.7946924576612037,-0.0388415669689843,-0.000539263234897957,-0.04682109101528273,0.5241149936453106,-0.05681346297395943,2.92211427846481,0.03502122673654952,13462.15955752963,13785.36677110888,1.45402888998539,14.74932760227518,3.269890619037022e-10,0,1.086489161443091e-17,4.377120887966157e-11
43,1,0.1396263401595464,0.7945700695140392,-0.03847888909188862,0.00401264718440246,-0.04697865197700622,0.5242639400982075,-0.05631838153603955,2.922114278460144,0.03502122673654952,13462.15955752963,13785.36677110888,1.45402888998539,14.74932760227518,3.269890619037022e-10,0,1.086489161443091e-17,4.377120887966157e-11
43,2,0.2792526803190927,0.7947100283410433,-0.03810627947558098,0.008473350622649853,-0.04723557557893233,0.5242002404894766,-0.05455933829317754,2.922114278459969,0.03502122673654952,13462.15955752963,13785.36677110888,1.45402888998539,14.74932760227518,3.269890619037022e-10,0,1.086489161443091e-17,4.377120887966157e-11
43,3,0.4188790204786391,0.7950980663245705,-0.03753272931992162,0.01279298621835155,-0.04738324694566241,0.523984077326918,-0.05157862028693357,2.922114278442305,0.03502122673654952,13462.15955752963,13785.36677110888,1.45402888998539,14.74932760227518,3.269890619037022e-10,0,1.086489161443091e-17,4.377120887966157e-11
43,4,0.5585053606381855,0.795723242905082,-0.03668058020765732,0.01693261463676377,-0.04729803665668281,0.5236369627055245,-0.04747498400740616,2.922114278441216,0.03502122673654952,13462.15955752963,13785.36677110888,1.45402888998539,14.74932760227518,3.269890619037022e-10,0,1.086489161443091e-17,4.377120887966157e-11
43,5,0.6981317007977318,0.7965676803983441,-0.03563951996018058,0.02085866686313206,-0.04698786878575169,0.5231404066426101,-0.04238734829198201,2.922114278425392,0.03502122673654952,13462.15955752963,13785.36677110888,1.45402888998539,14.74932760227518,3.269890619037022e-10,0,1.086489161443091e-17,4.377120887966157e-11
43,6,0.8377580409572782,0.7975921658443249,-0.03463330219102593,0.0245260735025145,-0.04658346524488501,0.5224628608848523,-0.03647665895394338,2.922114278434537,0.03502122673654952,13462.15955752963,13785.36677110888,1.45402888998539,14.74932760227518,3.269890619037022e-10,0,1.086489161443091e-17,4.377120887966157e-11
43,7,0.9773843811168246,0.7987273944302918,-0.03392537249200969,0.02786216568267975,-0.04628188703986458,0.5215962849425447,-0.02991023043436175,2.922114278424637,0.03502122673654952,13462.15955752963,13785.36677110888,1.45402888998539,14.74932760227518,3.269890619037022e-10,0,1.086489161443091e-17,4.377120887966157e-11
43,8,1.117010721276371,0.7998777093355626,-0.03371470820141592,0.03076383542536435,-0.0462657884518168,0.5205790540659695,-0.02285171472530583,2.922114278442143,0.03502122673654952,13462.15955752963,13785.36677110888,1.45402888998539,14.74932760227518,3.269890619037022e-10,0,1.086489161443091e-17,4.377120887966157e-11
43,9,1.256637061435917,0.8009372405339008,-0.03406948176752898,0.03311094201536006,-0.04663215943457856,0.5194946695943439,-0.01545767093585478,2.922114278437897,0.03502122673654952,13462.15955752963,13785.36677110888,1.45402888998539,14.74932760227518,3.269890619037022e-10,0,1.086489161443091e-17,4.377120887966157e-11
43,10,1.396263401595464,0.8018109727384345,-0.03492433282749369,0.03478853274864748,-0.04736335773132194,0.5184516497157973,-0.007877404567384802,2.922114278459309,0.03502122673654952,13462.15955752963,13785.36677110888,1.45402888998539,14.74932760227518,3.269890619037022e-10,0,1.086489161443091e-17,4.377120887966157e-11
43,11,1.53588974175501,0.8024298644233241,-0.03613334480765665,0.03570654713918615,-0.04835017779266829,0.5175576663173058,-0.0002511413058405096,2.922114278456022,0.03502122673654952,13462.15955752963,13785.36677110888,1.45402888998539,14.74932760227518,3.269890619037022e-10,0,1.086489161443091e-17,4.377120887966157e-11
43,12,1.675516081914556,0.8027529580115149,-0.03753759925124761,0.03580978672146175,-0.04944116333533154,0.5169005602086143,0.007293795839604707,2.922114278468408,0.03502122673654952,13462.15955752963,13785.36677110888,1.45402888998539,14.74932760227518,3.269890619037022e-10,0,1.086489161443091e-17,4.377120887966157e-11
43,13,1.815142422074103,0.8027590856276687,-0.03899933274581062,0.0350790644364586,-0.05047795144069072,0.516543484886165,0.01464423837164928,2.922114278454856,0.03502122673654952,13462.15955752963,13785.36677110888,1.45402888998539,14.74932760227518,3.269890619037022e-10,0,1.086489161443091e-17,4.377120887966157e-11
43,14,1.954768762233649,0.8024391042372477,-0.04038810001168146,0.03352989471151554,-0.05130220287494656,0.516530979604416,0.02169779448293182,2.922114278453457,0.03502122673654952,13462.15955752963,13785.36677110888,1.45402888998539,14.74932760227518,3.269890619037022e-10,0,1.086489161443091e-17,4.377120887966157e-11
43,15,2.094395102393195,0.8017987444762651,-0.04155240963324605,0.03121338114632178,-0.05175895233928968,0.5168920555447233,0.02835919601862041,2.922114278437478,0.03502122673654952,13462.15955752963,13785.36677110888,1.45402888998539,14.74932760227518,3.269890619037022e-10,0,1.086489161443091e-17,4.377120887966157e-11
43,16,2.234021442552742,0.800871835234031,-0.04232509204048214,0.02821734752771332,-0.05172796370221428,0.5176276137450766,0.03454048705296391,2.922114278435191,0.03502122673654952,13462.15955752963,13785.36677110888,1.45402888998539,14.74932760227518,3.269890619037022e-10,0,1.086489161443091e-17,4.377120887966157e-11
43,17,2.373647782712288,0.7997324473482005,-0.0425763629249037,0.02466149697740962,-0.05117952946283096,0.5186865696124854,0.04016153373910616,2.92211427842876,0.03502122673654952,13462.15955752963,13785.36677110888,1.45402888998539,14.74932760227518,3.269890619037022e-10,0,1.086489161443091e-17,4.377120887966157e-11
43,18,2.513274122871834,0.7984928159856464,-0.04228193004713263,0.02068283208439819,-0.0502150703496158,0.5199522907539784,0.04514378111602413,2.922114278428717,0.03502122673654952,13462.15955752963,13785.36677110888,1.45402888998539,14.74932760227518,3.269890619037022e-10,0,1.086489161443091e-17,4.377120887966157e-11
43,19,2.652900463031381,0.7972835130311619,-0.04155706903983419,0.01641443594136105,-0.04905519751428242,0.5212587057769865,0.04939723511124915,2.922114278433822,0.03502122673654952,13462.15955752963,13785.36677110888,1.45402888998539,14.74932760227518,3.269890619037022e-10,0,1.086489161443091e-17,4.377120887966157e-11
43,20,2.792526803190927,0.7962246130483509,-0.04062791301269722,0.01196660933216135,-0.04797259394723991,0.5224336039837502,0.05281017551568975,2.922114278437552,0.03502122673654952,13462.15955752963,13785.36677110888,1.45402888998539,14.74932760227518,3.269890619037022e-10,0,1.086489161443091e-17,4.377120887966157e-11
43,21,2.932153143350474,0.7954018142662918,-0.03974592080766928,0.007419817449799099,-0.04719919482407612,0.5233465712903352,0.05525200529715901,2.922114278453445,0.03502122673654952,13462.15955752963,13785.36677110888,1.45402888998539,14.74932760227518,3.269890619037022e-10,0,1.086489161443091e-17,4.377120887966157e-11
43,22,3.07177948351002,0.7948574101550591,-0.03908130132277887,0.002832345221348767,-0.04684685770610818,0.5239381546921014,0.05659155502457631,2.92211427845608,0.03502122673654952,13462.15955752963,13785.36677110888,1.45402888998539,14.74932760227518,3.269890619037022e-10,0,1.086489161443091e-17,4.377120887966157e-11
43,23,3.211405823669566,0.7945973865330556,-0.03864813889817672,-0.001744683729534872,-0.04687333670856041,0.5242206577989418,0.05672404281637861,2.922114278467473,0.03502122673654952,13462.15955752963,13785.36677110888,1.45402888998539,14.74932760227518,3.269890619037022e-10,0,1.086489161443091e-17,4.377120887966157e-11
43,24,3.351032163829113,0.7946082779281401,-0.03830722184883821,-0.006257736459961232,-0.04710883023182448,0.524254237504601,0.05559568916827416,2.922114278456658,0.03502122673654952,13462.15955752963,13785.36677110888,1.45402888998539,14.74932760227518,3.269890619037022e-10,0,1.086489161443091e-17,4.377120887966157e-11
43,25,3.490658503988659,0.7948737222449016,-0.03785319242437595,-0.01065349944656476,-0.04733359322551767,0.5241087907011492,0.05321667081568058,2.922114278455452,0.03502122673654952,13462.15955752963,13785.36677110888,1.45402888998539,14.74932760227518,3.269890619037022e-10,0,1.086489161443091e-17,4.377120887966157e-11
43,26,3.630284844148206,0.7953817944849757,-0.0371398136475755,-0.01488736095520559,-0.04737250941729067,0.5238273137131734,0.04965920991206363,2.922114278437424,0.03502122673654952,13462.15955752963,13785.36677110888,1.45402888998539,14.74932760227518,3.269890619037022e-10,0,1.086489161443091e-17,4.377120887966157e-11
43,27,3.769911184307752,0.796119851917077,-0.03617189732106434,-0.01892465549086729,-0.04716530809076285,0.5234094756808432,0.04504441908195062,2.922114278436525,0.03502122673654952,13462.15955752963,13785.36677110888,1.45402888998539,14.74932760227518,3.269890619037022e-10,0,1.086489161443091e-17,4.377120887966157e-11
43,28,3.909537524467298,0.7970610177951685,-0.03511521592149526,-0.02272847747399026,-0.04678578315684825,0.522825691257333,0.03952442608282614,2.922114278426099,0.03502122673654952,13462.15955752963,13785.36677110888,1.45402888998539,14.74932760227518,3.269890619037022e-10,0,1.086489161443091e-17,4.377120887966157e-11
43,29,4.049163864626845,0.798151438132624,-0.03422704843094801,-0.02624135187341481,-0.04640709659560646,0.5220519949096059,0.03326502883232872,2.92211427843189,0.03502122673654952,13462.15955752963,13785.36677110888,1.45402888998539,14.74932760227518,3.269890619037022e-10,0,1.086489161443091e-17,4.377120887966157e-11
43,30,4.188790204786391,0.7993072927866339,-0.03375019174459858,-0.02937465849001045,-0.0462294759618599,0.5211021671719915,0.02643252825792439,2.922114278431096,0.03502122673654952,13462.15955752963,13785.36677110888,1.45402888998539,14.74932760227518,3.269890619037022e-10,0,1.086489161443091e-17,4.377120887966157e-11
43,31,4.328416544945937,0.8004252475068915,-0.03382279124210003,-0.03201428410485947,-0.04639962423955384,0.5200387508616432,0.0191871274350207,2.922114278440681,0.03502122673654952,13462.15955752963,13785.36677110888,1.45402888998539,14.74932760227518,3.269890619037022e-10,0,1.086489161443091e-17,4.377120887966157e-11
43,32,4.468042885105484,0.8014023491879816,-0.03444248205763899,-0.03403981011147503,-0.04695738929323828,0.5189609576027403,0.01168179465554812,2.922114278448474,0.03502122673654952,13462.15955752963,13785.36677110888,1.45402888998539,14.74932760227518,3.269890619037022e-10,0,1.086489161443091e-17,4.377120887966157e-11
43,33,4.60766922526503,0.8021554239381365,-0.03549485002827035,-0.03534679739617871,-0.04783385484230965,0.5179799417970622,0.004061722888359188,2.922114278457543,0.03502122673654952,13462.15955752963,13785.36677110888,1.45402888998539,14.74932760227518,3.269890619037022e-10,0,1.086489161443091e-17,4.377120887966157e-11
43,34,4.747295565424577,0.8026300474507172,-0.03682020795524496,-0.03586203634523642,-0.04889257935935068,0.5171950213816163,-0.003538875769345889,2.922114278464188,0.03502122673654952,13462.15955752963,13785.36677110888,1.45402888998539,14.74932760227518,3.269890619037022e-10,0,1.086489161443091e-17,4.377120887966157e-11
43,35,4.886921905584122,0.8027964635918754,-0.0382692118819937,-0.03554851123417525,-0.04997618778792712,0.5166813917698087,-0.01099992332604604,2.922114278460928,0.03502122673654952,13462.15955752963,13785.36677110888,1.45402888998539,14.74932760227518,3.269890619037022e-10,0,1.086489161443091e-17,4.377120887966157e-11
43,36,5.026548245743669,0.8026399724076705,-0.03971161996441496,-0.03440445174877409,-0.05092659659139179,0.5164919262641651,-0.01821423120618977,2.922114278456299,0.03502122673654952,13462.15955752963,13785.36677110888,1.45402888998539,14.74932760227518,3.269890619037022e-10,0,1.086489161443091e-17,4.377120887966157e-11
43,37,5.166174585903216,0.802157700953661,-0.04100882073480951,-0.0324629153693534,-0.05158545241493621,0.516663838817865,-0.02508320705905742,2.922114278443232,0.03502122673654952,13462.15955752963,13785.36677110888,1.45402888998539,14.74932760227518,3.269890619037022e-10,0,1.086489161443091e-17,4.377120887966157e-11
43,38,5.305800926062762,0.8013674905520296,-0.04199754221374896,-0.02979344734739277,-0.05180907227213161,0.5172147258761668,-0.0315150191754485,2.922114278438033,0.03502122673654952,13462.15955752963,13785.36677110888,1.45402888998539,14.74932760227518,3.269890619037022e-10,0,1.086489161443091e-17,4.377120887966157e-11
43,39,5.445427266222308,0.8003224249022339,-0.04252056635948994,-0.02650100815296888,-0.05151532918469443,0.5181224413258242,-0.03742585226095525,2.922114278429585,0.03502122673654952,13462.15955752963,13785.36677110888,1.45402888998539,14.74932760227518,3.269890619037022e-10,0,1.086489161443091e-17,4.377120887966157e-11
43,40,5.585053606381854,0.7991171031212567,-0.04249341843999806,-0.0227163478182261,-0.05073774241256108,0.5193032221250942,-0.04273769921219218,2.92211427843001,0.03502122673654952,13462.15955752963,13785.36677110888,1.45402888998539,14.74932760227518,3.269890619037022e-10,0,1.086489161443091e-17,4.377120887966157e-11
43,41,5.724679946541401,0.797876286238081,-0.04196098227843926,-0.01857726472757393,-0.04964267876121493,0.5206116376514393,-0.04736803284841618,2.922114278429587,0.03502122673654952,13462.15955752963,13785.36677110888,1.45402888998539,14.74932760227518,3.269890619037022e-10,0,1.086489161443091e-17,4.377120887966157e-11
43,42,5.864306286700947,0.7967289096515979,-0.04110163941701758,-0.01420724810708718,-0.04848769938042792,0.5218721996904219,-0.05121663722807985,2.922114278435557,0.03502122673654952,13462.15955752963,13785.36677110888,1.45402888998539,14.74932760227518,3.269890619037022e-10,0,1.086489161443091e-17,4.377120887966157e-11
43,43,6.003932626860494,0.7957800539280571,-0.04016731018232065,-0.009701592348059026,-0.04753675919334649,0.5229283569741797,-0.05416096327774823,2.922114278445878,0.03502122673654952,13462.15955752963,13785.36677110888,1.45402888998539,14.74932760227518,3.269890619037022e-10,0,1.086489161443091e-17,4.377120887966157e-11
43,44,6.14355896702004,0.7950937607842038,-0.03938147886812826,-0.005127971623202775,-0.046969430045578,0.5236832686408736,-0.05606705984031202,2.922114278453776,0.03502122673654952,13462.15955752963,13785.36677110888,1.45402888998539,14.74932760227518,3.269890619037022e-10,0,1.086489161443091e-17,4.377120887966157e-11
44,0,0,0.7947906336420937,-0.04025092331286192,-0.0005493304598047144,-0.04848681225007793,0.5235851651531775,-0.05722487721054783,2.922108804153109,0.03525599643359634,13552.40502907443,13879.72976305561,1.454342949368664,14.74932760227518,6.469474407020314e-10,0,9.554531645028508e-18,7.759926035078024e-11
44,1,0.1396263401595464,0.7946583381379068,-0.03989367367218485,0.004030589505493495,-0.04864994603515103,0.5237419793867931,-0.05673308459686199,2.92210880415149,0.03525599643359634,13552.40502907443,13879.72976305561,1.454342949368664,14.74932760227518,6.469474407020314e-10,0,9.554531645028508e-18,7.759926035078024e-11
44,2,0.2792526803190927,0.7947924022216135,-0.03953370989288719,0.008516917041357108,-0.04892549703316938,0.5236808040116173,-0.05496562863964712,2.922108804145216,0.03525599643359634,13552.40502907443,13879.72976305561,1.454342949368664,14.74932760227518,6.469474407020314e-10,0,9.554531645028508e-18,7.759926035078024e-11
44,3,0.4188790204786391,0.7951774573289114,-0.03897271105492804,0.01285979636521955,-0.04909808651440022,0.5234667785416809,-0.05196335802847775,2.922108804118797,0.03525599643359634,13552.40502907443,13879.72976305561,1.454342949368664,14.74932760227518,6.469474407020314e-10,0,9.554531645028508e-18,7.759926035078024e-11
44,4,0.5585053606381855,0.79580207646426,-0.03812422434220192,0.01702061309602056,-0.04903601262684882,0.5231249088722613,-0.04782500592107216,2.922108804106462,0.03525599643359634,13552.40502907443,13879.72976305561,1.454342949368664,14.74932760227518,6.469474407020314e-10,0,9.554531645028508e-18,7.759926035078024e-11
44,5,0.6981317007977318,0.7966488236850733,-0.03707188309148474,0.0209667674211726,-0.04874049520255484,0.5226368520679024,-0.04269083315637302,2.922108804084609,0.03525599643359634,13552.40502907443,13879.72976305561,1.454342949368664,14.74932760227518,6.469474407020314e-10,0,9.554531645028508e-18,7.759926035078024e-11
44,6,0.8377580409572782,0.7976795862822922,-0.03603904340152537,0.02465458991322649,-0.04833922965495703,0.5219677302027086,-0.03672424995242957,2.922108804089916,0.03525599643359634,13552.40502907443,13879.72976305561,1.454342949368664,14.74932760227518,6.469474407020314e-10,0,9.554531645028508e-18,7.759926035078024e-11
44,7,0.9773843811168246,0.79882610756932,-0.03529482741396357,0.02801254141252843,-0.04803112847223562,0.5211043907644566,-0.03009568204212755,2.922108804081858,0.03525599643359634,13552.40502907443,13879.72976305561,1.454342949368664,14.74932760227518,6.469474407020314e-10,0,9.554531645028508e-18,7.759926035078024e-11
44,8,1.117010721276371,0.7999929373972945,-0.03504781205186756,0.03093765427175537,-0.04800492244589994,0.5200807834178647,-0.02297191219738173,2.922108804103122,0.03525599643359634,13552.40502907443,13879.72976305561,1.454342949368664,14.74932760227518,6.469474407020314e-10,0,9.554531645028508e-18,7.759926035078024e-11
44,9,1.256637061435917,0.8010731344897439,-0.03537581010148723,0.03330866738127557,-0.04836518879622606,0.5189785668145284,-0.01551219305634344,2.922108804107002,0.03525599643359634,13552.40502907443,13879.72976305561,1.454342949368664,14.74932760227518,6.469474407020314e-10,0,9.554531645028508e-18,7.759926035078024e-11
44,10,1.396263401595464,0.8019695307662227,-0.03621932304486534,0.03500856601091729,-0.04909978711065804,0.5179075351771504,-0.007868036063406922,2.922108804137676,0.03525599643359634,13552.40502907443,13879.72976305561,1.454342949368664,14.74932760227518,6.469474407020314e-10,0,9.554531645028508e-18,7.759926035078024e-11
44,11,1.53588974175501,0.8026105686144699,-0.03743284778818233,0.0359449584731905,-0.05010061734339011,0.516978994166345,-0.0001815570944890544,2.922108804143227,0.03525599643359634,13552.40502907443,13879.72976305561,1.454342949368664,14.74932760227518,6.469474407020314e-10,0,9.554531645028508e-18,7.759926035078024e-11
44,12,1.675516081914556,0.8029531442163284,-0.03885374530761007,0.0360606545956042,-0.05121321483801401,0.5162853867480142,0.007418326385676568,2.922108804159457,0.03525599643359634,13552.40502907443,13879.72976305561,1.454342949368664,14.74932760227518,6.469474407020314e-10,0,9.554531645028508e-18,7.759926035078024e-11
44,13,1.815142422074103,0.8029745494267977,-0.04033931803114152,0.03533507527684673,-0.05227411067330343,0.5158943071654237,0.01481734246505943,2.922108804142779,0.03525599643359634,13552.40502907443,13879.72976305561,1.454342949368664,14.74932760227518,6.469474407020314e-10,0,9.554531645028508e-18,7.759926035078024e-11
44,14,1.954768762233649,0.8026644163610624,-0.04175505380944152,0.0337828977717086,-0.05311956197906225,0.5158542777439534,0.02191264913073549,2.922108804132899,0.03525599643359634,13552.40502907443,13879.72976305561,1.454342949368664,14.74932760227518,6.469474407020314e-10,0,9.554531645028508e-18,7.759926035078024e-11
44,15,2.094395102393195,0.8020272466015878,-0.0429463194471427,0.03145486824646523,-0.05358961360976404,0.5161980633396366,0.02860919086326507,2.922108804106729,0.03525599643359634,13552.40502907443,13879.72976305561,1.454342949368664,14.74932760227518,6.469474407020314e-10,0,9.554531645028508e-18,7.759926035078024e-11
44,16,2.234021442552742,0.8010958043691775,-0.04374278853939298,0.02843902962667795,-0.05355987017675607,0.5169298580122942,0.03481987522783803,2.922108804096922,0.03525599643359634,13552.40502907443,13879.72976305561,1.454342949368664,14.74932760227518,6.469474407020314e-10,0,9.554531645028508e-18,7.759926035078024e-11
44,17,2.373647782712288,0.7999439128662666,-0.04401126008927878,0.02485608919704894,-0.05299832763194538,0.5180002205778736,0.0404660657631843,2.922108804085665,0.03525599643359634,13552.40502907443,13879.72976305561,1.454342949368664,14.74932760227518,6.469474407020314e-10,0,9.554531645028508e-18,7.759926035078024e-11
44,18,2.513274122871834,0.7986849792213777,-0.04372471185768842,0.02084492554130097,-0.05200726543736384,0.5192911083517329,0.04547106635634823,2.922108804084728,0.03525599643359634,13552.40502907443,13879.72976305561,1.454342949368664,14.74932760227518,6.469474407020314e-10,0,9.554531645028508e-18,7.759926035078024e-11
44,19,2.652900463031381,0.7974521819474412,-0.04299776142427743,0.01654112891394196,-0.0508117603049596,0.5206316546959324,0.04974642487527525,2.922108804092036,0.03525599643359634,13552.40502907443,13879.72976305561,1.454342949368664,14.74932760227518,6.469474407020314e-10,0,9.554531645028508e-18,7.759926035078024e-11
44,20,2.792526803190927,0.7963689785637199,-0.04205885171272952,0.0120575508528879,-0.0496916496301308,0.5218427429442904,0.05318083212984655,2.922108804102722,0.03525599643359634,13552.40502907443,13879.72976305561,1.454342949368664,14.74932760227518,6.469474407020314e-10,0,9.554531645028508e-18,7.759926035078024e-11
44,21,2.932153143350474,0.7955242406795079,-0.0411645918431278,0.007476560503652322,-0.04888684585323926,0.5227871926384129,0.05564251571744042,2.922108804128646,0.03525599643359634,13552.40502907443,13879.72976305561,1.454342949368664,14.74932760227518,6.469474407020314e-10,0,9.554531645028508e-18,7.759926035078024e-11
44,22,3.07177948351002,0.7949623747936154,-0.04049165490327235,0.00285733118066617,-0.0485158715894664,0.523401069015639,0.05699772821192597,2.922108804141196,0.03525599643359634,13552.40502907443,13879.72976305561,1.454342949368664,14.74932760227518,6.469474407020314e-10,0,9.554531645028508e-18,7.759926035078024e-11
44,23,3.211405823669566,0.7946900335067898,-0.0400590156090496,-0.001748920397221286,-0.04853990889802575,0.5236957273784636,0.05713842240463114,2.922108804158377,0.03525599643359634,13552.40502907443,13879.72976305561,1.454342949368664,14.74932760227518,6.469474407020314e-10,0,9.554531645028508e-18,7.759926035078024e-11
44,24,3.351032163829113,0.7946931733719229,-0.0397278000713682,-0.006288790316663005,-0.04878816771720171,0.5237338926471666,0.05600777075752333,2.922108804145542,0.03525599643359634,13552.40502907443,13879.72976305561,1.454342949368664,14.74932760227518,6.469474407020314e-10,0,9.554531645028508e-18,7.759926035078024e-11
44,25,3.490658503988659,0.7949542919939108,-0.03928747636888785,-0.01070897817425233,-0.04903569261137395,0.5235901900963235,0.05361386234065267,2.922108804136941,0.03525599643359634,13552.40502907443,13879.72976305561,1.454342949368664,14.74932760227518,6.469474407020314e-10,0,9.554531645028508e-18,7.759926035078024e-11
44,26,3.630284844148206,0.795460597366727,-0.03858322519802578,-0.01496497735284171,-0.04909962161894718,0.5233121496565448,0.05002818141269739,2.922108804107716,0.03525599643359634,13552.40502907443,13879.72976305561,1.454342949368664,14.74932760227518,6.469474407020314e-10,0,9.554531645028508e-18,7.759926035078024e-11
44,27,3.769911184307752,0.7961994217245464,-0.03761194454812347,-0.01902275662845356,-0.04891196674683922,0.5229014039393888,0.04537251806928867,2.922108804098716,0.03525599643359634,13552.40502907443,13879.72976305561,1.454342949368664,14.74932760227518,6.469474407020314e-10,0,9.554531645028508e-18,7.759926035078024e-11
44,28,3.909537524467298,0.797144727052876,-0.0365359595730756,-0.02284666008949536,-0.04854141925560664,0.5223266644560259,0.03980094710624928,2.922108804082285,0.03525599643359634,13552.40502907443,13879.72976305561,1.454342949368664,14.74932760227518,6.469474407020314e-10,0,9.554531645028508e-18,7.759926035078024e-11
44,29,4.049163864626845,0.7982438375173604,-0.0356153060830573,-0.02638057939282942,-0.0481605035254537,0.5215594514494649,0.03348212847679694,2.922108804088411,0.03525599643359634,13552.40502907443,13879.72976305561,1.454342949368664,14.74932760227518,6.469474407020314e-10,0,9.554531645028508e-18,7.759926035078024e-11
44,30,4.188790204786391,0.7994136465721594,-0.03510082708472495,-0.02953659936395819,-0.04797363006031876,0.5206084757161649,0.02658556093779291,2.922108804089101,0.03525599643359634,13552.40502907443,13879.72976305561,1.454342949368664,14.74932760227518,6.469474407020314e-10,0,9.554531645028508e-18,7.759926035078024e-11
44,31,4.328416544945937,0.8005504056531276,-0.03514082111413776,-0.03220011223842513,-0.04813477418799789,0.5195329856674554,0.01927439253155079,2.922108804106055,0.03525599643359634,13552.40502907443,13879.72976305561,1.454342949368664,14.74932760227518,6.469474407020314e-10,0,9.554531645028508e-18,7.759926035078024e-11
44,32,4.468042885105484,0.8015494842141263,-0.03574105999679891,-0.03424903708886925,-0.04869074883793437,0.5184319341850895,0.01170402448269149,2.922108804121391,0.03525599643359634,13552.40502907443,13879.72976305561,1.454342949368664,14.74932760227518,6.469474407020314e-10,0,9.554531645028508e-18,7.759926035078024e-11
44,33,4.60766922526503,0.8023252685651452,-0.03679028338610241,-0.03557664838270095,-0.04957607467013983,0.5174190851289925,0.004021678853058041,2.922108804141359,0.03525599643359634,13552.40502907443,13879.72976305561,1.454342949368664,14.74932760227518,6.469474407020314e-10,0,9.554531645028508e-18,7.759926035078024e-11
44,34,4.747295565424577,0.8028209344719111,-0.0381268299852897,-0.03610751759379711,-0.05065317099001083,0.516598052292125,-0.003636675010781387,2.922108804153516,0.03525599643359634,13552.40502907443,13879.72976305561,1.454342949368664,14.74932760227518,6.469474407020314e-10,0,9.554531645028508e-18,7.759926035078024e-11
44,35,4.886921905584122,0.8030048928821298,-0.03959666263428153,-0.03580292864101875,-0.05176032495520824,0.5160486466609647,-0.01114958135746864,2.922108804151827,0.03525599643359634,13552.40502907443,13879.72976305561,1.454342949368664,14.74932760227518,6.469474407020314e-10,0,9.554531645028508e-18,7.759926035078024e-11
44,36,5.026548245743669,0.8028611146119704,-0.04106490549198692,-0.03466001127676057,-0.05273404388163348,0.5158279384695722,-0.01840906526978771,2.922108804139942,0.03525599643359634,13552.40502907443,13879.72976305561,1.454342949368664,14.74932760227518,6.469474407020314e-10,0,9.554531645028508e-18,7.759926035078024e-11
44,37,5.166174585903216,0.8023855169932992,-0.04238944177928023,-0.03271122618259295,-0.0534107376598386,0.515976986184156,-0.02531641964433617,2.922108804117936,0.03525599643359634,13552.40502907443,13879.72976305561,1.454342949368664,14.74932760227518,6.469474407020314e-10,0,9.554531645028508e-18,7.759926035078024e-11
44,38,5.305800926062762,0.8015947351432599,-0.04340395528808394,-0.03002602595919923,-0.0536420669950869,0.5165170009561441,-0.03178034912268345,2.922108804102731,0.03525599643359634,13552.40502907443,13879.72976305561,1.454342949368664,14.74932760227518,6.469474407020314e-10,0,9.554531645028508e-18,7.759926035078024e-11
44,39,5.445427266222308,0.8005411024250837,-0.04394788992074704,-0.0267099581965366,-0.05334250784529456,0.5174284974410772,-0.03771822968552918,2.922108804088738,0.03525599643359634,13552.40502907443,13879.72976305561,1.454342949368664,14.74932760227518,6.469474407020314e-10,0,9.554531645028508e-18,7.759926035078024e-11
44,40,5.585053606381854,0.7993196330883171,-0.04393352668934924,-0.02289521936571207,-0.05254472700833236,0.5186279643794669,-0.04305379278227358,2.922108804085978,0.03525599643359634,13552.40502907443,13879.72976305561,1.454342949368664,14.74932760227518,6.469474407020314e-10,0,9.554531645028508e-18,7.759926035078024e-11
44,41,5.724679946541401,0.7980570219336576,-0.04340389575206186,-0.01872185370890836,-0.05141778311128582,0.5199668067842261,-0.04770631604196673,2.922108804086125,0.03525599643359634,13552.40502907443,13879.72976305561,1.454342949368664,14.74932760227518,6.469474407020314e-10,0,9.554531645028508e-18,7.759926035078024e-11
44,42,5.864306286700947,0.796885313109934,-0.04253814746064432,-0.01431596810629515,-0.05022523863814105,0.5212634405566712,-0.05157665031925301,2.922108804096891,0.03525599643359634,13552.40502907443,13879.72976305561,1.454342949368664,14.74932760227518,6.469474407020314e-10,0,9.554531645028508e-18,7.759926035078024e-11
44,43,6.003932626860494,0.7959129901155195,-0.04159202740737733,-0.009775160841007739,-0.04923887780831451,0.5223541795210996,-0.05454188318145748,2.922108804115482,0.03525599643359634,13552.40502907443,13879.72976305561,1.454342949368664,14.74932760227518,6.469474407020314e-10,0,9.554531645028508e-18,7.759926035078024e-11
44,44,6.14355896702004,0.795206820570299,-0.0407951152943109,-0.005168512841616115,-0.04864585731033429,0.5231363336844991,-0.05646612412482824,2.922108804134674,0.03525599643359634,13552.40502907443,13879.72976305561,1.454342949368664,14.74932760227518,6.469474407020314e-10,0,9.554531645028508e-18,7.759926035078024e-11
46,0,0,0.7949963933122994,-0.04287127683008937,-0.0005672198914964409,-0.05158565952131099,0.5225529107382514,-0.05787975363646179,2.922100000581285,0.03562705648181454,13695.04051160951,14027.88862307368,1.454847435952255,14.74932760227518,9.526019496914189e-13,0,5.688885031996695e-18,1.100275426324515e-11
46,1,0.1396263401595464,0.7948453746900932,-0.04252189294609862,0.004057742849755639,-0.05175399364788741,0.5227252443698281,-0.0573949067953434,2.922100000578822,0.03562705648181454,13695.04051160951,14027.88862307368,1.454847435952255,14.74932760227518,9.526019496914189e-13,0,5.688885031996695e-18,1.100275426324515e-11
46,2,0.2792526803190927,0.7949675789089028,-0.04218407222080448,0.008584734951397036,-0.05205970280466198,0.5226692588382107,-0.0556160132041936,2.922100000582245,0.03562705648181454,13695.04051160951,14027.88862307368,1.454847435952255,14.74932760227518,9.526019496914189e-13,0,5.688885031996695e-18,1.100275426324515e-11
46,3,0.4188790204786391,0.7953455479916484,-0.04164723996629138,0.01296381851298766,-0.05227628577025683,0.5224593753968265,-0.0525809172801129,2.922100000577768,0.03562705648181454,13695.04051160951,14027.88862307368,1.454847435952255,14.74932760227518,9.526019496914189e-13,0,5.688885031996695e-18,1.100275426324515e-11
46,4,0.5585053606381855,0.7959668306713247,-0.0408089944062816,0.01715682751865256,-0.05225781153111377,0.5221276265291314,-0.04838772089152514,2.922100000583319,0.03562705648181454,13695.04051160951,14027.88862307368,1.454847435952255,14.74932760227518,9.526019496914189e-13,0,5.688885031996695e-18,1.100275426324515e-11
46,5,0.6981317007977318,0.7968147252410719,-0.03974103732773956,0.02113283809819929,-0.05199289035927778,0.5216566732369435,-0.04317843786491783,2.922100000576442,0.03562705648181454,13695.04051160951,14027.88862307368,1.454847435952255,14.74932760227518,9.526019496914189e-13,0,5.688885031996695e-18,1.100275426324515e-11
46,6,0.8377580409572782,0.7978532250732159,-0.03866451003901487,0.0248508315253325,-0.05160250602375707,0.5210059742682379,-0.03712031514389987,2.922100000584595,0.03562705648181454,13695.04051160951,14027.88862307368,1.454847435952255,14.74932760227518,9.526019496914189e-13,0,5.688885031996695e-18,1.100275426324515e-11
46,7,0.9773843811168246,0.7990162971884924,-0.0378573291311191,0.02824167000639928,-0.05128727604267278,0.5201528844501733,-0.0303889805844555,2.922100000575172,0.03562705648181454,13695.04051160951,14027.88862307368,1.454847435952255,14.74932760227518,9.526019496914189e-13,0,5.688885031996695e-18,1.100275426324515e-11
46,8,1.117010721276371,0.800209343611098,-0.03754448804309213,0.03120315890066094,-0.05124544217765416,0.5191225831578826,-0.02315670644108623,2.922100000585578,0.03562705648181454,13695.04051160951,14027.88862307368,1.454847435952255,14.74932760227518,9.526019496914189e-13,0,5.688885031996695e-18,1.100275426324515e-11
46,9,1.256637061435917,0.8013239753853055,-0.03782112649000785,0.03361254360428398,-0.05159455629034104,0.5179924447578426,-0.01558762508835678,2.922100000574673,0.03562705648181454,13695.04051160951,14027.88862307368,1.454847435952255,14.74932760227518,9.526019496914189e-13,0,5.688885031996695e-18,1.100275426324515e-11
46,10,1.396263401595464,0.8022594834527391,-0.03863901450126037,0.03534949393320915,-0.05233263262573807,0.5168737999199332,-0.007837300329628904,2.922100000585675,0.03562705648181454,13695.04051160951,14027.88862307368,1.454847435952255,14.74932760227518,9.526019496914189e-13,0,5.688885031996695e-18,1.100275426324515e-11
46,11,1.53588974175501,0.8029399093493664,-0.03985444498181832,0.03631763816662645,-0.05335449006303951,0.5158841260461379,-5.130939273360304e-05,2.922100000575101,0.03562705648181454,13695.04051160951,14027.88862307368,1.454847435952255,14.74932760227518,9.526019496914189e-13,0,5.688885031996695e-18,1.100275426324515e-11
46,12,1.675516081914556,0.8033182679739208,-0.04129906992328461,0.03645625732683926,-0.05450142899582575,0.5151241174724892,0.007638525768887606,2.922100000585098,0.03562705648181454,13695.04051160951,14027.88862307368,1.454847435952255,14.74932760227518,9.526019496914189e-13,0,5.688885031996695e-18,1.100275426324515e-11
46,13,1.815142422074103,0.8033690153336305,-0.04282214006089441,0.03574220487510373,-0.05560194813352136,0.5146694817553176,0.01511592600084282,2.922100000575912,0.03562705648181454,13695.04051160951,14027.88862307368,1.454847435952255,14.74932760227518,9.526019496914189e-13,0,5.688885031996695e-18,1.100275426324515e-11
46,14,1.954768762233649,0.8030794947934652,-0.04428262109822609,0.03418848419631326,-0.05648359468721888,0.5145760659041274,0.02227723115948846,2.922100000584119,0.03562705648181454,13695.04051160951,14027.88862307368,1.454847435952255,14.74932760227518,9.526019496914189e-13,0,5.688885031996695e-18,1.100275426324515e-11
46,15,2.094395102393195,0.802451809364965,-0.04552097754728698,0.03184490883977925,-0.05697810198400947,0.5148836639638507,0.02902776134712541,2.922100000577059,0.03562705648181454,13695.04051160951,14027.88862307368,1.454847435952255,14.74932760227518,9.526019496914189e-13,0,5.688885031996695e-18,1.100275426324515e-11
46,16,2.234021442552742,0.801516428626238,-0.04636159400673645,0.02879950314231646,-0.056953577127729,0.5156029782252817,0.03528196183800331,2.922100000582519,0.03562705648181454,13695.04051160951,14027.88862307368,1.454847435952255,14.74932760227518,9.526019496914189e-13,0,5.688885031996695e-18,1.100275426324515e-11
46,17,2.373647782712288,0.8003461850915797,-0.04666479455584158,0.02517429906800283,-0.05637300750735525,0.5166884551425588,0.04096391947145888,2.922100000578907,0.03562705648181454,13695.04051160951,14027.88862307368,1.454847435952255,14.74932760227518,9.526019496914189e-13,0,5.688885031996695e-18,1.100275426324515e-11
46,18,2.513274122871834,0.799056040917883,-0.04639755802620044,0.0211111057164951,-0.05533871528192386,0.5180205277369961,0.04600047788979956,2.922100000580246,0.03562705648181454,13695.04051160951,14027.88862307368,1.454847435952255,14.74932760227518,9.526019496914189e-13,0,5.688885031996695e-18,1.100275426324515e-11
46,19,2.652900463031381,0.7977834880759989,-0.04567182047599268,0.0167497327011322,-0.05408225288095417,0.519420369727724,0.05030641061747783,2.922100000581336,0.03562705648181454,13695.04051160951,14027.88862307368,1.454847435952255,14.74932760227518,9.526019496914189e-13,0,5.688885031996695e-18,1.100275426324515e-11
46,20,2.792526803190927,0.7966579680464639,-0.04471880616800702,0.01220754737395897,-0.05289528517884952,0.5206964756043322,0.0537718153402466,2.922100000577896,0.03562705648181454,13695.04051160951,14027.88862307368,1.454847435952255,14.74932760227518,9.526019496914189e-13,0,5.688885031996695e-18,1.100275426324515e-11
46,21,2.932153143350474,0.7957742021593885,-0.04380362891041856,0.007570455703455487,-0.05203186308586187,0.521698926101319,0.05626352358070168,2.922100000583438,0.03562705648181454,13695.04051160951,14027.88862307368,1.454847435952255,14.74932760227518,9.526019496914189e-13,0,5.688885031996695e-18,1.100275426324515e-11
46,22,3.07177948351002,0.7951806613128323,-0.04311476240131175,0.002899405024947263,-0.0516231452952895,0.5223548441159628,0.05764372515334978,2.922100000576402,0.03562705648181454,13695.04051160951,14027.88862307368,1.454847435952255,14.74932760227518,9.526019496914189e-13,0,5.688885031996695e-18,1.100275426324515e-11
46,23,3.211405823669566,0.7948854389317548,-0.04268108189441314,-0.001754098240156087,-0.05163777824663045,0.522673058405371,0.05779879757302518,2.922100000584567,0.03562705648181454,13695.04051160951,14027.88862307368,1.454847435952255,14.74932760227518,9.526019496914189e-13,0,5.688885031996695e-18,1.100275426324515e-11
46,24,3.351032163829113,0.7948735628251393,-0.04236589877474546,-0.006336829568031764,-0.05190474464748109,0.5227204678112733,0.05666641289992252,2.92210000057574,0.03562705648181454,13695.04051160951,14027.88862307368,1.454847435952255,14.74932760227518,9.526019496914189e-13,0,5.688885031996695e-18,1.100275426324515e-11
46,25,3.490658503988659,0.7951254311102772,-0.04195067030416352,-0.01079545134652122,-0.05219103653512996,0.522580299683739,0.05425060447233006,2.922100000585,0.03562705648181454,13695.04051160951,14027.88862307368,1.454847435952255,14.74932760227518,9.526019496914189e-13,0,5.688885031996695e-18,1.100275426324515e-11
46,26,3.630284844148206,0.7956265472049264,-0.0412655403184055,-0.01508552409574166,-0.0523005514704685,0.5223088293396155,0.05062101530539959,2.92210000057542,0.03562705648181454,13695.04051160951,14027.88862307368,1.454847435952255,14.74932760227518,9.526019496914189e-13,0,5.688885031996695e-18,1.100275426324515e-11
46,27,3.769911184307752,0.7963640779877693,-0.04029254418462971,-0.0191740373023747,-0.05215128836197656,0.5219120169881903,0.04590001419408009,2.922100000585015,0.03562705648181454,13695.04051160951,14027.88862307368,1.454847435952255,14.74932760227518,9.526019496914189e-13,0,5.688885031996695e-18,1.100275426324515e-11
46,28,3.909537524467298,0.7973135190218765,-0.03918646891169127,-0.02302760302462181,-0.05180182143590881,0.5213560869902889,0.04024453083277291,2.922100000575519,0.03562705648181454,13695.04051160951,14027.88862307368,1.454847435952255,14.74932760227518,9.526019496914189e-13,0,5.688885031996695e-18,1.100275426324515e-11
46,29,4.049163864626845,0.7984245491096383,-0.03821078448089864,-0.02659282577877478,-0.0514220214365736,0.5206044605888183,0.03382786421301882,2.922100000584468,0.03562705648181454,13695.04051160951,14027.88862307368,1.454847435952255,14.74932760227518,9.526019496914189e-13,0,5.688885031996695e-18,1.100275426324515e-11
46,30,4.188790204786391,0.7996157690396699,-0.03762962184399957,-0.029783520204403,-0.05122222381029003,0.5196561426743055,0.02682499902096198,2.922100000576464,0.03562705648181454,13695.04051160951,14027.88862307368,1.454847435952255,14.74932760227518,9.526019496914189e-13,0,5.688885031996695e-18,1.100275426324515e-11
46,31,4.328416544945937,0.8007831851347795,-0.03760909709268363,-0.03248472953822192,-0.05136838687802685,0.5185635149734876,0.01940434245510296,2.922100000583154,0.03562705648181454,13695.04051160951,14027.88862307368,1.454847435952255,14.74932760227518,9.526019496914189e-13,0,5.688885031996695e-18,1.100275426324515e-11
46,32,4.468042885105484,0.8018195695832736,-0.03817001048169728,-0.03457185249749219,-0.0519196520446663,0.5174241626189063,0.01172574586046942,2.92210000057806,0.03562705648181454,13695.04051160951,14027.88862307368,1.454847435952255,14.74932760227518,9.526019496914189e-13,0,5.688885031996695e-18,1.100275426324515e-11
46,33,4.60766922526503,0.8026351475450969,-0.03920772284870814,-0.03593435538855915,-0.05281736880546645,0.5163559745518198,0.003940157679862873,2.92210000058167,0.03562705648181454,13695.04051160951,14027.88862307368,1.454847435952255,14.74932760227518,9.526019496914189e-13,0,5.688885031996695e-18,1.100275426324515e-11
46,34,4.747295565424577,0.8031688169806679,-0.04055807369634733,-0.03649294647001479,-0.05392300905159137,0.5154701153546594,-0.003813244964239295,2.922100000579497,0.03562705648181454,13695.04051160951,14027.88862307368,1.454847435952255,14.74932760227518,9.526019496914189e-13,0,5.688885031996695e-18,1.100275426324515e-11
46,35,4.886921905584122,0.8033856387491174,-0.04205947773711959,-0.03620584209332314,-0.05506824098773778,0.5148547714509659,-0.01141049891903072,2.922100000580578,0.03562705648181454,13695.04051160951,14027.88862307368,1.454847435952255,14.74932760227518,9.526019496914189e-13,0,5.688885031996695e-18,1.100275426324515e-11
46,36,5.026548245743669,0.8032671219077299,-0.04356951644254229,-0.03506807874851411,-0.05608093807303959,0.5145747082527367,-0.01874219971321971,2.922100000580409,0.03562705648181454,13695.04051160951,14027.88862307368,1.454847435952255,14.74932760227518,9.526019496914189e-13,0,5.688885031996695e-18,1.100275426324515e-11
46,37,5.166174585903216,0.8028068852159669,-0.04494056106619529,-0.03311081723345941,-0.05678896468309962,0.5146780960197077,-0.02570942894070612,2.922100000579804,0.03562705648181454,13695.04051160951,14027.88862307368,1.454847435952255,14.74932760227518,9.526019496914189e-13,0,5.688885031996695e-18,1.100275426324515e-11
46,38,5.305800926062762,0.8020191164794721,-0.04600144061286851,-0.03040298945948571,-0.05703597094400842,0.5151930582551952,-0.03222184340115686,2.922100000580891,0.03562705648181454,13695.04051160951,14027.88862307368,1.454847435952255,14.74932760227518,9.526019496914189e-13,0,5.688885031996695e-18,1.100275426324515e-11
46,39,5.445427266222308,0.8009543241285165,-0.04658565591888485,-0.02705074125994594,-0.05672987478577581,0.5161056677492645,-0.03819895682411197,2.922100000579385,0.03562705648181454,13695.04051160951,14027.88862307368,1.454847435952255,14.74932760227518,9.526019496914189e-13,0,5.688885031996695e-18,1.100275426324515e-11
46,40,5.585053606381854,0.7997076952712998,-0.04659892175473303,-0.02318839291390365,-0.05590056305016183,0.5173338881214629,-0.04356772472742342,2.922100000581004,0.03562705648181454,13695.04051160951,14027.88862307368,1.454847435952255,14.74932760227518,9.526019496914189e-13,0,5.688885031996695e-18,1.100275426324515e-11
46,41,5.724679946541401,0.7984089193055113,-0.04607957923080956,-0.01895964850280192,-0.05472032732835467,0.5187243230938712,-0.04825099081805644,2.92210000057947,0.03562705648181454,13695.04051160951,14027.88862307368,1.454847435952255,14.74932760227518,9.526019496914189e-13,0,5.688885031996695e-18,1.100275426324515e-11
46,42,5.864306286700947,0.7971953902126243,-0.04520665793828211,-0.01449513947068844,-0.05346216720675395,0.5200847901964348,-0.05215209908339458,2.922100000580579,0.03562705648181454,13695.04051160951,14027.88862307368,1.454847435952255,14.74932760227518,9.526019496914189e-13,0,5.688885031996695e-18,1.100275426324515e-11
46,43,6.003932626860494,0.7961817437405783,-0.04424166492729029,-0.009896638951803594,-0.05241130372501375,0.5212384784192868,-0.05514820144257541,2.922100000580244,0.03562705648181454,13695.04051160951,14027.88862307368,1.454847435952255,14.74932760227518,9.526019496914189e-13,0,5.688885031996695e-18,1.100275426324515e-11
46,44,6.14355896702004,0.7954398714209913,-0.04342482653406263,-0.005235920055513863,-0.05176876741329754,0.5220714069724027,-0.05710058718774147,2.922100000579727,0.03562705648181454,13695.04051160951,14027.88862307368,1.454847435952255,14.74932760227518,9.526019496914189e-13,0,5.688885031996695e-18,1.100275426324515e-11
50,0,0,0.7957931365750927,-0.05088843586618097,-0.0006161508427201905,-0.06107774568971943,0.5190096641172883,-0.05923675910188687,2.922081362108803,0.03637798814811193,13983.69864413423,14319.7292541397,1.455913246285033,14.74932760227518,1.862741101516468e-11,0,-8.012931681025681e-18,1.358824164299222e-11
50,1,0.1396263401595464,0.7955824303952866,-0.05054521628963671,0.00410631213745069,-0.06122526430435177,0.5192384321301725,-0.05877623890370765,2.922081362112508,0.03637798814811193,13983.69864413423,14319.7292541397,1.455913246285033,14.74932760227518,1.862741101516468e-11,0,-8.012931681025681e-18,1.358824164299222e-11
50,2,0.2792526803190927,0.7956629565113059,-0.05026121873573271,0.008717931316331711,-0.0615891844040037,0.5192032523880745,-0.05698642339180732,2.922081362109524,0.03637798814811193,13983.69864413423,14319.7292541397,1.455913246285033,14.74932760227518,1.862741101516468e-11,0,-8.012931681025681e-18,1.358824164299222e-11
50,3,0.4188790204786391,0.7960107217900826,-0.04979895347760035,0.01316801030309255,-0.06191962141723507,0.5190063689223985,-0.05389410521028973,2.922081362112057,0.03637798814811193,13983.69864413423,14319.7292541397,1.455913246285033,14.74932760227518,1.862741101516468e-11,0,-8.012931681025681e-18,1.358824164299222e-11
50,4,0.5585053606381855,0.796609169288109,-0.04901146363343742,0.01741865601761339,-0.06203347711549557,0.5187046820704303,-0.04959186177918946,2.922081362110335,0.03637798814811193,13983.69864413423,14319.7292541397,1.455913246285033,14.74932760227518,1.862741101516468e-11,0,-8.012931681025681e-18,1.358824164299222e-11
50,5,0.6981317007977318,0.7974428287542293,-0.04793028385895409,0.02144290250801328,-0.06188092092836488,0.5182896010221768,-0.04422234065168591,2.922081362111138,0.03637798814811193,13983.69864413423,14319.7292541397,1.455913246285033,14.74932760227518,1.862741101516468e-11,0,-8.012931681025681e-18,1.358824164299222e-11
50,6,0.8377580409572782,0.7984819879215438,-0.04675994627750089,0.02520766452738453,-0.06155596331162057,0.5177082304425291,-0.03795956612742289,2.922081362111741,0.03637798814811193,13983.69864413423,14319.7292541397,1.455913246285033,14.74932760227518,1.862741101516468e-11,0,-8.012931681025681e-18,1.358824164299222e-11
50,7,0.9773843811168246,0.7996687525598212,-0.04579293031869433,0.02865270298597718,-0.06125307307971112,0.5169104430054497,-0.03099102212834482,2.922081362109583,0.03637798814811193,13983.69864413423,14319.7292541397,1.455913246285033,14.74932760227518,1.862741101516468e-11,0,-8.012931681025681e-18,1.358824164299222e-11
50,8,1.117010721276371,0.800913954380137,-0.04529400575459933,0.0316813368529311,-0.06118720046961709,0.5158918711656187,-0.02350338439779505,2.92208136211314,0.03637798814811193,13983.69864413423,14319.7292541397,1.455913246285033,14.74932760227518,1.862741101516468e-11,0,-8.012931681025681e-18,1.358824164299222e-11
50,9,1.256637061435917,0.8021083592014373,-0.04540655677351141,0.03417011087657038,-0.06150712602797855,0.5147111183126416,-0.015674835706292,2.922081362107666,0.03637798814811193,13983.69864413423,14319.7292541397,1.455913246285033,14.74932760227518,1.862741101516468e-11,0,-8.012931681025681e-18,1.358824164299222e-11
50,10,1.396263401595464,0.803143619110265,-0.04611897360146539,0.03599205791890273,-0.06224057338770148,0.5134780837190722,-0.007673147624585282,2.922081362113967,0.03637798814811193,13983.69864413423,14319.7292541397,1.455913246285033,14.74932760227518,1.862741101516468e-11,0,-8.012931681025681e-18,1.358824164299222e-11
50,11,1.53588974175501,0.8039322550858866,-0.04729996196030035,0.03704104997973645,-0.0632965142923412,0.5123245556477432,0.0003456697694785696,2.922081362106889,0.03637798814811193,13983.69864413423,14319.7292541397,1.455913246285033,14.74932760227518,1.862741101516468e-11,0,-8.012931681025681e-18,1.358824164299222e-11
50,12,1.675516081914556,0.8044161111637516,-0.04877171279266217,0.03724676997727664,-0.06451196411674326,0.5113740246659512,0.008241110805768769,2.922081362114584,0.03637798814811193,13983.69864413423,14319.7292541397,1.455913246285033,14.74932760227518,1.862741101516468e-11,0,-8.012931681025681e-18,1.358824164299222e-11
50,13,1.815142422074103,0.8045611169003546,-0.05036574782994117,0.03657842667502816,-0.06570012990118332,0.5107258939791287,0.0158908445796847,2.922081362107212,0.03637798814811193,13983.69864413423,14319.7292541397,1.455913246285033,14.74932760227518,1.862741101516468e-11,0,-8.012931681025681e-18,1.358824164299222e-11
50,14,1.954768762233649,0.8043476931029749,-0.05192718710403918,0.03504330366160218,-0.06667050126193179,0.5104576037470733,0.02318862810244705,2.922081362114472,0.03637798814811193,13983.69864413423,14319.7292541397,1.455913246285033,14.74932760227518,1.862741101516468e-11,0,-8.012931681025681e-18,1.358824164299222e-11
50,15,2.094395102393195,0.8037702620850671,-0.05328749576682101,0.03268686995715708,-0.06723613059975202,0.5106301435410934,0.03004060980392027,2.92208136210787,0.03637798814811193,13983.69864413423,14319.7292541397,1.455913246285033,14.74932760227518,1.862741101516468e-11,0,-8.012931681025681e-18,1.358824164299222e-11
50,16,2.234021442552742,0.8028506541552537,-0.05425951899059642,0.02959456881619742,-0.06724482278499942,0.5112759028379403,0.03636525127269254,2.922081362113544,0.03637798814811193,13983.69864413423,14319.7292541397,1.455913246285033,14.74932760227518,1.862741101516468e-11,0,-8.012931681025681e-18,1.358824164299222e-11
50,17,2.373647782712288,0.801655397086651,-0.05468441562515866,0.02588908603966781,-0.06664061257123942,0.512366406881874,0.04209416644651595,2.922081362109393,0.03637798814811193,13983.69864413423,14319.7292541397,1.455913246285033,14.74932760227518,1.862741101516468e-11,0,-8.012931681025681e-18,1.358824164299222e-11
50,18,2.513274122871834,0.8002999600976998,-0.05450594724665639,0.0217175283039688,-0.06551635887511689,0.5137852316583179,0.04716501046118613,2.922081362111765,0.03637798814811193,13983.69864413423,14319.7292541397,1.455913246285033,14.74932760227518,1.862741101516468e-11,0,-8.012931681025681e-18,1.358824164299222e-11
50,19,2.652900463031381,0.7989311563920102,-0.0538185680412182,0.01722957032756279,-0.06411110135155111,0.5153367439838222,0.05150422701693549,2.922081362111426,0.03637798814811193,13983.69864413423,14319.7292541397,1.455913246285033,14.74932760227518,1.862741101516468e-11,0,-8.012931681025681e-18,1.358824164299222e-11
50,20,2.792526803190927,0.7976943903497987,-0.05285134837662041,0.01255475534955901,-0.06274195704441006,0.5167957747141603,0.05501011409564146,2.922081362108948,0.03637798814811193,13983.69864413423,14319.7292541397,1.455913246285033,14.74932760227518,1.862741101516468e-11,0,-8.012931681025681e-18,1.358824164299222e-11
50,21,2.932153143350474,0.7967018538847421,-0.05188694261911869,0.007789762881070827,-0.06170037348579226,0.5179730459577695,0.05755040810822984,2.922081362113333,0.03637798814811193,13983.69864413423,14319.7292541397,1.455913246285033,14.74932760227518,1.862741101516468e-11,0,-8.012931681025681e-18,1.358824164299222e-11
50,22,3.07177948351002,0.7960155472294466,-0.05114691766517552,0.003001901270814427,-0.0611566620855734,0.5187640771805393,0.05897990050639371,2.922081362106789,0.03637798814811193,13983.69864413423,14319.7292541397,1.455913246285033,14.74932760227518,1.862741101516468e-11,0,-8.012931681025681e-18,1.358824164299222e-11
50,23,3.211405823669566,0.7956497105961178,-0.0506948231307963,-0.001755508035760845,-0.06110892593429044,0.5191639252804267,0.05917150404554505,2.922081362115146,0.03637798814811193,13983.69864413423,14319.7292541397,1.455913246285033,14.74932760227518,1.862741101516468e-11,0,-8.012931681025681e-18,1.358824164299222e-11
50,24,3.351032163829113,0.7955879418841365,-0.05041122442200693,-0.006429359356412971,-0.06139625352197253,0.5192468835085701,0.05804749695336202,2.922081362105936,0.03637798814811193,13983.69864413423,14319.7292541397,1.455913246285033,14.74932760227518,1.862741101516468e-11,0,-8.012931681025681e-18,1.358824164299222e-11
50,25,3.490658503988659,0.7958046339784072,-0.05006512003962561,-0.01096589229248714,-0.06177262571024165,0.5191199670705663,0.05559867697217136,2.922081362116421,0.03637798814811193,13983.69864413423,14319.7292541397,1.455913246285033,14.74932760227518,1.862741101516468e-11,0,-8.012931681025681e-18,1.358824164299222e-11
50,26,3.630284844148206,0.7962794439389359,-0.04944848894750396,-0.01532006396410456,-0.06201027253882684,0.5188676839824947,0.05188626543912613,2.922081362105072,0.03637798814811193,13983.69864413423,14319.7292541397,1.455913246285033,14.74932760227518,1.862741101516468e-11,0,-8.012931681025681e-18,1.358824164299222e-11
50,27,3.769911184307752,0.7969979232126732,-0.04849814637502861,-0.01946073461457957,-0.06198772168173568,0.5185140795050379,0.04703015008475534,2.922081362117308,0.03637798814811193,13983.69864413423,14319.7292541397,1.455913246285033,14.74932760227518,1.862741101516468e-11,0,-8.012931681025681e-18,1.358824164299222e-11
50,28,3.909537524467298,0.7979395727801348,-0.04733869812052999,-0.02336064974180344,-0.0617293750539839,0.5180234953989686,0.04119101422719287,2.922081362104469,0.03637798814811193,13983.69864413423,14319.7292541397,1.455913246285033,14.74932760227518,1.862741101516468e-11,0,-8.012931681025681e-18,1.358824164299222e-11
50,29,4.049163864626845,0.7990618236422942,-0.04623250505373568,-0.02697535924362247,-0.06138773130048053,0.5173380893624763,0.03455170252054687,2.922081362117876,0.03637798814811193,13983.69864413423,14319.7292541397,1.455913246285033,14.74932760227518,1.862741101516468e-11,0,-8.012931681025681e-18,1.358824164299222e-11
50,30,4.188790204786391,0.8002906254964985,-0.045472401233496,-0.03022639286007432,-0.06117876870122143,0.5164265556884724,0.02730071419872596,2.922081362104287,0.03637798814811193,13983.69864413423,14319.7292541397,1.455913246285033,14.74932760227518,1.862741101516468e-11,0,-8.012931681025681e-18,1.358824164299222e-11
50,31,4.328416544945937,0.8015245683820423,-0.04527104932659419,-0.03300137210891469,-0.06129409870199261,0.5153158037271445,0.0196209898296544,2.922081362116976,0.03637798814811193,13983.69864413423,14319.7292541397,1.455913246285033,14.74932760227518,1.862741101516468e-11,0,-8.012931681025681e-18,1.358824164299222e-11
50,32,4.468042885105484,0.8026520123732083,-0.04569398431098844,-0.03517179591145267,-0.06182548832392155,0.5140930191635639,0.01168557303549312,2.922081362104987,0.03637798814811193,13983.69864413423,14319.7292541397,1.455913246285033,14.74932760227518,1.862741101516468e-11,0,-8.012931681025681e-18,1.358824164299222e-11
50,33,4.60766922526503,0.8035730807247973,-0.04666179171460222,-0.03661849677967928,-0.06273740368813636,0.5128831862813282,0.003656684082188635,2.922081362115333,0.03637798814811193,13983.69864413423,14319.7292541397,1.455913246285033,14.74932760227518,1.862741101516468e-11,0,-8.012931681025681e-18,1.358824164299222e-11
50,34,4.747295565424577,0.8042148480037331,-0.04801055615006629,-0.03725215726883377,-0.06389580202067664,0.5118170923077208,-0.004316883271329937,2.922081362106646,0.03637798814811193,13983.69864413423,14319.7292541397,1.455913246285033,14.74932760227518,1.862741101516468e-11,0,-8.012931681025681e-18,1.358824164299222e-11
50,35,4.886921905584122,0.8045324561350026,-0.04956315333448585,-0.03702227752840814,-0.0651213295259066,0.5110069100372832,-0.01210365591595504,2.922081362114215,0.03637798814811193,13983.69864413423,14319.7292541397,1.455913246285033,14.74932760227518,1.862741101516468e-11,0,-8.012931681025681e-18,1.358824164299222e-11
50,36,5.026548245743669,0.8044999841052588,-0.05116045981640978,-0.0359172899003715,-0.06622448466937926,0.5105400538303052,-0.01958986245334933,2.922081362108299,0.03637798814811193,13983.69864413423,14319.7292541397,1.455913246285033,14.74932760227518,1.862741101516468e-11,0,-8.012931681025681e-18,1.358824164299222e-11
50,37,5.166174585903216,0.8041039822335405,-0.05264404429764208,-0.03396335601919992,-0.06701486610323963,0.51048575811491,-0.02667575541388308,2.922081362112984,0.03637798814811193,13983.69864413423,14319.7292541397,1.455913246285033,14.74932760227518,1.862741101516468e-11,0,-8.012931681025681e-18,1.358824164299222e-11
50,38,5.305800926062762,0.8033502708098981,-0.05383349684740277,-0.03122581303652798,-0.06731664225021043,0.5108937926792505,-0.03327340554359846,2.922081362109616,0.03637798814811193,13983.69864413423,14319.7292541397,1.455913246285033,14.74932760227518,1.862741101516468e-11,0,-8.012931681025681e-18,1.358824164299222e-11
50,39,5.445427266222308,0.8022813122284166,-0.05454709860655196,-0.02780962752218752,-0.06701733054320354,0.5117706530205676,-0.03930804629809453,2.922081362111761,0.03637798814811193,13983.69864413423,14319.7292541397,1.455913246285033,14.74932760227518,1.862741101516468e-11,0,-8.012931681025681e-18,1.358824164299222e-11
50,40,5.585053606381854,0.8009889144231351,-0.05466839839472817,-0.0238519830875287,-0.06613145769635553,0.5130455696922912,-0.04471594328197809,2.922081362111153,0.03637798814811193,13983.69864413423,14319.7292541397,1.455913246285033,14.74932760227518,1.862741101516468e-11,0,-8.012931681025681e-18,1.358824164299222e-11
50,41,5.724679946541401,0.799607689001026,-0.05421402832733879,-0.01950430888273064,-0.0648297158589885,0.514558559649134,-0.04943164223345737,2.922081362110249,0.03637798814811193,13983.69864413423,14319.7292541397,1.455913246285033,14.74932760227518,1.862741101516468e-11,0,-8.012931681025681e-18,1.358824164299222e-11
50,42,5.864306286700947,0.7982881843682281,-0.05335223849545327,-0.01490866636738583,-0.06340193577360997,0.5160912089729625,-0.0533690003042577,2.92208136211213,0.03637798814811193,13983.69864413423,14319.7292541397,1.455913246285033,14.74932760227518,1.862741101516468e-11,0,-8.012931681025681e-18,1.358824164299222e-11
50,43,6.003932626860494,0.7971624789096389,-0.05235214878522634,-0.01017878559435953,-0.06216585281253285,0.5174285032021313,-0.05641006025637495,2.922081362108893,0.03637798814811193,13983.69864413423,14319.7292541397,1.455913246285033,14.74932760227518,1.862741101516468e-11,0,-8.012931681025681e-18,1.358824164299222e-11
50,44,6.14355896702004,0.7963185629723172,-0.05148045011887815,-0.00539523772476087,-0.06136218540706356,0.5184194027016853,-0.05841277236235178,2.922081362112301,0.03637798814811193,13983.69864413423,14319.7292541397,1.455913246285033,14.74932760227518,1.862741101516468e-11,0,-8.012931681025681e-18,1.358824164299222e-11
54,0,0,0.7993096617970528,-0.07432746255837076,-0.0007080244036868755,-0.08883757613055303,0.5052523539829206,-0.06076613707310082,2.922059326201048,0.03710679006230042,14263.85009994828,14573.10318409037,1.457169483818128,14.74932760227518,2.167879294940736e-10,0,6.505213034913027e-18,2.430367018746438e-11
54,1,0.1396263401595464,0.7989016401742476,-0.07390140592733177,0.004157483343744507,-0.08872157641600528,0.5057386719199262,-0.06036353091231443,2.92205932620881,0.03710679006230042,14263.85009994828,14573.10318409037,1.457169483818128,14.74932760227518,2.167879294940736e-10,0,6.505213034913027e-18,2.430367018746438e-11
54,2,0.2792526803190927,0.798832596792506,-0.07366614358891528,0.008877895418116575,-0.08903960440726098,0.5058223434789125,-0.05862140692240655,2.92205932619819,0.03710679006230042,14263.85009994828,14573.10318409037,1.457169483818128,14.74932760227518,2.167879294940736e-10,0,6.505213034913027e-18,2.430367018746438e-11
54,3,0.4188790204786391,0.7990620853113163,-0.07337584928217195,0.01339890254535168,-0.08953612219839212,0.5056674679102019,-0.05552875418410034,2.922059326207848,0.03710679006230042,14263.85009994828,14573.10318409037,1.457169483818128,14.74932760227518,2.167879294940736e-10,0,6.505213034913027e-18,2.430367018746438e-11
54,4,0.5585053606381855,0.7995557903505438,-0.07279536524719969,0.01767804661060173,-0.08996562802379761,0.5054153980440705,-0.05114769882425712,2.922059326193906,0.03710679006230042,14263.85009994828,14573.10318409037,1.457169483818128,14.74932760227518,2.167879294940736e-10,0,6.505213034913027e-18,2.430367018746438e-11
54,5,0.6981317007977318,0.8002918969271553,-0.07183415753252671,0.02169112672491841,-0.09018212696367284,0.5051207771171915,-0.04560166949899325,2.9220593262011,0.03710679006230042,14263.85009994828,14573.10318409037,1.457169483818128,14.74932760227518,2.167879294940736e-10,0,6.505213034913027e-18,2.430367018746438e-11
54,6,0.8377580409572782,0.8012513034923184,-0.07060164999840721,0.02542190543609545,-0.09018139784219083,0.5047393670783157,-0.03905956160967979,2.922059326191056,0.03710679006230042,14263.85009994828,14573.10318409037,1.457169483818128,14.74932760227518,2.167879294940736e-10,0,6.505213034913027e-18,2.430367018746438e-11
54,7,0.9773843811168246,0.802399808097787,-0.06936450748642652,0.0288385171470692,-0.09008898210539949,0.5041703409561908,-0.03172004564511802,2.922059326204568,0.03710679006230042,14263.85009994828,14573.10318409037,1.457169483818128,14.74932760227518,2.167879294940736e-10,0,6.505213034913027e-18,2.430367018746438e-11
54,8,1.117010721276371,0.8036740171998424,-0.06843946598523136,0.0318731025961763,-0.0901026657897227,0.5033238366611472,-0.02379582043900897,2.922059326187131,0.03710679006230042,14263.85009994828,14573.10318409037,1.457169483818128,14.74932760227518,2.167879294940736e-10,0,6.505213034913027e-18,2.430367018746438e-11
54,9,1.256637061435917,0.8049797741106736,-0.06807508443855445,0.03441936786708334,-0.09040813188061779,0.502177030282594,-0.01549948717632047,2.92205932619869,0.03710679006230042,14263.85009994828,14573.10318409037,1.457169483818128,14.74932760227518,2.167879294940736e-10,0,6.505213034913027e-18,2.430367018746438e-11
54,10,1.396263401595464,0.8062050802640773,-0.06837146832495802,0.03635011777093122,-0.09110004860877675,0.5007957138603355,-0.007034116560733408,2.922059326186342,0.03710679006230042,14263.85009994828,14573.10318409037,1.457169483818128,14.74932760227518,2.167879294940736e-10,0,6.505213034913027e-18,2.430367018746438e-11
54,11,1.53588974175501,0.807241603802837,-0.06926979593480552,0.03754455721517207,-0.0921466178389025,0.4993177202545348,0.001412329773782879,2.922059326203681,0.03710679006230042,14263.85009994828,14573.10318409037,1.457169483818128,14.74932760227518,2.167879294940736e-10,0,6.505213034913027e-18,2.430367018746438e-11
54,12,1.675516081914556,0.8080031034729155,-0.07060831428025358,0.03791129860585424,-0.09341173158652315,0.4979119639163828,0.009672322324003991,2.922059326198613,0.03710679006230042,14263.85009994828,14573.10318409037,1.457169483818128,14.74932760227518,2.167879294940736e-10,0,6.505213034913027e-18,2.430367018746438e-11
54,13,1.815142422074103,0.8084305925316947,-0.07219919041155395,0.0373989751982194,-0.0947063979242624,0.4967387284122209,0.01760349734925943,2.922059326210174,0.03710679006230042,14263.85009994828,14573.10318409037,1.457169483818128,14.74932760227518,2.167879294940736e-10,0,6.505213034913027e-18,2.430367018746438e-11
54,14,1.954768762233649,0.8084848940206257,-0.07386906149759385,0.0359967437745602,-0.09582595611739951,0.4959336264050276,0.0250888522050253,2.92205932619973,0.03710679006230042,14263.85009994828,14573.10318409037,1.457169483818128,14.74932760227518,2.167879294940736e-10,0,6.505213034913027e-18,2.430367018746438e-11
54,15,2.094395102393195,0.8081396159913884,-0.07544679352848688,0.03373286485024127,-0.09656321697595709,0.4956132092918065,0.03203294863835114,2.922059326201335,0.03710679006230042,14263.85009994828,14573.10318409037,1.457169483818128,14.74932760227518,2.167879294940736e-10,0,6.505213034913027e-18,2.430367018746438e-11
54,16,2.234021442552742,0.8073884591089573,-0.07673986081346626,0.03067611998385479,-0.09672952381759103,0.4958732440622083,0.03836023419011688,2.9220593261959,0.03710679006230042,14263.85009994828,14573.10318409037,1.457169483818128,14.74932760227518,2.167879294940736e-10,0,6.505213034913027e-18,2.430367018746438e-11
54,17,2.373647782712288,0.8062665181145861,-0.07755298490163119,0.02693664870658792,-0.09621058080719007,0.4967552164649726,0.04401666549696535,2.922059326199786,0.03710679006230042,14263.85009994828,14573.10318409037,1.457169483818128,14.74932760227518,2.167879294940736e-10,0,6.505213034913027e-18,2.430367018746438e-11
54,18,2.513274122871834,0.8048684001836512,-0.07775607680044394,0.02265908687502976,-0.09503549566887684,0.4981955263057821,0.04896564289503924,2.922059326195666,0.03710679006230042,14263.85009994828,14573.10318409037,1.457169483818128,14.74932760227518,2.167879294940736e-10,0,6.505213034913027e-18,2.430367018746438e-11
54,19,2.652900463031381,0.8033440664991822,-0.07735632041651673,0.01800489299039767,-0.09340565591639143,0.5000025330037217,0.0531702216626696,2.922059326194607,0.03710679006230042,14263.85009994828,14573.10318409037,1.457169483818128,14.74932760227518,2.167879294940736e-10,0,6.505213034913027e-18,2.430367018746438e-11
54,20,2.792526803190927,0.8018687540885272,-0.07652063995091833,0.0131282355171708,-0.09165111491923908,0.5018924660138475,0.05656764624078398,2.922059326196356,0.03710679006230042,14263.85009994828,14573.10318409037,1.457169483818128,14.74932760227518,2.167879294940736e-10,0,6.505213034913027e-18,2.430367018746438e-11
54,21,2.932153143350474,0.8006011831844779,-0.07552637972145432,0.008155394924732984,-0.09012981943235722,0.5035713301044202,0.05905344791370813,2.922059326188493,0.03710679006230042,14263.85009994828,14573.10318409037,1.457169483818128,14.74932760227518,2.167879294940736e-10,0,6.505213034913027e-18,2.430367018746438e-11
54,22,3.07177948351002,0.7996499729048121,-0.07465617114441173,0.003177685755998852,-0.08911458642631977,0.5048212189520439,0.06048855417167023,2.922059326199113,0.03710679006230042,14263.85009994828,14573.10318409037,1.457169483818128,14.74932760227518,2.167879294940736e-10,0,6.505213034913027e-18,2.430367018746438e-11
54,23,3.211405823669566,0.7990610319681488,-0.07407897385755205,-0.001739342608366129,-0.08871193425640715,0.5055546789845621,0.06072864132849832,2.922059326202113,0.03710679006230042,14263.85009994828,14573.10318409037,1.457169483818128,14.74932760227518,2.167879294940736e-10,0,6.505213034913027e-18,2.430367018746438e-11
54,24,3.351032163829113,0.7988272225338033,-0.07377371055631465,-0.006539351868036481,-0.08884127736460432,0.5058210282535295,0.05966238203894833,2.922059326210646,0.03710679006230042,14263.85009994828,14573.10318409037,1.457169483818128,14.74932760227518,2.167879294940736e-10,0,6.505213034913027e-18,2.430367018746438e-11
54,25,3.490658503988659,0.7989124753766534,-0.07354463828149442,-0.01116639423555934,-0.08928235972014932,0.5057644143717618,0.05724162937274149,2.922059326198479,0.03710679006230042,14263.85009994828,14573.10318409037,1.457169483818128,14.74932760227518,2.167879294940736e-10,0,6.505213034913027e-18,2.430367018746438e-11
54,26,3.630284844148206,0.7992775193422067,-0.0731320796896362,-0.01557062101079384,-0.08977147586892047,0.5055476901336354,0.05349281505544327,2.922059326201471,0.03710679006230042,14263.85009994828,14573.10318409037,1.457169483818128,14.74932760227518,2.167879294940736e-10,0,6.505213034913027e-18,2.430367018746438e-11
54,27,3.769911184307752,0.7998946026551063,-0.07236013647864085,-0.01971880112809852,-0.09010420365399179,0.5052741305763229,0.04851063061201617,2.922059326197061,0.03710679006230042,14263.85009994828,14573.10318409037,1.457169483818128,14.74932760227518,2.167879294940736e-10,0,6.505213034913027e-18,2.430367018746438e-11
54,28,3.909537524467298,0.8007452604604733,-0.07123776568521588,-0.02359312836931711,-0.09020362434329204,0.5049466619589147,0.04244322230574412,2.922059326199431,0.03710679006230042,14263.85009994828,14573.10318409037,1.457169483818128,14.74932760227518,2.167879294940736e-10,0,6.505213034913027e-18,2.430367018746438e-11
54,29,4.049163864626845,0.8018051037271038,-0.06996357315869001,-0.0271727426935296,-0.09013506290887657,0.5044849695254668,0.03547633211175823,2.922059326192673,0.03710679006230042,14263.85009994828,14573.10318409037,1.457169483818128,14.74932760227518,2.167879294940736e-10,0,6.505213034913027e-18,2.430367018746438e-11
54,30,4.188790204786391,0.8030264501962516,-0.06884461153437263,-0.03040942880233076,-0.09006962304053306,0.5037852214039269,0.02781759418302733,2.922059326198579,0.03710679006230042,14263.85009994828,14573.10318409037,1.457169483818128,14.74932760227518,2.167879294940736e-10,0,6.505213034913027e-18,2.430367018746438e-11
54,31,4.328416544945937,0.8043297688793778,-0.06817695278157239,-0.0332150432839169,-0.09021016932914426,0.5027859116541606,0.01968117739422928,2.922059326195356,0.03710679006230042,14263.85009994828,14573.10318409037,1.457169483818128,14.74932760227518,2.167879294940736e-10,0,6.505213034913027e-18,2.430367018746438e-11
54,32,4.468042885105484,0.8056096029441372,-0.06814103523472653,-0.03546970306903773,-0.09070481086662957,0.5015083444823584,0.01127577261863356,2.922059326188168,0.03710679006230042,14263.85009994828,14573.10318409037,1.457169483818128,14.74932760227518,2.167879294940736e-10,0,6.505213034913027e-18,2.430367018746438e-11
54,33,4.60766922526503,0.8067529871146065,-0.06875404166165056,-0.03704596741386976,-0.09158564288588252,0.5000584309847478,0.002797510187769727,2.922059326194319,0.03710679006230042,14263.85009994828,14573.10318409037,1.457169483818128,14.74932760227518,2.167879294940736e-10,0,6.505213034913027e-18,2.430367018746438e-11
54,34,4.747295565424577,0.8076610095078774,-0.06989592072201996,-0.0378355752932066,-0.09276301543905864,0.498595257904248,-0.005575152501476027,2.922059326202385,0.03710679006230042,14263.85009994828,14573.10318409037,1.457169483818128,14.74932760227518,2.167879294940736e-10,0,6.505213034913027e-18,2.430367018746438e-11
54,35,4.886921905584122,0.8082613854594388,-0.07138344549131079,-0.03776662013799843,-0.09406801637765003,0.4972872389210165,-0.01368688094599535,2.922059326209242,0.03710679006230042,14263.85009994828,14573.10318409037,1.457169483818128,14.74932760227518,2.167879294940736e-10,0,6.505213034913027e-18,2.430367018746438e-11
54,36,5.026548245743669,0.8085063359651804,-0.07303462179222137,-0.03680825096277521,-0.09530105848918891,0.4962825342079866,-0.02140832764240131,2.922059326198638,0.03710679006230042,14263.85009994828,14573.10318409037,1.457169483818128,14.74932760227518,2.167879294940736e-10,0,6.505213034913027e-18,2.430367018746438e-11
54,37,5.166174585903216,0.8083632770702867,-0.07468090202763145,-0.03496919170749339,-0.09625507772942456,0.4957061371469147,-0.02863376240269014,2.922059326203834,0.03710679006230042,14263.85009994828,14573.10318409037,1.457169483818128,14.74932760227518,2.167879294940736e-10,0,6.505213034913027e-18,2.430367018746438e-11
54,38,5.305800926062762,0.807813832986237,-0.07614167747265681,-0.0322976586995613,-0.09672749404814478,0.4956661966572405,-0.03527758487187667,2.92205932619877,0.03710679006230042,14263.85009994828,14573.10318409037,1.457169483818128,14.74932760227518,2.167879294940736e-10,0,6.505213034913027e-18,2.430367018746438e-11
54,39,5.445427266222308,0.8068694098980286,-0.07721704918658626,-0.02888333700258858,-0.09655791251349731,0.4962374782319464,-0.04127486495877789,2.92205932619798,0.03710679006230042,14263.85009994828,14573.10318409037,1.457169483818128,14.74932760227518,2.167879294940736e-10,0,6.505213034913027e-18,2.430367018746438e-11
54,40,5.585053606381854,0.805593660209421,-0.07773415891037261,-0.02485516044048625,-0.09569636275932741,0.4974146711115363,-0.04658158876383828,2.922059326194133,0.03710679006230042,14263.85009994828,14573.10318409037,1.457169483818128,14.74932760227518,2.167879294940736e-10,0,6.505213034913027e-18,2.430367018746438e-11
54,41,5.724679946541401,0.8041111668264741,-0.07762463443593164,-0.02036897587477057,-0.09425880913947289,0.4990695944744722,-0.05116402098557558,2.922059326199784,0.03710679006230042,14263.85009994828,14573.10318409037,1.457169483818128,14.74932760227518,2.167879294940736e-10,0,6.505213034913027e-18,2.430367018746438e-11
54,42,5.864306286700947,0.8025894983086881,-0.07697718316263277,-0.01558565871625478,-0.0925208686051196,0.5009563686544337,-0.05497533560582424,2.922059326194881,0.03710679006230042,14263.85009994828,14573.10318409037,1.457169483818128,14.74932760227518,2.167879294940736e-10,0,6.505213034913027e-18,2.430367018746438e-11
54,43,6.003932626860494,0.8012007728130107,-0.0760243367734806,-0.0106473489031083,-0.09084106972220983,0.5027745377121774,-0.05793263944344225,2.922059326187842,0.03710679006230042,14263.85009994828,14573.10318409037,1.457169483818128,14.74932760227518,2.167879294940736e-10,0,6.505213034913027e-18,2.430367018746438e-11
54,44,6.14355896702004,0.800081710019009,-0.07506129626026409,-0.005662643233104105,-0.08954780780911584,0.5042587415757972,-0.05991168310233995,2.922059326196512,0.03710679006230042,14263.85009994828,14573.10318409037,1.457169483818128,14.74932760227518,2.167879294940736e-10,0,6.505213034913027e-18,2.430367018746438e-11
