sample,elapsed_days,x_nd,y_nd,z_nd,xdot_nd,ydot_nd,zdot_nd,earth_radius_km,jacobi
0,0,0.9999565283134806,-6.059198107974749e-06,-2.316145185785538e-05,-0.1812875642250727,0.06185163626283122,0.3005363880130674,7034.028970727035,3.000730353768788
1,0.4817433820230504,1.000512793061484,0.0001678023112261841,0.0007264146136469892,0.05769598759359705,0.0112189432649982,0.04928726390889478,135621.9923306695,3.000730353768292
2,0.9634867640461008,1.000938187009857,0.0002411262726910115,0.001065300380676986,0.04645201635884812,0.00706800856474266,0.03489513805444454,215693.2768393909,3.000730353768289
3,1.445230146069099,1.001296258235898,0.0002899532665370927,0.00132451502413121,0.04044026828181034,0.004880977949402556,0.02829307468205312,280929.2675909676,3.000730353768304
4,1.92697352809215,1.00161381495807,0.0003238430973818727,0.001540985045452143,0.03642432695944635,0.003373071043505283,0.02421995450815241,337627.8844019599,3.000730353768307
5,2.408716910115149,1.001902769536216,0.000346789401429034,0.00172919901518847,0.03344109404210164,0.002207465260901662,0.02134869306116557,388446.7364074141,3.000730353768306
6,2.890460292138199,1.002169777252213,0.0003609956653711274,0.001896693183601606,0.03108124999466217,0.001248679970541606,0.01916306746047018,434831.8644300801,3.000730353768303
7,3.372203674161198,1.002419048842299,0.0003678675517214119,0.002048006000296818,0.02913500632819597,0.0004292142078737468,0.01741382491847189,477683.4217805334,3.000730353768301
8,3.853947056184248,1.002653468734743,0.0003683871043615467,0.002186132954332838,0.02748138533777667,-0.0002893048990129239,0.01596347648076129,517611.466470123,3.000730353768302
9,4.335690438207247,1.002875125595105,0.0003632847750428929,0.002313180163542886,0.02604468346302408,-0.0009307507835890417,0.01472894716799763,555054.5782253799,3.000730353768305
10,4.817433820230297,1.003085595319223,0.0003531293876885632,0.002430698735308772,0.02477458910426137,-0.00151098646224708,0.01365658556055492,590342.0735667822,3.000730353768306
11,5.299177202253296,1.003286105235293,0.0003383797014340496,0.002539872359608471,0.02363608234780738,-0.002041094916145213,0.01270993464775709,623729.6366346453,3.000730353768304
12,5.780920584276346,1.003477635647641,0.0003194160699333083,0.002641630117819387,0.02260387562343485,-0.002529131984777866,0.01186320581720564,655421.1231910653,3.000730353768303
13,6.262663966299345,1.00366098585566,0.0002965609534153048,0.002736718098192182,0.02165915559556281,-0.002981143517547554,0.01109755336207391,685582.6141682735,3.000730353768303
14,6.744407348322396,1.003836818847443,0.000270092795157927,0.002825746886021195,0.02078757470523549,-0.003401788218490724,0.01039882950467947,714351.86060637,3.000730353768303
15,7.226150730345394,1.004005692583761,0.0002402557482713384,0.002909224205751259,0.01997796039588315,-0.003794736262639371,0.009756170130002914,741844.8538569482,3.000730353768303
16,7.707894112368445,1.004168082518722,0.0002072666993507268,0.002987578041891613,0.01922145606861502,-0.004162934007646916,0.00916107010576178,768160.5300962003,3.000730353768303
17,8.189637494391445,1.004324398204258,0.0001713204697894216,0.003061173439882085,0.01851093209501136,-0.004508785383884449,0.00860675931184143,793384.2228726336,3.000730353768303
18,8.671380876414494,1.004474995787864,0.0001325937520255023,0.003130324986185507,0.01784057149324432,-0.004834279588242981,0.008087769990572587,817590.2511944849,3.000730353768303
19,9.153124258437494,1.004620187590112,9.12481450714646e-05,0.003195306258134008,0.01720557188087588,-0.005141083110167976,0.007599629580753088,840843.8957938279,3.000730353768303
20,9.634867640460543,1.00476024956137,4.743253441843333e-05,0.00325635710074257,0.01660192681443434,-0.005430607431505991,0.007138638067737583,863202.9329212692,3.000730353768304
21,10.11661102248354,1.004895427169445,1.284985345748608e-06,0.003313689314332053,0.01602626254971292,-0.005704059745256598,0.006701703602945207,884718.8419995748,3.000730353768303
22,10.59835440450659,1.005025940106933,-4.706573119456107e-05,0.003367491159516805,0.01547571426481684,-0.005962481573592019,0.006286219139006868,905437.7687811678,3.000730353768304
23,11.08009778652959,1.005151986097509,-9.749889444268534e-05,0.003417930968287298,0.01494783088471929,-0.006206778602589432,0.005889968475790405,925401.3024227464,3.000730353768303
24,11.56184116855264,1.005273744005113,-0.0001499008087584045,0.003465160069896467,0.01444050096825493,-0.006437744035215829,0.005511053750355896,944647.1089936853,3.000730353768303
25,12.04358455057564,1.00539137639723,-0.0002041639510141407,0.003509315184832412,0.01395189433091442,-0.006656077088913008,0.005147838799387233,963209.4528487697,3.000730353768303
26,12.52532793259869,1.005505031675999,-0.000260186255318593,0.003550520401088347,0.01348041557902424,-0.006862397806302346,0.004798904432152004,981119.6294281229,3.000730353768303
27,13.00707131462169,1.005614845863697,-0.00031787050823034,0.003588888818951934,0.01302466676896965,-0.007057259031385267,0.004463012753353927,998406.3273786582,3.000730353768303
28,13.48881469664474,1.005720944109293,-0.0003771238337121629,0.003624523930192814,0.01258341713408999,-0.007241156181668765,0.004139078441502927,1015095.933744253,3.000730353768303
29,13.97055807866774,1.005823441967945,-0.00043785725160947,0.003657520782539943,0.01215557834132536,-0.00741453528844005,0.003826145429709869,1031212.792901403,3.000730353768303
30,14.45230146069079,1.005922446494254,-0.0004999852968509556,0.003687966969164378,0.0117401841149086,-0.007577799663069992,0.003523367823594377,1046779.427615324,3.000730353768303
31,14.93404484271379,1.006018057181592,-0.0005634256891704853,0.003715943474452844,0.01133637333880778,-0.007731315463506977,0.003229994172394667,1061816.728845006,3.000730353768303
32,15.41578822473684,1.006110366773407,-0.0006280990451520827,0.003741525400932046,0.01094337595265204,-0.00787541637310118,0.002945354416032761,1076344.119589298,3.000730353768303
33,15.89753160675984,1.00619946196732,-0.0006939286259558577,0.003764782597257896,0.01056050110769675,-0.008010407557436578,0.002668848984349413,1090379.697032418,3.000730353768303
34,16.37927498878289,1.006285424028967,-0.0007608401153037811,0.003785780203342966,0.01018712716406331,-0.008136569029688541,0.002399939639866961,1103940.356440542,3.000730353768303
35,16.86101837080589,1.006368329329399,-0.0008287614232692054,0.003804579125686567,0.009822693197914473,-0.008254158528157507,0.002138141742658007,1117041.899626849,3.000730353768303
36,17.34276175282894,1.006448249817432,-0.0008976225121839303,0.00382123645359686,0.009466691754458759,-0.008363413988919063,0.001883017682565955,1129699.130299004,3.000730353768303
37,17.82450513485194,1.006525253436356,-0.0009673552415940281,0.003835805825105064,0.009118662634809246,-0.008464555680428608,0.0016341712754149,1141925.938202092,3.000730353768303
38,18.30624851687499,1.006599404492826,-0.001037893229695648,0.00384833774985899,0.008778187545448068,-0.008557788054303954,0.001391242959772675,1153735.373646542,3.000730353768303
39,18.78799189889799,1.006670763984513,-0.001109171729088023,0.003858879895063296,0.008444885471102568,-0.008643301356550066,0.001153905662085063,1165139.713749341,3.000730353768303
40,19.26973528092104,1.006739389891992,-0.001181127515014173,0.003867477339544635,0.008118408657232011,-0.00872127303557556,0.0009218612226344037,1176150.521504174,3.000730353768304
41,19.75147866294403,1.006805337439541,-0.001253698784533348,0.003874172800212606,0.007798439108578459,-0.008791868977016649,0.0006948372943256087,1186778.698622145,3.000730353768303
42,20.23322204496709,1.00686865932879,-0.001326825065296594,0.003879006834525319,0.00748468552647942,-0.008855244590285983,0.000472584641910393,1197034.53294078,3.000730353768303
43,20.71496542699008,1.006929405948577,-0.001400447132785137,0.003882018022022264,0.007176880620754398,-0.008911545767634043,0.0002548747818008397,1206927.741080738,3.000730353768303
44,21.19670880901313,1.006987625563898,-0.001474506935029628,0.003883243127534676,0.006874778742610887,-0.008960909733148241,4.149791274921078e-05,1216467.506931156,3.000730353768303
45,21.67845219103613,1.007043364486407,-0.001548947523960428,0.003882717248306761,0.006578153793694917,-0.00900346579636147,-0.0001677389041014149,1225662.516461496,3.000730353768303
46,22.16019557305913,1.007096667228602,-0.001623712992651477,0.003880473946946027,0.006286797373516733,-0.009039336022876203,-0.0003730133505800902,1234520.989289165,3.000730353768303
47,22.64193895508218,1.007147576643538,-0.001698748417814685,0.003876545371856249,0.006000517133342168,-0.009068635832537275,-0.0005744892715391427,1243050.707373882,3.000730353768303
48,23.12368233710518,1.007196134051654,-0.001773999806982688,0.003870962366583433,0.00571913530947973,-0.009091474534130272,-0.0007723179343324609,1251259.04115971,3.000730353768303
49,23.60542571912823,1.007242379356109,-0.001849414049886664,0.003863754569316138,0.005442487412916423,-0.009107955804284237,-0.0009666391487038751,1259152.973445071,3.000730353768303
50,24.08716910115123,1.00728635114784,-0.001924938873594636,0.003854950503620986,0.005170421055614427,-0.009118178117170332,-0.00115758226494487,1266739.121224199,3.000730353768303
51,24.56891248317428,1.0073280868014,-0.002000522801026837,0.003844577661357291,0.004902794896584863,-0.009122235130672529,-0.001345267065578788,1274023.755713538,3.000730353768303
52,25.05065586519728,1.007367622562504,-0.002076115112507982,0.00383266257859761,0.004639477693220015,-0.009120216033934113,-0.001529804563643815,1281012.820750519,3.000730353768303
53,25.53239924722033,1.007404993628109,-0.002151665810054653,0.003819230905280517,0.004380347445356359,-0.009112205860529441,-0.001711297718812261,1287711.94972879,3.000730353768303
54,26.01414262924333,1.007440234219749,-0.0022271255841283,0.003804307469235366,0.004125290621225055,-0.009098285770952914,-0.001889842081034588,1294126.481215875,3.000730353768303
55,26.49588601126638,1.007473377650754,-0.002302445782613508,0.003787916335144104,0.003874201455878814,-0.009078533307641357,-0.002065526370086548,1300261.473380573,3.000730353768303
56,26.97762939328938,1.007504456387937,-0.002377578381805536,0.003770080858940514,0.003626981313902663,-0.009053022625340084,-0.002238432998280107,1306121.717344634,3.000730353768303
57,27.45937277531243,1.007533502108231,-0.002452475959213479,0.003750823738091117,0.003383538109256551,-0.009021824699271461,-0.002408638542652706,1311711.749558885,3.000730353768303
58,27.94111615733543,1.007560545750742,-0.002527091668003976,0.003730167058153119,0.00314378577599178,-0.00898500751326432,-0.002576214172134166,1317035.863293719,3.000730353768303
59,28.42285953935848,1.0075856175646,-0.002601379212927696,0.003708132335962124,0.002907643784346943,-0.008942636229741306,-0.002741226034495906,1322098.11932391,3.000730353768303
60,28.90460292138147,1.007608747152976,-0.002675292827585047,0.00368474055976515,0.002675036697391698,-0.008894773343235428,-0.00290373560728644,1326902.355878897,3.000730353768303
61,29.38634630340453,1.007629963513576,-0.002748787252901124,0.003660012226581694,0.002445893763953357,-0.008841478818909475,-0.003063800016442388,1331452.197922356,3.000730353768303
62,29.86808968542752,1.007649295075898,-0.002821817716690871,0.003633967377047112,0.00222014854405717,-0.008782810217381646,-0.003221472325814496,1335751.0658183,3.000730353768303
63,30.34983306745058,1.00766676973551,-0.002894339914206066,0.003606625627967168,0.001997738563536485,-0.008718822807008883,-0.003376801800463267,1339802.183434608,3.000730353768303
64,30.83157644947357,1.007682414885572,-0.00296630998956431,0.00357800620279058,0.001778604994842154,-0.008649569664649102,-0.00352983414623871,1343608.585730159,3.000730353768303
65,31.31331983149662,1.007696257445823,-0.003037684517968553,0.003548127960186599,0.001562692361402364,-0.008575101765806064,-0.003680611727866935,1347173.125867012,3.000730353768303
66,31.79506321351962,1.007708323889191,-0.003108420488632361,0.00351700942089755,0.00134994826316732,-0.008495468064959032,-0.003829173767507239,1350498.481884505,3.000730353768303
67,32.27680659554267,1.007718640266222,-0.003178475288332806,0.003484668793020693,0.001140323121218118,-0.008410715566787599,-0.0039755565255193,1353587.16296897,3.000730353768303
68,32.75854997756567,1.00772723222746,-0.003247806685517958,0.00345112399586046,0.0009337699395369456,-0.008320889388922451,-0.004119793464979888,1356441.515349476,3.000730353768303
69,33.24029335958873,1.007734125043918,-0.003316372814901356,0.003416392682479825,0.0007302440822205714,-0.008226032816779536,-0.004261915401315402,1359063.727846555,3.000730353768303
70,33.72203674161172,1.007739343625764,-0.003384132162479692,0.003380492261069168,0.0005297030645877814,-0.008126187350971587,-0.004401950638260175,1361455.837098619,3.000730353768304
71,34.20378012363477,1.007742912539321,-0.003451043550914285,0.00334343991524129,0.0003321063567739957,-0.008021392747732522,-0.004539925091214132,1363619.732488646,3.000730353768303
72,34.68552350565777,1.007744856022497,-0.003517066125219826,0.003305252623353117,0.0001374151985330235,-0.00791168705273779,-0.004675862398950788,1365557.160790659,3.000730353768303
73,35.16726688768082,1.007745197998717,-0.003582159338707322,0.003265947176946923,-5.440757592017152e-05,-0.007797106628657578,-0.00480978402451645,1367269.730554726,3.000730353768303
74,35.64901026970382,1.007743962089439,-0.003646282939130317,0.003225540198397661,-0.0002433977041003866,-0.007677686176734278,-0.00494170934606552,1368758.916246427,3.000730353768303
75,36.13075365172687,1.007741171625333,-0.003709396954986166,0.003184048157846869,-0.0004295896534595177,-0.007553458752639033,-0.005071655738285898,1370026.062156181,3.000730353768303
76,36.61249703374987,1.007736849656171,-0.003771461681925666,0.003141487389498854,-0.0006130167725249296,-0.007424455776823779,-0.005199638644990476,1371072.386091037,3.000730353768303
77,37.09424041577292,1.007731018959501,-0.003832437669226408,0.003097874107350074,-0.0007937114358162604,-0.007290707039552756,-0.005325671643377058,1371898.982861809,3.000730353768303
78,37.57598379779592,1.007723702048132,-0.003892285706286221,0.003053224420419059,-0.0009717051833347506,-0.00715224070076521,-0.005449766500393363,1372506.827575828,3.000730353768303
79,38.05772717981897,1.00771492117649,-0.003950966809094599,0.003007554347540564,-0.001147028855368556,-0.007009083284893964,-0.005571933221580767,1372896.778745287,3.000730353768303
80,38.53947056184197,1.007704698345872,-0.004008442206640518,0.002960879831785067,-0.001319712723323086,-0.00686125967073378,-0.005692180092716275,1373069.58122018,3.000730353768303
81,39.02121394386502,1.007693055308631,-0.004064673327216139,0.002913216754562012,-0.001489786617246268,-0.006708793076430105,-0.005810513714516907,1373025.868953099,3.000730353768303
82,39.50295732588802,1.007680013571312,-0.004119621784575953,0.00286458094946352,-0.001657280050694961,-0.006551705039632715,-0.005926939030621613,1372766.167603357,3.000730353768303
83,39.98470070791107,1.007665594396766,-0.004173249363911596,0.002814988215903386,-0.00182222234356721,-0.006390015392834111,-0.006041459349018757,1372290.896986616,3.000730353768303
84,40.46644408993406,1.007649818805253,-0.004225518007602244,0.002764454332605322,-0.001984642743507803,-0.006223742233890161,-0.006154076357040864,1371600.373374968,3.000730353768303
85,40.94818747195712,1.007632707574537,-0.004276389800700765,0.002712995070993207,-0.002144570546486421,-0.006052901891696623,-0.00626479013000482,1370694.81165286,3.000730353768303
86,41.42993085398012,1.007614281238991,-0.004325826956115103,0.002660626208536031,-0.002302035217138598,-0.005877508886973932,-0.006373599133531555,1369574.32733262,3.000730353768303
87,41.91167423600317,1.007594560087693,-0.004373791799444262,0.002607363542099725,-0.00245706650946417,-0.005697575888088017,-0.006480500219537708,1368238.938433161,3.000730353768303
88,42.39341761802616,1.007573564161534,-0.004420246753427211,0.002553222901358682,-0.002609694588477573,-0.0055131136618153,-0.006585488615847009,1366688.567225005,3.000730353768303
89,42.87516100004922,1.007551313249296,-0.004465154321962522,0.002498220162320022,-0.002759950153418273,-0.005324131018934361,-0.006688557909327483,1364923.041843686,3.000730353768303
90,43.35690438207222,1.007527826882709,-0.004508477073655121,0.002442371261014997,-0.002907864563139528,-0.005130634754506985,-0.006789700022414037,1362942.097773973,3.000730353768303
91,43.83864776409526,1.007503124330454,-0.004550177624845677,0.002385692207412875,-0.003053469964319694,-0.004932629582684384,-0.006888905182831988,1360745.379205635,3.000730353768303
92,44.32039114611826,1.007477224591096,-0.004590218622076325,0.002328199099614802,-0.003196799423159289,-0.004730118065853888,-0.006986161886286846,1358332.440262579,3.000730353768303
93,44.80213452814132,1.007450146384899,-0.004628562723945127,0.002269908138386855,-0.003337887061262998,-0.004523100537913759,-0.007081456851836524,1355702.746105016,3.000730353768303
94,45.28387791016431,1.007421908144501,-0.004665172582299502,0.002210835642094503,-0.003476768196441003,-0.004311575021440063,-0.007174774969607106,1352855.673905267,3.000730353768303
95,45.76562129218736,1.0073925280044,-0.00470001082271706,0.002150998062103321,-0.003613479489208536,-0.004095537138481553,-0.00726609924045611,1349790.513696753,3.000730353768303
96,46.24736467421036,1.007362023789196,-0.004733040024219734,0.002090411998714746,-0.003748059095814655,-0.003874980014691601,-0.007355410707124405,1346506.469095182,3.000730353768303
97,46.72910805623341,1.007330413000538,-0.004764222698164806,0.002029094217709339,-0.003880546828688575,-0.003649894176476318,-0.007442688376350482,1343002.65789093,3.000730353768303
98,47.21085143825641,1.007297712802704,-0.004793521266253388,0.00196706166757509,-0.00401098432526176,-0.00342026744080839,-0.007527909131346552,1339278.112510879,3.000730353768303
99,47.69259482027946,1.007263940006747,-0.004820898037594143,0.00190433149750319,-0.004139415226200313,-0.003186084797322688,-0.007611047633955308,1335331.780347836,3.000730353768303
100,48.17433820230246,1.007229111053117,-0.004846315184756466,0.001840921076240131,-0.004265885364169535,-0.002947328282277955,-0.007692076215716084,1331162.523954941,3.000730353768303
101,48.65608158432551,1.007193241992677,-0.004869734718743969,0.001776848011891361,-0.004390442964354581,-0.002703976843930852,-0.007770964756971117,1326769.12110224,3.000730353768303
102,49.13782496634851,1.007156348465999,-0.004891118462815017,0.0017121301727798,-0.004513138858069931,-0.002456006198834786,-0.007847680553031505,1322150.264692203,3.000730353768303
103,49.61956834837156,1.007118445680829,-0.004910428025073016,0.001646785709470718,-0.004634026710924549,-0.002203388678531825,-0.007922188166301726,1317304.562530388,3.000730353768303
104,50.10131173039456,1.007079548387606,-0.004927624769744441,0.001580833078084578,-0.004753163267147013,-0.001946093066070462,-0.007994449263122655,1312230.536947209,3.000730353768303
105,50.58305511241761,1.007039670852865,-0.004942669787057847,0.001514291065029937,-0.004870608611843572,-0.001684084421734051,-0.008064422433941284,1306926.624266029,3.000730353768303
106,51.06479849444061,1.006998826830408,-0.004955523861631685,0.00144717881330115,-0.004986426453144688,-0.00141732389732238,-0.008132062995241862,1301391.174112846,3.000730353768303
107,51.54654187646366,1.006957029530025,-0.004966147439273246,0.001379515850498938,-0.005100684426404215,-0.001145768538280836,-0.008197322771479188,1295622.448561824,3.000730353768303
108,52.02828525848665,1.006914291583611,-0.004974500592084857,0.001311322118747817,-0.005213454422853275,-0.00086937107292332,-0.008260149855035226,1289618.621110463,3.000730353768303
109,52.51002864050971,1.006870625008443,-0.004980542981767154,0.001242618006701331,-0.005324812945377832,-0.0005880796879441099,-0.008320488341971867,1283377.775478749,3.000730353768303
110,52.99177202253271,1.006826041167382,-0.004984233821002239,0.001173424383846073,-0.005434841494392297,-0.0003018377893655392,-0.00837827804107011,1276897.904224271,3.000730353768303
111,53.47351540455576,1.006780550725746,-0.00498553183279235,0.001103762637337142,-0.005543626987128045,-1.0583748013132e-05,-0.00843345415332639,1270176.907166682,3.000730353768303
112,53.95525878657875,1.006734163604561,-0.004984395207621862,0.001033654711623064,-0.005651262214045849,0.0002857493714371736,-0.008485946918710421,1263212.589613129,3.000730353768303
113,54.43700216860181,1.006686888929853,-0.004980781558302362,0.0009631231511458927,-0.005757846336529165,0.0005872340988472235,-0.008535681226572648,1256002.660376282,3.000730353768303
114,54.91874555062481,1.00663873497763,-0.004974647872351971,0.0008921911464345736,-0.005863485430521641,0.0008939488654915802,-0.008582576185611448,1248544.729576115,3.000730353768303
115,55.40048893264785,1.006589709114162,-0.004965950461751203,0.0008208825839452657,-0.005968293081355382,0.001205978330514766,-0.00862654464876355,1240836.306215629,3.000730353768303
116,55.88223231467085,1.006539817731079,-0.004954644909908448,0.0007492221000437666,-0.006072391035677231,0.001523413728095256,-0.008667492687751171,1232874.795521327,3.000730353768303
117,56.36397569669391,1.006489066174831,-0.004940686015658699,0.0006772351395712862,-0.006175909917143422,0.001846353236468765,-0.008705319011295898,1224657.496037439,3.000730353768303
118,56.8457190787169,1.006437458669905,-0.004924027734109613,0.0006049480194883146,-0.006278990013422843,0.002174902369965623,-0.008739914320172225,1216181.596463514,3.000730353768303
119,57.32746246073995,1.00638499823521,-0.004904623114139395,0.0005323879981513315,-0.006381782143052765,0.002509174395206251,-0.008771160591306608,1207444.172224674,3.000730353768303
120,57.80920584276295,1.006331686592908,-0.004882424232341748,0.0004595833508467157,-0.006484448611844812,0.002849290772554807,-0.008798930282005912,1198442.181763135,3.000730353768303
121,58.290949224786,1.006277524068913,-0.004857382123204219,0.0003865634522848776,-0.00658716426987109,0.003195381623853157,-0.008823085444095399,1189172.462539952,3.000730353768303
122,58.772692606809,1.006222509484171,-0.004829446705298414,0.000313358866848959,-0.0066901176815993,0.00354758622732442,-0.008843476736227018,1179631.726736476,3.000730353768303
123,59.25443598883205,1.006166640035722,-0.004798566703253807,0.0002400014474963848,-0.006793512423529869,0.003906053540343529,-0.008859942320844949,1169816.556644505,3.000730353768303
124,59.73617937085505,1.00610991116643,-0.004764689565282351,0.0001665244443324239,-0.006897568525758242,0.00427094275048855,-0.008872306630217739,1159723.399736087,3.000730353768303
125,60.2179227528781,1.006052316422101,-0.004727761376019017,9.296262401343498e-05,-0.007002524076293841,0.004642423854895318,-0.008880378983507919,1149348.563404402,3.000730353768303
126,60.6996661349011,1.005993847294561,-0.004687726764445517,1.935240129896625e-05,-0.007108637009774722,0.005020678267399679,-0.008883952033979721,1138688.209369206,3.000730353768303
127,61.18140951692415,1.005934493049058,-0.0046445288066714,-5.426801574179916e-05,-0.007216187105499508,0.005405899452225743,-0.008882800022057907,1127738.347743158,3.000730353768303
128,61.66315289894715,1.005874240534149,-0.004598108923361041,-0.0001278584651458365,-0.00732547822353919,0.005798293582007644,-0.008876676805941328,1116494.83075867,3.000730353768303
129,62.1448962809702,1.005813073971947,-0.004548406771618227,-0.0002013766531177566,-0.007436840812203141,0.006198080216644418,-0.008865313636715859,1104953.346159944,3.000730353768303
130,62.6266396629932,1.00575097472634,-0.00449536013117605,-0.0002747779564631938,-0.007550634725440334,0.00660549299778681,-0.008848416639245925,1093109.410271049,3.000730353768303
131,63.1083830450162,1.005687921046418,-0.004438904784791448,-0.0003480152027727444,-0.007667252395019347,0.007020780351523153,-0.008825663953358464,1080958.360759732,3.000730353768303
132,63.59012642703924,1.005623887781979,-0.004378974392817247,-0.0004210384253251462,-0.007787122409728066,0.007444206188895598,-0.008796702481729646,1068495.34912762,3.000730353768303
133,64.07186980906225,1.005558846067457,-0.004315500362025432,-0.0004937945891954707,-0.007910713562608439,0.007876050590043234,-0.008761144181146378,1055715.332971804,3.000730353768303
134,64.55361319108529,1.005492762970154,-0.004248411708893025,-0.0005662272844821634,-0.00803853943766252,0.008316610452745553,-0.008718561822073451,1042613.068082159,3.000730353768303
135,65.03535657310829,1.005425601097919,-0.00417763491774746,-0.0006382763818874256,-0.00817116361987371,0.008766200079561231,-0.008668484127253734,1029183.100462768,3.000730353768303
136,65.51709995513134,1.005357318160753,-0.00410309379441596,-0.0007098776450769486,-0.008309205627200703,0.009225151669146801,-0.008610390182826373,1015419.75839818,3.000730353768304
137,65.99884333715434,1.005287866479852,-0.00402470931635369,-0.0007809622932776724,-0.008453347680926378,0.009693815666043085,-0.008543702994442254,1001317.144725916,3.000730353768303
138,66.4805867191774,1.005217192436613,-0.003942399480662572,-0.0008514565064131286,-0.00860434245199089,0.01017256090837277,-0.008467782035173723,986869.1295304594,3.000730353768303
139,66.96233010120039,1.005145235852848,-0.00385607915199222,-0.0009212808636797676,-0.008763021946470387,0.01066177449333852,-0.008381914600499437,972069.3435432343,3.000730353768303
140,67.44407348322345,1.005071929291979,-0.003765659913079824,-0.0009903497047821276,-0.008930307724097192,0.01116186125459641,-0.008285305746824016,956911.1726233088,3.000730353768303
141,67.92581686524645,1.004997197269254,-0.003671049921699264,-0.001058570400999942,-0.009107222680767009,0.01167324271136769,-0.008177066541994913,941387.7538112262,3.000730353768303
142,68.40756024726949,1.004920955356896,-0.003572153779129881,-0.001125842520772662,-0.009294904670697357,0.01219635530367386,-0.008056200296708333,925491.9736016185,3.000730353768303
143,68.88930362929248,1.004843109167635,-0.003468872417033536,-0.001192056871446308,-0.009494622297920646,0.01273164766737856,-0.007921586371482601,909216.4692820627,3.000730353768303
144,69.37104701131554,1.004763553197037,-0.003361103011989795,-0.001257094395098966,-0.009707793272018856,0.01327957662135197,-0.007771961061076612,892553.6344492565,3.000730353768303
145,69.85279039333854,1.004682169501497,-0.003248738940086575,-0.001320824891768749,-0.009936005801703795,0.01384060142949455,-0.007605894941766459,875495.6301637827,3.000730353768303
146,70.33453377536159,1.004598826184425,-0.003131669788169827,-0.00138310553773102,-0.01018104359454363,0.01441517575207378,-0.00742176592022177,858034.4036665547,3.000730353768303
147,70.81627715738459,1.004513375658003,-0.003009781444001821,-0.001443779159424952,-0.01044491514457781,0.01500373649907032,-0.007217727037430286,840161.7171966026,3.000730353768303
148,71.29802053940764,1.004425652641704,-0.0028829562951846,-0.001502672214851787,-0.01072988812446142,0.01560668852221819,-0.006991667846378459,821869.1902744464,3.000730353768303
149,71.77976392143064,1.004335471851342,-0.002751073577007491,-0.001559592423291508,-0.01103852985728272,0.01622438370256876,-0.006741167884186943,803148.3599237932,3.000730353768303
150,72.26150730345368,1.004242625323603,-0.002614009923396506,-0.001614325970419208,-0.0113737550259498,0.01685709246446154,-0.006463440380580093,783990.7648052024,3.000730353768303
151,72.74325068547668,1.004146879310594,-0.002471640194329845,-0.001666634198588194,-0.01173888198226969,0.01750496501389387,-0.006155263863065822,764388.0612778576,3.000730353768303
152,73.22499406749974,1.004047970666743,-0.002323838679492075,-0.001716249670226982,-0.01213769923403387,0.01816797857140074,-0.005812898708388574,744332.1822009863,3.000730353768303
153,73.70673744952273,1.003945602636449,-0.002170480814515136,-0.001762871464773702,-0.01257454389413479,0.01884586541842051,-0.005431984918744661,723815.5531429859,3.000730353768303
154,74.18848083154579,1.003839439935404,-0.002011445597127822,-0.001806159534880748,-0.01305439402465361,0.01953801451410428,-0.005007416436972109,702831.3860140573,3.000730353768303
155,74.67022421356879,1.003729103002346,-0.001846618962047257,-0.001845727904036175,-0.01358297681111267,0.02024333649105145,-0.004533186129071942,681374.0776121607,3.000730353768303
156,75.15196759559184,1.003614161282955,-0.001675898474401158,-0.001881136433377196,-0.01416689418915412,0.02096007759807938,-0.004002194146466328,659439.751080093,3.000730353768303
157,75.63371097761484,1.003494125397458,-0.001499199844896826,-0.001911880818534872,-0.01481376660789612,0.02168556203030333,-0.003406010779128507,637026.9931459638,3.000730353768303
158,76.11545435963788,1.003368438045564,-0.001316465974867763,-0.001937380396887422,-0.0155323934877385,0.02241583320224026,-0.002734583291617075,614137.8611920006,3.000730353768303
159,76.59719774166088,1.003236463530216,-0.001127679533451842,-0.001956963252997903,-0.0163329245981589,0.02314515162834132,-0.001975875028888875,590779.2644795085,3.000730353768303
160,77.07894112368393,1.0030974758605,-0.0009328804925239061,-0.001969848012229707,-0.01722702821559634,0.02386528843407157,-0.001115425267377772,566964.8672898659,3.000730353768303
161,77.56068450570693,1.00295064556951,-0.00073219065445627,-0.001975121628743392,-0.01822802625609323,0.02456452684347721,-0.0001358219601424865,542717.7240297053,3.000730353768303
162,78.04242788772999,1.002795025737252,-0.0005258480805529694,-0.001971712448869232,-0.01935093782101277,0.0252262466704181,0.000983909015918231,518073.9451820274,3.000730353768302
163,78.52417126975298,1.002629538388479,-0.0003142555614023574,-0.001958357960455548,-0.02061232063094238,0.02582691701105991,0.002268966632592995,493087.817923663,3.000730353768302
164,79.00591465177604,1.002452963697974,-9.804896387754006e-05,-0.001933567121509443,-0.02202970748359092,0.0263332621574481,0.003749396878060095,467838.9757165042,3.000730353768304
165,79.48765803379904,1.002263936721854,0.0001218065195592852,-0.001895578391674213,-0.02362027462911994,0.02669831029871629,0.005460455354675026,442442.4296846266,3.000730353768304
166,79.96940141582208,1.002060960400375,0.0003438817143089708,-0.001842317323709905,-0.02539811184333232,0.02685603366040695,0.007442242584125893,417062.5173361522,3.000730353768303
167,80.45114479784507,1.001842450401814,0.0005660980490681013,-0.001771363180909393,-0.02736905154924966,0.02671447595733042,0.009737680826114068,391931.9928692962,3.0007303537683
168,80.93288817986813,1.001606838199085,0.0007854805087269975,-0.001679944786352892,-0.02952147676226701,0.02614795202494113,0.01238710841184801,367377.2964365624,3.000730353768299
169,81.41463156189113,1.0013527738137,0.0009978493934358209,-0.00156500465985806,-0.03181112968960428,0.0249907279418446,0.0154166211235596,343849.8229802109,3.000730353768315
170,81.89637494391418,1.001079484495659,0.001197485741926106,-0.001423399009617472,-0.03413864650884432,0.02303851184637023,0.01881626921386073,321959.4027488091,3.00073035376832
171,82.37811832593718,1.000787342490113,0.001376883105108285,-0.001252331545754282,-0.03632270949750065,0.02007054649962662,0.0225053211539602,302498.1463592615,3.000730353768309
172,82.85986170796023,1.000478630766883,0.001526830755593489,-0.00105011607761607,-0.03808282205810431,0.01591054807368562,0.02628978839204522,286429.2382000126,3.000730353768311
173,83.34160508998323,1.00015830956704,0.001637203204947148,-0.0008172455501654968,-0.03906275234393906,0.01053521765179729,0.02983735665153638,274802.2297623312,3.000730353768307
174,83.82334847200627,0.9998342944756039,0.001698743365633417,-0.0005574350389461764,-0.03892859144765284,0.004193512294826445,0.03271734009581383,268566.0869843711,3.000730353768318
175,84.30509185402927,0.9995166364925318,0.001705537639572335,-0.0002779374551869035,-0.03752540498108974,-0.002566059960462923,0.03453562539450226,268312.5956679362,3.000730353768315
176,84.78683523605233,0.9992155044964018,0.001656992651522932,1.148389152689792e-05,-0.0349866797785711,-0.009047643389982291,0.03510460401025842,274074.0075180218,3.000730353768308
177,85.26857861807532,0.9989388697077944,0.001557988336762455,0.0003006718269536872,-0.0316875912865881,-0.01466811685179045,0.03451524863920317,285311.16365999,3.000730353768282
178,85.75032200009838,0.9986911677813473,0.001417106029988119,0.0005811369331650666,-0.02807495795526023,-0.01913106684046748,0.03305604343807918,301100.7252572433,3.000730353768239
179,86.23206538212138,0.9984733985882974,0.001244164195643921,0.0008470862447423898,-0.02451284689463409,-0.0224207079168465,0.03106602051903284,320392.7593643586,3.000730353768315
180,86.71380876414443,0.998284121024353,0.001048326298436769,0.001095357376912556,-0.02122453129522895,-0.02468980623744643,0.02882976884961823,342207.8091013373,3.000730353768324
181,87.19555214616743,0.9981205803972435,0.0008371903639375936,0.00132478230812913,-0.01831015652721769,-0.02614826401035955,0.02654304494748312,365731.5574323774,3.00073035376832
182,87.67729552819047,0.9979795547532084,0.0006166228302063345,0.001535472204007306,-0.01578956555630643,-0.02699692685716904,0.0243222273558094,390332.0590109348,3.000730353768305
183,88.15903891021347,0.9978578557617002,0.0003909629419591143,0.001728252879392957,-0.01364001546093077,-0.02740156750930383,0.02222734651339256,415538.4321331459,3.00073035376829
184,88.64078229223652,0.9977525706228494,0.0001633384852267197,0.001904289227235093,-0.01182081681271363,-0.02748922254704045,0.02028324977168416,441007.9370108943,3.000730353768289
185,89.12252567425952,0.9976611482307097,-6.403209593116138e-05,0.002064860480887518,-0.01028693011516722,-0.02735350629378871,0.0184946902405616,466494.4262564618,3.000730353768285
186,89.60426905628258,0.9975814045180835,-0.0002895932702160573,0.002211236484698617,-0.008995499191080503,-0.02706201440228841,0.01685586034908121,491822.553663273,3.000730353768284
187,90.08601243830557,0.9975114916492919,-0.0005122656396768043,0.002344615581519206,-0.007908460649304552,-0.02666307575642901,0.01535600296312671,516868.1701643012,3.000730353768284
188,90.56775582032863,0.9974498547660819,-0.0007313094522308437,0.002466097898369908,-0.006993178687725763,-0.0261911025320688,0.01398254787574388,541543.9483533192,3.000730353768284
189,91.04949920235163,0.9973951877152826,-0.0009462266263407394,0.002576677985451239,-0.006222182836487828,-0.02567056904604309,0.01272277850758726,565789.0203080651,3.000730353768285
190,91.53124258437467,0.9973463926360527,-0.00115669094967414,0.002677247452615305,-0.005572561381269978,-0.02511888098516064,0.01156465812895034,589561.5589878856,3.000730353768285
191,92.01298596639766,0.9973025450208254,-0.001362498436868145,0.002768602326514086,-0.005025275665239796,-0.02454841484697134,0.01049718963817107,612833.4719799671,3.000730353768285
192,92.49472934842072,0.9972628643520932,-0.001563531972003336,0.002851452240206931,-0.004564511813691169,-0.02396795977071295,0.009510524637928151,635586.5970005415,3.000730353768285
193,92.97647273044372,0.9972266897919982,-0.00175973604563001,0.00292642993149603,-0.004177113092907162,-0.02338373663893486,0.008595943764380807,657809.9626041634,3.000730353768285
194,93.45821611246677,0.9971934602043276,-0.001951098634655861,0.002994100291524491,-0.003852101826268369,-0.02280012036875721,0.007745776002416153,679497.8058103179,3.000730353768285
195,93.93995949448977,0.9971626977847744,-0.002137638154787682,0.003054968626394741,-0.00358028506365135,-0.02222015409852933,0.006953293824118559,700648.1298169999,3.000730353768285
196,94.42170287651282,0.9971339946495699,-0.002319394032828201,0.003109488020728191,-0.00335393293409763,-0.02164591715486886,0.006212603565703499,721261.6491937949,3.000730353768285
197,94.90344625853582,0.9971070018300181,-0.002496419876239642,0.003158065808766487,-0.003166517700262708,-0.02107878984984385,0.005518540736545574,741341.0147716949,3.000730353768285
198,95.38518964055886,0.9970814202166708,-0.002668778516677085,0.003201069214554143,-0.003012502455991638,-0.02051964509077077,0.004866574605227773,760890.2417109396,3.000730353768285
199,95.86693302258186,0.9970569930822806,-0.002836538412954576,0.003238830245567681,-0.002887169959696135,-0.01996898775984442,0.00425272352986204,779914.286091661,3.000730353768285
200,96.34867640460492,0.997033499884653,-0.0029997710451697,0.003271649929441764,-0.002786483727429493,-0.01942705658678743,0.003673481010065729,798418.7307318629,3.000730353768285
201,96.83041978662791,0.9970107511094944,-0.003158549034742325,0.003299801979892155,-0.002706974994090291,-0.0188938989192807,0.003125751720078428,816409.5517897418,3.000730353768285
202,97.31216316865097,0.9969885839609265,-0.00331294479815206,0.003323535970365466,-0.002645650415435825,-0.01836942579081524,0.002606796487037615,833892.9454245282,3.000730353768285
203,97.79390655067397,0.9969668587453648,-0.003463029594253212,0.003343080084958394,-0.002599916422840581,-0.01785345258270587,0.002114185107708874,850875.1993149894,3.000730353768285
204,98.27564993269702,0.9969454558247506,-0.003608872862451707,0.003358643507103229,-0.002567516980114013,-0.01734572909633567,0.001645755939883292,867362.597816313,3.000730353768285
205,98.75739331472002,0.9969242730391802,-0.003750541776056556,0.003370418498072047,-0.002546482158736235,-0.01684596180238594,0.001199581299534926,883361.3524261928,3.000730353768285
206,99.23913669674306,0.9969032235181244,-0.003888100954774128,0.003378582209787166,-0.002535085475930655,-0.01635383028531104,0.0007739378081701236,898877.5513414167,3.000730353768285
207,99.72088007876606,0.9968822338146615,-0.004021612294689408,0.003383298269811675,-0.002531808356796387,-0.01586899936388781,0.0003672809490329635,913917.1234382822,3.000730353768285
208,100.2026234607891,0.9968612423093167,-0.00415113488465591,0.003384718170698968,-0.002535310410468122,-0.01539112798032258,-2.17768026044668e-05,928485.8131578339,3.000730353768285
209,100.6843668428121,0.99684019783984,-0.004276724985837018,0.003382982491022973,-0.002544404469745173,-0.01491987566803511,-0.0003944848145540136,942589.1636309698,3.000730353768285
210,101.1661102248352,0.9968190585210724,-0.004398436056956057,0.003378221971292542,-0.002558035548789235,-0.01445490720169764,-0.0007519705546531493,956232.506017389,3.000730353768285
211,101.6478536068582,0.9967977907253648,-0.004516318812151961,0.003370558464474208,-0.002575263036090894,-0.01399589588117373,-0.001095253654699179,969420.9535125616,3.000730353768285
212,102.1295969888812,0.9967763681991068,-0.004630421301592271,0.003360105777913322,-0.002595245569155209,-0.01354252578862013,-0.001425258106023082,982159.3988403308,3.000730353768285
213,102.6113403709042,0.9967547712950765,-0.004740789007442761,0.003346970420970921,-0.002617228140424139,-0.01309449327447508,-0.001742822860284328,994452.5143238073,3.000730353768285
214,103.0930837529273,0.9967329863036933,-0.004847464949641951,0.003331252270609443,-0.002640531066427467,-0.01265150786564256,-0.002048711066160716,1006304.753837706,3.000730353768285
215,103.5748271349503,0.9967110048690263,-0.004950489797326691,0.00331304516540233,-0.002664540518381395,-0.01221329274235709,-0.002343618136625306,1017720.356105518,3.000730353768285
216,104.0565705169733,0.9966888234776787,-0.005049901982816647,0.003292437436957588,-0.002688700365831197,-0.01177958489492282,-0.002628178811370171,1028703.348928625,3.000730353768285
217,104.5383138989963,0.9966664430105475,-0.005145737815870562,0.003269512386489453,-0.002712505128108455,-0.01135013504483338,-0.002902973353696491,1039257.554028909,3.000730353768285
218,105.0200572810193,0.9966438683490011,-0.005238031596540378,0.003244348713207832,-0.002735493863425042,-0.01092470739451663,-0.003168533000046081,1049386.592260116,3.000730353768285
219,105.5018006630424,0.9966211080283117,-0.005326815725414314,0.003217020900291583,-0.002757244853983639,-0.01050307925452379,-0.003425344762610787,1059093.888999518,3.000730353768285
220,105.9835440450654,0.9965981739322498,-0.005412120810393935,0.003187599563442872,-0.002777370968834626,-0.01008504058520136,-0.003673855670559479,1068382.679575407,3.000730353768285
221,106.4652874270884,0.996575081023646,-0.005493975769418161,0.003156151766364345,-0.002795515605367713,-0.009670393480867618,-0.003914476522888121,1077256.014619899,3.000730353768285
222,106.9470308091114,0.9965518471064815,-0.005572407928749123,0.003122741306940974,-0.002811349126098644,-0.009258951617599097,-0.004147585215333623,1085716.76526277,3.000730353768285
223,107.4287741911345,0.9965284926157016,-0.005647443116587231,0.003087428977428839,-0.002824565720439069,-0.008850539680417309,-0.004373529694868753,1093767.628102435,3.000730353768285
224,107.9105175731575,0.996505040431484,-0.005719105751895392,0.003050272801541972,-0.002834880631931447,-0.008444992781577659,-0.004592630587741331,1101411.129905929,3.000730353768285
225,108.3922609551805,0.9964815157151473,-0.00578741892839628,0.003011328250974513,-0.002842027700402622,-0.008042155878510981,-0.004805183540613361,1108649.632001783,3.000730353768285
226,108.8740043372035,0.9964579457642749,-0.005852404493766333,0.002970648443591102,-0.002845757175967337,-0.007641883197543784,-0.005011461308903672,1115485.334338934,3.000730353768285
227,109.3557477192266,0.9964343598849564,-0.005914083124093376,0.002928284325255279,-0.002845833768063548,-0.007244037667648376,-0.005211715621792731,1121920.279191873,3.000730353768285
228,109.8374911012496,0.9964107892793341,-0.005972474393693275,0.00288428483703872,-0.002842034897939228,-0.006848490367034705,-0.005406178849374122,1127956.354497331,3.000730353768285
229,110.3192344832726,0.9963872669468828,-0.006027596840399967,0.002838697069357109,-0.002834149127410357,-0.006455119984280236,-0.00559506549403409,1133595.296811877,3.000730353768285
230,110.8009778652956,0.9963638275980632,-0.006079468026453119,0.002791566404408203,-0.002821974740413724,-0.006063812294838006,-0.005778573525213018,1138838.693882258,3.000730353768285
231,111.2827212473187,0.996340507579167,-0.006128104595112207,0.002742936648139294,-0.002805318457002099,-0.005674459653099536,-0.005956885574180061,1143687.986822448,3.000730353768285
232,111.7644646293417,0.9963173448073341,-0.006173522323124641,0.002692850152843051,-0.002783994262068394,-0.005286960499678355,-0.00613017000326907,1148144.471892212,3.000730353768285
233,112.2462080113647,0.996294378714853,-0.006215736169171463,0.002641347931368679,-0.002757822333316914,-0.004901218883181295,-0.006298581862129771,1152209.301872879,3.000730353768285
234,112.7279513933877,0.9962716502019837,-0.006254760318406369,0.002588469763838645,-0.002726628054887728,-0.00451714399542474,-0.006462263741896574,1155883.487035742,3.000730353768285
235,113.2096947754108,0.9962492015976394,-0.006290608223194451,0.002534254297676633,-0.002690241104638791,-0.004134649718805867,-0.006621346536732476,1159167.895698669,3.000730353768285
236,113.6914381574338,0.9962270766273658,-0.006323292640145192,0.002478739141679746,-0.002648494604440351,-0.003753654184340652,-0.006775950120933612,1162063.254365392,3.000730353768285
237,114.1731815394568,0.9962053203881328,-0.006352825663521492,0.002421960954804556,-0.002601224323975714,-0.003374079338712937,-0.00692618394865561,1164570.147441437,3.000730353768285
238,114.6549249214798,0.996183979329534,-0.006379218755091914,0.002363955530282648,-0.002548267929500211,-0.002995850518536093,-0.007072147582320212,1166689.016519243,3.000730353768285
239,115.1366683035029,0.99616310124105,-0.006402482770478141,0.002304757875634544,-0.002489464269810886,-0.002618896029895304,-0.007213931154861807,1168420.159223906,3.000730353768285
240,115.6184116855259,0.996142735245102,-0.006422627982032817,0.002244402289111927,-0.002424652692341555,-0.002243146731112397,-0.007351615770158151,1169763.727609059,3.000730353768285
241,116.1001550675489,0.9961229317956696,-0.006439664098265642,0.00218292243306484,-0.002353672382840948,-0.001868535616543938,-0.007485273845244281,1170719.726090849,3.000730353768285
242,116.5818984495719,0.9961037426823037,-0.006453600279816627,0.002120351404703991,-0.002276361722524834,-0.001494997399087221,-0.007614969397216661,1171288.008906015,3.000730353768285
243,117.0636418315949,0.9960852210394161,-0.006464445151955731,0.002056721804706525,-0.002192557656930124,-0.001122468088914295,-0.007740758277085974,1171468.277077493,3.000730353768285
244,117.5453852136179,0.996067421360768,-0.006472206813566702,0.001992065804097914,-0.002102095070946614,-0.0007508845657867077,-0.007862688352215746,1171260.074868988,3.000730353768285
245,118.027128595641,0.9960503995191322,-0.006476892842550331,0.001926415209831102,-0.002004806164665049,-0.0003801841421024099,-0.007980799638383751,1170662.785706859,3.000730353768285
246,118.508871977664,0.996034212791142,-0.006478510297557715,0.001859801529478371,-0.001900519824766647,-1.030411360512139e-05,-0.008095124381906186,1169675.627544944,3.000730353768285
247,118.9906153596871,0.9960189198873859,-0.00647706571593769,0.001792256035449794,-0.001789060986185837,0.0003588187055811285,-0.008205687091666169,1168297.647644532,3.000730353768285
248,119.4723587417101,0.9960045809878507,-0.006472565107753652,0.001723809829156397,-0.001670249978710827,0.000727248467233315,-0.008312504520270814,1166527.716738199,3.000730353768285
249,119.9541021237331,0.995991257782862,-0.006465013945693403,0.001654493905544832,-0.001543901853040531,0.001095050796627628,-0.008415585592916547,1164364.522542005,3.000730353768285
250,120.4358455057561,0.9959790135197123,-0.006454417150660792,0.001584339218445357,-0.001409825680591605,0.00146229332787209,-0.008514931281853953,1161806.562576499,3.000730353768285
251,120.9175888877791,0.9959679130552228,-0.006440779072799328,0.001513376747195014,-0.001267823821038403,0.00182904627188093,-0.008610534423598198,1158852.136251557,3.000730353768285
252,121.3993322698021,0.9959580229145306,-0.006424103467655039,0.00144163756502534,-0.001117691151168794,0.002195383022467982,-0.008702379475209904,1155499.33616501,3.000730353768285
253,121.8810756518252,0.9959494113564491,-0.006404393467137646,0.001369152909737638,-0.0009592142481367265,0.002561380806706194,-0.008790442205056091,1151746.03855873,3.000730353768285
254,122.3628190338482,0.9959421484458131,-0.006381651544885157,0.001295954257231573,-0.0007921705195821009,0.002927121386481434,-0.008874689312426227,1147589.892868777,3.000730353768285
255,122.8445624158713,0.9959363061332805,-0.006355879475575738,0.001222073398503762,-0.0006163272723513766,0.00329269181908903,-0.008955077969198897,1143028.310298751,3.000730353768285
256,123.3263057978942,0.995931958343137,-0.006327078287661463,0.001147542520795373,-0.0004314407106757576,0.003658185285795837,-0.009031555275394598,1138058.451336658,3.000730353768285
257,123.8080491799173,0.9959291810697299,-0.006295248208919355,0.001072394293641326,-0.000237254853622701,0.00402370199856217,-0.009104057618872645,1132677.212125558,3.000730353768285
258,124.2897925619403,0.9959280524832478,-0.006260388604124763,0.0009966619606623464,-3.350036040954051e-05,0.004389350196608596,-0.00917250992758341,1126881.209587331,3.000730353768285
259,124.7715359439633,0.995928653045658,-0.006222497904048052,0.0009203794380453982,0.0001801067492795342,0.004755247246279974,-0.009236824800614699,1120666.765186023,3.000730353768285
260,125.2532793259863,0.9959310656377365,-0.006181573524855824,0.0008435814207829578,0.0004038664945333215,0.005121520859745814,-0.009296901501697194,1114029.887202586,3.000730353768285
261,125.7350227080094,0.9959353756982429,-0.006137611776858961,0.0007663034978887391,0.0006380964685766074,0.005488310450560406,-0.009352624795770854,1106966.251376472,3.000730353768285
262,126.2167660900324,0.9959416713764486,-0.006090607761388767,0.000688582277983504,0.0008831335291802837,0.005855768647055223,-0.009403863605546337,1099471.179750265,3.000730353768285
263,126.6985094720554,0.9959500436993903,-0.006040555254394219,0.0006104555268529139,0.001139335665830624,0.006224062988068499,-0.009450469460585595,1091539.617531588,3.000730353768285
264,127.1802528540784,0.9959605867554128,-0.005987446575133615,0.0005319623188289877,0.001407084068656258,0.00659337782974008,-0.009492274706093561,1083166.107761465,3.000730353768285
265,127.6619962361015,0.9959733978957926,-0.005931272438075058,0.0004531432041440384,0.00168678542800931,0.006963916497186873,-0.009529090432137699,1074344.763548627,3.000730353768285
266,128.1437396181245,0.995988577956488,-0.005872021785815753,0.0003740403947636834,0.001978874498218086,0.007335903721005794,-0.009560704076107639,1065069.237595652,3.000730353768285
267,128.6254830001475,0.9960062315023614,-0.005809681600468844,0.0002946979716348234,0.002283816964532931,0.007709588405989707,-0.009586876641532351,1055332.688702924,3.000730353768284
268,129.1072263821706,0.9960264670965725,-0.005744236690538004,0.0002151621168041996,0.002602112658849593,0.008085246788482648,-0.009607339464419511,1045127.744890461,3.000730353768285
269,129.5889697641936,0.9960493975982461,-0.005675669449787683,0.0001354813744921852,0.002934299177658029,0.008463186049859742,-0.009621790443469658,1034446.462723189,3.000730353768285
270,130.0707131462166,0.9960751404920025,-0.005603959584003868,5.57069459738444e-05,0.003280955965098684,0.008843748467179474,-0.009629889632061409,1023280.28236194,3.000730353768286
271,130.5524565282396,0.9961038182535044,-0.005529083800801155,-2.410697594293244e-05,0.003642708935382615,0.009227316198796427,-0.00963125406677915,1011619.977787005,3.000730353768285
272,131.0341999102626,0.9961355587558416,-0.005451015456739232,-0.0001039028258980339,0.004020235722575349,0.009614316823464693,-0.009625451678108332,999455.6015526602,3.000730353768285
273,131.5159432922857,0.9961704957223779,-0.005369724154925939,-0.0001836192300485291,0.004414271662420805,0.01000522977731647,-0.009611994091962858,986776.4233252411,3.000730353768285
274,131.9976866743087,0.996208769232624,-0.005285175284958954,-0.0002631905050832977,0.004825616631176288,0.0104005938654936,-0.00959032808353555,973570.8613321764,3.000730353768285
275,132.4794300563318,0.9962505262888445,-0.005197329495430037,-0.0003425460798228403,0.005255142891222937,0.01080101606603989,-0.009559825384344335,959826.4056987065,3.000730353768286
276,132.9611734383547,0.9962959214524628,-0.005106142087207126,-0.0004216098242538401,0.005703804123597172,0.01120718189543952,-0.009519770464893312,945529.532469383,3.000730353768285
277,133.4429168203778,0.9963451175609745,-0.005011562313213931,-0.0005002992673146281,0.00617264586494908,0.01161986767127018,-0.009469345813060966,930665.6068942707,3.000730353768285
278,133.9246602024008,0.9963982865380622,-0.004913532567310356,-0.0005785246802388235,0.006662817612498995,0.01203995509235569,-0.009407614093843145,915218.7742982334,3.000730353768285
279,134.4064035844238,0.9964556103120218,-0.004811987440957098,-0.0006561879964701459,0.00717558691752386,0.0124684486667079,-0.009333496397788093,899171.8365340936,3.000730353768285
280,134.8881469664468,0.996517281860544,-0.004706852621386662,-0.000733181531652104,0.007712355858456209,0.01290649666085111,-0.009245745546956159,882506.1116355729,3.000730353768285
281,135.3698903484699,0.9965835064034876,-0.00459804359867582,-0.0008093864573848697,0.008274680372167659,0.01335541643249665,-0.009142913105094613,865201.2738160782,3.000730353768285
282,135.8516337304929,0.9966545027696788,-0.004485464140986804,-0.0008846709695002287,0.008864293030441176,0.01381672525819838,-0.009023308299133522,847235.170387342,3.000730353768285
283,136.3333771125159,0.9967305049691737,-0.004369004486716076,-0.0009588880743721373,0.009483129982692363,0.01429217810149003,-0.00888494645264346,828583.6114725632,3.000730353768285
284,136.8151204945389,0.9968117640090535,-0.004248539188538914,-0.001031872893586689,0.01013336295072626,0.01478381421762552,-0.008725483685308604,809220.1275364446,3.000730353768285
285,137.296863876562,0.996898549998967,-0.004123924526212243,-0.001103439355728532,0.01081743736143038,0.01529401510527038,-0.008542133435670705,789115.6887181458,3.000730353768285
286,137.778607258585,0.9969911546025965,-0.003994995380879766,-0.00117337610054861,0.01153811794132859,0.01582557716136954,-0.008331558649354965,768238.3787019703,3.000730353768285
287,138.260350640608,0.9970898939032972,-0.00386156143120379,-0.001241441360072716,0.01229854336921146,0.01638180357295763,-0.008089730980925901,746553.0143717461,3.000730353768285
288,138.742094022631,0.9971951117665897,-0.003723402487604947,-0.001307356495251943,0.01310229187125841,0.01696662163745061,-0.007811744672500394,724020.7007648475,3.000730353768285
289,139.2238374046541,0.9973071837988992,-0.003580262720381982,-0.001370797743154818,0.01395345989599019,0.0175847340639435,-0.007491567232788704,700598.3089260472,3.000730353768285
290,139.7055807866771,0.9974265220202189,-0.003431843453382875,-0.001431385548948736,0.01485675610188516,0.01824181621019732,-0.007121700555178407,676237.862339311,3.000730353768285
291,140.1873241687001,0.9975535803859396,-0.003277794076584857,-0.00148867058766642,0.01581761255440761,0.01894477616942577,-0.006692712847178423,650885.8161379403,3.000730353768285
292,140.6690675507231,0.9976888613041639,-0.003117700462466799,-0.001542115171463182,0.016842313659769,0.01970210192858305,-0.006192580530353322,624482.2132925474,3.000730353768285
293,141.1508109327462,0.9978329232861276,-0.002951070028316407,-0.001591068101946631,0.01793813964264856,0.02052433068222377,-0.005605744501852917,596959.7057228975,3.000730353768284
294,141.6325543147692,0.9979863898089033,-0.002777312233134636,-0.00163473001373607,0.01911351239109265,0.021424691607812,-0.004911726594887226,568242.4407138155,3.000730353768286
295,142.1142976967922,0.9981499592941881,-0.002595712779149893,-0.001672104596320033,0.02037811066424251,0.02241999753449922,-0.004083050463682245,538244.8449831739,3.000730353768287
296,142.5960410788152,0.9983244156621595,-0.002405399026125951,-0.001701928281730348,0.0217428736853544,0.0235318959889758,-0.003082028860762627,506870.4144954205,3.000730353768285
297,143.0777844608383,0.9985106378496369,-0.002205293022471051,-0.00172256609924996,0.02321970007697359,0.02478863748068978,-0.001855640276517991,474010.793399508,3.000730353768285
298,143.5595278428613,0.998709604129394,-0.001994047033527613,-0.001731852546612173,0.02482037950040667,0.02622756912741545,-0.0003270619722962236,439545.8337047941,3.000730353768288
299,144.0412712248843,0.9989223808638797,-0.001769954656638763,-0.001726839622338094,0.02655361762688744,0.02789855817050061,0.001618896972287995,403346.3031236241,3.000730353768279
300,144.5230146069073,0.999150069670928,-0.001530829784224589,-0.001703381240063619,0.02841722011852009,0.02986824715248595,0.00416200157861808,365283.3414917896,3.000730353768283
301,145.0047579889304,0.9993936452753629,-0.001273851512158978,-0.001655415550757958,0.03037740931732882,0.03222343291365741,0.007596015118988967,325255.1875382721,3.000730353768303
302,145.4865013709534,0.9996534973393487,-0.0009954098751222319,-0.001573663383979649,0.03231164545999127,0.03506469969276021,0.01242594118104645,283259.8820793154,3.000730353768286
303,145.9682447529764,0.9999281226288183,-0.0006911603645398242,-0.001443165993435394,0.03383976818580866,0.03844977278439018,0.01956105332743955,239598.3681617181,3.000730353768289
304,146.4499881349994,1.000210208239681,-0.0003572821618248339,-0.001238653455836253,0.033793856018698,0.04210218393490728,0.03064014087465594,195474.2301931169,3.000730353768291
305,146.9317315170224,1.000474643059834,2.599794129885e-06,-0.0009180020079297534,0.02865537550898736,0.04411511212084263,0.04790614774277827,154808.9104560872,3.000730353768307
306,147.4134748990455,1.000650327532181,0.0003507483671197862,-0.0004328046413645961,0.01114199966533813,0.03762339602265772,0.06866857759625505,128444.0132578047,3.000730353768335
307,147.8952182810685,1.000632130481625,0.0005873329219894624,0.0001759795633728433,-0.01509745134640542,0.01826203474636559,0.07417489046886358,132063.9921923248,3.000730353768295
308,148.3769616630915,1.000434322070799,0.0006621259571137704,0.0007460234338528127,-0.03020925326649164,0.00131209787100791,0.06211855799875623,162932.3011885217,3.00073035376826
309,148.8587050451145,1.000160896965498,0.0006330713805452085,0.001203842481998015,-0.03468009797370222,-0.007210283257010134,0.04884938741826193,204947.9612496649,3.000730353768284
310,149.3404484271376,0.9998703796665521,0.0005555201468094971,0.001565077730783021,-0.03507456903722261,-0.01098782205239843,0.03886976678443756,249164.7974357072,3.000730353768294
311,149.8221918091606,0.9995829824575605,0.0004568621243225855,0.001855634448382379,-0.03417794064583403,-0.0125819649748303,0.03162750119833471,292520.6419333919,3.000730353768241
312,150.3039351911836,0.9993048620010645,0.0003498017987829335,0.002094348709871711,-0.03291914700058243,-0.01313724836989036,0.02623236907760447,334099.5736036616,3.000730353768238
313,150.7856785732066,0.9990374978637426,0.0002405558244654666,0.002293809043816606,-0.03161042904446962,-0.01316599281068036,0.02207416025365813,373697.2975930108,3.000730353768242
314,151.2674219552297,0.9987807877991653,0.0001323531671127626,0.002462551985470877,-0.03035715378442321,-0.01291370904766321,0.01876883702254336,411349.0788886658,3.000730353768246
315,151.7491653372527,0.9985341115251115,2.694544471659774e-05,0.002606559769795411,-0.02919111810818438,-0.01250650408937637,0.0160721439499081,447167.8381647819,3.000730353768245
316,152.2309087192757,0.998296716067775,-7.469549643393e-05,0.002730167729120935,-0.02811696685199942,-0.01201306372875335,0.01382387341341788,481285.6408165107,3.000730353768246
317,152.7126521012987,0.9980678579018254,-0.0001720320199758704,0.00283661396167435,-0.02712947402511171,-0.01147259586878597,0.01191537670514709,513832.1999778842,3.000730353768244
318,153.1943954833218,0.9978468525886962,-0.0002647786985897648,0.002928381279819397,-0.02622027829180732,-0.01090831232147533,0.01027063386122259,544927.4371084608,3.000730353768244
319,153.6761388653448,0.9976330880245132,-0.0003528013990849562,0.003007416878594103,-0.0253805473686478,-0.01033433425211851,0.008834948657504629,574679.5609829102,3.000730353768246
320,154.1578822473678,0.9974260234280704,-0.0004360588914344608,0.003075277956619748,-0.024601995383038,-0.009759415352225373,0.007567986875751731,603185.3005938017,3.000730353768247
321,154.6396256293908,0.9972251831389124,-0.0005145678546867137,0.003133231081382659,-0.02387721640802509,-0.00918903889465301,0.006439355234172759,630530.9148839526,3.000730353768246
322,155.1213690114139,0.9970301489984247,-0.0005883812921148063,0.003182321778383747,-0.02319973466108129,-0.008626643662128871,0.005425711556793701,656793.40769379,3.000730353768246
323,155.6031123934369,0.9968405528528724,-0.0006575749031012315,0.003223424412231169,-0.02256394296079411,-0.008074363725650773,0.004508825315765382,682041.7156949346,3.000730353768247
324,156.0848557754599,0.9966560697535736,-0.0007222383182802898,0.003257278689645669,-0.02196500384921067,-0.007533487118828974,0.003674244518592045,706337.7833021925,3.000730353768247
325,156.5665991574829,0.9964764120128131,-0.0007824693832442192,0.003284516871484028,-0.02139874521291119,-0.007004746873061633,0.002910359394730513,729737.5016132967,3.000730353768247
326,157.048342539506,0.9963013240994457,-0.0008383703948033467,0.003305684397971781,-0.02086156323699357,-0.006488509346495419,0.002207731843183297,752291.5147612962,3.000730353768246
327,157.530085921529,0.9961305782916948,-0.0008900456108047785,0.003321255756577118,-0.02035033702788126,-0.005984898125150228,0.00155860667522465,774045.9069874386,3.000730353768247
328,158.011829303552,0.995963970986295,-0.0009375996033836477,0.003331646855485427,-0.01986235552069747,-0.005493876662653241,0.0009565496295944076,795042.7863927342,3.000730353768247
329,158.493572685575,0.9958013195653298,-0.0009811361777957463,0.003337224790803056,-0.0193952557636323,-0.005015304010687743,0.0003961753548510109,815320.7808795368,3.000730353768246
330,158.9753160675981,0.9956424597322323,-0.001020757674248713,0.003338315642636786,-0.01894697115404565,-0.004548972718851349,-0.0001270597294357658,834915.4601678234,3.000730353768246
331,159.4570594496211,0.9954872432407093,-0.001056564530945601,0.003335210761318027,-0.0185156881311718,-0.00409463475477739,-0.0006170170928348205,853859.6958297611,3.000730353768247
332,159.9388028316441,0.9953355359523385,-0.001088655026044796,0.00332817188353161,-0.0180998099457449,-0.003652019278492759,-0.001077000537373584,872183.9694064321,3.000730353768246
333,160.4205462136671,0.9951872161692982,-0.001117125142301617,0.003317435331876876,-0.01769792630548005,-0.00322084482110212,-0.001509854192678176,889916.6369954509,3.000730353768246
334,160.9022895956901,0.9950421731978638,-0.00114206851560187,0.00330321548932019,-0.01730878788195283,-0.002800827586696812,-0.001918040419187586,907084.1572649918,3.000730353768246
335,161.3840329777132,0.9949003061059898,-0.001163576440422788,0.003285707694734398,-0.01693128483602537,-0.002391687049979458,-0.002303702285195582,923711.2886507683,3.000730353768246
336,161.8657763597362,0.994761522644644,-0.00118173791336431,0.003265090672308306,-0.01656442866772295,-0.001993149657862095,-0.00266871408273227,939821.2605011619,3.000730353768246
337,162.3475197417592,0.9946257383077814,-0.001196639701507244,0.003241528582665473,-0.01620733682147967,-0.001604951197426176,-0.003014722483591378,955435.9221211253,3.000730353768246
338,162.8292631237823,0.9944928755101186,-0.001208366426276418,0.003215172764714359,-0.01585921958089746,-0.001226838224734591,-0.003343180308227842,970575.8729977197,3.000730353768247
339,163.3110065058053,0.9943628628653668,-0.001217000656246712,0.003186163222916451,-0.01551936887159402,-0.0008585688331459712,-0.003655374417730612,985260.576943787,3.000730353768246
340,163.7927498878283,0.9942356345504527,-0.001222623004285005,0.003154629903637323,-0.01518714865940491,-0.0004999129590944166,-0.003952448895251876,999508.4624476186,3.000730353768247
341,164.2744932698513,0.9941111297436015,-0.001225312225813041,0.003120693795699543,-0.01486198668697616,-0.0001506523666256215,-0.004235424425209204,1013337.011148838,3.000730353768247
342,164.7562366518744,0.9939892921261,-0.001225145315971511,0.003084467883575517,-0.01454336733703961,0.0001894195881329682,-0.004505214583132125,1026762.836057083,3.000730353768246
343,165.2379800338973,0.9938700694391481,-0.001222197604179042,0.003046057976396834,-0.01423082544742973,0.0005204983399677283,-0.004762639599737977,1039801.750880397,3.000730353768247
344,165.7197234159204,0.9937534130885318,-0.001216542845091896,0.003005563431782674,-0.01392394093281415,0.0008427685929252692,-0.00500843804788263,1052468.831622513,3.000730353768246
345,166.2014667979434,0.9936392777909483,-0.001208253305337636,0.002963077790157024,-0.01362233409251215,0.001156404856645368,-0.005243276811860488,1064778.471435942,3.000730353768247
346,166.6832101799665,0.9935276212567248,-0.001197399845659042,0.00291868933254551,-0.01332566150373226,0.001461572013988207,-0.005467759628859484,1076744.429574616,3.000730353768247
347,167.1649535619894,0.9934184039044426,-0.001184051998292022,0.002872481572677396,-0.01303361241592937,0.001758425901003427,-0.005682434437571704,1088379.875168783,3.000730353768246
348,167.6466969440125,0.993311588603612,-0.001168278039533702,0.002824533692457156,-0.01274590557545398,0.002047113885919709,-0.005887799725574989,1099697.42644489,3.000730353768247
349,168.1284403260355,0.9932071404420892,-0.001150145057549483,0.002774920928430994,-0.01246228642078755,0.00232777543792942,-0.006084310032542872,1110709.185927405,3.000730353768247
350,168.6101837080585,0.9931050265153776,-0.001129719015531185,0.002723714915690651,-0.01218252459786913,0.002600542679527581,-0.006272380738658465,1121426.772088181,3.000730353768247
351,169.0919270900816,0.9930052157353432,-0.001107064810360784,0.002670983994680792,-0.01190641175267451,0.002865540918330039,-0.006452392245308124,1131861.347847852,3.000730353768247
352,169.5736704721046,0.9929076786562038,-0.001082246326961003,0.002616793485565897,-0.01163375956459176,0.003122889155867197,-0.006624693637075746,1142023.646281779,3.000730353768247
353,170.0554138541276,0.992812387315925,-0.00105532648853001,0.002561205934138228,-0.01136439798947603,0.003372700571978909,-0.006789605899365348,1151923.99383932,3.000730353768246
354,170.5371572361506,0.9927193150914022,-0.001026367302865135,0.002504281332683525,-0.0110981736857471,0.00361508298424504,-0.006947424753966669,1161572.331346711,3.000730353768247
355,171.0189006181737,0.9926284365660064,-0.0009954299049828846,0.002446077318747247,-0.01083494860066663,0.003850139282453967,-0.007098423165010298,1170978.233031845,3.000730353768246
356,171.5006440001967,0.9925397274082509,-0.0009625745962406128,0.002386649354344004,-0.01057459869711649,0.004077967838507259,-0.007242853559620292,1180150.923781078,3.000730353768247
357,171.9823873822197,0.9924531642604874,-0.0009278608801608932,0.002326050887814767,-0.01031701280389841,0.004298662892422873,-0.007380949800829032,1189099.294813764,3.000730353768247
358,172.4641307642428,0.9923687246366683,-0.0008913474951532057,0.002264333500248774,-0.01006209157486845,0.004512314915272021,-0.007512928944712415,1197831.917939773,3.000730353768246
359,172.9458741462657,0.9922863868283287,-0.0008530924443203652,0.002201547038142505,-0.009809746544173955,0.004719010949986191,-0.007638992809021538,1206357.058546693,3.000730353768246
360,173.4276175282888,0.9922061298180389,-0.000813153022528884,0.002137739733758423,-0.009559899266528313,0.004918834931025786,-0.007759329376666629,1214682.687447477,3.000730353768246
361,173.9093609103118,0.9921279331996615,-0.0007715858409143928,0.002072958314467091,-0.009312480532891888,0.005111867983918096,-0.007874114054110174,1222816.491705913,3.000730353768247
362,174.3911042923349,0.9920517771048263,-0.0007284468489846496,0.002007248102201465,-0.009067429653154999,0.005298188705666965,-0.007983510801945759,1230765.884544618,3.000730353768246
363,174.8728476743578,0.9919776421350972,-0.0006837913544747218,0.001940653104019475,-0.008824693798479052,0.005477873427011209,-0.008087673152584362,1238538.014429884,3.000730353768247
364,175.3545910563809,0.9919055092993647,-0.0006376740411006823,0.001873216094655388,-0.008584227396865683,0.005650996457475124,-0.008186745127972513,1246139.773418316,3.000730353768247
365,175.8363344384039,0.9918353599560464,-0.0005901489843508117,0.001804978691841042,-0.008345991576316041,0.005817630314111064,-0.008280862068564888,1253577.804841673,3.000730353768247
366,176.3180778204269,0.991767175759722,-0.0005412696654457206,0.001735981425090746,-0.008109953650629899,0.005977845934789465,-0.008370151383322099,1260858.510399227,3.000730353768247
367,176.7998212024499,0.9917009386118681,-0.0004910889835922327,0.001666263798568419,-0.007876086643491341,0.006131712876843206,-0.008454733229260929,1267988.056720073,3.000730353768246
368,177.281564584473,0.9916366306153924,-0.0004396592666490469,0.001595864348588947,-0.007644368847008708,0.00627929950182703,-0.008534721128017696,1274972.381452319,3.000730353768246
369,177.763307966496,0.9915742340326942,-0.0003870322803164269,0.001524820696248269,-0.007414783411332478,0.006420673147105546,-0.008610222525966835,1281817.198930477,3.000730353768247
370,178.245051348519,0.9915137312470081,-0.0003332592359560888,0.001453169595625385,-0.007187317962371342,0.006555900284940418,-0.008681339303645981,1288528.005468025,3.000730353768246
371,178.7267947305421,0.9914551047268089,-0.0002783907971424287,0.001380946977955179,-0.006961964244977355,0.006685046669704682,-0.008748168239553839,1295110.084317584,3.000730353768246
372,179.2085381125651,0.9913983369930743,-0.0002224770850408296,0.001308187992131035,-0.006738717789275453,0.006808177473814452,-0.008810801432795308,1301568.51033752,3.000730353768247
373,179.6902814945881,0.9913434105892266,-0.0001655676827044146,0.001234927041861759,-0.006517577598083906,0.006925357412931397,-0.00886932668853329,1307908.154400092,3.000730353768247
374,180.1720248766111,0.9912903080535812,-0.0001077116383757903,0.001161197819775966,-0.00629854585360726,0.007036650860957484,-0.008923827869759841,1314133.687573373,3.000730353768247
375,180.6537682586342,0.9912390118941533,-4.895746787651025e-05,0.001087033338740091,-0.006081627641794405,0.007142121955312722,-0.00897438521850916,1320249.585106042,3.000730353768246
376,181.1355116406572,0.9911895045656798,1.064684383735241e-05,0.001012465960631269,-0.005866830692935526,0.007241834692960305,-0.009021075649295185,1326260.130241622,3.000730353768246
377,181.6172550226802,0.9911417684487281,7.105384187848499e-05,0.0009375274227850139,-0.005654165137237597,0.007335853017618436,-0.009063973017258501,1332169.417886292,3.000730353768246
378,182.0989984047033,0.9910957858307727,0.000132216601319378,0.0008622488623176523,-0.005443643274258289,0.007424240898576895,-0.009103148363247276,1337981.358152181,3.000730353768246
379,182.5807417867262,0.9910515388891281,0.0001940887277030185,0.0007866608385065002,-0.005235279355206295,0.007507062401516216,-0.009138670137827905,1343699.679795876,3.000730353768247
380,183.0624851687493,0.9910090096756355,0.0002566243581087518,0.0007107933533945576,-0.005029089377227821,0.007584381751710507,-0.009170604406020284,1349327.933570228,3.000730353768247
381,183.5442285507723,0.9909681801030081,0.000319778162711512,0.000634675870772908,-0.004825090888895005,0.007656263389978797,-0.009199015034375764,1354869.495505375,3.000730353768246
382,184.0259719327953,0.9909290319327432,0.0003835053467760012,0.0005583373336807272,-0.004623302806202829,0.00772277202173668,-0.009223963861859731,1360327.57013369,3.000730353768246
383,184.5077153148183,0.9908915467645188,0.0004477616530298428,0.0004818061805517963,-0.004423745238453233,0.007783972659487112,-0.009245510855863134,1365705.193671387,3.000730353768247
384,184.9894586968414,0.9908557060269937,0.0005125033643629169,0.0004051103601254356,-0.004226439323473849,0.00783993065907887,-0.009263714254545342,1371005.237168594,3.000730353768246
385,185.4712020788644,0.9908214909699353,0.0005776873068023424,0.0003282773452307887,-0.004031407071677958,0.007890711750050921,-0.009278630696602645,1376230.40963784,3.000730353768246
386,185.9529454608874,0.9907888826576068,0.0006432708527156031,0.000251334145544202,-0.003838671218522629,0.007936382060372634,-0.009290315339460767,1381383.261169947,3.000730353768246
387,186.4346888429104,0.9907578619633411,0.0007092119241964066,0.0001743073194120504,-0.003648255084966918,0.007977008135881349,-0.009298821966804439,1386466.1860453,3.000730353768247
388,186.9164322249334,0.990728409565241,0.0007754689965907789,9.722298482360328e-05,-0.003460182445571166,0.008012656954711959,-0.009304203086280887,1391481.42584704,3.000730353768246
389,187.3981756069565,0.9907005059429413,0.0008420011021229117,2.010682961233879e-05,-0.003274477403911522,0.008043395937006015,-0.009306510018146115,1396431.072581747,3.000730353768246
390,187.8799189889795,0.9906741313753741,0.0009087678335828824,-5.701587904229534e-05,-0.00309116427501365,0.008069292950181831,-0.009305792975561835,1401317.071812768,3.000730353768246
391,188.3616623710026,0.9906492659394798,0.0009757293480406797,-0.0001341202857463084,-0.002910267474533057,0.008090416310040783,-0.009302101137196246,1406141.225809614,3.000730353768247
392,188.8434057530255,0.9906258895098106,0.001042846370552968,-0.0002111819385943246,-0.002731811414432272,0.008106834777979261,-0.009295482712732507,1410905.196716702,3.000730353768247
393,189.3251491350486,0.9906039817589712,0.001110080197831642,-0.0002881767813883067,-0.002555820404920708,0.008118617554569808,-0.009285985001844193,1415610.509743721,3.000730353768246
394,189.8068925170716,0.9905835221588477,0.00117739270184491,-0.000365081146319615,-0.002382318562441,0.008125834269769382,-0.009273654447156762,1420258.556379207,3.000730353768246
395,190.2886358990946,0.990564489982574,0.001244746333324262,-0.0004418717470668519,-0.002211329723494871,0.008128554970006809,-0.009258536681677261,1424850.597628192,3.000730353768247
396,190.7703792811176,0.9905468643071893,0.001312104125152217,-0.0005185256722652675,-0.002042877364114413,0.008126850102395462,-0.009240676571141172,1429387.767274403,3.000730353768247
397,191.2521226631407,0.9905306240169403,0.001379429695608288,-0.0005950203793076187,-0.00187698452479059,0.008120790496311283,-0.009220118251694517,1433871.075166738,3.000730353768247
398,191.7338660451637,0.9905157478071833,0.001446687251452056,-0.000671333688439201,-0.001713673740680985,0.008110447342570076,-0.009196905163301433,1438301.41052925,3.000730353768247
399,192.2156094271867,0.9905022141888432,0.001513841590824638,-0.0007474437771134154,-0.001552966976918867,0.008095892170431199,-0.009171080079241218,1442679.545293845,3.000730353768246
400,192.6973528092097,0.9904900014933887,0.001580858105951231,-0.0008233291745766256,-0.001394885568855062,0.008077196822648484,-0.009142685132035108,1447006.137453624,3.000730353768247
401,193.1790961912328,0.9904790878782819,0.001647702785629659,-0.000898968756654317,-0.001239450167063363,0.008054433428782062,-0.00911176183612062,1451281.734435593,3.000730353768246
402,193.6608395732558,0.9904694513328652,0.001714342217491153,-0.0009743417407125827,-0.001086680686944474,0.008027674376977588,-0.00907835110757059,1455506.776489988,3.000730353768246
403,194.1425829552788,0.9904610696846479,0.001780743590021719,-0.001049427680771873,-0.0009365962627637339,0.00799699228441202,-0.009042493281134573,1459681.600094066,3.000730353768246
404,194.6243263373018,0.9904539206059538,0.001846874694333609,-0.001124206462751649,-0.0007892152059602944,0.007962459966597408,-0.009004228124862214,1463806.441367636,3.000730353768246
405,195.1060697193249,0.9904479816208999,0.001912703925678431,-0.001198658299827164,-0.0006445549675648258,0.007924150405726331,-0.008963594852550914,1467881.439497249,3.000730353768247
406,195.5878131013479,0.9904432301126674,0.00197820028469446,-0.001272763727881057,-0.0005026321045646367,0.007882136718234642,-0.008920632134244242,1471906.640166147,3.000730353768246
407,196.0695564833709,0.9904396433310384,0.002043333378382593,-0.001346503601034719,-0.0003634622500533007,0.007836492121748653,-0.008875378104991907,1475881.99898664,3.000730353768247
408,196.5512998653939,0.9904371984001619,0.00210807342080628,-0.001419859087245615,-0.0002270600870048256,0.007787289901576107,-0.008827870372068258,1479807.384931808,3.000730353768247
409,197.033043247417,0.9904358723265249,0.002172391233512505,-0.001492811663958798,-9.343932551025506e-05,0.007734603376891192,-0.008778146020832002,1483682.583762945,3.000730353768246
410,197.51478662944,0.9904356420070978,0.002236258245671661,-0.001565343113801819,3.73873166834441e-05,0.007678505866755963,-0.008726241619397432,1487507.301449422,3.000730353768247
411,197.996530011463,0.9904364842376273,0.002299646493935733,-0.001637435520314101,0.0001654081304933838,0.007619070656111273,-0.008672193222274596,1491281.167577721,3.000730353768247
412,198.478273393486,0.9904383757210529,0.002362528622014851,-0.001709071263702584,0.0002906124288386077,0.007556370961862404,-0.008616036373124598,1495003.738745982,3.000730353768246
413,198.9600167755091,0.9904412930760212,0.002424877879973687,-0.001780233016617133,0.0004129905571551955,0.007490479899175526,-0.008557806106764741,1498674.501940909,3.000730353768247
414,199.4417601575321,0.9904452128454775,0.002486668123249706,-0.001850903739939767,0.0005325339012460532,0.007421470448092926,-0.008497536950547863,1502292.877893623,3.000730353768247
415,199.9235035395551,0.9904501115053104,0.002547873811396509,-0.001921066678583239,0.0006492348926222869,0.007349415420566323,-0.008435262925229992,1505858.224411259,3.000730353768246
416,200.4052469215781,0.9904559654730324,0.002608470006555945,-0.001990705357294937,0.0007630870114903785,0.007274387427999397,-0.008371017545430957,1509369.839681158,3.000730353768247
417,200.8869903036012,0.9904627511164745,0.00266843237166373,-0.00205980357646336,0.000874084787538433,0.007196458849382594,-0.008304833819783596,1512826.965544749,3.000730353768246
418,201.3687336856242,0.9904704447624799,0.002727737168393626,-0.002128345407924738,0.0009822237986718001,0.007115701800095173,-0.008236744250858496,1516228.790737992,3.000730353768247
419,201.8504770676472,0.9904790227055786,0.002786361254846158,-0.002196315190768458,0.001087500667846525,0.00703218810144174,-0.008166780834943087,1519574.454095766,3.000730353768247
420,202.3322204496702,0.9904884612166287,0.002844282082988084,-0.002263697527140258,0.001189913058145446,0.006945989250983119,-0.00809497506174634,1522863.047717588,3.000730353768246
421,202.8139638316933,0.9904987365514099,0.00290147769584948,-0.002330477278042899,0.001289459666239969,0.006857176393713904,-0.008021357914092869,1526093.620092072,3.000730353768246
422,203.2957072137163,0.9905098249591563,0.002957926724485651,-0.00239663955913446,0.00138614021437509,0.006765820294132416,-0.007945959867663756,1529265.179177991,3.000730353768246
423,203.7774505957393,0.9905217026910185,0.003013608384711401,-0.002462169736524858,0.001479955441014562,0.006671991309241614,-0.007868810890834613,1532376.695439527,3.000730353768247
424,204.2591939777624,0.9905343460084406,0.003068502473615546,-0.002527053422571578,0.001570907090276899,0.006575759362513472,-0.007789940444655715,1535427.10483413,3.000730353768247
425,204.7409373597854,0.9905477311914482,0.003122589365863743,-0.00259127647167597,0.001658997900290159,0.006477193918843078,-0.007709377483013331,1538415.311750645,3.000730353768246
426,205.2226807418084,0.990561834546833,0.003175850009797942,-0.002654824976081753,0.001744231590588756,0.00637636396051307,-0.007627150453006283,1541340.191896724,3.000730353768247
427,205.7044241238314,0.9905766324162311,0.003228265923340892,-0.002717685261677631,0.001826612848672228,0.006273337964183243,-0.007543287295566632,1544200.595133481,3.000730353768247
428,206.1861675058545,0.9905921011840864,0.003279819189714241,-0.002779843883806148,0.001906147315839763,0.006168183878915758,-0.00745781544634954,1546995.348256511,3.000730353768246
429,206.6679108878775,0.9906082172854936,0.003330492452978841,-0.002841287623081113,0.001982841572411932,0.006060969105240664,-0.007370761836912471,1549723.257722065,3.000730353768246
430,207.1496542699005,0.9906249572139176,0.003380268913405884,-0.002902003481216046,0.002056703122444473,0.005951760475262989,-0.007282152896200927,1552383.112317357,3.000730353768246
431,207.6313976519235,0.9906422975287829,0.003429132322687497,-0.002961978676866271,0.00212774037803597,0.005840624233807754,-0.007192014552353848,1554973.685774477,3.000730353768247
432,208.1131410339465,0.9906602148629329,0.003477066978995339,-0.003021200641487302,0.002195962643325328,0.005727626020596168,-0.00710037223483925,1557493.739327093,3.000730353768246
433,208.5948844159695,0.9906786859299556,0.003524057721895753,-0.003079657015212353,0.0022613800982716,0.005612830853442161,-0.007007250876927325,1559942.024209727,3.000730353768247
434,209.0766277979926,0.9906976875313731,0.003570089927129843,-0.003137335642751739,0.002324003782302098,0.005496303112456156,-0.006912674918506471,1562317.284099284,3.000730353768247
435,209.5583711800156,0.9907171965636966,0.003615149501266751,-0.003194224569317057,0.002383845577912773,0.005378106525239149,-0.006816668309244624,1564618.257498712,3.000730353768246
436,210.0401145620386,0.9907371900253451,0.003659222876238296,-0.003250312036572993,0.002440918194297701,0.00525830415304865,-0.006719254512097175,1566843.68006283,3.000730353768246
437,210.5218579440617,0.9907576450234287,0.003702297003762906,-0.003305586478619634,0.002495235151081597,0.00513695837791521,-0.006620456507160536,1568992.286866652,3.000730353768247
438,211.0036013260847,0.9907785387803976,0.003744359349666658,-0.003360036518008144,0.002546810762224409,0.005014130890686495,-0.006520296795869134,1571062.814616448,3.000730353768247
439,211.4853447081077,0.9907998486405593,0.003785397888108983,-0.003413650961792627,0.002595660120162274,0.004889882679974462,-0.006418797405532606,1573054.003803991,3.000730353768247
440,211.9670880901307,0.9908215520764651,0.003825401095720446,-0.003466418797620988,0.002641799080245702,0.004764274021979474,-0.006315979894208726,1574964.600804646,3.000730353768246
441,212.4488314721538,0.9908436266951688,0.003864357945659718,-0.003518329189867548,0.002685244245531221,0.004637364471164194,-0.006211865355906932,1576793.359920075,3.000730353768247
442,212.9305748541768,0.9908660502443619,0.003902257901596705,-0.003569371475810137,0.002726012951978565,0.004509212851749284,-0.006106474426116863,1578539.045366206,3.000730353768246
443,213.4123182361998,0.9908888006183869,0.003939090911628492,-0.003619535161854319,0.002764123254102312,0.004379877250002124,-0.005999827287655776,1580200.43320765,3.000730353768246
444,213.8940616182228,0.9909118558641347,0.003974847402134584,-0.003668809919807381,0.002799593911122157,0.004249415007289415,-0.00589194367682866,1581776.313239365,3.000730353768247
445,214.3758050002458,0.9909351941868285,0.00400951827157762,-0.003717185583204646,0.002832444373653992,0.004117882713864053,-0.005782842889894592,1583265.490816919,3.000730353768247
446,214.8575483822689,0.9909587939557012,0.00404309488425555,-0.003764652143690612,0.002862694770978576,0.003985336203356915,-0.00567254378983334,1584666.788636376,3.000730353768247
447,215.3392917642919,0.9909826337095674,0.004075569064010983,-0.003811199747457404,0.002890365898922861,0.003851830547943946,-0.00556106481340613,1585979.048465363,3.000730353768247
448,215.8210351463149,0.9910066921623005,0.004106933087903183,-0.003856818691742922,0.002915479208385339,0.003717420054159393,-0.005448423978505102,1587201.132826321,3.000730353768247
449,216.3027785283379,0.9910309482082157,0.004137179679847933,-0.003901499421391089,0.002938056794533736,0.003582158259326319,-0.005334638891786375,1588331.926633745,3.000730353768246
450,216.784521910361,0.9910553809273662,0.0041663020042303,-0.0039452325254765,0.002958121386700751,0.003446097928576163,-0.005219726756582376,1589370.3387868,3.000730353768246
451,217.266265292384,0.9910799695907598,0.004194293659495029,-0.003988008733995797,0.002975696339000944,0.003309291052429649,-0.00510370438108969,1590315.303718791,3.000730353768247
452,217.748008674407,0.9911046936654999,0.004221148671719129,-0.00402981891462802,0.002990805621688648,0.003171788844912293,-0.004986588186829724,1591165.782905203,3.000730353768247
453,218.22975205643,0.9911295328198583,0.00424686148817097,-0.004070654069566203,0.003003473813275594,0.003033641742178455,-0.004868394217380188,1591920.766331962,3.000730353768247
454,218.7114954384531,0.991154466928286,0.004271426970859991,-0.00411050533242244,0.003013726093423667,0.00289489940161902,-0.004749138147376602,1592579.273925588,3.000730353768247
455,219.1932388204761,0.9911794760763681,0.00429484039008094,-0.00414936396520867,0.003021588236626311,0.002755610701428788,-0.004628835291784041,1593140.356947081,3.000730353768246
456,219.6749822024991,0.99120454056573,0.004317097417956353,-0.004187221355395425,0.003027086606690705,0.002615823740610858,-0.004507500615440587,1593603.099351127,3.000730353768246
457,220.1567255845221,0.9912296409189009,0.004338194121980808,-0.00422406901305079,0.00303024815202966,0.002475585839396522,-0.004385148742875183,1593966.619112646,3.000730353768246
458,220.6384689665452,0.9912547578841412,0.004358126958570303,-0.004259898568061889,0.003031100401771779,0.002334943540060446,-0.004261793968403903,1594230.069522399,3.000730353768246
459,221.1202123485682,0.9912798724402428,0.004376892766619968,-0.004294701767441196,0.003029671462696015,0.002193942608112292,-0.004137450266510006,1594392.640453389,3.000730353768246
460,221.6019557305912,0.9913049658013053,0.004394488761073153,-0.004328470472720078,0.003025990016994805,0.002052628033847478,-0.004012131302514807,1594453.559600203,3.000730353768247
461,222.0836991126142,0.9913300194214989,0.004410912526504791,-0.00436119665743199,0.003020085320869421,0.001911044034241036,-0.003885850443547589,1594412.09369277,3.000730353768246
462,222.5654424946373,0.9913550149998173,0.004426162010721837,-0.004392872404687865,0.003011987203958449,0.001769234055170366,-0.003758620769824755,1594267.549686889,3.000730353768247
463,223.0471858766603,0.9913799344848312,0.004440235518383442,-0.00442348990484628,0.003001726069600244,0.001627240773953802,-0.003630455086249561,1594019.275932896,3.000730353768247
464,223.5289292586833,0.9914047600794462,0.004453131704643426,-0.004453041453281138,0.002989332895927571,0.001485106102194022,-0.00350136593434599,1593666.66332476,3.000730353768246
465,224.0106726407063,0.9914294742456736,0.004464849568817554,-0.004481519448249675,0.002974839237792177,0.00134287118891666,-0.003371365604541682,1593209.146431237,3.000730353768247
466,224.4924160227293,0.9914540597094205,0.004475388448078015,-0.004508916388863759,0.002958277229515042,0.001200576423996303,-0.003240466148816847,1592646.204611065,3.000730353768246
467,224.9741594047524,0.991478499465306,0.004484748011177458,-0.004535224873167596,0.002939679588457708,0.001058261441863608,-0.003108679393737695,1591977.363114001,3.000730353768246
468,225.4559027867754,0.9915027767815108,0.004492928252204902,-0.004560437596325109,0.002919079619406779,0.000915965125489419,-0.002976016953895244,1591202.194169587,3.000730353768246
469,225.9376461687984,0.9915268752046662,0.004499929484375795,-0.004584547348920433,0.00289651121976546,0.0007737256106429868,-0.002842490245771729,1590320.318065391,3.000730353768246
470,226.4193895508214,0.9915507785647888,0.004505752333858503,-0.004607547015375192,0.002872008885540936,0.0006315802904237676,-0.002708110502059394,1589331.404216731,3.000730353768246
471,226.9011329328445,0.9915744709802696,0.004510397733639484,-0.00462942957248639,0.002845607718117974,0.0004895658200677165,-0.002572888786458074,1588235.172229283,3.000730353768246
472,227.3828763148675,0.991597936862921,0.004513866917429436,-0.004650188088089016,0.002817343431805821,0.0003477181220310667,-0.002436836008980294,1587031.392956809,3.000730353768247
473,227.8646196968905,0.9916211609230896,0.004516161413612753,-0.004669815719847699,0.002787252362144267,0.0002060723913565339,-0.00229996294179476,1585719.889555372,3.000730353768246
474,228.3463630789136,0.9916441281748428,0.00451728303924263,-0.004688305714181988,0.002755371474953679,6.46631013284968e-05,-0.002162280235641001,1584300.538535757,3.000730353768247
475,228.8281064609366,0.9916668239412302,0.004517233894084266,-0.004705651405330165,0.002721738376110788,-7.647599057390901e-05,-0.002023798436850573,1582773.270816107,3.000730353768247
476,229.3098498429596,0.991689233859632,0.004516016354708673,-0.004721846214556743,0.002686391322030852,-0.0002173118364151452,-0.00188452800501222,1581138.072775787,3.000730353768247
477,229.7915932249826,0.9917113438871957,0.004513633068639696,-0.004736883649509168,0.002649369230834427,-0.0003578120912204312,-0.001744479331320671,1579394.987312618,3.000730353768246
478,230.2733366070057,0.9917331403063676,0.004510086948556961,-0.004750757303729549,0.002610711694174462,-0.0004979451060568832,-0.001603662757651275,1577544.11490468,3.000730353768246
479,230.7550799890287,0.9917546097305262,0.00450538116655762,-0.004763460856327634,0.002570458989697238,-0.0006376799207619827,-0.001462088596404761,1575585.614678177,3.000730353768247
480,231.2368233710517,0.9917757391097206,0.004499519148479872,-0.004774988071821576,0.002528652094107174,-0.0007769862563003626,-0.001319767151169146,1573519.705482847,3.000730353768247
481,231.7185667530747,0.9917965157365199,0.004492504568291439,-0.004785332800153494,0.002485332696803295,-0.0009158345067281029,-0.001176708738247862,1571346.66697618,3.000730353768247
482,232.2003101350977,0.9918169272519775,0.004484341342546339,-0.004794488976887192,0.002440543214051316,-0.001054195730741525,-0.001032923709105716,1569066.84071779,3.000730353768246
483,232.6820535171208,0.991836961651715,0.004475033624913505,-0.004802450623595895,0.002394326803651725,-0.00119204164278532,-0.0008884224737867462,1566680.63127497,3.000730353768246
484,233.1637968991438,0.9918566072921304,0.004464585800781007,-0.004809211848448258,0.002346727380060333,-0.00132934460369275,-0.0007432155253603835,1564188.507340685,3.000730353768246
485,233.6455402811668,0.9918758528967316,0.004453002481939878,-0.004814766847001424,0.002297789629913341,-0.001466077610828651,-0.0005973134654545877,1561591.002865012,3.000730353768247
486,234.1272836631898,0.9918946875626022,0.004440288501351798,-0.004819109903210402,0.002247559027904485,-0.001602214287703767,-0.0004507270309370549,1558888.718200646,3.000730353768247
487,234.6090270452129,0.9919131007669979,0.004426448908005149,-0.004822235390663517,0.002196081852956061,-0.001737728873026793,-0.0003034671218078842,1556082.321263785,3.000730353768246
488,235.0907704272359,0.9919310823740798,0.00441148896186424,-0.004824137774054261,0.002143405204621101,-0.001872596209158787,-0.0001555448303688976,1553172.548710501,3.000730353768246
489,235.5725138092589,0.9919486226417832,0.004395414128916832,-0.004824811610900389,0.002089577019646562,-0.0020067917299321,-6.971471737403113e-06,1550160.20712958,3.000730353768247
490,236.0542571912819,0.9919657122288246,0.004378230076325366,-0.004824251553521696,0.002034646088621787,-0.002140291447794364,0.0001422413842263136,1547046.174251977,3.000730353768247
491,236.536000573305,0.9919823422018462,0.00435994266768767,-0.004822452351288484,0.00197866207262934,-0.002273071940236191,0.0002920818795067264,1543831.400177278,3.000730353768247
492,237.017743955328,0.9919985040426993,0.004340557958413259,-0.004819408853153318,0.001921675519806284,-0.002405110335458952,0.0004425378329629373,1540516.908617114,3.000730353768246
493,237.499487337351,0.9920141896558622,0.004320082191221711,-0.004815116010479293,0.001863737881718123,-0.002536384297238199,0.0005935967037272955,1537103.798155647,3.000730353768247
494,237.9812307193741,0.9920293913759949,0.004298521791769976,-0.004809568880178639,0.001804901529435853,-0.002666872008935616,0.0007452455528971374,1533593.243526561,3.000730353768247
495,238.4629741013971,0.9920441019756235,0.004275883364415865,-0.004802762628176117,0.001745219769199072,-0.002796552156611884,0.0008974710034443894,1529986.496906352,3.000730353768247
496,238.9447174834201,0.9920583146729539,0.004252173688125385,-0.0047946925332123,0.001684746857536702,-0.002925403911191066,0.001050259198266884,1526284.889222909,3.000730353768247
497,239.4264608654431,0.9920720231398062,0.00422739971253198,-0.004785353991002441,0.001623538015706278,-0.003053406909626397,0.001203595756305766,1522489.83147868,3.000730353768246
498,239.9082042474661,0.9920852215096677,0.00420156855415617,-0.004774742518767275,0.001561649443300654,-0.003180541235016325,0.001357465726653748,1518602.816086907,3.000730353768246
499,240.3899476294892,0.9920979043858524,0.004174687492794484,-0.004762853760152708,0.001499138330858709,-0.003306787395619479,0.001511853540580645,1514625.418219693,3.000730353768247
500,240.8716910115122,0.9921100668497617,0.004146763968087054,-0.004749683490555951,0.001436062871303194,-0.003432126302716906,0.001666742961404313,1510559.297165879,3.000730353768246
501,241.3534343935352,0.9921217044692341,0.004117805576273613,-0.004735227622876243,0.00137248227001466,-0.00355653924727023,0.001822117032138019,1506406.197696521,3.000730353768246
502,241.8351777755582,0.9921328133069716,0.004087820067148082,-0.004719482213708869,0.001308456753335884,-0.003680007875325245,0.00197795802084895,1502167.951435744,3.000730353768247
503,242.3169211575813,0.9921433899290301,0.00405681534122238,-0.00470244347000168,0.001244047575284958,-0.003802514162111421,0.002134247363667026,1497846.478233643,3.000730353768246
504,242.7986645396043,0.992153431413356,0.004024799447110426,-0.004684107756193845,0.001179317022239387,-0.003924040384789745,0.002290965605388928,1493443.787538393,3.000730353768246
505,243.2804079216273,0.9921629353583534,0.003991780579143738,-0.004664471601856943,0.001114328415336042,-0.004044569093803942,0.00244809233762949,1488961.979763431,3.000730353768246
506,243.7621513036503,0.9921718998914608,0.003957767075230387,-0.004643531709858903,0.001049146110314245,-0.004164083082792887,0.002605606134480387,1484403.247645659,3.000730353768246
507,244.2438946856734,0.9921803236777139,0.003922767414969381,-0.004621284965071588,0.0009838354945104412,-0.004282565357026276,0.002763484485646171,1479769.877590086,3.000730353768246
508,244.7256380676964,0.9921882059282714,0.003886790218032858,-0.004597728443642996,0.0009184629806941918,-0.004399999100330255,0.002921703727038882,1475064.25099549,3.000730353768247
509,245.2073814497194,0.9921955464088756,0.003849844242828721,-0.004572859422855188,0.0008530959974160091,-0.004516367640475931,0.003080238968826145,1470288.845555357,3.000730353768247
510,245.6891248317424,0.9922023454482174,0.003811938385456549,-0.004546675391589006,0.0007878029755173566,-0.004631654413009988,0.003239064020942169,1465446.236527793,3.000730353768246
511,246.1708682137655,0.9922086039461708,0.003773081678969738,-0.004519174061416518,0.0007226533304330848,-0.004745842923515133,0.003398151316088836,1460539.097967464,3.000730353768246
512,246.6526115957885,0.992214323381865,0.003733283292956919,-0.004490353378341789,0.0006577174398975517,-0.004858916708297334,0.003557471830273638,1455570.203911599,3.000730353768247
513,247.1343549778115,0.9922195058215479,0.003692552533455656,-0.004460211535210156,0.0005930666166448765,-0.004970859293507515,0.003716995000953281,1450542.429512199,3.000730353768246
514,247.6160983598345,0.9922241539262038,0.003650898843211332,-0.004428746984805441,0.0005287730756750425,-0.005081654152717356,0.003876688642876306,1445458.752104983,3.000730353768247
515,248.0978417418575,0.9922282709588742,0.003608331802293897,-0.004395958453653719,0.000464909895639083,-0.005191284662983134,0.004036518861746262,1440322.25220544,3.000730353768247
516,248.5795851238806,0.9922318607916337,0.003564861129084814,-0.004361844956551069,0.0004015509738788846,-0.005299734059446394,0.004196449965856942,1435136.114421468,3.000730353768247
517,249.0613285059036,0.9922349279121643,0.00352049668164609,-0.004326405811831404,0.0003387709746412801,-0.005406985388537857,0.004356444375885282,1429903.628271113,3.000730353768247
518,249.5430718879266,0.9922374774298715,0.00347524845948259,-0.004289640657388712,0.0002766452699717366,-0.005513021459870037,0.004516462533064741,1424628.188893211,3.000730353768246
519,250.0248152699496,0.9922395150814776,0.003429126605708098,-0.004251549467466095,0.0002152498727815214,-0.005617824796924968,0.004676462806002188,1419313.297638035,3.000730353768247
520,250.5065586519727,0.9922410472360275,0.003382141409624595,-0.004212132570221596,0.0001546613615722721,-0.005721377586666441,0.004836401396445473,1413962.562523742,3.000730353768246
521,250.9883020339957,0.9922420808992325,0.003334303309723021,-0.004171390666078077,9.495679629799766e-05,-0.005823661628231611,0.004996232244356856,1408579.698544248,3.000730353768247
522,251.4700454160187,0.9922426237170803,0.003285622897112438,-0.004129324846861251,3.621362484083082e-05,-0.005924658280883348,0.005155906932698023,1403168.527812479,3.000730353768246
523,251.9517887980417,0.9922426839786268,0.003236110919382864,-0.004085936615726386,-2.149042041804419e-05,-0.006024348411434463,0.00531537459238797,1397732.979522945,3.000730353768246
524,252.4335321800648,0.9922422706178911,0.003185778284905157,-0.004041227907870147,-7.807743644340867e-05,-0.006122712341385879,0.005474581807953083,1392277.089715736,3.000730353768246
525,252.9152755620878,0.9922413932147589,0.003134636067569228,-0.003995201112019463,-0.0001334694743027017,-0.006219729794053887,0.005633472524450416,1386805.000824374,3.000730353768247
526,253.3970189441108,0.9922400619948082,0.003082695511959389,-0.003947859092684239,-0.0001875886753077447,-0.006315379841996738,0.005791987956310283,1381320.960988027,3.000730353768247
527,253.8787623261338,0.9922382878279554,0.003029968038962967,-0.003899205213155124,-0.000240357418986115,-0.006409640855087009,0.005950066498811525,1375829.323108784,3.000730353768247
528,254.3605057081569,0.9922360822258269,0.002976465251805244,-0.003849243359221264,-0.000291698483286482,-0.006502490449614319,0.006107643642973147,1370334.543633336,3.000730353768247
529,254.8422490901799,0.9922334573377495,0.002922198942500481,-0.003797977963576302,-0.0003415352173748139,-0.00659390543884169,0.006264651894717619,1364841.181038308,3.000730353768246
530,255.3239924722029,0.9922304259452566,0.002867181098705063,-0.00374541403087338,-0.0003897917273186018,-0.006683861785478428,0.006421020699234015,1359353.893997589,3.000730353768246
531,255.8057358542259,0.9922270014550012,0.002811423910954852,-0.003691557163381973,-0.0004363930748859712,-0.006772334556572003,0.00657667637154233,1353877.439209955,3.000730353768246
532,256.287479236249,0.9922231978899662,0.002754939780264468,-0.003636413587190763,-0.0004812654896026203,-0.006859297881361161,0.006731542034333243,1348416.668864878,3.000730353768246
533,256.769222618272,0.9922190298788628,0.002697741326061583,-0.003579990178891563,-0.0005243365941143062,-0.006944724912670141,0.006885537564227483,1342976.527724169,3.000730353768246
534,257.250966000295,0.9922145126436057,0.002639841394424355,-0.003522294492669547,-0.0005655356427920255,-0.007028587792461103,0.007038579547667382,1337562.049797705,3.000730353768247
535,257.732709382318,0.9922096619847576,0.002581253066584864,-0.003463334787714708,-0.0006047937733925036,-0.007110857622195465,0.007190581247715704,1332178.354591036,3.000730353768246
536,258.2144527643411,0.9922044942648338,0.002521989667655896,-0.003403120055858687,-0.0006420442714476125,-0.007191504438685473,0.007341452583093884,1326830.642904009,3.000730353768246
537,258.6961961463641,0.9921990263893662,0.002462064775532664,-0.00334166004932984,-0.0006772228469024337,-0.007270497196143105,0.007491100120840295,1321524.192159642,3.000730353768246
538,259.1779395283871,0.9921932757856252,0.002401492229915108,-0.003278965308507826,-0.0007102679223526833,-0.007347803755153978,0.007639427084008417,1316264.351243919,3.000730353768247
539,259.6596829104101,0.992187260378908,0.002340286141390314,-0.003215047189547092,-0.0007411209320491559,-0.007423390879317,0.007786333375850787,1311056.534838561,3.000730353768247
540,260.1414262924332,0.9921809985663077,0.002278460900508447,-0.003149917891726594,-0.0007697266306399483,-0.007497224240296159,0.007931715621947388,1305906.217230251,3.000730353768247
541,260.6231696744562,0.992174509187888,0.00221603118677939,-0.003083590484371029,-0.0007960334104121255,-0.00756926843202699,0.008075467231732815,1300818.925582022,3.000730353768247
542,261.1049130564792,0.9921678114951986,0.002153011977511204,-0.003016078933176844,-0.0008199936255738091,-0.007639486994805522,0.008217478480853043,1295800.232654915,3.000730353768247
543,261.5866564385022,0.9921609251170797,0.002089418556405575,-0.002947398125764638,-0.0008415639218886858,-0.007707842449961241,0.008357636615738158,1290855.748970811,3.000730353768247
544,262.0683998205253,0.992153870022719,0.002025266521819771,-0.002877563896268332,-0.0008607055697402203,-0.007774296345776158,0.008495825981709212,1285991.1144103,3.000730353768247
545,262.5501432025483,0.9921466664819422,0.00196057179459934,-0.002806593048760927,-0.0008773847984629066,-0.007838809315258023,0.008631928175842948,1281211.989243509,3.000730353768246
546,263.0318865845713,0.9921393350227353,0.001895350625381032,-0.002734503379307029,-0.0008915731295402741,-0.00790134114630742,0.008765822225697164,1276524.044595089,3.000730353768246
547,263.5136299665944,0.9921318963860204,0.001829619601261287,-0.002661313696423764,-0.0009032477060354266,-0.007961850864732972,0.008897384794847633,1271932.952349764,3.000730353768247
548,263.9953733486174,0.992124371477725,0.001763395651722271,-0.002587043839724571,-0.000912391615395034,-0.008020296830467797,0.009026490416006226,1267444.374509,3.000730353768246
549,264.4771167306404,0.9921167813182167,0.001696696053705014,-0.002511714696514855,-0.0009189942025583484,-0.0080766368472218,0.009153011752276362,1263063.952014586,3.000730353768247
550,264.9588601126634,0.9921091469891918,0.00162953843571778,-0.002435348216104844,-0.0009230513701095638,-0.008130828285669927,0.009276819886857926,1258797.29306079,3.000730353768247
551,265.4406034946864,0.9921014895781446,0.001561940780867604,-0.002357967421603526,-0.0009245658620519022,-0.008182828220124486,0.009397784641236693,1254649.960921863,3.000730353768247
552,265.9223468767095,0.992093830120563,0.001493921428704044,-0.002279596418958543,-0.0009235475276447675,-0.008232593578473849,0.00951577492158861,1250627.461328245,3.000730353768247
553,266.4040902587325,0.9920861895400344,0.001425499075766713,-0.002200260403010451,-0.0009200135616522978,-0.008280081304989187,0.009630659092795174,1246735.229430646,3.000730353768247
554,266.8858336407555,0.9920785885864701,0.001356692774732285,-0.002119985660336286,-0.0009139887173023369,-0.008325248535408411,0.00974230537910746,1242978.616397699,3.000730353768246
555,267.3675770227785,0.9920710477726915,0.001287521932062348,-0.002038799568666883,-0.0009055054882526537,-0.008368052783505015,0.009850582290117409,1239362.87569898,3.000730353768246
556,267.8493204048016,0.9920635873096488,0.001218006304060966,-0.001956730592675139,-0.0008946042559179142,-0.008408452138140976,0.009955359070299033,1235893.149131595,3.000730353768247
557,268.3310637868246,0.9920562270405751,0.0011481659912599,-0.001873808275948494,-0.000881333398624413,-0.008446405469592005,0.01005650616997719,1232574.452654721,3.000730353768247
558,268.8128071688475,0.9920489863744052,0.001078021431060435,-0.001790063228978356,-0.0008657493592412587,-0.008481872643722939,0.0101538957351719,1229411.662102015,3.000730353768246
559,269.2945505508706,0.9920418842188177,0.001007593388573332,-0.001705527113022011,-0.0008479166681797518,-0.008514814742386717,0.01024740211336199,1226409.498847649,3.000730353768247
560,269.7762939328937,0.9920349389132798,0.0009369029456127614,-0.001620232619718709,-0.0008279079189686641,-0.008545194288225666,0.01033690237181906,1223572.515506415,3.000730353768247
561,270.2580373149167,0.9920281681625012,0.0008659714878159073,-0.001534213446370929,-0.0008058036939935226,-0.008572975471874545,0.01042227682479183,1220905.081752706,3.000730353768246
562,270.7397806969396,0.9920215889707149,0.000794820689877175,-0.001447504266834062,-0.0007816924384356056,-0.0085981243794057,0.01050340956548051,1218411.370347204,3.000730353768246
563,271.2215240789627,0.9920152175772248,0.0007234724989044292,-0.001360140697992726,-0.0007556702809570504,-0.008620609217722381,0.01058018899843929,1216095.343462121,3.000730353768246
564,271.7032674609858,0.9920090693936608,0.000651949115924134,-0.001272159261839096,-0.0007278408002425688,-0.008640400535502704,0.01065250836779355,1213960.73939876,3.000730353768247
565,272.1850108430087,0.9920031589433964,0.0005802729755824586,-0.001183597343207771,-0.0006983147371264836,-0.008657471437226521,0.01072026627646278,1212011.059791037,3.000730353768246
566,272.6667542250318,0.9919974998035744,0.0005084667241100181,-0.001094493143262091,-0.0006672096526876135,-0.008671797787786257,0.01078336719145084,1210249.557389041,3.000730353768246
567,273.1484976070548,0.9919921045501874,0.0004365531956386138,-0.001004885628868068,-0.0006346495333801144,-0.008683358405192394,0.01084172193020699,1208679.224515093,3.000730353768246
568,273.6302409890779,0.9919869847066443,0.0003645553869787834,-0.0009148144780334582,-0.0006007643449691271,-0.008692135238937564,0.01089524812308067,1207302.782281935,3.000730353768247
569,274.1119843711008,0.9919821506962366,0.0002924964309867771,-0.0008243200216303881,-0.0005656895377454961,-0.008698113531681257,0.01094387064699319,1206122.670659537,3.000730353768246
570,274.5937277531239,0.9919776117988968,0.0002203995686683931,-0.0007334431816596708,-0.0005295655061866117,-0.008701281962059951,0.01098752202563296,1205141.039471354,3.000730353768247
571,275.0754711351469,0.9919733761126097,0.0001482881201845527,-0.0006422254063527884,-0.000492537006897746,-0.008701632766614188,0.01102614279174689,1204359.740395064,3.000730353768246
572,275.5572145171699,0.9919694505198055,7.618545493922463e-05,-0.0005507086024428258,-0.0004547525392950567,-0.008699161839052122,0.01105968180744736,1203780.320035752,3.000730353768246
573,276.038957899193,0.9919658406590222,4.114960943980233e-06,-0.0004589350649677534,-0.0004163636940594011,-0.0086938688053352,0.01108809653887755,1203404.014130614,3.000730353768247
574,276.520701281216,0.9919625509020817,-6.7899986335203e-05,-0.0003669474049977752,-0.0003775244748972749,-0.008685757073370919,0.01111135328207006,1203231.742935968,3.000730353768246
575,277.002444663239,0.9919595843369777,-0.0001398360554345443,-0.0002747884757024196,-0.0003383905995590158,-0.008674833856424662,0.0111294273373885,1203264.107836446,3.000730353768247
576,277.484188045262,0.9919569427566188,-0.0002116699904321936,-0.0001825012971922132,-0.0002991187863991085,-0.00866111016971065,0.0111423031305467,1203501.389206489,3.000730353768246
577,277.9659314272851,0.991954626653523,-0.0002833786423478414,-9.012898058374706e-05,-0.0002598660329893344,-0.008644600799983922,0.01114997427884472,1203943.545542561,3.000730353768247
578,278.4476748093081,0.9919526352204993,-0.0003549390001789906,2.28534825454736e-06,-0.0002207888934207732,-0.008625324248323194,0.01115244360193188,1204590.213873514,3.000730353768246
579,278.9294181913311,0.9919509663573014,-0.0004263282213537776,9.469862481570308e-05,-0.0001820427609464174,-0.008603302646660515,0.0111497230770909,1205440.711444916,3.000730353768247
580,279.4111615733541,0.9919496166831813,-0.0004975236613863195,0.0001870679214691848,-0.0001437811625213914,-0.008578561648969817,0.01114183373971954,1206494.038661677,3.000730353768246
581,279.8929049553772,0.9919485815552173,-0.0005685029025295378,0.0002793505219284789,-0.0001061550715989177,-0.008551130298365137,0.01112880553035334,1207748.883262327,3.000730353768247
582,280.3746483374002,0.9919478550922407,-0.0006392437812321012,0.000371503994236077,-6.931224523921572e-05,-0.008521040871673352,0.01111067709021155,1209203.625687462,3.000730353768247
583,280.8563917194232,0.9919474302041357,-0.0007097244142202869,0.0004634862618495481,-3.339659119244471e-05,-0.008488328703328987,0.01108749550784511,1210856.345594728,3.000730353768246
584,281.3381351014463,0.9919472986262405,-0.0007799232230419216,0.0005552556724360685,1.452429859173961e-06,-0.0084530319906852,0.01105931602001026,1212704.829463594,3.000730353768247
585,281.8198784834693,0.991947450958543,-0.0008498189569277992,0.0006467710640107024,3.510036226816519e-05,-0.00841519158303998,0.01102620167037285,1214746.579224111,3.000730353768246
586,282.3016218654923,0.9919478767093179,-0.0009193907138457172,0.0007379918280853601,6.741826957282993e-05,-0.008374850756837728,0.01098822293006038,1216978.821837295,3.000730353768246
587,282.7833652475153,0.9919485643428348,-0.0009886179596431753,0.0008288779695300926,9.828320146079741e-05,-0.008332054979621297,0.01094545728441414,1219398.51974726,3.000730353768247
588,283.2651086295384,0.9919495013307276,-0.001057480545196429,0.0009193901628855641,0.0001275786108599304,-0.008286851665376781,0.0108979887905491,1222002.382121111,3.000730353768246
589,283.7468520115614,0.9919506742066094,-0.001125958721505604,0.001009489804904509,0.0001551947191662427,-0.008239289923935121,0.01084590761050316,1224786.876787363,3.000730353768247
590,284.2285953935843,0.9919520686234926,-0.0011940331526976,0.001099139063140035,0.0001810288283196662,-0.008189420307070676,0.01078930952484993,1227748.242782158,3.000730353768246
591,284.7103387756074,0.9919536694135739,-0.001261684926920131,0.001188300920439145,0.0002049855791229338,-0.008137294553871284,0.01072829543166246,1230882.503409317,3.000730353768246
592,285.1920821576305,0.9919554606499362,-0.001328895565131184,0.001276939215240147,0.0002269771558590333,-0.008082965337849924,0.01066297083565449,1234185.479721298,3.000730353768246
593,285.6738255396535,0.9919574257097262,-0.0013956470278081,0.001365018677612117,0.000246923437884781,-0.008026486018129629,0.01059344533219488,1237652.804327601,3.000730353768246
594,286.1555689216764,0.9919595473383734,-0.001461921719619123,0.001452504961012746,0.0002647520994547305,-0.007967910396865192,0.01051983209069812,1241279.935439069,3.000730353768247
595,286.6373123036995,0.9919618077144265,-0.001527702492117408,0.001539364669777214,0.0002803986595502865,-0.007907292484873233,0.01044224734164615,1245062.171059671,3.000730353768247
596,287.1190556857226,0.9919641885146041,-0.00159297264453296,0.001625565382384819,0.0002938064839507464,-0.007844686277231207,0.01036080987120282,1248994.663239853,3.000730353768247
597,287.6007990677455,0.9919666709786732,-0.001657715922751631,0.001711075670581564,0.0003049267421791107,-0.00778014554038193,0.0102756405270518,1253072.432310387,3.000730353768246
598,288.0825424497685,0.9919692359737946,-0.001721916516582115,0.00179586511446552,0.0003137183222860509,-0.007713723612048033,0.0101868617387286,1257290.381020124,3.000730353768247
599,288.5642858317916,0.9919718640579978,-0.001785559055421654,0.001879904313667333,0.0003201477066973644,-0.00764547321502583,0.01009459705533933,1261643.308506567,3.000730353768246
600,289.0460292138147,0.9919745355424778,-0.001848628602439138,0.001963164894780589,0.0003241888125470643,-0.007575446285694719,0.009998970703168191,1266125.924033578,3.000730353768246
601,289.5277725958376,0.9919772305524338,-0.001911110647400188,0.002045619515215876,0.0003258228000507069,-0.007503693817850878,0.009900107165282709,1270732.860436983,3.000730353768247
602,290.0095159778606,0.9919799290862001,-0.001972991098263022,0.002127241863668245,0.0003250378525448913,-0.007430265722256133,0.009798130784856317,1275458.687224382,3.000730353768247
603,290.4912593598837,0.991982611072449,-0.002034256271676184,0.002208006657400372,0.0003218289318352845,-0.007355210702087881,0.009693165393549173,1280297.923282582,3.000730353768246
604,290.9730027419067,0.9919852564252766,-0.002094892882510084,0.002287889636553454,0.0003161975124606621,-0.007278576144285205,0.009585333965924077,1285245.049151427,3.000730353768247
605,291.4547461239297,0.9919878450970115,-0.002154888032553413,0.002366867555704393,0.000308151298398795,-0.007200408026614034,0.009474758300532418,1290294.518829634,3.000730353768246
606,291.9364895059527,0.9919903571286148,-0.002214229198503433,0.00244491817289182,0.0002977039256232421,-0.007120750840118228,0.009361558727984857,1295440.771083966,3.000730353768247
607,292.4182328879758,0.991992772697567,-0.002272904219375794,0.002522020236334875,0.0002848746537658897,-0.007039647526488267,0.009245853846029689,1300678.24023885,3.000730353768247
608,292.8999762699988,0.9919950721631673,-0.00233090128345515,0.00259815346906772,0.0002696880499594434,-0.006957139429762645,0.009127760281397905,1306001.366428937,3.000730353768247
609,293.3817196520218,0.9919972361091874,-0.002388208914902578,0.002673298551709788,0.0002521736677379519,-0.006873266261678996,0.009007392477938771,1311404.605302877,3.000730353768246
610,293.8634630340449,0.9919992453838568,-0.002444815960129818,0.002747437103586953,0.000232365723651111,-0.006788066079914334,0.008884862510366371,1316882.437170214,3.000730353768246
611,294.3452064160679,0.9920010811371637,-0.002500711574043771,0.002820551662412425,0.0002103027740262945,-0.0067015752783921,0.008760279922761972,1322429.375589188,3.000730353768247
612,294.8269497980909,0.9920027248554877,-0.002555885206257693,0.002892625662728474,0.0001860273940777005,-0.006613828588790028,0.008633751590831485,1328039.975396181,3.000730353768246
613,295.3086931801139,0.9920041583935892,-0.002610326587358208,0.002963643413301271,0.0001595858613280741,-0.00652485909235439,0.008505381606799216,1333708.840181577,3.000730353768246
614,295.790436562137,0.9920053640039993,-0.002664025715309808,0.003033590073651476,0.0001310278450782085,-0.006434698241111613,0.00837527118572684,1339430.629220292,3.000730353768247
615,296.2721799441599,0.9920063243638664,-0.002716972842070911,0.003102451629892869,0.0001004061034306235,-0.006343375887566827,0.008243518591978973,1345200.063867694,3.000730353768247
616,296.753923326183,0.9920070225993277,-0.002769158460488092,0.003170214870040502,6.777618915872535e-05,-0.00625092032198798,0.008110219084510808,1351011.933434498,3.000730353768247
617,297.2356667082061,0.9920074423074851,-0.002820573291527666,0.003236867358938798,3.319616550178717e-05,-0.006157358316393662,0.007975464879628238,1356861.100555829,3.000730353768246
618,297.7174100902291,0.9920075675760676,-0.002871208271896606,0.003302397412948733,-3.273667228640171e-06,-0.006062715174389654,0.00783934512986297,1362742.506072164,3.000730353768246
619,298.199153472252,0.9920073830008781,-0.00292105454209786,0.003366794074522074,-4.157103352869532e-05,-0.00596701478603321,0.007701945917613326,1368651.173440443,3.000730353768246
620,298.6808968542751,0.9920068737011174,-0.002970103434958442,0.003430047086779504,-8.163193253742795e-05,-0.005870279686944009,0.007563350262223714,1374582.212695591,3.000730353768247
621,299.1626402362982,0.9920060253326904,-0.003018346464662409,0.003492146868198611,-0.0001233908754483969,-0.005772531120923091,0.007423638139207769,1380530.823982817,3.000730353768247
622,299.6443836183211,0.9920048240995966,-0.003065775316314907,0.003553084487507165,-0.0001667811102621529,-0.005673789105388758,0.007282886510364106,1386492.30068232,3.000730353768247
623,300.1261270003441,0.9920032567635108,-0.003112381836057911,0.003612851638866933,-0.0002117348337686045,-0.00557407249898624,0.00714116936358333,1392462.032147806,3.000730353768246
624,300.6078703823672,0.9920013106516605,-0.003158158021753197,0.00367144061742356,-0.0002581833907611413,-0.005473399070777669,0.006998557761201605,1398435.50608087,3.000730353768246
625,301.0896137643903,0.9919989736631053,-0.003203096014243354,0.003728844295288802,-0.0003060574605821601,-0.005371785570468937,0.006855119895817131,1404408.31056282,3.000730353768247
626,301.5713571464132,0.9919962342735208,-0.003247188089197329,0.003785056098012705,-0.0003552872311856617,-0.00526924779917904,0.006710921152549574,1410376.135765818,3.000730353768247
627,302.0531005284362,0.9919930815385924,-0.003290426649543152,0.003840069981595095,-0.0004058025609752132,-0.005165800680306662,0.006566024176789118,1416334.775364397,3.000730353768247
628,302.5348439104593,0.9919895050961174,-0.003332804218486937,0.003893880410078189,-0.0004575331287371924,-0.005061458330095124,0.006420488946547937,1422280.127668257,3.000730353768246
629,303.0165872924823,0.9919854951669109,-0.003374313433114173,0.003946482333754985,-0.0005104085720404431,-0.004956234127542499,0.006274372848594173,1428208.196496765,3.000730353768246
630,303.4983306745053,0.9919810425546139,-0.003414947038566573,0.003997871168021637,-0.0005643586145144212,-0.004850140783346537,0.006127730757614183,1434115.091814504,3.000730353768247
631,303.9800740565283,0.991976138644489,-0.003454697882785324,0.004048042772895993,-0.0006193131824502986,-0.00474319040761503,0.005980615117713572,1439997.030147125,3.000730353768247
632,304.4618174385514,0.9919707754012931,-0.003493558911809527,0.004096993433219039,-0.0006752025111939615,-0.004635394576110054,0.005833076025629598,1445850.334795496,3.000730353768246
633,304.9435608205744,0.9919649453663092,-0.003531523165616859,0.004144719839551045,-0.0007319572418159155,-0.004526764394830561,0.005685161315087942,1451671.435865677,3.000730353768246
634,305.4253042025974,0.9919586416536164,-0.003568583774491959,0.004191219069769741,-0.0007895085085557553,-0.004417310562770567,0.005536916641794125,1457456.870131027,3.000730353768246
635,305.9070475846204,0.9919518579456698,-0.003604733955906879,0.004236488571373863,-0.0008477880175424381,-0.004307043432720577,0.00538838556860415,1463203.280742636,3.000730353768246
636,306.3887909666435,0.9919445884882643,-0.003639967011896925,0.004280526144491844,-0.0009067281172925986,-0.004195973070007431,0.005239609650470121,1468907.416802526,3.000730353768246
637,306.8705343486665,0.9919368280849455,-0.003674276326914438,0.004323329925592269,-0.0009662618614852989,-0.004084109309093179,0.005090628518804906,1474566.132813914,3.000730353768246
638,307.3522777306895,0.9919285720909317,-0.003707655366142557,0.00436489837188998,-0.001026323064504531,-0.003971461807976005,0.004941479964954345,1480176.388021584,3.000730353768246
639,307.8340211127125,0.9919198164066018,-0.003740097674250554,0.00440523024643927,-0.001086846350229799,-0.003858040100356641,0.004792200022507243,1485735.245654974,3.000730353768246
640,308.3157644947356,0.9919105574706082,-0.003771596874572149,0.004444324603903556,-0.001147767194543604,-0.00374385364555188,0.004642823048211727,1491239.872085176,3.000730353768247
641,308.7975078767586,0.9919007922526594,-0.003802146668688114,0.004482180776989151,-0.001209021962008688,-0.003628911876152571,0.004493381801301635,1496687.535907003,3.000730353768247
642,309.2792512587816,0.9918905182460227,-0.003831740836394515,0.004518798363529248,-0.00127054793715251,-0.003513224243437473,0.004343907521068773,1502075.606955782,3.000730353768246
643,309.7609946408047,0.9918797334597877,-0.003860373236038067,0.004554177214203019,-0.001332283350779257,-0.003396800260566719,0.004194430002546473,1507401.55526846,3.000730353768247
644,310.2427380228277,0.9918684364109318,-0.003888037805200368,0.004588317420873682,-0.001394167401710393,-0.003279649543588558,0.004044977670195837,1512662.94999726,3.000730353768246
645,310.7244814048507,0.9918566261162222,-0.003914728561713023,0.004621219305528649,-0.001456140274337421,-0.003161781850302403,0.003895577649510584,1517857.458283999,3.000730353768247
646,311.2062247868737,0.9918443020839894,-0.003940439604986136,0.004652883409804215,-0.001518143152350611,-0.003043207117028292,0.003746255836477506,1522982.844102154,3.000730353768247
647,311.6879681688967,0.9918314643058012,-0.003965165117633016,0.004683310485076825,-0.001580118228988463,-0.002923935493339046,0.003597036964848754,1528036.967073398,3.000730353768247
648,312.1697115509198,0.9918181132480645,-0.003988899367374481,0.004712501483102671,-0.001642008714134007,-0.0028039773748162,0.003447944671199102,1533017.781264466,3.000730353768247
649,312.6514549329428,0.9918042498435814,-0.00401163670920666,0.004740457547187195,-0.001703758838564613,-0.002683343433894981,0.003299001557756769,1537923.333969969,3.000730353768247
650,313.1331983149659,0.9917898754830804,-0.004033371587816706,0.004767180003866052,-0.001765313855645024,-0.002562044648866008,0.003150229253008965,1542751.764485963,3.000730353768246
651,313.6149416969888,0.9917749920067425,-0.004054098540231462,0.004792670355079133,-0.001826620040733135,-0.002440092331103557,0.003001648470095025,1547501.302878897,3.000730353768247
652,314.0966850790119,0.9917596016957418,-0.004073812198684666,0.004816930270819411,-0.001887624688553182,-0.002317498150591839,0.002853279063010334,1552170.268753689,3.000730353768247
653,314.5784284610349,0.9917437072638157,-0.004092507293688886,0.004839961582238574,-0.001948276108772611,-0.002194274159820741,0.002705140080652033,1556757.070024661,3.000730353768246
654,315.0601718430579,0.9917273118488763,-0.004110178657298976,0.004861766275191746,-0.002008523620003615,-0.002070432816122992,0.002557249818745368,1561260.201692481,3.000730353768247
655,315.5419152250809,0.9917104190046807,-0.004126821226554423,0.004882346484203869,-0.00206831754243496,-0.001945987002523933,0.002409625869695271,1565678.244629635,3.000730353768246
656,316.023658607104,0.9916930326925643,-0.004142430047088566,0.004901704486840809,-0.002127609189284565,-0.001820950047174101,0.00226228517041272,1570009.864377192,3.000730353768246
657,316.5054019891271,0.9916751572732505,-0.004157000276893213,0.004919842698468576,-0.002186350857250773,-0.001695335741433893,0.002115244048170024,1574253.809954652,3.000730353768246
658,316.98714537115,0.991656797498744,-0.004170527190227783,0.004936763667384585,-0.00224449581612555,-0.001569158356677278,0.001968518264541517,1578408.912684698,3.000730353768247
659,317.468888753173,0.9916379585043112,-0.004183006181662608,0.004952470070305326,-0.002301998297721659,-0.001442432659880243,0.001822123057489492,1582474.085034493,3.000730353768247
660,317.9506321351961,0.9916186458005559,-0.004194432770246615,0.004966964708195331,-0.002358813484253952,-0.001315173928057085,0.001676073181656383,1586448.319474554,3.000730353768247
661,318.4323755172191,0.9915988652655933,-0.004204802603790072,0.004980250502422824,-0.002414897496303876,-0.001187397961605665,0.00153038294692586,1590330.687356168,3.000730353768247
662,318.9141188992421,0.9915786231373239,-0.004214111463253605,0.004992330491227973,-0.002470207380485674,-0.001059121096619721,0.001385066255315523,1594120.337808302,3.000730353768246
663,319.3958622812651,0.9915579260058122,-0.004222355267235173,0.005003207826490189,-0.002524701096924815,-0.0009303602162245522,0.001240136636265014,1597816.496654239,3.000730353768246
664,319.8776056632882,0.9915367808057677,-0.004229530076547111,0.005012885770781415,-0.002578337506648109,-0.0008011327609888861,0.001095607280382276,1601418.465348502,3.000730353768246
665,320.3593490453111,0.9915151948091316,-0.004235632098875807,0.005021367694692912,-0.00263107635897836,-0.0006714567384634829,0.0009514910717106505,1604925.619934163,3.000730353768246
666,320.8410924273342,0.9914931756177678,-0.004240657693516975,0.005028657074423521,-0.00268287827901799,-0.0005413507318940598,0.0008078006185785278,1608337.41002039,3.000730353768247
667,321.3228358093572,0.9914707311562561,-0.004244603376179859,0.005034757489617916,-0.002733704755299195,-0.0004108339081533175,0.0006645482830921018,1611653.357780272,3.000730353768246
668,321.8045791913803,0.9914478696647872,-0.004247465823854095,0.005039672621443857,-0.002783518127671432,-0.0002799260249340319,0.000521746209330536,1614873.056968468,3.000730353768246
669,322.2863225734033,0.9914245996921572,-0.004249241879733238,0.005043406250897901,-0.002832281575490905,-0.0001486474372422248,0.0003794063503011298,1617996.171958301,3.000730353768246
670,322.7680659554263,0.9914009300888588,-0.004249928558189343,0.005045962257329572,-0.002879959106171555,-1.701910322681464e-05,0.0002375404937106768,1621022.436797644,3.000730353768247
671,323.2498093374493,0.9913768700002639,-0.004249523049793209,0.005047344617174365,-0.002926515544151217,0.0001149374106208023,9.616028660718121e-05,1623951.654283129,3.000730353768246
672,323.7315527194723,0.991352428859898,-0.004248022726375219,0.005047557402886467,-0.002971916520322082,0.0002471999248666868,-4.472274105595341e-05,1626783.695051657,3.000730353768246
673,324.2132961014954,0.9913276163827991,-0.004245425146121907,0.00504660478206246,-0.003016128461970583,0.0003797456431055742,-0.0001850971538826963,1629518.49668851,3.000730353768247
674,324.6950394835184,0.9913024425589568,-0.004241728058703637,0.005044491016747706,-0.003059118583266994,0.0005125511484783492,-0.000324951589476228,1632156.062851075,3.000730353768246
675,325.1767828655414,0.99127691764683,-0.004236929410428954,0.00504122046291749,-0.003100854876342052,0.0006455924007130189,-0.0004642747378136463,1634696.46240705,3.000730353768246
676,325.6585262475645,0.9912510521669338,-0.004231027349421367,0.005036797570125371,-0.003141306102984054,0.0007788447336692222,-0.0006030553215097478,1637139.828586196,3.000730353768246
677,326.1402696295875,0.9912248568954937,-0.004224020230814441,0.005031226881311546,-0.003180441786986679,0.0009122828533688499,-0.0007412820769282714,1639486.358144296,3.000730353768246
678,326.6220130116105,0.9911983428581608,-0.004215906621961255,0.00502451303276438,-0.003218232207175372,0.001045880836497725,-0.0008789437361010782,1641736.310538122,3.000730353768247
679,327.1037563936335,0.9911715213237801,-0.004206685307654376,0.005016660754228543,-0.003254648391136632,0.00117961212936603,-0.001016029009418292,1643890.007110306,3.000730353768247
680,327.5854997756566,0.9911444037982101,-0.004196355295352567,0.005007674869153532,-0.003289662109672674,0.001313449547317222,-0.001152526569054291,1645947.83028233,3.000730353768247
681,328.0672431576796,0.9911170020181835,-0.004184915820410577,0.004997560295076602,-0.003323245872001786,0.00144736527457774,-0.001288425033096872,1647910.222754773,3.000730353768247
682,328.5489865397026,0.9910893279452053,-0.00417236635130836,0.004986322044134409,-0.003355372921721572,0.001581330864542165,-0.001423712950349267,1649777.686712936,3.000730353768246
683,329.0307299217256,0.991061393759481,-0.004158706594876146,0.004973965223697922,-0.003386017233551494,0.001715317240490495,-0.001558378785776579,1651550.783036609,3.000730353768246
684,329.5124733037487,0.9910332118538686,-0.004143936501511771,0.004960495037125347,-0.003415153510868038,0.00184929469673668,-0.001692410906570732,1653230.130512352,3.000730353768247
685,329.9942166857717,0.9910047948278475,-0.004128056270386717,0.004945916784628061,-0.003442757184045284,0.001983232900209408,-0.001825797568809902,1654816.405046833,3.000730353768247
686,330.4759600677947,0.990976155481498,-0.004111066354637225,0.004930235864244713,-0.003468804409610728,0.002117100892468435,-0.001958526904690766,1656310.338879519,3.000730353768247
687,330.9577034498177,0.990947306809484,-0.004092967466536901,0.00491345777291882,-0.003493272070225446,0.002250867092161817,-0.002090586910314059,1657712.719793203,3.000730353768246
688,331.4394468318408,0.9909182619950331,-0.004073760582647093,0.004895588107675358,-0.003516137775495542,0.002384499297931119,-0.002221965434005763,1659024.39032069,3.000730353768247
689,331.9211902138638,0.9908890344039057,-0.004053446948941307,0.004876632566891977,-0.003537379863620637,0.00251796469177393,-0.002352650165158645,1660246.246946052,3.000730353768246
690,332.4029335958868,0.9908596375783482,-0.004032028085899833,0.004856596951660561,-0.003556977403883384,0.002651229842874575,-0.002482628623580599,1661379.239298604,3.000730353768246
691,332.8846769779098,0.9908300852310198,-0.004009505793570632,0.00483548716723502,-0.00357491019998265,0.00278426071191607,-0.002611888149338601,1662424.36933823,3.000730353768246
692,333.3664203599329,0.9908003912388911,-0.003985882156592448,0.004813309224561201,-0.003591158794211114,0.002917022655887796,-0.002740415893088706,1663382.690529979,3.000730353768246
693,333.8481637419559,0.9907705696371019,-0.003961159549175975,0.004790069241884976,-0.003605704472477,0.003049480433405288,-0.00286819880688473,1664255.30700658,3.000730353768247
694,334.3299071239789,0.9907406346127763,-0.00393534064003875,0.004765773446434507,-0.003618529270167676,0.003181598210560072,-0.002995223635460011,1665043.372716777,3.000730353768246
695,334.8116505060019,0.9907106004987832,-0.003908428397289302,0.004740428176172837,-0.003629615978851079,0.003313339567319087,-0.003121476907978609,1665748.090558292,3.000730353768246
696,335.293393888025,0.9906804817674405,-0.003880426093255924,0.004714039881616878,-0.003638948153810081,0.003444667504494707,-0.003246944930254055,1666370.711493054,3.000730353768247
697,335.7751372700479,0.9906502930241509,-0.003851337309255248,0.004686615127718968,-0.003646510122401998,0.003575544451307842,-0.003371613777435669,1666912.533643592,3.000730353768246
698,336.256880652071,0.9906200490009668,-0.003821165940295589,0.00465816059580708,-0.00365228699323451,0.003705932273567833,-0.003495469287164002,1667374.901368459,3.000730353768246
699,336.738624034094,0.9905897645500753,-0.003789916199709873,0.004628683085579804,-0.003656264666147116,0.003835792282494289,-0.003618497053198928,1667759.204315205,3.000730353768247
700,337.2203674161171,0.990559454637197,-0.003757592623712707,0.004598189517152153,-0.003658429842984919,0.00396508524420703,-0.003740682419525364,1668066.876449153,3.000730353768247
701,337.70211079814,0.9905291343348921,-0.003724200075875937,0.004566686933148221,-0.003658770039150337,0.004093771389911456,-0.003862010474943259,1668299.395056368,3.000730353768246
702,338.1838541801631,0.9904988188157682,-0.003689743751516824,0.004534182500836627,-0.003657273595914708,0.0042218104268076,-0.003982466048150065,1668458.27971914,3.000730353768246
703,338.6655975621861,0.990468523345583,-0.00365422918199272,0.004500683514304658,-0.003653929693471268,0.004349161549751971,-0.00410203370332531,1668545.091262296,3.000730353768247
704,339.1473409442091,0.9904382632762347,-0.003617662238895871,0.004466197396666862,-0.0036487283647071,0.004475783453702077,-0.0042206977362284,1668561.430669087,3.000730353768247
705,339.6290843262321,0.9904080540386372,-0.003580049138141755,0.004430731702303827,-0.003641660509669939,0.004601634346974051,-0.004338442170822016,1668508.937964648,3.000730353768247
706,340.1108277082552,0.9903779111354705,-0.003541396443944065,0.004394294119126704,-0.003632717910702635,0.004726671965344413,-0.00445525075643494,1668389.291066001,3.000730353768246
707,340.5925710902782,0.9903478501338051,-0.003501711072669236,0.004356892470862971,-0.003621893248216231,0.004850853587027019,-0.004571106965478885,1668204.204596802,3.000730353768247
708,341.0743144723012,0.9903178866575919,-0.003461000296563112,0.004318534719358749,-0.003609180117068052,0.004974136048556968,-0.004685993991735773,1667955.428665707,3.000730353768247
709,341.5560578543243,0.9902880363800143,-0.003419271747342124,0.004279228966892905,-0.00359457304351056,0.005096475761612495,-0.004799894749231911,1667644.74760688,3.000730353768246
710,342.0378012363473,0.9902583150156972,-0.003376533419641065,0.004238983458497988,-0.003578067502671308,0.005217828730806428,-0.004912791871717374,1667273.978681537,3.000730353768247
711,342.5195446183703,0.99022873831277,-0.003332793674309301,0.0041978065842829,-0.003559659936523006,0.005338150572477918,-0.00502466771276901,1666844.970739143,3.000730353768246
712,343.0012880003933,0.9901993220447782,-0.003288061241547006,0.004155706881752068,-0.003539347772298435,0.005457396534514762,-0.005135504346536431,1666359.602837395,3.000730353768246
713,343.4830313824164,0.9901700820024405,-0.003242345223872759,0.004112693038115707,-0.003517129441301493,0.005575521517235978,-0.005245283569150993,1665819.782819834,3.000730353768247
714,343.9647747644394,0.9901410339852491,-0.003195655098913584,0.004068773892585578,-0.003493004398063195,0.005692480095362985,-0.005353986900817815,1665227.445850223,3.000730353768247
715,344.4465181464624,0.9901121937929097,-0.00314800072200832,0.004023958438650518,-0.0034669731397868,0.005808226541106817,-0.005461595588611512,1664584.552902941,3.000730353768247
716,344.9282615284854,0.9900835772166195,-0.003099392328614944,0.003978255826325809,-0.003439037226023081,0.005922714848397216,-0.005568090609996313,1663893.089208574,3.000730353768246
717,345.4100049105085,0.9900552000301814,-0.00304984053651229,0.003931675364370306,-0.00340919929851346,0.006035898758277624,-0.005673452677091003,1663155.062654276,3.000730353768246
718,345.8917482925315,0.9900270779809527,-0.002999356347786419,0.00388422652246506,-0.003377463101134896,0.006147731785488225,-0.005777662241699121,1662372.5021384,3.000730353768247
719,346.3734916745545,0.9899992267806293,-0.002947951150591689,0.003835918933347027,-0.003343833499875718,0.006258167246256992,-0.005880699501124425,1661547.455878971,3.000730353768247
720,346.8552350565775,0.9899716620958646,-0.002895636720676465,0.003786762394891243,-0.003308316502770381,0.006367158287315892,-0.005982544404790782,1660681.989675989,3.000730353768247
721,347.3369784386006,0.9899443995387218,-0.002842425222663231,0.003736766872134765,-0.003270919279714575,0.006474657916156953,-0.006083176661685272,1659778.185127582,3.000730353768246
722,347.8187218206236,0.989917454656965,-0.0027883292110728,0.003685942499235442,-0.003231650182080992,0.00658061903253944,-0.00618257574864184,1658838.137799904,3.000730353768246
723,348.3004652026466,0.9898908429241876,-0.002733361631082204,0.003634299581358504,-0.00319051876205094,0.006684994461256305,-0.006280720919482075,1657863.955351326,3.000730353768247
724,348.7822085846696,0.9898645797297824,-0.002677535819005812,0.0035818485964838,-0.003147535791574595,0.00678773698616412,-0.006377591215027875,1656857.755611293,3.000730353768246
725,349.2639519666927,0.9898386803687557,-0.002620865502489206,0.003528600197126398,-0.003102713280868879,0.006888799385476933,-0.006473165473999442,1655821.664614584,3.000730353768246
726,349.7456953487157,0.989813160031392,-0.002563364800405342,0.003474565211963165,-0.003056064496359881,0.00698813446832,-0.006567422344809879,1654757.814591598,3.000730353768246
727,350.2274387307387,0.9897880337927709,-0.002505048222442605,0.003419754647357858,-0.003007603977972114,0.007085695112535021,-0.00666034029826588,1653668.341916063,3.000730353768246
728,350.7091821127617,0.9897633166021447,-0.002445930668374424,0.003364179688777177,-0.00295734755566623,0.007181434303723492,-0.006751897641181468,1652555.385011145,3.000730353768247
729,351.1909254947847,0.9897390232721817,-0.002386027427000259,0.003307851702090215,-0.002905312365123252,0.007275305175509727,-0.006842072530909238,1651421.082215499,3.000730353768247
730,351.6726688768078,0.9897151684680847,-0.002325354174747961,0.00325078223474366,-0.002851516862472023,0.007367261050999752,-0.006930842990790846,1650267.569610824,3.000730353768247
731,352.1544122588308,0.9896917666965903,-0.0022639269739277,0.003192983016805168,-0.00279598083795443,0.007457255485406611,-0.007018186926525363,1649096.978813048,3.000730353768247
732,352.6361556408538,0.9896688322948609,-0.002201762270627942,0.003134465961867291,-0.002738725428421799,0.007545242309806886,-0.007104082143451138,1647911.434728837,3.000730353768246
733,353.1178990228768,0.9896463794192775,-0.002138876892244263,0.003075243167804436,-0.002679773128555585,0.007631175675986994,-0.007188506364733004,1646713.053280162,3.000730353768246
734,353.5996424048999,0.9896244220341452,-0.002075288044632173,0.003015326917375394,-0.002619147800704039,0.00771501010233184,-0.007271437250443488,1645503.939099173,3.000730353768246
735,354.0813857869229,0.989602973900325,-0.002011013308875514,0.002954729678664082,-0.002556874683227441,0.007796700520701832,-0.00735285241752254,1644286.183196104,3.000730353768246
736,354.5631291689459,0.9895820485637998,-0.001946070637662506,0.002893464105351307,-0.002492980397244599,0.007876202324237835,-0.007432729460596474,1643061.860603558,3.000730353768247
737,355.0448725509689,0.9895616593441947,-0.001880478351262002,0.002831543036810526,-0.002427492951674929,0.007953471416027081,-0.007511045973632642,1641833.02799983,3.000730353768246
738,355.526615932992,0.9895418193232608,-0.001814255133093146,0.002768979498020776,-0.002360441746471459,0.008028464258556354,-0.007587779572402161,1640601.721315172,3.000730353768247
739,356.008359315015,0.9895225413333409,-0.001747420024882209,0.002705786699290222,-0.002291857573943396,0.008101137923872095,-0.007662907917718453,1639369.953324327,3.000730353768247
740,356.490102697038,0.9895038379458327,-0.001679992421401121,0.002641978035784028,-0.002221772618068849,0.008171450144360557,-0.007736408739415172,1638139.711229275,3.000730353768247
741,356.971846079061,0.9894857214596655,-0.001611992064782934,0.002577567086850605,-0.002150220451702485,0.008239359364054476,-0.007808259861022329,1636912.954236259,3.000730353768247
742,357.4535894610841,0.9894682038898102,-0.001543439038410265,0.002512567615140631,-0.002077236031587619,0.008304824790366313,-0.007878439225094909,1635691.611131195,3.000730353768246
743,357.9353328431071,0.989451296955839,-0.00147435376037362,0.002446993565513629,-0.002002855691085669,0.008367806446141941,-0.007946924919143878,1634477.577858089,3.000730353768247
744,358.4170762251301,0.9894350120705558,-0.001404756976497403,0.002380859063727358,-0.001927117130543404,0.008428265221922573,-0.008013695202114757,1633272.715104893,3.000730353768247
745,358.8988196071531,0.9894193603287162,-0.001334669752932371,0.002314178414905698,-0.001850059405223426,0.008486162928296941,-0.00807872853135453,1632078.845901559,3.000730353768246
746,359.3805629891762,0.9894043524958577,-0.00126411346831429,0.002246966101781259,-0.001771722910730824,0.008541462348220367,-0.008142003590003399,1630897.753235298,3.000730353768247
747,359.8623063711992,0.9893899989972614,-0.001193109805489604,0.002179236782709461,-0.001692149365876504,0.008594127289172322,-0.008203499314743503,1629731.177687936,3.000730353768247
748,360.3440497532222,0.9893763099070672,-0.001121680742809994,0.002111005289451434,-0.001611381792925931,0.008644122635019458,-0.00826319492383289,1628580.815100634,3.000730353768246
749,360.8257931352452,0.9893632949375615,-0.001049848544998839,0.002042286624723665,-0.001529464495191074,0.008691414397446947,-0.008321069945348957,1627448.31427122,3.000730353768246
750,361.3075365172683,0.9893509634286649,-0.0009776357535937392,0.001973095959513007,-0.001446443031932284,0.008735969766817507,-0.008377104245562324,1626335.274689219,3.000730353768247
751,361.7892798992913,0.9893393243376366,-0.0009050651769704212,0.001903448630156278,-0.001362364190548188,0.008777757162314347,-0.008431278057358441,1625243.24431432,3.000730353768246
752,362.2710232813143,0.9893283862290212,-0.0008321598799545978,0.001833360135184454,-0.00127727595604024,0.008816746281222084,-0.008483572008621694,1624173.717403481,3.000730353768246
753,362.7527666633374,0.9893181572648607,-0.0007589431730294949,0.001762846131932064,-0.00119122747775155,0.008852908147197913,-0.008533967150493833,1623128.132392027,3.000730353768247
754,363.2345100453603,0.9893086451951919,-0.0006854386011480606,0.001691922432913263,-0.001104269033389203,0.008886215157384443,-0.008582444985416717,1622107.869834507,3.000730353768246
755,363.7162534273834,0.9892998573488547,-0.0006116699321600564,0.001620605001966717,-0.001016451990352663,0.008916641128215325,-0.008628987494867247,1621114.250410172,3.000730353768246
756,364.1979968094064,0.9892918006246308,-0.0005376611448654855,0.001548909950172235,-0.0009278287644012682,0.008944161339765545,-0.00867357716669148,1620148.532998948,3.000730353768247
757,364.6797401914295,0.9892844814827365,-0.0004634364167070229,0.001476853531542881,-0.0008384527757067978,0.008968752578499486,-0.008716197021943806,1619211.912832728,3.000730353768246
758,365.1614835734524,0.9892779059366895,-0.0003890201111153308,0.001404452138497032,-0.000748378402349282,0.008990393178272263,-0.008756830641136991,1618305.519727416,3.000730353768247
759,365.6432269554755,0.9892720795455725,-0.0003144367645223211,0.001331722297115675,-0.0006576609313259344,0.009009063059442749,-0.008795462189809056,1617430.416400504,3.000730353768247
760,366.1249703374985,0.9892670074067118,-0.0002397110730585846,0.001258680662190977,-0.0005663565071559907,0.009024743765960769,-0.00883207644331383,1616587.596879194,3.000730353768247
761,366.6067137195215,0.9892626941487928,-0.0001648678789523331,0.001185344012072954,-0.0004745220781750085,0.009037418500295566,-0.008866658810743352,1615777.985003518,3.000730353768247
762,367.0884571015445,0.9892591439254274,-8.993215664827251e-05,0.001111729243321795,-0.0003822153406256341,0.009047072156078315,-0.008899195357892176,1615002.433029322,3.000730353768246
763,367.5702004835676,0.9892563604091965,-1.492899866585736e-05,0.001037853365174155,-0.0002894946806614667,0.009053691348337797,-0.008929672829176255,1614261.72033468,3.000730353768246
764,368.0519438655906,0.9892543467861791,6.011639878265144e-05,0.0009637334938324354,-0.0001964191143926243,0.009057264441215544,-0.008958078668422008,1613556.552234374,3.000730353768247
765,368.5336872476136,0.9892531057509862,0.000135178750392994,0.0008893868465867342,-0.000103048226111873,0.0090577815730547,-0.008984401038444879,1612887.55890568,3.000730353768247
766,369.0154306296366,0.989252639502315,0.0002102326965664111,0.0008148307357798392,-9.442104849348925e-06,0.009055234678765485,-0.009008628839340714,1612255.29442898,3.000730353768247
767,369.4971740116597,0.9892529497390332,0.0002852528183808971,0.0007400825626262172,8.433872058583082e-05,0.009049617509379413,-0.009030751725418109,1611660.235946366,3.000730353768246
768,369.9789173936827,0.9892540376568092,0.0003602136527125781,0.0006651598108965503,0.0001782333479116613,0.009040925648714386,-0.009050760120704812,1611102.782940768,3.000730353768246
769,370.4606607757057,0.9892559039452954,0.0004350897074829878,0.0005900800404798906,0.0002721805688537802,0.009029156527083198,-0.009068645232967061,1610583.256638198,3.000730353768247
770,370.9424041577287,0.9892585487858763,0.0005098554770074964,0.0005148608808359902,0.0003661189376198748,0.00901430943198895,-0.009084399066186584,1610101.899534881,3.000730353768246
771,371.4241475397518,0.9892619718499857,0.0005844854574197272,0.0004395200243507955,0.0004599868401835089,0.008996385515762179,-0.009098014431446515,1609658.875051295,3.000730353768247
772,371.9058909217748,0.9892661722980025,0.0006589541621464738,0.0003640752196084696,0.0005537225641857925,0.008975387800106241,-0.009109484956184088,1609254.267313887,3.000730353768247
773,372.3876343037978,0.9892711487787271,0.0007332361374073912,0.0002885442645936275,0.0006472643692630389,0.008951321177529357,-0.009118805091775123,1608888.08106569,3.000730353768247
774,372.8693776858208,0.9892768994294412,0.000807305977713622,0.0002129449998377296,0.0007405505576034465,0.008924192409653838,-0.009125970119422453,1608560.24170617,3.000730353768246
775,373.3511210678439,0.989283421876553,0.0008811383413394725,0.0001372953015237771,0.0008335195445354983,0.008894010122405214,-0.009130976154327952,1608270.595460343,3.000730353768246
776,373.8328644498669,0.9892907132368272,0.0009547079657413435,6.161307456359389e-05,0.0009261099289513337,0.00886078479809611,-0.009133820148135345,1608018.909676857,3.000730353768247
777,374.3146078318899,0.9892987701191959,0.001027989682898279,-1.408375433795221e-05,0.001018260563368253,0.008824528764431806,-0.009134499889638681,1607804.873254253,3.000730353768247
778,374.7963512139129,0.9893075886271502,0.001100958434548778,-8.9777243617416e-05,0.001109910623433925,0.008785256180476366,-0.009133014003758945,1607628.097194187,3.000730353768246
779,375.278094595936,0.9893171643617024,0.001173589287298888,-0.0001654494437716193,0.001200999676684951,0.008742983019629787,-0.009129361948798889,1607488.11528032,3.000730353768246
780,375.759837977959,0.9893274924249155,0.001245857447577048,-0.0002410824042466688,0.001291467750370773,0.008697727049678004,-0.009123544011993756,1607384.384880668,3.000730353768247
781,376.241581359982,0.9893385674239907,0.001317738276411724,-0.0003166581802831263,0.001381255398162518,0.008649507809988423,-0.009115561303382827,1607316.287871176,3.000730353768246
782,376.723324742005,0.9893503834759013,0.001389207304008523,-0.0003921588397035398,0.001470303765570879,0.008598346585934075,-0.009105415748033946,1607283.131678119,3.000730353768246
783,377.2050681240281,0.9893629342125636,0.001460240244104192,-0.0004675664696288542,0.001558554653905701,0.0085442663806393,-0.00909311007666001,1607284.15043592,3.000730353768247
784,377.6868115060511,0.9893762127865311,0.001530813008075711,-0.0005428631831105409,0.001645950582616369,0.00848729188414917,-0.009078647814673079,1607318.506257416,3.000730353768246
785,378.1685548880741,0.9893902118771978,0.001600901718783617,-0.0006180311256657317,0.00173243484986315,0.008427449440133333,-0.009062033269727912,1607385.290612783,3.000730353768247
786,378.6502982700971,0.9894049236974961,0.001670482724129573,-0.0006930524817030593,0.001817951591177732,0.008364767010242781,-0.009043271517812614,1607483.525813162,3.000730353768246
787,379.1320416521202,0.9894203400010723,0.001739532610309277,-0.0007679094808274254,0.001902445836081631,0.008299274136245193,-0.009022368387949557,1607612.166594925,3.000730353768247
788,379.6137850341432,0.9894364520899217,0.001808028214742823,-0.0008425844040124616,0.001985863562542571,0.008231001900070721,-0.008999330445574617,1607770.101800105,3.000730353768246
789,380.0955284161662,0.9894532508224668,0.001875946638665786,-0.0009170595896300242,0.002068151749159806,0.008159982881905514,-0.008974164974667295,1607956.156148305,3.000730353768246
790,380.5772717981892,0.9894707266220577,0.001943265259365414,-0.0009913174393266885,0.002149258424981406,0.008086251116474878,-0.008946879958708279,1608169.092095219,3.000730353768246
791,381.0590151802123,0.9894888694858752,0.00200996174204754,-0.001065340423737853,0.002229132716867548,0.008009842047661829,-0.008917484060544462,1608407.611772854,3.000730353768246
792,381.5407585622353,0.9895076689942156,0.002076014051321033,-0.001139111088030743,0.002307724894327403,0.007930792481609531,-0.008885986601244331,1608670.359006347,3.000730353768246
793,382.0225019442583,0.989527114320137,0.002141400462287839,-0.001212612057268298,0.002384986411768339,0.00784914053845827,-0.008852397538029074,1608955.921401847,3.000730353768247
794,382.5042453262813,0.9895471942394446,0.002206099571227935,-0.001285826041586642,0.002460869948109256,0.007764925602868775,-0.008816727441366579,1609262.832500304,3.000730353768247
795,382.9859887083044,0.9895678971409936,0.002270090305869756,-0.001358735841179572,0.002535329443720916,0.007678188273484161,-0.008778987471316863,1609589.573991694,3.000730353768246
796,383.4677320903274,0.9895892110372858,0.002333351935237942,-0.001431324351084218,0.002608320134669977,0.00758897031148225,-0.008739189353218211,1609934.577984236,3.000730353768247
797,383.9494754723504,0.9896111235753406,0.002395864079071491,-0.001503574565762799,0.002679798584253424,0.007497314588368957,-0.008697345352803667,1610296.229322927,3.000730353768247
798,384.4312188543734,0.9896336220478146,0.00245760671680663,-0.001575469583476109,0.002749722711822971,0.007403265033161507,-0.008653468250837255,1610672.867952183,3.000730353768246
799,384.9129622363965,0.9896566934043493,0.00251856019611998,-0.001646992610445135,0.002818051818909421,0.007306866579107654,-0.008607571317358688,1611062.791316891,3.000730353768247
800,385.3947056184195,0.9896803242631246,0.002578705241028744,-0.001718126964797913,0.002884746612667993,0.0072081651100838,-0.008559668285624112,1611464.256796608,3.000730353768247
801,385.8764490004425,0.9897045009225954,0.002638022959545851,-0.001788856080299476,0.002949769226675736,0.007107207406811333,-0.008509773325829088,1611875.484167483,3.000730353768247
802,386.3581923824655,0.9897292093733893,0.002696494850889098,-0.001859163509863424,0.003013083239122505,0.007004041093025659,-0.00845790101869774,1612294.658086804,3.000730353768247
803,386.8399357644886,0.9897544353103447,0.002754102812244453,-0.001929032928844358,0.003074653688444762,0.006898714581728172,-0.008404066329020122,1612719.930594833,3.000730353768247
804,387.3216791465115,0.9897801641446683,0.002810829145084717,-0.001998448138111079,0.003134447086461285,0.00679127702164558,-0.008348284579216906,1613149.4236292,3.000730353768246
805,387.8034225285346,0.9898063810161911,0.002866656561045761,-0.002067393066901091,0.003192431429077513,0.006681778244015629,-0.008290571423007717,1613581.231546737,3.000730353768246
806,388.2851659105576,0.9898330708057029,0.002921568187363526,-0.00213585177545757,0.003248576204631761,0.00657026870981219,-0.008230942819256324,1614013.423648351,3.000730353768246
807,388.7669092925807,0.9898602181473476,0.002975547571875852,-0.002203808457450574,0.003302852399964115,0.006456799457516394,-0.00816941500606237,1614444.046702086,3.000730353768247
808,389.2486526746036,0.9898878074410583,0.003028578687594108,-0.00227124744218479,0.003355232504294165,0.006341422051534016,-0.008106004475165903,1614871.127460426,3.000730353768246
809,389.7303960566267,0.9899158228650166,0.00308064593685035,-0.002338153196596686,0.003405690510998837,0.006224188531352659,-0.008040727946727114,1615292.675167483,3.000730353768246
810,390.2121394386497,0.989944248388118,0.003131734155026509,-0.002404510327044422,0.003454201917386287,0.006105151361525617,-0.007973602344539999,1615706.684052128,3.000730353768246
811,390.6938828206727,0.9899730677824277,0.003181828613872794,-0.002470303580894341,0.003500743722566015,0.005984363382562283,-0.007904644771734595,1616111.135803555,3.000730353768247
812,391.1756262026958,0.9900022646356109,0.00323091502442314,-0.002535517847908307,0.003545294423517868,0.005861877762798247,-0.007833872487018554,1616504.002025535,3.000730353768247
813,391.6573695847188,0.9900318223633235,0.003278979539516083,-0.002600138161436544,0.003587834009466022,0.005737747951311434,-0.007761302881504815,1616883.24666643,3.000730353768247
814,392.1391129667418,0.9900617242215499,0.003326008755929994,-0.00266414969942104,0.003628343954664515,0.005612027631943826,-0.007686953456168255,1617246.828421541,3.000730353768247
815,392.6208563487648,0.9900919533188741,0.003371989716142052,-0.002727537785214852,0.003666807209704519,0.005484770678481592,-0.007610841799969997,1617592.703105344,3.000730353768247
816,393.1025997307879,0.9901224926286734,0.003416909909720763,-0.002790287888223034,0.003703208191451783,0.005356031111040149,-0.007532985568684548,1617918.825990892,3.000730353768247
817,393.5843431128109,0.9901533250012239,0.003460757274362157,-0.002852385624371115,0.003737532771724927,0.005225863053694106,-0.007453402464460825,1618223.154113879,3.000730353768246
818,394.0660864948339,0.9901844331757064,0.003503520196580151,-0.002913816756407335,0.003769768264823707,0.005094320693386117,-0.00737211021614472,1618503.648539685,3.000730353768247
819,394.547829876857,0.9902157997921052,0.003545187512061784,-0.002974567194045062,0.003799903414016489,0.004961458240142553,-0.007289126560387053,1618758.276591034,3.000730353768247
820,395.02957325888,0.9902474074029909,0.003585748505698249,-0.003034622993951959,0.003827928377094515,0.004827329888618376,-0.00720446922355756,1618985.014034946,3.000730353768246
821,395.511316640903,0.9902792384851795,0.00362519291130281,-0.003093970359592692,0.003853834711098834,0.004691989780988217,-0.007118155904482291,1619181.847227459,3.000730353768246
822,395.993060022926,0.9903112754512629,0.003663510911026817,-0.003152595640932025,0.003877615356324404,0.004555491971195393,-0.0070302042580186,1619346.775214741,3.000730353768247
823,396.4748034049491,0.9903435006610027,0.003700693134485109,-0.003210485334005326,0.003899264619703164,0.004417890390565778,-0.006940631879479102,1619477.811789855,3.000730353768247
824,396.9565467869721,0.9903758964325859,0.003736730657602116,-0.003267626080363533,0.003918778157665496,0.004279238814789159,-0.006849456289913404,1619572.987504136,3.000730353768247
825,397.4382901689951,0.9904084450537349,0.003771615001189993,-0.003324004666399725,0.003936152958575942,0.004139590832266094,-0.006756694922253673,1619630.351632692,3.000730353768247
826,397.9200335510181,0.9904411287926718,0.00380533812927009,-0.003379608022564482,0.003951387324837853,0.003998999813814583,-0.006662365108327988,1619647.974093558,3.000730353768246
827,398.4017769330411,0.9904739299089326,0.003837892447148973,-0.003434423222477217,0.003964480854755969,0.003857518883727308,-0.006566484066743339,1619623.947320274,3.000730353768246
828,398.8835203150642,0.9905068306640313,0.00386927079926016,-0.003488437481940705,0.003975434424244333,0.003715200892166678,-0.006469068891638189,1619556.388087797,3.000730353768246
829,399.3652636970871,0.9905398133319709,0.003899466466782569,-0.003541638157865996,0.003984250168462445,0.003572098388882201,-0.006370136542302985,1619443.439291968,3.000730353768246
830,399.8470070791102,0.9905728602096028,0.003928473165046591,-0.003594012747114901,0.003990931463459855,0.003428263598231563,-0.006269703833665249,1619283.271682611,3.000730353768246
831,400.3287504611332,0.9906059536268345,0.003956285040738481,-0.003645548885267199,0.003995482907903624,0.003283748395485155,-0.006167787427635294,1619074.085550773,3.000730353768247
832,400.8104938431563,0.9906390759566863,0.003982896668913631,-0.003696234345319662,0.003997910304962451,0.003138604284390777,-0.006064403825306749,1618814.112370704,3.000730353768246
833,401.2922372251792,0.9906722096251989,0.004008303049829054,-0.00374605703632398,0.003998220644414217,0.0029928823759741,-0.005959569360005885,1618501.616397183,3.000730353768246
834,401.7739806072023,0.9907053371211932,0.004032499605605216,-0.003795005001970569,0.003996422085041984,0.002846633368548651,-0.005853300191182873,1618134.896219009,3.000730353768247
835,402.2557239892253,0.9907384410058868,0.004055482176727127,-0.003843066419125222,0.003992523937378638,0.002699907528907828,-0.005745612299137696,1617712.286269656,3.000730353768246
836,402.7374673712483,0.9907715039223681,0.00407724701839437,-0.003890229596325485,0.003986536646856977,0.002552754674670391,-0.005636521480573168,1617232.15829598,3.000730353768247
837,403.2192107532713,0.9908045086049332,0.004097790796729506,-0.003936482972243587,0.003978471777417981,0.002405224157750178,-0.005526043344967562,1616692.922786311,3.000730353768247
838,403.7009541352944,0.9908374378882888,0.00411711058485404,-0.003981815114122669,0.003968341995626253,0.002257364848920067,-0.005414193311759331,1616093.030358963,3.000730353768247
839,404.1826975173174,0.9908702747166258,0.004135203858840906,-0.004026214716193036,0.003956161055338159,0.002109225123440047,-0.005300986608336883,1615430.973112639,3.000730353768246
840,404.6644408993404,0.9909030021525681,0.004152068493552148,-0.004069670598075048,0.003941943782964249,0.001960852847718865,-0.005186438268826542,1614705.285939973,3.000730353768246
841,405.1461842813634,0.9909356033860025,0.004167702758370247,-0.004112171703175272,0.00392570606336408,0.001812295366979117,-0.005070563133672897,1613914.547805703,3.000730353768246
842,405.6279276633865,0.9909680617427936,0.004182105312831282,-0.004153707097082397,0.00390746482640815,0.001663599493895258,-0.004953375850005811,1613057.382991107,3.000730353768246
843,406.1096710454095,0.9910003606933903,0.00419527520216786,-0.00419426596596946,0.003887238034237751,0.001514811498175337,-0.004834890872790231,1612132.462306154,3.000730353768247
844,406.5914144274325,0.9910324838613307,0.004207211852769515,-0.004233837615008807,0.003865044669251099,0.00136597709705674,-0.004715122466754968,1611138.504270855,3.000730353768246
845,407.0731578094556,0.9910644150316495,0.004217915067568046,-0.004272411466806279,0.003840904722839588,0.001217141446687742,-0.004594084709098585,1610074.276267824,3.000730353768246
846,407.5549011914786,0.9910961381591953,0.004227385021354987,-0.004309977059861025,0.003814839184895988,0.001068349134366993,-0.004471791492971343,1608938.595667459,3.000730353768246
847,408.0366445735016,0.991127637376865,0.004235622256038252,-0.004346524047057394,0.003786870034111763,0.0009196441716143711,-0.004348256531733986,1607730.330927378,3.000730353768247
848,408.5183879555246,0.9911588970037603,0.00424262767584469,-0.004382042194195343,0.003757020229079889,0.0007710699880472456,-0.004223493363995191,1606448.402668274,3.000730353768246
849,409.0001313375477,0.9911899015532739,0.004248402542475162,-0.004416521378565827,0.003725313700213402,0.0006226694260378019,-0.004097515359431642,1605091.784727388,3.000730353768247
850,409.4818747195707,0.9912206357411132,0.004252948470218489,-0.004449951587577685,0.003691775342489826,0.0004744847361279991,-0.003970335725396098,1603659.505191775,3.000730353768246
851,409.9636181015937,0.9912510844932657,0.004256267421030464,-0.004482322917442575,0.00365643100902664,0.000326557573180215,-0.003841967514320835,1602150.64741291,3.000730353768246
852,410.4453614836168,0.9912812329539157,0.004258361699583955,-0.004513625571924596,0.003619307505491143,0.0001789289932429125,-0.003712423631925621,1600564.351004505,3.000730353768246
853,410.9271048656398,0.9913110664933181,0.004259233948295912,-0.004543849861161282,0.003580432585343866,3.163945111235724e-05,-0.003581716846241685,1598899.812825093,3.000730353768246
854,411.4088482476628,0.9913405707156355,0.004258887142337001,-0.004572986200562831,0.003539834945914071,-0.0001152712014276342,-0.003449859797464597,1597156.287947446,3.000730353768247
855,411.8905916296858,0.9913697314667472,0.004257324584629402,-0.004601025109796455,0.003497544225299507,-0.0002617637167034812,-0.003316865008652105,1595333.090616109,3.000730353768247
856,412.3723350117089,0.9913985348420351,0.004254549900838206,-0.004627957211862948,0.003453591000082692,-0.0004077994516020631,-0.003182744897284212,1593429.595195125,3.000730353768246
857,412.8540783937319,0.9914269671941542,0.004250567034361711,-0.004653773232272694,0.003408006783851413,-0.0005533403673860475,-0.003047511787705682,1591445.237107377,3.000730353768247
858,413.3358217757549,0.9914550151407944,0.004245380241325849,-0.004678463998328531,0.003360824026508029,-0.0006983490288856054,-0.002911177924473255,1589379.513767246,3.000730353768246
859,413.8175651577779,0.9914826655724396,0.004238994085587861,-0.004702020438523037,0.003312076114349491,-0.000842788603075996,-0.00277375548663233,1587231.985508057,3.000730353768246
860,414.299308539801,0.9915099056601305,0.004231413433754268,-0.004724433582058088,0.003261797370896326,-0.0009866228570489478,-0.002635256602950236,1585002.276506061,3.000730353768247
861,414.7810519218239,0.9915367228632375,0.004222643450218154,-0.004745694558494713,0.003210023058445512,-0.001129816155384116,-0.002495693368135556,1582690.075702186,3.000730353768246
862,415.262795303847,0.9915631049372491,0.004212689592220692,-0.004765794597541556,0.003156789380318581,-0.001272333456925004,-0.002355077860075762,1580295.137723041,3.000730353768247
863,415.74453868587,0.9915890399415818,0.004201557604941853,-0.004784725028990529,0.003102133483772634,-0.00141414031096242,-0.002213422158127486,1577817.283802686,3.000730353768247
864,416.2262820678931,0.9916145162474169,0.004189253516625187,-0.004802477282808516,0.003046093463537923,-0.001555202852826665,-0.002070738362496552,1575256.402706103,3.000730353768246
865,416.708025449916,0.9916395225455693,0.004175783633741586,-0.004819042889394345,0.002988708365941758,-0.001695487798888228,-0.001927038614747147,1572612.45165587,3.000730353768247
866,417.1897688319391,0.9916640478543917,0.004161154536196928,-0.004834413480010534,0.002930018193573576,-0.001834962440964979,-0.001782335119482248,1569885.457263012,3.000730353768247
867,417.6715122139621,0.9916880815277206,0.004145373072588551,-0.00484858078739971,0.002870063910442369,-0.001973594640132836,-0.001636640167239276,1567075.51646299,3.000730353768246
868,418.1532555959851,0.9917116132628667,0.004128446355515486,-0.004861536646595965,0.002808887447571835,-0.002111352819934818,-0.001489966158647995,1564182.797457814,3.000730353768247
869,418.6349989780081,0.991734633108653,0.004110381756947504,-0.004873272995941804,0.002746531708973926,-0.002248205958982639,-0.001342325629899324,1561207.540665023,3.000730353768246
870,419.1167423600312,0.9917571314735038,0.004091186903657998,-0.004883781878321771,0.002683040577935797,-0.002384123582943216,-0.00119373127957641,1558150.059674195,3.000730353768247
871,419.5984857420542,0.9917790991335869,0.004070869672725857,-0.004893055442624237,0.002618458923549481,-0.002519075755901897,-0.001044195996900712,1555010.742211624,3.000730353768247
872,420.0802291240772,0.991800527241011,0.004049438187111533,-0.004901085945443332,0.002552832607407181,-0.002653033071092484,-0.0008937328914485727,1551790.051113353,3.000730353768247
873,420.5619725061002,0.991821407332078,0.00402690081131258,-0.004907865753033426,0.002486208490378149,-0.002785966640983705,-0.0007423553243947839,1548488.525307092,3.000730353768246
874,421.0437158881233,0.9918417313355931,0.004003266147104063,-0.004913387343529049,0.002418634439377061,-0.002917848086710933,-0.0005900769413413892,1545106.780802761,3.000730353768247
875,421.5254592701463,0.9918614915812287,0.003978543029369288,-0.004917643309443641,0.002350159334024898,-0.003048649526841107,-0.0004369117067913953,1541645.511691905,3.000730353768247
876,422.0072026521693,0.9918806808079443,0.003952740522026455,-0.00492062636046102,0.00228083307309649,-0.00317834356545877,-0.0002828739403276845,1538105.49115549,3.000730353768247
877,422.4889460341923,0.9918992921724578,0.00392586791405689,-0.004922329326533931,0.002210706580639905,-0.003306903279560533,-0.0001279783545584394,1534487.572479595,3.000730353768247
878,422.9706894162154,0.9919173192577654,0.003897934715640655,-0.004922745161304589,0.002139831811643755,-0.003434302205745671,2.775990510973025e-05,1530792.690078417,3.000730353768247
879,423.4524327982384,0.9919347560817073,0.003868950654405409,-0.004921866945862613,0.002068261757119673,-0.003560514326190587,0.0001843252188096896,1527021.860523539,3.000730353768246
880,423.9341761802614,0.9919515971055715,0.003838925671794505,-0.004919687892856242,0.00199605044845629,-0.003685514053895608,0.000341701448602301,1523176.183578363,3.000730353768247
881,424.4159195622844,0.9919678372427303,0.003807869919560406,-0.004916201350973251,0.00192325296089125,-0.003809276217193398,0.0004998718928563295,1519256.843236166,3.000730353768247
882,424.8976629443075,0.9919834718673018,0.003775793756389567,-0.004911400809808447,0.001849925415936331,-0.003931776043509499,0.0006588192385623834,1515265.108760199,3.000730353768247
883,425.3794063263305,0.9919984968228267,0.003742707744665026,-0.004905279905135084,0.001776124982579291,-0.004052989142367302,0.0008185255115263097,1511202.335723556,3.000730353768247
884,425.8611497083535,0.9920129084309481,0.003708622647372984,-0.004897832424598006,0.001701909877073604,-0.004172891487631507,0.0009789720243905625,1507069.967046751,3.000730353768247
885,426.3428930903765,0.9920267035000848,0.003673549425159699,-0.00488905231384669,0.001627339361115494,-0.004291459398987001,0.001140139322436764,1502869.534030057,3.000730353768247
886,426.8246364723996,0.9920398793340806,0.00363749923354504,-0.004878933683126775,0.001552473738193121,-0.004408669522652725,0.001302007127127542,1498602.657377703,3.000730353768246
887,427.3063798544226,0.9920524337408153,0.003600483420299021,-0.004867470814348955,0.001477374347880812,-0.004524498811334013,0.001464554277352492,1494271.048210455,3.000730353768246
888,427.7881232364456,0.9920643650407603,0.003562513522987609,-0.004854658168654377,0.001402103557835979,-0.004638924503420549,0.001627758668350173,1489876.509062621,3.000730353768247
889,428.2698666184687,0.9920756720754558,0.003523601266694003,-0.0048404903944959,0.001326724753243272,-0.004751924101442537,0.001791597188287716,1485420.934859407,3.000730353768247
890,428.7516100004917,0.9920863542158895,0.003483758561921456,-0.004824962336254656,0.001251302323434984,-0.004863475349802264,0.001956045652488908,1480906.313869739,3.000730353768247
891,429.2333533825147,0.9920964113707526,0.003442997502683573,-0.004808069043411412,0.001175901645402937,-0.004973556211805119,0.002121078735314376,1476334.728629434,3.000730353768246
892,429.7150967645377,0.992105843994544,0.003401330364787739,-0.004789805780292106,0.0011005890639019,-0.005082144846020602,0.002286669899710531,1471708.356828895,3.000730353768247
893,430.1968401465607,0.992114653095496,0.003358769604317104,-0.00477016803640679,0.001025431867830332,-0.00518921958201176,0.00245279132445954,1467029.472159304,3.000730353768246
894,430.6785835285838,0.9921228402432851,0.003315327856316148,-0.0047491515374008,0.0009504982625597568,-0.005294758895479952,0.002619413829179742,1462300.445110433,3.000730353768246
895,431.1603269106068,0.9921304075764988,0.00327101793368446,-0.00472675225663655,0.0008758573378704005,-0.005398741382881309,0.0027865067971455,1457523.743712686,3.000730353768247
896,431.6420702926299,0.9921373578098149,0.003225852826282833,-0.004702966427423654,0.0008015790311376342,-0.005501145735581785,0.002954038096017232,1452701.934215574,3.000730353768247
897,432.1238136746528,0.9921436942408554,0.003179845700255184,-0.004677790555914232,0.0007277340854006572,-0.005601950713628519,0.003121973996595822,1447837.68169411,3.000730353768247
898,432.6055570566759,0.9921494207566705,0.00313300989756911,-0.004651221434679215,0.0006543940019352559,-0.005701135119228156,0.003290279089742942,1442933.750573868,3.000730353768246
899,433.0873004386989,0.9921545418398057,0.003085358935777104,-0.004623256156980152,0.0005816309869410246,-0.005798677770035387,0.003458916201637094,1437993.005065054,3.000730353768246
