sample,elapsed_days,x_nd,y_nd,z_nd,xdot_nd,ydot_nd,zdot_nd,earth_radius_km,jacobi
0,0,1.000031964395122,4.506660864928897e-06,-3.110544153249276e-05,0.1707049170126878,-0.2735186777981569,0.1522749960496124,7033.665176709252,3.00060957598247
1,0.3475613097135885,0.9996842850101663,-0.0003242136943230206,0.0005708242825613381,-0.05429526263153925,-0.022599908411076,0.06465828846846434,108779.7043395782,3.000609575982063
2,0.6951226194271253,0.9993921283475,-0.000427530075313322,0.0009013291591380419,-0.04465709954998945,-0.01356871838687753,0.0484697394180806,174526.3989332219,3.000609575982073
3,1.042683929140714,0.9991420228919663,-0.0004956577570259977,0.001166034449253233,-0.03941576576381173,-0.009611564636331071,0.04078319218688423,228659.3945028278,3.000609575982074
4,1.390245238854251,0.9989174484465375,-0.0005454222353157124,0.001394526325400333,-0.0359044056090103,-0.007196177000723485,0.0359604993155281,276153.4992905532,3.000609575982067
5,1.737806548567839,0.9987109119560033,-0.0005830895431857277,0.001598758488791364,-0.03329848788219727,-0.005488310356472945,0.03252710073879047,319104.41148931,3.000609575982073
6,2.085367858281376,0.9985181910441937,-0.0006118280631637799,0.001785058657029648,-0.03124235878577948,-0.004175881732247878,0.02989748617161443,358649.2674890129,3.000609575982077
7,2.432929167994964,0.9983366017564101,-0.0006335150177290868,0.001957285004191792,-0.02955227130379705,-0.003112227377030448,0.02778486145045515,395493.7830155267,3.000609575982078
8,2.780490477708501,0.9981643002889744,-0.0006493787580314731,0.002118008226176213,-0.02812173623046581,-0.002218041093009097,0.0260292882792608,430114.7439129666,3.000609575982079
9,3.128051787422038,0.9979999490314601,-0.0006602801828139595,0.002269049473516001,-0.02688389204739543,-0.001446119276617078,0.0245332733239258,462853.8301488834,3.000609575982079
10,3.475613097135627,0.9978425374965741,-0.0006668539352353038,0.002411758332376649,-0.02579419658052319,-0.0007663251820248235,0.02323339098685827,493966.7782017677,3.000609575982079
11,3.823174406849164,0.9976912780356089,-0.000669586397669085,0.002547170075855058,-0.02482158999098104,-0.0001583588227522447,0.02208627235944527,523651.5065563324,3.000609575982074
12,4.170735716562752,0.9975455411750678,-0.0006688620019463144,0.002676100885205474,-0.02394361274078049,0.0003920454425953725,0.0210610720570744,552065.3080321243,3.000609575982077
13,4.518297026276288,0.9974048134909994,-0.0006649923226469421,0.002799208661798224,-0.02314353636873864,0.0008952629565319191,0.02013514000534756,579335.9186711691,3.000609575982079
14,4.865858335989877,0.9972686690466409,-0.0006582352029682586,0.002917033564258128,-0.02240859087687618,0.001359057200183979,0.01929139855899773,605568.9486018392,3.000609575982076
15,5.213419645703414,0.9971367493757356,-0.0006488078064919652,0.00303002600067099,-0.02172882354225278,0.001789377888089506,0.01851668192281573,630853.0455686426,3.000609575982077
16,5.560980955417002,0.9970087490594366,-0.000636895806930942,0.003138566538058874,-0.02109633836406044,0.002190878699607845,0.01780064558213629,655263.5882180538,3.000609575982076
17,5.908542265130539,0.9968844050842085,-0.0006226600332256799,0.003242980423902319,-0.02050477401260871,0.002567264273820751,0.01713502742491958,678865.3936649868,3.000609575982076
18,6.256103574844127,0.9967634888270518,-0.0006062413860155947,0.003343548409879551,-0.01994893625147381,0.002921529394288812,0.01651313354067809,701714.7450212555,3.000609575982076
19,6.603664884557665,0.9966457999106008,-0.0005877645484388869,0.003440514973083185,-0.01942453331627373,0.003256127936730409,0.01592947193137273,723860.9380269193,3.000609575982075
20,6.951226194271253,0.9965311614170842,-0.0005673408364948373,0.003534094664975355,-0.018927981655534,0.00357309479211127,0.01537948618608802,745347.4802068355,3.000609575982075
21,7.29878750398479,0.9964194161082712,-0.0005450704227037164,0.003624477086983513,-0.01845626083330613,0.003874135540726532,0.01485935829373398,766213.0341114078,3.000609575982075
22,7.646348813698379,0.996310423402464,-0.0005210440950468282,0.003711830841275985,-0.0180068034624606,0.004160693533634752,0.01436586026427212,786492.1688699989,3.000609575982076
23,7.993910123411915,0.9962040569296605,-0.0004953446656945723,0.003796306704924452,-0.01757741054264994,0.004434000841782086,0.01389624084440963,806215.9659719828,3.000609575982075
24,8.341471433125504,0.9961002025341719,-0.0004680481119606068,0.003878040207338283,-0.0171661855161392,0.00469511748678653,0.01344813788636659,825412.512671005,3.000609575982075
25,8.689032742839041,0.9959987566277053,-0.0004392245098250193,0.003957153743428803,-0.01677148231394266,0.004944962026685669,0.01301950974999864,844107.3076855596,3.000609575982075
26,9.03659405255263,0.9958996248199683,-0.0004089388048359417,0.004033758321409924,-0.01639186399607991,0.005184335673506967,0.01260858101939993,862323.5976780026,3.000609575982075
27,9.384155362266165,0.995802720771234,-0.0003772514541326135,0.004107955020077558,-0.01602606951034344,0.005413941508786942,0.0122137991189633,880082.6585385288,3.000609575982075
28,9.731716671979703,0.9957079652240645,-0.0003442189653059814,0.004179836212865318,-0.01567298674087975,0.005634399939938426,0.01183379932322699,897404.0322431981,3.000609575982075
29,10.07927798169329,0.9956152851808695,-0.0003098943519207063,0.004249486603024108,-0.0153316304790847,0.005846261242509093,0.01146737629859802,914305.7276432564,3.000609575982075
30,10.42683929140683,0.9955246132011016,-0.0002743275211433053,0.004316984104601911,-0.01500112428260438,0.006050015820705826,0.01111346077720263,930804.3917372718,3.000609575982076
31,10.77440060112042,0.9954358867973092,-0.0002375656056214888,0.004382400596583636,-0.01468068543210459,0.006246102664715494,0.0107711002991728,946915.4566077215,3.000609575982075
32,11.12196191083395,0.9953490479134263,-0.0001996532492549894,0.004445802571970222,-0.01436961237594905,0.006434916370691875,0.01043944320692825,962653.2661563958,3.000609575982075
33,11.46952322054754,0.9952640424719018,-0.0001606328545711088,0.004507251699270499,-0.01406727418795,0.006616813005836137,0.01011772525896354,978031.1859630224,3.000609575982076
34,11.81708453026108,0.9951808199787917,-0.0001205447979253746,0.004566805310529495,-0.01377310166536342,0.006792115038545903,0.009805258368890795,993061.6989599433,3.000609575982075
35,12.16464583997467,0.9950993331779218,-7.942761758047685e-05,0.004624516827391283,-0.01348657977208713,0.00696111550640189,0.009501421080381657,1007756.489119542,3.000609575982075
36,12.5122071496882,0.9950195377468095,-3.731817879561194e-05,0.00468043613461527,-0.01320724119186343,0.007124081558749593,0.009205650468960417,1022126.514957436,3.000609575982076
37,12.85976845940179,0.9949413920282912,5.748180672597088e-06,0.004734609908811805,-0.01293466080268397,0.007281257482928118,0.008917435223586713,1036182.074341007,3.000609575982075
38,13.20732976911533,0.9948648567928204,4.973752184145017e-05,0.004787081908834999,-0.01266845091986239,0.007432867301704063,0.008636309709207044,1049932.861840097,3.000609575982075
39,13.55489107882892,0.9947898950272235,9.461719020132536e-05,0.004837893233199908,-0.01240825718377705,0.007579117012672925,0.00836184884925855,1063388.019653188,3.000609575982076
40,13.90245238854246,0.9947164717463723,0.000140355713879497,0.004887082549021075,-0.01215375499090566,0.007720196527164914,0.008093663696953583,1076556.182976032,3.000609575982075
41,14.25001369825604,0.9946445538247831,0.0001869227126176987,0.004934686296258814,-0.01190464638481019,0.007856281355713386,0.007831397587882226,1089445.520544083,3.000609575982075
42,14.59757500796958,0.9945741098456023,0.0002342888161672473,0.004980738870475693,-0.01166065733820529,0.007987534078783047,0.00757472278542794,1102063.770968289,3.000609575982076
43,14.94513631768317,0.9945051099648189,0.0002824255909167003,0.005025272786824075,-0.01142153536892166,0.008114105634747515,0.007323337545733133,1114418.275391474,3.000609575982075
44,15.29269762739671,0.9944375257888529,0.0003313054737410898,0.005068318827585161,-0.01118704744205593,0.00823613645169011,0.007076963541282928,1126516.006915489,3.000609575982075
45,15.64025893711029,0.9943713302639334,0.0003809017122074132,0.00510990617524728,-0.01095697811832621,0.008353757445208335,0.006835343592194578,1138363.597185506,3.000609575982075
46,15.98782024682383,0.9943064975758946,0.0004311883103922815,0.005150062532831436,-0.01073112791499081,0.008467090900816637,0.006598239662493072,1149967.360464005,3.000609575982075
47,16.33538155653737,0.99424300305921,0.0004821399796700611,0.005188814232938047,-0.01050931185090391,0.008576251256604292,0.006365431085375265,1161333.315481462,3.000609575982075
48,16.68294286625095,0.9941808231142347,0.0005337320939156438,0.005226186336790245,-0.01029135815159995,0.008681345799383303,0.006136712987013432,1172467.205312922,3.000609575982075
49,17.03050417596449,0.994119935131764,0.0005859406486391895,0.005262202724381444,-0.01007710709388308,0.008782475285558956,0.005911894883042259,1183374.515496825,3.000609575982075
50,17.37806548567808,0.9940603174241273,0.0006387422236321742,0.005296886176692109,-0.009866409972389578,0.008879734496291088,0.005690799425696805,1194060.490584821,3.000609575982075
51,17.72562679539162,0.9940019491621331,0.0006921139487568058,0.00533025845081848,-0.009659128173097152,0.008973212735124742,0.005473261282762321,1204530.149287999,3.000609575982075
52,18.07318810510521,0.9939448103172686,0.0007460334725565596,0.005362340348752021,-0.009455132340858402,0.009062994275106288,0.005259126132172025,1214788.298364061,3.000609575982076
53,18.42074941481874,0.9938888816086203,0.0008004789334040635,0.005393151780458209,-0.0092543016298147,0.009149158761421781,0.00504824975834407,1224839.545373279,3.000609575982075
54,18.76831072453233,0.9938341444540559,0.0008554289329366333,0.005422711821826356,-0.009056523027047391,0.009231781574769728,0.004840497238249259,1234688.310415355,3.000609575982076
55,19.11587203424587,0.9937805809252506,0.0009108625115582269,0.005451038767994988,-0.008861690741103184,0.009310934159980149,0.004635742206814876,1244338.836946618,3.000609575982075
56,19.46343334395946,0.9937281737061932,0.0009667591258122974,0.005478150182499635,-0.008669705648115792,0.009386684323798876,0.004433866192639445,1253795.201765806,3.000609575982075
57,19.81099465367299,0.9936769060548495,0.00102309862745135,0.005504062942639269,-0.008480474789178273,0.009459096505248427,0.004234758016162436,1263061.324246312,3.000609575982075
58,20.15855596338658,0.9936267617676898,0.001079861244048604,0.005528793281413964,-0.008293910913415095,0.009528232021544849,0.004038313243432012,1272140.974884886,3.000609575982075
59,20.50611727310012,0.9935777251468251,0.001137027561013339,0.005552356826347719,-0.008109932061890358,0.009594149292177636,0.00384443368947248,1281037.783228633,3.000609575982075
60,20.85367858281371,0.9935297809695186,0.001194578504886582,0.00557476863547708,-0.007928461188076731,0.009656904043441205,0.003653026965989285,1289755.245236048,3.000609575982075
61,21.20123989252724,0.9934829144598681,0.001252495327806175,0.005596043230756366,-0.007749425811122133,0.009716549495430205,0.003464006068787044,1298296.730121656,3.000609575982075
62,21.54880120224083,0.9934371112624706,0.001310759593042036,0.005616194629104652,-0.00757275769859114,0.009773136533273467,0.003277289000824974,1306665.48672903,3.000609575982076
63,21.89636251195437,0.9933923574179029,0.001369353161511893,0.005635236371296459,-0.007398392575744149,0.009826713864174167,0.003092798427312529,1314864.649472281,3.000609575982075
64,22.24392382166796,0.9933486393398689,0.001428258179197148,0.005653181548878145,-0.007226269858749395,0.009877328161644874,0.002910461359660689,1322897.24388209,3.000609575982075
65,22.5914851313815,0.9933059437938752,0.001487457065385781,0.005670042829273776,-0.007056332409516745,0.009925024198169262,0.002730208865467446,1330766.191789046,3.000609575982076
66,22.93904644109503,0.9932642578773124,0.001546932501676709,0.005685832479228614,-0.006888526310095284,0.009969844967386187,0.002551975802029433,1338474.316173675,3.000609575982076
67,23.28660775080862,0.9932235690008339,0.001606667421685713,0.005700562386723995,-0.006722800654801824,0.01001183179677188,0.002375700571148876,1346024.34570978,3.000609575982075
68,23.63416906052216,0.9931838648709254,0.001666645001398857,0.00571424408148488,-0.006559107358442606,0.01005102445169133,0.002201324893245773,1353418.91902547,3.000609575982075
69,23.98173037023574,0.9931451334735791,0.001726848650124272,0.00572688875419013,-0.006397400979163444,0.01008746123159799,0.002028793598998171,1360660.588703664,3.000609575982075
70,24.32929167994928,0.9931073630589859,0.001787262001997239,0.005738507274485392,-0.006237638554617503,0.01012117905907946,0.001858054436921211,1367751.825042101,3.000609575982075
71,24.67685298966287,0.9930705421271692,0.001847868907998005,0.005749110207889622,-0.006079779450270196,0.01015221356237511,0.001689057895458215,1374695.019591162,3.000609575982076
72,25.02441429937641,0.9930346594144936,0.001908653428444714,0.005758707831678061,-0.005923785218785787,0.01018059915192886,0.001521757038306326,1381492.488485815,3.000609575982075
73,25.37197560909,0.992999703880983,0.001969599825927616,0.005767310149817331,-0.005769619469540068,0.0102063690914835,0.001356107351825082,1388146.475587185,3.000609575982075
74,25.71953691880353,0.9929656646983901,0.002030692558653033,0.005774926907021723,-0.005617247747401305,0.01022955556417354,0.001192066603493026,1394659.15544728,3.000609575982075
75,26.06709822851712,0.992932531238966,0.002091916274168704,0.005781567601993904,-0.005466637420002157,0.01025018973402926,0.001029594710477452,1401032.636109725,3.000609575982075
76,26.41465953823066,0.9929002930648793,0.00215325580344394,0.005787241499907922,-0.005317757572802507,0.01026830180326514,0.0008686536174749142,1407268.961758093,3.000609575982075
77,26.76222084794425,0.9928689399182414,0.00221469615528068,0.005791957644187651,-0.005170578911306139,0.01028392106569083,0.0007092071830583589,1413370.115222448,3.000609575982075
78,27.10978215765778,0.9928384617116963,0.002276222511032926,0.005795724867629407,-0.005025073669856468,0.01029707595655105,0.0005512210738410388,1419338.020353977,3.000609575982075
79,27.45734346737137,0.9928088485195374,0.002337820219614319,0.005798551802913581,-0.004881215526487407,0.01030779409907319,0.0003946626658299319,1425174.544276573,3.000609575982076
80,27.80490477708491,0.9927800905693163,0.002399474792774682,0.005800446892546544,-0.004738979523354864,0.01031610234797577,0.0002395009524008911,1430881.499523905,3.000609575982075
81,28.1524660867985,0.9927521782339117,0.002461171900628317,0.005801418398270852,-0.004598341992314804,0.01032202683016848,8.570645837709015e-05,1436460.646069356,3.000609575982076
82,28.50002739651203,0.99272510202403,0.002522897367417638,0.005801474409978791,-0.004459280485254915,0.0103255929828541,-6.674884025863853e-05,1441913.693256021,3.000609575982075
83,28.84758870622562,0.9926988525811069,0.002584637167497468,0.005800622854161668,-0.00432177370881893,0.01032682558922459,-0.0002178915914471486,1447242.301633352,3.000609575982075
84,29.19515001593916,0.9926734206705891,0.002646377421525858,0.005798871501924767,-0.004185801463195713,0.01032574881192656,-0.0003677471373230917,1452448.084706304,3.000609575982076
85,29.5427113256527,0.9926487971755694,0.002708104392848863,0.005796227976595655,-0.004051344584672427,0.01032238622445714,-0.0005163395800292602,1457532.610602631,3.000609575982075
86,29.89027263536628,0.9926249730907554,0.002769804484067127,0.005792699760951499,-0.00391838489167602,0.01031676084063711,-0.0006636918434019413,1462497.40366357,3.000609575982075
87,30.23783394507982,0.9926019395167498,0.002831464233773262,0.005788294204089171,-0.003786905134051829,0.01030889514229667,-0.0008098257308262624,1467343.945962613,3.000609575982075
88,30.58539525479341,0.9925796876546266,0.002893070313449827,0.0057830185279602,-0.003656888945347549,0.01029881110529771,-0.0009547619795357599,1472073.678756796,3.000609575982075
89,30.93295656450695,0.9925582088007826,0.002954609524518057,0.005776879833591079,-0.003528320797890192,0.01028653022400646,-0.001098520311607304,1476688.003874695,3.000609575982075
90,31.28051787422054,0.9925374943420507,0.003016068795528697,0.00576988510700798,-0.003401185960460465,0.01027207353432164,-0.001241119481882696,1481188.285044934,3.000609575982076
91,31.62807918393407,0.9925175357510584,0.003077435179486282,0.005762041224883615,-0.003275470458385792,0.01025546163535469,-0.001382577323028173,1485575.849168758,3.000609575982075
92,31.97564049364766,0.9924983245818177,0.003138695851299393,0.005753354959922737,-0.003151161035885255,0.01023671470985114,-0.001522910787927801,1489851.987540037,3.000609575982075
93,32.3232018033612,0.9924798524655351,0.0031998381053493,0.005743832986001737,-0.003028245120515052,0.01021585254343541,-0.001662135989589762,1494017.957015742,3.000609575982076
94,32.67076311307478,0.9924621111066264,0.003260849353170487,0.00573348188307662,-0.002906710789572746,0.01019289454275522,-0.001800268238731441,1498074.981139799,3.000609575982075
95,33.01832442278833,0.9924450922789292,0.003321717121236396,0.005722308141872869,-0.002786546738331143,0.01016785975259572,-0.001937322079195459,1502024.251223007,3.000609575982075
96,33.36588573250191,0.9924287878220975,0.003382429048844733,0.00571031816836965,-0.002667742249980519,0.01014076687202849,-0.002073311321338403,1505866.927381603,3.000609575982075
97,33.71344704221545,0.9924131896381733,0.003442972886096436,0.005697518288090163,-0.002550287167169334,0.01011163426965593,-0.002208249073521323,1509604.139536718,3.000609575982076
98,34.06100835192904,0.9923982896883223,0.003503336491963374,0.005683914750209056,-0.002434171865038871,0.01008047999800662,-0.002342147771823561,1513236.988376975,3.000609575982075
99,34.40856966164257,0.9923840799897284,0.003563507832439562,0.005669513731487246,-0.002319387225657806,0.010047321807134,-0.002475019208090149,1516766.546286265,3.000609575982075
100,34.75613097135616,0.992370552612635,0.003623474978771558,0.005654321340043742,-0.002205924613767027,0.01001217715746636,-0.002606874556416817,1520193.858238708,3.000609575982075
101,35.1036922810697,0.9923576996775288,0.003683226105763424,0.005638343618973587,-0.002093775853753277,0.009975063231953164,-0.00273772439816743,1523519.942662461,3.000609575982075
102,35.45125359078329,0.9923455133524585,0.003742749490152447,0.005621586549820346,-0.00198293320777445,0.009935996947549404,-0.002867578745613155,1526745.792274176,3.000609575982076
103,35.79881490049682,0.9923339858504786,0.00380203350905151,0.005604056055911218,-0.001873389354966524,0.00989499496607715,-0.002996447064274803,1529872.374885701,3.000609575982075
104,36.14637621021036,0.9923231094272174,0.003861066638454749,0.005585758005562211,-0.001765137371664837,0.009852073704500253,-0.003124338294045554,1532900.634184415,3.000609575982076
105,36.49393751992395,0.9923128763785578,0.003919837451802898,0.005566698215160521,-0.00165817071257918,0.009807249344646475,-0.003251260869164216,1535831.490488713,3.000609575982075
106,36.84149882963749,0.9923032790384301,0.003978334618605178,0.005546882452130772,-0.001552483192864553,0.009760537842408382,-0.003377222737105563,1538665.841479864,3.000609575982076
107,37.18906013935108,0.9922943097767079,0.004036546903114803,0.005526316437791359,-0.00144806897103453,0.009711954936452912,-0.003502231376448736,1541404.562911536,3.000609575982075
108,37.53662144906461,0.9922859609972042,0.004094463163055036,0.005505005850106926,-0.001344922532667004,0.009661516156467036,-0.00362629381378104,1544048.50929819,3.000609575982075
109,37.8841827587782,0.992278225135763,0.004152072348393348,0.005482956326342464,-0.001243038674855574,0.009609236830965678,-0.003749416639690304,1546598.514583371,3.000609575982076
110,38.23174406849174,0.9922710946584419,0.004209363500160886,0.005460173465624466,-0.001142412491363426,0.009555132094686234,-0.00387160602389509,1549055.392788843,3.000609575982075
111,38.57930537820533,0.9922645620597799,0.004266325749315106,0.005436662831414008,-0.00104303935843785,0.00949921689559228,-0.003992867729559564,1551419.938645906,3.000609575982076
112,38.92686668791886,0.9922586198611508,0.004322948315643023,0.005412429953896646,-0.0009449149212482278,0.009441506001508289,-0.004113207126835427,1553692.92820927,3.000609575982075
113,39.27442799763245,0.9922532606091934,0.004379220506703222,0.005387480332293491,-0.0008480350809109587,0.009382014006405171,-0.004232629205671756,1555875.119454928,3.000609575982076
114,39.62198930734598,0.9922484768743192,0.004435131716804313,0.005361819437097846,-0.0007523959820680626,0.009320755336355955,-0.004351138587929774,1557967.252862337,3.000609575982076
115,39.96955061705957,0.9922442612492918,0.004490671426018184,0.005335452712241355,-0.000657994000987402,0.009257744255179083,-0.004468739538838251,1559970.051982129,3.000609575982076
116,40.31711192677312,0.9922406063478764,0.004545829199225976,0.005308385577193594,-0.0005648257341558105,0.009192994869786671,-0.004585435977821563,1561884.223989777,3.000609575982075
117,40.6646732364867,0.9922375048035568,0.004600594685195321,0.005280623428998676,-0.0004728879873360922,0.009126521135253168,-0.004701231488731815,1563710.460225944,3.000609575982075
118,41.01223454620024,0.9922349492683148,0.004654957615686951,0.005252171644252441,-0.0003821777650628712,0.009058336859619855,-0.004816129329513003,1565449.436724447,3.000609575982075
119,41.35979585591382,0.9922329324114729,0.004708907804589417,0.005223035581023437,-0.000292692260551576,0.008988455708449052,-0.004930132441324639,1567101.814728064,3.000609575982076
120,41.70735716562736,0.992231446918595,0.00476243514708019,0.005193220580720969,-0.0002044288459982865,0.008916891209141938,-0.0050432434571492,1568668.241193105,3.000609575982075
121,42.05491847534095,0.9922304854904442,0.004815529618812026,0.005162731969913105,-0.000117385063247481,0.008843656755032228,-0.005155464709907681,1570149.349283124,3.000609575982075
122,42.40247978505449,0.9922300408419964,0.004868181275123043,0.005131575062097646,-3.155861480825586e-05,0.008768765609268363,-0.005266798240104445,1571545.758852322,3.000609575982075
123,42.75004109476802,0.9922301057015046,0.004920380250269532,0.00509975515942867,5.305264480186879e-05,0.008692230908495389,-0.005377245803022463,1572858.076919302,3.000609575982076
124,43.09760240448161,0.9922306728096159,0.004972116756680114,0.005067277554401407,0.0001364507174028761,0.008614065666347672,-0.005486808875487924,1574086.898131448,3.000609575982076
125,43.44516371419515,0.9922317349185368,0.005023381084230258,0.005034147531497909,0.000218637469205902,0.008534282776762903,-0.005595488662222275,1575232.805220463,3.000609575982075
126,43.79272502390874,0.9922332847912453,0.005074163599536169,0.005000370368795884,0.000299614638591205,0.008452895017127262,-0.005703286101798775,1576296.369449684,3.000609575982076
127,44.14028633362228,0.9922353152007498,0.005124454745266888,0.004965951339543132,0.0003793838436260825,0.008369915051261509,-0.005810201872219025,1577278.151053221,3.000609575982076
128,44.48784764333586,0.9922378189293912,0.005174245039473919,0.004930895713699662,0.0004579465893370366,0.008285355432256948,-0.005916236396124633,1578178.699667712,3.000609575982075
129,44.8354089530494,0.9922407887681886,0.005223525074937257,0.004895208759449786,0.0005353042747511849,0.008199228605170261,-0.00602138984565755,1578998.554756769,3.000609575982076
130,45.18297026276299,0.9922442175162252,0.005272285518527252,0.004858895744686086,0.0006114581997197805,0.008111546909585319,-0.006125662146982469,1579738.246028719,3.000609575982075
131,45.53053157247653,0.9922480979800766,0.00532051711058129,0.004821961938467409,0.0006864095715365499,0.008022322582050545,-0.006229052984482965,1580398.293847704,3.000609575982075
132,45.87809288219012,0.9922524229732755,0.005368210664294813,0.004784412612452636,0.0007601595113632292,0.007931567758399247,-0.00633156180464321,1580979.209638873,3.000609575982075
133,46.22565419190365,0.9922571853158162,0.005415357065125767,0.004746253042312238,0.0008327090604737738,0.007839294475960773,-0.006433187819625571,1581481.496287523,3.000609575982076
134,46.57321550161724,0.9922623778336948,0.005461947270212073,0.004707488509119243,0.0009040591863281121,0.007745514675669701,-0.006533930010554322,1581905.648532886,3.000609575982075
135,46.92077681133078,0.9922679933584858,0.005507972307801316,0.004668124300721518,0.0009742107884862629,0.007650240204080225,-0.006633787130514595,1582252.153356625,3.000609575982075
136,47.26833812104437,0.9922740247269535,0.005553423276692307,0.004628165713096846,0.001043164704372592,0.007553482815292618,-0.00673275770727548,1582521.490366448,3.000609575982075
137,47.6158994307579,0.9922804647806972,0.005598291345687827,0.004587618051692636,0.001110921714899938,0.007455254172798759,-0.006830840045745133,1582714.132174966,3.000609575982075
138,47.96346074047149,0.9922873063658302,0.005642567753058273,0.004546486632751628,0.001177482549962996,0.007355565851252855,-0.006928032230165977,1582830.544774238,3.000609575982075
139,48.31102205018503,0.9922945423326901,0.005686243806015585,0.004504776784625334,0.001242847893809385,0.007254429338174492,-0.0070243321260565,1582871.187906168,3.000609575982076
140,48.65858335989861,0.9923021655355827,0.005729310880197267,0.004462493849076516,0.001307018390297494,0.007151856035589605,-0.007119737381906974,1582836.515428895,3.000609575982076
141,49.00614466961215,0.9923101688325553,0.005771760419159956,0.004419643182572342,0.001369994648048471,0.007047857261616478,-0.007214245430634542,1582726.975679634,3.000609575982075
142,49.35370597932569,0.9923185450852009,0.00581358393388241,0.004376230157569446,0.001431777245501112,0.006942444252002144,-0.007307853490804147,1582543.011834067,3.000609575982075
143,49.70126728903928,0.9923272871584937,0.005854773002277486,0.00433226016379245,0.00149236673587626,0.006835628161615892,-0.007400558567620156,1582285.062262367,3.000609575982076
144,50.04882859875281,0.9923363879206518,0.005895319268712949,0.004287738609507225,0.00155176365205872,0.006727420065905736,-0.007492357453693886,1581953.560882461,3.000609575982075
145,50.3963899084664,0.9923458402430307,0.005935214443540931,0.004242670922790154,0.001609968511403478,0.006617830962323708,-0.007583246729591824,1581548.937510282,3.000609575982075
146,50.74395121817994,0.9923556370000448,0.005974450302635763,0.004197062552794862,0.001666981820472638,0.006506871771726511,-0.007673222764168426,1581071.618207519,3.000609575982075
147,51.09151252789353,0.9923657710691158,0.006013018686940211,0.004150918971017487,0.001722804079710609,0.006394553339756834,-0.007762281714688118,1580522.025627058,3.000609575982076
148,51.43907383760707,0.9923762353306514,0.006050911502019826,0.00410424567256195,0.001777435788062486,0.006280886438212216,-0.007850419526739528,1579900.579356013,3.000609575982075
149,51.78663514732065,0.992387022668049,0.006088120717625565,0.004057048177406233,0.001830877447543334,0.0061658817664066,-0.007937631933946136,1579207.696256957,3.000609575982075
150,52.13419645703419,0.9923981259677279,0.006124638367264441,0.004009332031671107,0.001883129567763038,0.006049549952531693,-0.008023914457475774,1578443.790807189,3.000609575982076
151,52.48175776674778,0.9924095381191883,0.006160456547778421,0.003961102808892273,0.001934192670413488,0.005931901555023337,-0.008109262405352648,1577609.275436401,3.000609575982075
152,52.82931907646132,0.9924212520150967,0.006195567418931437,0.003912366111297308,0.001984067293723108,0.005812947063939875,-0.008193670871574112,1576704.560862868,3.000609575982075
153,53.17688038617491,0.9924332605513979,0.006229963203004776,0.003863127571088362,0.002032753996884677,0.005692696902358433,-0.008277134735035005,1575730.056428342,3.000609575982075
154,53.52444169588844,0.9924455566274538,0.006263636184400805,0.003813392851731964,0.002080253364461492,0.005571161427795831,-0.008359648658261739,1574686.170431802,3.000609575982075
155,53.87200300560203,0.9924581331462081,0.006296578709255351,0.003763167649256849,0.002126566010777293,0.005448350933660298,-0.008441207085958531,1573573.310462227,3.000609575982076
156,54.21956431531557,0.9924709830143774,0.006328783185058814,0.003712457693561145,0.002171692584295023,0.005324275650741161,-0.008521804243367546,1572391.883730601,3.000609575982075
157,54.56712562502916,0.992484099142668,0.006360242080286366,0.003661268749729806,0.002215633771989141,0.005198945748743055,-0.008601434134444991,1571142.297401295,3.000609575982076
158,54.91468693474269,0.9924974744460198,0.006390947924037424,0.003609606619363605,0.002258390303717045,0.00507237133787154,-0.008680090539854975,1569824.958922881,3.000609575982076
159,55.26224824445628,0.9925111018438753,0.006420893305684827,0.003557477141920548,0.002299962956593561,0.004944562470477568,-0.008757767014782654,1568440.276358734,3.000609575982075
160,55.60980955416982,0.9925249742604755,0.00645007087453398,0.003504886196071022,0.002340352559373651,0.004815529142768142,-0.008834456886568203,1566988.658717389,3.000609575982075
161,55.95737086388336,0.9925390846251818,0.006478473339492506,0.0034518397010675,0.002379559996847906,0.004685281296590356,-0.008910153252163341,1565470.516282915,3.000609575982075
162,56.30493217359695,0.992553425872824,0.006506093468750757,0.00339834361813006,0.002417586214254839,0.004553828821297282,-0.008984848975411429,1563886.260945443,3.000609575982075
163,56.65249348331048,0.9925679909440751,0.006532924089473748,0.003344403951848695,0.002454432221715245,0.004421181555703008,-0.009058536684152914,1562236.306531951,3.000609575982075
164,57.00005479302407,0.9925827727858525,0.006558958087505107,0.003290026751603357,0.002490099098691951,0.00428734929013551,-0.009131208767157258,1560521.069137495,3.000609575982076
165,57.3476161027376,0.9925977643517458,0.006584188407083554,0.003235218113002994,0.002524587998479784,0.004152341768596059,-0.009202857370882602,1558740.967457058,3.000609575982076
166,57.69517741245119,0.9926129586024723,0.00660860805057269,0.003179984179344332,0.002557900152729746,0.004016168691033402,-0.009273474396064805,1556896.423118064,3.000609575982076
167,58.04273872216473,0.9926283485063586,0.006632210078204693,0.00312433114309169,0.002590036876011106,0.003878839715742701,-0.009343051494136801,1554987.861013819,3.000609575982076
168,58.39030003187832,0.99264392703985,0.006654987607838807,0.00306826524737858,0.002620999570416109,0.0037403644618977,-0.009411580063480177,1553015.709637983,3.000609575982075
169,58.73786134159186,0.9926596871880481,0.006676933814735342,0.003011792787532343,0.002650789730210208,0.003600752512226809,-0.009479051245509997,1550980.401420154,3.000609575982075
170,59.08542265130544,0.9926756219452756,0.006698041931346175,0.002954920112622558,0.002679408946532357,0.003460013415842675,-0.009545455920594709,1548882.373062762,3.000609575982076
171,59.43298396101898,0.99269172431567,0.006718305247122611,0.002897653627034466,0.002706858912148606,0.003318156691236077,-0.009610784703812662,1546722.065879425,3.000609575982075
172,59.78054527073257,0.9927079873138049,0.006737717108341709,0.002839999792068114,0.00273314142626287,0.003175191829444594,-0.0096750279405472,1544499.926134921,3.000609575982076
173,60.12810658044611,0.9927244039653418,0.006756270917952049,0.002781965127564452,0.002758258399387899,0.003031128297408123,-0.009738175701921986,1542216.405386765,3.000609575982075
174,60.4756678901597,0.9927409673077094,0.006773960135440203,0.002723556213559054,0.002782211858280537,0.002885975541521888,-0.009800217780079114,1539871.960828737,3.000609575982075
175,60.82322919987323,0.9927576703908145,0.006790778276719027,0.002664779691964672,0.002805003950943622,0.002739742991400341,-0.009861143683301841,1537467.055636332,3.000609575982075
176,61.17079050958682,0.9927745062777812,0.006806718914039146,0.002605642268283271,0.002826636951698462,0.002592440063863333,-0.009920942630985035,1535002.159314378,3.000609575982075
177,61.51835181930036,0.9927914680457216,0.006821775675924948,0.002546150713348723,0.00284711326633052,0.002444076167158659,-0.009979603548455751,1532477.748046868,3.000609575982076
178,61.86591312901395,0.9928085487865381,0.006835942247136588,0.002486311865100769,0.002866435437311045,0.002294660705433784,-0.01003711506164738,1529894.305049112,3.000609575982075
179,62.21347443872748,0.9928257416077554,0.006849212368659477,0.002426132630391388,0.002884606149097702,0.002144203083471448,-0.01009346549163062,1527252.320922531,3.000609575982075
180,62.56103574844102,0.9928430396333863,0.006861579837722938,0.002365619986824156,0.00290162823351654,0.00199271271170319,-0.01014864284900528,1524552.294011871,3.000609575982075
181,62.90859705815461,0.9928604360048284,0.006873038507849696,0.00230478098462763,0.002917504675227601,0.001840199011516408,-0.01020263482815705,1521794.730765349,3.000609575982075
182,63.25615836786815,0.9928779238817952,0.006883582288937996,0.002243622748563454,0.002932238617276936,0.001686671420870305,-0.01025542880138399,1518980.146097506,3.000609575982075
183,63.60371967758174,0.992895496443279,0.006893205147378297,0.002182152479869883,0.002945833366735803,0.001532139400237221,-0.01030701181289778,1516109.063755112,3.000609575982076
184,63.95128098729527,0.9929131468885496,0.006901901106206467,0.002120377458241651,0.002958292400430374,0.001376612438885991,-0.01035737057270571,1513182.016686091,3.000609575982076
185,64.29884229700886,0.9929308684381857,0.006909664245295639,0.002058305043846629,0.002969619370762151,0.001220100061524985,-0.01040649145037933,1510199.547411694,3.000609575982075
186,64.6464036067224,0.9929486543351426,0.006916488701588888,0.001995942679380195,0.002979818111621224,0.001062611835322779,-0.01045436046871694,1507162.208401907,3.000609575982075
187,64.99396491643598,0.9929664978458557,0.006922368669375063,0.001933297892157654,0.002988892644392832,0.0009041573773250313,-0.01050096329730744,1504070.56245417,3.000609575982075
188,65.34152622614953,0.9929843922613788,0.006927298400610197,0.00187037829624556,0.002996847184058336,0.0007447463622871704,-0.01054628524600372,1500925.183075722,3.000609575982075
189,65.68908753586311,0.9930023308985608,0.00693127220528704,0.001807191594632152,0.003003686145390582,0.0005843885309423404,-0.01059031125831502,1497726.654869325,3.000609575982075
190,66.03664884557665,0.9930203071012585,0.006934284451855374,0.001743745581437675,0.003009414149243951,0.0004230936987259692,-0.01063302590472776,1494475.573922711,3.000609575982076
191,66.38421015529023,0.9930383142415882,0.006936329567695913,0.001680048144164658,0.003014036028938623,0.0002608717649771656,-0.01067441337596631,1491172.548201658,3.000609575982076
192,66.73177146500377,0.9930563457212146,0.006937402039650692,0.001616107265988799,0.003017556836738014,9.77327226400987e-05,-0.01071445747620496,1487818.197946867,3.000609575982075
193,67.07933277471736,0.9930743949726802,0.006937496414613012,0.001551931028090384,0.003019981850418752,-6.631333151354321e-05,-0.01075314161624458,1484413.156074583,3.000609575982075
194,67.4268940844309,0.9930924554607734,0.006936607300180115,0.001487527612026734,0.003021316579930794,-0.0002312561861165915,-0.0107904488066677,1480958.068581062,3.000609575982076
195,67.77445539414448,0.9931105206839358,0.006934729365371939,0.001422905302145449,0.003021566774145788,-0.0003970855038697392,-0.01082636165098742,1477453.594950988,3.000609575982075
196,68.12201670385802,0.9931285841757125,0.006931857341419399,0.001358072488038737,0.003020738427690893,-0.0005637908096116165,-0.01086086233880668,1473900.408569591,3.000609575982076
197,68.46957801357161,0.9931466395062407,0.006927986022625844,0.001293037667038426,0.003018837787864396,-0.0007313614777706578,-0.01089393263900603,1470299.197138884,3.000609575982075
198,68.81713932328515,0.9931646802837825,0.006923110267305436,0.001227809446751714,0.003015871361629383,-0.0008997867191728563,-0.0109255538929791,1466650.663097554,3.000609575982075
199,69.16470063299869,0.9931827001562972,0.00691722499880241,0.001162396547637031,0.003011845922680518,-0.001069055567179675,-0.01095570700793709,1462955.524044897,3.000609575982075
200,69.51226194271227,0.9932006928130583,0.006910325206595265,0.001096807805619761,0.003006768518578277,-0.001239156863128813,-0.01098437245030466,1459214.513168418,3.000609575982076
201,69.85982325242581,0.9932186519863124,0.006902405947490167,0.001031052174747125,0.003000646477944693,-0.001410079241051043,-0.01101153023923198,1455428.379675244,3.000609575982075
202,70.2073845621394,0.9932365714529805,0.006893462346907952,0.0009651387298813291,0.002993487417713137,-0.001581811111635663,-0.01103715994024919,1451597.889227249,3.000609575982075
203,70.55494587185294,0.993254445036404,0.006883489600269316,0.0008990766694303203,0.002985299250424273,-0.001754340645415803,-0.0110612406590915,1447723.824379694,3.000609575982075
204,70.90250718156652,0.9932722666081342,0.006872482974482941,0.000832875318114701,0.002976090191558796,-0.001927655755146135,-0.01108375103572566,1443806.98502334,3.000609575982076
205,71.25006849128006,0.993290030089765,0.006860437809541469,0.0007665441297698469,0.002965868766897418,-0.002101744077343716,-0.01110466923861024,1439848.188829863,3.000609575982075
206,71.59762980099364,0.9933077294548109,0.006847349520230398,0.0007000926901813897,0.002954643819896325,-0.00227659295296378,-0.0111239729592249,1435848.271700415,3.000609575982075
207,71.94519111070719,0.9933253587306278,0.0068332135979552,0.0006335307199526732,0.002942424519066021,-0.002452189407181069,-0.01114163940690617,1431808.088217138,3.000609575982075
208,72.29275242042077,0.9933429120003784,0.006818025612692039,0.0005668680774019101,0.002929220365340015,-0.002628520128248624,-0.01115764530402975,1427728.512097363,3.000609575982075
209,72.64031373013431,0.9933603834050421,0.006801781215067744,0.0005001147614871602,0.002915041199418033,-0.002805571445404677,-0.01117196688158236,1423610.436650285,3.000609575982075
210,72.98787503984789,0.9933777671454681,0.006784476138574761,0.0004332809147563483,0.00289989720906796,-0.002983329305800224,-0.01118457987516873,1419454.775235735,3.000609575982075
211,73.33543634956143,0.9933950574844722,0.006766106201927084,0.0003663768263198894,0.00288379893636808,-0.003161779250418403,-0.0111954595215025,1415262.461724865,3.000609575982075
212,73.68299765927503,0.9934122487489763,0.006746667311563198,0.0002994129348425652,0.00286675728487087,-0.003340906388959505,-0.01120458055543293,1411034.450962252,3.000609575982075
213,74.03055896898856,0.9934293353321911,0.006726155464302387,0.0002323998315515946,0.002848783526666486,-0.003520695373663999,-0.01121191720756252,1406771.719229004,3.000609575982076
214,74.37812027870216,0.9934463116958403,0.006704566750160741,0.0001653482632568788,0.002829889309324333,-0.003701130372049564,-0.01121744320251406,1402475.264706561,3.000609575982075
215,74.72568158841568,0.9934631723724259,0.006681897355333513,9.826913537967095e-05,0.002810086662686869,-0.003882195038536157,-0.01122113175790929,1398146.107940475,3.000609575982076
216,75.07324289812928,0.9934799119675334,0.006658143565350467,3.117351498490365e-05,0.00278938800549024,-0.004063872484938125,-0.01122295558412477,1393785.292303853,3.000609575982075
217,75.42080420784281,0.9934965251621765,0.006633301768411127,-3.592736618736091e-05,0.00276780615178284,-0.004246145249801017,-0.01122288688489458,1389393.884459676,3.000609575982076
218,75.76836551755635,0.9935130067151791,0.006607368458906819,-0.0001030221086969477,0.002745354317111262,-0.004428995266564956,-0.01122089735883331,1384972.974821406,3.000609575982075
219,76.11592682726993,0.993529351465594,0.006580340241136635,-0.0001700991423905333,0.002722046124440998,-0.004612403830537346,-0.0112169582019567,1380523.678011174,3.000609575982075
220,76.46348813698347,0.9935455543351549,0.006552213833224468,-0.000237146723406866,0.002697895609777463,-0.00479635156466136,-0.01121104011128157,1376047.133314859,3.000609575982075
221,76.81104944669707,0.9935616103307626,0.006522986071244282,-0.0003041529312070496,0.002672917227449403,-0.004980818384069367,-0.01120311328959082,1371544.505132995,3.000609575982075
222,77.1586107564106,0.9935775145470009,0.006492653913561039,-0.0003711056656368693,0.00264712585501585,-0.005165783459413363,-0.01119314745145344,1367016.983426778,3.000609575982076
223,77.50617206612419,0.9935932621686804,0.006461214445394466,-0.0004379926440292597,0.002620536797754112,-0.005351225178969647,-0.01118111183059415,1362465.7841582,3.000609575982075
224,77.85373337583772,0.9936088484734078,0.006428664883613108,-0.0005048013983549515,0.002593165792684675,-0.005537121109517871,-0.01116697518871108,1357892.149723162,3.000609575982075
225,78.20129468555132,0.9936242688341786,0.00639500258176588,-0.000571519272430583,0.002565029012085707,-0.005723447956000702,-0.01115070582584507,1353297.349376456,3.000609575982076
226,78.54885599526484,0.9936395187219884,0.006360225035358483,-0.0006381334191935543,0.002536143066447747,-0.005910181519974647,-0.01113227159240775,1348682.679647448,3.000609575982075
227,78.89641730497844,0.9936545937084599,0.006324329887381741,-0.0007046307980541887,0.002506525006815987,-0.006097296656869657,-0.01111163990298044,1344049.464745135,3.000609575982075
228,79.24397861469197,0.9936694894684823,0.006287314934099055,-0.0007709981723358226,0.002476192326465723,-0.006284767232080254,-0.01108877775200011,1339399.056951215,3.000609575982075
229,79.59153992440557,0.993684201782859,0.006249178131099718,-0.0008372221068147727,0.002445162961852701,-0.006472566075919606,-0.01106365173145245,1334732.836999615,3.000609575982075
230,79.93910123411911,0.9936987265409575,0.006209917599624944,-0.0009032889653722406,0.002413455292779106,-0.006660664937474449,-0.01103622805069663,1330052.214441004,3.000609575982075
231,80.28666254383266,0.9937130597433593,0.006169531633172872,-0.0009691849087715896,0.002381088141711508,-0.006849034437408386,-0.0110064725585496,1325358.6279905,3.000609575982075
232,80.63422385354623,0.9937271975045016,0.006128018704388839,-0.001034895892574613,0.002348080772185969,-0.007037644019768897,-0.01097435076776192,1320653.545857005,3.000609575982076
233,80.98178516325979,0.993741136055307,0.006085377472246548,-0.001100407665211702,0.002314452886232477,-0.007226461902865301,-0.01093982788201971,1315938.466052022,3.000609575982075
234,81.32934647297336,0.9937548717457959,0.006041606789525548,-0.001165705766221322,0.002280224620748292,-0.007415455029293347,-0.01090286882561081,1311214.916676129,3.000609575982076
235,81.67690778268691,0.9937684010476718,0.00599670571058983,-0.00123077552467517,0.002245416542748541,-0.007604589015196164,-0.0108634382758952,1306484.456181069,3.000609575982075
236,82.02446909240048,0.9937817205568764,0.00595067349947182,-0.001295602057806207,0.002210049643419136,-0.007793828098861132,-0.01082150069872195,1301748.673605103,3.000609575982076
237,82.37203040211404,0.9937948269961042,0.005903509638265415,-0.001360170269857614,0.002174145330895943,-0.007983135088767137,-0.01077702038693637,1297009.18877944,3.000609575982075
238,82.7195917118276,0.9938077172172711,0.005855213835830948,-0.001424464851171558,0.002137725421693036,-0.008172471311210299,-0.01072996150212117,1292267.652503207,3.000609575982075
239,83.06715302154116,0.9938203882039262,0.005805786036814213,-0.001488470277537567,0.002100812130700575,-0.008361796557650476,-0.01068028811971626,1287525.746684596,3.000609575982075
240,83.41471433125473,0.9938328370736004,0.005755226430980736,-0.001552170809821107,0.002063428059672747,-0.008551069031937591,-0.01062796427765976,1282785.184445283,3.000609575982075
241,83.76227564096828,0.9938450610800806,0.005703535462865488,-0.001615550493893869,0.002025596184125337,-0.008740245297592214,-0.01057295402869184,1278047.710185677,3.000609575982076
242,84.10983695068185,0.9938570576156019,0.005650713841737182,-0.001678593160888059,0.001987339838562651,-0.008929280225333,-0.01051522149645937,1273315.099607749,3.000609575982075
243,84.45739826039542,0.9938688242129444,0.00559676255187502,-0.001741282427797826,0.001948682699953814,-0.009118126941061216,-0.01045473093555531,1268589.159692871,3.000609575982075
244,84.80495957010898,0.9938803585474274,0.005541682863154501,-0.00180360169845174,0.001909648769379317,-0.009306736774531464,-0.01039144679562137,1263871.72863124,3.000609575982075
245,85.15252087982252,0.9938916584387876,0.00548547634193747,-0.001865534164880977,0.001870262351771095,-0.009495059208957156,-0.01032533378963543,1259164.675699911,3.000609575982075
246,85.50008218953607,0.99390272185293,0.005428144862259968,-0.001927062809108599,0.00183054803367049,-0.009683041831819261,-0.01025635696649652,1254469.901086115,3.000609575982076
247,85.84764349924964,0.9939135469035404,0.005369690617309941,-0.001988170405385865,0.001790530658932938,-0.0098706302871672,-0.0101844817880105,1249789.335652499,3.000609575982075
248,86.1952048089632,0.9939241318535453,0.005310116131184839,-0.002048839522902259,0.00175023530231109,-0.01005776822972211,-0.01010967421036665,1245124.940640824,3.000609575982075
249,86.54276611867677,0.9939344751164091,0.005249424270917461,-0.002109052528996254,0.001709687240853668,-0.01024439728111292,-0.01003190077018261,1240478.707310652,3.000609575982075
250,86.89032742839032,0.9939445752572512,0.005187618258756192,-0.00216879159289433,0.001668911923062325,-0.01043045698859771,-0.009951128675177933,1235852.656509552,3.000609575982076
251,87.23788873810389,0.993954430993774,0.005124701684683685,-0.002228038690006075,0.001627934935756447,-0.01061588478664334,-0.009867325899519245,1231248.838171063,3.000609575982075
252,87.58545004781746,0.9939640411969852,0.005060678519155736,-0.002286775606803354,0.001586781968603691,-0.01080061596175745,-0.009780461283858864,1226669.330736818,3.000609575982075
253,87.93301135753102,0.9939734048916999,0.004995553126039665,-0.002344983946311635,0.001545478776282097,-0.01098458362098693,-0.009690504640066341,1222116.240499453,3.000609575982075
254,88.28057266724458,0.9939825212568111,0.004929330275729016,-0.002402645134241447,0.001504051138251269,-0.01116771866451669,-0.009597426860626698,1217591.700862221,3.000609575982075
255,88.62813397695814,0.9939913896253112,0.004862015158408688,-0.002459740425787749,0.001462524816120917,-0.01134994976282116,-0.009501200032651369,1213097.871512094,3.000609575982075
256,88.97569528667171,0.9940000094840518,0.004793613397441908,-0.002516250913124524,0.001420925508617928,-0.01153120333883758,-0.009401797556417412,1208636.937502698,3.000609575982075
257,89.32325659638526,0.9940083804732274,0.004724131062847571,-0.002572157533621362,0.001379278804167734,-0.01171140355564659,-0.009299194268317138,1204211.108243449,3.000609575982075
258,89.67081790609883,0.994016502385568,0.004653574684833526,-0.002627441078807941,0.00133761013112091,-0.01189047231015822,-0.009193366568064812,1199822.61639179,3.000609575982075
259,90.01837921581239,0.9940243751652281,0.004581951267348397,-0.002682082204111319,0.001295944705672685,-0.01206832923331315,-0.009084292549968599,1195473.716645031,3.000609575982075
260,90.36594052552596,0.9940319989063561,0.004509268301611438,-0.002736061439389659,0.001254307477542505,-0.01224489169731783,-0.008971952138034534,1191166.684428944,3.000609575982076
261,90.71350183523951,0.9940393738513338,0.004435533779576789,-0.0027893592002845,0.001212723073498079,-0.01242007483043616,-0.008856327224626797,1186903.814480031,3.000609575982076
262,91.06106314495308,0.9940465003886717,0.004360756207285408,-0.002841955800411883,0.00117121573883223,-0.01259379153986423,-0.008737401812361522,1182687.419318948,3.000609575982075
263,91.40862445466664,0.9940533790505481,0.004284944618054762,-0.002893831464410611,0.001129809276919902,-0.01276595254321013,-0.008615162158864867,1178519.827612648,3.000609575982075
264,91.75618576438018,0.9940600105099821,0.004208108585453309,-0.002944966341863503,0.001088526987008273,-0.01293646640909605,-0.008489596923975135,1174403.382423141,3.000609575982075
265,92.10374707409375,0.9940663955776292,0.004130258236003649,-0.002995340522104919,0.001047391600415416,-0.01310523960738745,-0.008360697318918177,1170340.439341123,3.000609575982075
266,92.4513083838073,0.9940725351981918,0.004051404261555439,-0.003044934049924739,0.00100642521533958,-0.01327217656953802,-0.008228457256931885,1166333.364503231,3.000609575982076
267,92.79886969352087,0.9940784304464362,0.003971557931266034,-0.003093726942175857,0.0009656492305046354,-0.01343717975951562,-0.008092873504763275,1162384.532491722,3.000609575982076
268,93.14643100323443,0.9940840825228092,0.003890731103124389,-0.003141699205288473,0.0009250842778963107,-0.01360014975574803,-0.007953945834406062,1158496.324116451,3.000609575982075
269,93.493992312948,0.9940894927486519,0.003808936234951044,-0.003188830853690628,0.0008847501548673058,-0.01376098534449006,-0.007811677174394811,1154671.124078894,3.000609575982076
270,93.84155362266155,0.9940946625610053,0.003726186394804841,-0.003235101929130156,0.0008446657559180498,-0.01391958362497457,-0.007666073759916928,1150911.318518917,3.000609575982075
271,94.18911493237512,0.9940995935070085,0.003642495270724931,-0.003280492520888635,0.0008048490044841355,-0.01407584012665922,-0.007517145280953764,1147219.292445516,3.000609575982076
272,94.53667624208867,0.9941042872378894,0.003557877179734978,-0.003324982786873084,0.0007653167850882779,-0.0142296489388273,-0.007364905027611095,1143597.427053236,3.000609575982075
273,94.88423755180224,0.9941087455025527,0.003472347076035057,-0.00336855297556596,0.000726084876237748,-0.01438090285273695,-0.007209370031753579,1140048.096926715,3.000609575982075
274,95.2317988615158,0.994112970140769,0.003385920558305834,-0.003411183448808624,0.000687167884472091,-0.01452949351644375,-0.007050561204013811,1136573.667136705,3.000609575982076
275,95.57936017122937,0.9941169630759749,0.003298613876049058,-0.003452854705387717,0.0006485791799863292,-0.01467531160234406,-0.00688850346520892,1133176.490231242,3.000609575982075
276,95.92692148094294,0.9941207263076925,0.003210443934888376,-0.003493547405388056,0.0006103308342742471,-0.0148182469874033,-0.006723225871163165,1129858.903126813,3.000609575982076
277,96.27448279065649,0.9941242619035859,0.003121428300754982,-0.00353324239526956,0.0005724335602526622,-0.01495818894594179,-0.006554761729908646,1126623.223904825,3.000609575982075
278,96.62204410037006,0.9941275719911654,0.003031585202883606,-0.003571920733619494,0.0005348966553400971,-0.01509502635475442,-0.006383148710215891,1123471.748519765,3.000609575982075
279,96.96960541008362,0.9941306587491636,0.002940933535546056,-0.003609563717525054,0.000497727947974034,-0.01522864791023789,-0.006208428940393754,1120406.747425981,3.000609575982076
280,97.31716671979719,0.9941335243986019,0.002849492858451748,-0.003646152909504908,0.0004609337480551266,-0.01535894235709137,-0.006030649096295189,1117430.462131151,3.000609575982075
281,97.66472802951074,0.9941361711935746,0.002757283395747602,-0.003681670164932012,0.0004245188018101048,-0.01548579872804578,-0.005849860477470937,1114545.101684945,3.000609575982075
282,98.01228933922431,0.9941386014117765,0.00266432603355329,-0.003716097659873701,0.0003884862515597392,-0.01560910659396154,-0.00566611907043027,1111752.83911262,3.000609575982075
283,98.35985064893785,0.9941408173448071,0.002570642315972101,-0.003749417919268927,0.0003528376008715287,-0.01572875632351849,-0.005479485597995044,1109055.807803697,3.000609575982075
284,98.70741195865141,0.9941428212882828,0.002476254439522659,-0.003781613845356574,0.0003175726855618297,-0.0158446393516046,-0.005290025553772178,1106456.097866933,3.000609575982075
285,99.05497326836498,0.9941446155317947,0.002381185245942537,-0.003812668746263057,0.0002826896509936852,-0.01595664845539301,-0.005097809220820963,1103955.752463368,3.000609575982075
286,99.40253457807853,0.99414620234875,0.002285458213320977,-0.003842566364652137,0.0002481849360911376,-0.01606467803698351,-0.004902911673653402,1101556.764130051,3.000609575982075
287,99.7500958877921,0.9941475839861397,0.002189097445525205,-0.003871290906334878,0.0002140532644596768,-0.01616862441137266,-0.004705412762782613,1099261.071107478,3.000609575982075
288,100.0976571975057,0.994148762654275,0.002092127659892401,-0.0038988270687333,0.000180287642966728,-0.01626838609841291,-0.004505397081119949,1097070.553684611,3.000609575982075
289,100.4452185072192,0.9941497405165384,0.001994574173167726,-0.003925160069087334,0.0001468793680920852,-0.0163638641173214,-0.004302953911622374,1094987.030575657,3.000609575982076
290,100.7927798169328,0.9941505196791957,0.001896462885677702,-0.003950275672291479,0.0001138180403121287,-0.01645496228221098,-0.00409817715570085,1093012.255343446,3.000609575982075
291,101.1403411266463,0.9941511021813203,0.001797820263737585,-0.003974160218244963,8.109158672557051e-05,-0.01654158749703536,-0.003891165242024083,1091147.912884095,3.000609575982075
292,101.4879024363599,0.9941514899848766,0.001698673320301232,-0.003996800648597429,4.868629207370744e-05,-0.01662365004827492,-0.00368202101548052,1089395.615988579,3.000609575982075
293,101.8354637460735,0.9941516849650143,0.001599049593872078,-0.004018184532771163,1.65868382420982e-05,-0.01670106389363429,-0.00347085160620495,1087756.901996326,3.000609575982075
294,102.183025055787,0.9941516889006243,0.001498977125704377,-0.004038300093140742,-1.52236477338805e-05,-0.01677374694498554,-0.003257768278721433,1086233.229556445,3.000609575982076
295,102.5305863655006,0.9941515034652082,0.001398484435334413,-0.004057136229251772,-4.676353720645534e-05,-0.01684162134376793,-0.003042886261408771,1084825.975511597,3.000609575982075
296,102.8781476752142,0.9941511302181075,0.001297600494492176,-0.004074682540962075,-7.805263511695132e-05,-0.0169046137270497,-0.002826324556653282,1083536.431920087,3.000609575982076
297,103.2257089849277,0.9941505705961482,0.001196354699454653,-0.00409092935039134,-0.0001091121070527127,-0.01696265548247095,-0.002608205732213271,1082365.803230331,3.000609575982075
298,103.5732702946413,0.9941498259057424,0.001094776841912465,-0.004105867722568888,-0.0001399643984275318,-0.01701568299031792,-0.002388655694481377,1081315.203622511,3.000609575982075
299,103.9208316043548,0.9941488973154973,0.0009928970784319109,-0.004119489484673753,-0.0001706331461260174,-0.01706363785102979,-0.002167803444490462,1080385.654530839,3.000609575982075
300,104.2683929140684,0.9941477858493736,0.0008907458986044014,-0.004131787243766849,-0.0002011430830237154,-0.01710646709650931,-0.001945780817663934,1079578.082359423,3.000609575982075
301,104.615954223782,0.994146492380435,0.0007883540919847893,-0.00414275440292137,-0.000231519935866994,-0.01714412338369642,-0.001722722208463079,1078893.316404042,3.000609575982076
302,104.9635155334955,0.9941450176252261,0.0006857527139289873,-0.004152385175664956,-0.0002617903170599265,-0.01717656516897181,-0.001498764281224307,1078332.086990947,3.000609575982075
303,105.3110768432091,0.994143362138815,0.0005829730504494177,-0.004160674598655238,-0.0002919816109700752,-0.01720375686208072,-0.001274045668613597,1077895.023842848,3.000609575982076
304,105.6586381529226,0.99414152631053,0.0004800465822144307,-0.004167618542519298,-0.0003221218554192457,-0.01722566895840785,-0.001048706659244224,1077582.654681094,3.000609575982075
305,106.0061994626362,0.9941395103604166,0.0003770049478240801,-0.004173213720797157,-0.0003522396190774233,-0.01724227814858915,-0.0008228888761118669,1077395.404071985,3.000609575982075
306,106.3537607723498,0.9941373143364396,0.000273879906500488,-0.004177457696939545,-0.0003823638755192586,-0.01725356740461385,-0.0005967349475910671,1077333.592523439,3.000609575982075
307,106.7013220820633,0.9941349381124448,0.0001707033003354081,-0.004180348889320911,-0.0004125238747402449,-0.01725952604174839,-0.0003703881728139036,1077397.435837323,3.000609575982075
308,107.0488833917769,0.994132381386895,6.75070162410742e-05,-0.004181886574239642,-0.0004427490129540371,-0.01726014975580134,-0.0001439921833054899,1077587.044721007,3.000609575982075
309,107.3964447014905,0.9941296436823873,-3.56770522472632e-05,-0.004182070886888836,-0.0004730687015130055,-0.01725544063544152,8.230939720897738e-05,1077902.424660357,3.000609575982075
310,107.744006011204,0.9941267243459552,-0.0001388170431676019,-0.00418090282029247,-0.0005035122358021282,-0.01724540714947841,0.0003083732928932783,1078343.476054895,3.000609575982075
311,108.0915673209176,0.9941236225501511,-0.0002418811641767722,-0.004178384222213351,-0.0005341086649562044,-0.01723006410921245,0.00053405691385535,1078909.994614375,3.000609575982075
312,108.4391286306311,0.994120337294905,-0.0003448377302971029,-0.004174517790050742,-0.0005648866632422244,-0.01720943260615927,0.0007592186902578437,1079601.672014392,3.000609575982075
313,108.7866899403447,0.9941168674101439,-0.0004476552012183259,-0.004169307063756854,-0.0005958744039291155,-0.01718353992564466,0.0009837184006157274,1080418.096807447,3.000609575982075
314,109.1342512500583,0.9941132115591564,-0.0005503022180124,-0.004162756416812421,-0.0006270994364409566,-0.01715241943695339,0.001207417492470389,1081358.755584177,3.000609575982076
315,109.4818125597718,0.9941093682426797,-0.0006527476391235695,-0.004154871045312129,-0.0006585885675544824,-0.01711611046089209,0.001430179393707399,1082423.034378361,3.000609575982075
316,109.8293738694854,0.9941053358036833,-0.0007549605755015986,-0.004145656955220825,-0.0006903677473575477,-0.017074658115793,0.001651869812878738,1083610.220307726,3.000609575982076
317,110.1769351791989,0.9941011124328185,-0.0008569104247527425,-0.004135120947870855,-0.0007224619606370209,-0.01702811314313827,0.001872357026998132,1084919.503441636,3.000609575982075
318,110.5244964889125,0.9940966961744998,-0.0009585669041904903,-0.004123270603779711,-0.0007548951243060722,-0.01697653171412317,0.002091512155401621,1086349.978885292,3.000609575982075
319,110.8720577986261,0.9940920849335797,-0.001059900082676355,-0.00411011426487519,-0.000787689991420846,-0.01691997521859885,0.00230920941839798,1087900.649069401,3.000609575982075
320,111.2196191083396,0.9940872764825764,-0.001160880411149948,-0.00409566101522244,-0.0008208680622698937,-0.01685851003793987,0.00252532637957753,1089570.426233039,3.000609575982075
321,111.5671804180532,0.9940822684694118,-0.001261478751757039,-0.004079920660353626,-0.0008544495029494694,-0.01679220730346845,0.002739744170799009,1091358.135086648,3.000609575982076
322,111.9147417277667,0.9940770584256114,-0.001361666405494372,-0.004062903705306298,-0.0008884530717673509,-0.01672114264213516,0.002952347699030105,1093262.515641697,3.000609575982076
323,112.2623030374803,0.9940716437749222,-0.001461415138300113,-0.004044621331481061,-0.0009228960537431267,-0.01664539591120437,0.003163025834377033,1095282.226192435,3.000609575982075
324,112.6098643471939,0.9940660218422953,-0.00156069720552966,-0.004025085372432558,-0.000957794203400097,-0.0165650509237225,0.003371671578799589,1097415.846435355,3.000609575982076
325,112.9574256569074,0.9940601898631878,-0.00165948537476695,-0.004004308288710371,-0.000993161695970709,-0.01648019516655831,0.003578182215167969,1099661.880710977,3.000609575982075
326,113.304986966621,0.9940541449931287,-0.001757752946932206,-0.003982303141868013,-0.001029011087065235,-0.01639091951279745,0.003782459436474786,1102018.761353018,3.000609575982075
327,113.6525482763345,0.9940478843175026,-0.001855473775657669,-0.003959083567758828,-0.001065353280785108,-0.01629731793024948,0.003984409455168867,1104484.852129353,3.000609575982075
328,114.0001095860481,0.9940414048614982,-0.001952622284913203,-0.003934663749237377,-0.00110219750619549,-0.01619948718778584,0.004183943092722871,1107058.451759508,3.000609575982075
329,114.3476708957617,0.9940347036001723,-0.002049173484873826,-0.003909058388383815,-0.001139551302009288,-0.01609752656117181,0.004380975849687043,1109737.797493728,3.000609575982075
330,114.6952322054752,0.994027777468583,-0.002145102986030939,-0.00388228267836684,-0.001177420509277514,-0.01599153753998811,0.004575427956609635,1112521.068738272,3.000609575982075
331,115.0427935151888,0.9940206233719411,-0.002240387011558342,-0.003854352275058183,-0.001215809271827148,-0.0158816235371574,0.004767224406325488,1115406.390712759,3.000609575982076
332,115.3903548249024,0.9940132381957381,-0.002335002407952922,-0.003825283268508244,-0.001254720044140217,-0.01576788960250108,0.00495629496822255,1118391.838125203,3.000609575982076
333,115.7379161346159,0.9940056188158051,-0.00242892665397813,-0.003795092154388574,-0.001294153606325339,-0.01565044214165317,0.005142574185193927,1121475.438850994,3.000609575982075
334,116.0854774443295,0.9939977621082624,-0.002522137867945962,-0.00376379580550238,-0.001334109085796523,-0.01552938864155251,0.005326001354068403,1124655.177602934,3.000609575982076
335,116.4330387540431,0.9939896649593194,-0.002614614813380185,-0.003731411443459283,-0.001374583985243154,-0.01540483740362432,0.005506520490385597,1127928.999579894,3.000609575982075
336,116.7806000637566,0.9939813242748906,-0.00270633690310978,-0.003697956610605181,-0.00141557421645031,-0.01527689728564768,0.005684080278442974,1131294.814082136,3.000609575982076
337,117.1281613734702,0.993972736989993,-0.002797284201847262,-0.003663449142292383,-0.001457074139508983,-0.01514567745318976,0.005858634007591366,1134750.498082494,3.000609575982075
338,117.4757226831837,0.9939639000778933,-0.002887437427311383,-0.003627907139569205,-0.00149907660694241,-0.01501128714137069,0.006030139495792262,1138293.899743179,3.000609575982075
339,117.8232839928973,0.9939548105589784,-0.002976777949958003,-0.003591348942362111,-0.001541573012265654,-0.01487383542760755,0.00619855900147647,1141922.841868635,3.000609575982075
340,118.1708453026108,0.9939454655093241,-0.003065287791386411,-0.003553793103217169,-0.00158455334249325,-0.01473343101587207,0.006363859124758385,1145635.125285874,3.000609575982076
341,118.5184066123244,0.9939358620689374,-0.003152949621491288,-0.003515258361661317,-0.00162800623410921,-0.01459018203288565,0.006526010699065791,1149428.532144617,3.000609575982075
342,118.865967922038,0.9939259974496576,-0.003239746754432601,-0.00347576361923759,-0.001671919032021464,-0.01444419583657038,0.006684988674238991,1153300.82912989,3.000609575982075
343,119.2135292317515,0.9939158689426947,-0.003325663143497518,-0.00343532791526216,-0.001716277851030309,-0.01429557883697123,0.006840771992141803,1157249.770581372,3.000609575982075
344,119.5610905414651,0.9939054739257955,-0.003410683374929217,-0.003393970403344921,-0.001761067639353737,-0.01414443632977032,0.006993343455804985,1161273.101513623,3.000609575982076
345,119.9086518511786,0.9938948098700245,-0.003494792660798068,-0.0033517103287093,-0.001806272243770002,-0.01399087234242444,0.007142689593094281,1165368.560532931,3.000609575982075
346,120.2562131608922,0.9938838743461509,-0.003577976830990504,-0.003308567006341139,-0.001851874475953999,-0.01383498949287333,0.007288800515862796,1169533.882646769,3.000609575982075
347,120.6037744706058,0.9938726650306374,-0.003660222324390425,-0.003264559799990879,-0.001897856179606919,-0.01367688886069112,0.007431669775506863,1173766.801962677,3.000609575982075
348,120.9513357803193,0.9938611797112255,-0.003741516179326955,-0.003219708102047907,-0.001944198297999902,-0.0135166698704837,0.007571294215802243,1178065.054274363,3.000609575982075
349,121.2988970900329,0.9938494162921169,-0.003821846023361033,-0.003174031314300825,-0.001990880941576517,-0.01335443018727361,0.007707673823850063,1182426.379532909,3.000609575982075
350,121.6464583997465,0.9938373727987516,-0.003901200062481595,-0.003127548829592579,-0.002037883455284893,-0.01319026562355917,0.00784081157991233,1186848.524202248,3.000609575982075
351,121.99401970946,0.9938250473821841,-0.00397956706978009,-0.003080280014374891,-0.002085184485335249,-0.01302427005768758,0.007970713306865142,1191329.243498198,3.000609575982075
352,122.3415810191736,0.9938124383230645,-0.004056936373669791,-0.003032244192162226,-0.002132762045103224,-0.01285653536313962,0.00809738751994595,1195866.303510865,3.000609575982076
353,122.6891423288872,0.9937995440352269,-0.00413329784571386,-0.002983460627881663,-0.002180593579928924,-0.01268715134829209,0.008220845277415671,1200457.483211293,3.000609575982075
354,123.0367036386007,0.9937863630688953,-0.004208641888123434,-0.002933948513111455,-0.002228656030583569,-0.01251620570619335,0.008341100032705197,1205100.576342852,3.000609575982075
355,123.3842649483143,0.993772894113515,-0.004282959420984154,-0.002883726952197854,-0.002276925895203787,-0.01234378397386828,0.008458167488560943,1209793.393199007,3.000609575982075
356,123.7318262580278,0.9937591360002176,-0.004356241869266634,-0.00283281494923683,-0.002325379289516674,-0.01216996950065068,0.008572065453653018,1214533.762289011,3.000609575982075
357,124.0793875677414,0.9937450877039317,-0.004428481149673301,-0.002781231395904702,-0.002373992005203848,-0.0119948434250316,0.008682813702058008,1219319.531893837,3.000609575982076
358,124.426948877455,0.9937307483451511,-0.004499669657370991,-0.00272899506011939,-0.00242273956627434,-0.01181848465950463,0.008790433835979623,1224148.571514358,3.000609575982075
359,124.7745101871685,0.9937161171913721,-0.004569800252655529,-0.002676124575511963,-0.002471597283339507,-0.01164096988288847,0.008894949152022519,1229018.773214673,3.000609575982075
360,125.1220714968821,0.9937011936582122,-0.004638866247591511,-0.002622638431686386,-0.002520540305702307,-0.01146237353960773,0.008996384511290114,1233928.052863382,3.000609575982075
361,125.4696328065956,0.9936859773102241,-0.004706861392667237,-0.002568554965243964,-0.002569543671193807,-0.01128276784541972,0.009094766213533605,1238874.351275804,3.000609575982076
362,125.8171941163092,0.9936704678614198,-0.004773779863501961,-0.002513892351547598,-0.002618582353707317,-0.01110222279908247,0.009190121875539511,1243855.635260273,3.000609575982075
363,126.1647554260228,0.9936546651755156,-0.004839616247639396,-0.002458668597200106,-0.002667631308397123,-0.01092080619947087,0.009282480313905073,1248869.89857205,3.000609575982076
364,126.5123167357363,0.9936385692659159,-0.00490436553145865,-0.002402901533210009,-0.002716665514525357,-0.0107385836676619,0.009371871432315161,1253915.162778048,3.000609575982075
365,126.8598780454499,0.9936221802954456,-0.004968023087230903,-0.002346608808817588,-0.00276566001595275,-0.010555618673524,0.009458326113402478,1258989.478036124,3.000609575982075
366,127.2074393551634,0.9936054985758501,-0.0050305846603474,-0.002289807885953659,-0.002814589959283601,-0.01037197256636416,0.009541876115242116,1264090.92379215,3.000609575982075
367,127.555000664877,0.9935885245670716,-0.005092046356741737,-0.002232516034303275,-0.002863430629685703,-0.01018770460920386,0.009622553972504369,1269217.609398918,3.000609575982076
368,127.9025619745906,0.9935712588763198,-0.005152404630526897,-0.002174750326946481,-0.002912157484416568,-0.01000287201627426,0.009700392902265029,1274367.674659978,3.000609575982076
369,128.2501232843041,0.9935537022569486,-0.005211656271865121,-0.00211652763654835,-0.002960746184096471,-0.009817529993341925,0.009775426714449286,1279539.290302357,3.000609575982075
370,128.5976845940177,0.9935358556071517,-0.005269798395086406,-0.002057864632070706,-0.003009172621776505,-0.009631731780495806,0.009847689726866076,1284730.658381572,3.000609575982075
371,128.9452459037313,0.993517719968492,-0.005326828427069315,-0.001998777775978274,-0.003057412949856378,-0.009445528697047839,0.009917216684771296,1289940.012622396,3.000609575982075
372,129.2928072134448,0.9934992965242753,-0.005382744095895732,-0.001939283321912392,-0.003105443604913979,-0.009258970188220472,0.009984042684882748,1295165.618698988,3.000609575982075
373,129.6403685231584,0.993480586597782,-0.005437543419789332,-0.001879397312805944,-0.00315324133051115,-0.009072103873314639,0.01004820310375621,1300405.774457636,3.000609575982075
374,129.9879298328719,0.9934615916503694,-0.005491224696345745,-0.001819135579413734,-0.003200783198046428,-0.008884975595072668,0.0101097335304202,1305658.810085479,3.000609575982075
375,130.3354911425855,0.9934423132794525,-0.005543786492060764,-0.001758513739233172,-0.003248046625727221,-0.008697629469971074,0.01016866970315693,1310923.088228549,3.000609575982075
376,130.6830524522991,0.9934227532163794,-0.005595227632161399,-0.001697547195790839,-0.003295009395737129,-0.008510107939197533,0.01022504745030871,1316197.004062082,3.000609575982075
377,131.0306137620126,0.9934029133242076,-0.005645547190743203,-0.001636251138271245,-0.003341649669674928,-0.008322451820085326,0.01027890263498252,1321478.985316279,3.000609575982076
378,131.3781750717262,0.9933827955953938,-0.005694744481215944,-0.001574640541464867,-0.003387946002343973,-0.008134700357797937,0.01033027110351972,1326767.492260441,3.000609575982075
379,131.7257363814397,0.9933624021494056,-0.005742819047058588,-0.001512730166013346,-0.003433877353970322,-0.007946891277072958,0.0103791886375942,1332061.017648273,3.000609575982076
380,132.0732976911533,0.9933417352302647,-0.005789770652883349,-0.001450534558930615,-0.003479423100928401,-0.00775906083385302,0.01042569090979898,1337358.086627195,3.000609575982076
381,132.4208590008668,0.9933207972040304,-0.005835599275807746,-0.001388068054379463,-0.003524563045052647,-0.007571243866646498,0.01046981344257982,1342657.256614081,3.000609575982075
382,132.7684203105804,0.9932995905562314,-0.00588030509713254,-0.001325344774683983,-0.003569277421612279,-0.00738347384747662,0.01051159157037333,1347957.117140207,3.000609575982075
383,133.115981620294,0.9932781178892534,-0.005923888494322755,-0.001262378631559171,-0.003613546906025974,-0.007195782932292945,0.01055106040480686,1353256.289667581,3.000609575982076
384,133.4635429300075,0.9932563819196908,-0.0059663500332882,-0.001199183327539786,-0.003657352619390847,-0.007008202010731335,0.01058825480281861,1358553.427379036,3.000609575982076
385,133.8111042397211,0.9932343854756681,-0.006007690460959303,-0.00113577235759144,-0.003700676132899271,-0.006820760755123558,0.01062320933755729,1363847.214944344,3.000609575982076
386,134.1586655494347,0.9932121314941385,-0.006047910698153499,-0.001072159010887699,-0.003743499471214558,-0.006633487668668119,0.01065595827192298,1369136.368264239,3.000609575982076
387,134.5062268591482,0.9931896230181643,-0.006087011832726918,-0.001008356372737837,-0.003785805114874657,-0.006446410132686287,0.01068653553461315,1374419.634194538,3.000609575982075
388,134.8537881688618,0.9931668631941876,-0.00612499511300572,-0.0009443773266506371,-0.003827576001790704,-0.006259554452897322,0.01071497469854067,1379695.790251972,3.000609575982075
389,135.2013494785754,0.9931438552692923,-0.006161861941491012,-0.0008802345565204717,-0.003868795527905099,-0.006072945904657225,0.01074130896149383,1384963.644303771,3.000609575982075
390,135.5489107882889,0.9931206025884661,-0.006197613868831037,-0.0008159405489226184,-0.003909447547070994,-0.005886608777113885,0.01076557112891222,1390222.03424241,3.000609575982075
391,135.8964720980025,0.9930971085918647,-0.006232252588054008,-0.0007515075955055437,-0.003949516370212514,-0.005700566416240006,0.01078779359865575,1395469.827647256,3.000609575982075
392,136.244033407716,0.9930733768120836,-0.00626577992905481,-0.000686947795468584,-0.003988986763823458,-0.005514841266713575,0.01080800834764812,1400705.921434418,3.000609575982075
393,136.5915947174296,0.9930494108714397,-0.006298197853328578,-0.0006222730581141661,-0.004027843947857967,-0.005329454912621208,0.01082624692028064,1405929.241496441,3.000609575982075
394,136.9391560271432,0.9930252144792684,-0.00632950844894408,-0.0005574951054643744,-0.004066073593065679,-0.005144428116967971,0.0108425404184657,1411138.742332817,3.000609575982075
395,137.2867173368567,0.9930007914292374,-0.00635971392574972,-0.0004926254749323197,-0.004103661817820333,-0.004959780859981429,0.01085691949323435,1416333.406672776,3.000609575982075
396,137.6342786465703,0.992976145596681,-0.006388816610804931,-0.0004276755220393814,-0.004140595184488696,-0.004775532376204095,0.01086941433777618,1421512.245091374,3.000609575982075
397,137.9818399562838,0.9929512809359576,-0.006416818944029718,-0.0003626564231700009,-0.004176860695384106,-0.004591701190372868,0.01088005468182432,1426674.295619964,3.000609575982076
398,138.3294012659974,0.9929262014778324,-0.006443723474065093,-0.0002975791783562324,-0.004212445788346337,-0.004408305152088165,0.01088886978729266,1431818.62335197,3.000609575982076
399,138.6769625757109,0.992900911326887,-0.006469532854337184,-0.0002324546140849065,-0.004247338331987404,-0.004225361469279714,0.01089588844507666,1436944.320045011,3.000609575982075
400,139.0245238854245,0.9928754146589597,-0.006494249839317873,-0.0001672933861206033,-0.004281526620640359,-0.004042886740478892,0.01090113897293335,1442050.503719992,3.000609575982075
401,139.3720851951381,0.9928497157186152,-0.006517877280974824,-0.0001021059823383022,-0.004314999369045683,-0.00386089698591088,0.01090464921436027,1447136.318258239,3.000609575982075
402,139.7196465048517,0.9928238188166483,-0.006540418125403948,-3.690272555993129e-05,-0.004347745706808573,-0.003679407677422581,0.01090644653839722,1452200.93299709,3.000609575982075
403,140.0672078145652,0.9927977283276195,-0.006561875409637334,2.830622361047389e-05,-0.004379755172657095,-0.003498433767264155,0.01090655784027871,1457243.542324857,3.000609575982076
404,140.4147691242788,0.9927714486874273,-0.006582252258619914,9.351086395788503e-05,-0.004411017708530112,-0.003317989715744622,0.01090500954286853,1462263.365275607,3.000609575982075
405,140.7623304339923,0.9927449843909154,-0.006601551882348131,0.0001587013508381495,-0.004441523653521543,-0.003138089517783129,0.01090182759881222,1467259.645124345,3.000609575982075
406,141.1098917437059,0.9927183399895166,-0.006619777573164142,0.0002238679933747203,-0.004471263737705647,-0.002958746728379361,0.01089703749334617,1472231.64898317,3.000609575982075
407,141.4574530534195,0.9926915200889338,-0.006636932703199109,0.0002890012516740017,-0.004500229075866513,-0.002779974487027488,0.01089066424770608,1477178.667398842,3.000609575982075
408,141.805014363133,0.9926645293468586,-0.006653020721959373,0.0003540917340627282,-0.004528411161152926,-0.002601785541099401,0.01088273242308064,1482100.013952139,3.000609575982075
409,142.1525756728466,0.9926373724707284,-0.006668045154049417,0.000419130194350485,-0.004555801858678215,-0.002424192268223137,0.01087326612505955,1486995.024859423,3.000609575982076
410,142.5001369825602,0.9926100542155222,-0.006682009597025684,0.0004841075291201805,-0.004582393399083434,-0.002247206697683789,0.01086228900852819,1491863.058576689,3.000609575982075
411,142.8476982922737,0.9925825793815937,-0.006694917719375498,0.0005490147750490053,-0.004608178372080692,-0.002070840530874156,0.01084982428296414,1496703.495406591,3.000609575982075
412,143.1952596019873,0.9925549528125442,-0.006706773258615482,0.0006138431062621568,-0.004633149719991521,-0.00189510516082256,0.01083589471809359,1501515.737108442,3.000609575982075
413,143.5428209117008,0.9925271793931337,-0.006717580019504034,0.0006785838317213569,-0.004657300731294763,-0.001720011690825981,0.01082052264986848,1506299.206511696,3.000609575982076
414,143.8903822214144,0.9924992640472303,-0.006727341872362619,0.0007432283926499734,-0.004680625034196756,-0.001545570952216101,0.01080372998672765,1511053.347132909,3.000609575982076
415,144.237943531128,0.9924712117357986,-0.006736062751500741,0.0008077683599963431,-0.004703116590235069,-0.001371793521286096,0.01078553821610793,1515777.622796511,3.000609575982075
416,144.5855048408415,0.9924430274549253,-0.00674374665373968,0.0008721954319366791,-0.00472476968792717,-0.001198689735406086,0.01076596841117317,1520471.517259507,3.000609575982075
417,144.933066150555,0.9924147162338832,-0.006750397637030236,0.0009365014314188175,-0.004745578936472651,-0.001026269708354079,0.01074504123773165,1525134.533840282,3.000609575982075
418,145.2806274602686,0.9923862831332331,-0.006756019819159843,0.001000678303747764,-0.00476553925951827,-0.0008545433448900422,0.0107227769613144,1529766.19505144,3.000609575982075
419,145.6281887699822,0.9923577332429613,-0.006760617376544624,0.001064718114214027,-0.004784645888993389,-0.0006835203545994422,0.01069919545438866,1534366.042237111,3.000609575982076
420,145.9757500796958,0.9923290716806555,-0.00676419454310211,0.0011286130457654,-0.004802894359022672,-0.0005132102650327152,0.01067431620368307,1538933.635214471,3.000609575982075
421,146.3233113894093,0.9923003035897157,-0.006766755609200454,0.001192355396722821,-0.004820280499921773,-0.0003436224341662265,0.01064815831760241,1543468.551919773,3.000609575982075
422,146.6708726991229,0.9922714341376008,-0.006768304920680202,0.001255937578540783,-0.004836800432282215,-0.0001747660622102949,0.01062074053371181,1547970.388058766,3.000609575982076
423,147.0184340088364,0.9922424685141111,-0.006768846877944765,0.001319352113612653,-0.004852450561149189,-6.650202788739196e-06,0.0105920812262717,1552438.756761669,3.000609575982075
424,147.36599531855,0.9922134119297042,-0.006768385935115907,0.001382591633121146,-0.004867227570297152,0.0001607162264858597,0.0105621984138063,1556873.288242675,3.000609575982075
425,147.7135566282635,0.992184269613846,-0.006766926599250724,0.001445648874934112,-0.004881128416606162,0.0003273244340175231,0.01053110976668989,1561273.629463868,3.000609575982075
426,148.0611179379771,0.9921550468133936,-0.00676447342961669,0.001508516681545697,-0.00489415032454199,0.0004931657447902432,0.0104988326147362,1565639.4438038,3.000609575982075
427,148.4086792476907,0.9921257487910123,-0.006761031037021519,0.001571187998062858,-0.004906290780742858,0.0006582315914666552,0.01046538395477794,1569970.410730495,3.000609575982075
428,148.7562405574043,0.9920963808236242,-0.006756604083194698,0.001633655870237128,-0.004917547528713772,0.0008225135060009136,0.01043078045822394,1574266.225478886,3.000609575982075
429,149.1038018671178,0.992066948200887,-0.006751197280217675,0.001695913442541477,-0.004927918563631483,0.0009860031117441769,0.01039503847858324,1578526.598732833,3.000609575982075
430,149.4513631768314,0.9920374562237059,-0.006744815389999833,0.001757953956292029,-0.004937402127259748,0.00114869211602293,0.01035817405894577,1582751.256311414,3.000609575982075
431,149.7989244865449,0.9920079102027732,-0.00673746322379747,0.001819770747814352,-0.004945996702976376,0.001310572303170114,0.01032020293941065,1586939.938859632,3.000609575982075
432,150.1464857962585,0.9919783154571389,-0.006729145641773135,0.00188135724665399,-0.004953701010912772,0.001471635527990048,0.01028114056445385,1591092.40154348,3.000609575982076
433,150.4940471059721,0.9919486773128089,-0.006719867552592789,0.001942706973830832,-0.004960514003205283,0.001631873709638903,0.01024100209022773,1595208.413749175,3.000609575982075
434,150.8416084156856,0.9919190011013724,-0.006709633913058358,0.002003813540136918,-0.004966434859359208,0.001791278825902791,0.01019980239178587,1599287.758786618,3.000609575982075
435,151.1891697253992,0.9918892921586557,-0.006698449727773344,0.002064670644477187,-0.004971462981724138,0.001949842907856406,0.01015755607022712,1603330.233597008,3.000609575982076
436,151.5367310351127,0.9918595558234032,-0.006686320048839279,0.002125272072252711,-0.004975597991080737,0.002107558034885717,0.01011427745975365,1607335.648464459,3.000609575982075
437,151.8842923448263,0.9918297974359843,-0.00667324997558089,0.002185611693785814,-0.00497883972233776,0.002264416330058644,0.01006998063463833,1611303.826731648,3.000609575982076
438,152.2318536545399,0.9918000223371261,-0.006659244654297937,0.002245683462786607,-0.004981188220338171,0.002420409955828625,0.01002467941609711,1615234.604519309,3.000609575982075
439,152.5794149642534,0.9917702358666696,-0.006644309278041783,0.002305481414860303,-0.00498264373577376,0.002575531110056039,0.009978387379063113,1619127.830449681,3.000609575982075
440,152.926976273967,0.9917404433623521,-0.006628449086414833,0.00236499966605473,-0.004983206721206233,0.00272977202233361,0.009931117858858944,1622983.365373537,3.000609575982076
441,153.2745375836805,0.9917106501586113,-0.006611669365391075,0.002424232411447429,-0.00498287782719357,0.002883124950601803,0.009882883957764908,1626801.082101026,3.000609575982075
442,153.6220988933941,0.9916808615854124,-0.00659397544715601,0.0024831739237717,-0.004981657898520264,0.003035582178041458,0.009833698551480544,1630580.865136066,3.000609575982075
443,153.9696602031077,0.9916510829670987,-0.00657537270996438,0.002541818552080969,-0.004979547970529308,0.003187136010230834,0.009783574295477809,1634322.610414198,3.000609575982076
444,154.3172215128212,0.9916213196212624,-0.006555866578014121,0.002600160720450793,-0.004976549265554461,0.00333777877255512,0.009732523631244272,1638026.225043963,3.000609575982075
445,154.6647828225348,0.9915915768576375,-0.006535462521335079,0.002658194926717882,-0.00497266318945079,0.003487502807856785,0.009680558792415131,1641691.627051503,3.000609575982075
446,155.0123441322484,0.9915618599770123,-0.006514166055691092,0.002715915741255426,-0.004967891328221336,0.003636300474315632,0.009627691810793135,1645318.745128552,3.000609575982075
447,155.3599054419619,0.9915321742701622,-0.006491982742494073,0.002773317805784098,-0.004962235444738234,0.003784164143548005,0.009573934522255745,1648907.518383526,3.000609575982075
448,155.7074667516755,0.991502525016802,-0.00646891818872884,0.00283039583221802,-0.004955697475555893,0.003931086198914792,0.009519298572549151,1652457.896095727,3.000609575982075
449,156.055028061389,0.9914729174845567,-0.00644497804688745,0.002887144601545045,-0.004948279527814341,0.004077059034028617,0.009463795422968935,1655969.83747263,3.000609575982075
450,156.4025893711026,0.9914433569279508,-0.006420168014911903,0.002943558962740653,-0.004939983876230186,0.00422207505145075,0.009407436355927407,1659443.311409954,3.000609575982076
451,156.7501506808162,0.9914138485874147,-0.006394493836144073,0.002999633831714802,-0.004930812960173716,0.004366126661568726,0.009350232480407885,1662878.296254854,3.000609575982075
452,157.0977119905297,0.9913843976883093,-0.006367961299281849,0.003055364190291049,-0.004920769380829088,0.004509206281646212,0.009292194737306211,1666274.779571589,3.000609575982075
453,157.4452733002433,0.9913550094399667,-0.006340576238340443,0.003110745085217273,-0.00490985589843578,0.004651306335036915,0.009233333904660034,1669632.757910187,3.000609575982075
454,157.7928346099568,0.9913256890347469,-0.006312344532617953,0.003165771627207324,-0.004898075429609343,0.004792419250554406,0.009173660602766668,1672952.23657755,3.000609575982075
455,158.1403959196704,0.9912964416471113,-0.006283272106664213,0.003220438990012957,-0.004885431044738466,0.004932537461990773,0.009113185299190077,1676233.229411224,3.000609575982075
456,158.4879572293839,0.9912672724327105,-0.006253364930252125,0.003274742409525342,-0.004871925965456928,0.00507165340777643,0.009051918313658138,1679475.758555586,3.000609575982075
457,158.8355185390975,0.9912381865274873,-0.006222629018350609,0.003328677182905553,-0.004857563562187439,0.005209759530774649,0.008989869822850953,1682679.854240592,3.000609575982076
458,159.1830798488111,0.9912091890467948,-0.006191070431098381,0.003382238667743358,-0.00484234735175572,0.005346848278203866,0.008927049865081476,1685845.554562686,3.000609575982075
459,159.5306411585246,0.9911802850845276,-0.006158695273777855,0.00343542228124367,-0.00482628099507211,0.005482912101681696,0.008863468344869478,1688972.90526817,3.000609575982076
460,159.8782024682382,0.9911514797122671,-0.006125509696788414,0.003488223499440028,-0.004809368294878934,0.005617943457384579,0.008799135037410135,1692061.959538761,3.000609575982075
461,160.2257637779518,0.9911227779784406,-0.006091519895618398,0.003540637856434493,-0.004791613193560949,0.005751934806317164,0.008734059592938572,1695112.77777923,3.000609575982076
462,160.5733250876653,0.9910941849074919,-0.00605673211081518,0.003592660943663316,-0.004773019771017075,0.005884878614686177,0.008668251540991562,1698125.427407311,3.000609575982075
463,160.9208863973789,0.9910657054990664,-0.00602115262795269,0.003644288409187797,-0.004753592242591091,0.006016767354373231,0.008601720294567907,1701099.982645475,3.000609575982075
464,161.2684477070925,0.9910373447272064,-0.005984787777595838,0.003695515957009708,-0.004733334957059087,0.006147593503501795,0.008534475154188774,1704036.524314888,3.000609575982075
465,161.616009016806,0.9910091075395597,-0.005947643935261277,0.003746339346410703,-0.004712252394671426,0.006277349547093376,0.008466525311859492,1706935.139631215,3.000609575982075
466,161.9635703265196,0.9909809988565995,-0.005909727521373993,0.003796754391315118,-0.004690349165247787,0.00640602797780818,0.008397879854934339,1709795.922002284,3.000609575982075
467,162.3111316362331,0.9909530235708545,-0.005871045001219208,0.003846756959675599,-0.0046676300063223,0.006533621296766106,0.00832854776988565,1712618.970827752,3.000609575982075
468,162.6586929459467,0.9909251865461514,-0.00583160288488917,0.003896342972880979,-0.004644099781337255,0.006660122014443701,0.008258537945978833,1715404.391300402,3.000609575982075
469,163.0062542556603,0.9908974926168672,-0.005791407727224336,0.003945508405185844,-0.004619763477883463,0.006785522651642998,0.008187859178854801,1718152.294209321,3.000609575982076
470,163.3538155653738,0.9908699465871924,-0.005750466127748583,0.003994249283161258,-0.004594626205985014,0.006909815740528423,0.008116520174021324,1720862.795744739,3.000609575982075
471,163.7013768750874,0.9908425532304032,-0.005708784730598005,0.004042561685166078,-0.004568693196426529,0.007032993825728148,0.008044529550254718,1723536.017304639,3.000609575982076
472,164.048938184801,0.9908153172881453,-0.005666370224442953,0.004090441740838358,-0.004541969799121219,0.007155049465496143,0.007971895842913534,1726172.08530284,3.000609575982075
473,164.3964994945145,0.9907882434697258,-0.005623229342402955,0.004137885630606287,-0.004514461481517545,0.0072759752329317,0.007898627507165624,1728771.130978947,3.000609575982075
474,164.744060804228,0.9907613364514155,-0.005579368861954159,0.004184889585218198,-0.004486173827042968,0.007395763717253094,0.007824732921130133,1731333.290209637,3.000609575982075
475,165.0916221139416,0.9907346008757598,-0.005534795604829052,0.004231449885291069,-0.004457112533582718,0.007514407525122177,0.007750220388935925,1733858.703321659,3.000609575982075
476,165.4391834236552,0.9907080413508992,-0.00548951643690807,0.004277562860877095,-0.004427283411991895,0.007631899282017096,0.007675098143697834,1736347.514906288,3.000609575982076
477,165.7867447333687,0.9906816624498977,-0.005443538268102886,0.004323224891047805,-0.004396692384639217,0.007748231633650047,0.007599374350412295,1738799.87363533,3.000609575982075
478,166.1343060430823,0.9906554687100811,-0.005396868052231088,0.004368432403495249,-0.004365345483980624,0.007863397247427396,0.007523057108773752,1741215.932078565,3.000609575982076
479,166.4818673527959,0.9906294646323822,-0.005349512786882014,0.004413181874149795,-0.004333248851161152,0.007977388813949491,0.007446154455913267,1743595.846522694,3.000609575982075
480,166.8294286625094,0.9906036546806954,-0.005301479513273496,0.004457469826814072,-0.004300408734643302,0.008090199048547585,0.007368674369060782,1745939.776791709,3.000609575982076
481,167.176989972223,0.9905780432812396,-0.005252775316099322,0.004501292832812597,-0.004266831488860542,0.008201820692855398,0.007290624768132387,1748247.886068653,3.000609575982075
482,167.5245512819366,0.9905526348219276,-0.005203407323367194,0.00454464751065666,-0.004232523572894091,0.008312246516412989,0.007212013518243979,1750520.340718878,3.000609575982075
483,167.8721125916501,0.9905274336517451,-0.005153382706227018,0.004587530525724016,-0.004197491549171741,0.008421469318300541,0.007132848432152719,1752757.31011466,3.000609575982075
484,168.2196739013637,0.9905024440801367,-0.005102708678789326,0.004629938589952965,-0.004161742082186959,0.008529481928800016,0.007053137272627495,1754958.966461174,3.000609575982075
485,168.5672352110772,0.9904776703763987,-0.005051392497933701,0.00467186846155039,-0.004125281937237113,0.008636277211082346,0.006972887754749883,1757125.484623942,3.000609575982075
486,168.9147965207908,0.9904531167690807,-0.004999441463107037,0.00471331694471335,-0.004088117979179035,0.008741848062918292,0.006892107548146705,1759257.041957619,3.000609575982076
487,169.2623578305044,0.9904287874453942,-0.004946862916111493,0.004754280889363826,-0.004050257171200874,0.008846187418410832,0.006810804279155622,1761353.818136088,3.000609575982075
488,169.6099191402179,0.9904046865506279,-0.004893664240882056,0.004794757190896207,-0.004011706573608839,0.008949288249747219,0.006728985532924912,1763415.994984104,3.000609575982076
489,169.9574804499315,0.9903808181875706,-0.004839852863253551,0.004834742789937141,-0.003972473342627205,0.009051143568968847,0.006646658855448681,1765443.756310154,3.000609575982075
490,170.3050417596451,0.9903571864159418,-0.004785436250717023,0.00487423467211737,-0.003932564729210723,0.009151746429757066,0.006563831755538743,1767437.287740788,3.000609575982075
491,170.6526030693586,0.9903337952518284,-0.004730421912165421,0.00491322986785516,-0.003891988077868019,0.009251089929233227,0.00648051170673432,1769396.776556307,3.000609575982076
492,171.0001643790721,0.9903106486671289,-0.00467481739762845,0.004951725452150965,-0.003850750825494745,0.009349167209771247,0.006396706149150755,1771322.411527851,3.000609575982075
493,171.3477256887857,0.9902877505890046,-0.004618630297996566,0.004989718544392981,-0.003808860500215228,0.009445971460821054,0.00631242249126832,1773214.382755909,3.000609575982075
494,171.6952869984993,0.9902651048993376,-0.004561868244734059,0.005027206308173189,-0.003766324720231837,0.009541495920741187,0.006227668111662383,1775072.88151021,3.000609575982075
495,172.0428483082129,0.9902427154341958,-0.004504538909581124,0.005064185951113599,-0.003723151192680521,0.009635733878639167,0.006142450360675846,1776898.100071009,3.000609575982075
496,172.3904096179264,0.9902205859833042,-0.00444665000424493,0.005100654724702309,-0.003679347712491801,0.009728678676217944,0.006056776562035101,1778690.231571948,3.000609575982075
497,172.73797092764,0.9901987202895236,-0.004388209280079627,0.005136609924139059,-0.003634922161256006,0.009820323709627,0.005970654014410492,1780449.469844191,3.000609575982075
498,173.0855322373535,0.9901771220483362,-0.004329224527755281,0.005172048888189958,-0.003589882506091813,0.00991066243131665,0.005884089992922319,1782176.009262115,3.000609575982075
499,173.4330935470671,0.9901557949073367,-0.004269703576915706,0.005206968999051046,-0.00354423679851716,0.009999688351894076,0.005797091750593494,1783870.044590551,3.000609575982075
500,173.7806548567806,0.9901347424657323,-0.004209654295825212,0.005241367682220397,-0.003497993173321402,0.01008739504197977,0.005709666519749732,1785531.770833358,3.000609575982075
501,174.1282161664942,0.9901139682738472,-0.004149084591004244,0.005275242406378421,-0.003451159847438364,0.01017377613406289,0.005621821513368439,1787161.383083675,3.000609575982075
502,174.4757774762078,0.9900934758326351,-0.004088002406853939,0.005308590683276102,-0.003403745118818767,0.0102588253243544,0.005533563926377117,1788759.076375719,3.000609575982075
503,174.8233387859214,0.9900732685931987,-0.004026415725269615,0.005341410067630828,-0.003355757365301494,0.01034253637463645,0.00544490093690233,1790325.04553796,3.000609575982075
504,175.1709000956349,0.9900533499563147,-0.003964332565243213,0.005373698157029562,-0.003307205043483224,0.01042490311410691,0.005355839707470213,1791859.485048186,3.000609575982075
505,175.5184614053485,0.9900337232719665,-0.003901760982454733,0.005405452591839034,-0.00325809668758487,0.01050591944121762,0.005266387386159355,1793362.588889989,3.000609575982075
506,175.866022715062,0.9900143918388841,-0.0038387090688527,0.005436671055122697,-0.00320844090831525,0.01058557932550536,0.005176551107707109,1794834.550410876,3.000609575982076
507,176.2135840247756,0.9899953589040894,-0.003775184952223702,0.005467351272564149,-0.003158246391730125,0.01066387680941397,0.005086337994570106,1796275.562182206,3.000609575982075
508,176.5611453344892,0.9899766276624495,-0.003711196795751075,0.005497491012396771,-0.003107521898086726,0.01074080601010684,0.004995755157939989,1797685.81586074,3.000609575982075
509,176.9087066442027,0.9899582012562366,-0.003646752797562772,0.005527088085339305,-0.003056276260692984,0.0108163611212682,0.004904809698715195,1799065.502051901,3.000609575982075
510,177.2562679539163,0.9899400827746944,-0.003581861190268502,0.005556140344537099,-0.003004518384750569,0.01089053641489236,0.004813508708429624,1800414.810174837,3.000609575982075
511,177.6038292636298,0.9899222752536118,-0.003516530240486224,0.005584645685508802,-0.002952257246191692,0.01096332624305958,0.004721859270139192,1801733.928329324,3.000609575982076
512,177.9513905733434,0.9899047816749039,-0.003450768248358025,0.00561260204609822,-0.002899501890508705,0.01103472503969754,0.004629868459266904,1803023.043164345,3.000609575982075
513,178.298951883057,0.9898876049661992,-0.003384583547055574,0.005640007406431097,-0.002846261431576218,0.01110472732232723,0.004537543344407625,1804282.339748734,3.000609575982075
514,178.6465131927705,0.9898707480004344,-0.003317984502275137,0.005666859788876605,-0.002792545050465462,0.01117332769379223,0.004444890988093044,1805512.00144353,3.000609575982075
515,178.9940745024841,0.9898542135954562,-0.003250979511722321,0.005693157258013282,-0.002738361994249584,0.01124052084397038,0.004351918447517824,1806712.20977638,3.000609575982075
516,179.3416358121976,0.9898380045136305,-0.003183577004586647,0.005718897920599196,-0.0026837215748012,0.01130630155146657,0.004258632775227879,1807883.144317836,3.000609575982075
517,179.6891971219112,0.9898221234614581,-0.003115785441006049,0.005744079925546119,-0.002628633167579998,0.01137066468528583,0.004165041019771372,1809024.982559679,3.000609575982075
518,180.0367584316247,0.9898065730891988,-0.003047613311521441,0.005768701463897481,-0.002573106210410937,0.01143360520648561,0.00407115022631336,1810137.899795286,3.000609575982076
519,180.3843197413383,0.9897913559905017,-0.002979069136521465,0.005792760768809886,-0.00251715020225319,0.01149511816980624,0.003976967437215009,1811222.069002012,3.000609575982076
520,180.7318810510519,0.9897764747020437,-0.002910161465677557,0.005816256115537999,-0.002460774701958291,0.01155519872527859,0.0038824996925779,1812277.660725731,3.000609575982075
521,181.0794423607655,0.9897619317031746,-0.002840898877369478,0.005839185821422576,-0.002403989327018748,0.01161384211980793,0.003787754030754566,1813304.842967523,3.000609575982076
522,181.427003670479,0.9897477294155714,-0.002771289978101443,0.005861548245881451,-0.002346803752305668,0.01167104369873311,0.00369273748882582,1814303.78107243,3.000609575982075
523,181.7745649801926,0.9897338702028978,-0.002701343401909006,0.005883341790403276,-0.002289227708795845,0.01172679890736005,0.00359745710304572,1815274.637620606,3.000609575982075
524,182.1221262899061,0.9897203563704734,-0.002631067809756855,0.005904564898543836,-0.002231270982288208,0.01178110329246856,0.003501919909255066,1816217.572320531,3.000609575982076
525,182.4696875996197,0.9897071901649493,-0.002560471888927684,0.00592521605592473,-0.002172943412108871,0.01183395250379178,0.003406132943264079,1817132.741904644,3.000609575982075
526,182.8172489093333,0.9896943737739925,-0.002489564352402298,0.005945293790234259,-0.002114254889805914,0.01188534229546708,0.003310103241205228,1818020.300027226,3.000609575982075
527,183.1648102190468,0.9896819093259768,-0.00241835393823113,0.005964796671230342,-0.002055215357832287,0.01193526852745777,0.003213837839856745,1818880.397164695,3.000609575982075
528,183.5123715287604,0.9896697988896833,-0.002346849408897361,0.005983723310745262,-0.0019958348082182,0.01198372716694463,0.003117343776937943,1819713.180518198,3.000609575982075
529,183.859932838474,0.9896580444740076,-0.002275059550671788,0.006002072362692114,-0.00193612328123208,0.01203071428968646,0.003020628091376835,1820518.793918751,3.000609575982075
530,184.2074941481875,0.989646648027675,-0.002202993172959684,0.006019842523072761,-0.001876090864030378,0.01207622608134884,0.002923697823550982,1821297.377734818,3.000609575982075
531,184.555055457901,0.9896356114389652,-0.002130659107639765,0.006037032529987161,-0.001815747689296662,0.01212025883880028,0.002826560015502381,1822049.068782237,3.000609575982076
532,184.9026167676146,0.989624936535443,-0.002058066208395568,0.00605364116364389,-0.001755103933869284,0.01216280897137493,0.002729221711127131,1822774.000236965,3.000609575982076
533,185.2501780773282,0.9896146250836997,-0.001985223350039328,0.00606966724637174,-0.001694169817358571,0.01220387300210117,0.002631689956340691,1823472.301550111,3.000609575982075
534,185.5977393870417,0.9896046787891004,-0.001912139427828639,0.00608510964263222,-0.00163295560075304,0.01224344756889528,0.002533971799219546,1824144.098365744,3.000609575982075
535,185.9453006967553,0.9895950992955417,-0.001838823356776077,0.006099967259032854,-0.001571471585014874,0.01228152942571945,0.002436074290119945,1824789.512441266,3.000609575982075
536,186.2928620064689,0.989585888185216,-0.001765284070952014,0.0061142390443411,-0.001509728109665306,0.01231811544370346,0.002338004481774815,1825408.661570513,3.000609575982076
537,186.6404233161824,0.9895770469783863,-0.001691530522780827,0.006127923989498804,-0.001447735551359561,0.01235320261222929,0.002239769429369291,1826001.659509407,3.000609575982075
538,186.987984625896,0.9895685771331676,-0.001617571682330742,0.006141021127637032,-0.001385504322451674,0.01238678803997809,0.002141376190595904,1826568.61590457,3.000609575982076
539,187.3355459356096,0.9895604800453182,-0.001543416536597533,0.006153529534091177,-0.001323044869549669,0.01241886895593876,0.002042831825690133,1827109.636224451,3.000609575982075
540,187.6831072453231,0.9895527570480391,-0.001469074088782297,0.006165448326416228,-0.001260367672061193,0.01244944271037757,0.001944143397447168,1827624.821693414,3.000609575982075
541,188.0306685550367,0.9895454094117824,-0.001394553357563566,0.006176776664402069,-0.001197483240729817,0.01247850677576826,0.001845317971220674,1828114.269228606,3.000609575982075
542,188.3782298647502,0.989538438344068,-0.001319863376363961,0.006187513750088739,-0.00113440211616249,0.01250605874768197,0.001746362614904375,1828578.071379595,3.000609575982075
543,188.7257911744638,0.9895318449893098,-0.00124501319261166,0.006197658827781517,-0.001071134867348283,0.01253209634563649,0.001647284398897279,1829016.316270965,3.000609575982075
544,189.0733524841773,0.9895256304286507,-0.001170011866996903,0.006207211184065759,-0.00100769209016892,0.01255661741390435,0.001548090396053322,1829429.087547724,3.000609575982075
545,189.4209137938909,0.9895197956798056,-0.001094868472723793,0.006216170147821388,-0.0009440844059011392,0.01257961992227914,0.001448787681616335,1829816.464323745,3.000609575982076
546,189.7684751036045,0.9895143416969147,-0.001019592094757643,0.006224535090236953,-0.0008803224597118969,0.01260110196679969,0.001349383333141046,1830178.521133021,3.000609575982076
547,190.1160364133181,0.9895092693704046,-0.0009441918290681161,0.006232305424823178,-0.0008164169191460214,0.01262106177043162,0.001249884430401039,1830515.327883963,3.000609575982075
548,190.4635977230316,0.9895045795268596,-0.0008686767818684226,0.006239480607425923,-0.0007523784726071971,0.01263949768370586,0.001150298055284435,1830826.949816697,3.000609575982075
549,190.8111590327451,0.989500272928901,-0.0007930560688508336,0.006246060136238481,-0.0006882178278326359,0.01265640818531365,0.001050631291678185,1831113.447463267,3.000609575982076
550,191.1587203424587,0.9894963502750769,-0.0007173388144187403,0.006252043551813163,-0.0006239457103618016,0.01267179188265784,0.0009508912253416791,1831374.876610924,3.000609575982075
551,191.5062816521723,0.9894928121997595,-0.0006415341509156058,0.006257430437072086,-0.0005595728619995897,0.01268564751235993,0.0008510849437707181,1831611.2882685,3.000609575982075
552,191.8538429618858,0.9894896592730527,-0.0005656512178509586,0.006262220417317124,-0.0004951100392743441,0.01269797394072271,0.0007512195360524634,1831822.728635784,3.000609575982076
553,192.2014042715994,0.9894868920007091,-0.0004896991611237879,0.006266413160238977,-0.000430568011891635,0.01270877016414816,0.0006513020927123231,1832009.239075886,3.000609575982075
554,192.548965581313,0.9894845108240551,-0.0004136871322435624,0.006270008375925283,-0.000365957561183564,0.01271803530951026,0.0005513397055536129,1832170.856090886,3.000609575982075
555,192.8965268910265,0.989482516119927,-0.0003376242875491603,0.00627300581686777,-0.0003012894785545903,0.01272576863448268,0.0004513394674907642,1832307.611300331,3.000609575982075
556,193.2440882007401,0.9894809082006145,-0.0002615197874259734,0.006275405277968387,-0.0002365745639242781,0.01273196952782097,0.0003513084723770201,1832419.531423052,3.000609575982075
557,193.5916495104537,0.9894796873138151,-0.000185382795521461,0.006277206596544386,-0.0001718236241671163,0.01273663750959913,0.0002512538148273581,1832506.638261945,3.000609575982075
558,193.9392108201672,0.9894788536425967,-0.0001092224779594261,0.006278409652332337,-0.0001070474715505962,0.01273977223140053,0.0001511825900375538,1832568.948691944,3.000609575982075
559,194.2867721298808,0.9894784073053706,-3.304800255328563e-05,0.006279014367491055,-4.225692217130875e-05,0.01274137347646288,5.110189360021796e-05,1832606.474651062,3.000609575982075
560,194.6343334395943,0.9894783483558726,4.313146198138567e-05,0.006279020706603418,2.253720561004023e-05,0.01274144115977733,-4.898117868139872e-05,1832619.22313468,3.000609575982075
561,194.9818947493079,0.9894786767831545,0.0001193067468147693,0.006278428676677058,8.73240927341319e-05,0.0127399753281416,-0.0001490595309808865,1832607.196192787,3.000609575982075
562,195.3294560590215,0.9894793925115851,0.0001954686837908958,0.00627723832714395,0.0001520929210087206,0.01273697616016702,-0.0002491260676366836,1832570.390930456,3.000609575982075
563,195.677017368735,0.9894804954008591,0.0002716081062156429,0.006275449749858853,0.0002168328746740268,0.01273244396623971,-0.0003491736933397763,1832508.799511523,3.000609575982075
564,196.0245786784486,0.9894819852460168,0.0003477158496443631,0.006273063079096651,0.0002815331419670999,0.01272637918843569,-0.0004491953133201449,1832422.409165272,3.000609575982075
565,196.3721399881622,0.9894838617774729,0.000423782752668865,0.006270078491548577,0.0003461829166847772,0.01271878240039019,-0.0005491838335312207,1832311.202196249,3.000609575982075
566,196.7197012978757,0.989486124661054,0.0004997996577034893,0.006266496206317342,0.0004107713997448344,0.0127096543071211,-0.0006491321608314461,1832175.155997334,3.000609575982075
567,197.0672626075893,0.9894887734980461,0.0005757574117699653,0.006262316484911189,0.0004752878007445941,0.01269899574480679,-0.0007490332031621023,1832014.24306577,3.000609575982075
568,197.4148239173028,0.9894918078252508,0.00065164686728083,0.006257539631236901,0.0005397213395166734,0.01268680768051851,-0.0008488798697206036,1831828.431022443,3.000609575982075
569,197.7623852270164,0.9894952271150518,0.0007274588828210996,0.006252165991591784,0.0006040612476813459,0.0126730912119073,-0.0009486650711283738,1831617.682634127,3.000609575982076
570,198.10994653673,0.9894990307754892,0.0008031843239279347,0.006246195954654672,0.0006682967701948221,0.01265784756684601,-0.001048381719592468,1831381.955838956,3.000609575982076
571,198.4575078464435,0.9895032181503444,0.0008788140638680321,0.006239629951475972,0.0007324171668934685,0.0126410781030263,-0.001148022729060154,1831121.203774878,3.000609575982075
572,198.8050691561571,0.9895077885192336,0.000954338984412472,0.006232468455466822,0.0007964117140328133,0.01262278430751115,-0.001247581015365528,1830835.374811198,3.000609575982075
573,199.1526304658706,0.9895127410977103,0.001029749976608768,0.006224711982387395,0.0008602697058214914,0.01260296779624309,-0.001347049496367456,1830524.412583251,3.000609575982075
574,199.5001917755842,0.9895180750373775,0.001105037941549823,0.006216361090334402,0.0009239804559493326,0.01258163031350846,-0.001446421092077879,1830188.256029952,3.000609575982076
575,199.8477530852977,0.9895237894260086,0.00118019379113957,0.006207416379727859,0.0009875332991090367,0.0125587737313581,-0.001545688724779719,1829826.839434576,3.000609575982075
576,200.1953143950113,0.9895298832876773,0.001255208448855018,0.006197878493297192,0.001050917592511688,0.01253440004898485,-0.001644845319133605,1829440.092468347,3.000609575982075
577,200.5428757047249,0.9895363555828974,0.001330072850504443,0.006187748116066722,0.001114122717394626,0.01250851139205824,-0.001743883802272537,1829027.940237096,3.000609575982075
578,200.8904370144384,0.98954320520877,0.001404777944981473,0.006177025975340642,0.00117713808052231,0.0124811100120169,-0.00184279710388362,1828590.303330956,3.000609575982075
579,201.237998324152,0.9895504309991414,0.001479314695014824,0.006165712840687526,0.001239953115679091,0.01245219828531898,-0.001941578156276207,1828127.097876833,3.000609575982076
580,201.5855596338656,0.9895580317247687,0.001553674077913426,0.006153809523924492,0.001302557285153758,0.01242177871265131,-0.002040219894435442,1827638.235593916,3.000609575982076
581,201.9331209435791,0.9895660060934948,0.001627847086306696,0.006141316879101077,0.001364940081215597,0.01238985391809763,-0.002138715256060577,1827123.62385207,3.000609575982075
582,202.2806822532927,0.9895743527504315,0.00170182472887972,0.006128235802482937,0.001427091027581574,0.01235642664826648,-0.002237057181587174,1826583.165733068,3.000609575982075
583,202.6282435630062,0.9895830702781531,0.001775598031103111,0.006114567232535458,0.001488999680874012,0.01232149977137937,-0.002335238614192294,1826016.760094611,3.000609575982075
584,202.9758048727198,0.989592157196896,0.001849158035957274,0.006100312149907403,0.00155065563206897,0.01228507627631981,-0.002433252499782043,1825424.301637343,3.000609575982075
585,203.3233661824333,0.9896016119647694,0.001922495804650895,0.006085471577414669,0.00161204850793468,0.01224715927164375,-0.0025310917869606,1824805.680974447,3.000609575982075
586,203.6709274921469,0.9896114329779734,0.001995602417333384,0.006070046580024303,0.001673167972460001,0.01220775198455211,-0.002628749426979902,1824160.784704091,3.000609575982076
587,204.0184888018605,0.9896216185710255,0.002068468973801074,0.006054038264838866,0.001734003728272223,0.01216685775982611,-0.002726218373669196,1823489.495484651,3.000609575982075
588,204.3660501115741,0.989632167016996,0.00214108659419693,0.006037447781081293,0.001794545518044753,0.012124480058726,-0.00282349158334378,1822791.692112548,3.000609575982075
589,204.7136114212876,0.9896430765277515,0.002213446419703588,0.006020276320080348,0.001854783125893699,0.01208062245785396,-0.002920562014691988,1822067.249602788,3.000609575982076
590,205.0611727310012,0.989654345254207,0.002285539613229469,0.006002525115256839,0.001914706378763623,0.01203528864798186,-0.00301742262863973,1821316.03927215,3.000609575982076
591,205.4087340407147,0.9896659712865863,0.002357357360087788,0.005984195442110692,0.001974305147802215,0.01198848243284462,-0.003114066388191803,1820537.928824889,3.000609575982075
592,205.7562953504283,0.9896779526546895,0.002428890868668264,0.005965288618209063,0.002033569349723709,0.01194020772790004,-0.003210486258249152,1819732.782441182,3.000609575982075
593,206.1038566601418,0.9896902873281704,0.002500131371101286,0.00594580600317561,0.002092488948161038,0.01189046855905566,-0.003306675205401356,1818900.460867917,3.000609575982075
594,206.4514179698554,0.9897029732168205,0.002571070123914394,0.005925748998681073,0.00215105395500649,0.01183926906136375,-0.003402626197693527,1818040.821512116,3.000609575982075
595,206.798979279569,0.989716008170862,0.002641698408680859,0.005905119048435345,0.002209254431741002,0.01178661347768502,-0.003498332204366858,1817153.718536703,3.000609575982076
596,207.1465405892826,0.9897293899812475,0.00271200753266018,0.005883917638181153,0.002267080490751834,0.01173250615732205,-0.003593786195572046,1816239.002958863,3.000609575982075
597,207.4941018989961,0.9897431163799689,0.00278198882943032,0.005862146295689552,0.002324522296638905,0.01167695155462313,-0.003688981142054884,1815296.522750607,3.000609575982075
598,207.8416632087097,0.9897571850403734,0.002851633659511516,0.005839806590757378,0.002381570067509503,0.01161995422755759,-0.003783910014813084,1814326.122941844,3.000609575982075
599,208.1892245184232,0.9897715935774866,0.00292093341098148,0.005816900135206841,0.002438214076261775,0.01156151883626343,-0.003878565784723799,1813327.645725717,3.000609575982075
600,208.5367858281368,0.9897863395483449,0.002989879500081839,0.005793428582887431,0.002494444651856591,0.01150165014156809,-0.003972941422140842,1812300.930566163,3.000609575982076
601,208.8843471378503,0.9898014204523338,0.003058463371815653,0.00576939362968033,0.002550252180578503,0.01144035300348338,-0.004067029896461036,1811245.814307867,3.000609575982075
602,209.2319084475639,0.9898168337315342,0.003126676500535869,0.00574479701350551,0.002605627107285417,0.01137763237967554,-0.004160824175658762,1810162.131288288,3.000609575982075
603,209.5794697572775,0.9898325767710771,0.003194510390524529,0.005719640514331711,0.002660559936647352,0.01131349332391132,-0.004254317225788034,1809049.713451903,3.000609575982076
604,209.927031066991,0.9898486468995039,0.003261956576562653,0.005693925954189489,0.002715041234374591,0.01124794098448109,-0.004347502010451316,1807908.390466664,3.000609575982076
605,210.2745923767046,0.9898650413891362,0.003329006624490597,0.005667655197187548,0.00276906162843514,0.01118098060259998,-0.004440371490234241,1806737.989842396,3.000609575982075
606,210.6221536864181,0.9898817574564502,0.003395652131758816,0.005640830149532557,0.002822611810262107,0.01111261751078806,-0.004532918622105574,1805538.337051491,3.000609575982075
607,210.9697149961317,0.989898792262461,0.003461884727968852,0.00561345275955265,0.002875682535950948,0.01104285713123066,-0.004625136358781493,1804309.255651377,3.000609575982075
608,211.3172763058453,0.9899161429131119,0.003527696075404496,0.005585525017724853,0.002928264627447228,0.01097170497411966,-0.004717017648053563,1803050.567409198,3.000609575982075
609,211.6648376155589,0.9899338064596722,0.003593077869552946,0.005557048956706613,0.002980348973725077,0.01089916663597706,-0.004808555432079526,1801762.092428307,3.000609575982075
610,212.0123989252724,0.9899517798991411,0.003658021839615914,0.005528026651371714,0.003031926531956382,0.01082524779796183,-0.004899742646636039,1800443.649276788,3.000609575982076
611,212.3599602349859,0.9899700601746591,0.003722519749010557,0.005498460218850745,0.003082988328671883,0.01074995422416099,-0.00499057222033279,1799095.055117785,3.000609575982075
612,212.7075215446995,0.9899886441759259,0.003786563395860138,0.005468351818576402,0.003133525460913988,0.01067329175986624,-0.005081037073786959,1797716.12584177,3.000609575982075
613,213.0550828544131,0.9900075287396259,0.003850144613474354,0.005437703652333847,0.003183529097381907,0.01059526632983714,-0.005171130118757355,1796306.676200563,3.000609575982076
614,213.4026441641267,0.9900267106498595,0.003913255270819236,0.005406517964316354,0.003232990479569699,0.01051588393655202,-0.005260844257237355,1794866.519943208,3.000609575982075
615,213.7502054738402,0.9900461866385819,0.003975887272976559,0.005374797041186516,0.003281900922897845,0.01043515065844775,-0.005350172380505851,1793395.469953541,3.000609575982076
616,214.0977667835538,0.9900659533860485,0.004038032561592701,0.005342543212143245,0.003330251817838673,0.01035307264814961,-0.005439107368135379,1791893.33838959,3.000609575982075
617,214.4453280932673,0.9900860075212672,0.004099683115316886,0.005309758848994838,0.003378034631036309,0.01026965613069246,-0.005527642086956529,1790359.936824551,3.000609575982075
618,214.7928894029809,0.9901063456224564,0.004160830950228775,0.005276446366238368,0.003425240906421996,0.0101849074017343,-0.005615769389977911,1788795.076389579,3.000609575982075
619,215.1404507126944,0.9901269642175115,0.004221468120255349,0.00524260822114566,0.003471862266325087,0.01009883282576366,-0.00570348211526069,1787198.567918046,3.000609575982075
620,215.488012022408,0.9901478597844757,0.004281586717577064,0.005208246913856142,0.003517890412580732,0.01001143883430193,-0.005790773084746907,1785570.222091651,3.000609575982076
621,215.8355733321216,0.9901690287520202,0.004341178873023255,0.005173364987476831,0.003563317127634689,0.009922731924101943,-0.005877635103040691,1783909.849587844,3.000609575982075
622,216.1831346418352,0.9901904674999277,0.004400236756456738,0.00513796502818977,0.003608134275646289,0.009832718655344254,-0.005964060956141414,1782217.261229097,3.000609575982075
623,216.5306959515487,0.9902121723595857,0.004458752577147645,0.005102049665367162,0.003652333803590116,0.009741405649832195,-0.006050043410128004,1780492.268133482,3.000609575982076
624,216.8782572612623,0.9902341396144839,0.004516718584136462,0.005065621571694525,0.003695907742357426,0.009648799589187299,-0.006135575209793411,1778734.681866972,3.000609575982076
625,217.2258185709758,0.9902563655007202,0.004574127066586278,0.005028683463302175,0.003738848207857927,0.009554907213046386,-0.006220649077228282,1776944.314597042,3.000609575982075
626,217.5733798806894,0.9902788462075112,0.004630970354124271,0.004991238099905316,0.003781147402122999,0.00945973531726174,-0.006305257710352974,1775120.979247947,3.000609575982075
627,217.9209411904029,0.9903015778777114,0.004687240817172436,0.004953288284953067,0.003822797614411344,0.009363290752105714,-0.006389393781397018,1773264.489657301,3.000609575982075
628,218.2685025001165,0.9903245566083375,0.004742930867267601,0.00491483686578675,0.003863791222317536,0.009265580420481579,-0.006473049935324738,1771374.660734248,3.000609575982076
629,218.6160638098301,0.9903477784510998,0.004798032957370769,0.004875886733807739,0.003904120692885174,0.009166611276141694,-0.006556218788206492,1769451.308618933,3.000609575982075
630,218.9636251195436,0.9903712394129408,0.004852539582165839,0.004836440824655219,0.003943778583725076,0.009066390321914855,-0.006638892925534212,1767494.25084344,3.000609575982075
631,219.3111864292572,0.9903949354565795,0.004906443278347741,0.004796502118394193,0.003982757544139836,0.008964924607944333,-0.006721064900480341,1765503.306494219,3.000609575982076
632,219.6587477389707,0.9904188625010637,0.004959736624900088,0.004756073639714056,0.004021050316255631,0.008862221229938272,-0.006802727232099068,1763478.296375724,3.000609575982076
633,220.0063090486843,0.9904430164223273,0.005012412243362408,0.004715158458138107,0.004058649736162822,0.00875828732743395,-0.006883872403469004,1761419.043175667,3.000609575982075
634,220.3538703583979,0.9904673930537568,0.005064462798087041,0.004673759688244344,0.004095548735065915,0.008653130082077925,-0.006964492859775946,1759325.371631436,3.000609575982075
635,220.7014316681114,0.9904919881867623,0.0051158809964858,0.0046318804898979,0.004131740340444477,0.008546756715923573,-0.007044581006334886,1757197.108698011,3.000609575982075
636,221.048992977825,0.9905167975713572,0.005166659589266517,0.004589524068495487,0.004167217677226207,0.008439174489748002,-0.007124129206550064,1755034.083717283,3.000609575982075
637,221.3965542875385,0.9905418169167448,0.005216791370659591,0.004546693675222237,0.004201973968972865,0.008330390701390227,-0.007203129779811892,1752836.128588535,3.000609575982076
638,221.7441155972521,0.9905670418919104,0.005266269178634656,0.00450339260732129,0.004236002539081538,0.008220412684112393,-0.007281574999329815,1750603.077940604,3.000609575982075
639,222.0916769069657,0.9905924681262227,0.005315085895107539,0.004459624208376552,0.004269296812000982,0.008109247804986272,-0.007359457089899726,1748334.769305138,3.000609575982075
640,222.4392382166792,0.9906180912100417,0.005363234446137648,0.00441539186860898,0.004301850314465841,0.007996903463306936,-0.007436768225604938,1746031.043291362,3.000609575982076
641,222.7867995263928,0.9906439066953338,0.005410707802115952,0.00437069902518684,0.004333656676749071,0.007883387089035876,-0.007513500527449423,1743691.743762206,3.000609575982076
642,223.1343608361063,0.9906699100962939,0.005457498977943759,0.00432554916255029,0.004364709633934686,0.007768706141275664,-0.007589646060922224,1741316.718011845,3.000609575982075
643,223.4819221458199,0.9906960968899773,0.005503601033202469,0.00427994581275076,0.004395003027211807,0.007652868106778532,-0.007665196833491758,1738905.816944552,3.000609575982075
644,223.8294834555335,0.990722462516937,0.005549007072314521,0.004233892555805514,0.004424530805191603,0.007535880498491328,-0.007740144792028739,1736458.895255046,3.000609575982076
645,224.177044765247,0.9907490023818702,0.005593710244695746,0.004187393020067832,0.004453287025249077,0.007417750854139015,-0.007814481820156699,1733975.811610237,3.000609575982076
646,224.5246060749606,0.9907757118542729,0.005637703744899386,0.004140450882613267,0.004481265854890438,0.007298486734849723,-0.007888199735528536,1731456.428832421,3.000609575982076
647,224.8721673846742,0.9908025862691021,0.005680980812752008,0.004093069869642389,0.004508461573148297,0.007178095723823563,-0.007961290287028151,1728900.614083909,3.000609575982076
648,225.2197286943877,0.9908296209274471,0.005723534733481612,0.004045253756900512,0.004534868572005946,0.007056585425048397,-0.008033745151895585,1726308.23905316,3.000609575982075
649,225.5672900041013,0.990856811097209,0.0057653588378382,0.003997006370114812,0.004560481357852687,0.006933963462064954,-0.008105555932774759,1723679.180142411,3.000609575982075
650,225.9148513138148,0.9908841520137897,0.005806446502207113,0.003948331585449362,0.004585294552971315,0.006810237476784825,-0.008176714154682095,1721013.3186568,3.000609575982075
651,226.2624126235284,0.9909116388807881,0.005846791148715479,0.003899233329978504,0.004609302897060059,0.006685415128363958,-0.008247211261895118,1718310.540995144,3.000609575982075
652,226.609973933242,0.9909392668707084,0.005886386245332083,0.003849715582179081,0.004632501248790469,0.006559504092135172,-0.008317038614759534,1715570.738842147,3.000609575982075
653,226.9575352429555,0.9909670311256747,0.00592522530596106,0.003799782372442003,0.004654884587402802,0.006432512058603007,-0.008386187486413545,1712793.80936237,3.000609575982075
654,227.3050965526691,0.9909949267581575,0.005963301890529756,0.003749437783603643,0.004676448014340949,0.006304446732504397,-0.008454649059428106,1709979.655395769,3.000609575982075
655,227.6526578623827,0.9910229488517092,0.006000609605071183,0.003698685951497584,0.004697186754928825,0.006175315831938805,-0.008522414422361924,1707128.185654892,3.000609575982075
656,228.0002191720962,0.9910510924617097,0.006037142101801499,0.003647531065527214,0.00471709616008955,0.006045127087571726,-0.00858947456622979,1704239.314923893,3.000609575982075
657,228.3477804818098,0.9910793526161229,0.006072893079192946,0.003595977369259698,0.004736171708110062,0.005913888241915385,-0.008655820380883179,1701312.964259241,3.000609575982076
658,228.6953417915234,0.9911077243162633,0.006107856282042726,0.003544029161041863,0.004754409006452093,0.005781607048691043,-0.008721442651301654,1698349.061192197,3.000609575982076
659,229.0429031012369,0.9911362025375738,0.006142025501538336,0.003491690794638513,0.004771803793612277,0.005648291272276933,-0.008786332053794099,1695347.539933239,3.000609575982075
660,229.3904644109505,0.9911647822304153,0.006175394575319844,0.003438966679893745,0.004788351941032998,0.005513948687246605,-0.008850479152108426,1692308.341578312,3.000609575982075
661,229.738025720664,0.9911934583208666,0.00620795738753971,0.003385861283415784,0.004804049455065752,0.005378587078002234,-0.008913874393448717,1689231.414317021,3.000609575982075
662,230.0855870303776,0.991222225711538,0.006239707868920698,0.003332379129285926,0.004818892478989216,0.005242214238507985,-0.008976508104398583,1686116.713642826,3.000609575982075
663,230.4331483400911,0.9912510792823952,0.006270639996812509,0.003278524799792122,0.004832877295083977,0.005104837972128387,-0.009038370486749814,1682964.202565316,3.000609575982075
664,230.7807096498047,0.9912800138915973,0.006300747795247774,0.003224302936187801,0.004846000326765998,0.0049664660915772,-0.009099451613235238,1679773.851824554,3.000609575982075
665,231.1282709595183,0.9913090243763468,0.006330025334998087,0.003169718239476484,0.004858258140780515,0.004827106418982497,-0.009159741423164756,1676545.640107545,3.000609575982075
666,231.4758322692319,0.9913381055537538,0.006358466733630792,0.00311477547122279,0.004869647449458798,0.004686766786073552,-0.009219229717963871,1673279.554266979,3.000609575982075
667,231.8233935789454,0.9913672522217125,0.006386066155567256,0.003059479454390406,0.004880165113039559,0.00454545503449592,-0.009277906156613738,1669975.589542228,3.000609575982075
668,232.1709548886589,0.9913964591597937,0.006412817812143441,0.003003835074207606,0.004889808142057173,0.00440317901626085,-0.009335760250992144,1666633.749782627,3.000609575982076
669,232.5185161983725,0.9914257211301494,0.00643871596167356,0.002947847279060947,0.00489857369979832,0.004259946594336017,-0.009392781361114662,1663254.047673302,3.000609575982075
670,232.8660775080861,0.9914550328784346,0.006463754909517731,0.002891521081417693,0.004906459104830024,0.004115765643384141,-0.009448958690275686,1659836.504963266,3.000609575982076
671,233.2136388177996,0.9914843891347435,0.006487929008154483,0.002834861558777605,0.004913461833599891,0.003970644050657125,-0.009504281280088737,1656381.152696163,3.000609575982076
672,233.5612001275132,0.9915137846145604,0.0065112326572591,0.002777873854654679,0.004919579523111589,0.003824589717053018,-0.009558738005425994,1652888.031443642,3.000609575982075
673,233.9087614372268,0.9915432140197288,0.006533660303788802,0.002720563179589445,0.0049248099736767,0.003677610558343984,-0.009612317569256772,1649357.191541319,3.000609575982075
674,234.2563227469404,0.9915726720394358,0.006555206442075781,0.002662934812192424,0.004929151151745717,0.003529714506583197,-0.00966500849738521,1645788.693327486,3.000609575982076
675,234.6038840566539,0.9916021533512142,0.006575865613929219,0.002604994100219353,0.004932601192819348,0.003380909511699621,-0.00971679913308723,1642182.60738468,3.000609575982075
676,234.9514453663674,0.991631652621962,0.006595632408747417,0.00254674646167877,0.004935158404442659,0.003231203543289361,-0.009767677631647369,1638539.014784099,3.000609575982075
677,235.299006676081,0.9916611645089801,0.006614501463641244,0.002488197385972567,0.004936821269283189,0.003080604592613192,-0.009817631954796019,1634858.007332989,3.000609575982075
678,235.6465679857945,0.9916906836610294,0.006632467463570183,0.00242935243507008,0.004937588448295686,0.002929120674809787,-0.009866649865048096,1631139.687825001,3.000609575982075
679,235.9941292955081,0.9917202047194054,0.006649525141492257,0.002370217244716347,0.004937458783974526,0.00277675983133493,-0.00991471891994423,1627384.17029376,3.000609575982075
680,236.3416906052217,0.9917497223190342,0.006665669278529265,0.002310797525675062,0.004936431303695482,0.00262353013263736,-0.009961826466195872,1623591.580269467,3.000609575982075
681,236.6892519149353,0.9917792310895883,0.006680894704148728,0.002251099065006824,0.004934505223148836,0.002469439681082079,-0.0100079596337362,1619762.055038861,3.000609575982076
682,237.0368132246488,0.9918087256566224,0.0066951962963641,0.002191127727383235,0.004931679949865103,0.002314496614132655,-0.01005310532967876,1615895.74390843,3.000609575982075
683,237.3843745343624,0.9918382006427311,0.006708568981954798,0.002130889456437381,0.004927955086834439,0.002158709107804606,-0.01009725023218635,1611992.808471082,3.000609575982075
684,237.7319358440759,0.9918676506687295,0.006721007736707725,0.002070390276151239,0.00492333043622162,0.002002085380401819,-0.01014038078425303,1608053.422876138,3.000609575982076
685,238.0794971537895,0.9918970703548543,0.006732507585682008,0.002009636292280506,0.004917806003177046,0.001844633696549501,-0.01018248318740229,1604077.774103033,3.000609575982075
686,238.427058463503,0.9919264543219897,0.006743063603498771,0.001948633693817353,0.004911381999745233,0.001686362371536425,-0.01022354339530532,1600066.06223846,3.000609575982075
687,238.7746197732166,0.9919557971929163,0.006752670914657824,0.001887388754491551,0.004904058848871572,0.001527279775980647,-0.01026354710732348,1596018.500757219,3.000609575982075
688,239.1221810829302,0.9919850935935836,0.006761324693883256,0.001825907834310439,0.004895837188507605,0.001367394340833132,-0.01030247976197958,1591935.316806895,3.000609575982075
689,239.4697423926437,0.992014338154409,0.006769020166499986,0.001764197381138109,0.004886717875815813,0.001206714562733955,-0.01034032653036338,1587816.751496088,3.000609575982075
690,239.8173037023573,0.9920435255116005,0.006775752608843434,0.00170226393231421,0.004876701991473761,0.001045249009736796,-0.0103770723094772,1583663.06018672,3.000609575982075
691,240.1648650120709,0.9920726503085062,0.006781517348704553,0.001640114116312695,0.004865790844077901,0.0008830063274174381,-0.01041270171552802,1579474.512790077,3.000609575982075
692,240.5124263217844,0.9921017071969913,0.006786309765812579,0.001577754654440822,0.004853985974646371,0.0007199952453831223,-0.01044719907717351,1575251.39406678,3.000609575982075
693,240.859987631498,0.9921306908388399,0.006790125292357934,0.001515192362578645,0.004841289161220832,0.0005562245841994712,-0.01048054842872992,1570994.003930901,3.000609575982075
694,241.2075489412115,0.9921595959071874,0.006792959413557839,0.001452434152959215,0.004827702423566041,0.0003917032627529572,-0.01051273350335047,1566702.657757838,3.000609575982075
695,241.5551102509251,0.9921884170879797,0.006794807668267294,0.001389487035989624,0.004813228027966174,0.0002264403060668302,-0.01054373772618419,1562377.686696424,3.000609575982076
696,241.9026715606387,0.9922171490814611,0.006795665649638185,0.00132635812211299,0.00479786849211639,6.044485358948206e-05,-0.01057354420752546,1558019.437985062,3.000609575982076
697,242.2502328703522,0.992245786603693,0.006795529005829411,0.001263054623711388,0.004781626590107737,-0.0001062738320257308,-0.0106021357359661,1553628.275271859,3.000609575982076
698,242.5977941800658,0.9922743243881018,0.006794393440771026,0.001199583857049698,0.004764505357503166,-0.0002737063556291599,-0.01062949477156238,1549204.578938904,3.000609575982075
699,242.9453554897793,0.9923027571870575,0.006792254714985496,0.001135953244260223,0.00474650809650124,-0.0004418431797515977,-0.01065560343903073,1544748.746430626,3.000609575982075
700,243.2929167994929,0.9923310797734831,0.006789108646469353,0.001072170315367858,0.004727638381185636,-0.0006106746142287697,-0.01068044352098715,1540261.192586244,3.000609575982075
701,243.6404781092065,0.992359286942497,0.006784951111638565,0.001008242710355521,0.004707900062855113,-0.0007801908052514345,-0.01070399645124624,1535742.349976124,3.000609575982076
702,243.9880394189201,0.9923873735130857,0.006779778046341156,0.0009441781812694212,0.004687297275430475,-0.000950381723819798,-0.01072624330819757,1531192.669242285,3.000609575982075
703,244.3356007286336,0.9924153343298103,0.006773585446940693,0.0008799845943636469,0.004665834440933624,-0.001121237153579866,-0.01074716480827817,1526612.619442786,3.000609575982075
704,244.6831620383472,0.9924431642645457,0.006766369371474395,0.0008156699322834503,0.004643516275032183,-0.001292746678018716,-0.01076674129956149,1522002.688399952,3.000609575982075
705,245.0307233480607,0.9924708582182523,0.006758125940889774,0.0007512422962864569,0.004620347792644919,-0.001464899666996226,-0.01078495275548497,1517363.383052497,3.000609575982075
706,245.3782846577743,0.9924984111227828,0.006748851340363848,0.0006867099085008942,0.004596334313599359,-0.001637685262589224,-0.01080177876873979,1512695.229811222,3.000609575982075
707,245.7258459674878,0.992525817942722,0.006738541820709096,0.0006220811142198286,0.004571481468334558,-0.00181109236422476,-0.01081719854534822,1507998.774918347,3.000609575982075
708,246.0734072772014,0.9925530736772605,0.006727193699870489,0.0005573643842301592,0.004545795203640335,-0.001985109613078425,-0.01083119089895601,1503274.584810323,3.000609575982076
709,246.420968586915,0.9925801733621047,0.006714803364518059,0.0004925683171750348,0.00451928178842316,-0.002159725375713956,-0.01084373424536891,1498523.24648374,3.000609575982075
710,246.7685298966285,0.9926071120714182,0.006701367271739603,0.0004277016419481259,0.004491947819488144,-0.002334927726939423,-0.0108548065973649,1493745.367864583,3.000609575982075
711,247.1160912063421,0.9926338849198006,0.0066868819508383,0.0003627732201180043,0.004463800227325741,-0.002510704431856517,-0.01086438555981552,1488941.578180124,3.000609575982075
712,247.4636525160557,0.9926604870643001,0.006671344005240117,0.0002977920483806827,0.004434846281890355,-0.002687042927078615,-0.0108724483251521,1484112.528333556,3.000609575982075
713,247.8112138257692,0.9926869137064595,0.006654750114516057,0.000232767261038131,0.004405093598357201,-0.002863930301093793,-0.01087897166921529,1479258.891280993,3.000609575982075
714,248.1587751354828,0.9927131600943975,0.006637097036524426,0.0001677081325003642,0.004374550142842311,-0.003041353273749572,-0.01088393194752837,1474381.362410564,3.000609575982075
715,248.5063364451964,0.9927392215249246,0.006618381609678438,0.0001026240798084385,0.004343224238069531,-0.003219298174836107,-0.01088730509203784,1469480.659923156,3.000609575982075
716,248.8538977549099,0.992765093345691,0.006598600755344624,3.752466517541034e-05,0.004311124568966908,-0.003397750921745867,-0.01088906660836732,1464557.525214664,3.000609575982075
717,249.2014590646235,0.9927907709573693,0.006577751480377622,-2.758040145791394e-05,0.0042782601881734,-0.003576696996187797,-0.01088919157363361,1459612.723259101,3.000609575982075
718,249.549020374337,0.9928162498158694,0.006555830879797064,-9.268125985600705e-05,0.004244640521435614,-0.003756121419935709,-0.01088765463487673,1454647.042992304,3.000609575982076
719,249.8965816840506,0.9928415254345838,0.006532836139612398,-0.0001577678969142218,0.00421027537287235,-0.003936008729591392,-0.01088443000815902,1449661.297695715,3.000609575982076
720,250.2441429937641,0.9928665933866667,0.006508764539801592,-0.0002228301440811519,0.004175174930083572,-0.004116342950344068,-0.01087949147839101,1444656.325379608,3.000609575982075
721,250.5917043034777,0.9928914493073409,0.006483613457449757,-0.0002878576747822754,0.004139349769078309,-0.004297107568710155,-0.01087281239994573,1439632.989165298,3.000609575982075
722,250.9392656131913,0.9929160888962337,0.006457380370053851,-0.0003528400018497905,0.004102810858994565,-0.004478285504238451,-0.01086436569812582,1434592.17766574,3.000609575982076
723,251.2868269229049,0.9929405079197423,0.006430062858999669,-0.0004177664749639377,0.004065569566582451,-0.004659859080168368,-0.01085412387155165,1429534.805363629,3.000609575982075
724,251.6343882326184,0.9929647022134225,0.006401658613217421,-0.0004826262781115323,0.004027637660419564,-0.00484180999303107,-0.01084205899554204,1424461.812986564,3.000609575982075
725,251.981949542332,0.9929886676844032,0.006372165433022243,-0.0005474084270678707,0.003989027314826282,-0.005024119281186378,-0.01082814272656269,1419374.167878293,3.000609575982076
726,252.3295108520455,0.9930124003138241,0.006341581234146001,-0.000612101766908602,0.003949751113446032,-0.005206767292291006,-0.01081234630782118,1414272.864365116,3.000609575982076
727,252.677072161759,0.9930358961592916,0.006309904051966808,-0.0006766949695587013,0.003909822052454062,-0.005389733649697655,-0.01079464057609087,1409158.924116864,3.000609575982075
728,253.0246334714726,0.9930591513573545,0.00627713204594262,-0.0007411765313861217,0.003869253543355683,-0.005572997217787684,-0.01077499596985012,1404033.396501053,3.000609575982076
729,253.3721947811862,0.9930821621259942,0.006243263504255263,-0.0008055347708482647,0.003828059415333365,-0.005756536066245314,-0.01075338253882631,1398897.358929507,3.000609575982075
730,253.7197560908998,0.9931049247671278,0.006208296848671214,-0.0008697578261999444,0.003786253917099348,-0.005940327433284632,-0.01072976995503856,1393751.91719614,3.000609575982076
731,254.0673174006133,0.9931274356691204,0.006172230639625309,-0.0009338336532720964,0.003743851718208652,-0.006124347687847528,-0.01070412752543602,1388598.20580469,3.000609575982075
732,254.4148787103269,0.9931496913093045,0.006135063581533498,-0.0009977500233310671,0.003700867909785057,-0.00630857229079487,-0.01067642420623265,1383437.388285251,3.000609575982076
733,254.7624400200404,0.9931716882564998,0.006096794528340561,-0.001061494521028943,0.00365731800461049,-0.006492975755120542,-0.01064662861904247,1378270.657498215,3.000609575982075
734,255.110001329754,0.9931934231735338,0.006057422489308542,-0.001125054542455991,0.003613217936525731,-0.00667753160522385,-0.01061470906892297,1373099.235924022,3.000609575982076
735,255.4575626394675,0.9932148928197552,0.006016946635051383,-0.001188417293306963,0.0035685840590891,-0.006862212335284047,-0.01058063356443711,1367924.375937386,3.000609575982076
736,255.8051239491811,0.9932360940535374,0.005975366303820993,-0.001251569787173661,0.003523433143436745,-0.00704698936678779,-0.01054436983984752,1362747.360064323,3.000609575982075
737,256.1526852588947,0.9932570238347669,0.005932681008049642,-0.001314498843976869,0.003477782375286589,-0.00723183300526954,-0.01050588537955912,1357569.501220175,3.000609575982075
738,256.5002465686082,0.9932776792273101,0.005888890441153178,-0.001377191088551418,0.0034316493510263,-0.0074167123963337,-0.01046514744492853,1352392.142926993,3.000609575982075
739,256.8478078783218,0.9932980574014553,0.00584399448459913,-0.001439632949398943,0.003385052072823777,-0.007601595481037682,-0.01042212310356069,1347216.659508222,3.000609575982076
740,257.1953691880354,0.9933181556363209,0.005797993215243264,-0.001501810657623513,0.003338008942696388,-0.007786448950724758,-0.01037677926121482,1342044.456258786,3.000609575982075
741,257.5429304977489,0.9933379713222261,0.005750886912937579,-0.001563710246066146,0.003290538755475083,-0.007971238201407792,-0.01032908269644229,1336876.969588467,3.000609575982075
742,257.8904918074625,0.9933575019630155,0.005702676068412098,-0.00162531754865488,0.003242660690596947,-0.008155927287816179,-0.01027900009808001,1331715.667136363,3.000609575982075
743,258.238053117176,0.9933767451783305,0.005653361391432116,-0.001686618199987861,0.003194394302659826,-0.008340478877231078,-0.01022649810572222,1326562.047854194,3.000609575982075
744,258.5856144268896,0.9933956987058213,0.00560294381923173,-0.001747597635167609,0.003145759510670937,-0.008524854203247249,-0.01017154335329299,1321417.642055966,3.000609575982075
745,258.9331757366032,0.99341436040329,0.005551424525223681,-0.001808241089905365,0.00309677658592283,-0.008709013019614431,-0.01011410251583944,1316284.011431627,3.000609575982075
746,259.2807370463167,0.9934327282507569,0.005498804927984506,-0.001868533600915139,0.003047466138427604,-0.008892913554324268,-0.01005414235966363,1311162.749022054,3.000609575982075
747,259.6282983560303,0.9934508003524414,0.005445086700513028,-0.001928460006617738,0.002997849101843181,-0.009076512464126135,-0.00999162979590674,1306055.479152761,3.000609575982076
748,259.9758596657438,0.9934685749386484,0.005390271779759004,-0.001988004948175766,0.00294794671682483,-0.009259764789668942,-0.009926531937694763,1300963.857323458,3.000609575982075
749,260.3234209754574,0.9934860503675494,0.005334362376417573,-0.002047152870881198,0.002897780512736968,-0.009442623911483717,-0.009858816160948866,1295889.570050825,3.000609575982076
750,260.670982285171,0.9935032251268501,0.005277360984983797,-0.002105888025917718,0.00284737228766315,-0.009625041507038242,-0.009788450168956042,1290834.334661361,3.000609575982076
751,261.0185435948845,0.9935200978353327,0.00521927039406014,-0.002164194472520576,0.002796744086653188,-0.009806967509111862,-0.009715402060787274,1285799.899031364,3.000609575982075
752,261.3661049045981,0.9935366672442631,0.00516009369690822,-0.002222056080557201,0.002745918178151233,-0.009988350065756239,-0.009639640403640111,1280788.041271104,3.000609575982075
753,261.7136662143117,0.9935529322386515,0.005099834302234494,-0.00227945653355224,0.002694917028551841,-0.01016913550212587,-0.009561134309170601,1275800.569349911,3.000609575982075
754,262.0612275240252,0.9935688918383545,0.005038495945197831,-0.002336379332181022,0.002643763274836404,-0.0103492682844795,-0.009479853513866156,1270839.320659085,3.000609575982075
755,262.4087888337388,0.9935845451990091,0.004976082698625024,-0.002392807798255737,0.002592479695247431,-0.01052869098667094,-0.009395768463495678,1265906.161509403,3.000609575982075
756,262.7563501434523,0.9935998916127841,0.00491259898441837,-0.002448725079228775,0.002541089177965662,-0.01070734425946644,-0.009308850401655615,1261002.98656,3.000609575982075
757,263.1039114531659,0.993614930508939,0.004848049585137386,-0.002504114153237696,0.002489614687761618,-0.01088516680304085,-0.009219071462412097,1256131.718175386,3.000609575982076
758,263.4514727628795,0.9936296614541771,0.004782439655734529,-0.002558957834716312,0.002438079230602453,-0.01106209534302332,-0.009126404767017262,1251294.305707385,3.000609575982075
759,263.799034072593,0.9936440841527805,0.004715774735422573,-0.002613238780596076,0.002386505816204083,-0.011238064610477,-0.009030824524655213,1246492.724698758,3.000609575982076
760,264.1465953823066,0.9936581984465164,0.004648060759648943,-0.0026669394971217,0.002334917418529344,-0.01141300732621285,-0.008932306137146993,1241728.976005298,3.000609575982075
761,264.4941566920202,0.9936720043142988,0.004579304072149825,-0.002720042347304384,0.002283336934244993,-0.0115868541898504,-0.008830826307516597,1237005.084833551,3.000609575982075
762,264.8417180017337,0.9936855018715984,0.004509511437054469,-0.002772529559035365,0.002231787139162109,-0.01175953387404954,-0.008726363152290032,1232323.099690737,3.000609575982075
763,265.1892793114473,0.9936986913695842,0.004438690051007411,-0.002824383233881667,0.002180290642699867,-0.01193097302434785,-0.008618896317367267,1227685.091244376,3.000609575982075
764,265.5368406211608,0.9937115731939878,0.004366847555273836,-0.002875585356584819,0.002128869840426662,-0.0121010962650446,-0.008508407097272781,1223093.151088626,3.000609575982075
765,265.8844019308744,0.9937241478636785,0.004293992047790548,-0.002926117805282104,0.002077546864748464,-0.01226982621157781,-0.00839487855755441,1218549.390414827,3.000609575982075
766,266.231963240588,0.9937364160289379,0.004220132095122446,-0.002975962362468346,0.002026343533832525,-0.01243708348984276,-0.008278295660061547,1214055.938583795,3.000609575982075
767,266.5795245503015,0.9937483784694243,0.004145276744281602,-0.00302510072671457,0.001975281298871769,-0.01260278676289934,-0.008158645390793957,1209614.941597861,3.000609575982075
768,266.9270858600151,0.9937600360918174,0.004069435534363485,-0.003073514525157872,0.001924381189814462,-0.01276685276551023,-0.008035916889971078,1205228.560470448,3.000609575982075
769,267.2746471697286,0.9937713899271334,0.003992618507952184,-0.00312118532677462,0.001873663759703611,-0.01292919634694395,-0.00791010158392841,1200898.969491944,3.000609575982076
770,267.6222084794422,0.9937824411277049,0.003914836222243969,-0.003168094656446619,0.001823149027791701,-0.01308973052246357,-0.00778119331840332,1196628.35439025,3.000609575982075
771,267.9697697891557,0.9937931909638159,0.00383609975983603,-0.003214224009827139,0.001772856421616921,-0.01324836653390445,-0.007649188492728049,1192418.91038531,3.000609575982075
772,268.3173310988693,0.9938036408199897,0.003756420739124908,-0.003259554869010659,0.001722804718248157,-0.01340501391972151,-0.007514086194402288,1188272.840136943,3.000609575982075
773,268.6648924085829,0.9938137921909221,0.003675811324256924,-0.003304068719006933,0.001673011984929729,-0.01355958059486006,-0.007375888333471768,1184192.351585994,3.000609575982076
774,269.0124537182965,0.9938236466770592,0.003594284234570908,-0.003347747065016351,0.001623495519376546,-0.01371197294076991,-0.00723459977609508,1180179.655689139,3.000609575982076
775,269.36001502801,0.9938332059798177,0.003511852753471698,-0.003390571450499831,0.001574271789993482,-0.01386209590584464,-0.007090228476636345,1176236.964048238,3.000609575982075
776,269.7075763377236,0.9938424718964487,0.003428530736671394,-0.003432523476032297,0.00152535637631321,-0.01400985311652313,-0.006942785607579303,1172366.486435606,3.000609575982075
777,270.0551376474371,0.9938514463145459,0.003344332619733966,-0.003473584818924548,0.001476763909967808,-0.01415514699923996,-0.006792285686517472,1168570.428217358,3.000609575982075
778,270.4026989571507,0.9938601312062044,0.003259273424857992,-0.003513737253593691,0.001428508016528252,-0.01429787891335514,-0.006638746699437765,1164850.987677235,3.000609575982075
779,270.7502602668642,0.9938685286218345,0.003173368766831621,-0.003552962672657555,0.001380601258564416,-0.01443794929513091,-0.006482190219480503,1161210.353244278,3.000609575982075
780,271.0978215765778,0.9938766406836399,0.003086634858093671,-0.003591243108723538,0.001333055080294447,-0.01457525781275554,-0.006322641520328572,1157650.700628207,3.000609575982075
781,271.4453828862914,0.9938844695787705,0.002999088512835025,-0.003628560756837137,0.00128587975420732,-0.01470970353234046,-0.006160129683352612,1154174.189867114,3.000609575982076
782,271.792944196005,0.9938920175521632,0.002910747150075103,-0.003664897997550227,0.001239084330052905,-0.01484118509473707,-0.005994687697620668,1150782.962292691,3.000609575982075
783,272.1405055057185,0.9938992868990855,0.002821628795649399,-0.003700237420563672,0.001192676586605244,-0.014969600902937,-0.005826352551865045,1147479.137418989,3.000609575982076
784,272.4880668154321,0.9939062799574006,0.002731752083045736,-0.003734561848893485,0.001146662986609545,-0.01509484931973037,-0.005655165317493951,1144264.809761467,3.000609575982075
785,272.8356281251456,0.9939129990995725,0.002641136253029117,-0.003767854363504245,0.001101048635326657,-0.01521682887520466,-0.005481171221735858,1141142.045593773,3.000609575982076
786,273.1831894348592,0.9939194467244368,0.002549801151997792,-0.003800098328348098,0.001055837243087657,-0.01533543848357188,-0.005304419710013808,1138112.879650275,3.000609575982075
787,273.5307507445727,0.9939256252487584,0.002457767229016571,-0.003831277415742255,0.001011031092267966,-0.01545057766871524,-0.005124964496663728,1135179.311783391,3.000609575982075
788,273.8783120542863,0.9939315370986086,0.002365055531477306,-0.003861375632012758,0.0009666310090784995,-0.01556214679774676,-0.004942863603139883,1132343.30358505,3.000609575982075
789,274.2258733639999,0.9939371847005861,0.002271687699340991,-0.003890377343327188,0.000922636340560626,-0.01567004732177028,-0.004758179382885486,1129606.774982834,3.000609575982076
790,274.5734346737134,0.9939425704729195,0.0021776859579211,-0.003918267301634278,0.0008790449371518531,-0.01577418202294593,-0.004570978532094538,1126971.600821194,3.000609575982075
791,274.920995983427,0.9939476968164807,0.002083073109173359,-0.003945030670623878,0.0008358531411673979,-0.01587445526685793,-0.00438133208564685,1124439.607439653,3.000609575982075
792,275.2685572931405,0.9939525661057503,0.00198787252146352,-0.003970653051616669,0.0007930557815137656,-0.01597077325909475,-0.004189315397566554,1122012.569259566,3.000609575982075
793,275.6161186028541,0.9939571806797688,0.001892108117791395,-0.00399512050928931,0.0007506461749199567,-0.01606304430486561,-0.003995008105429972,1119692.205392292,3.000609575982075
794,275.9636799125677,0.9939615428331162,0.001795804362456719,-0.004018419597137578,0.00070861613393338,-0.01615117907039557,-0.003798494078236885,1117480.176281283,3.000609575982075
795,276.3112412222812,0.9939656548069601,0.001698986246160166,-0.004040537382577408,0.0006669559818865988,-0.01623509084476954,-0.003599861347354873,1115378.080391691,3.000609575982075
796,276.6588025319948,0.9939695187802142,0.001601679269540954,-0.004061461471581716,0.0006256545749955129,-0.01631469580083155,-0.003399202020251414,1113387.450960718,3.000609575982076
797,277.0063638417084,0.9939731368608512,0.001503909425160995,-0.004081180032749534,0.0005846993316993984,-0.01638991325369201,-0.003196612176842127,1111509.752822569,3.000609575982075
798,277.3539251514219,0.9939765110774117,0.001405703177954328,-0.004099681820703298,0.00054407626930109,-0.0164606659153542,-0.002992191748402314,1109746.379321765,3.000609575982075
799,277.7014864611355,0.9939796433707555,0.001307087444169555,-0.004116956198710191,0.0005037700479082705,-0.01652688014394145,-0.002786044379116407,1108098.649328465,3.000609575982075
800,278.049047770849,0.9939825355860962,0.001208089568842168,-0.004132993160424299,0.0004637640216197873,-0.01658848618599095,-0.002578277270469767,1106567.804369668,3.000609575982075
801,278.3966090805627,0.9939851894653637,0.001108737301842776,-0.004147783350647916,0.0004240402968401466,-0.01664541841027921,-0.002369001008821039,1105155.00588953,3.000609575982075
802,278.7441703902762,0.9939876066399363,0.001009058772556456,-0.004161318085012816,0.0003845797975431211,-0.01669761553165721,-0.002158329376630768,1103861.332652126,3.000609575982076
803,279.0917316999897,0.9939897886237827,0.0009090824632574096,-0.004173589368485515,0.0003453623372464291,-0.01674502082340375,-0.001946379147955394,1102687.778299194,3.000609575982076
804,279.4392930097033,0.9939917368070544,0.000808837181251954,-0.004184589912604607,0.0003063666973955819,-0.01678758231664973,-0.001733269868952707,1101635.249075076,3.000609575982075
805,279.7868543194169,0.9939934524501643,0.0007083520298712974,-0.004194313151363137,0.0002675707117972247,-0.01682525298548766,-0.00151912362427476,1100704.561730477,3.000609575982075
806,280.1344156291304,0.9939949366783873,0.0006076563784036557,-0.00420275325565454,0.0002289513566846751,-0.01685799091645694,-0.001304064790350317,1099896.441615707,3.000609575982076
807,280.481976938844,0.9939961904770158,0.0005067798310628164,-0.004209905146207089,0.0001904848459413331,-0.0168857594611866,-0.001088219776680784,1099211.520973273,3.000609575982075
808,280.8295382485575,0.9939972146870978,0.0004057521950972137,-0.004215764504938799,0.0001521467309611081,-0.01690852737108355,-0.0008717167563808334,1098650.337439059,3.000609575982075
809,281.1770995582711,0.9939980100017847,0.0003046034481499268,-0.004220327784672428,0.0001139120045736651,-0.01692626891307266,-0.0006546853873009664,1098213.332759907,3.000609575982075
810,281.5246608679847,0.9939985769633111,0.0002033637049854952,-0.004223592217158502,7.575520842546357e-05,-0.01693896396552648,-0.0004372565251547082,1097900.851734557,3.000609575982075
811,281.8722221776982,0.9939989159606258,0.0001020631837042492,-0.004225555819362987,3.765054316871494e-05,-0.0169465980936634,-0.0002195619301532821,1097713.141383584,3.000609575982075
812,282.2197834874118,0.9939990272276878,7.321715686848581e-07,-0.004226217397985461,-4.280192162223006e-07,-0.01694916260384416,-1.733968712615143e-06,1097650.350353055,3.000609575982075
813,282.5673447971253,0.9939989108424383,-0.0001005990094306477,-0.004225576552183131,-3.85066216631028e-05,-0.01694665457635352,0.0002160946881548063,1097712.528554991,3.000609575982076
814,282.9149061068389,0.993998566726456,-0.000201900037140255,-0.004223633674485744,-7.661140753894267e-05,-0.01693907687641715,0.0004337913681170378,1097899.627046641,3.000609575982075
815,283.2624674165525,0.9939979946452971,-0.0003031406238093816,-0.004220389949896441,-0.0001147684061606014,-0.01692643814336959,0.0006512237008067498,1098211.498149318,3.000609575982075
816,283.610028726266,0.9939971942095174,-0.0004042905505257662,-0.004215847353183417,-0.0001530034190288088,-0.01690875275805593,0.0008682599194499386,1098647.895806073,3.000609575982075
817,283.9575900359796,0.9939961648763712,-0.0005053197013920168,-0.004210008644377271,-0.0001913419074920448,-0.01688604078871618,0.001084769159193659,1099208.476176207,3.000609575982075
818,284.3051513456932,0.9939949059521762,-0.0006061980973150869,-0.004202877362498599,-0.0002298088825381508,-0.01685832791576362,0.001300621750519248,1099892.798463458,3.000609575982075
819,284.6527126554067,0.9939934165953279,-0.0007068959292843145,-0.004194457817549914,-0.0002684287973901015,-0.0168256453360266,0.001515689506175115,1100700.325973345,3.000609575982075
820,285.0002739651203,0.9939916958199477,-0.0008073835910172892,-0.004184755080815196,-0.0003072254435511506,-0.01678802964717327,0.001729846000127737,1101630.427393804,3.000609575982075
821,285.3478352748338,0.9939897425001398,-0.0009076317108575979,-0.004173774973519052,-0.000346221850911375,-0.01674552271318056,0.001942966837105141,1102682.378292408,3.000609575982075
822,285.6953965845474,0.9939875553748317,-0.001007611182813994,-0.004161524053905821,-0.0003854401924862302,-0.01669817151183995,0.00215492991139669,1103855.36282211,3.000609575982075
823,286.042957894261,0.9939851330531699,-0.001107293196636887,-0.004148009602806558,-0.0004249016943101476,-0.01664602796541123,0.00236561565367538,1105148.475626446,3.000609575982075
824,286.3905192039745,0.9939824740204367,-0.001206649266834952,-0.004133239607768947,-0.0004646265509578377,-0.01658914875564146,0.002574907264719676,1106560.723934418,3.000609575982076
825,286.7380805136881,0.9939795766444551,-0.001305651260542286,-0.004117222745831537,-0.0005046338471129039,-0.01652759512445812,0.002782690935030014,1108091.029834113,3.000609575982075
826,287.0856418234016,0.9939764391824429,-0.001404271424154545,-0.004099968365029301,-0.0005449414855426961,-0.01646143266172151,0.002988856049464032,1109738.232713737,3.000609575982076
827,287.4332031331152,0.9939730597882779,-0.001502482408660989,-0.00408148646472239,-0.0005855661217823379,-0.01639073108148305,0.003193295376143078,1111501.09185771,3.000609575982076
828,287.7807644428287,0.9939694365201329,-0.001600257293608171,-0.004061787674844043,-0.0006265231057661278,-0.01631556398824104,0.003395905239019385,1113378.289185205,3.000609575982075
829,288.1283257525423,0.993965567348439,-0.001697569609639983,-0.004040883234166788,-0.0006678264305864217,-0.01623600863471521,0.003596585673627683,1115368.43211804,3.000609575982075
830,288.4758870622559,0.9939614501641317,-0.001794393359567951,-0.004018784967688599,-0.000709488688496207,-0.01615214567267526,0.003795240565681604,1117470.056564534,3.000609575982075
831,288.8234483719694,0.9939570827871416,-0.001890703037934838,-0.003995505263242221,-0.000751521034213419,-0.01606405889835741,0.00399177777230906,1119681.630005323,3.000609575982076
832,289.171009681683,0.9939524629750786,-0.001986473649043741,-0.003971057047431789,-0.0007939331555248722,-0.01597183499398757,0.004186109225851818,1122001.554667957,3.000609575982075
833,289.5185709913966,0.9939475884320735,-0.002081680723433883,-0.003945453761000847,-0.0008367332511332488,-0.01587556326690039,0.004378151020279997,1124428.170775879,3.000609575982075
834,289.8661323011101,0.9939424568177296,-0.002176300332793073,-0.003918709333735307,-0.0008799280156365062,-0.01577533538770165,0.004567823480392858,1126959.759858467,3.000609575982075
835,290.2136936108237,0.9939370657561418,-0.002270309103305315,-0.003890838159003429,-0.0009235226314794309,-0.01567124512886812,0.004755051214090105,1129594.548108618,3.000609575982076
836,290.5612549205372,0.9939314128449457,-0.002363684227440182,-0.003861855068032955,-0.0009675207676719938,-0.01556338810511537,0.004939763148103017,1132330.709774391,3.000609575982075
837,290.9088162302508,0.9939254956643533,-0.002456403474198334,-0.003831775304022865,-0.001011924585026773,-0.0154518615167912,0.005121892547671079,1135166.370572065,3.000609575982075
838,291.2563775399644,0.9939193117861389,-0.002548445197834843,-0.003800614496184077,-0.001056734747631538,-0.01533676389747246,0.005301377020736765,1138099.61110807,3.000609575982076
839,291.6039388496779,0.9939128587825391,-0.002639788345088714,-0.003768388633799754,-0.001101950440239711,-0.01521819486685581,0.005478158507308397,1141128.470297664,3.000609575982075
840,291.9515001593915,0.9939061342350307,-0.002730412460953366,-0.003735114040391763,-0.001147569391234822,-0.01509625488994228,0.005652183254707868,1144250.948769181,3.000609575982075
841,292.299061469105,0.9938991357429573,-0.002820297693028367,-0.003700807348075419,-0.001193587900800855,-0.01497104504341934,0.005823401779477647,1147465.012242657,3.000609575982076
842,292.6466227788186,0.9938918609319712,-0.002909424794497991,-0.003665485472179818,-0.001240000873914051,-0.01484266679004818,0.005991768816767099,1150768.594872945,3.000609575982076
843,292.9941840885322,0.9938843074622659,-0.002997775125786573,-0.003629165586206083,-0.001286801857756156,-0.01471122176176401,0.006157243258056678,1154159.602547531,3.000609575982076
844,293.3417453982457,0.9938764730365716,-0.003085330654944664,-0.003591865097190614,-0.001333983083141377,-0.01457681155210005,0.006319788078104284,1157635.916130269,3.000609575982075
845,293.6893067079593,0.9938683554078933,-0.003172073956823296,-0.003553601621535073,-0.001381535509544258,-0.01443953751844798,0.006479370252016906,1161195.394642872,3.000609575982075
846,294.0368680176729,0.9938599523869689,-0.003257988211096453,-0.003514392961359458,-0.001429448873314418,-0.01429950059457317,0.006635960663359399,1164835.878376761,3.000609575982076
847,294.3844293273864,0.9938512618494306,-0.003343057199194113,-0.003474257081429064,-0.001477711738667287,-0.01415680111371024,0.00678953400421347,1168555.191928483,3.000609575982076
848,294.7319906371,0.9938422817426553,-0.003427265300209834,-0.003433212086700811,-0.001526311551045857,-0.01401153864247679,0.00694006866809313,1172351.14715269,3.000609575982075
849,295.0795519468135,0.9938330100922883,-0.003510597485848091,-0.003391276200528914,-0.001575234692458683,-0.0138638118257592,0.007087546636608985,1176221.546027549,3.000609575982076
850,295.4271132565271,0.9938234450084319,-0.003593039314477217,-0.003348467743564687,-0.001624466538409881,-0.01371371824264456,0.007231953360754681,1180164.183427858,3.000609575982075
851,295.7746745662407,0.9938135846914902,-0.003674576924354012,-0.003304805113380073,-0.001673991516052448,-0.01356135427339974,0.00737327763766276,1184176.849801943,3.000609575982075
852,296.1222358759542,0.9938034274376628,-0.003755197026085939,-0.003260306764839524,-0.001723793163212639,-0.01340681497743051,0.007511511483646932,1188257.333749219,3.000609575982075
853,296.4697971856678,0.9937929716440842,-0.00383488689439615,-0.003214991191240086,-0.001773854187949838,-0.01325019398209007,0.00764665000431463,1192403.424495746,3.000609575982076
854,296.8173584953814,0.9937822158136058,-0.003913634359255722,-0.003168876906234949,-0.001824156528338061,-0.01309158338215193,0.007778691262494131,1196612.914265745,3.000609575982075
855,297.1649198050949,0.9937711585592216,-0.003991427796446134,-0.003121982426551402,-0.001874681412173227,-0.01293107364970927,0.007907636144682303,1200883.600547641,3.000609575982075
856,297.5124811148085,0.9937597986081361,-0.004068256117613554,-0.003074326255510042,-0.001925409416333408,-0.01276875355422013,0.008033488226674884,1205213.288253893,3.000609575982075
857,297.860042424522,0.9937481348054813,-0.004144108759874615,-0.003025926867348239,-0.001976320525540244,-0.01260471009237856,0.008156253638997713,1209599.791773901,3.000609575982075
858,298.2076037342356,0.9937361661176823,-0.004218975675031406,-0.002976802692347327,-0.002027394190290818,-0.01243902842745785,0.008275940932713065,1214040.93692049,3.000609575982075
859,298.5551650439492,0.9937238916354815,-0.00429284731845118,-0.002926972102759667,-0.002078609383753313,-0.01227179183774655,0.008392560946128237,1218534.562770159,3.000609575982075
860,298.9027263536627,0.9937113105766247,-0.004365714637663963,-0.002876453399528721,-0.002129944657438369,-0.01210308167367259,0.008506126672890147,1223078.523398174,3.000609575982075
861,299.2502876633763,0.9936984222882197,-0.004437569060728727,-0.002825264799792528,-0.002181378195481829,-0.0119329773231958,0.008616653131903209,1227670.689509746,3.000609575982075
862,299.5978489730898,0.993685226248774,-0.004508402484416303,-0.002773424425158467,-0.002232887867393823,-0.01176155618503503,0.008724157239464259,1232308.94996896,3.000609575982075
863,299.9454102828034,0.9936717220699224,-0.004578207262254536,-0.002720950290735,-0.002284451279149541,-0.01158889364928732,0.008828657683965279,1236991.213227227,3.000609575982075
864,300.2929715925169,0.9936579094978542,-0.004646976192478558,-0.002667860294904089,-0.002336045822515549,-0.01141506308499205,0.008930174803473035,1241715.40865362,3.000609575982076
865,300.6405329022305,0.993643788414451,-0.004714702505926345,-0.002614172209816256,-0.002387648722524561,-0.01124013583419188,0.009028730466454499,1246479.487769301,3.000609575982076
866,300.9880942119441,0.9936293588381467,-0.004781379853917079,-0.002559903672588788,-0.002439237083027822,-0.01106418121204398,0.009124347955878992,1251281.425388744,3.000609575982075
867,301.3356555216577,0.9936146209245205,-0.004847002296147165,-0.002505072177186275,-0.002490787930271077,-0.01088726651254008,0.009217051856891589,1256119.220670478,3.000609575982075
868,301.6832168313712,0.9935995749666355,-0.004911564288636114,-0.002449695066961661,-0.002542278254454217,-0.01070945701940106,0.009306867948218233,1260990.8980802,3.000609575982075
869,302.0307781410848,0.9935842213951357,-0.004975060671751997,-0.002393789527835066,-0.002593685049250203,-0.01053081602172225,0.009393823097430519,1265894.508269363,3.000609575982076
870,302.3783394507983,0.9935685607781113,-0.00503748665834358,-0.002337372582087026,-0.002644985349269646,-0.01035140483395555,0.009477945160168883,1270828.128872245,3.000609575982076
871,302.7259007605119,0.993552593820748,-0.005098837822003922,-0.002280461082742238,-0.002696156265470919,-0.01017128281982945,0.009559262883394499,1275789.865224661,3.000609575982076
872,303.0734620702254,0.9935363213647689,-0.005159110085487775,-0.002223071708519579,-0.002747175018525215,-0.009990507419820802,0.009637805812715221,1280777.851007675,3.000609575982075
873,303.421023379939,0.9935197443876846,-0.005218299709302934,-0.002165220959323982,-0.002798018970156174,-0.009809134181809478,0.00971360420380691,1285790.24881923,3.000609575982075
874,303.7685846896526,0.9935028640018607,-0.005276403280493496,-0.002106925152255644,-0.00284866565248162,-0.009627216794561237,0.009786688937931047,1290825.250677346,3.000609575982075
875,304.1161459993662,0.9934856814534162,-0.005333417701630917,-0.00204820041811215,-0.002899092795393347,-0.009444807123703675,0.00985709144152932,1295881.078457722,3.000609575982075
876,304.4637073090797,0.9934681981209644,-0.005389340180026818,-0.001989062698359218,-0.00294927835201641,-0.009261955249875066,0.009924843609859544,1300955.98426918,3.000609575982075
877,304.8112686187933,0.9934504155142065,-0.005444168217179616,-0.001929527742546058,-0.002999200522296547,-0.00907870950874584,0.00998997773462113,1306048.250770095,3.000609575982075
878,305.1588299285068,0.9934323352723899,-0.005497899598465328,-0.001869611106141677,-0.003048837774767431,-0.008895116532627666,0.01005252643550562,1311156.191428864,3.000609575982075
879,305.5063912382204,0.993413959162642,-0.005550532383081223,-0.001809328148768885,-0.003098168866555457,-0.008711221293405813,0.01011252259559495,1316278.150731499,3.000609575982075
880,305.8539525479339,0.9933952890781885,-0.00560206489424949,-0.001748694032813262,-0.003147172861681446,-0.008527067146544772,0.01016999930052096,1321412.504339421,3.000609575982075
881,306.2015138576475,0.9933763270364691,-0.005652495709686642,-0.001687723722384864,-0.0031958291477225,-0.008342695875936841,0.01022498978129006,1326557.659200229,3.000609575982075
882,306.5490751673611,0.9933570751771557,-0.005701823652343041,-0.001626431982611073,-0.003244117450898569,-0.008158147739378653,0.01027752736067028,1331712.053614481,3.000609575982076
883,306.8966364770746,0.9933375357600877,-0.005750047781415695,-0.001564833379239615,-0.003292017849650391,-0.007973461514477804,0.01032764540303138,1336874.157261031,3.000609575982075
884,307.2441977867882,0.9933177111631284,-0.005797167383636358,-0.001502942278531428,-0.003339510786775475,-0.007788674544807042,0.01037537726752446,1342042.471183799,3.000609575982076
885,307.5917590965017,0.9932976038799538,-0.005843181964835895,-0.001440772847423772,-0.003386577080190458,-0.007603822786138957,0.01042075626448328,1347215.527742448,3.000609575982075
886,307.9393204062153,0.9932772165177814,-0.005888091241784925,-0.001378339053944682,-0.003433197932387341,-0.007418940852608828,0.01046381561492711,1352391.890529359,3.000609575982076
887,308.2868817159289,0.9932565517950449,-0.005931895134309921,-0.001315654667860568,-0.003479354938650806,-0.007234062062666647,0.01050458841304302,1357570.15425561,3.000609575982075
888,308.6344430256424,0.9932356125390249,-0.005974593757683079,-0.001252733261539538,-0.003525030094104133,-0.007049218484693993,0.01054310759152443,1362748.944607761,3.000609575982075
889,308.982004335356,0.9932144016834398,-0.006016187415283655,-0.001189588211013716,-0.00357020579964858,-0.006864440982171798,0.01057940588964288,1367926.918078141,3.000609575982075
890,309.3295656450696,0.9931929222660041,-0.00605667659152775,-0.001126232697224593,-0.003614864866861841,-0.006679759258299723,0.01061351582392975,1373102.761770394,3.000609575982075
891,309.6771269547831,0.9931711774259618,-0.006096061945063003,-0.00106267970743617,-0.003658990521918022,-0.006495201899976559,0.01064546966134632,1378275.193182334,3.000609575982075
892,310.0246882644967,0.9931491704015973,-0.006134344302224121,-0.0009989420368013706,-0.003702566408591302,-0.006310796421063443,0.01067529939482155,1383442.959968202,3.000609575982075
893,310.3722495742102,0.9931269045277323,-0.00617152465074476,-0.0009350322900679278,-0.003745576590402846,-0.006126569304860389,0.01070303672103917,1388604.839681814,3.000609575982076
894,310.7198108839238,0.9931043832332116,-0.006207604133720866,-0.0008709628834106475,-0.003788005551968879,-0.005942546045736501,0.0107287130203579,1393759.639502606,3.000609575982075
895,311.0673721936374,0.9930816100383832,-0.006242584043820242,-0.0008067460463776273,-0.003829838199606085,-0.005758751189862472,0.01075235933875122,1398906.195945994,3.000609575982075
896,311.4149335033509,0.9930585885525773,-0.006276465817732867,-0.0007423938239386979,-0.003871059861248263,-0.005575208375002234,0.01077400637165603,1404043.374559687,3.000609575982075
897,311.7624948130645,0.9930353224715869,-0.006309251030856219,-0.0006779180786249881,-0.003911656285725721,-0.005391940369327384,0.01079368444962287,1409170.069607355,3.000609575982075
898,312.1100561227781,0.9930118155751553,-0.006340941392209656,-0.0006133304927491644,-0.003951613641457307,-0.005208969109225598,0.01081142352566318,1414285.203740972,3.000609575982075
899,312.4576174324916,0.9929880717244727,-0.006371538739571793,-0.0005486425706964933,-0.003990918514602545,-0.005026315736079646,0.01082725316419323,1419387.727663235,3.000609575982076
