time_phase_index,curve_phase_index,x_nd,y_nd,z_nd
0,0,0.9894716669091534,5.151324948832908e-07,0.006280064288139592
0,1,0.989471666322128,5.234815797694054e-07,0.006280063178968336
0,2,0.9894716653560398,5.316385121328029e-07,0.006280061353828804
0,3,0.9894716640218354,5.395108703435723e-07,0.006280058833400801
0,4,0.9894716623346345,5.470094571634071e-07,0.006280055646242092
0,5,0.9894716603135491,5.540493103978057e-07,0.006280051828464779
0,6,0.9894716579814827,5.605506655619379e-07,0.006280047423326205
0,7,0.9894716553648573,5.664398596522312e-07,0.006280042480738743
0,8,0.9894716524933207,5.716501657829458e-07,0.006280037056704276
0,9,0.989471649399408,5.761225492302722e-07,0.006280031212679651
0,10,0.9894716461181771,5.798063363170426e-07,0.006280025014880349
0,11,0.9894716426868007,5.826597885588397e-07,0.006280018533530153
0,12,0.9894716391441628,5.846505755660386e-07,0.006280011842065588
0,13,0.9894716355304001,5.857561413437793e-07,0.006280005016303731
0,14,0.9894716318864596,5.859639598402274e-07,0.006279998133583249
0,15,0.9894716282536281,5.85271676848728e-07,0.006279991271888075
0,16,0.9894716246730659,5.836871366575395e-07,0.00627998450896383
0,17,0.9894716211853435,5.812282931469088e-07,0.006279977921436975
0,18,0.9894716178299774,5.779230063425781e-07,0.00627997158394656
0,19,0.9894716146449851,5.738087267324931e-07,0.006279965568298579
0,20,0.9894716116664546,5.689320709248138e-07,0.006279959942652382
0,21,0.989471608928133,5.6334829345596e-07,0.006279954770748414
0,22,0.9894716064610464,5.57120660733522e-07,0.006279950111186024
0,23,0.9894716042931472,5.503197342071107e-07,0.006279946016759535
0,24,0.9894716024489997,5.430225708882414e-07,0.006279942533860076
0,25,0.9894716009494984,5.353118502764861e-07,0.006279939701949968
0,26,0.9894715998116324,5.272749375828787e-07,0.006279937553115613
0,27,0.9894715990482948,5.190028938634179e-07,0.006279936111703969
0,28,0.9894715986681335,5.105894442772993e-07,0.006279935394046678
0,29,0.9894715986754575,5.02129916159324e-07,0.006279935408275055
0,30,0.9894715990701827,4.937201589382736e-07,0.006279936154227934
0,31,0.9894715998478367,4.854554581390174e-07,0.006279937623453504
0,32,0.9894716009996086,4.774294557732618e-07,0.006279939799305067
0,33,0.9894716025124486,4.697330893514282e-07,0.006279942657129637
0,34,0.9894716043692146,4.624535615369797e-07,0.006279946164547239
0,35,0.9894716065488712,4.556733521170412e-07,0.006279950281817817
0,36,0.9894716090267203,4.49469283483393e-07,0.006279954962291424
0,37,0.9894716117746878,4.439116502114194e-07,0.006279960152936814
0,38,0.9894716147616387,4.390634225982199e-07,0.006279965794942283
0,39,0.9894716179537287,4.349795331832188e-07,0.00627997182438199
0,40,0.9894716213147915,4.317062543346606e-07,0.00627997817294028
0,41,0.9894716248067437,4.292806739539972e-07,0.006279984768685687
0,42,0.9894716283900209,4.277302752389944e-07,0.006279991536885956
0,43,0.9894716320240228,4.270726252678829e-07,0.006279998400854771
0,44,0.9894716356675748,4.273151759343483e-07,0.006280005282820639
0,45,0.9894716392793936,4.284551794904814e-07,0.006280012104808063
0,46,0.9894716428185566,4.304797196563601e-07,0.006280018789521059
0,47,0.9894716462449636,4.333658579454273e-07,0.00628002526121893
0,48,0.9894716495197914,4.370808935491197e-07,0.006280031446574462
0,49,0.9894716526059336,4.415827338371298e-07,0.006280037275504755
0,50,0.9894716554684253,4.468203712758995e-07,0.006280042681965342
0,51,0.9894716580748321,4.527344613617183e-07,0.006280047604698464
0,52,0.9894716603956217,4.592579950198799e-07,0.006280051987927194
0,53,0.9894716624045,4.663170578506977e-07,0.00628005578198744
0,54,0.989471664078704,4.738316676190018e-07,0.006280058943890636
0,55,0.9894716653992646,4.817166804971583e-07,0.006280061437810876
0,56,0.9894716663512187,4.898827557926754e-07,0.006280063235490823
0,57,0.9894716669237815,4.982373682289378e-07,0.006280064316561897
0,58,0.9894716671104654,5.066858563089486e-07,0.006280064668775064
0,59,0.9894716669091542,5.151324948832911e-07,0.006280064288139597
1,0,0.9894858408523002,0.0006520507989643547,0.006258129714085467
1,1,0.9894858408238101,0.0006520592238335874,0.006258129150237193
1,2,0.9894858404075688,0.00065206754278455,0.006258127861193816
1,3,0.989485839608292,0.0006520756615598533,0.006258125861560918
1,4,0.9894858384350379,0.0006520834881702235,0.006258123173995421
1,5,0.9894858369010998,0.0006520909339367895,0.00625811982894884
1,6,0.9894858350238578,0.0006520979144958632,0.006258115864322259
1,7,0.9894858328245798,0.0006521043507548218,0.006258111325036858
1,8,0.989485830328187,0.000652110169788272,0.006258106262524959
1,9,0.989485827562964,0.0006521153056643213,0.006258100734147232
1,10,0.989485824560241,0.0006521197001916156,0.006258094802542742
1,11,0.9894858213540423,0.0006521233035786668,0.006258088534919251
1,12,0.9894858179806933,0.0006521260749979964,0.006258082002291667
1,13,0.9894858144784168,0.0006521279830487155,0.006258075278677437
1,14,0.9894858108868941,0.0006521290061122872,0.006258068440257876
1,15,0.9894858072468197,0.0006521291325974535,0.006258061564515021
1,16,0.9894858035994363,0.0006521283610715416,0.006258054729353704
1,17,0.9894857999860707,0.0006521267002766734,0.006258048012218877
1,18,0.9894857964476627,0.0006521241690306918,0.006258041489218141
1,19,0.9894857930243051,0.0006521207960139281,0.006258035234259423
1,20,0.9894857897547851,0.0006521166194442262,0.00625802931821357
1,21,0.9894857866761475,0.0006521116866439114,0.006258023808111381
1,22,0.9894857838232749,0.0006521060535036073,0.006258018766384136
1,23,0.9894857812284902,0.0006520997838489729,0.006258014250156227
1,24,0.9894857789211945,0.0006520929487175414,0.006258010310597947
1,25,0.9894857769275296,0.0006520856255538451,0.006258006992345724
1,26,0.9894857752700845,0.0006520778973319537,0.006258004332996387
1,27,0.9894857739676384,0.0006520698516153576,0.006258002362681193
1,28,0.9894857730349489,0.0006520615795648551,0.006258001103724445
1,29,0.9894857724825835,0.0006520531749056789,0.006258000570390555
1,30,0.9894857723168009,0.0006520447328655673,0.006258000768722418
1,31,0.9894857725394791,0.0006520363490958106,0.006258001696472956
1,32,0.9894857731480948,0.0006520281185874972,0.006258003343130561
1,33,0.9894857741357528,0.0006520201345952433,0.006258005690038196
1,34,0.9894857754912633,0.000652012487580593,0.006258008710604775
1,35,0.9894857771992654,0.0006520052641870639,0.006258012370606407
1,36,0.9894857792404104,0.0006519985462584586,0.006258016628574206
1,37,0.9894857815915691,0.0006519924099115443,0.006258021436264074
1,38,0.9894857842261036,0.0006519869246736289,0.00625802673920335
1,39,0.9894857871141621,0.0006519821526947887,0.006258032477307966
1,40,0.9894857902230231,0.0006519781480436806,0.006258038585563229
1,41,0.9894857935174618,0.0006519749560949127,0.006258044994760437
1,42,0.9894857969601504,0.0006519726130149177,0.006258051632281032
1,43,0.9894858005120826,0.0006519711453521546,0.006258058422919389
1,44,0.9894858041330136,0.0006519705697362815,0.006258065289734919
1,45,0.9894858077819161,0.000651970892689711,0.006258072154923825
1,46,0.9894858114174461,0.000651972110553685,0.006258078940700657
1,47,0.9894858149984129,0.0006519742095297091,0.006258085570179675
1,48,0.9894858184842433,0.0006519771658358725,0.006258091968245969
1,49,0.9894858218354393,0.0006519809459762923,0.006258098062406557
1,50,0.98948582501403,0.0006519855071206274,0.006258103783611804
1,51,0.989485827984003,0.000651990797589358,0.006258109067037791
1,52,0.9894858307117063,0.000651996757439333,0.006258113852820793
1,53,0.9894858331662328,0.0006520033191429556,0.006258118086735587
1,54,0.9894858353197733,0.0006520104083533087,0.006258121720809882
1,55,0.9894858371479257,0.0006520179447465416,0.006258124713867851
1,56,0.989485838629977,0.0006520258429319888,0.006258127031996702
1,57,0.9894858397491336,0.0006520340134196909,0.006258128648930918
1,58,0.989485840492717,0.0006520423636343697,0.006258129546349889
1,59,0.9894858408523011,0.0006520507989643553,0.006258129714085472
2,0,0.9895281437932394,0.001297847162944964,0.006192507041091597
2,1,0.9895281443226444,0.001297855550910387,0.006192507028456844
2,2,0.9895281444638409,0.001297863920245779,0.006192506287910061
2,3,0.9895281442152289,0.001297872176122855,0.006192504827842113
2,4,0.9895281435796265,0.001297880224998894,0.006192502664796392
2,5,0.989528142564235,0.00129788797567663,0.00619249982328138
2,6,0.9895281411805594,0.001297895340337569,0.006192496335492919
2,7,0.9895281394442775,0.001297902235537015,0.006192492240949429
2,8,0.9895281373750608,0.001297908583149545,0.006192487586044111
2,9,0.9895281349963564,0.001297914311254212,0.0061924824235193
2,10,0.9895281323351145,0.001297919354949429,0.006192476811868822
2,11,0.989528129421489,0.001297923657088339,0.006192470814675244
2,12,0.9895281262884933,0.001297927168926295,0.006192464499889434
2,13,0.9895281229716243,0.001297929850673143,0.006192457939060634
2,14,0.9895281195084634,0.001297931671944045,0.006192451206525774
2,15,0.9895281159382511,0.001297932612103731,0.006192444378567213
2,16,0.9895281123014378,0.001297932660500273,0.006192437532548405
2,17,0.9895281086392307,0.001297931816585758,0.006192430746037366
2,18,0.9895281049931243,0.001297930089922471,0.006192424095927786
2,19,0.98952810140443,0.001297927500074529,0.006192417657567811
2,20,0.9895280979138094,0.001297924076386201,0.006192411503906326
2,21,0.9895280945608117,0.001297919857649406,0.006192405704666417
2,22,0.9895280913834289,0.001297914891664192,0.006192400325555423
2,23,0.9895280884176597,0.001297909234697129,0.006192395427520416
2,24,0.9895280856971101,0.001297902950843806,0.006192391066057727
2,25,0.9895280832526031,0.001297896111302595,0.006192387290584096
2,26,0.9895280811118359,0.001297888793567967,0.006192384143876829
2,27,0.9895280792990646,0.00129788108055246,0.006192381661589121
2,28,0.9895280778348284,0.001297873059647255,0.006192379871846092
2,29,0.9895280767357177,0.00129786482173202,0.006192378794926131
2,30,0.9895280760141849,0.001297856460145222,0.006192378443031146
2,31,0.9895280756784071,0.001297848069626573,0.006192378820148313
2,32,0.9895280757321859,0.001297839745243614,0.006192379922004879
2,33,0.9895280761749153,0.001297831581314575,0.006192381736116599
2,34,0.9895280770015767,0.001297823670339719,0.006192384241929136
2,35,0.9895280782028059,0.001297816101953305,0.00619238741105097
2,36,0.9895280797649908,0.001297808961907996,0.006192391207575043
2,37,0.9895280816704312,0.001297802331103264,0.0061923955884856
2,38,0.98952808389754,0.001297796284668776,0.006192400504145569
2,39,0.9895280864210824,0.001297790891113142,0.006192405898858923
2,40,0.9895280892124642,0.001297786211547688,0.006192411711501733
2,41,0.98952809224006,0.001297782298994033,0.006192417876214745
2,42,0.9895280954695647,0.001297779197783322,0.006192424323149525
2,43,0.9895280988643875,0.001297776943053915,0.006192430979259905
2,44,0.989528102386064,0.001297775560353241,0.006192437769129591
2,45,0.9895281059946925,0.001297775065348307,0.006192444615826655
2,46,0.9895281096493846,0.001297775463648163,0.00619245144177521
2,47,0.9895281133087306,0.001297776750740321,0.00619245816963437
2,48,0.9895281169312702,0.001297778912041875,0.006192464723174581
2,49,0.9895281204759593,0.001297781923064702,0.006192471028141323
2,50,0.9895281239026327,0.001297785749692908,0.006192477013096443
2,51,0.9895281271724649,0.001297790348569382,0.006192482610227631
2,52,0.9895281302484085,0.001297795667587034,0.006192487756116766
2,53,0.9895281330956122,0.001297801646479202,0.00619249239245848
2,54,0.9895281356818147,0.001297808217502492,0.006192496466720794
2,55,0.9895281379777132,0.001297815306204358,0.006192499932740359
2,56,0.9895281399572943,0.001297822832266689,0.006192502751245512
2,57,0.9895281415981291,0.001297830710415855,0.006192504890301252
2,58,0.9895281428816242,0.001297838851388902,0.006192506325671069
2,59,0.9895281437932391,0.001297847162944963,0.006192507041091594
3,0,0.989598056576431,0.001932205637450486,0.006083538280560448
3,1,0.9895980576500184,0.001932213877084383,0.006083538820876376
3,2,0.9895980583431391,0.001932222184909049,0.006083538637165625
3,3,0.9895980586479397,0.001932230466793129,0.006083537731509845
3,4,0.9895980585609663,0.001932238628899206,0.006083536114170684
3,5,0.989598058083205,0.001932246578747042,0.006083533803473523
3,6,0.9895980572200692,0.001932254226261421,0.006083530825599804
3,7,0.9895980559813388,0.001932261484792764,0.006083527214290393
3,8,0.989598054381049,0.001932268272098904,0.006083523010463254
3,9,0.9895980524373321,0.001932274511276938,0.006083518261749822
3,10,0.9895980501722114,0.001932280131634571,0.00608351302195529
3,11,0.989598047611351,0.001932285069491083,0.006083507350448959
3,12,0.9895980447837672,0.001932289268898857,0.006083501311491562
3,13,0.9895980417214976,0.001932292682277269,0.006083494973507127
3,14,0.9895980384592392,0.001932295270951782,0.006083488408307709
3,15,0.9895980350339537,0.001932297005592122,0.006083481690279719
3,16,0.9895980314844538,0.00193229786654458,0.006083474895541107
3,17,0.9895980278509542,0.001932297844054664,0.006083468101078898
3,18,0.9895980241746241,0.001932296938377606,0.006083461383876903
3,19,0.9895980204971191,0.001932295159775452,0.006083454820043491
3,20,0.9895980168601048,0.00193229252840076,0.006083448483949224
3,21,0.9895980133047924,0.001932289074068271,0.006083442447384271
3,22,0.9895980098714624,0.001932284835917064,0.006083436778744937
3,23,0.9895980065990174,0.001932279861967116,0.006083431542258798
3,24,0.9895980035245339,0.001932274208575201,0.00608342679725694
3,25,0.9895980006828484,0.001932267939796365,0.006083422597501759
3,26,0.9895979981061577,0.001932261126658153,0.006083418990577821
3,27,0.9895979958236558,0.00193225384635586,0.006083416017352722
3,28,0.9895979938612052,0.001932246181377881,0.006083413711514067
3,29,0.9895979922410409,0.001932238218571108,0.006083412099187782
3,30,0.9895979909815191,0.001932230048156921,0.006083411198642101
3,31,0.9895979900969117,0.001932221762708974,0.006083411020080591
3,32,0.9895979895972418,0.001932213456104302,0.006083411565526533
3,33,0.9895979894881695,0.001932205222459676,0.006083412828799984
3,34,0.9895979897709316,0.001932197155065242,0.006083414795587807
3,35,0.9895979904423245,0.001932189345327516,0.00608341744360582
3,36,0.9895979914947416,0.001932181881733727,0.006083420742851265
3,37,0.9895979929162578,0.001932174848849233,0.006083424655942739
3,38,0.9895979946907674,0.001932168326359376,0.00608342913854374
3,39,0.9895979967981642,0.001932162388166615,0.006083434139864978
3,40,0.9895979992145714,0.001932157101553185,0.006083439603239846
3,41,0.9895980019126099,0.001932152526418757,0.006083445466766439
3,42,0.9895980048617103,0.001932148714601745,0.006083451664008927
3,43,0.9895980080284573,0.001932145709291933,0.006083458124750278
3,44,0.989598011376971,0.001932143544541111,0.006083464775787849
3,45,0.9895980148693122,0.00193214224487722,0.006083471541762783
3,46,0.9895980184659107,0.001932141825026424,0.006083478346013848
3,47,0.9895980221260157,0.00193214228974623,0.006083485111446041
3,48,0.9895980258081555,0.001932143633771557,0.006083491761404112
3,49,0.9895980294706112,0.001932145841874387,0.006083498220541118
3,50,0.9895980330718853,0.001932148889036276,0.006083504415672132
3,51,0.9895980365711752,0.00193215274073182,0.006083510276603482
3,52,0.9895980399288301,0.001932157353319833,0.006083515736928074
3,53,0.9895980431068061,0.001932162674537824,0.006083520734777853
3,54,0.989598046069098,0.001932168644094164,0.00608352521352482
3,55,0.9895980487821403,0.001932175194351207,0.006083529122422628
3,56,0.9895980512151934,0.001932182251091671,0.006083532417181602
3,57,0.9895980533406886,0.00193218973435956,0.006083535060470556
3,58,0.9895980551345439,0.00193219755936611,0.006083537022339797
3,59,0.9895980565764338,0.001932205637450492,0.006083538280560466
4,0,0.9896947201984392,0.002549498987207506,0.005931792714371945
4,1,0.9896947217897908,0.002549506970665215,0.005931793805022493
4,2,0.9896947230163657,0.002549515107183891,0.005931794182223282
4,3,0.9896947238642649,0.002549523304573124,0.005931793841700564
4,4,0.9896947243238817,0.002549531469952847,0.005931792787312773
4,5,0.9896947243900093,0.002549539510805695,0.005931791031006784
4,6,0.9896947240618971,0.002549547336025295,0.005931788592682547
4,7,0.9896947233432646,0.002549554856948551,0.005931785499967596
4,8,0.9896947222422536,0.002549561988360245,0.005931781787903999
4,9,0.9896947207713382,0.002549568649458564,0.005931777498551301
4,10,0.9896947189471859,0.00254957476477064,0.005931772680509969
4,11,0.9896947167904648,0.002549580265007677,0.005931767388370694
4,12,0.989694714325611,0.002549585087850013,0.005931761682095835
4,13,0.9896947115805532,0.002549589178653232,0.005931755626340037
4,14,0.989694708586394,0.002549592491067268,0.005931749289717621
4,15,0.9896947053770576,0.002549594987561575,0.005931742744025176
4,16,0.9896947019889079,0.002549596639850318,0.005931736063428052
4,17,0.9896946984603348,0.002549597429212858,0.005931729323620055
4,18,0.9896946948313171,0.002549597346705821,0.005931722600965781
4,19,0.9896946911429741,0.002549596393264431,0.00593171597163541
4,20,0.9896946874370952,0.002549594579691875,0.005931709510741646
4,21,0.9896946837556693,0.002549591926536904,0.005931703291488689
4,22,0.9896946801404098,0.002549588463860991,0.005931697384342825
4,23,0.9896946766322772,0.002549584230897709,0.005931691856233981
4,24,0.9896946732710208,0.002549579275608217,0.005931686769797463
4,25,0.9896946700947248,0.002549573654137827,0.005931682182664239
4,26,0.9896946671393771,0.002549567430179873,0.005931678146808009
4,27,0.9896946644384637,0.00254956067425404,0.005931674707956317
4,28,0.9896946620225866,0.002549553462907369,0.005931671905072477
4,29,0.9896946599191184,0.002549545877846945,0.005931669769914094
4,30,0.9896946581518919,0.002549538005014154,0.005931668326673262
4,31,0.9896946567409306,0.002549529933610935,0.005931667591702455
4,32,0.9896946557022213,0.002549521755089106,0.005931667573329258
4,33,0.989694655047533,0.002549513562114195,0.005931668271761986
4,34,0.9896946547842832,0.002549505447515518,0.005931669679087336
4,35,0.9896946549154552,0.002549497503234401,0.005931671779360027
4,36,0.9896946554395634,0.002549489819282466,0.005931674548783458
4,37,0.9896946563506686,0.002549482482721771,0.005931677955979309
4,38,0.9896946576384468,0.002549475576678377,0.005931681962343059
4,39,0.9896946592883104,0.002549469179400512,0.005931686522481397
4,40,0.9896946612815635,0.002549463363371973,0.005931691584726487
4,41,0.9896946635956223,0.002549458194490866,0.005931697091721408
4,42,0.9896946662042677,0.002549453731322952,0.005931702981070004
4,43,0.989694669077943,0.002549450024438045,0.005931709186043839
4,44,0.9896946721840878,0.002549447115837036,0.005931715636338253
4,45,0.989694675487509,0.002549445038475971,0.005931722258868927
4,46,0.9896946789507776,0.002549443815892635,0.005931728978599957
4,47,0.9896946825346534,0.002549443461939826,0.005931735719394031
4,48,0.9896946861985289,0.002549443980628373,0.005931742404875095
4,49,0.9896946899008919,0.002549445366081684,0.005931748959293752
4,50,0.9896946935997923,0.002549447602602299,0.005931755308385516
4,51,0.9896946972533204,0.002549450664849747,0.005931761380212297
4,52,0.9896947008200805,0.002549454518127654,0.005931767105977495
4,53,0.9896947042596588,0.002549459118776866,0.005931772420805506
4,54,0.989694707533084,0.002549464414670127,0.005931777264476821
4,55,0.9896947106032663,0.002549470345802712,0.005931781582110346
4,56,0.9896947134354195,0.002549476844972308,0.005931785324785244
4,57,0.9896947159974542,0.002549483838540458,0.005931788450095246
4,58,0.9896947182603409,0.002549491247266921,0.005931790922629125
4,59,0.98969472019844,0.002549498987207508,0.005931792714371951
5,0,0.9898169447629181,0.003144204769061749,0.005738066213670008
5,1,0.9898169468336214,0.003144212394259036,0.00573806784739781
5,2,0.9898169485627207,0.00314422025403646,0.00573806878502453
5,3,0.9898169499306249,0.003144228259339206,0.005738069015926528
5,4,0.989816950921836,0.00314423631946361,0.005738068537487742
5,5,0.9898169515251225,0.003144244343084869,0.005738067355129267
5,6,0.989816951733649,0.003144252239291816,0.005738065482247964
5,7,0.9898169515450524,0.003144259918616998,0.005738062940064651
5,8,0.9898169509614715,0.00314426729405039,0.005738059757383633
5,9,0.9898169499895171,0.003144274282025269,0.005738055970266338
5,10,0.989816948640201,0.003144280803365062,0.005738051621622686
5,11,0.9898169469288145,0.003144286784180473,0.005738046760724934
5,12,0.9898169448747461,0.003144292156706644,0.005738041442649317
5,13,0.9898169425012701,0.003144296860070975,0.005738035727652046
5,14,0.9898169398352797,0.003144300840982809,0.005738029680486559
5,15,0.9898169369069802,0.00314430405433722,0.005738023369669813
5,16,0.989816933749552,0.003144306463726046,0.005738016866705973
5,17,0.9898169303987691,0.003144308041850391,0.00573801024527622
5,18,0.9898169268925989,0.003144308770829906,0.005738003580403939
5,19,0.9898169232707656,0.003144308642405354,0.005737996947604635
5,20,0.9898169195743078,0.003144307658032188,0.005737990422030371
5,21,0.9898169158451056,0.003144305828864024,0.005737984077618222
5,22,0.9898169121254147,0.003144303175626286,0.0057379779862526
5,23,0.9898169084573792,0.00314429972838134,0.005737972216950736
5,24,0.9898169048825595,0.003144295526187891,0.005737966835080745
5,25,0.9898169014414594,0.003144290616658431,0.005737961901620981
5,26,0.9898168981730676,0.003144285055419769,0.005737957472469136
5,27,0.9898168951144176,0.003144278905482769,0.005737953597808945
5,28,0.989816892300163,0.00314427223652841,0.005737950321541564
5,29,0.9898168897621916,0.003144265124118296,0.005737947680788189
5,30,0.9898168875292586,0.003144257648838515,0.005737945705469472
5,31,0.9898168856266645,0.003144249895386586,0.005737944417966501
5,32,0.9898168840759665,0.003144241951611816,0.005737943832867221
5,33,0.9898168828947338,0.003144233907519944,0.005737943956801145
5,34,0.989816882096351,0.003144225854253366,0.005737944788364228
5,35,0.9898168816898638,0.003144217883058462,0.005737946318134775
5,36,0.9898168816798778,0.003144210084251759,0.005737948528780168
5,37,0.9898168820665072,0.003144202546196627,0.005737951395253254
5,38,0.9898168828453708,0.003144195354302087,0.005737954885076104
5,39,0.989816884007644,0.003144188590055116,0.005737958958708005
5,40,0.9898168855401573,0.003144182330097367,0.005737963569993451
5,41,0.989816887425548,0.00314417664535679,0.005737968666685089
5,42,0.9898168896424531,0.003144171600243985,0.005737974191035681
5,43,0.9898168921657547,0.003144167251922395,0.005737980080452396
5,44,0.9898168949668632,0.00314416364966061,0.005737986268206002
5,45,0.9898168980140408,0.003144160834274112,0.005737992684186915
5,46,0.9898169012727611,0.003144158837662793,0.005737999255699555
5,47,0.9898169047061028,0.003144157682449503,0.005738005908286038
5,48,0.989816908275164,0.003144157381723692,0.005738012566569785
5,49,0.9898169119395058,0.003144157938893078,0.005738019155109581
5,50,0.9898169156576098,0.003144159347645027,0.005738025599254377
5,51,0.9898169193873493,0.003144161592018062,0.005738031825989121
5,52,0.9898169230864626,0.003144164646582691,0.005738037764762045
5,53,0.9898169267130392,0.003144168476729557,0.005738043348284107
5,54,0.989816930225987,0.003144173039061549,0.005738048513291375
5,55,0.9898169335855048,0.00314417828188554,0.005738053201261892
5,56,0.9898169367535256,0.00314418414579807,0.005738057359078722
5,57,0.9898169396941552,0.003144190564358443,0.005738060939631852
5,58,0.9898169423740746,0.003144197464841522,0.00573806390235194
5,59,0.9898169447629189,0.003144204769061751,0.005738066213670013
6,0,0.9899632217519166,0.003710936226133968,0.005503380783775667
6,1,0.989963224252575,0.003710943398701393,0.005503382948321818
6,2,0.9899632264416304,0.00371095088274052,0.005503384440949436
6,3,0.9899632282942794,0.00371095859345381,0.005503385244746458
6,4,0.9899632297895299,0.003710966443475398,0.005503385350605627
6,5,0.9899632309104407,0.003710974343861021,0.005503384757327688
6,6,0.989963231644312,0.00371098220509579,0.00550338347163494
6,7,0.9899632319828285,0.003710989938108469,0.005503381508095086
6,8,0.9899632319221533,0.003710997455280671,0.005503378888956138
6,9,0.9899632314629774,0.003711004671439679,0.005503375643894366
6,10,0.9899632306105001,0.003711011504823438,0.005503371809677976
6,11,0.9899632293743829,0.003711017878007017,0.005503367429750554
6,12,0.9899632277686283,0.00371102371877981,0.005503362553738764
6,13,0.9899632258114353,0.003711028960963758,0.005503357236890101
6,14,0.989963223524976,0.003711033545163111,0.005503351539446833
6,15,0.989963220935158,0.003711037419437416,0.00550334552596347
6,16,0.9899632180713256,0.003711040539890007,0.005503339264575319
6,17,0.9899632149659271,0.003711042871165326,0.005503332826226447
6,18,0.989963211654147,0.003711044386849519,0.005503326283865907
6,19,0.9899632081735106,0.003711045069769686,0.005503319711621153
6,20,0.9899632045634542,0.003711044912188429,0.005503313183958167
6,21,0.9899632008648819,0.003711043915891524,0.005503306774837745
6,22,0.989963197119698,0.003711042092167658,0.00550330055687747
6,23,0.9899631933703392,0.00371103946168053,0.005503294600528984
6,24,0.9899631896592861,0.003711036054234711,0.005503288973279722
6,25,0.9899631860285856,0.003711031908437932,0.005503283738888274
6,26,0.9899631825193758,0.003711027071263671,0.005503278956662018
6,27,0.9899631791714161,0.003711021597518903,0.005503274680785127
6,28,0.9899631760226417,0.003711015549223132,0.005503270959704688
6,29,0.9899631731087278,0.003711008994905687,0.005503267835581773
6,30,0.9899631704626911,0.003711002008829282,0.005503265343813761
6,31,0.9899631681145112,0.003710994670148582,0.005503263512633271
6,32,0.989963166090795,0.003710987062013385,0.005503262362788293
6,33,0.9899631644144706,0.003710979270626498,0.005503261907307079
6,34,0.9899631631045328,0.003710971384267059,0.005503262151350558
6,35,0.989963162175822,0.003710963492290299,0.005503263092153817
6,36,0.9899631616388628,0.003710955684115144,0.00550326471905745
6,37,0.9899631614997378,0.003710948048211067,0.00550326701362829
6,38,0.9899631617600243,0.003710940671095713,0.005503269949868285
6,39,0.9899631624167738,0.003710933636354631,0.005503273494509027
6,40,0.9899631634625439,0.003710927023694219,0.005503277607388683
6,41,0.9899631648854856,0.003710920908038629,0.005503282241907041
6,42,0.9899631666694786,0.003710915358680851,0.005503287345553509
6,43,0.9899631687943075,0.003710910438497569,0.005503292860502012
6,44,0.9899631712358982,0.003710906203236752,0.005503298724266232
6,45,0.9899631739665872,0.003710902700885987,0.005503304870407558
6,46,0.989963176955434,0.003710899971128726,0.005503311229287849
6,47,0.9899631801685734,0.003710898044894646,0.005503317728858469
6,48,0.9899631835696009,0.00371089694400918,0.005503324295476624
6,49,0.9899631871199802,0.003710896680946194,0.00550333085473975
6,50,0.9899631907794838,0.003710897258686641,0.005503337332328549
6,51,0.9899631945066494,0.003710898670684775,0.005503343654849068
6,52,0.9899631982592463,0.003710900900942293,0.005503349750664282
6,53,0.9899632019947546,0.003710903924189606,0.005503355550705791
6,54,0.9899632056708511,0.003710907706172159,0.005503360989256433
6,55,0.9899632092458825,0.003710912204038538,0.005503366004694872
6,56,0.9899632126793442,0.003710917366826013,0.005503370540193837
6,57,0.9899632159323322,0.003710923136037959,0.00550337454436399
6,58,0.9899632189679884,0.003710929446306664,0.005503377971836216
6,59,0.9899632217519169,0.003710936226133968,0.005503380783775669
7,0,0.9901317393968985,0.004244469974894036,0.00522898482621965
7,1,0.9901317422684303,0.004244476609840345,0.005228987503913441
7,2,0.9901317448643446,0.004244483627405531,0.005228989540737363
7,3,0.9901317471552323,0.00424449094807742,0.005228990913613369
7,4,0.9901317491151345,0.004244498488909479,0.005228991606986254
7,5,0.9901317507218445,0.004244506164460669,0.005228991612999945
7,6,0.9901317519571589,0.004244513887763552,0.005228990931586489
7,7,0.9901317528070804,0.004244521571309674,0.005228989570466826
7,8,0.9901317532619781,0.004244529128041087,0.005228987545063272
7,9,0.9901317533166992,0.004244536472336793,0.005228984878324811
7,10,0.9901317529706239,0.004244543520982857,0.005228981600467012
7,11,0.9901317522276732,0.004244550194115267,0.005228977748629688
7,12,0.9901317510962654,0.004244556416124833,0.005228973366456047
7,13,0.9901317495892185,0.004244562116513852,0.005228968503598203
7,14,0.9901317477236099,0.004244567230694899,0.005228963215154574
7,15,0.9901317455205774,0.004244571700722566,0.005228957561045573
7,16,0.9901317430050819,0.004244575475950023,0.005228951605334688
7,17,0.9901317402056254,0.00424457851360283,0.005228945415502599
7,18,0.9901317371539271,0.004244580779263579,0.005228939061682611
7,19,0.990131733884564,0.004244582247261831,0.005228932615865981
7,20,0.9901317304345795,0.004244582900964953,0.005228926151086262
7,21,0.9901317268430631,0.004244582732966565,0.00522891974059179
7,22,0.9901317231507079,0.004244581745170443,0.005228913457015765
7,23,0.9901317193993493,0.004244579948768926,0.005228907371553298
7,24,0.9901317156314929,0.004244577364116123,0.005228901553154758
7,25,0.9901317118898294,0.004244574020497253,0.005228896067744554
7,26,0.9901317082167516,0.004244569955796845,0.005228890977474181
7,27,0.9901317046538789,0.004244565216069512,0.005228886340018086
7,28,0.9901317012415783,0.004244559855018089,0.005228882207920157
7,29,0.9901316980185136,0.004244553933385212,0.005228878627998433
7,30,0.9901316950212028,0.004244547518265059,0.005228875640814635
7,31,0.9901316922836065,0.004244540682343168,0.0052288732802146
7,32,0.9901316898367423,0.004244533503072892,0.005228871572944796
7,33,0.9901316877083353,0.004244526061797849,0.005228870538349288
7,34,0.9901316859224983,0.004244518442830252,0.005228870188150533
7,35,0.990131684499469,0.004244510732495678,0.005228870526316597
7,36,0.990131683455368,0.004244503018154934,0.005228871549016132
7,37,0.9901316828020272,0.004244495387214291,0.005228873244661834
7,38,0.9901316825468492,0.004244487926135103,0.005228875594041674
7,39,0.9901316826927248,0.00424448071945421,0.005228878570536583
7,40,0.9901316832380025,0.004244473848826104,0.005228882140422057
7,41,0.990131684176502,0.004244467392097746,0.005228886263250222
7,42,0.9901316854975911,0.004244461422426552,0.005228890892308137
7,43,0.990131687186303,0.004244456007451481,0.005228895975147058
7,44,0.990131689223501,0.004244451208526625,0.005228901454176651
7,45,0.9901316915861049,0.004244447080026073,0.005228907267317545
7,46,0.9901316942473455,0.004244443668727778,0.005228913348704681
7,47,0.9901316971770708,0.004244441013283537,0.005228919629433582
7,48,0.9901317003420843,0.004244439143781014,0.005228926038341059
7,49,0.9901317037065251,0.004244438081402826,0.005228932502811525
7,50,0.9901317072322745,0.004244437838186517,0.005228938949599775
7,51,0.9901317108793826,0.004244438416888127,0.005228945305660864
7,52,0.9901317146065265,0.004244439810950983,0.005228951498977775
7,53,0.9901317183714781,0.004244442004579971,0.00522895745937741
7,54,0.990131722131576,0.004244444972920479,0.005228963119325673
7,55,0.990131725844218,0.004244448682340046,0.005228968414692721
7,56,0.9901317294673379,0.004244453090809408,0.005228973285479559
7,57,0.9901317329598854,0.00424445814837873,0.005228977676497899
7,58,0.9901317362822873,0.004244463797743543,0.005228981537995449
7,59,0.990131739396899,0.004244469974894039,0.005228984826219654
8,0,0.9903204009350691,0.004739769972100037,0.004916354742827159
8,1,0.9903204041102288,0.00473977599512795,0.00491635791015245
8,2,0.9903204070507571,0.004739782465250405,0.004916360474511126
8,3,0.9903204097233369,0.004739789309157985,0.004916362406847894
8,4,0.9903204120976858,0.004739796449306112,0.004916363685268598
8,5,0.9903204141469029,0.004739803804793665,0.004916364295288289
8,6,0.9903204158477699,0.00473981129227964,0.00491636422999534
8,7,0.9903204171810134,0.004739818826927446,0.004916363490129735
8,8,0.9903204181315274,0.004739826323366187,0.004916362084074709
8,9,0.9903204186885434,0.004739833696657952,0.004916360027761742
8,10,0.9903204188457496,0.004739840863260215,0.004916357344490018
8,11,0.9903204186013654,0.004739847741972414,0.00491635406466244
8,12,0.9903204179581606,0.004739854254856,0.004916350225441128
8,13,0.9903204169234218,0.004739860328117494,0.00491634587032634
8,14,0.9903204155088724,0.004739865892944606,0.004916341048663576
8,15,0.9903204137305424,0.004739870886285889,0.004916335815084488
8,16,0.9903204116085794,0.004739875251565108,0.004916330228887823
8,17,0.990320409167027,0.00473987893932227,0.004916324353367573
8,18,0.9903204064335485,0.004739881907773995,0.004916318255095804
8,19,0.9903204034391162,0.004739884123286934,0.004916312003168376
8,20,0.9903204002176578,0.004739885560758813,0.004916305668422043
8,21,0.9903203968056735,0.004739886203902851,0.004916299322631859
8,22,0.9903203932418226,0.004739886045432282,0.004916293037697941
8,23,0.9903203895664858,0.004739885087142908,0.004916286884830826
8,24,0.9903203858213048,0.004739883339892724,0.004916280933744628
8,25,0.9903203820487151,0.004739880823478914,0.004916275251867173
8,26,0.9903203782914599,0.004739877566413505,0.004916269903576027
8,27,0.9903203745921119,0.004739873605600338,0.004916264949469096
8,28,0.9903203709925846,0.004739868985916906,0.004916260445678037
8,29,0.990320367533663,0.004739863759705904,0.004916256443232297
8,30,0.990320364254537,0.004739857986182149,0.004916252987480922
8,31,0.990320361192361,0.004739851730761678,0.004916250117578763
8,32,0.9903203583818305,0.004739845064320564,0.004916247866042842
8,33,0.9903203558547886,0.004739838062391873,0.004916246258383911
8,34,0.9903203536398696,0.004739830804309875,0.004916245312817434
8,35,0.990320351762168,0.004739823372311149,0.004916245040057159
8,36,0.9903203502429588,0.004739815850602839,0.004916245443193746
8,37,0.9903203490994568,0.004739808324408581,0.004916246517659741
8,38,0.9903203483446161,0.00473980087900287,0.004916248251281289
8,39,0.9903203479869912,0.004739793598744915,0.004916250624416099
8,40,0.9903203480306331,0.004739786566122799,0.004916253610175949
8,41,0.990320348475049,0.00473977986081889,0.004916257174731349
8,42,0.9903203493152017,0.004739773558806989,0.004916261277694817
8,43,0.9903203505415732,0.004739767731491541,0.004916265872578475
8,44,0.9903203521402696,0.004739762444898578,0.004916270907320769
8,45,0.990320354093174,0.00473975775892759,0.004916276324876295
8,46,0.9903203563781615,0.004739753726672864,0.004916282063862188
8,47,0.9903203589693428,0.004739750393821853,0.004916288059253565
8,48,0.9903203618373583,0.0047397477981375,0.004916294243120282
8,49,0.9903203649497125,0.004739745969030354,0.004916300545396613
8,50,0.9903203682711397,0.004739744927225304,0.004916306894675111
8,51,0.9903203717640089,0.004739744684526763,0.004916313219015722
8,52,0.9903203753887436,0.004739745243684876,0.004916319446760862
8,53,0.9903203791042736,0.004739746598364369,0.004916325507347372
8,54,0.9903203828685019,0.004739748733216328,0.004916331332106039
8,55,0.9903203866387772,0.004739751624052097,0.004916336855039645
8,56,0.9903203903723804,0.00473975523811735,0.004916342013570778
8,57,0.9903203940270078,0.004739759534463217,0.004916346749250867
8,58,0.9903203975612521,0.004739764464410266,0.004916351008422457
8,59,0.990320400935069,0.004739769972100036,0.00491635474282716
9,0,0.990526845580059,0.005192007422448874,0.004567198642420288
9,1,0.9905268489851622,0.005192012770879513,0.004567202269589435
9,2,0.990526852200495,0.005192018623493876,0.00456720533847851
9,3,0.9905268551896268,0.005192024913979202,0.004567207814315644
9,4,0.9905268579186886,0.005192031571061431,0.004567209669048542
9,5,0.9905268603567577,0.00519203851931277,0.00456721088166235
9,6,0.9905268624762101,0.00519204568000637,0.004567211438417749
9,7,0.9905268642530343,0.00519205297200833,0.004567211333006632
9,8,0.990526865667095,0.005192060312696984,0.004567210566623555
9,9,0.9905268667023712,0.005192067618899091,0.004567209147952214
9,10,0.9905268673471338,0.005192074807832227,0.004567207093067033
9,11,0.9905268675940764,0.005192081798042755,0.004567204425251019
9,12,0.9905268674404013,0.005192088510328738,0.004567201174731954
9,13,0.9905268668878511,0.00519209486863734,0.004567197378339877
9,14,0.9905268659426848,0.005192100800926497,0.00456719307908975
9,15,0.9905268646156117,0.00519210623998121,0.004567188325694103
9,16,0.9905268629216705,0.005192111124175095,0.004567183172011068
9,17,0.9905268608800517,0.005192115398168591,0.004567177676434122
9,18,0.9905268585138894,0.005192119013535992,0.004567171901230483
9,19,0.9905268558499933,0.005192121929314113,0.004567165911835567
9,20,0.9905268529185464,0.005192124112466386,0.004567159776111593
9,21,0.9905268497527617,0.005192125538257174,0.004567153563578659
9,22,0.9905268463885115,0.005192126190532039,0.004567147344627089
9,23,0.9905268428639113,0.005192126061900726,0.004567141189719839
9,24,0.9905268392188989,0.005192125153820944,0.00456713516859419
9,25,0.9905268354947713,0.005192123476581771,0.004567129349471555
9,26,0.9905268317337258,0.005192121049187127,0.004567123798284571
9,27,0.9905268279783755,0.005192117899140408,0.004567118577930031
9,28,0.9905268242712709,0.00519211406213287,0.004567113747556282
9,29,0.9905268206544137,0.005192109581639233,0.004567109361893049
9,30,0.9905268171687842,0.005192104508425097,0.004567105470631361
9,31,0.9905268138538769,0.005192098899971764,0.004567102117860535
9,32,0.9905268107472499,0.005192092819824945,0.004567099341568634
9,33,0.9905268078841027,0.005192086336874791,0.004567097173212055
9,34,0.9905268052968756,0.005192079524575352,0.004567095637359127
9,35,0.9905268030148834,0.005192072460112322,0.004567094751411731
9,36,0.9905268010639813,0.005192065223528517,0.004567094525408129
9,37,0.9905267994662729,0.005192057896816965,0.004567094961909215
9,38,0.9905267982398634,0.005192050562991933,0.004567096055969513
9,39,0.9905267973986462,0.005192043305148314,0.004567097795193164
9,40,0.9905267969521541,0.005192036205520184,0.004567100159874399
9,41,0.9905267969054454,0.005192029344549046,0.004567103123220779
9,42,0.9905267972590504,0.005192022799972416,0.004567106651656765
9,43,0.9905267980089612,0.005192016645943012,0.004567110705204111
9,44,0.9905267991466828,0.005192010952188606,0.004567115237934839
9,45,0.9905268006593232,0.005192005783221934,0.004567120198491581
9,46,0.9905268025297457,0.005192001197609769,0.004567125530669493
9,47,0.9905268047367558,0.005191997247309274,0.004567131174053029
9,48,0.9905268072553474,0.005191993977079323,0.004567137064700496
9,49,0.990526810056985,0.005191991423973329,0.004567143135868519
9,50,0.9905268131099259,0.005191989616919391,0.004567149318768272
9,51,0.9905268163795767,0.005191988576392494,0.004567155543344872
9,52,0.9905268198288906,0.005191988314182524,0.004567161739071152
9,53,0.9905268234187885,0.00519198883326069,0.004567167835746793
9,54,0.990526827108594,0.005191990127745808,0.004567173764293693
9,55,0.9905268308564997,0.005191992182970967,0.004567179457538694
9,56,0.9905268346200413,0.005191994975649705,0.004567184850974697
9,57,0.9905268383565744,0.005191998474139847,0.004567189883491557
9,58,0.990526842023764,0.005192002638802042,0.00456719449806852
9,59,0.9905268455800577,0.005192007422448867,0.004567198642420281
10,0,0.9907484721245697,0.005596576488502559,0.004183463053812398
10,1,0.9907484756813619,0.005596581111777532,0.00418346710438197
10,2,0.9907484790958997,0.005596586288450807,0.004183470647992986
10,3,0.9907484823294938,0.005596591959868349,0.004183473644494737
10,4,0.9907484853455086,0.005596598061770435,0.004183476059935553
10,5,0.9907484881097682,0.005596604525019715,0.004183477866947467
10,6,0.9907484905909544,0.005596611276384611,0.004183479045056335
10,7,0.9907484927609533,0.005596618239369064,0.004183479580913796
10,8,0.9907484945951796,0.005596625335079305,0.004183479468448538
10,9,0.9907484960728491,0.005596632483117758,0.004183478708935043
10,10,0.99074849717722,0.005596639602494006,0.004183477310979175
10,11,0.9907484978957793,0.005596646612542468,0.004183475290420644
10,12,0.9907484982203854,0.005596653433836377,0.004183472670153524
10,13,0.9907484981473603,0.005596659989087719,0.004183469479866838
10,14,0.9907484976775319,0.005596666204022943,0.004183465755708158
10,15,0.990748496816223,0.005596672008224481,0.004183461539874014
10,16,0.9907484955731939,0.005596677335928629,0.004183456880131787
10,17,0.9907484939625275,0.005596682126770626,0.004183451829278457
10,18,0.9907484920024753,0.005596686326468628,0.004183446444542395
10,19,0.9907484897152441,0.005596689887438704,0.004183440786934921
10,20,0.9907484871267497,0.005596692769333983,0.004183434920559027
10,21,0.9907484842663211,0.005596694939501795,0.004183428911883065
10,22,0.990748481166367,0.005596696373353598,0.00418342282898761
10,23,0.9907484778620135,0.005596697054643609,0.004183416740794131
10,24,0.9907484743906972,0.00559669697565281,0.004183410716284033
10,25,0.9907484707917527,0.005596696137276452,0.00418340482371714
10,26,0.9907484671059548,0.005596694549013839,0.00418339912985825
10,27,0.9907484633750658,0.005596692228860736,0.004183393699220702
10,28,0.990748459641358,0.005596689203105439,0.00418338859333543
10,29,0.9907484559471367,0.005596685506030926,0.004183383870053814
10,30,0.9907484523342573,0.005596681179526402,0.004183379582892197
10,31,0.9907484488436551,0.0055966762726127,0.00418337578042556
10,32,0.9907484455148809,0.00559667084088687,0.004183372505737158
10,33,0.9907484423856497,0.005596664945892223,0.004183369795930363
10,34,0.990748439491418,0.005596658654421073,0.004183367681708295
10,35,0.990748436864977,0.005596652037757934,0.00418336618702592
10,36,0.990748434536087,0.005596645170871883,0.004183365328818659
10,37,0.9907484325311339,0.005596638131567118,0.004183365116810472
10,38,0.9907484308728348,0.005596630999601437,0.00418336555340369
10,39,0.9907484295799787,0.005596623855782564,0.004183366633651785
10,40,0.9907484286672151,0.005596616781052577,0.00418336834531541
10,41,0.9907484281448861,0.005596609855570819,0.004183370669001055
10,42,0.9907484280189083,0.005596603157805653,0.00418337357838077
10,43,0.9907484282907114,0.005596596763645437,0.004183377040490483
10,44,0.9907484289572139,0.005596590745538628,0.004183381016103438
10,45,0.9907484300108658,0.005596585171672953,0.004183385460174675
10,46,0.9907484314397286,0.005596580105202783,0.004183390322351367
10,47,0.9907484332276127,0.005596575603533553,0.004183395547543327
10,48,0.9907484353542606,0.005596571717671332,0.004183401076547195
10,49,0.9907484377955763,0.005596568491644861,0.004183406846717223
10,50,0.9907484405239002,0.005596565962006693,0.004183412792675074
10,51,0.9907484435083189,0.005596564157418997,0.004183418847050583
10,52,0.9907484467150169,0.005596563098328788,0.004183424941245087
10,53,0.9907484501076612,0.005596562796736261,0.004183431006208695
10,54,0.9907484536478126,0.005596563256058807,0.004183436973222666
10,55,0.9907484572953591,0.005596564471092284,0.004183442774678019
10,56,0.9907484610089737,0.005596566428069999,0.004183448344841607
10,57,0.9907484647465782,0.005596569104818656,0.004183453620600893
10,58,0.9907484684658238,0.005596572471009627,0.004183458542179078
10,59,0.9907484721245711,0.005596576488502566,0.004183463053812403
11,0,0.9909824652282623,0.005949105899897914,0.003767343706085067
11,1,0.9909824688558894,0.005949109759640721,0.003767348136651117
11,2,0.9909824723901441,0.005949114213866727,0.003767352117971395
11,3,0.9909824757909815,0.005949119212107583,0.003767355604935726
11,4,0.9909824790198671,0.005949124697730956,0.003767358558035243
11,5,0.9909824820402183,0.005949130608582228,0.003767360943810036
11,6,0.9909824848178116,0.005949136877688734,0.00376736273522828
11,7,0.9909824873211761,0.005949143434018602,0.003767363911992513
11,8,0.9909824895219488,0.005949150203285607,0.003767364460769617
11,9,0.9909824913951929,0.005949157108790888,0.003767364375341881
11,10,0.9909824929196831,0.00594916407229198,0.003767363656677449
11,11,0.9909824940781486,0.005949171014889394,0.003767362312919356
11,12,0.9909824948574613,0.005949177857920542,0.003767360359293216
11,13,0.9909824952487923,0.005949184523851063,0.003767357817934736
11,14,0.990982495247707,0.005949190937153289,0.003767354717638868
11,15,0.9909824948542196,0.00594919702516203,0.003767351093533549
11,16,0.9909824940727869,0.005949202718897848,0.003767346986681655
11,17,0.990982492912264,0.005949207953848647,0.003767342443615747
11,18,0.9909824913857996,0.005949212670700591,0.003767337515810806
11,19,0.990982489510691,0.005949216816010156,0.003767332259101008
11,20,0.9909824873081811,0.005949220342809616,0.003767326733047064
11,21,0.9909824848032275,0.005949223211139273,0.003767321000261412
11,22,0.9909824820242121,0.005949225388500136,0.003767315125698754
11,23,0.9909824790026227,0.005949226850222162,0.003767309175920113
11,24,0.9909824757726938,0.005949227579743767,0.003767303218338669
11,25,0.9909824723710223,0.005949227568799458,0.003767297320455952
11,26,0.9909824688361515,0.005949226817513476,0.003767291549097039
11,27,0.9909824652081315,0.005949225334398357,0.003767285969653397
11,28,0.9909824615280697,0.005949223136258487,0.003767280645342006
11,29,0.9909824578376619,0.005949220247999695,0.003767275636489088
11,30,0.9909824541787235,0.005949216702347056,0.003767270999846619
11,31,0.99098245059271,0.005949212539474095,0.003767266787949298
11,32,0.9909824471202523,0.005949207806547632,0.003767263048519348
11,33,0.9909824438006951,0.005949202557193362,0.003767259823925799
11,34,0.9909824406716504,0.005949196850888267,0.00376725715070445
11,35,0.9909824377685694,0.005949190752286725,0.003767255059143886
11,36,0.9909824351243482,0.005949184330487988,0.003767253572942334
11,37,0.9909824327689443,0.005949177658253242,0.003767252708939115
11,38,0.9909824307290465,0.005949170811181228,0.003767252476923869
11,39,0.9909824290277668,0.00594916386685168,0.003767252879525611
11,40,0.9909824276843819,0.005949156903946343,0.003767253912182953
11,41,0.9909824267141132,0.005949150001357489,0.003767255563195762
11,42,0.9909824261279544,0.005949143237294043,0.003767257813857729
11,43,0.9909824259325463,0.005949136688395459,0.003767260638668289
11,44,0.9909824261301038,0.005949130428863384,0.003767264005621561
11,45,0.9909824267183867,0.005949124529620896,0.003767267876568945
11,46,0.9909824276907332,0.005949119057508973,0.003767272207651384
11,47,0.9909824290361241,0.005949114074529064,0.00376727694979624
11,48,0.9909824307393158,0.005949109637140632,0.003767282049273327
11,49,0.9909824327810113,0.00594910579562141,0.003767287448303674
11,50,0.990982435138076,0.005949102593497695,0.003767293085714165
11,51,0.9909824377838055,0.005949100067051191,0.003767298897630675
11,52,0.9909824406882225,0.005949098244907877,0.003767304818201768
11,53,0.9909824438184175,0.005949097147713652,0.003767310780344829
11,54,0.9909824471389246,0.005949096787900424,0.003767316716506163
11,55,0.9909824506121213,0.005949097169545226,0.003767322559426405
11,56,0.9909824541986555,0.00594909828832404,0.003767328242902619
11,57,0.9909824578578902,0.005949100131560763,0.003767333702538411
11,58,0.9909824615483642,0.005949102678370845,0.003767338876473588
11,59,0.9909824652282621,0.005949105899897913,0.003767343706085066
12,0,0.9912258246280122,0.006245466847421941,0.003321301614426372
12,1,0.9912258282450793,0.006245469917052967,0.003321306374441411
12,2,0.9912258318176881,0.006245473614097593,0.003321310748956488
12,3,0.9912258353053589,0.006245477896666699,0.003321314688406342
12,4,0.9912258386685765,0.006245482716236881,0.003321318148155217
12,5,0.9912258418692337,0.006245488018200217,0.003321321089002609
12,6,0.991225844871065,0.006245493742483003,0.003321323477627424
12,7,0.9912258476400589,0.006245499824226466,0.003321325286965542
12,8,0.9912258501448418,0.006245506194521639,0.003321326496516455
12,9,0.9912258523570332,0.006245512781190149,0.003321327092575555
12,10,0.9912258542515681,0.006245519509602063,0.003321327068389404
12,11,0.9912258558069796,0.006245526303521481,0.003321326424232253
12,12,0.9912258570056467,0.006245533085970377,0.003321325167402933
12,13,0.9912258578339849,0.006245539780100724,0.003321323312142119
12,14,0.9912258582826109,0.006245546310065303,0.003321320879471006
12,15,0.9912258583464418,0.006245552601877008,0.00332131789695307
12,16,0.9912258580247537,0.006245558584247173,0.003321314398381769
12,17,0.9912258573211915,0.006245564189393286,0.00332131042339763
12,18,0.9912258562437274,0.006245569353806993,0.003321306017039088
12,19,0.99122585480457,0.006245574018973655,0.003321301229232175
12,20,0.991225853020026,0.006245578132035337,0.003321296114224822
12,21,0.9912258509103131,0.006245581646389691,0.003321290729972197
12,22,0.9912258484993376,0.006245584522218014,0.003321285137480065
12,23,0.9912258458144163,0.006245586726936343,0.003321279400113542
12,24,0.9912258428859697,0.006245588235564663,0.003321273582879162
12,25,0.9912258397471789,0.006245589031009927,0.003321267751688328
12,26,0.9912258364336072,0.006245589104259692,0.003321261972610517
12,27,0.991225832982799,0.006245588454484244,0.003321256311124702
12,28,0.9912258294338542,0.00624558708904596,0.003321250831377454
12,29,0.9912258258269818,0.006245585023415886,0.003321245595456156
12,30,0.9912258222030499,0.006245582280998448,0.003321240662685544
12,31,0.9912258186031192,0.006245578892866267,0.003321236088955556
12,32,0.9912258150679786,0.006245574897408101,0.003321231926088083
12,33,0.9912258116376814,0.006245570339893886,0.003321228221249823
12,34,0.9912258083510946,0.006245565271961828,0.003321225016417876
12,35,0.9912258052454571,0.006245559751033334,0.003321222347904135
12,36,0.9912258023559547,0.006245553839662395,0.00332122024594385
12,37,0.9912257997153292,0.006245547604826888,0.00332121873435308
12,38,0.9912257973534983,0.006245541117169633,0.003321217830258814
12,39,0.991225795297223,0.006245534450198046,0.003321217543904936
12,40,0.9912257935698005,0.006245527679451259,0.003321217878536135
12,41,0.9912257921908044,0.006245520881644271,0.003321218830361152
12,42,0.9912257911758592,0.006245514133798724,0.003321220388595712
12,43,0.9912257905364646,0.006245507512370254,0.003321222535584714
12,44,0.9912257902798652,0.006245501092382221,0.003321225247002252
12,45,0.9912257904089682,0.006245494946575668,0.003321228492127222
12,46,0.9912257909223112,0.006245489144585147,0.003321232234191396
12,47,0.9912257918140791,0.006245483752149725,0.003321236430796002
12,48,0.9912257930741666,0.006245478830368093,0.003321241034392085
12,49,0.9912257946882966,0.006245474435006308,0.003321245992819268
12,50,0.991225796638181,0.006245470615865907,0.003321251249896722
12,51,0.9912257989017262,0.00624546741621961,0.003321256746059712
12,52,0.9912258014532861,0.006245464872321022,0.00332126241903449
12,53,0.9912258042639512,0.006245463012993836,0.003321268204543885
12,54,0.9912258073018738,0.006245461859305236,0.003321274037035584
12,55,0.9912258105326354,0.006245461424327228,0.003321279850424901
12,56,0.9912258139196282,0.006245461712988478,0.003321285578843528
12,57,0.9912258174244775,0.006245462722018507,0.003321291157385888
12,58,0.9912258210074714,0.00624546443998472,0.003321296522844542
12,59,0.9912258246280127,0.006245466847421943,0.003321301614426374
13,0,0.9914753977398928,0.006481777921975671,0.002848085908537877
13,1,0.9914754012665505,0.006481780185887062,0.002848090940296849
13,2,0.9914754047963567,0.006481783102181319,0.002848095655842611
13,3,0.9914754082893158,0.006481786637815608,0.002848100001745852
13,4,0.991475411705853,0.006481790752729661,0.002848103928765498
13,5,0.9914754150072569,0.006481795400299644,0.002848107392406624
13,6,0.9914754181561213,0.006481800527866448,0.00284811035342461
13,7,0.9914754211167682,0.006481806077332358,0.002848112778269823
13,8,0.9914754238556519,0.006481811985819329,0.002848114639467728
13,9,0.9914754263417387,0.006481818186381452,0.002848115915930218
13,10,0.9914754285468625,0.006481824608763528,0.00284811659319454
13,11,0.9914754304460375,0.006481831180197074,0.002848116663587167
13,12,0.9914754320177426,0.006481837826224837,0.002848116126310722
13,13,0.9914754332441735,0.006481844471544493,0.00284811498745304
13,14,0.9914754341114338,0.006481851040861778,0.002848113259918134
13,15,0.9914754346096945,0.006481857459743638,0.002848110963279998
13,16,0.9914754347333123,0.006481863655461596,0.002848108123560811
13,17,0.9914754344808865,0.006481869557815758,0.00284810477293606
13,18,0.9914754338552754,0.006481875099930206,0.002848100949369976
13,19,0.9914754328635702,0.006481880219010749,0.002848096696185369
13,20,0.9914754315170076,0.00648188485705637,0.002848092061572747
13,21,0.9914754298308428,0.006481888961516409,0.002848087098044285
13,22,0.9914754278241813,0.00648189248588598,0.002848081861838839
13,23,0.9914754255197605,0.006481895390232897,0.002848076412284741
13,24,0.9914754229436904,0.006481897641650076,0.00284807081112757
13,25,0.9914754201251579,0.006481899214628388,0.002848065121830556
13,26,0.9914754170960987,0.00648190009134568,0.002848059408855529
13,27,0.9914754138908325,0.006481900261868659,0.002848053736932541
13,28,0.9914754105456784,0.006481899724265465,0.002848048170326464
13,29,0.9914754070985365,0.006481898484627496,0.00284804277210885
13,30,0.9914754035884645,0.006481896557000428,0.002848037603443325
13,31,0.9914754000552326,0.006481893963225043,0.002848032722892598
13,32,0.9914753965388746,0.006481890732689784,0.002848028185754938
13,33,0.9914753930792314,0.00648188690199776,0.00284802404343763
13,34,0.9914753897155019,0.006481882514552052,0.002848020342874536
13,35,0.9914753864857982,0.006481877620063923,0.002848017125994312
13,36,0.991475383426715,0.006481872273989611,0.002848014429245362
13,37,0.9914753805729112,0.006481866536901948,0.00284801228318285
13,38,0.9914753779567229,0.006481860473804111,0.002848010712122517
13,39,0.9914753756077924,0.006481854153393088,0.002848009733865166
13,40,0.9914753735527331,0.006481847647281316,0.002848009359494959
13,41,0.9914753718148293,0.006481841029185332,0.002848009593253843
13,42,0.9914753704137732,0.006481834374090544,0.002848010432493472
13,43,0.9914753693654388,0.006481827757401612,0.002848011867705204
13,44,0.9914753686817046,0.006481821254088128,0.002848013882627834
13,45,0.9914753683703174,0.006481814937835169,0.002848016454431816
13,46,0.9914753684348055,0.006481808880208439,0.002848019553977929
13,47,0.9914753688744382,0.006481803149843379,0.002848023146147406
13,48,0.991475369684235,0.006481797811667522,0.002848027190239842
13,49,0.9914753708550204,0.006481792926164773,0.002848031640434311
13,50,0.991475372373528,0.006481788548690127,0.002848036446308533
13,51,0.9914753742225539,0.006481784728842435,0.002848041553410164
13,52,0.9914753763811485,0.006481781509902416,0.002848046903873757
13,53,0.9914753788248519,0.006481778928342238,0.002848052437076391
13,54,0.9914753815259785,0.006481777013412305,0.002848058090324574
13,55,0.9914753844539221,0.006481775786809792,0.002848063799564575
13,56,0.9914753875755095,0.006481775262432836,0.002848069500108202
13,57,0.9914753908553703,0.006481775446223035,0.002848075127365748
13,58,0.9914753942563431,0.006481776336098152,0.002848080617577842
13,59,0.9914753977398935,0.006481777921975673,0.002848085908537878
14,0,0.9917279164003764,0.006654408370355551,0.00235076505225178
14,1,0.9917279197604435,0.006654409822666396,0.002350770291102155
14,2,0.9917279231686316,0.006654411944757526,0.002350775287921807
14,3,0.9917279265863256,0.006654414712584841,0.002350779986094474
14,4,0.9917279299747996,0.006654418094787672,0.002350784332387685
14,5,0.9917279332956628,0.006654422053044189,0.002350788277555936
14,6,0.9917279365112875,0.006654426542505531,0.002350791776898656
14,7,0.9917279395852389,0.006654431512303995,0.002350794790766694
14,8,0.9917279424826883,0.006654436906129439,0.002350797285011581
14,9,0.9917279451708055,0.006654442662867278,0.002350799231372446
14,10,0.991727947619134,0.006654448717291004,0.002350800607796234
14,11,0.9917279497999332,0.006654455000801234,0.00235080139868758
14,12,0.9917279516884931,0.006654461442202975,0.002350801595085506
14,13,0.9917279532634149,0.006654467968512323,0.002350801194764948
14,14,0.991727954506856,0.006654474505783422,0.002350800202261965
14,15,0.9917279554047272,0.006654480979946255,0.002350798628822322
14,16,0.9917279559468531,0.00665448731764591,0.002350796492274048
14,17,0.9917279561270935,0.006654493447073722,0.002350793816825437
14,18,0.9917279559434058,0.006654499298780879,0.002350790632790732
14,19,0.9917279553978712,0.0066545048064653,0.002350786976246632
14,20,0.9917279544966706,0.006654509907722875,0.002350782888623521
14,21,0.9917279532500169,0.006654514544754526,0.002350778416236033
14,22,0.9917279516720334,0.006654518665021075,0.002350773609758277
14,23,0.9917279497805991,0.006654522221838548,0.002350768523649671
14,24,0.9917279475971471,0.006654525174907121,0.002350763215537898
14,25,0.9917279451464137,0.006654527490767672,0.002350757745565946
14,26,0.9917279424561699,0.00665452914318093,0.002350752175710687
14,27,0.9917279395568953,0.006654530113424696,0.002350746569080633
14,28,0.9917279364814409,0.006654530390506,0.002350740989200917
14,29,0.9917279332646517,0.006654529971285596,0.002350735499293526
14,30,0.9917279299429763,0.00665452886051357,0.002350730161560997
14,31,0.9917279265540503,0.006654527070775467,0.002350725036481639
14,32,0.9917279231362708,0.006654524622349722,0.002350720182124314
14,33,0.9917279197283638,0.006654521542977912,0.002350715653490508
14,34,0.9917279163689405,0.0066545178675504,0.002350711501891152
14,35,0.9917279130960663,0.006654513637711072,0.002350707774365274
14,36,0.991727909946823,0.006654508901385459,0.002350704513147023
14,37,0.9917279069568916,0.006654503712237749,0.002350701755187154
14,38,0.9917279041601509,0.006654498129062765,0.002350699531734373
14,39,0.9917279015882883,0.006654492215119783,0.002350697867981264
14,40,0.9917278992704439,0.006654486037415798,0.002350696782778858
14,41,0.9917278972328796,0.006654479665946333,0.00235069628842304
14,42,0.9917278954986807,0.00665447317290236,0.002350696390515225
14,43,0.991727894087499,0.006654466631852407,0.002350697087898899
14,44,0.9917278930153214,0.006654460116908955,0.002350698372672694
14,45,0.991727892294297,0.006654453701888787,0.002350700230279924
14,46,0.9917278919325959,0.006654447459476609,0.002350702639673497
14,47,0.9917278919343161,0.00665444146040148,0.002350705573554364
14,48,0.9917278922994375,0.006654435772635447,0.002350708998680822
14,49,0.991727893023824,0.006654430460623371,0.00235071287624513
14,50,0.9917278940992679,0.006654425584552722,0.0023507171623132
14,51,0.9917278955135832,0.006654421199671598,0.002350721808322373
14,52,0.9917278972507468,0.006654417355662759,0.002350726761631645
14,53,0.9917278992910757,0.006654414096080653,0.002350731966118101
14,54,0.9917279016114515,0.006654411457857922,0.002350737362812808
14,55,0.991727904185584,0.006654409470886957,0.002350742890568969
14,56,0.991727906984307,0.006654408157681187,0.00235074848675474
14,57,0.9917279099759115,0.006654407533120007,0.002350754087962895
14,58,0.9917279131265001,0.006654407604280153,0.002350759630729254
14,59,0.9917279164003759,0.006654408370355547,0.002350765052251779
15,0,0.9919800388110838,0.006759981664691016,0.001832768299243531
15,1,0.9919800419341791,0.006759982307619834,0.001832773674084165
15,2,0.9919800451464587,0.006759983630706682,0.001832778885155835
15,3,0.9919800484115247,0.006759985618960549,0.001832783873414711
15,4,0.9919800516923828,0.006759988249853743,0.001832788582341523
15,5,0.9919800549518589,0.006759991493577131,0.001832792958581941
15,6,0.9919800581530247,0.006759995313377867,0.001832796952551129
15,7,0.9919800612596054,0.006759999665975812,0.001832800518995551
15,8,0.9919800642364052,0.006760004502053996,0.001832803617505753
15,9,0.9919800670496945,0.006760009766817343,0.001832806212974206
15,10,0.9919800696675971,0.006760015400613612,0.001832808275993116
15,11,0.9919800720604524,0.00676002133960928,0.001832809783187629
15,12,0.9919800742011485,0.006760027516512825,0.001832810717480685
15,13,0.9919800760654288,0.006760033861337177,0.001832811068286497
15,14,0.9919800776321697,0.006760040302192712,0.001832810831630496
15,15,0.9919800788836212,0.006760046766101802,0.001832810010194355
15,16,0.991980079805603,0.00676005317982566,0.001832808613285578
15,17,0.9919800803876693,0.006760059470694161,0.001832806656732036
15,18,0.9919800806232241,0.006760065567429242,0.001832804162702609
15,19,0.9919800805095991,0.006760071400952485,0.001832801159455988
15,20,0.9919800800480821,0.006760076905167837,0.001832797681020479
15,21,0.9919800792439022,0.006760082017710482,0.001832793766808431
15,22,0.9919800781061704,0.006760086680653463,0.001832789461169669
15,23,0.9919800766477791,0.006760090841164051,0.001832784812888989
15,24,0.9919800748852516,0.006760094452102293,0.00183277987463339
15,25,0.9919800728385587,0.006760097472555171,0.001832774702355337
15,26,0.9919800705308893,0.006760099868300088,0.001832769354658788
15,27,0.9919800679883921,0.006760101612192661,0.0018327638921352
15,28,0.9919800652398723,0.006760102684474182,0.001832758376676986
15,29,0.9919800623164744,0.006760103072995549,0.00183275287077628
15,30,0.9919800592513196,0.006760102773354842,0.001832747436816864
15,31,0.9919800560791384,0.006760101788947238,0.001832742136367365
15,32,0.9919800528358729,0.00676010013092652,0.001832737029483663
15,33,0.991980049558269,0.006760097818078703,0.001832732174028452
15,34,0.9919800462834664,0.006760094876609219,0.001832727625015659
15,35,0.991980043048567,0.006760091339845949,0.001832723433987107
15,36,0.9919800398902244,0.006760087247861661,0.001832719648428561
15,37,0.991980036844224,0.006760082647019955,0.001832716311231693
15,38,0.9919800339450769,0.00676007758944993,0.001832713460208109
15,39,0.9919800312256325,0.006760072132455585,0.001832711127660943
15,40,0.9919800287167034,0.006760066337866515,0.001832709340018844
15,41,0.9919800264467161,0.006760060271337377,0.001832708117536534
15,42,0.9919800244413899,0.006760054001604023,0.001832707474065314
15,43,0.9919800227234463,0.006760047599704714,0.001832707416896126
15,44,0.9919800213123507,0.006760041138175263,0.001832707946676935
15,45,0.9919800202240909,0.006760034690227164,0.001832709057405382
15,46,0.991980019470998,0.006760028328918132,0.001832710736496783
15,47,0.9919800190616029,0.006760022126324299,0.001832712964926702
15,48,0.9919800190005473,0.00676001615272361,0.001832715717446496
15,49,0.9919800192885211,0.006760010475799474,0.00183271896286936
15,50,0.991980019922262,0.006760005159873908,0.001832722664423676
15,51,0.9919800208945887,0.00676000026517871,0.001832726780169627
15,52,0.9919800221944854,0.006759995847173003,0.001832731263474384
15,53,0.9919800238072229,0.006759991955914824,0.001832736063540452
15,54,0.9919800257145304,0.006759988635493965,0.001832741125981238
15,55,0.9919800278947958,0.006759985923532383,0.001832746393437254
15,56,0.9919800303233165,0.006759983850757955,0.001832751806226045
15,57,0.9919800329725769,0.006759982440656306,0.001832757303018412
15,58,0.9919800358125586,0.006759981709204698,0.001832762821533311
15,59,0.9919800388110845,0.006759981664691022,0.001832768299243533
16,0,0.9922283980865078,0.006795382424147148,0.001297939345970747
16,1,0.9922284009101855,0.006795382266061961,0.001297944780116129
16,2,0.9922284038589968,0.00679538279216266,0.001297950131829922
16,3,0.9922284068995344,0.006795383996488525,0.001297955340474796
16,4,0.9922284099973431,0.006795385865394128,0.001297960347034413
16,5,0.9922284131173255,0.006795388377704041,0.001297965094782134
16,6,0.9922284162241314,0.00679539150495269,0.001297969529923756
16,7,0.9922284192825592,0.006795395211706905,0.001297973602207036
16,8,0.9922284222579552,0.006795399455967392,0.001297977265491086
16,9,0.9922284251166071,0.006795404189644657,0.001297980478269183
16,10,0.992228427826125,0.00679540935910387,0.001297983204139075
16,11,0.9922284303558088,0.006795414905772627,0.001297985412215445
16,12,0.9922284326769966,0.006795420766804611,0.001297987077479865
16,13,0.992228434763389,0.00679542687579168,0.001297988181064266
16,14,0.9922284365913436,0.00679543316351629,0.001297988710464715
16,15,0.9922284381401513,0.006795439558735815,0.001297988659683096
16,16,0.9922284393922618,0.006795445988989677,0.00129798802929504
16,17,0.9922284403334908,0.00679545238142042,0.001297986826443403
16,18,0.99222844095317,0.006795458663599148,0.001297985064757306
16,19,0.9922284412442812,0.00679546476434625,0.001297982764197707
16,20,0.9922284412035246,0.00679547061453783,0.001297979950831212
16,21,0.9922284408313624,0.006795476147888966,0.001297976656534713
16,22,0.9922284401320118,0.00679548130170473,0.001297972918634208
16,23,0.9922284391133955,0.006795486017590545,0.001297968779481858
16,24,0.9922284377870575,0.006795490242113839,0.001297964285976124
16,25,0.9922284361680227,0.006795493927409382,0.001297959489030362
16,26,0.992228434274638,0.006795497031721692,0.001297954442995966
16,27,0.9922284321283549,0.006795499519878024,0.001297949205046526
16,28,0.9922284297534927,0.006795501363686922,0.001297943834530034
16,29,0.9922284271769581,0.006795502542257594,0.001297938392296444
16,30,0.992228424427946,0.006795503042236614,0.001297932940008234
16,31,0.9922284215376034,0.006795502857959195,0.001297927539441745
16,32,0.9922284185386787,0.006795501991513383,0.001297922251787249
16,33,0.9922284154651506,0.006795500452716401,0.001297917136955653
16,34,0.9922284123518449,0.006795498259003423,0.001297912252899704
16,35,0.9922284092340352,0.006795495435230029,0.001297907654957373
16,36,0.992228406147048,0.006795492013390577,0.00129790339522487
16,37,0.9922284031258595,0.006795488032255709,0.001297899521966384
16,38,0.9922284002047015,0.006795483536933061,0.001297896079067244
16,39,0.9922283974166713,0.006795478578356168,0.001297893105536684
16,40,0.9922283947933584,0.006795473212707371,0.001297890635065864
16,41,0.9922283923644863,0.00679546750078127,0.001297888695646138
16,42,0.9922283901575744,0.006795461507295898,0.001297887309251903
16,43,0.9922283881976283,0.00679545530015948,0.00129788649159163
16,44,0.9922283865068542,0.006795448949701017,0.001297886251929875
16,45,0.9922283851044097,0.006795442527873469,0.00129788659298231
16,46,0.9922283840061855,0.006795436107438515,0.001297887510884941
16,47,0.9922283832246239,0.006795429761142143,0.001297888995237881
16,48,0.9922283827685802,0.00679542356089041,0.001297891029223168
16,49,0.992228382643223,0.006795417576934737,0.001297893589795304
16,50,0.9922283828499721,0.006795411877075871,0.00129789664794234
16,51,0.9922283833864844,0.006795406525895685,0.001297900169014578
16,52,0.99222838424668,0.006795401584025409,0.001297904113117147
16,53,0.9922283854208149,0.006795397107458674,0.001297908435562018
16,54,0.9922283868955849,0.006795393146917013,0.001297913087374317
16,55,0.9922283886542809,0.006795389747275211,0.001297918015847238
16,56,0.9922283906769753,0.006795386947052827,0.001297923165139224
16,57,0.9922283929407514,0.006795384777977782,0.001297928476906687
16,58,0.9922283954199592,0.00679538326462684,0.001297933890965065
16,59,0.9922283980865076,0.006795382424147149,0.001297939345970746
17,0,0.9924696591117217,0.006757771218398084,0.0007506040510430605
17,1,0.9924696615836182,0.006757770271637966,0.0007506094635420342
17,2,0.9924696642103999,0.00675777000747068,0.0007506148768202916
17,3,0.9924696669623038,0.006757770428889604,0.0007506202295429902
17,4,0.9924696698081523,0.006757771531120076,0.0007506254610613653
17,5,0.9924696727156972,0.006757773301673453,0.0007506305120999065
17,6,0.9924696756519961,0.006757775720488636,0.0007506353254279897
17,7,0.9924696785837795,0.006757778760159352,0.000750639846508331
17,8,0.9924696814778311,0.006757782386244695,0.0007506440241149366
17,9,0.9924696843013585,0.006757786557659353,0.0007506478109135294
17,10,0.9924696870223696,0.006757791227139175,0.0007506511639978879
17,11,0.9924696896100351,0.006757796341776728,0.0007506540453760094
17,12,0.9924696920350345,0.006757801843620763,0.0007506564224005862
17,13,0.9924696942698927,0.00675780767033286,0.000750658268138924
17,14,0.9924696962892873,0.006757813755893749,0.0007506595616781011
17,15,0.992469698070337,0.006757820031351329,0.0007506602883619164
17,16,0.9924696995928626,0.006757826425601951,0.0007506604399569431
17,17,0.9924697008396126,0.006757832866196013,0.0007506600147458016
17,18,0.9924697017964617,0.006757839280158874,0.0007506590175466047
17,19,0.9924697024525669,0.006757845594817661,0.00075065745965835
17,20,0.9924697028004945,0.006757851738624716,0.0007506553587328835
17,21,0.9924697028363031,0.006757857641968263,0.0007506527385748831
17,22,0.9924697025595868,0.006757863237961162,0.0007506496288721275
17,23,0.9924697019734808,0.006757868463198738,0.0007506460648591085
17,24,0.9924697010846261,0.006757873258477209,0.0007506420869177992
17,25,0.992469699903094,0.006757877569464479,0.0007506377401200978
17,26,0.9924696984422706,0.006757881347315691,0.0007506330737171309
17,27,0.9924696967187095,0.006757884549226674,0.0007506281405812142
17,28,0.9924696947519379,0.00675788713891886,0.000750622996606776
17,29,0.9924696925642418,0.006757889087050355,0.0007506177000770534
17,30,0.9924696901804073,0.00675789037154833,0.0007506123110037171
17,31,0.9924696876274456,0.006757890977859143,0.0007506068904469247
17,32,0.9924696849342817,0.006757890899113213,0.0007506014998234944
17,33,0.9924696821314311,0.006757890136202869,0.0007505962002110423
17,34,0.9924696792506508,0.006757888697772228,0.0007505910516559628
17,35,0.9924696763245818,0.006757886600119294,0.0007505861124930985
17,36,0.9924696733863766,0.00675788386701125,0.000750581438684794
17,37,0.9924696704693275,0.006757880529415202,0.0007505770831868378
17,38,0.9924696676064848,0.006757876625147284,0.0007505730953484609
17,39,0.9924696648302853,0.006757872198444185,0.0007505695203532025
17,40,0.9924696621721858,0.006757867299461946,0.0007505663987069712
17,41,0.9924696596623024,0.006757861983707645,0.0007505637657791047
17,42,0.9924696573290724,0.006757856311410521,0.0007505616514016293
17,43,0.992469655198934,0.006757850346839579,0.0007505600795312601
17,44,0.9924696532960207,0.0067578441575754,0.0007505590679779635
17,45,0.9924696516418938,0.006757837813744488,0.0007505586282031685
17,46,0.9924696502552957,0.006757831387224716,0.0007505587651899005
17,47,0.9924696491519368,0.006757824950830945,0.0007505594773863138
17,48,0.9924696483443181,0.006757818577490004,0.0007505607567232616
17,49,0.9924696478415896,0.006757812339414403,0.000750562588705705
17,50,0.9924696476494486,0.006757806307284126,0.0007505649525769284
17,51,0.9924696477700724,0.006757800549445777,0.0007505678215536965
17,52,0.9924696482020928,0.006757795131138142,0.0007505711631296979
17,53,0.9924696489406143,0.006757790113753025,0.0007505749394438385
17,54,0.9924696499772723,0.006757785554139652,0.0007505791077092118
17,55,0.9924696513003181,0.006757781503960488,0.0007505836206978771
17,56,0.9924696528947641,0.006757778009105956,0.0007505884272759769
17,57,0.9924696547425422,0.006757775109174418,0.0007505934729830971
17,58,0.992469656822718,0.006757772837023565,0.0007505987006493355
17,59,0.9924696591117222,0.006757771218398088,0.0007506040510430609
18,0,0.9927005856037212,0.00664461387011606,0.0001956535557130914
18,1,0.9927005876837124,0.006644612148727506,0.000195658863220439
18,2,0.9927005899411918,0.006644611103432566,0.0001956642551877033
18,3,0.9927005923505821,0.00664461074607518,0.0001956696705215697
18,4,0.9927005948845837,0.006644611080704614,0.0001956750478639121
18,5,0.9927005975144866,0.006644612103529544,0.0001956803262870087
18,6,0.9927006002104918,0.00664461380296101,0.0001956854459838847
18,7,0.9927006029420512,0.0066446161597437,0.0001956903489459623
18,8,0.9927006056782174,0.006644619147174152,0.000195694979620338
18,9,0.992700608387989,0.006644622731403324,0.0001956992855392399
18,10,0.9927006110406618,0.006644626871820123,0.0001957032179145313
18,11,0.9927006136061794,0.006644631521511612,0.0001957067321905219
18,12,0.9927006160554737,0.006644636627794564,0.0001957097885488214
18,13,0.9927006183607958,0.006644642132812422,0.0001957123523595111
18,14,0.9927006204960213,0.006644647974190785,0.0001957143945735212
18,15,0.992700622436961,0.006644654085744241,0.0001957158920517718
18,16,0.9927006241616202,0.00664466039822617,0.0001957168278273403
18,17,0.9927006256504584,0.006644666840113403,0.0001957171912976959
18,18,0.9927006268866069,0.006644673338416581,0.000195716978344818
18,19,0.9927006278560588,0.006644679819507159,0.0001957161913818407
18,20,0.9927006285478305,0.006644686209951674,0.0001957148393256985
18,21,0.9927006289540832,0.006644692437343776,0.0001957129374960802
18,22,0.9927006290702142,0.006644698431124651,0.0001957105074418367
18,23,0.9927006288949084,0.006644704123382483,0.000195707576696812
18,24,0.9927006284301508,0.006644709449621916,0.0001957041784678584
18,25,0.9927006276812077,0.006644714349494821,0.0001957003512585766
18,26,0.9927006266565659,0.006644718767484041,0.0001956961384330392
18,27,0.992700625367833,0.006644722653532368,0.0001956915877244445
18,28,0.992700623829613,0.00664472596360973,0.0001956867506942698
18,29,0.9927006220593333,0.006644728660211993,0.0001956816821480503
18,30,0.9927006200770533,0.006644730712785914,0.0001956764395144078
18,31,0.9927006179052322,0.006644732098075277,0.0001956710821943632
18,32,0.9927006155684782,0.006644732800384419,0.0001956656708883061
18,33,0.9927006130932674,0.006644732811756048,0.0001956602669082468
18,34,0.992700610507646,0.006644732132061432,0.0001956549314831405
18,35,0.9927006078409086,0.006644730769001833,0.000195649725065154
18,36,0.9927006051232722,0.006644728738021287,0.000195644706644734
18,37,0.9927006023855273,0.006644726062131566,0.0001956399330822353
18,38,0.9927005996586947,0.006644722771651478,0.0001956354584636841
18,39,0.9927005969736697,0.006644718903863305,0.0001956313334879725
18,40,0.9927005943608744,0.006644714502590383,0.0001956276048924312
18,41,0.9927005918499138,0.00664470961770058,0.0001956243149232888
18,42,0.9927005894692383,0.006644704304541271,0.0001956215008570159
18,43,0.9927005872458193,0.006644698623312234,0.0001956191945779781
18,44,0.9927005852048518,0.006644692638383661,0.0001956174222171855
18,45,0.9927005833694584,0.006644686417566764,0.0001956162038562229
18,46,0.9927005817604369,0.006644680031345566,0.0001956155532997223
18,47,0.9927005803960165,0.006644673552078244,0.0001956154779189464
18,48,0.9927005792916579,0.00664466705317734,0.0001956159785682616
18,49,0.9927005784598726,0.006644660608277941,0.0001956170495754416
18,50,0.9927005779100841,0.006644654290403359,0.0001956186788059166
18,51,0.9927005776485238,0.006644648171137756,0.0001956208478002408
18,52,0.9927005776781547,0.006644642319815002,0.0001956235319832214
18,53,0.9927005779986394,0.00664463680273309,0.0001956267009423455
18,54,0.9927005786063481,0.00664463168240297,0.0001956303187723503
18,55,0.9927005794943945,0.006644627016840243,0.0001956343444820315
18,56,0.9927005806527175,0.006644622858907842,0.0001956387324586854
18,57,0.9927005820681942,0.006644619255717081,0.0001956434329849154
18,58,0.9927005837247848,0.006644616248093847,0.0001956483928019508
18,59,0.9927005856037199,0.006644613870116052,0.0001956535557130911
19,0,0.9929181191587088,0.006453734677037632,-0.0003613572387073792
19,1,0.9929181208210627,0.006453732194639852,-0.0003613521194096807
19,2,0.992918122675604,0.006453730377542833,-0.0003613468330962432
19,3,0.9929181247013215,0.006453729246335414,-0.0003613414396631976
19,4,0.9929181268752634,0.006453728813834973,-0.0003613360002204533
19,5,0.9929181291727959,0.006453729084942158,-0.0003613305763992984
19,6,0.9929181315678898,0.006453730056585363,-0.0003613252296540903
19,7,0.992918134033407,0.006453731717755478,-0.000361320020565941
19,8,0.9929181365414105,0.006453734049630669,-0.0003613150081562943
19,9,0.9929181390634877,0.006453737025789641,-0.0003613102492181689
19,10,0.9929181415710587,0.006453740612511009,-0.0003613057976726434
19,11,0.9929181440357147,0.006453744769155441,-0.0003613017039578873
19,12,0.9929181464295276,0.006453749448626127,-0.0003612980144576505
19,13,0.9929181487253766,0.006453754597902437,-0.0003612947709757002
19,14,0.9929181508972476,0.006453760158640677,-0.0003612920102621538
19,15,0.9929181529205333,0.006453766067835142,-0.0003612897635970807
19,16,0.9929181547723075,0.006453772258532,-0.0003612880564360865
19,17,0.9929181564315889,0.006453778660587903,-0.000361286908121896
19,18,0.9929181578795778,0.006453785201464746,-0.0003612863316652024
19,19,0.992918159099868,0.006453791807051546,-0.0003612863335972603
19,20,0.9929181600786317,0.006453798402504167,-0.0003612869138958951
19,21,0.9929181608047797,0.00645380491309337,-0.0003612880659857664
19,22,0.9929181612700839,0.006453811265051523,-0.0003612897768128797
19,23,0.9929181614692729,0.006453817386408457,-0.0003612920269925079
19,24,0.9929181614000897,0.006453823207806911,-0.0003612947910288395
19,25,0.9929181610633174,0.006453828663288361,-0.0003612980376038735
19,26,0.9929181604627715,0.006453833691040363,-0.0003613017299322814
19,27,0.9929181596052579,0.006453838234096869,-0.000361305826178217
19,28,0.9929181585004917,0.006453842240983647,-0.0003613102799293489
19,29,0.9929181571609902,0.006453845666301459,-0.0003613150407227434
19,30,0.9929181556019305,0.006453848471240461,-0.0003613200546166391
19,31,0.9929181538409788,0.006453850624019883,-0.0003613252648016311
19,32,0.9929181518980863,0.006453852100248135,-0.0003613306122443409
19,33,0.9929181497952676,0.00645385288319917,-0.0003613360363562823
19,34,0.9929181475563484,0.006453852964002,-0.0003613414756803399
19,35,0.9929181452066972,0.006453852341741228,-0.0003613468685870913
19,36,0.9929181427729347,0.006453851023467381,-0.0003613521539730769
19,37,0.9929181402826395,0.006453849024117084,-0.0003613572719531157
19,38,0.992918137764025,0.006453846366343731,-0.0003613621645388124
19,39,0.9929181352456302,0.006453843080260859,-0.0003613667762955794
19,40,0.9929181327559881,0.0064538392031009,-0.0003613710549707189
19,41,0.9929181303233076,0.006453834778793339,-0.000361374952085455
19,42,0.9929181279751522,0.006453829857466973,-0.0003613784234842031
19,43,0.9929181257381278,0.006453824494881963,-0.0003613814298348559
19,44,0.992918123637579,0.006453818751798065,-0.0003613839370744163
19,45,0.9929181216973084,0.006453812693286271,-0.0003613859167949347
19,46,0.9929181199392968,0.006453806387991516,-0.000361387346565371
19,47,0.9929181183834664,0.006453799907355008,-0.0003613882101857479
19,48,0.9929181170474429,0.006453793324804704,-0.0003613884978707034
19,49,0.992918115946365,0.006453786714923422,-0.0003613882063603777
19,50,0.9929181150927071,0.006453780152603726,-0.0003613873389573634
19,51,0.9929181144961415,0.006453773712199369,-0.0003613859054893087
19,52,0.9929181141634282,0.00645376746668282,-0.0003613839221975891
19,53,0.9929181140983372,0.006453761486818418,-0.0003613814115533077
19,54,0.9929181143016035,0.006453755840360564,-0.0003613784020027063
19,55,0.9929181147709265,0.006453750591286085,-0.0003613749276448749
19,56,0.9929181155009874,0.006453745799069296,-0.0003613710278454021
19,57,0.9929181164835154,0.006453741518008191,-0.0003613667467903541
19,58,0.9929181177073783,0.006453737796609208,-0.0003613621329856314
19,59,0.9929181191587082,0.006453734677037629,-0.000361357238707379
20,0,0.9931194713524323,0.006183406472308415,-0.0009140987465114677
20,1,0.9931194725879159,0.006183403240397877,-0.0009140938952730385
20,2,0.9931194740218693,0.006183400659110781,-0.0009140887973404878
20,3,0.993119475638043,0.006183398757694588,-0.0009140835104754155
20,4,0.9931194774181253,0.006183397557693539,-0.0009140780945801845
20,5,0.9931194793419521,0.006183397072704495,-0.0009140726110192074
20,6,0.9931194813877221,0.006183397308222776,-0.0009140671219236501
20,7,0.9931194835322565,0.006183398261579971,-0.0009140616894874699
20,8,0.9931194857512563,0.006183399921974096,-0.0009140563752627108
20,9,0.9931194880195807,0.006183402270592065,-0.0009140512394620816
20,10,0.9931194903115286,0.00618340528082282,-0.0009140463402766894
20,11,0.9931194926011322,0.006183408918558921,-0.0009140417332166898
20,12,0.9931194948624478,0.00618341314258299,-0.0009140374704823053
20,13,0.9931194970698559,0.006183417905034801,-0.0009140336003723581
20,14,0.9931194991983449,0.006183423151953513,-0.0009140301667370035
20,15,0.9931195012237966,0.006183428823889095,-0.0009140272084808814
20,16,0.9931195031232639,0.006183434856575944,-0.0009140247591223107
20,17,0.9931195048752234,0.006183441181660976,-0.0009140228464135105
20,18,0.9931195064598245,0.00618344772747814,-0.000914021492026161
20,19,0.9931195078591131,0.00618345441986042,-0.0009140207113058664
20,20,0.9931195090572356,0.006183461182980191,-0.0009140205130982867
20,21,0.9931195100406154,0.006183467940208381,-0.0009140208996489202
20,22,0.9931195107981101,0.006183474614982772,-0.0009140218665776737
20,23,0.993119511321138,0.006183481131675486,-0.0009140234029285008
20,24,0.9931195116037707,0.006183487416449872,-0.0009140254912935462
20,25,0.9931195116428089,0.006183493398097149,-0.000914028108010408
20,26,0.9931195114378071,0.006183499008843164,-0.0009140312234302504
20,27,0.9931195109910896,0.00618350418511631,-0.0009140348022537634
20,28,0.9931195103077176,0.006183508868267759,-0.0009140388039311337
20,29,0.9931195093954339,0.006183513005235957,-0.0009140431831215104
20,30,0.993119508264575,0.006183516549147791,-0.0009140478902067442
20,31,0.9931195069279546,0.006183519459849682,-0.000914052871853594
20,32,0.9931195054007169,0.006183521704362508,-0.000914058071618011
20,33,0.9931195037001666,0.006183523257255305,-0.0009140634305846725
20,34,0.9931195018455716,0.006183524100933392,-0.0009140688880345071
20,35,0.9931194998579453,0.006183524225837747,-0.0009140743821326552
20,36,0.9931194977598091,0.006183523630553306,-0.0009140798506290717
20,37,0.9931194955749357,0.006183522321824988,-0.0009140852315638313
20,38,0.9931194933280799,0.006183520314481263,-0.0009140904639691483
20,39,0.9931194910447003,0.006183517631266106,-0.0009140954885601536
20,40,0.9931194887506687,0.006183514302581284,-0.0009141002484066044
20,41,0.9931194864719771,0.006183510366141883,-0.000914104689577913
20,42,0.9931194842344435,0.006183505866548978,-0.0009141087617541853
20,43,0.9931194820634213,0.006183500854784315,-0.0009141124187963503
20,44,0.9931194799835086,0.006183495387632691,-0.000914115619268913
20,45,0.9931194780182709,0.006183489527038607,-0.0009141183269094204
20,46,0.993119476189976,0.006183483339404463,-0.0009141205110393156
20,47,0.993119474519337,0.006183476894838219,-0.0009141221469115265
20,48,0.9931194730252862,0.006183470266359104,-0.0009141232159908664
20,49,0.9931194717247495,0.00618346352907023,-0.0009141237061640411
20,50,0.993119470632462,0.006183456759307688,-0.000914123611876918
20,51,0.9931194697608006,0.006183450033775595,-0.0009141229341974749
20,52,0.99311946911964,0.006183443428676967,-0.0009141216808037177
20,53,0.9931194687162456,0.006183437018850312,-0.0009141198658967124
20,54,0.9931194685551875,0.006183430876921647,-0.0009141175100396962
20,55,0.9931194686382909,0.006183425072481626,-0.0009141146399251082
20,56,0.9931194689646143,0.006183419671297053,-0.0009141112880721613
20,57,0.9931194695304595,0.006183414734565728,-0.0009141074924583952
20,58,0.9931194703294162,0.006183410318223087,-0.0009141032960893841
20,59,0.9931194713524321,0.006183406472308414,-0.0009140987465114676
21,0,0.9933022281573232,0.005832494241885451,-0.001455351524324065
21,1,0.993302228975163,0.005832490269007256,-0.001455347013668931
21,2,0.993302229989131,0.005832486928289314,-0.001455342181363787
21,3,0.9933022311877375,0.005832484257583821,-0.001455337082160473
21,4,0.9933022325574025,0.005832482287151449,-0.00145533177383497
21,5,0.993302234082607,0.005832481039318433,-0.001455326316532783
21,6,0.9933022357460687,0.005832480528223541,-0.001455320772087476
21,7,0.9933022375289414,0.00583248075965786,-0.001455315203320071
21,8,0.9933022394110248,0.005832481730999188,-0.001455309673327248
21,9,0.9933022413709932,0.005832483431241721,-0.001455304244766423
21,10,0.9933022433866413,0.005832485841120814,-0.001455298979145788
21,11,0.993302245435131,0.005832488933331268,-0.00145529393612737
21,12,0.9933022474932521,0.00583249267283676,-0.001455289172851013
21,13,0.9933022495376836,0.005832497017266832,-0.001455284743286932
21,14,0.9933022515452645,0.005832501917397011,-0.001455280697624198
21,15,0.9933022534932465,0.005832507317706516,-0.00145527708170205
21,16,0.9933022553595575,0.005832513157007333,-0.001455273936490517
21,17,0.9933022571230514,0.005832519369137503,-0.001455271297626209
21,18,0.9933022587637483,0.005832525883710761,-0.001455269195008539
21,19,0.9933022602630568,0.00583253262691402,-0.001455267652460953
21,20,0.9933022616039898,0.005832539522343761,-0.001455266687461004
21,21,0.9933022627713535,0.005832546491871718,-0.001455266310942336
21,22,0.9933022637519217,0.005832553456530139,-0.001455266527170795
21,23,0.9933022645345818,0.005832560337406546,-0.001455267333696112
21,24,0.9933022651104685,0.005832567056537896,-0.001455268721379677
21,25,0.9933022654730531,0.005832573537793877,-0.001455270674498085
21,26,0.9933022656182317,0.005832579707739563,-0.001455273170921324
21,27,0.9933022655443551,0.005832585496467348,-0.001455276182363518
21,28,0.9933022652522628,0.005832590838389057,-0.001455279674703453
21,29,0.9933022647452626,0.005832595672979011,-0.001455283608371198
21,30,0.9933022640291006,0.005832599945459793,-0.001455287938796466
21,31,0.9933022631118902,0.005832603607422862,-0.001455292616913626
21,32,0.9933022620040241,0.005832606617377058,-0.001455297589717644
21,33,0.9933022607180553,0.005832608941218691,-0.001455302800864651
21,34,0.9933022592685542,0.005832610552617977,-0.001455308191310337
21,35,0.9933022576719452,0.005832611433317369,-0.001455313699978944
21,36,0.9933022559463183,0.005832611573338417,-0.001455319264455267
21,37,0.9933022541112252,0.005832610971094819,-0.001455324821691831
21,38,0.9933022521874597,0.005832609633410385,-0.001455330308723245
21,39,0.9933022501968175,0.005832607575441662,-0.0014553356633796
21,40,0.9933022481618549,0.005832604820506218,-0.001455340824990885
21,41,0.993302246105628,0.005832601399818381,-0.001455345735074375
21,42,0.9933022440514346,0.005832597352135593,-0.001455350337997254
21,43,0.9933022420225508,0.005832592723319287,-0.001455354581606944
21,44,0.9933022400419639,0.005832587565815282,-0.001455358417821982
21,45,0.9933022381321146,0.005832581938059597,-0.00145536180317679
21,46,0.9933022363146432,0.005832575903816421,-0.00145536469931414
21,47,0.9933022346101409,0.005832569531455661,-0.001455367073419733
21,48,0.9933022330379215,0.005832562893178338,-0.001455368898594005
21,49,0.9933022316157986,0.005832556064198527,-0.001455370154156902
21,50,0.9933022303598846,0.005832549121891137,-0.0014553708258822
21,51,0.9933022292844093,0.005832542144915229,-0.001455370906158718
21,52,0.9933022284015577,0.00583253521232273,-0.001455370394076569
21,53,0.9933022277213326,0.00583252840266273,-0.001455369295437488
21,54,0.9933022272514415,0.005832521793091471,-0.001455367622689123
21,55,0.9933022269972084,0.005832515458498133,-0.001455365394784005
21,56,0.9933022269615136,0.005832509470656318,-0.001455362636964828
21,57,0.9933022271447615,0.00583250389741085,-0.001455359380478445
21,58,0.9933022275448753,0.005832498801909085,-0.001455355662221837
21,59,0.9933022281573229,0.005832494241885449,-0.001455351524324065
22,0,0.9934644623828065,0.005400671932110603,-0.001976903916943713
22,1,0.9934644628122898,0.00540066722444053,-0.001976899807554528
22,2,0.9934644634271308,0.005400663126371739,-0.001976895308108856
22,3,0.9934644642203624,0.00540065968433757,-0.001976890469587016
22,4,0.9934644651829957,0.005400656937338236,-0.001976885346811265
22,5,0.9934644663041247,0.00540065491649888,-0.001976879997824664
22,6,0.9934644675710479,0.005400653644716861,-0.00197687448323342
22,7,0.9934644689694082,0.005400653136402247,-0.001976868865520206
22,8,0.9934644704833641,0.005400653397314581,-0.001976863208336204
22,9,0.9934644720957619,0.005400654424497583,-0.001976857575779894
22,10,0.9934644737883311,0.005400656206312688,-0.001976852031670773
22,11,0.9934644755418964,0.005400658722570963,-0.001976846638826235
22,12,0.99346447733659,0.005400661944761886,-0.001976841458349796
22,13,0.9934644791520767,0.005400665836376401,-0.001976836548938738
22,14,0.9934644809677854,0.005400670353320611,-0.001976831966219026
22,15,0.9934644827631437,0.005400675444415391,-0.00197682776211503
22,16,0.9934644845178117,0.005400681051976267,-0.001976823984261193
22,17,0.9934644862119059,0.005400687112466956,-0.001976820675462298
22,18,0.9934644878262321,0.00540069355721929,-0.001976817873208473
22,19,0.9934644893425,0.005400700313211241,-0.00197681560925042
22,20,0.9934644907435285,0.005400707303894311,-0.001976813909239657
22,21,0.9934644920134429,0.005400714450060886,-0.001976812792437879
22,22,0.9934644931378551,0.005400721670741743,-0.001976812271498724
22,23,0.9934644941040257,0.005400728884123478,-0.001976812352324399
22,24,0.9934644949010049,0.005400736008475516,-0.001976813033998809
22,25,0.9934644955197649,0.005400742963076191,-0.001976814308797961
22,26,0.9934644959532922,0.005400749669127305,-0.00197681616227748
22,27,0.9934644961966768,0.00540075605064695,-0.0019768185734363
22,28,0.9934644962471583,0.005400762035330346,-0.001976821514954628
22,29,0.9934644961041671,0.005400767555369079,-0.001976824953503521
22,30,0.9934644957693213,0.005400772548219314,-0.001976828850122517
22,31,0.9934644952464169,0.005400776957310472,-0.001976833160661112
22,32,0.9934644945413762,0.005400780732686139,-0.00197683783627899
22,33,0.9934644936621896,0.005400783831570137,-0.001976842823999428
22,34,0.9934644926188181,0.005400786218851187,-0.001976848067309533
22,35,0.9934644914230842,0.005400787867480747,-0.00197685350680056
22,36,0.9934644900885357,0.005400788758779485,-0.001976859080841021
22,37,0.9934644886302947,0.005400788882648922,-0.001976864726275006
22,38,0.9934644870648827,0.005400788237685803,-0.001976870379137737
22,39,0.9934644854100374,0.005400786831197988,-0.001976875975380327
22,40,0.9934644836845083,0.005400784679121588,-0.001976881451595457
22,41,0.993464481907848,0.005400781805840395,-0.001976886745735807
22,42,0.993464480100186,0.00540077824390957,-0.001976891797817048
22,43,0.9934644782820031,0.0054007740336868,-0.001976896550597483
22,44,0.9934644764739013,0.005400769222875075,-0.001976900950226592
22,45,0.9934644746963688,0.005400763865982231,-0.00197690494685516
22,46,0.9934644729695424,0.005400758023703394,-0.001976908495200057
22,47,0.9934644713129902,0.005400751762233384,-0.00197691155505731
22,48,0.9934644697454812,0.005400745152516707,-0.001976914091757613
22,49,0.9934644682847757,0.005400738269443761,-0.001976916076559135
22,50,0.9934644669474232,0.005400731191002287,-0.001976917486973187
22,51,0.9934644657485759,0.005400723997393733,-0.001976918307019033
22,52,0.9934644647018183,0.005400716770124513,-0.00197691852740498
22,53,0.9934644638190083,0.005400709591082454,-0.001976918145633665
22,54,0.9934644631101501,0.005400702541608992,-0.001976917166030378
22,55,0.9934644625832736,0.005400695701577503,-0.001976915599694063
22,56,0.9934644622443504,0.005400689148488352,-0.00197691346437158
22,57,0.9934644620972179,0.005400682956590765,-0.001976910784256628
22,58,0.9934644621435443,0.005400677196041633,-0.001976907589715637
22,59,0.9934644623828059,0.005400671932110601,-0.001976903916943712
23,0,0.9936048438288092,0.00488873149411553,-0.002469493020260116
23,1,0.993604843920134,0.004888726058054376,-0.002469489356326425
23,2,0.9936048441783114,0.004888721204160233,-0.002469485242122972
23,3,0.9936048446004188,0.0048887169874303,-0.002469480724265075
23,4,0.9936048451816717,0.004888713455642467,-0.002469475853941661
23,5,0.9936048459154826,0.004888710648813927,-0.002469470686335311
23,6,0.9936048467935399,0.004888708598747719,-0.002469465279997033
23,7,0.9936048478058945,0.004888707328672305,-0.002469459696182859
23,8,0.9936048489410748,0.004888706852978368,-0.002469453998159782
23,9,0.9936048501862207,0.004888707177055766,-0.002469448250488924
23,10,0.9936048515272238,0.004888708297232476,-0.002469442518294003
23,11,0.993604852948891,0.004888710200816246,-0.002469436866523445
23,12,0.9936048544351141,0.004888712866238439,-0.002469431359214459
23,13,0.9936048559690556,0.004888716263298463,-0.00246942605876746
23,14,0.9936048575333324,0.004888720353505944,-0.002469421025239003
23,15,0.9936048591102237,0.004888725090516891,-0.002469416315661337
23,16,0.9936048606818605,0.004888730420658739,-0.002469411983396154
23,17,0.9936048622304386,0.0048887362835385,-0.002469408077530005
23,18,0.9936048637384088,0.004888742612726985,-0.002469404642318099
23,19,0.9936048651886873,0.004888749336511524,-0.002469401716682887
23,20,0.9936048665648409,0.004888756378708481,-0.002469399333773042
23,21,0.9936048678512766,0.004888763659526493,-0.002469397520587875
23,22,0.9936048690334184,0.004888771096470575,-0.002469396297671411
23,23,0.9936048700978729,0.004888778605276874,-0.002469395678879632
23,24,0.9936048710325794,0.004888786100867448,-0.00246939567122347
23,25,0.9936048718269459,0.004888793498314241,-0.002469396274789384
23,26,0.9936048724719708,0.004888800713801359,-0.002469397482738394
23,27,0.9936048729603477,0.004888807665574724,-0.002469399281383587
23,28,0.9936048732865407,0.004888814274868314,-0.002469401650345207
23,29,0.9936048734468546,0.004888820466796598,-0.002469404562781596
23,30,0.993604873439472,0.00488882617120296,-0.002469407985693333
23,31,0.9936048732644769,0.00488883132345459,-0.002469411880297152
23,32,0.9936048729238527,0.004888835865174791,-0.00246941620246539
23,33,0.9936048724214582,0.004888839744904393,-0.002469420903225968
23,34,0.993604871762986,0.00488884291868486,-0.00246942592931728
23,35,0.993604870955897,0.004888845350556345,-0.002469431223791662
23,36,0.9936048700093364,0.004888847012965146,-0.002469436726660639
23,37,0.9936048689340278,0.004888847887075875,-0.002469442375574603
23,38,0.9936048677421571,0.004888847962984871,-0.002469448106529274
23,39,0.9936048664472281,0.004888847239832335,-0.002469453854590874
23,40,0.993604865063913,0.004888845725812042,-0.002469459554631854
23,41,0.9936048636078852,0.004888843438078454,-0.002469465142068806
23,42,0.9936048620956425,0.004888840402552335,-0.002469470553594207
23,43,0.9936048605443205,0.004888836653627063,-0.002469475727893706
23,44,0.9936048589714952,0.004888832233778945,-0.002469480606340807
23,45,0.9936048573949886,0.004888827193086034,-0.002469485133661127
23,46,0.993604855832664,0.004888821588660766,-0.00246948925855864
23,47,0.9936048543022207,0.004888815484002904,-0.002469492934296863
23,48,0.9936048528210009,0.004888808948280155,-0.002469496119228393
23,49,0.9936048514057884,0.004888802055544472,-0.002469498777266775
23,50,0.9936048500726169,0.004888794883893015,-0.002469500878295371
23,51,0.9936048488365912,0.004888787514583282,-0.002469502398508601
23,52,0.9936048477117153,0.004888780031112383,-0.002469503320681684
23,53,0.9936048467107349,0.004888772518270964,-0.002469503634365813
23,54,0.9936048458449908,0.004888765061182462,-0.002469503336006556
23,55,0.9936048451242926,0.004888757744338624,-0.002469502428984146
23,56,0.9936048445568045,0.004888750650642191,-0.002469500923575186
23,57,0.9936048441489582,0.004888743860467621,-0.00246949883683623
23,58,0.9936048439053728,0.004888737450750427,-0.002469496192410519
23,59,0.9936048438288084,0.004888731494115526,-0.002469493020260114
24,0,0.9937227281112976,0.004298994447030517,-0.002922837127236294
24,1,0.9937227279350834,0.004298988294301579,-0.002922833932475033
24,2,0.9937227279007949,0.004298982690199663,-0.002922830236667166
24,3,0.9937227280088184,0.004298977698222108,-0.002922826081687382
24,4,0.9937227282579328,0.004298973374930724,-0.002922821514613022
24,5,0.9937227286453136,0.00429896976931084,-0.002922816587190672
24,6,0.9937227291665715,0.004298966922216193,-0.002922811355249879
24,7,0.9937227298158003,0.004298964865906016,-0.002922805878070597
24,8,0.9937227305856471,0.004298963623679446,-0.00292280021771152
24,9,0.9937227314673864,0.004298963209611552,-0.002922794438306915
24,10,0.9937227324510286,0.004298963628393877,-0.002922788605339966
24,11,0.9937227335254307,0.004298964875281322,-0.002922782784900808
24,12,0.9937227346784181,0.004298966936145939,-0.002922777042937655
24,13,0.9937227358969276,0.004298969787637069,-0.002922771444509593
24,14,0.9937227371671545,0.004298973397445926,-0.002922766053049397
24,15,0.9937227384747063,0.004298977724671673,-0.002922760929644799
24,16,0.9937227398047682,0.004298982720284828,-0.002922756132346328
24,17,0.9937227411422698,0.004298988327682769,-0.002922751715509564
24,18,0.9937227424720572,0.00429899448333106,-0.002922747729179265
24,19,0.9937227437790629,0.004299001117483292,-0.002922744218522325
24,20,0.9937227450484787,0.004299008154971366,-0.002922741223316018
24,21,0.9937227462659207,0.004299015516057206,-0.002922738777497291
24,22,0.9937227474175964,0.004299023117336278,-0.002922736908778253
24,23,0.9937227484904545,0.004299030872682638,-0.002922735638332169
24,24,0.9937227494723404,0.004299038694224836,-0.002922734980553565
24,25,0.993722750352128,0.004299046493341552,-0.002922734942895138
24,26,0.9937227511198483,0.004299054181665716,-0.002922735525783312
24,27,0.9937227517668028,0.004299061672085727,-0.002922736722613428
24,28,0.9937227522856604,0.00429906887973242,-0.002922738519824589
24,29,0.9937227526705424,0.004299075722940636,-0.002922740897053328
24,30,0.9937227529170876,0.004299082124174449,-0.002922743827364356
24,31,0.9937227530225015,0.004299088010905682,-0.002922747277555758
24,32,0.9937227529855898,0.004299093316435654,-0.002922751208535208
24,33,0.9937227528067719,0.004299097980650928,-0.002922755575762913
24,34,0.9937227524880721,0.004299101950704416,-0.00292276032975626
24,35,0.9937227520331032,0.004299105181614212,-0.0029227654166505
24,36,0.9937227514470189,0.004299107636773233,-0.002922770778809032
24,37,0.9937227507364614,0.004299109288364011,-0.002922776355476483
24,38,0.9937227499094791,0.004299110117673815,-0.002922782083467055
24,39,0.9937227489754443,0.004299110115306655,-0.002922787897880476
24,40,0.9937227479449404,0.004299109281289657,-0.002922793732837329
24,41,0.9937227468296432,0.004299107625072712,-0.002922799522225481
24,42,0.9937227456421889,0.004299105165421359,-0.002922805200449156
24,43,0.9937227443960335,0.00429910193020417,-0.002922810703172157
24,44,0.9937227431052964,0.004299097956077002,-0.002922815968046792
24,45,0.9937227417846024,0.004299093288067719,-0.002922820935420279
24,46,0.9937227404489161,0.004299087979066091,-0.002922825549010624
24,47,0.9937227391133721,0.004299082089224598,-0.002922829756544292
24,48,0.9937227377931015,0.004299075685276934,-0.002922833510348468
24,49,0.9937227365030641,0.004299068839781935,-0.002922836767891207
24,50,0.9937227352578772,0.004299061630301471,-0.002922839492263332
24,51,0.993722734071649,0.004299054138521608,-0.00292284165259662
24,52,0.9937227329578184,0.004299046449327038,-0.002922843224413564
24,53,0.9937227319290051,0.004299038649839279,-0.00292284418990472
24,54,0.9937227309968673,0.004299030828429521,-0.002922844538130515
24,55,0.9937227301719651,0.004299023073717323,-0.002922844265145186
24,56,0.9937227294636455,0.004299015473566549,-0.002922843374041512
24,57,0.993722728879933,0.004299008114089867,-0.002922841874915767
24,58,0.9937227284274416,0.004299001078673109,-0.002922839784753342
24,59,0.993722728111298,0.004298994447030518,-0.002922837127236295
25,0,0.9938181949246765,0.003635812712910213,-0.00332582590971337
25,1,0.9938181945693247,0.003635805868211768,-0.003325823185307747
25,2,0.9938181943265504,0.003635799530963765,-0.003325819919114527
25,3,0.9938181941991048,0.003635793772970347,-0.003325816148140712
25,4,0.9938181941884314,0.003635788659472586,-0.003325811915112695
25,5,0.9938181942946495,0.003635784248409196,-0.003325807267992158
25,6,0.9938181945165572,0.003635780589759993,-0.003325802259432684
25,7,0.9938181948516394,0.003635777724979518,-0.003325796946183168
25,8,0.9938181952960984,0.003635775686527286,-0.003325791388444818
25,9,0.9938181958448999,0.003635774497500014,-0.003325785649189097
25,10,0.993818196491828,0.003635774171369931,-0.003325779793444194
25,11,0.9938181972295494,0.003635774711832151,-0.003325773887558209
25,12,0.9938181980497079,0.003635776112762896,-0.003325767998447424
25,13,0.9938181989430103,0.00363577835828889,-0.003325762192838077
25,14,0.9938181998993372,0.003635781422967264,-0.003325756536510328
25,15,0.9938182009078522,0.003635785272073807,-0.003325751093552909
25,16,0.9938182019571289,0.003635789861996411,-0.003325745925636983
25,17,0.9938182030352785,0.003635795140729174,-0.003325741091317354
25,18,0.9938182041300861,0.003635801048461629,-0.003325736645369033
25,19,0.9938182052291474,0.003635807518256393,-0.003325732638166593
25,20,0.9938182063200091,0.003635814476807605,-0.003325729115113397
25,21,0.993818207390311,0.003635821845271548,-0.003325726116127161
25,22,0.9938182084279278,0.003635829540160027,-0.003325723675187667
25,23,0.9938182094211012,0.003635837474286385,-0.00332572181995174
25,24,0.9938182103585793,0.003635845557753415,-0.003325720571439893
25,25,0.9938182112297378,0.003635853698971971,-0.003325719943798152
25,26,0.9938182120247082,0.003635861805698736,-0.003325719944137787
25,27,0.9938182127344811,0.003635869786081335,-0.003325720572454731
25,28,0.9938182133510143,0.003635877549699045,-0.003325721821629647
25,29,0.9938182138673224,0.003635885008587241,-0.003325723677508607
25,30,0.9938182142775549,0.003635892078234032,-0.003325726119063471
25,31,0.9938182145770625,0.003635898678537773,-0.003325729118630158
25,32,0.9938182147624525,0.003635904734714656,-0.003325732642222108
25,33,0.9938182148316234,0.00363591017814605,-0.003325736649915378
25,34,0.993818214783792,0.003635914947156002,-0.003325741096301
25,35,0.9938182146194994,0.003635918987710081,-0.003325745930999491
25,36,0.9938182143406076,0.003635922254027636,-0.003325751099231684
25,37,0.9938182139502763,0.003635924709100494,-0.003325756542439394
25,38,0.9938182134529286,0.003635926325112254,-0.003325762198948913
25,39,0.9938182128541994,0.003635927083753392,-0.003325768004669797
25,40,0.9938182121608719,0.003635926976428655,-0.00332577389382103
25,41,0.9938182113808033,0.003635926004354373,-0.003325779799676361
25,42,0.9938182105228326,0.003635924178544622,-0.003325785655320314
25,43,0.9938182095966797,0.003635921519686408,-0.003325791394406366
25,44,0.99381820861284,0.003635918057905304,-0.003325796951908672
25,45,0.9938182075824613,0.003635913832424149,-0.003325802264858809
25,46,0.9938182065172183,0.003635908891118716,-0.003325807273059219
25,47,0.9938182054291811,0.003635903289975345,-0.003325811919765265
25,48,0.9938182043306791,0.003635897092456665,-0.003325816152328145
25,49,0.9938182032341575,0.003635890368782568,-0.003325819922791412
25,50,0.99381820215204,0.003635883195134627,-0.003325823188434342
25,51,0.9938182010965885,0.003635875652792894,-0.003325825912255968
25,52,0.9938182000797624,0.003635867827214933,-0.003325828063394323
25,53,0.99381819911308,0.003635859807067492,-0.003325829617476099
25,54,0.9938181982074954,0.00363585168322186,-0.003325830556892841
25,55,0.993818197373268,0.003635843547724229,-0.003325830871000443
25,56,0.9938181966198504,0.003635835492752802,-0.003325830556239764
25,57,0.9938181959557805,0.00363582760957342,-0.003325829616176963
25,58,0.9938181953885797,0.003635819987505522,-0.003325828061463074
25,59,0.9938181949246756,0.00363581271291021,-0.003325825909713367
26,0,0.9938919991807946,0.002906101362332383,-0.003666942815636648
26,1,0.99389199874684,0.002906093872690607,-0.003666940541614356
26,2,0.9938919983944126,0.002906086840178189,-0.003666937694852033
26,3,0.9938919981275048,0.002906080344476797,-0.003666934307604411
26,4,0.9938919979491434,0.002906074459185981,-0.003666930418250161
26,5,0.9938919978613444,0.002906069250989162,-0.003666926070857013
26,6,0.9938919978651053,0.002906064778898018,-0.003666921314682534
26,7,0.9938919979603832,0.002906061093583752,-0.003666916203615956
26,8,0.9938919981460981,0.002906058236802912,-0.00366691079556765
26,9,0.993891998420144,0.002906056240924257,-0.003666905151812939
26,10,0.9938919987794177,0.002906055128562017,-0.003666899336297862
26,11,0.9938919992198503,0.002906054912319709,-0.00366689341491462
26,12,0.9938919997364489,0.002906055594647375,-0.003666887454754973
26,13,0.9938920003233627,0.002906057167813887,-0.003666881523350079
26,14,0.9938920009739416,0.002906059613994567,-0.003666875687905318
26,15,0.9938920016808152,0.00290606290547315,-0.00366687001453882
26,16,0.9938920024359742,0.002906067004955798,-0.003666864567532307
26,17,0.9938920032308631,0.002906071865993623,-0.003666859408602762
26,18,0.9938920040564743,0.002906077433508918,-0.003666854596203111
26,19,0.9938920049034554,0.002906083644419194,-0.003666850184859957
26,20,0.9938920057622103,0.002906090428351924,-0.003666846224555744
26,21,0.9938920066230071,0.002906097708441907,-0.003666842760162424
26,22,0.9938920074760946,0.002906105402202248,-0.003666839830933061
26,23,0.9938920083118066,0.002906113422459022,-0.003666837470057044
26,24,0.9938920091206755,0.002906121678339062,-0.00366683570428406
26,25,0.9938920098935328,0.00290613007629962,-0.003666834553620978
26,26,0.9938920106216254,0.00290613852118829,-0.003666834031105206
26,27,0.9938920112967002,0.002906146917321087,-0.003666834142656923
26,28,0.9938920119111105,0.002906155169566575,-0.003666834887012053
26,29,0.9938920124578919,0.002906163184423672,-0.003666836255736556
26,30,0.9938920129308508,0.002906170871081032,-0.003666838233322028
26,31,0.9938920133246271,0.002906178142445924,-0.003666840797361405
26,32,0.9938920136347591,0.002906184916131035,-0.00366684391880287
26,33,0.9938920138577316,0.002906191115387962,-0.00366684756227902
26,34,0.9938920139910186,0.002906196669976849,-0.003666851686507622
26,35,0.9938920140331103,0.002906201516962267,-0.003666856244759351
26,36,0.9938920139835289,0.002906205601426333,-0.003666861185387265
26,37,0.9938920138428364,0.002906208877090955,-0.003666866452411993
26,38,0.9938920136126262,0.002906211306842145,-0.003666871986156006
26,39,0.9938920132955069,0.002906212863150487,-0.003666877723919783
26,40,0.9938920128950715,0.002906213528382969,-0.003666883600692232
26,41,0.9938920124158577,0.002906213295002689,-0.003666889549887279
26,42,0.9938920118632948,0.002906212165654174,-0.003666895504098307
26,43,0.9938920112436447,0.0029062101531334,-0.003666901395861906
26,44,0.9938920105639274,0.002906207280242785,-0.003666907158422232
26,45,0.9938920098318463,0.002906203579532904,-0.003666912726487394
26,46,0.993892009055696,0.002906199092933727,-0.003666918036969202
26,47,0.9938920082442718,0.002906193871279643,-0.003666923029697994
26,48,0.9938920074067678,0.002906187973733545,-0.003666927648104353
26,49,0.9938920065526742,0.00290618146711656,-0.003666931839860071
26,50,0.9938920056916671,0.002906174425150943,-0.003666935557471024
26,51,0.9938920048335018,0.002906166927624759,-0.0036669387588153
26,52,0.9938920039879031,0.002906159059487815,-0.00366694140762047
26,53,0.9938920031644525,0.002906150909889081,-0.003666943473874542
26,54,0.9938920023724769,0.002906142571166541,-0.003666944934166005
26,55,0.993892001620952,0.002906134137800972,-0.003666945771949123
26,56,0.9938920009183914,0.002906125705345429,-0.003666945977731373
26,57,0.9938920002727559,0.002906117369342656,-0.003666945549181025
26,58,0.9938919996913619,0.002906109224242612,-0.00366694449115356
26,59,0.9938919991807942,0.002906101362332381,-0.003666942815636646
27,0,0.9939454024048736,0.002119783455270025,-0.003934974544316279
27,1,0.9939454019958021,0.002119775398928628,-0.003934972685613937
27,2,0.9939454016388047,0.002119767739250343,-0.003934970231856454
27,3,0.9939454013379234,0.002119760563022723,-0.003934967210845724
27,4,0.993945401096566,0.002119753951555838,-0.003934963656810865
27,5,0.9939454009174684,0.002119747979760914,-0.003934959610020388
27,6,0.9939454008026581,0.002119742715301451,-0.003934955116325931
27,7,0.993945400753435,0.002119738217826484,-0.003934950226642744
27,8,0.9939454007703575,0.00211973453829467,-0.00393494499637282
27,9,0.9939454008532335,0.002119731718396869,-0.003934939484777151
27,10,0.9939454010011235,0.002119729790083793,-0.003934933754304287
27,11,0.9939454012123531,0.002119728775204021,-0.003934927869882783
27,12,0.9939454014845284,0.002119728685256519,-0.003934921898185516
27,13,0.9939454018145665,0.002119729521260406,-0.003934915906874275
27,14,0.9939454021987288,0.002119731273743436,-0.003934909963833108
27,15,0.9939454026326612,0.002119733922849335,-0.003934904136399169
27,16,0.9939454031114494,0.002119737438562752,-0.003934898490599763
27,17,0.9939454036296677,0.002119741781049299,-0.003934893090404199
27,18,0.9939454041814448,0.002119746901106832,-0.003934887996999009
27,19,0.9939454047605305,0.00211975274072289,-0.003934883268094659
27,20,0.9939454053603622,0.002119759233731984,-0.003934878957271657
27,21,0.9939454059741456,0.002119766306565289,-0.003934875113373462
27,22,0.993945406594926,0.002119773879084263,-0.003934871779953071
27,23,0.9939454072156694,0.002119781865488706,-0.003934868994779535
27,24,0.9939454078293433,0.002119790175288986,-0.003934866789410031
27,25,0.9939454084289956,0.002119798714331383,-0.003934865188832301
27,26,0.9939454090078295,0.002119807385864902,-0.003934864211181513
27,27,0.9939454095592885,0.002119816091637515,-0.003934863867534815
27,28,0.9939454100771227,0.002119824733009346,-0.00393486416178579
27,29,0.9939454105554655,0.002119833212070261,-0.003934865090600361
27,30,0.9939454109888952,0.002119841432749174,-0.003934866643454557
27,31,0.9939454113725024,0.002119849301902548,-0.003934868802753771
27,32,0.9939454117019385,0.002119856730369731,-0.00393487154403211
27,33,0.9939454119734714,0.002119863633983222,-0.003934874836229619
27,34,0.9939454121840242,0.002119869934522362,-0.003934878642044215
27,35,0.9939454123312106,0.002119875560599666,-0.003934882918354345
27,36,0.9939454124133625,0.00211988044846972,-0.003934887616707583
27,37,0.9939454124295493,0.002119884542751452,-0.003934892683869623
27,38,0.9939454123795871,0.002119887797055607,-0.003934898062427443
27,39,0.9939454122640412,0.002119890174510295,-0.003934903691439828
27,40,0.9939454120842209,0.002119891648178673,-0.003934909507127838
27,41,0.9939454118421633,0.002119892201364055,-0.003934915443597461
27,42,0.9939454115406119,0.002119891827799012,-0.0039349214335862
27,43,0.9939454111829827,0.00211989053171632,-0.003934927409225178
27,44,0.9939454107733289,0.002119888327801008,-0.003934933302808121
27,45,0.9939454103162926,0.002119885241024003,-0.003934939047558495
27,46,0.9939454098170524,0.002119881306359267,-0.003934944578386098
27,47,0.9939454092812657,0.002119876568387634,-0.003934949832624569
27,48,0.9939454087150037,0.002119871080791768,-0.003934954750741421
27,49,0.9939454081246841,0.002119864905747976,-0.003934959277012564
27,50,0.9939454075169943,0.002119858113221746,-0.003934963360153664
27,51,0.9939454068988205,0.002119850780174989,-0.003934966953901225
27,52,0.9939454062771662,0.002119842989693971,-0.003934970017536754
27,53,0.9939454056590757,0.002119834830047854,-0.003934972516348111
27,54,0.9939454050515523,0.002119826393688498,-0.00393497442202281
27,55,0.9939454044614792,0.002119817776202926,-0.003934975712968795
27,56,0.9939454038955433,0.002119809075230283,-0.003934976374559101
27,57,0.9939454033601548,0.002119800389355595,-0.003934976399297559
27,58,0.9939454028613807,0.002119791816992853,-0.003934975786903771
27,59,0.9939454024048729,0.002119783455270024,-0.003934974544316276
28,0,0.9939798770082869,0.001289967755990635,-0.004119995549031191
28,1,0.9939798767182865,0.001289959247480259,-0.004119994066277514
28,2,0.9939798764560348,0.00128995106506197,-0.004119991972934215
28,3,0.9939798762245029,0.001289943301446009,-0.004119989292719646
28,4,0.993979876026314,0.001289936044597642,-0.004119986056001656
28,5,0.9939798758637119,0.001289929376740399,-0.004119982299453502
28,6,0.9939798757385382,0.001289923373424349,-0.004119978065638326
28,7,0.9939798756522112,0.001289918102669993,-0.004119973402526899
28,8,0.9939798756057086,0.001289913624197485,-0.004119968362954075
28,9,0.9939798755995559,0.001289909988749944,-0.00411996300402015
28,10,0.9939798756338243,0.001289907237518532,-0.004119957386443922
28,11,0.9939798757081245,0.001289905401675783,-0.004119951573874706
28,12,0.993979875821616,0.001289904502022478,-0.004119945632171185
28,13,0.9939798759730111,0.001289904548752031,-0.004119939628655212
28,14,0.993979876160596,0.001289905541335041,-0.004119933631349032
28,15,0.9939798763822469,0.0012899074685253,-0.004119927708204578
28,16,0.9939798766354494,0.00128991030848718,-0.004119921926333502
28,17,0.9939798769173379,0.001289914029043004,-0.004119916351246819
28,18,0.9939798772247167,0.001289918588037539,-0.004119911046112584
28,19,0.9939798775541059,0.001289923933815592,-0.004119906071040199
28,20,0.9939798779017708,0.001289930005807233,-0.004119901482399303
28,21,0.9939798782637749,0.001289936735214096,-0.004119897332181119
28,22,0.9939798786360172,0.001289944045788915,-0.004119893667409343
28,23,0.9939798790142795,0.001289951854699509,-0.004119890529607361
28,24,0.9939798793942767,0.001289960073467373,-0.004119887954327775
28,25,0.9939798797717025,0.001289968608970238,-0.004119885970749576
28,26,0.9939798801422834,0.001289977364497217,-0.004119884601347553
28,27,0.9939798805018177,0.001289986240844571,-0.0041198838616376
28,28,0.9939798808462328,0.001289995137439703,-0.004119883760000947
28,29,0.9939798811716255,0.001290003953480625,-0.004119884297589167
28,30,0.9939798814743095,0.001290012589078039,-0.004119885468311128
28,31,0.9939798817508536,0.00129002094638708,-0.004119887258902004
28,32,0.9939798819981263,0.001290028930715942,-0.004119889649073581
28,33,0.9939798822133236,0.001290036451598799,-0.004119892611744128
28,34,0.9939798823940073,0.001290043423820885,-0.004119896113345269
28,35,0.99397988253813,0.00129004976838408,-0.004119900114202335
28,36,0.9939798826440582,0.001290055413402059,-0.004119904568983914
28,37,0.9939798827105915,0.001290060294914822,-0.004119909427215474
28,38,0.9939798827369755,0.001290064357613384,-0.004119914633851274
28,39,0.9939798827229093,0.001290067555466387,-0.004119920129898043
28,40,0.9939798826685545,0.001290069852241568,-0.004119925853083403
28,41,0.9939798825745243,0.001290071221916175,-0.004119931738561398
28,42,0.9939798824418858,0.00129007164897172,-0.004119937719647253
28,43,0.9939798822721401,0.001290071128569736,-0.00411994372857289
28,44,0.9939798820672127,0.001290069666606589,-0.004119949697254806
28,45,0.9939798818294245,0.001290067279646695,-0.004119955558065456
28,46,0.9939798815614711,0.001290063994734914,-0.004119961244599526
28,47,0.9939798812663893,0.001290059849090216,-0.004119966692426336
28,48,0.9939798809475225,0.00129005488968407,-0.004119971839819877
28,49,0.9939798806084842,0.001290049172708305,-0.004119976628458198
28,50,0.9939798802531176,0.001290042762938453,-0.004119981004084218
28,51,0.9939798798854484,0.001290035732999789,-0.004119984917120457
28,52,0.9939798795096417,0.001290028162544397,-0.004119988323230771
28,53,0.9939798791299576,0.001290020137348596,-0.004119991183822684
28,54,0.9939798787506969,0.001290011748340977,-0.004119993466484626
28,55,0.9939798783761581,0.001290003090572106,-0.004119995145353176
28,56,0.9939798780105835,0.001289994262137553,-0.004119996201406082
28,57,0.9939798776581167,0.001289985363066481,-0.004119996622677815
28,58,0.9939798773227517,0.001289976494188361,-0.004119996404395137
28,59,0.9939798770082875,0.001289967755990636,-0.004119995549031193
29,0,0.9939967254050908,0.0004326692312837649,-0.00421449957769819
29,1,0.9939967253055997,0.0004326604192423254,-0.00421449844064182
29,2,0.9939967252179133,0.0004326518540640012,-0.004214496682169712
29,3,0.9939967251430243,0.0004326436327956916,-0.004214494322206062
29,4,0.9939967250817813,0.0004326358485878895,-0.004214491387490234
29,5,0.9939967250348762,0.000432628589639175,-0.004214487911273769
29,6,0.9939967250028408,0.0004326219381967939,-0.004214483932943628
29,7,0.9939967249860351,0.000432615969624655,-0.004214479497575883
29,8,0.9939967249846514,0.0004326107515493505,-0.004214474655424998
29,9,0.9939967249987043,0.0004326063430938783,-0.004214469461354409
29,10,0.993996725028035,0.0004326027942077676,-0.004214463974214906
29,11,0.993996725072308,0.0004326001451011857,-0.004214458256177833
29,12,0.9939967251310255,0.0004325984257894229,-0.00421445237203072
29,13,0.9939967252035203,0.0004325976557528861,-0.004214446388443196
29,14,0.9939967252889718,0.000432597843716438,-0.00421444037321163
29,15,0.9939967253864097,0.0004325989875505601,-0.004214434394490962
29,16,0.9939967254947346,0.0004326010742954581,-0.004214428520022521
29,17,0.9939967256127148,0.0004326040803078358,-0.004214422816366407
29,18,0.9939967257390164,0.0004326079715287079,-0.0042144173481474
29,19,0.9939967258722074,0.0004326127038692206,-0.004214412177322659
29,20,0.99399672601078,0.0004326182237101483,-0.004214407362479756
29,21,0.9939967261531638,0.000432624468509405,-0.004214402958172824
29,22,0.9939967262977469,0.0004326313675106994,-0.004214399014304459
29,23,0.9939967264428918,0.0004326388425452902,-0.004214395575560303
29,24,0.9939967265869546,0.0004326468089177405,-0.004214392680902742
29,25,0.9939967267283022,0.0004326551763656137,-0.004214390363129461
29,26,0.993996726865334,0.0004326638500822208,-0.00421438864850184
29,27,0.9939967269964981,0.000432672731790816,-0.004214387556447385
29,28,0.9939967271203085,0.0004326817208580781,-0.004214387099339599
29,29,0.9939967272353607,0.0004326907154342666,-0.004214387282357761
29,30,0.993996727340352,0.0004326996136071624,-0.004214388103428239
29,31,0.9939967274340928,0.0004327083145567307,-0.004214389553247972
29,32,0.9939967275155206,0.0004327167196974469,-0.004214391615389867
29,33,0.9939967275837122,0.0004327247337953448,-0.00421439426648894
29,34,0.9939967276378955,0.0004327322660471274,-0.004214397476507072
29,35,0.9939967276774554,0.0004327392311090914,-0.004214401209073363
29,36,0.9939967277019436,0.0004327455500641911,-0.004214405421896255
29,37,0.9939967277110819,0.0004327511513162531,-0.004214410067242727
29,38,0.9939967277047663,0.0004327559714011979,-0.00421441509247913
29,39,0.9939967276830673,0.0004327599557060681,-0.00421442044066755
29,40,0.9939967276462307,0.0004327630590877275,-0.004214426051210908
29,41,0.9939967275946726,0.0004327652463842381,-0.004214431860539539
29,42,0.9939967275289784,0.0004327664928131507,-0.004214437802831449
29,43,0.9939967274498899,0.0004327667842522187,-0.004214443810758066
29,44,0.9939967273583045,0.0004327661173993809,-0.004214449816247122
29,45,0.993996727255261,0.0004327644998102006,-0.004214455751253952
29,46,0.9939967271419266,0.0004327619498123296,-0.00421446154853245
29,47,0.993996727019586,0.0004327584962979521,-0.004214467142397061
29,48,0.9939967268896267,0.000432754178396524,-0.004214472469467015
29,49,0.9939967267535212,0.0004327490450314937,-0.004214477469384486
29,50,0.9939967266128119,0.000432743154366006,-0.004214482085498471
29,51,0.9939967264690939,0.0004327365731438621,-0.004214486265506663
29,52,0.9939967263239956,0.0004327293759332094,-0.004214489962048039
29,53,0.9939967261791607,0.0004327216442815547,-0.004214493133239447
29,54,0.9939967260362315,0.0004327134657916999,-0.004214495743150149
29,55,0.9939967258968271,0.0004327049331290986,-0.004214497762208898
29,56,0.9939967257625292,0.0004326961429719016,-0.004214499167538993
29,57,0.9939967256348566,0.0004326871949155908,-0.004214499943217464
29,58,0.9939967255152584,0.0004326781903446129,-0.004214500080455533
29,59,0.9939967254050907,0.0004326692312837649,-0.004214499577698189
30,0,0.9939967126565373,-0.0004340306952359377,-0.004214425964705013
30,1,0.9939967127848701,-0.0004340396389804956,-0.00421442516416233
30,2,0.9939967129197713,-0.0004340484209348433,-0.004214423734458567
30,3,0.9939967130597138,-0.0004340569415960423,-0.004214421691792918
30,4,0.9939967132031097,-0.000434065104421484,-0.004214419059309703
30,5,0.9939967133483338,-0.0004340728169228224,-0.004214415866836146
30,6,0.9939967134937401,-0.0004340799917140035,-0.004214412150544368
30,7,0.9939967136376806,-0.0004340865475014931,-0.004214407952541521
30,8,0.9939967137785228,-0.0004340924100054511,-0.004214403320392662
30,9,0.9939967139146716,-0.0004340975128013945,-0.004214398306581824
30,10,0.9939967140445847,-0.0004341017980728023,-0.00421439296791735
30,11,0.993996714166786,-0.0004341052172661341,-0.004214387364888239
30,12,0.993996714279895,-0.0004341077316408749,-0.004214381560978849
30,13,0.9939967143826286,-0.0004341093127083766,-0.004214375621949595
30,14,0.9939967144738228,-0.0004341099425545733,-0.004214369615091891
30,15,0.9939967145524441,-0.0004341096140429212,-0.00421436360846574
30,16,0.993996714617601,-0.0004341083308952744,-0.004214357670128568
30,17,0.9939967146685567,-0.0004341061076497788,-0.004214351867364126
30,18,0.9939967147047333,-0.0004341029694962333,-0.004214346265920074
30,19,0.9939967147257202,-0.0004340989519907715,-0.004214340929263055
30,20,0.9939967147312808,-0.000434094100653065,-0.004214335917859553
30,21,0.9939967147213521,-0.0004340884704505954,-0.004214331288490789
30,22,0.9939967146960478,-0.0004340821251758358,-0.004214327093609364
30,23,0.993996714655655,-0.0004340751367234074,-0.004214323380744975
30,24,0.9939967146006315,-0.0004340675842754146,-0.004214320191965892
30,25,0.9939967145316024,-0.0004340595534042189,-0.00421431756340233
30,26,0.9939967144493491,-0.0004340511351028306,-0.004214315524837063
30,27,0.9939967143548047,-0.0004340424247539244,-0.004214314099368009
30,28,0.9939967142490392,-0.0004340335210491523,-0.004214313303146448
30,29,0.9939967141332533,-0.0004340245248709951,-0.004214313145194051
30,30,0.9939967140087571,-0.0004340155381497909,-0.004214313627300589
30,31,0.9939967138769613,-0.0004340066627088763,-0.00421431474400366
30,32,0.9939967137393602,-0.0004339979991109002,-0.004214316482650568
30,33,0.9939967135975115,-0.0004339896455183736,-0.004214318823541685
30,34,0.9939967134530237,-0.0004339816965813739,-0.004214321740153684
30,35,0.9939967133075328,-0.000433974242365019,-0.004214325199440078
30,36,0.9939967131626875,-0.0004339673673288915,-0.004214329162205681
30,37,0.9939967130201268,-0.0004339611493700043,-0.004214333583550728
30,38,0.9939967128814674,-0.0004339556589401706,-0.004214338413379625
30,39,0.9939967127482788,-0.0004339509582477865,-0.004214343596968518
30,40,0.9939967126220689,-0.0004339471005530673,-0.004214349075585334
30,41,0.9939967125042669,-0.000433944129564702,-0.004214354787155208
30,42,0.9939967123962072,-0.0004339420789447312,-0.004214360666963778
30,43,0.9939967122991152,-0.0004339409719272323,-0.004214366648390413
30,44,0.9939967122140885,-0.0004339408210551053,-0.004214372663663031
30,45,0.9939967121420913,-0.0004339416280379381,-0.004214378644626013
30,46,0.9939967120839415,-0.0004339433837325612,-0.004214384523512461
30,47,0.9939967120402959,-0.0004339460682465348,-0.004214390233712039
30,48,0.9939967120116513,-0.0004339496511634307,-0.004214395710525769
30,49,0.9939967119983323,-0.000433954091887377,-0.004214400891899095
30,50,0.9939967120004904,-0.0004339593401029942,-0.004214405719125009
30,51,0.9939967120181008,-0.0004339653363455173,-0.004214410137509215
30,52,0.9939967120509642,-0.0004339720126746379,-0.00421441409698982
30,53,0.9939967120987095,-0.0004339792934444136,-0.004214417552704518
30,54,0.9939967121607951,-0.0004339870961604834,-0.004214420465498851
30,55,0.993996712236518,-0.0004339953324148555,-0.004214422802369828
30,56,0.993996712325021,-0.0004340039088876431,-0.004214424536839837
30,57,0.9939967124253033,-0.0004340127284043921,-0.00421442564925666
30,58,0.9939967125362269,-0.0004340216910370223,-0.004214426127016131
30,59,0.993996712656536,-0.0004340306952359371,-0.004214425964705008
31,0,0.9939798380946732,-0.001291299821317333,-0.004119777978787477
31,1,0.9939798384480749,-0.00129130871929267,-0.004119777532571635
31,2,0.9939798388144389,-0.001291317542742626,-0.004119776451909586
31,3,0.9939798391896149,-0.001291326191694153,-0.004119774749045795
31,4,0.9939798395693524,-0.001291334568151128,-0.004119772443274585
31,5,0.993979839949346,-0.001291342577204746,-0.004119769560721485
31,6,0.9939798403252943,-0.001291350128108984,-0.004119766134047209
31,7,0.9939798406929303,-0.001291357135308882,-0.004119762202077483
31,8,0.9939798410480932,-0.001291363519410037,-0.004119757809363172
31,9,0.993979841386757,-0.001291369208078198,-0.004119753005675416
31,10,0.993979841705083,-0.001291374136858843,-0.00411974784544174
31,11,0.9939798419994652,-0.001291378249907405,-0.004119742387129395
31,12,0.9939798422665675,-0.001291381500621909,-0.004119736692582928
31,13,0.993979842503363,-0.001291383852170877,-0.004119730826323525
31,14,0.9939798427071697,-0.001291385277910549,-0.004119724854817992
31,15,0.9939798428756788,-0.001291385761686719,-0.004119718845725695
31,16,0.9939798430069789,-0.001291385298017765,-0.004119712867131933
31,17,0.9939798430995817,-0.001291383892156824,-0.004119706986776528
31,18,0.9939798431524401,-0.001291381560032357,-0.004119701271286269
31,19,0.9939798431649538,-0.001291378328067772,-0.004119695785419957
31,20,0.9939798431369804,-0.001291374232882114,-0.004119690591334654
31,21,0.9939798430688387,-0.001291369320875208,-0.004119685747881421
31,22,0.9939798429613006,-0.001291363647701921,-0.004119681309938499
31,23,0.9939798428155852,-0.001291357277641528,-0.004119677327789542
31,24,0.993979842633344,-0.001291350282869342,-0.004119673846553912
31,25,0.9939798424166424,-0.001291342742638873,-0.004119670905675478
31,26,0.9939798421679371,-0.001291334742383817,-0.004119668538475717
31,27,0.9939798418900455,-0.001291326372750059,-0.004119666771776145
31,28,0.9939798415861159,-0.001291317728568664,-0.004119665625594415
31,29,0.9939798412595939,-0.001291308907781476,-0.004119665112917469
31,30,0.9939798409141779,-0.001291300010331477,-0.004119665239554337
31,31,0.9939798405537816,-0.001291291137030459,-0.004119666004070311
31,32,0.9939798401824901,-0.00129128238841681,-0.004119667397803166
31,33,0.9939798398045089,-0.001291273863616341,-0.004119669404961315
31,34,0.9939798394241213,-0.001291265659219082,-0.004119672002802765
31,35,0.9939798390456379,-0.001291257868184764,-0.004119675161892825
31,36,0.9939798386733451,-0.001291250578789431,-0.004119678846437641
31,37,0.9939798383114634,-0.00129124387362515,-0.004119683014689815
31,38,0.9939798379640901,-0.001291237828664157,-0.004119687619421388
31,39,0.9939798376351611,-0.001291232512398087,-0.004119692608458982
31,40,0.9939798373284031,-0.001291227985062005,-0.004119697925274902
31,41,0.9939798370472899,-0.001291224297952026,-0.004119703509627564
31,42,0.9939798367950057,-0.001291221492844236,-0.004119709298244028
31,43,0.9939798365744089,-0.001291219601521442,-0.00411971522553688
31,44,0.9939798363879997,-0.001291218645413109,-0.004119721224347339
31,45,0.9939798362378884,-0.001291218635352536,-0.004119727226706203
31,46,0.9939798361257769,-0.001291219571454038,-0.004119733164604033
31,47,0.9939798360529373,-0.001291221443111535,-0.004119738970761761
31,48,0.9939798360201924,-0.001291224229118597,-0.004119744579393033
31,49,0.9939798360279147,-0.001291227897908638,-0.004119749926949667
31,50,0.9939798360760183,-0.001291232407912522,-0.004119754952841695
31,51,0.9939798361639572,-0.00129123770802959,-0.004119759600123851
31,52,0.9939798362907352,-0.001291243738206735,-0.004119763816140767
31,53,0.9939798364549155,-0.001291250430118953,-0.004119767553123531
31,54,0.9939798366546388,-0.001291257707943643,-0.004119770768730878
31,55,0.9939798368876426,-0.001291265489219807,-0.004119773426528885
31,56,0.9939798371512873,-0.001291273685782437,-0.004119775496403752
31,57,0.993979837442586,-0.001291282204761446,-0.004119776954903009
31,58,0.9939798377582406,-0.001291290949633861,-0.004119777785501267
31,59,0.9939798380946734,-0.001291299821317334,-0.004119777978787478
32,0,0.9939453355205854,-0.00212105904436941,-0.00393462230285169
32,1,0.9939453360575552,-0.002121067732300673,-0.003934622253252636
32,2,0.9939453366248565,-0.00212107643151293,-0.003934621566963017
32,3,0.9939453372160661,-0.002121085043440791,-0.003934620251758976
32,4,0.9939453378244791,-0.00212109347050761,-0.003934618322542559
32,5,0.9939453384432049,-0.002121101617231171,-0.003934615801172913
32,6,0.9939453390652333,-0.002121109391305613,-0.003934612716218503
32,7,0.9939453396835148,-0.002121116704647407,-0.003934609102633346
32,8,0.9939453402910423,-0.002121123474393491,-0.003934605001360928
32,9,0.9939453408809324,-0.002121129623840197,-0.003934600458870272
32,10,0.9939453414465027,-0.002121135083312329,-0.003934595526629419
32,11,0.9939453419813429,-0.002121139790952535,-0.003934590260522283
32,12,0.9939453424793938,-0.002121143693422072,-0.003934584720215554
32,13,0.9939453429350121,-0.002121146746505024,-0.003934578968482695
32,14,0.9939453433430354,-0.002121148915609171,-0.003934573070492764
32,15,0.9939453436988401,-0.002121150176157866,-0.003934567093072052
32,16,0.9939453439983958,-0.002121150513868487,-0.003934561103946945
32,17,0.9939453442383059,-0.002121149924914305,-0.003934555170976517
32,18,0.9939453444158525,-0.002121148415967934,-0.003934549361383669
32,19,0.9939453445290236,-0.002121146004125832,-0.003934543740993396
32,20,0.9939453445765377,-0.002121142716714675,-0.003934538373486955
32,21,0.9939453445578559,-0.002121138590981793,-0.0039345333196803
32,22,0.9939453444731894,-0.002121133673673145,-0.003934528636835027
32,23,0.9939453443234998,-0.002121128020503644,-0.003934524378009609
32,24,0.9939453441104819,-0.002121121695525811,-0.003934520591458238
32,25,0.9939453438365516,-0.002121114770403984,-0.003934517320084142
32,26,0.993945343504811,-0.002121107323602282,-0.003934514600953463
32,27,0.9939453431190217,-0.002121099439495589,-0.003934512464875312
32,28,0.9939453426835527,-0.002121091207413585,-0.003934510936052624
32,29,0.9939453422033402,-0.002121082720628699,-0.003934510031807917
32,30,0.9939453416838242,-0.002121074075299376,-0.003934509762386953
32,31,0.9939453411308924,-0.002121065369380651,-0.003934510130842604
32,32,0.9939453405508084,-0.002121056701514309,-0.00393451113300023
32,33,0.9939453399501469,-0.002121048169911223,-0.003934512757505003
32,34,0.9939453393357132,-0.002121039871238511,-0.003934514985950555
32,35,0.993945338714469,-0.002121031899524145,-0.003934517793087595
32,36,0.9939453380934538,-0.002121024345091458,-0.003934521147110039
32,37,0.9939453374797032,-0.002121017293535628,-0.003934525010015426
32,38,0.9939453368801719,-0.002121010824753809,-0.003934529338035528
32,39,0.9939453363016512,-0.002121005012039841,-0.003934534082132238
32,40,0.9939453357506942,-0.002120999921253884,-0.003934539188553163
32,41,0.993945335233544,-0.002120995610076298,-0.003934544599440622
32,42,0.9939453347560585,-0.002120992127354216,-0.00393455025348711
32,43,0.993945334323648,-0.002120989512548195,-0.003934556086629922
32,44,0.9939453339412102,-0.002120987795285158,-0.003934562032776963
32,45,0.9939453336130796,-0.002120986995022698,-0.00393456802455564
32,46,0.9939453333429732,-0.002120987120828539,-0.003934573994076249
32,47,0.9939453331339519,-0.002120988171277676,-0.003934579873701273
32,48,0.9939453329883851,-0.002120990134468388,-0.003934585596811824
32,49,0.9939453329079212,-0.002120992988156973,-0.003934591098562509
32,50,0.9939453328934718,-0.002120996700009723,-0.003934596316616205
32,51,0.9939453329452018,-0.002121001227969302,-0.003934601191850367
32,52,0.993945333062525,-0.002121006520731348,-0.003934605669026869
32,53,0.9939453332441109,-0.002121012518325902,-0.00393460969741781
32,54,0.993945333487903,-0.002121019152797061,-0.003934613231380227
32,55,0.9939453337911381,-0.002121026348973062,-0.003934616230873172
32,56,0.9939453341503826,-0.002121034025318107,-0.003934618661911369
32,57,0.9939453345615666,-0.002121042094856195,-0.003934620496950258
32,58,0.9939453350200317,-0.00212105046615654,-0.003934621715198114
32,59,0.9939453355205848,-0.002121059044369409,-0.003934622302851688
33,0,0.993891901896506,-0.002907297467902949,-0.003666469832072031
33,1,0.9938919025446732,-0.002907305808958961,-0.003666470236054254
33,2,0.9938919032495052,-0.002907314242782186,-0.003666470005667435
33,3,0.9938919040030151,-0.002907322673814125,-0.003666469143522206
33,4,0.9938919047966673,-0.002907331006527723,-0.003666467659387407
33,5,0.9938919056214692,-0.002907339146509771,-0.00366646557007935
33,6,0.9938919064680721,-0.002907347001530742,-0.003666462899271194
33,7,0.9938919073268877,-0.002907354482589939,-0.003666459677224669
33,8,0.9938919081881797,-0.002907361504923975,-0.003666455940447064
33,9,0.9938919090421916,-0.002907367988967291,-0.003666451731277593
33,10,0.9938919098792457,-0.002907373861253635,-0.003666447097407617
33,11,0.9938919106898599,-0.002907379055248419,-0.003666442091340358
33,12,0.9938919114648487,-0.002907383512102456,-0.003666436769796045
33,13,0.9938919121954305,-0.002907387181318606,-0.003666431193069353
33,14,0.9938919128733282,-0.002907390021323813,-0.003666425424346326
33,15,0.993891913490861,-0.002907391999940041,-0.003666419528988489
33,16,0.9938919140410305,-0.002907393094748844,-0.003666413573792324
33,17,0.9938919145176037,-0.002907393293345409,-0.003666407626232414
33,18,0.9938919149151786,-0.002907392593479176,-0.003666401753696903
33,19,0.9938919152292515,-0.002907391003079457,-0.003666396022723915
33,20,0.9938919154562627,-0.002907388540165669,-0.003666390498247607
33,21,0.9938919155936413,-0.002907385232643248,-0.003666385242862426
33,22,0.9938919156398295,-0.002907381117987458,-0.003666380316113881
33,23,0.9938919155943055,-0.002907376242818783,-0.003666375773823914
33,24,0.9938919154575848,-0.002907370662374611,-0.003666371667458449
33,25,0.9938919152312164,-0.002907364439883329,-0.003666368043544303
33,26,0.9938919149177678,-0.002907357645847876,-0.003666364943142065
33,27,0.993891914520788,-0.002907350357246898,-0.003666362401380833
33,28,0.9938919140447771,-0.002907342656662625,-0.003666360447060193
33,29,0.9938919134951272,-0.002907334631345234,-0.003666359102323817
33,30,0.9938919128780678,-0.002907326372224396,-0.003666358382408533
33,31,0.9938919122005893,-0.002907317972879084,-0.003666358295471594
33,32,0.9938919114703698,-0.002907309528477349,-0.003666358842498241
33,33,0.9938919106956824,-0.002907301134698007,-0.003666360017290508
33,34,0.9938919098853052,-0.002907292886646521,-0.003666361806537494
33,35,0.9938919090484213,-0.002907284877777292,-0.003666364189966219
33,36,0.9938919081945126,-0.00290727719883466,-0.003666367140571388
33,37,0.9938919073332535,-0.002907269936824625,-0.003666370624921434
33,38,0.9938919064744037,-0.002907263174028954,-0.003666374603537336
33,39,0.9938919056276921,-0.002907256987072892,-0.003666379031339917
33,40,0.9938919048027132,-0.002907251446057016,-0.003666383858160586
33,41,0.9938919040088113,-0.002907246613763066,-0.003666389029309678
33,42,0.9938919032549818,-0.002907242544942731,-0.003666394486196059
33,43,0.993891902549766,-0.002907239285697394,-0.003666400166990913
33,44,0.993891901901153,-0.002907236872955834,-0.00366640600732826
33,45,0.9938919013164913,-0.002907235334055812,-0.003666411941034263
33,46,0.9938919008024066,-0.00290723468643424,-0.003666417900877073
33,47,0.993891900364723,-0.002907234937429487,-0.003666423819328656
33,48,0.9938919000084008,-0.002907236084198098,-0.003666429629330043
33,49,0.9938918997374757,-0.002907238113746869,-0.003666435265051187
33,50,0.9938918995550202,-0.002907241003080015,-0.003666440662636939
33,51,0.9938918994630992,-0.002907244719459697,-0.003666445760930525
33,52,0.9938918994627532,-0.002907249220777048,-0.003666450502166465
33,53,0.9938918995539882,-0.002907254456029423,-0.00366645483262501
33,54,0.9938918997357691,-0.002907260365898421,-0.003666458703240708
33,55,0.9938919000060377,-0.002907266883422156,-0.003666462070158269
33,56,0.9938919003617295,-0.002907273934754038,-0.003666464895229386
33,57,0.9938919007988161,-0.002907281439999543,-0.003666467146444987
33,58,0.9938919013123478,-0.002907289314121392,-0.003666468798297926
33,59,0.9938919018965061,-0.00290729746790295,-0.003666469832072031
34,0,0.993818064825754,-0.003636911268329854,-0.003325248975612166
34,1,0.9938180654935077,-0.003636919159348408,-0.00332524989166495
34,2,0.9938180662503397,-0.003636927218651408,-0.003325250182156438
34,3,0.9938180670876742,-0.003636935354923741,-0.003325249843795565
34,4,0.9938180679960216,-0.003636943475978013,-0.00332524888041658
34,5,0.9938180689650922,-0.003636951489799129,-0.00332524730293557
34,6,0.9938180699839048,-0.003636959305586944,-0.003325245129226662
34,7,0.9938180710409152,-0.003636966834785196,-0.003325242383919407
34,8,0.9938180721241465,-0.00363697399208502,-0.003325239098119608
34,9,0.9938180732213244,-0.003636980696391583,-0.003325235309056805
34,10,0.993818074320018,-0.003636986871742966,-0.003325231059662435
34,11,0.9938180754077792,-0.003636992448170767,-0.003325226398083432
34,12,0.9938180764722836,-0.003636997362492765,-0.003325221377136774
34,13,0.9938180775014697,-0.003637001559028656,-0.003325216053711144
34,14,0.9938180784836764,-0.003637004990230788,-0.00332521048812246
34,15,0.9938180794077737,-0.003637007617222797,-0.003325204743430539
34,16,0.9938180802632943,-0.003637009410240067,-0.003325198884724671
34,17,0.9938180810405406,-0.003637010348966932,-0.003325192978386072
34,18,0.9938180817307075,-0.003637010422767003,-0.003325187091335776
34,19,0.993818082325973,-0.003637009630803727,-0.003325181290276311
34,20,0.9938180828195931,-0.003637007982049988,-0.003325175640935888
34,21,0.9938180832059746,-0.003637005495186495,-0.003325170207323649
34,22,0.9938180834807397,-0.003637002198390144,-0.003325165051004417
34,23,0.993818083640775,-0.003636998129014738,-0.003325160230401177
34,24,0.9938180836842679,-0.003636993333167705,-0.003325155800133183
34,25,0.9938180836107272,-0.00363698786518761,-0.00332515181039715
34,26,0.9938180834209832,-0.003636981787028416,-0.003325148306398534
34,27,0.9938180831171891,-0.003636975167557554,-0.003325145327839374
34,28,0.9938180827027853,-0.003636968081775629,-0.003325142908468394
34,29,0.9938180821824683,-0.003636960609966747,-0.003325141075698569
34,30,0.9938180815621328,-0.003636952836788949,-0.00332513985029644
34,31,0.9938180808488085,-0.00363694485031513,-0.003325139246146748
34,32,0.9938180800505775,-0.003636936741035172,-0.00332513927009505
34,33,0.9938180791764849,-0.003636928600830702,-0.003325139921870149
34,34,0.9938180782364353,-0.003636920521933964,-0.003325141194087188
34,35,0.9938180772410801,-0.003636912595882694,-0.003325143072331373
34,36,0.9938180762016986,-0.00363690491248285,-0.003325145535321388
34,37,0.9938180751300655,-0.00363689755879093,-0.003325148555150567
34,38,0.9938180740383247,-0.003636890618127532,-0.003325152097603145
34,39,0.9938180729388448,-0.003636884169133262,-0.00332515612254192
34,40,0.9938180718440821,-0.003636878284877743,-0.003325160584362983
34,41,0.9938180707664409,-0.003636873032031825,-0.003325165432512349
34,42,0.9938180697181294,-0.003636868470112272,-0.003325170612058654
34,43,0.993818068711025,-0.00363686465080754,-0.003325176064315482
34,44,0.9938180677565384,-0.003636861617392185,-0.003325181727506253
34,45,0.9938180668654851,-0.003636859404236545,-0.003325187537464196
34,46,0.9938180660479593,-0.003636858036417227,-0.003325193428359429
34,47,0.9938180653132256,-0.003636857529432874,-0.003325199333444964
34,48,0.9938180646696085,-0.003636857889028385,-0.003325205185813081
34,49,0.9938180641244011,-0.003636859111129696,-0.003325210919153547
34,50,0.9938180636837808,-0.00363686118188985,-0.003325216468505001
34,51,0.9938180633527396,-0.003636864077845868,-0.003325221770991026
34,52,0.9938180631350272,-0.003636867766184657,-0.003325226766532526
34,53,0.9938180630331096,-0.003636872205114932,-0.00332523139852837
34,54,0.9938180630481431,-0.003636877344340894,-0.003325235614496613
34,55,0.9938180631799555,-0.003636883125632238,-0.003325239366669017
34,56,0.9938180634270551,-0.00363688948348407,-0.003325242612532235
34,57,0.9938180637866413,-0.003636896345859123,-0.003325245315309462
34,58,0.9938180642546408,-0.00363690363500396,-0.003325247444377173
34,59,0.9938180648257531,-0.003636911268329851,-0.003325248975612163
35,0,0.9937225633667245,-0.004299982353991495,-0.002922174179907558
35,1,0.9937225639553635,-0.004299989723864476,-0.002922175655898017
35,2,0.9937225646683697,-0.004299997331115663,-0.002922176523363298
35,3,0.9937225654976667,-0.004300005089551807,-0.002922176772475038
35,4,0.9937225664338577,-0.004300012911266483,-0.002922176400411285
35,5,0.993722567466335,-0.004300020707636147,-0.002922175411388423
35,6,0.9937225685833971,-0.004300028390324363,-0.002922173816613287
35,7,0.9937225697723899,-0.004300035872282864,-0.002922171634156076
35,8,0.9937225710198395,-0.004300043068737912,-0.002922168888745451
35,9,0.9937225723116124,-0.004300049898150951,-0.002922165611488275
35,10,0.9937225736330718,-0.00430005628314249,-0.002922161839517112
35,11,0.9937225749692452,-0.004300062151368793,-0.00292215761556953
35,12,0.9937225763049946,-0.004300067436341469,-0.002922152987503942
35,13,0.9937225776251855,-0.004300072078180658,-0.002922148007757468
35,14,0.9937225789148595,-0.004300076024293345,-0.002922142732751913
35,15,0.993722580159405,-0.004300079229969162,-0.002922137222254583
35,16,0.9937225813447178,-0.004300081658886894,-0.00292213153870114
35,17,0.993722582457372,-0.004300083283526045,-0.002922125746488213
35,18,0.9937225834847561,-0.004300084085478668,-0.002922119911243668
35,19,0.9937225844152306,-0.004300084055658073,-0.002922114099083007
35,20,0.9937225852382512,-0.004300083194401842,-0.002922108375860159
35,21,0.9937225859444936,-0.004300081511468096,-0.002922102806421313
35,22,0.993722586525956,-0.004300079025924942,-0.002922097453870175
35,23,0.9937225869760485,-0.0043000757659344,-0.002922092378853007
35,24,0.9937225872896724,-0.004300071768433274,-0.002922087638871564
35,25,0.9937225874632758,-0.004300067078714584,-0.002922083287631649
35,26,0.9937225874948904,-0.004300061749914288,-0.002922079374434637
35,27,0.993722587384159,-0.00430005584240926,-0.002922075943618914
35,28,0.9937225871323354,-0.004300049423133209,-0.002922073034057469
35,29,0.9937225867422725,-0.004300042564818378,-0.002922070678717384
35,30,0.9937225862183917,-0.00430003534517158,-0.002922068904286215
35,31,0.9937225855666263,-0.004300027845993835,-0.002922067730869511
35,32,0.9937225847943636,-0.004300020152253632,-0.00292206717176295
35,33,0.9937225839103532,-0.004300012351124214,-0.002922067233301654
35,34,0.9937225829246127,-0.004300004530995845,-0.00292206791478844
35,35,0.9937225818483112,-0.004299996780474215,-0.002922069208501772
35,36,0.9937225806936441,-0.004299989187376381,-0.002922071099783339
35,37,0.9937225794736949,-0.004299981837735658,-0.002922073567204214
35,38,0.9937225782022857,-0.004299974814826722,-0.002922076582807702
35,39,0.9937225768938225,-0.004299968198222055,-0.002922080112426107
35,40,0.9937225755631288,-0.004299962062890396,-0.002922084116067807
35,41,0.9937225742252827,-0.004299956478347401,-0.002922088548370291
35,42,0.9937225728954402,-0.004299951507868109,-0.00292209335911401
35,43,0.9937225715886686,-0.004299947207770147,-0.002922098493791298
35,44,0.9937225703197743,-0.004299943626775685,-0.002922103894223896
35,45,0.9937225691031342,-0.004299940805459403,-0.002922109499222137
35,46,0.9937225679525337,-0.004299938775788702,-0.002922115245278315
35,47,0.9937225668810091,-0.004299937560761371,-0.002922121067286364
35,48,0.9937225659007032,-0.004299937174144865,-0.002922126899279691
35,49,0.9937225650227208,-0.004299937620320142,-0.002922132675178725
35,50,0.9937225642570134,-0.004299938894231964,-0.002922138329539754
35,51,0.9937225636122546,-0.004299940981446087,-0.002922143798296438
35,52,0.9937225630957484,-0.004299943858312892,-0.0029221490194857
35,53,0.9937225627133476,-0.004299947492235452,-0.00292215393394971
35,54,0.9937225624693835,-0.004299951842039029,-0.002922158486006038
35,55,0.9937225623666203,-0.004299956858437756,-0.002922162624078456
35,56,0.9937225624062224,-0.004299962484593201,-0.002922166301281219
35,57,0.9937225625877417,-0.004299968656758422,-0.002922169475950271
35,58,0.9937225629091229,-0.004299975305000234,-0.002922172112115338
35,59,0.993722563366724,-0.004299982353991493,-0.002922174179907556
36,0,0.9936046435749258,-0.004889600071118478,-0.002468761797192341
36,1,0.9936046439889226,-0.004889606874027375,-0.002468763862020426
36,2,0.9936046445623909,-0.004889613977397162,-0.002468765344757555
36,3,0.9936046452888309,-0.004889621300743696,-0.002468766228604084
36,4,0.9936046461600144,-0.004889628761090249,-0.00246876650354633
36,5,0.9936046471660692,-0.004889636273907654,-0.002468766166469957
36,6,0.9936046482955936,-0.004889643754072155,-0.002468765221195161
36,7,0.9936046495357904,-0.004889651116830042,-0.002468763678433231
36,8,0.9936046508726084,-0.004889658278758079,-0.002468761555665035
36,9,0.9936046522908988,-0.004889665158708784,-0.002468758876942819
36,10,0.9936046537745936,-0.004889671678729968,-0.002468755672617645
36,11,0.9936046553068804,-0.004889677764947874,-0.0024687519789955
36,12,0.9936046568703986,-0.004889683348404139,-0.002468747837926019
36,13,0.9936046584474364,-0.004889688365836991,-0.002468743296328446
36,14,0.9936046600201234,-0.004889692760397834,-0.002468738405660124
36,15,0.9936046615706399,-0.004889696482295278,-0.002468733221333604
36,16,0.9936046630814198,-0.004889699489359243,-0.002468727802088852
36,17,0.9936046645353446,-0.004889701747518703,-0.002468722209327709
36,18,0.9936046659159395,-0.004889703231187799,-0.002468716506418144
36,19,0.9936046672075619,-0.004889703923555821,-0.002468710757976208
36,20,0.9936046683955757,-0.004889703816777761,-0.002468705029133827
36,21,0.9936046694665197,-0.004889702912063267,-0.002468699384800786
36,22,0.9936046704082604,-0.00488970121966299,-0.00246869388892928
36,23,0.9936046712101274,-0.004889698758752385,-0.002468688603789339
36,24,0.9936046718630361,-0.004889695557214433,-0.002468683589263361
36,25,0.9936046723595872,-0.004889691651323603,-0.00246867890216771
36,26,0.9936046726941559,-0.004889687085334844,-0.002468674595609042
36,27,0.9936046728629512,-0.004889681910982087,-0.00246867071838261
36,28,0.9936046728640615,-0.004889676186892142,-0.002468667314419385
36,29,0.9936046726974714,-0.004889669977920481,-0.002468664422288225
36,30,0.9936046723650706,-0.004889663354416536,-0.002468662074758789
36,31,0.9936046718706243,-0.004889656391426696,-0.002468660298430124
36,32,0.9936046712197353,-0.004889649167844107,-0.002468659113429211
36,33,0.9936046704197788,-0.004889641765514808,-0.002468658533182873
36,34,0.993604669479819,-0.00488963426831037,-0.002468658564265654
36,35,0.9936046684105077,-0.004889626761177518,-0.002468659206325403
36,36,0.9936046672239609,-0.004889619329175532,-0.002468660452087343
36,37,0.9936046659336233,-0.00488961205651238,-0.002468662287436598
36,38,0.9936046645541144,-0.004889605025590515,-0.002468664691578174
36,39,0.9936046631010644,-0.00488959831607319,-0.00246866763727259
36,40,0.9936046615909372,-0.004889592003981863,-0.002468671091144452
36,41,0.9936046600408411,-0.00488958616083493,-0.002468675014060507
36,42,0.9936046584683402,-0.004889580852837515,-0.002468679361572913
36,43,0.9936046568912491,-0.004889576140131441,-0.002468684084422711
36,44,0.9936046553274366,-0.004889572076113881,-0.002468689129097881
36,45,0.993604653794623,-0.004889568706832386,-0.002468694438439639
36,46,0.9936046523101745,-0.004889566070463057,-0.002468699952290118
36,47,0.993604650890912,-0.004889564196877901,-0.00246870560817412
36,48,0.9936046495529168,-0.004889563107306202,-0.002468711342007137
36,49,0.993604648311349,-0.004889562814093825,-0.002468717088821626
36,50,0.9936046471802759,-0.004889563320563227,-0.00246872278350324
36,51,0.9936046461725142,-0.004889564620975759,-0.002468728361528665
36,52,0.99360464529948,-0.004889566700596698,-0.00246873375969667
36,53,0.9936046445710645,-0.004889569535862327,-0.002468738916844127
36,54,0.9936046439955205,-0.004889573094647064,-0.002468743774538886
36,55,0.9936046435793686,-0.004889577336627613,-0.002468748277741695
36,56,0.9936046433273245,-0.004889582213739983,-0.00246875237542972
36,57,0.9936046432422423,-0.00488958767072413,-0.002468756021174594
36,58,0.9936046433250886,-0.004889593645750095,-0.002468759173668515
36,59,0.9936046435749256,-0.004889600071118477,-0.00246876179719234
37,0,0.993464226898925,-0.005401416097139055,-0.001976121080539296
37,1,0.9934642270533185,-0.005401422303914402,-0.001976123740327236
37,2,0.9934642273994373,-0.005401428869071056,-0.001976125854299083
37,3,0.9934642279333619,-0.005401435718223041,-0.001976127398503016
37,4,0.9934642286490413,-0.005401442773766387,-0.001976128355443246
37,5,0.9934642295383664,-0.005401449955758468,-0.001976128714278215
37,6,0.9934642305912584,-0.005401457182823847,-0.001976128470943304
37,7,0.9934642317957894,-0.005401464373076452,-0.001976127628196733
37,8,0.9934642331383099,-0.005401471445047481,-0.001976126195588112
37,9,0.9934642346036086,-0.005401478318608596,-0.001976124189350103
37,10,0.9934642361750812,-0.005401484915879865,-0.00197612163221441
37,11,0.9934642378349255,-0.005401491162112182,-0.001976118553154225
37,12,0.9934642395643325,-0.005401496986534071,-0.001976114987056015
37,13,0.9934642413437101,-0.005401502323153485,-0.001976110974324382
37,14,0.9934642431528989,-0.005401507111505341,-0.001976106560424405
37,15,0.9934642449714,-0.005401511297336492,-0.001976101795366629
37,16,0.993464246778607,-0.005401514833220348,-0.001976096733140504
37,17,0.9934642485540447,-0.005401517679094253,-0.001976091431102695
37,18,0.993464250277598,-0.005401519802713414,-0.001976085949327148
37,19,0.9934642519297345,-0.005401521180016304,-0.00197608034992436
37,20,0.9934642534917365,-0.005401521795397421,-0.001976074696337563
37,21,0.9934642549459051,-0.005401521641884144,-0.001976069052623822
37,22,0.993464256275762,-0.005401520721215758,-0.001976063482728227
37,23,0.9934642574662417,-0.00540151904382378,-0.001976058049759424
37,24,0.9934642585038553,-0.005401516628713668,-0.001976052815274633
37,25,0.9934642593768468,-0.005401513503249438,-0.001976047838582294
37,26,0.9934642600753232,-0.005401509702843539,-0.001976043176070164
37,27,0.9934642605913719,-0.005401505270555617,-0.001976038880566482
37,28,0.9934642609191459,-0.005401500256604626,-0.001976035000741388
37,29,0.9934642610549307,-0.005401494717799895,-0.001976031580555415
37,30,0.9934642609971864,-0.005401488716897557,-0.001976028658761289
37,31,0.9934642607465682,-0.005401482321889628,-0.001976026268464738
37,32,0.9934642603059145,-0.005401475605233693,-0.001976024436749278
37,33,0.9934642596802205,-0.005401468643032013,-0.001976023184369308
37,34,0.9934642588765743,-0.005401461514169215,-0.001976022525514949
37,35,0.9934642579040838,-0.005401454299418461,-0.001976022467651338
37,36,0.9934642567737678,-0.005401447080526137,-0.00197602301143414
37,37,0.9934642554984335,-0.005401439939285522,-0.001976024150702222
37,38,0.9934642540925317,-0.00540143295660995,-0.001976025872547545
37,39,0.9934642525719919,-0.005401426211615995,-0.001976028157461422
37,40,0.9934642509540402,-0.005401419780727042,-0.001976030979555512
37,41,0.9934642492570093,-0.005401413736807492,-0.001976034306855028
37,42,0.9934642475001254,-0.00540140814833726,-0.001976038101660875
37,43,0.9934642457032955,-0.005401403078636013,-0.001976042320976649
37,44,0.993464243886876,-0.005401398585145784,-0.001976046916995689
37,45,0.9934642420714485,-0.005401394718780193,-0.001976051837642722
37,46,0.9934642402775842,-0.00540139152334752,-0.001976057027163943
37,47,0.9934642385256076,-0.005401389035054208,-0.001976062426758857
37,48,0.9934642368353713,-0.005401387282094512,-0.001976067975246695
37,49,0.9934642352260267,-0.005401386284330863,-0.001976073609759796
37,50,0.9934642337158083,-0.005401386053068695,-0.001976079266456078
37,51,0.9934642323218271,-0.005401386590928287,-0.001976084881242477
37,52,0.9934642310598772,-0.0054013878918151,-0.001976090390501149
37,53,0.9934642299442563,-0.005401389940988897,-0.001976095731810192
37,54,0.9934642289876031,-0.005401392715230908,-0.001976100844650785
37,55,0.9934642282007561,-0.005401396183107062,-0.001976105671092739
37,56,0.9934642275926309,-0.005401400305324285,-0.001976110156450748
37,57,0.993464227170119,-0.005401405035175787,-0.001976114249903939
37,58,0.993464226938006,-0.005401410319070256,-0.001976117905071699
37,59,0.993464226898924,-0.005401416097139049,-0.001976121080539294
38,0,0.9933019588714513,-0.005833111671682917,-0.001454532207512307
38,1,0.9933019586963875,-0.005833117261782307,-0.001454535445602008
38,2,0.9933019587403328,-0.005833123263930044,-0.00145453818374282
38,3,0.9933019590027905,-0.005833129610119245,-0.001454540390910746
38,4,0.993301959480789,-0.005833136228444723,-0.001454542042098323
38,5,0.9933019601689111,-0.005833143043917674,-0.001454543118597921
38,6,0.9933019610593585,-0.005833149979315428,-0.001454543608213596
38,7,0.9933019621420408,-0.005833156956056549,-0.001454543505399093
38,8,0.9933019634046896,-0.005833163895091305,-0.001454542811320485
38,9,0.9933019648329988,-0.005833170717797478,-0.001454541533842786
38,10,0.9933019664107838,-0.005833177346871225,-0.001454539687440732
38,11,0.9933019681201694,-0.005833183707202978,-0.001454537293034755
38,12,0.9933019699417882,-0.005833189726728395,-0.001454534377754012
38,13,0.9933019718550005,-0.005833195337244753,-0.001454530974629136
38,14,0.9933019738381312,-0.005833200475183588,-0.001454527122218138
38,15,0.9933019758687116,-0.005833205082330813,-0.001454522864169679
38,16,0.9933019779237336,-0.005833209106486212,-0.001454518248728595
38,17,0.9933019799799123,-0.005833212502054866,-0.001454513328189303
38,18,0.9933019820139517,-0.005833215230563804,-0.001454508158303243
38,19,0.9933019840028037,-0.005833217261097944,-0.0014545027976471
38,20,0.9933019859239334,-0.005833218570650476,-0.001454497306959017
38,21,0.9933019877555724,-0.005833219144383594,-0.001454491748450335
38,22,0.9933019894769688,-0.00583321897579668,-0.001454486185100689
38,23,0.9933019910686182,-0.005833218066799915,-0.001454480679944459
38,24,0.9933019925124866,-0.005833216427692595,-0.001454475295356651
38,25,0.993301993792214,-0.005833214077046391,-0.001454470092346284
38,26,0.9933019948933033,-0.005833211041494851,-0.001454465129865241
38,27,0.9933019958032751,-0.005833207355431565,-0.00145446046414038
38,28,0.9933019965118208,-0.005833203060620533,-0.001454456148036489
38,29,0.9933019970109122,-0.005833198205722982,-0.001454452230457237
38,30,0.9933019972948931,-0.005833192845746109,-0.001454448755790981
38,31,0.9933019973605446,-0.005833187041419944,-0.001454445763407694
38,32,0.9933019972071248,-0.005833180858509369,-0.001454443287212788
38,33,0.9933019968363701,-0.005833174367068991,-0.001454441355262872
38,34,0.9933019962524839,-0.005833167640649443,-0.001454439989447879
38,35,0.9933019954620818,-0.005833160755463937,-0.00145443920524309
38,36,0.9933019944741192,-0.005833153789524663,-0.001454439011533911
38,37,0.9933019932997923,-0.005833146821758784,-0.001454439410515314
38,38,0.9933019919524065,-0.005833139931114041,-0.001454440397667051
38,39,0.9933019904472269,-0.005833133195664209,-0.001454441961804899
38,40,0.9933019888013086,-0.00583312669172453,-0.001454444085207336
38,41,0.9933019870332984,-0.005833120492987043,-0.001454446743816204
38,42,0.9933019851632281,-0.005833114669685786,-0.001454449907509135
38,43,0.9933019832122856,-0.005833109287801095,-0.001454453540440675
38,44,0.9933019812025755,-0.005833104408312127,-0.001454457601448298
38,45,0.9933019791568686,-0.005833100086505971,-0.001454462044518734
38,46,0.9933019770983437,-0.005833096371351197,-0.001454466819309356
38,47,0.9933019750503274,-0.00583309330494293,-0.001454471871718716
38,48,0.9933019730360233,-0.005833090922025725,-0.001454477144499713
38,49,0.9933019710782574,-0.005833089249599773,-0.001454482577908444
38,50,0.9933019691992111,-0.005833088306614808,-0.001454488110381289
38,51,0.9933019674201755,-0.005833088103755357,-0.001454493679232565
38,52,0.9933019657613067,-0.00583308864331965,-0.001454499221364788
38,53,0.9933019642413993,-0.005833089919193663,-0.001454504673983517
38,54,0.9933019628776735,-0.005833091916920516,-0.001454509975308695
38,55,0.9933019616855803,-0.005833094613864435,-0.001454515065274489
38,56,0.9933019606786256,-0.005833097979467331,-0.00145451988620971
38,57,0.9933019598682189,-0.005833101975595153,-0.001454524383491185
38,58,0.9933019592635443,-0.00583310655696997,-0.001454528506162675
38,59,0.9933019588714517,-0.00583311167168292,-0.001454532207512308
39,0,0.9931191707365875,-0.006183896874692567,-0.0009132564059198727
39,1,0.9931191701795976,-0.006183901830108255,-0.0009132601853822084
39,2,0.9931191698623573,-0.0061839072477013,-0.0009132635195572586
39,3,0.9931191697884597,-0.006183913066088046,-0.0009132663706675868
39,4,0.9931191699587436,-0.006183919219343506,-0.000913268706409517
39,5,0.9931191703712753,-0.006183925637748288,-0.000913270500319124
39,6,0.9931191710213839,-0.006183932248578677,-0.0009132717320719756
39,7,0.9931191719016996,-0.006183938976930637,-0.0009132723877132137
39,8,0.9931191730022456,-0.006183945746568712,-0.0009132724598154582
39,9,0.9931191743105533,-0.006183952480789917,-0.0009132719475627666
39,10,0.9931191758117995,-0.006183959103292877,-0.0009132708567597417
39,11,0.9931191774889725,-0.006183965539042337,-0.00091326919976572
39,12,0.9931191793230727,-0.006183971715119349,-0.0009132669953548021
39,13,0.9931191812933186,-0.006183977561547321,-0.0009132642685032545
39,14,0.9931191833773878,-0.006183983012084766,-0.0009132610501066879
39,15,0.9931191855516682,-0.006183988004975725,-0.0009132573766301553
39,16,0.9931191877915262,-0.006183992483649387,-0.0009132532896950932
39,17,0.993119190071581,-0.006183996397361002,-0.0009132488356077694
39,18,0.9931191923659978,-0.006183999701766877,-0.0009132440648345793
39,19,0.9931191946487817,-0.006184002359426869,-0.0009132390314301546
39,20,0.9931191968940674,-0.00618400434022865,-0.0009132337924247891
39,21,0.9931191990764123,-0.006184005621728937,-0.0009132284071781766
39,22,0.99311920117109,-0.006184006189407874,-0.0009132229367068052
39,23,0.9931192031543691,-0.006184006036833521,-0.0009132174429926489
39,24,0.9931192050037772,-0.006184005165734676,-0.000913211988280969
39,25,0.9931192066983606,-0.006184003585981228,-0.0009132066343751802
39,26,0.993119208218918,-0.006184001315472276,-0.0009132014419367154
39,27,0.9931192095482234,-0.006183998379933271,-0.0009131964697977992
39,28,0.9931192106712128,-0.006183994812624528,-0.0009131917742948767
39,29,0.9931192115751623,-0.006183990653964434,-0.0009131874086302598
39,30,0.9931192122498291,-0.006183985951071571,-0.0009131834222692203
39,31,0.9931192126875683,-0.00618398075723094,-0.0009131798603793971
39,32,0.9931192128834199,-0.006183975131290324,-0.000913176763318908
39,33,0.9931192128351652,-0.006183969136993584,-0.0009131741661790046
39,34,0.9931192125433514,-0.006183962842258426,-0.0009131720983864605
39,35,0.9931192120112856,-0.00618395631840682,-0.0009131705833702206
39,36,0.993119211244997,-0.006183949639356824,-0.0009131696382960542
39,37,0.9931192102531683,-0.006183942880784951,-0.0009131692738721882
39,38,0.9931192090470392,-0.006183936119268656,-0.0009131694942280847
39,39,0.9931192076402738,-0.006183929431418603,-0.0009131702968676884
39,40,0.9931192060488095,-0.006183922893010654,-0.0009131716726976663
39,41,0.9931192042906799,-0.006183916578127385,-0.0009131736061303187
39,42,0.9931192023858018,-0.006183910558318749,-0.0009131760752600044
39,43,0.9931192003557584,-0.006183904901791545,-0.0009131790521111557
39,44,0.9931191982235508,-0.006183899672636682,-0.0009131825029550886
39,45,0.9931191960133375,-0.006183894930103048,-0.0009131863886920835
39,46,0.9931191937501609,-0.00618389072792617,-0.0009131906652944196
39,47,0.993119191459666,-0.006183887113719307,-0.0009131952843053494
39,48,0.9931191891678066,-0.006183884128433824,-0.0009132001933883242
39,49,0.9931191869005509,-0.00618388180589502,-0.0009132053369202068
39,50,0.9931191846835894,-0.006183880172418776,-0.000913210656621704
39,51,0.9931191825420392,-0.00618387924651326,-0.0009132160922178151
39,52,0.9931191805001673,-0.006183879038669247,-0.0009132215821208069
39,53,0.9931191785811067,-0.006183879551241268,-0.0009132270641279512
39,54,0.9931191768065997,-0.006183880778421059,-0.000913232476126166
39,55,0.9931191751967514,-0.006183882706303518,-0.0009132377567956068
39,56,0.9931191737697997,-0.006183885313044369,-0.0009132428463042907
39,57,0.9931191725419155,-0.006183888569107795,-0.000913247686985933
39,58,0.9931191715270108,-0.006183892437601069,-0.0009132522239933248
39,59,0.993119170736586,-0.006183896874692557,-0.0009132564059198713
40,0,0.9929177905680245,-0.006454099225588508,-0.0003605036990777427
40,1,0.9929177895947431,-0.006454103527030018,-0.0003605079664969582
40,2,0.9929177888743277,-0.006454108337633161,-0.0003605118509099003
40,3,0.9929177884149399,-0.006454113602891725,-0.0003605153083045552
40,4,0.9929177882217877,-0.006454119263147907,-0.0003605182995076765
40,5,0.9929177882970565,-0.006454125254268208,-0.0003605207906286342
40,6,0.9929177886398912,-0.006454131508370166,-0.0003605227534433053
40,7,0.9929177892464099,-0.006454137954591637,-0.0003605241657136762
40,8,0.9929177901097336,-0.006454144519893732,-0.0003605250114395715
40,9,0.9929177912200823,-0.006454151129888581,-0.0003605252810397291
40,10,0.9929177925648737,-0.006454157709682231,-0.0003605249714602016
40,11,0.9929177941288735,-0.006454164184723252,-0.0003605240862088974
40,12,0.9929177958943595,-0.006454170481647371,-0.0003605226353158768
40,13,0.9929177978413301,-0.006454176529108677,-0.0003605206352198344
40,14,0.9929177999477263,-0.006454182258587831,-0.000360518108582011
40,15,0.992917802189683,-0.006454187605168331,-0.0003605150840296013
40,16,0.9929178045417986,-0.006454192508271926,-0.0003605115958315163
40,17,0.992917806977425,-0.006454196912344961,-0.0003605076835101507
40,18,0.9929178094689599,-0.006454200767487781,-0.0003605033913935408
40,19,0.9929178119881787,-0.006454204030020239,-0.0003604987681130232
40,20,0.9929178145065327,-0.006454206662976591,-0.0003604938660520968
40,21,0.9929178169954901,-0.006454208636524468,-0.0003604887407527965
40,22,0.992917819426849,-0.006454209928302864,-0.000360483450286326
40,23,0.9929178217730612,-0.00645421052367555,-0.0003604780545951077
40,24,0.9929178240075442,-0.006454210415896847,-0.0003604726148136964
40,25,0.9929178261049806,-0.006454209606187987,-0.0003604671925762314
40,26,0.9929178280416072,-0.00645420810372324,-0.0003604618493182353
40,27,0.9929178297954797,-0.006454205925525874,-0.0003604566455806305
40,28,0.9929178313467264,-0.00645420309627531,-0.0003604516403238313
40,29,0.9929178326777707,-0.006454199648027503,-0.0003604468902596673
40,30,0.9929178337735303,-0.006454195619851812,-0.0003604424492087194
40,31,0.9929178346215886,-0.006454191057388431,-0.0003604383674903789
40,32,0.9929178352123373,-0.006454186012331374,-0.0003604346913525811
40,33,0.9929178355390819,-0.006454180541842794,-0.0003604314624477098
40,34,0.9929178355981222,-0.006454174707905384,-0.0003604287173606453
40,35,0.9929178353887887,-0.006454168576620005,-0.0003604264871942998
40,36,0.9929178349134549,-0.006454162217456711,-0.0003604247972173289
40,37,0.9929178341775068,-0.00645415570246751,-0.0003604236665779664
40,38,0.9929178331892832,-0.006454149105469912,-0.0003604231080871871
40,39,0.9929178319599808,-0.006454142501210486,-0.0003604231280736079
40,40,0.9929178305035272,-0.006454135964517966,-0.0003604237263117494
40,41,0.9929178288364227,-0.006454129569455431,-0.0003604248960244672
40,42,0.9929178269775562,-0.006454123388481285,-0.0003604266239595514
40,43,0.9929178249479871,-0.006454117491628332,-0.0003604288905396651
40,44,0.9929178227707122,-0.006454111945710407,-0.0003604316700839821
40,45,0.9929178204703987,-0.006454106813565377,-0.0003604349310990532
40,46,0.9929178180731125,-0.006454102153343181,-0.0003604386366356402
40,47,0.992917815606017,-0.006454098017846875,-0.0003604427447074721
40,48,0.9929178130970665,-0.006454094453934225,-0.0003604472087671591
40,49,0.9929178105746906,-0.006454091501986659,-0.0003604519782338246
40,50,0.9929178080674695,-0.006454089195451576,-0.00036045699906642
40,51,0.9929178056038108,-0.006454087560463276,-0.0003604622143761771
40,52,0.9929178032116288,-0.006454086615546834,-0.0003604675650712276
40,53,0.9929178009180275,-0.006454086371408234,-0.0003604729905260768
40,54,0.9929177987489926,-0.006454086830813148,-0.0003604784292683701
40,55,0.9929177967291003,-0.006454087988555756,-0.0003604838196752175
40,56,0.9929177948812338,-0.006454089831517818,-0.0003604891006712343
40,57,0.9929177932263307,-0.006454092338817441,-0.0003604942124204479
40,58,0.992917791783143,-0.006454095482045704,-0.0003604990970042527
40,59,0.9929177905680243,-0.006454099225588508,-0.0003605036990777426
41,0,0.9927002330980421,-0.006644854798038234,0.0001965079572452471
41,1,0.9927002316918955,-0.006644858423170514,0.0001965032676211878
41,2,0.992700230543482,-0.006644862601342835,0.0001964988924953987
41,3,0.9927002296658149,-0.006644867285214698,0.0001964948814400471
41,4,0.9927002290688383,-0.006644872421715645,0.0001964912799017351
41,5,0.9927002287593146,-0.006644877952646548,0.0001964881286865453
41,6,0.9927002287407508,-0.00664488381533909,0.0001964854634977826
41,7,0.9927002290133539,-0.006644889943365904,0.0001964833145316267
41,8,0.9927002295740334,-0.006644896267293339,0.0001964817061352367
41,9,0.9927002304164355,-0.00664490271546832,0.0001964806565311244
41,10,0.9927002315310144,-0.006644909214830273,0.0001964801776108628
41,11,0.9927002329051429,-0.006644915691738966,0.0001964802748004316
41,12,0.9927002345232508,-0.00664492207280887,0.0001964809469987124
41,13,0.9927002363670087,-0.006644928285740582,0.0001964821865898466
41,14,0.9927002384155224,-0.006644934260139829,0.0001964839795293524
41,15,0.9927002406455866,-0.006644939928315047,0.0001964863055030795
41,16,0.9927002430319326,-0.006644945226044178,0.0001964891381572413
41,17,0.992700245547524,-0.006644950093302321,0.000196492445396958
41,18,0.9927002481638575,-0.006644954474941811,0.0001964961897499305
41,19,0.9927002508512887,-0.006644958321317103,0.0001965003287911134
41,20,0.992700253579365,-0.006644961588847339,0.0001965048156235361
41,21,0.9927002563171791,-0.006644964240510214,0.0001965095994097844
41,22,0.9927002590337078,-0.006644966246261461,0.0001965146259480758
41,23,0.9927002616981739,-0.006644967583375293,0.0001965198382863831
41,24,0.9927002642803879,-0.006644968236701855,0.0001965251773676442
41,25,0.9927002667510928,-0.006644968198838819,0.0001965305826987688
41,26,0.9927002690822964,-0.006644967470215209,0.0001965359930359021
41,27,0.992700271247583,-0.006644966059086431,0.0001965413470782181
41,28,0.9927002732224215,-0.006644963981440811,0.0001965465841624241
41,29,0.9927002749844327,-0.006644961260818365,0.0001965516449501138
41,30,0.9927002765136549,-0.006644957928044239,0.0001965564721001858
41,31,0.9927002777927576,-0.006644954020879456,0.0001965610109186703
41,32,0.9927002788072485,-0.006644949583593219,0.000196565209978569
41,33,0.9927002795456341,-0.006644944666461377,0.0001965690217026391
41,34,0.992700279999547,-0.006644939325196784,0.0001965724029024867
41,35,0.9927002801638456,-0.006644933620318071,0.0001965753152678546
41,36,0.992700280036669,-0.006644927616463855,0.0001965777258005731
41,37,0.9927002796194593,-0.006644921381660295,0.0001965796071882914
41,38,0.9927002789169433,-0.006644914986550235,0.0001965809381138042
41,39,0.9927002779370813,-0.006644908503592746,0.000196581703496512
41,40,0.9927002766909732,-0.006644902006242124,0.0001965818946633094
41,41,0.9927002751927377,-0.006644895568115678,0.0001965815094469728
41,42,0.9927002734593481,-0.006644889262159685,0.0001965805522109082
41,43,0.9927002715104426,-0.006644883159822997,0.0001965790337999397
41,44,0.9927002693681037,-0.006644877330247603,0.0001965769714176386
41,45,0.9927002670566044,-0.00664487183948526,0.0001965743884315312
41,46,0.9927002646021346,-0.006644866749749108,0.0001965713141083599
41,47,0.9927002620325073,-0.006644862118708728,0.0001965677832823874
41,48,0.9927002593768384,-0.006644857998836582,0.0001965638359605233
41,49,0.99270025666522,-0.006644854436813362,0.0001965595168687936
41,50,0.9927002539283767,-0.006644851472998922,0.0001965548749453489
41,51,0.9927002511973197,-0.006644849140974901,0.0001965499627858113
41,52,0.9927002485029914,-0.006644847467164165,0.0001965448360472809
41,53,0.9927002458759183,-0.00664484647053147,0.0001965395528177679
41,54,0.9927002433458668,-0.006644846162368667,0.0001965341729581739
41,55,0.9927002409415018,-0.006644846546166854,0.0001965287574242334
41,56,0.9927002386900649,-0.006644847617576966,0.0001965233675760447
41,57,0.9927002366170645,-0.006644849364459116,0.0001965180644829559
41,58,0.9927002347459893,-0.006644851767020218,0.0001965129082316486
41,59,0.9927002330980415,-0.006644854798038231,0.0001965079572452469
42,0,0.992469287282576,-0.006757891544796558,0.0007514502820004362
42,1,0.992469285443893,-0.006757894468084314,0.0007514452442992689
42,2,0.9924692838593083,-0.006757897984897596,0.0007514404478435126
42,3,0.9924692825467775,-0.006757902055389388,0.0007514359469793583
42,4,0.9924692815211702,-0.006757906633439073,0.0007514317927033129
42,5,0.992469280794107,-0.006757911667175029,0.0007514280320843433
42,6,0.992469280373823,-0.006757917099562343,0.0007514247077306326
42,7,0.9924692802650795,-0.006757922869049178,0.0007514218573069944
42,8,0.992469280469105,-0.006757928910264237,0.0007514195131083526
42,9,0.9924692809835876,-0.006757935154757622,0.0007514177016940774
42,10,0.9924692818026954,-0.006757941531776443,0.0007514164435872512
42,11,0.9924692829171474,-0.006757947969066562,0.0007514157530422382
42,12,0.9924692843143201,-0.006757954393691253,0.0007514156378831682
42,13,0.9924692859783808,-0.006757960732857482,0.0007514160994151708
42,14,0.9924692878904791,-0.006757966914740662,0.0007514171324094242
42,15,0.9924692900289493,-0.006757972869298278,0.0007514187251622101
42,16,0.9924692923695652,-0.006757978529063444,0.00075142085962738
42,17,0.9924692948858047,-0.006757983829909247,0.0007514235116207528
42,18,0.9924692975491592,-0.006757988711775338,0.0007514266510941551
42,19,0.9924693003294518,-0.006757993119348445,0.000751430242475971
42,20,0.9924693031951781,-0.006757997002689157,0.00075143424507432
42,21,0.992469306113868,-0.00675800031779782,0.0007514386135382471
42,22,0.9924693090524529,-0.006758003027113114,0.0007514432983716514
42,23,0.9924693119776372,-0.006758005099937625,0.0007514482464941056
42,24,0.9924693148562787,-0.006758006512785654,0.0007514534018422126
42,25,0.9924693176557612,-0.006758007249649258,0.0007514587060046927
42,26,0.992469320344367,-0.006758007302179544,0.0007514640988840524
42,27,0.9924693228916337,-0.006758006669781253,0.0007514695193773795
42,28,0.9924693252686979,-0.006758005359619424,0.0007514749060685825
42,29,0.9924693274486286,-0.006758003386538283,0.0007514801979242657
42,30,0.9924693294067229,-0.006758000772893058,0.0007514853349853361
42,31,0.9924693311207956,-0.00675799754829681,0.0007514902590464933
42,32,0.9924693325714238,-0.006757993749284955,0.0007514949143158551
42,33,0.9924693337421721,-0.00675798941890141,0.0007514992480472086
42,34,0.9924693346197757,-0.006757984606210896,0.0007515032111376768
42,35,0.9924693351942906,-0.006757979365743016,0.0007515067586840265
42,36,0.9924693354592097,-0.006757973756874372,0.000751509850491322
42,37,0.9924693354115312,-0.006757967843155713,0.0007515124515281881
42,38,0.9924693350517962,-0.006757961691591819,0.0007515145323235854
42,39,0.9924693343840796,-0.006757955371882248,0.0007515160693006372
42,40,0.9924693334159461,-0.006757948955631601,0.0007515170450437691
42,41,0.9924693321583636,-0.00675794251553826,0.0007515174484961415
42,42,0.9924693306255792,-0.00675793612457075,0.00075151727508512
42,43,0.9924693288349579,-0.006757929855141086,0.0007515165267743215
42,44,0.9924693268067869,-0.006757923778284416,0.0007515152120415888
42,45,0.9924693245640464,-0.006757917962854224,0.0007515133457830913
42,46,0.9924693221321492,-0.006757912474742214,0.0007515109491445913
42,47,0.9924693195386487,-0.006757907376131644,0.0007515080492817794
42,48,0.9924693168129349,-0.006757902724792736,0.0007515046790524188
42,49,0.9924693139858917,-0.006757898573427898,0.0007515008766438094
42,50,0.9924693110895536,-0.006757894969074525,0.0007514966851398779
42,51,0.9924693081567371,-0.006757891952571882,0.0007514921520328345
42,52,0.9924693052206726,-0.006757889558098364,0.0007514873286849897
42,53,0.9924693023146263,-0.006757887812784233,0.0007514822697468322
42,54,0.9924692994715223,-0.006757886736404288,0.0007514770325379542
42,55,0.9924692967235743,-0.006757886341153934,0.0007514716763977931
42,56,0.9924692941019163,-0.006757886631511089,0.000751466262013485
42,57,0.9924692916362532,-0.006757887604185562,0.0007514608507323946
42,58,0.9924692893545213,-0.006757889248156354,0.0007514555038670621
42,59,0.992469287282575,-0.006757891544796551,0.0007514502820004355
43,0,0.9922280119005686,-0.006795385780242806,0.001298769493028453
43,1,0.9922280096453453,-0.006795387973921956,0.00129876418626358
43,2,0.9922280076321478,-0.006795390797667526,0.001298759044225371
43,3,0.9922280058837842,-0.00679539421948522,0.001298754125175777
43,4,0.9922280044200673,-0.006795398200604215,0.001298749484849703
43,5,0.9922280032575804,-0.006795402695916361,0.00129874517582342
43,6,0.9922280024094907,-0.006795407654487304,0.001298741246918908
43,7,0.9922280018854044,-0.006795413020133703,0.001298737742650849
43,8,0.9922280016912637,-0.006795418732059957,0.001298734702722509
43,9,0.9922280018292591,-0.006795424725547007,0.001298732161576103
43,10,0.9922280022978297,-0.006795430932685919,0.001298730148002803
43,11,0.9922280030916626,-0.006795437283147234,0.001298728684816618
43,12,0.9922280042017673,-0.006795443704977921,0.001298727788595923
43,13,0.9922280056155646,-0.006795450125416514,0.001298727469495515
43,14,0.9922280073170409,-0.006795456471717502,0.001298727731131393
43,15,0.992228009286915,-0.006795462671975383,0.001298728570539589
43,16,0.9922280115028719,-0.006795468655939379,0.001298729978209609
43,17,0.9922280139398034,-0.006795474355809275,0.0012987319381921
43,18,0.9922280165700976,-0.006795479707003627,0.001298734428279573
43,19,0.9922280193639524,-0.006795484648891527,0.001298737420258122
43,20,0.9922280222897102,-0.006795489125479597,0.001298740880227233
43,21,0.9922280253142211,-0.006795493086046486,0.001298744768984037
43,22,0.9922280284032169,-0.006795496485717614,0.001298749042467599
43,23,0.992228031521698,-0.006795499285973603,0.00129875365225817
43,24,0.9922280346343316,-0.006795501455086714,0.001298758546125747
43,25,0.9922280377058511,-0.006795502968480265,0.001298763668621732
43,26,0.9922280407014566,-0.006795503809007059,0.001298768961707036
43,27,0.9922280435872063,-0.006795503967143579,0.001298774365409534
43,28,0.9922280463304052,-0.006795503441097899,0.001298779818503487
43,29,0.9922280488999691,-0.006795502236829943,0.001298785259203228
43,30,0.9922280512667846,-0.006795500367984066,0.001298790625863303
43,31,0.9922280534040325,-0.006795497855734476,0.001298795857677042
43,32,0.9922280552874977,-0.006795494728545438,0.001298800895365677
43,33,0.9922280568958379,-0.006795491021848826,0.001298805681850094
43,34,0.9922280582108309,-0.006795486777642698,0.001298810162897612
43,35,0.9922280592175785,-0.006795482044015462,0.001298814287736418
43,36,0.9922280599046747,-0.00679547687460094,0.001298818009630715
43,37,0.9922280602643349,-0.006795471327970645,0.001298821286410094
43,38,0.9922280602924842,-0.006795465466970047,0.001298824080947182
43,39,0.992228059988804,-0.006795459358006472,0.001298826361578204
43,40,0.9922280593567336,-0.006795453070296644,0.001298828102461732
43,41,0.9922280584034322,-0.006795446675082491,0.00129882928387157
43,42,0.9922280571397006,-0.006795440244823999,0.001298829892420448
43,43,0.9922280555798535,-0.00679543385237831,0.001298829921211942
43,44,0.9922280537415641,-0.00679542757017432,0.001298829369918858
43,45,0.9922280516456597,-0.006795421469392111,0.001298828244787107
43,46,0.9922280493158897,-0.00679541561915646,0.001298826558565018
43,47,0.9922280467786527,-0.0067954100857536,0.001298824330358835
43,48,0.9922280440626979,-0.006795404931880054,0.001298821585416074
43,49,0.9922280411988013,-0.006795400215932176,0.001298818354839229
43,50,0.9922280382194122,-0.006795395991344321,0.001298814675233117
43,51,0.9922280351582928,-0.00679539230598336,0.001298810588289949
43,52,0.9922280320501242,-0.006795389201606192,0.001298806140316827
43,53,0.992228028930124,-0.006795386713386677,0.0012988013817111
43,54,0.9922280258336407,-0.006795384869517137,0.001298796366389463
43,55,0.9922280227957579,-0.006795383690889022,0.00129879115117726
43,56,0.9922280198508947,-0.006795383190856298,0.001298785795164831
43,57,0.9922280170324171,-0.006795383375084248,0.00129878035903815
43,58,0.9922280143722615,-0.006795384241485329,0.001298774904391286
43,59,0.9922280119005686,-0.006795385780242807,0.001298769493028453
44,0,0.991979643473741,-0.006759872190414982,0.001833575398795963
44,1,0.9919796408321947,-0.006759873626174953,0.001833569903948673
44,2,0.991979638412498,-0.006759875723855934,0.001833564495456706
44,3,0.9919796362420676,-0.006759878459690272,0.001833559234601205
44,4,0.9919796343454959,-0.006759881802679623,0.001833554180990049
44,5,0.991979632744272,-0.006759885714946125,0.001833549391882373
44,6,0.9919796314565361,-0.006759890152161596,0.00183354492153982
44,7,0.9919796304968765,-0.006759895064049849,0.001833540820611884
44,8,0.9919796298761632,-0.006759900394956457,0.001833537135562264
44,9,0.9919796296014257,-0.006759906084479455,0.001833533908142665
44,10,0.9919796296757764,-0.006759912068153824,0.001833531174919958
44,11,0.9919796300983712,-0.006759918278181968,0.001833528966862004
44,12,0.991979630864423,-0.006759924644201894,0.001833527308986796
44,13,0.9919796319652538,-0.006759931094084403,0.001833526220078917
44,14,0.9919796333883925,-0.006759937554750278,0.00183352571247654
44,15,0.991979635117717,-0.006759943952998183,0.00183352579193144
44,16,0.9919796371336315,-0.00675995021633397,0.001833526457543654
44,17,0.9919796394132991,-0.00675995627379204,0.001833527701771607
44,18,0.9919796419308888,-0.00675996205673934,0.001833529510517534
44,19,0.9919796446578741,-0.006759967499653042,0.001833531863287314
44,20,0.9919796475633572,-0.006759972540862975,0.00183353473342282
44,21,0.9919796506144164,-0.006759977123250435,0.001833538088404109
44,22,0.9919796537764823,-0.006759981194895383,0.001833541890218017
44,23,0.9919796570137279,-0.006759984709664754,0.001833546095788897
44,24,0.9919796602894754,-0.006759987627735139,0.001833550657466648
44,25,0.9919796635666096,-0.006759989916043929,0.001833555523566489
44,26,0.9919796668080006,-0.006759991548663891,0.001833560638954415
44,27,0.9919796699769236,-0.006759992507096872,0.001833565945671743
44,28,0.9919796730374728,-0.006759992780483335,0.00183357138359169
44,29,0.9919796759549712,-0.006759992365725421,0.001833576891100611
44,30,0.9919796786963608,-0.006759991267522068,0.001833582405796158
44,31,0.9919796812305806,-0.006759989498315852,0.001833587865194445
44,32,0.9919796835289145,-0.006759987078152081,0.00183359320743814
44,33,0.9919796855653222,-0.006759984034451742,0.001833598371997461
44,34,0.9919796873167303,-0.006759980401700855,0.001833603300356048
44,35,0.9919796887632952,-0.006759976221059748,0.001833607936673951
44,36,0.9919796898886286,-0.006759971539896656,0.001833612228420203
44,37,0.9919796906799802,-0.006759966411250943,0.00183361612696785
44,38,0.9919796911283845,-0.006759960893232113,0.001833619588144751
44,39,0.991979691228761,-0.006759955048361323,0.001833622572733941
44,40,0.9919796909799702,-0.00675994894286299,0.00183362504691794
44,41,0.9919796903848304,-0.006759942645914467,0.001833626982661995
44,42,0.9919796894500804,-0.006759936228862291,0.001833628358031904
44,43,0.9919796881863105,-0.006759929764413926,0.001833629157442774
44,44,0.9919796866078374,-0.006759923325814004,0.001833629371835854
44,45,0.9919796847325451,-0.006759916986014565,0.00183362899878137
44,46,0.991979682581682,-0.006759910816848461,0.001833628042506141
44,47,0.9919796801796193,-0.00675990488821547,0.00183362651384567
44,48,0.9919796775535771,-0.006759899267290211,0.001833624430121223
44,49,0.9919796747333107,-0.006759894017760897,0.001833621814943341
44,50,0.9919796717507773,-0.006759889199107617,0.001833618697944085
44,51,0.9919796686397718,-0.006759884865928273,0.001833615114441085
44,52,0.9919796654355447,-0.006759881067319923,0.001833611105037271
44,53,0.9919796621743997,-0.006759877846322423,0.001833606715160816
44,54,0.9919796588932848,-0.006759875239430857,0.001833601994550552
44,55,0.9919796556293753,-0.006759873276182107,0.00183359699669259
44,56,0.991979652419652,-0.006759871978820282,0.001833591778214522
44,57,0.9919796493004817,-0.006759871362044769,0.001833586398243965
44,58,0.9919796463072058,-0.006759871432843739,0.001833580917738704
44,59,0.9919796434737413,-0.006759872190414984,0.001833575398795964
45,0,0.9917275172388881,-0.006654190657642025,0.002351542944826313
45,1,0.9917275142538853,-0.00665419130869156,0.002351537342500687
45,2,0.991727511463022,-0.006654192647975041,0.002351531747615219
45,3,0.9917275088979234,-0.006654194660317817,0.002351526223563107
45,4,0.9917275065876526,-0.006654197322919017,0.002351520832934518
45,5,0.991727504558387,-0.006654200605609887,0.002351515636807307
45,6,0.9917275028331151,-0.006654204471195583,0.00235151069405497
45,7,0.9917275014313834,-0.006654208875876713,0.002351506060679725
45,8,0.9917275003690694,-0.006654213769745671,0.002351501789178187
45,9,0.9917274996582082,-0.00665421909735225,0.002351497927946831
45,10,0.9917274993068499,-0.006654224798331983,0.002351494520733848
45,11,0.9917274993189771,-0.006654230808090228,0.002351491606143633
45,12,0.9917274996944513,-0.006654237058534021,0.002351489217199416
45,13,0.9917275004290188,-0.006654243478843581,0.002351487380969023
45,14,0.9917275015143602,-0.006654249996274687,0.002351486118258043
45,15,0.9917275029381807,-0.00665425653698277,0.002351485443373904
45,16,0.9917275046843474,-0.00665426302685951,0.002351485363963581
45,17,0.9917275067330775,-0.006654269392372485,0.002351485880926867
45,18,0.991727509061156,-0.006654275561398244,0.002351486988406152
45,19,0.9917275116422077,-0.006654281464039572,0.002351488673852886
45,20,0.9917275144469849,-0.006654287033417394,0.002351490918169875
45,21,0.9917275174437074,-0.006654292206428679,0.002351493695927838
45,22,0.9917275205984221,-0.006654296924461413,0.002351496975653658
45,23,0.9917275238753845,-0.006654301134058731,0.002351500720187036
45,24,0.9917275272374673,-0.006654304787524587,0.002351504887101518
45,25,0.9917275306465764,-0.006654307843464111,0.002351509429185095
45,26,0.9917275340640888,-0.006654310267252587,0.002351514294974987
45,27,0.9917275374512816,-0.006654312031427675,0.002351519429340576
45,28,0.991727540769778,-0.006654313116000555,0.002351524774107952
45,29,0.9917275439819782,-0.006654313508682388,0.002351530268719005
45,30,0.9917275470514852,-0.00665431320502357,0.002351535850917599
45,31,0.9917275499435186,-0.006654312208464215,0.002351541457455077
45,32,0.9917275526253111,-0.00665431053029527,0.002351547024807025
45,33,0.9917275550664743,-0.006654308189530622,0.002351552489893143
45,34,0.9917275572393509,-0.006654305212691749,0.00235155779079204
45,35,0.9917275591193212,-0.006654301633507192,0.002351562867442795
45,36,0.9917275606850862,-0.006654297492530404,0.002351567662325378
45,37,0.9917275619189061,-0.006654292836680195,0.002351572121112205
45,38,0.9917275628068021,-0.00665428771870906,0.002351576193283519
45,39,0.9917275633387127,-0.006654282196605413,0.002351579832699662
45,40,0.9917275635086118,-0.006654276332936562,0.002351582998123809
45,41,0.9917275633145705,-0.006654270194139771,0.002351585653689247
45,42,0.9917275627587858,-0.006654263849769615,0.002351587769305928
45,43,0.9917275618475511,-0.00665425737170995,0.002351589321001626
45,44,0.9917275605911897,-0.006654250833359566,0.002351590291193808
45,45,0.9917275590039354,-0.006654244308800618,0.002351590668889057
45,46,0.9917275571037726,-0.006654237871959286,0.002351590449807747
45,47,0.9917275549122317,-0.006654231595768135,0.002351589636432522
45,48,0.9917275524541482,-0.00665422555133973,0.00235158823798005
45,49,0.9917275497573741,-0.006654219807160722,0.002351586270296368
45,50,0.9917275468524686,-0.006654214428315805,0.002351583755677112
45,51,0.9917275437723473,-0.006654209475750138,0.002351580722614678
45,52,0.9917275405519099,-0.006654205005578727,0.00235157720547527
45,53,0.9917275372276437,-0.006654201068450604,0.002351573244109501
45,54,0.9917275338372141,-0.006654197708975001,0.00235156888340099
45,55,0.9917275304190325,-0.006654194965215941,0.002351564172757977
45,56,0.9917275270118286,-0.006654192868261104,0.002351559165553746
45,57,0.9917275236542055,-0.006654191441869637,0.002351553918522042
45,58,0.9917275203842079,-0.006654190702203034,0.002351548491114363
45,59,0.9917275172388882,-0.006654190657642024,0.002351542944826313
46,0,0.991475000103765,-0.006481456987100159,0.002848829118704984
46,1,0.9914749968291499,-0.006481456830372559,0.002848823487306769
46,2,0.9914749937141968,-0.006481457381753093,0.002848817785072299
46,3,0.9914749907942032,-0.006481458634994419,0.002848812076611186
46,4,0.9914749881022541,-0.006481460575896637,0.00284880642660317
46,5,0.991474985668849,-0.006481463182468151,0.002848800899065143
46,6,0.9914749835215593,-0.006481466425174865,0.0028487955566258
46,7,0.9914749816847097,-0.006481470267274828,0.002848790459816112
46,8,0.9914749801791093,-0.006481474665234669,0.002848785666383702
46,9,0.9914749790218147,-0.006481479569222962,0.002848781230638787
46,10,0.9914749782259366,-0.006481484923674935,0.002848777202839045
46,11,0.9914749778004882,-0.006481490667922119,0.002848773628620334
46,12,0.9914749777502928,-0.006481496736879801,0.002848770548479696
46,13,0.9914749780759198,-0.006481503061784424,0.002848767997316439
46,14,0.9914749787736815,-0.006481509570972645,0.002848766004036584
46,15,0.9914749798356738,-0.00648151619069322,0.002848764591225158
46,16,0.991474981249868,-0.006481522845942575,0.002848763774890144
46,17,0.9914749830002383,-0.006481529461314489,0.002848763564280953
46,18,0.9914749850669548,-0.006481535961854531,0.002848763961783647
46,19,0.991474987426598,-0.006481542273909249,0.002848764962893928
46,20,0.9914749900524339,-0.006481548325960794,0.002848766556268346
46,21,0.9914749929147075,-0.006481554049437226,0.002848768723852945
46,22,0.991474995980988,-0.006481559379489573,0.002848771441087996
46,23,0.9914749992165344,-0.006481564255726569,0.002848774677186326
46,24,0.991475002584687,-0.006481568622898913,0.002848778395482145
46,25,0.9914750060472851,-0.006481572431525215,0.002848782553846392
46,26,0.9914750095650972,-0.006481575638452588,0.002848787105163944
46,27,0.9914750130982672,-0.006481578207345507,0.002848791997867284
46,28,0.9914750166067632,-0.006481580109097474,0.002848797176520667
46,29,0.9914750200508318,-0.006481581322160751,0.002848802582448171
46,30,0.9914750233914501,-0.006481581832790578,0.002848808154398554
46,31,0.9914750265907663,-0.006481581635200913,0.002848813829239334
46,32,0.991475029612529,-0.006481580731630078,0.002848819542672241
46,33,0.9914750324225008,-0.006481579132315485,0.00284882522996187
46,34,0.9914750349888428,-0.006481576855377673,0.00284883082666921
46,35,0.9914750372824785,-0.006481573926615018,0.002848836269381767
46,36,0.9914750392774222,-0.006481570379211406,0.002848841496431951
46,37,0.991475040951071,-0.006481566253360199,0.002848846448595641
46,38,0.991475042284463,-0.006481561595808763,0.002848851069763037
46,39,0.9914750432624911,-0.006481556459328747,0.002848855307574268
46,40,0.9914750438740704,-0.006481550902118122,0.002848859114012568
46,41,0.9914750441122716,-0.006481544987141836,0.002848862445948384
46,42,0.9914750439743912,-0.006481538781418399,0.00284886526562817
46,43,0.9914750434619888,-0.006481532355260674,0.00284886754110239
46,44,0.9914750425808675,-0.006481525781479287,0.002848869246587752
46,45,0.9914750413410087,-0.006481519134557743,0.002848870362759565
46,46,0.9914750397564622,-0.006481512489808559,0.002848870876970835
46,47,0.9914750378451813,-0.006481505922519905,0.002848870783395555
46,48,0.9914750356288242,-0.006481499507102537,0.002848870083094633
46,49,0.991475033132508,-0.006481493316246568,0.002848868784003666
46,50,0.9914750303845173,-0.006481487420097723,0.002848866900842787
46,51,0.9914750274159922,-0.006481481885462468,0.002848864454949676
46,52,0.9914750242605681,-0.006481476775050961,0.002848861474037659
46,53,0.9914750209539961,-0.006481472146766492,0.002848857991881669
46,54,0.9914750175337401,-0.006481468053049439,0.002848854047935665
46,55,0.9914750140385508,-0.006481464540283162,0.002848849686885774
46,56,0.9914750105080273,-0.006481461648268548,0.002848844958144189
46,57,0.9914750069821728,-0.00648145940977316,0.002848839915289506
46,58,0.9914750035009371,-0.006481457850160001,0.002848834615459752
46,59,0.9914750001037639,-0.006481456987100151,0.002848829118704981
47,0,0.9912254338036273,-0.00624504811980174,0.00332200525474469
47,1,0.9912254303024636,-0.006245047138122446,0.003321999669117096
47,2,0.9912254269206475,-0.006245046877112585,0.003321993936062307
47,3,0.9912254236964968,-0.006245047339729569,0.003321988120539198
47,4,0.9912254206665474,-0.00624504852073168,0.003321982288440701
47,5,0.991225417865128,-0.006245050406737336,0.003321976505847019
47,6,0.9912254153239769,-0.006245052976376743,0.003321970838276891
47,7,0.9912254130718846,-0.006245056200534086,0.003321965349945325
47,8,0.9912254111343641,-0.006245060042677491,0.003321960103036171
47,9,0.9912254095333629,-0.006245064459273071,0.003321955156997802
47,10,0.9912254082870198,-0.006245069400278326,0.003321950567869763
47,11,0.9912254074094554,-0.006245074809709217,0.00332194638764799
47,12,0.9912254069106102,-0.006245080626274515,0.00332194266369574
47,13,0.9912254067961389,-0.006245086784070278,0.003321939438206922
47,14,0.9912254070673413,-0.006245093213326506,0.003321936747727895
47,15,0.9912254077211469,-0.006245099841197557,0.003321934622743202
47,16,0.9912254087501479,-0.006245106592587438,0.003321933087330004
47,17,0.9912254101426902,-0.00624511339100063,0.003321932158885167
47,18,0.9912254118829913,-0.006245120159408707,0.003321931847928083
47,19,0.9912254139513357,-0.00624512682112318,0.003321932157981569
47,20,0.9912254163242848,-0.006245133300664372,0.003321933085532053
47,21,0.9912254189749529,-0.006245139524616742,0.003321934620069561
47,22,0.991225421873305,-0.006245145422460707,0.003321936744206919
47,23,0.9912254249865019,-0.006245150927371712,0.003321939433876866
47,24,0.991225428279271,-0.006245155976977367,0.003321942658604747
47,25,0.991225431714306,-0.006245160514064107,0.003321946381853732
47,26,0.9912254352526872,-0.006245164487225356,0.003321950561438661
47,27,0.9912254388543268,-0.006245167851443956,0.00332195515000388
47,28,0.9912254424784149,-0.006245170568602119,0.003321960095559654
47,29,0.9912254460838926,-0.006245172607913359,0.003321965342071208
47,30,0.9912254496299039,-0.00624517394627123,0.003321970830093585
47,31,0.9912254530762724,-0.006245174568511288,0.003321976497445304
47,32,0.9912254563839469,-0.006245174467582897,0.003321982279912996
47,33,0.9912254595154494,-0.006245173644629228,0.003321988111979095
47,34,0.9912254624352994,-0.006245172108974354,0.003321993927564249
47,35,0.991225465110414,-0.006245169878017609,0.003321999660776021
47,36,0.9912254675104855,-0.006245166977036468,0.003322005246655405
47,37,0.9912254696083208,-0.006245163438900044,0.003322010621912674
47,38,0.9912254713801523,-0.006245159303696646,0.003322015725644317
47,39,0.9912254728059045,-0.006245154618279484,0.003322020500022939
47,40,0.9912254738694226,-0.006245149435735784,0.003322024890952396
47,41,0.9912254745586528,-0.006245143814785289,0.003322028848680729
47,42,0.9912254748657834,-0.006245137819115018,0.003322032328364007
47,43,0.9912254747873309,-0.006245131516657755,0.003322035290574631
47,44,0.9912254743241807,-0.00624512497882244,0.003322037701748288
47,45,0.991225473481579,-0.006245118279685193,0.003322039534564489
47,46,0.9912254722690721,-0.006245111495150055,0.003322040768256248
47,47,0.9912254707003999,-0.006245104702088963,0.003322041388845424
47,48,0.9912254687933385,-0.006245097977470707,0.003322041389301009
47,49,0.9912254665694993,-0.006245091397488752,0.003322040769618628
47,50,0.9912254640540834,-0.006245085036697807,0.003322039536820361
47,51,0.9912254612755917,-0.006245078967168938,0.003322037704874957
47,52,0.9912254582655088,-0.006245073257672934,0.003322035294539447
47,53,0.9912254550579398,-0.006245067972901016,0.003322032333123899
47,54,0.991225451689226,-0.006245063172731896,0.00332202885418206
47,55,0.9912254481975349,-0.006245058911553386,0.00332202489713135
47,56,0.9912254446224252,-0.006245055237646234,0.003322020506806437
47,57,0.9912254410044038,-0.006245052192637201,0.003322015732951452
47,58,0.9912254373844654,-0.00624504981102747,0.003322010629656478
47,59,0.9912254338036272,-0.006245048119801738,0.00332200525474469
48,0,0.9909820863649553,-0.005948595218649431,0.003768003402274447
48,1,0.9909820827076808,-0.005948593402738437,0.003767997932721571
48,2,0.9909820791246723,-0.005948592311950493,0.003767992241745453
48,3,0.9909820756565274,-0.005948591958644819,0.003767986393828232
48,4,0.9909820723425444,-0.005948592346824489,0.003767980455229958
48,5,0.9909820692202723,-0.005948593472090991,0.003767974493237663
48,6,0.9909820663250865,-0.00594859532169405,0.003767968575402918
48,7,0.990982063689786,-0.00594859787467613,0.003767962768776489
48,8,0.9909820613442264,-0.005948601102110001,0.003767957139148793
48,9,0.9909820593149788,-0.005948604967426616,0.003767951750304666
48,10,0.9909820576250324,-0.005948609426829587,0.003767946663300889
48,11,0.9909820562935329,-0.005948614429791514,0.003767941935774545
48,12,0.9909820553355663,-0.005948619919626533,0.003767937621290051
48,13,0.9909820547619907,-0.005948625834132616,0.003767933768732253
48,14,0.9909820545793016,-0.00594863210629622,0.003767930421752381
48,15,0.9909820547895747,-0.005948638665051599,0.003767927618273378
48,16,0.9909820553904304,-0.005948645436085833,0.00376792539006
48,17,0.9909820563750613,-0.005948652342680778,0.003767923762358799
48,18,0.9909820577323124,-0.005948659306582262,0.003767922753612033
48,19,0.990982059446804,-0.005948666248886728,0.003767922375248733
48,20,0.9909820614991084,-0.005948673090935282,0.003767922631555324
48,21,0.9909820638659712,-0.005948679755204998,0.00376792351962723
48,22,0.990982066520575,-0.005948686166187322,0.003767925029401899
48,23,0.9909820694328401,-0.005948692251243632,0.003767927143772924
48,24,0.9909820725697718,-0.005948697941428294,0.0037679298387839
48,25,0.9909820758958284,-0.005948703172269763,0.003767933083899789
48,26,0.9909820793733277,-0.005948707884501046,0.003767936842352796
48,27,0.9909820829628685,-0.005948712024731088,0.003767941071558804
48,28,0.9909820866237825,-0.005948715546049706,0.003767945723599776
48,29,0.9909820903145874,-0.005948718408558998,0.003767950745766578
48,30,0.9909820939934674,-0.005948720579825489,0.003767956081156238
48,31,0.9909820976187356,-0.005948722035247568,0.003767961669316695
48,32,0.9909821011493158,-0.005948722758334378,0.003767967446931902
48,33,0.9909821045452045,-0.005948722740892694,0.0037679733485393
48,34,0.9909821077679242,-0.005948721983119827,0.003767979307271625
48,35,0.9909821107809615,-0.005948720493601426,0.003767985255614548
48,36,0.9909821135501786,-0.005948718289214167,0.003767991126171568
48,37,0.9909821160442021,-0.005948715394934499,0.003767996852427511
48,38,0.9909821182347747,-0.005948711843555568,0.003768002369501994
48,39,0.990982120097076,-0.005948707675315606,0.003768007614884401
48,40,0.9909821216100051,-0.005948702937441983,0.003768012529142064
48,41,0.9909821227564183,-0.005948697683616104,0.003768017056593654
48,42,0.9909821235233212,-0.005948691973365229,0.003768021145940161
48,43,0.9909821239020208,-0.005948685871388118,0.003768024750846333
48,44,0.9909821238882236,-0.005948679446822089,0.003768027830465889
48,45,0.9909821234820828,-0.00594867277245975,0.003768030349904533
48,46,0.990982122688199,-0.005948665923924319,0.003768032280615478
48,47,0.9909821215155699,-0.005948658978812808,0.003768033600722953
48,48,0.9909821199774831,-0.005948652015816752,0.003768034295269986
48,49,0.9909821180913706,-0.005948645113830517,0.003768034356387732
48,50,0.9909821158786061,-0.005948638351057256,0.003768033783384432
48,51,0.9909821133642641,-0.005948631804122718,0.003768032582753032
48,52,0.9909821105768342,-0.005948625547206922,0.003768030768097485
48,53,0.9909821075478992,-0.005948619651203637,0.003768028359978554
48,54,0.9909821043117775,-0.005948614182917131,0.003768025385680919
48,55,0.9909821009051329,-0.00594860920430529,0.003768021878904156
48,56,0.9909820973665627,-0.005948604771777726,0.00376801787938112
48,57,0.9909820937361571,-0.005948600935556705,0.003768013432427928
48,58,0.9909820900550506,-0.005948597739108199,0.003768008588430651
48,59,0.9909820863649537,-0.005948595218649422,0.003768003402274441
49,0,0.9907481101696992,-0.005595980100859952,0.004184074887958572
49,1,0.990748106432214,-0.00559597745107693,0.004184069599592134
49,2,0.9907481027203225,-0.005595975522095258,0.004184064019177523
49,3,0.9907480990760894,-0.005595974335771367,0.004184058209944189
49,4,0.9907480955408057,-0.005595973905546848,0.004184052237713922
49,5,0.9907480921545283,-0.005595974236296112,0.004184046170154934
49,6,0.9907480889556235,-0.00559597532427112,0.004184040076015059
49,7,0.9907480859803334,-0.005595977157143896,0.004184034024342861
49,8,0.9907480832623624,-0.005595979714146271,0.004184028083705377
49,9,0.9907480808325052,-0.005595982966305407,0.004184022321411475
49,10,0.9907480787182863,-0.005595986876772109,0.004184016802749339
49,11,0.99074807694366,-0.005595991401238544,0.004184011590246968
49,12,0.9907480755287299,-0.005595996488440282,0.00418400674296373
49,13,0.9907480744895308,-0.005596002080737212,0.004184002315821262
49,14,0.9907480738378407,-0.005596008114766522,0.004183998358981043
49,15,0.9907480735810448,-0.005596014522160556,0.004183994917275915
49,16,0.9907480737220554,-0.005596021230321355,0.004183992029701965
49,17,0.9907480742592772,-0.005596028163243131,0.004183989728976565
49,18,0.990748075186624,-0.005596035242373384,0.004183988041167598
49,19,0.9907480764935868,-0.005596042387502935,0.004183986985398147
49,20,0.9907480781653569,-0.005596049517674767,0.004183986573629914
49,21,0.9907480801829899,-0.005596056552101348,0.004183986810527822
49,22,0.9907480825236249,-0.005596063411080071,0.004183987693407305
49,23,0.9907480851607404,-0.005596070016896333,0.004183989212264833
49,24,0.9907480880644588,-0.005596076294704095,0.004183991349891282
49,25,0.9907480912018808,-0.005596082173373855,0.004183994082066886
49,26,0.9907480945374603,-0.005596087586298531,0.004183997377835569
49,27,0.9907480980334072,-0.005596092472148039,0.004184001199855562
49,28,0.9907481016501106,-0.0055960967755641,0.004184005504822365
49,29,0.9907481053465933,-0.00559610044778746,0.004184010243959362
49,30,0.9907481090809702,-0.005596103447210297,0.00418401536357044
49,31,0.9907481128109308,-0.005596105739847756,0.004184020805648461
49,32,0.9907481164942087,-0.00559610729972301,0.004184026508532575
49,33,0.9907481200890711,-0.005596108109161728,0.004184032407606991
49,34,0.9907481235547869,-0.005596108158992364,0.004184038436033157
49,35,0.990748126852088,-0.005596107448650113,0.004184044525507092
49,36,0.9907481299436176,-0.005596105986183311,0.004184050607033235
49,37,0.9907481327943486,-0.005596103788162168,0.004184056611706079
49,38,0.9907481353719836,-0.005596100879490974,0.004184062471490738
49,39,0.9907481376473174,-0.00559609729312583,0.004184068119993656
49,40,0.990748139594569,-0.005596093069701205,0.004184073493214786
49,41,0.9907481411916722,-0.005596088257069537,0.004184078530272706
49,42,0.9907481424205286,-0.0055960829097591,0.004184083174094517
49,43,0.9907481432672092,-0.005596077088356272,0.004184087372062641
49,44,0.9907481437221164,-0.005596070858819213,0.004184091076611229
49,45,0.9907481437800942,-0.005596064291730655,0.004184094245765289
49,46,0.9907481434404842,-0.005596057461498241,0.004184096843616436
49,47,0.9907481427071343,-0.005596050445511505,0.004184098840729805
49,48,0.9907481415883582,-0.005596043323264991,0.004184100214477549
49,49,0.990748140096834,-0.005596036175457416,0.004184100949295058
49,50,0.9907481382494676,-0.00559602908307722,0.004184101036857169
49,51,0.9907481360671926,-0.005596022126484768,0.004184100476172275
49,52,0.9907481335747379,-0.005596015384501728,0.004184099273593439
49,53,0.9907481308003434,-0.005596008933517922,0.004184097442746336
49,54,0.9907481277754423,-0.005596002846625798,0.004184095004374924
49,55,0.9907481245343053,-0.005595997192792323,0.004184091986106518
49,56,0.9907481211136554,-0.005595992036077673,0.004184088422138963
49,57,0.9907481175522469,-0.00559598743490947,0.004184084352853305
49,58,0.990748113890431,-0.005595983441420879,0.004184079824356405
49,59,0.9907481101696992,-0.005595980100859952,0.004184074887958572
50,0,0.9905265052212063,-0.005191331980126606,0.004567759111097819
50,1,0.9905265014828787,-0.005191328507891403,0.004567754063449807
50,2,0.9905264977191564,-0.005191325742859453,0.004567748657150818
50,3,0.9905264939726894,-0.005191323716360093,0.004567742953457451
50,4,0.990526490285926,-0.005191322451354555,0.004567737016995694
50,5,0.9905264867006444,-0.005191321962175773,0.00456773091502859
50,6,0.9905264832574636,-0.005191322254365863,0.004567724716693972
50,7,0.9905264799953925,-0.0051913233246134,0.004567718492221135
50,8,0.9905264769513876,-0.005191325160791035,0.004567712312135226
50,9,0.9905264741599331,-0.005191327742093044,0.0045677062464583
50,10,0.9905264716526521,-0.005191331039271212,0.004567700363916133
50,11,0.9905264694579511,-0.00519133501496639,0.004567694731159681
50,12,0.9905264676006954,-0.005191339624131859,0.004567689412009989
50,13,0.9905264661019288,-0.005191344814543762,0.004567684466735082
50,14,0.9905264649786359,-0.005191350527392756,0.004567679951367037
50,15,0.9905264642435475,-0.005191356697950272,0.004567675917066993
50,16,0.9905264639049963,-0.005191363256301794,0.004567672409545339
50,17,0.9905264639668188,-0.005191370128138907,0.004567669468543675
50,18,0.9905264644283156,-0.005191377235601203,0.004567667127384482
50,19,0.9905264652842589,-0.005191384498158457,0.004567665412593581
50,20,0.9905264665249462,-0.005191391833523077,0.00456766434359964
50,21,0.9905264681363206,-0.005191399158582575,0.004567663932514204
50,22,0.9905264701001215,-0.005191406390341292,0.004567664183994556
50,23,0.9905264723940981,-0.00519141344686086,0.004567665095191084
50,24,0.9905264749922599,-0.005191420248188588,0.004567666655779593
50,25,0.9905264778651712,-0.00519142671726334,0.004567668848078269
50,26,0.9905264809802817,-0.005191432780788561,0.004567671647247942
50,27,0.9905264843022989,-0.005191438370062699,0.004567675021573422
50,28,0.9905264877935844,-0.0051914434217575,0.004567678932822733
50,29,0.9905264914145819,-0.005191447878635492,0.004567683336680231
50,30,0.9905264951242625,-0.00519145169019849,0.00456768818324868
50,31,0.9905264988805922,-0.005191454813259805,0.00456769341761466
50,32,0.9905265026410094,-0.005191457212433627,0.004567698980470837
50,33,0.9905265063629046,-0.005191458860536054,0.004567704808788008
50,34,0.9905265100041079,-0.005191459738893179,0.004567710836529349
50,35,0.9905265135233637,-0.005191459837552694,0.004567716995398628
50,36,0.9905265168807997,-0.005191459155396658,0.004567723215614007
50,37,0.990526520038376,-0.005191457700154107,0.004567729426698578
50,38,0.9905265229603193,-0.005191455488313389,0.004567735558278771
50,39,0.9905265256135234,-0.005191452544935266,0.00456774154088157
50,40,0.9905265279679265,-0.005191448903368906,0.004567747306721566
50,41,0.9905265299968482,-0.005191444604874001,0.004567752790468959
50,42,0.9905265316772983,-0.005191439698153368,0.00456775792998985
50,43,0.9905265329902297,-0.005191434238801197,0.004567762667050337
50,44,0.9905265339207633,-0.005191428288673319,0.004567766947976537
50,45,0.9905265344583516,-0.005191421915186496,0.0045677707242629
50,46,0.9905265345969017,-0.005191415190554654,0.004567773953121951
50,47,0.9905265343348456,-0.005191408190970749,0.004567776597969166
50,48,0.9905265336751533,-0.005191400995743405,0.00456777862883746
50,49,0.9905265326253057,-0.00519139368639826,0.00456778002271665
50,50,0.9905265311972012,-0.00519138634575406,0.004567780763813992
50,51,0.9905265294070259,-0.005191379056984156,0.004567780843732962
50,52,0.9905265272750652,-0.005191371902673981,0.004567780261568271
50,53,0.9905265248254754,-0.005191364963885232,0.004567779023916037
50,54,0.9905265220860097,-0.005191358319237409,0.00456777714479909
50,55,0.9905265190877056,-0.005191352044017093,0.00456777464550819
50,56,0.9905265158645308,-0.005191346209324998,0.004567771554360939
50,57,0.9905265124530045,-0.005191340881270522,0.004567767906381113
50,58,0.9905265088917798,-0.005191336120222775,0.004567763742901939
50,59,0.9905265052212072,-0.00519133198012661,0.004567759111097822
51,0,0.9903200865480128,-0.004739022523058499,0.004916860727310256
51,1,0.9903200828896545,-0.004739018251898315,0.004916855974161031
51,2,0.9903200791539132,-0.004739014664763102,0.004916850800316403
51,3,0.9903200753831117,-0.004739011802297057,0.004916845264399034
51,4,0.9903200716199823,-0.00473900969693344,0.00491683942913396
51,5,0.9903200679071622,-0.004739008372526864,0.004916833360637645
51,6,0.9903200642867207,-0.004739007844082999,0.004916827127668826
51,7,0.9903200607996745,-0.004739008117588536,0.004916820800849395
51,8,0.9903200574855267,-0.004739009189943461,0.004916814451864317
51,9,0.990320054381823,-0.004739011048996359,0.004916808152649539
51,10,0.9903200515237246,-0.004739013673682264,0.004916801974577069
51,11,0.9903200489436106,-0.004739017034261499,0.004916795987646431
51,12,0.9903200466707131,-0.00473902109265675,0.004916790259691641
51,13,0.9903200447307864,-0.004739025802884533,0.004916784855612626
51,14,0.9903200431458126,-0.004739031111576151,0.004916779836639838
51,15,0.9903200419337543,-0.004739036958582299,0.004916775259640398
51,16,0.9903200411083481,-0.00473904327765443,0.004916771176473636
51,17,0.9903200406789481,-0.004739049997195269,0.004916767633403416
51,18,0.9903200406504219,-0.004739057041069978,0.004916764670573903
51,19,0.9903200410230901,-0.004739064329468743,0.004916762321554692
51,20,0.9903200417927316,-0.004739071779811143,0.004916760612960557
51,21,0.990320042950621,-0.004739079307681839,0.004916759564149943
51,22,0.9903200444836391,-0.004739086827787192,0.00491675918700581
51,23,0.9903200463744136,-0.004739094254921695,0.004916759485801022
51,24,0.9903200486015247,-0.004739101504933435,0.004916760457150046
51,25,0.990320051139738,-0.00473910849567753,0.004916762090047255
51,26,0.9903200539602974,-0.004739115147946785,0.004916764365991607
51,27,0.9903200570312478,-0.004739121386369027,0.004916767259196161
51,28,0.9903200603177957,-0.004739127140260999,0.004916770736880172
51,29,0.9903200637827045,-0.004739132344429145,0.004916774759640445
51,30,0.9903200673867139,-0.004739136939908259,0.004916779281897745
51,31,0.9903200710889877,-0.004739140874629612,0.004916784252413274
51,32,0.990320074847576,-0.004739144104010992,0.004916789614869269
51,33,0.9903200786198906,-0.004739146591461935,0.004916795308507182
51,34,0.9903200823631889,-0.004739148308798398,0.004916801268816162
51,35,0.9903200860350596,-0.004739149236562142,0.004916807428264005
51,36,0.9903200895938997,-0.0047391493642412,0.004916813717062296
51,37,0.9903200929993898,-0.004739148690388927,0.004916820063957042
51,38,0.9903200962129463,-0.00473914722264027,0.004916826397035907
51,39,0.9903200991981596,-0.004739144977625183,0.00491683264454287
51,40,0.9903201019212066,-0.004739141980780112,0.004916838735691167
51,41,0.9903201043512312,-0.004739138266059772,0.004916844601465293
51,42,0.9903201064606956,-0.004739133875552471,0.004916850175402989
51,43,0.9903201082256953,-0.004739128859003371,0.00491685539434843
51,44,0.9903201096262246,-0.004739123273250986,0.004916860199167907
51,45,0.9903201106464123,-0.004739117181583392,0.004916864535420033
51,46,0.9903201112746969,-0.004739110653021248,0.00491686835397269
51,47,0.9903201115039598,-0.004739103761535847,0.004916871611559813
51,48,0.9903201113316064,-0.00473909658521098,0.004916874271271599
51,49,0.9903201107595939,-0.00473908920535811,0.004916876302972651
51,50,0.990320109794409,-0.00473908170559492,0.004916877683643295
51,51,0.9903201084469906,-0.004739074170897708,0.004916878397640257
51,52,0.9903201067326108,-0.004739066686638435,0.004916878436873815
51,53,0.990320104670694,-0.0047390593376173,0.004916877800899376
51,54,0.9903201022846013,-0.004739052207101919,0.004916876496922526
51,55,0.990320099601365,-0.00473904537588393,0.004916874539717486
51,56,0.9903200966513842,-0.004739038921363706,0.004916871951459829
51,57,0.9903200934680803,-0.004739032916673514,0.004916868761475368
51,58,0.9903200900875212,-0.004739027429849026,0.004916865005908007
51,59,0.9903200865480108,-0.004739022523058489,0.004916860727310246
52,0,0.9901314549984513,-0.004243657948933274,0.005229433572291001
52,1,0.9901314515002766,-0.004243652915122261,0.005229429161667704
52,2,0.9901314478730521,-0.004243648532493601,0.005229424273296745
52,3,0.9901314441578818,-0.004243644850704981,0.005229418962566183
52,4,0.9901314403968644,-0.004243641911473073,0.005229413289649513
52,5,0.9901314366326148,-0.004243639748100705,0.005229407318823747
52,6,0.9901314329077842,-0.004243638385099443,0.005229401117741066
52,7,0.9901314292645728,-0.004243637837911858,0.005229394756662258
52,8,0.9901314257442536,-0.004243638112736655,0.00522938830766067
52,9,0.9901314223867075,-0.004243639206458625,0.005229381843805696
52,10,0.9901314192299687,-0.004243641106684144,0.005229375438334958
52,11,0.9901314163098028,-0.004243643791881828,0.005229369163824646
52,12,0.990131413659293,-0.004243647231626573,0.005229363091367208
52,13,0.9901314113084709,-0.004243651386944379,0.005229357289765916
52,14,0.9901314092839755,-0.004243656210753889,0.005229351824755257
52,15,0.990131407608749,-0.004243661648399719,0.005229346758256049
52,16,0.9901314063017761,-0.004243667638271576,0.005229342147673781
52,17,0.9901314053778686,-0.004243674112502189,0.005229338045248102
52,18,0.9901314048474956,-0.004243680997736177,0.005229334497460878
52,19,0.9901314047166685,-0.004243688215961177,0.005229331544509547
52,20,0.9901314049868646,-0.004243695685391762,0.005229329219851678
52,21,0.9901314056550228,-0.004243703321396256,0.005229327549826022
52,22,0.9901314067135693,-0.004243711037455709,0.005229326553354121
52,23,0.990131408150509,-0.004243718746144309,0.005229326241726038
52,24,0.9901314099495623,-0.004243726360120006,0.005229326618472482
52,25,0.9901314120903464,-0.004243733793114079,0.005229327679324797
52,26,0.9901314145486083,-0.00424374096090853,0.005229329412263303
52,27,0.9901314172964969,-0.004243747782290177,0.005229331797653415
52,28,0.9901314203028799,-0.004243754179970702,0.005229334808468048
52,29,0.9901314235336959,-0.004243760081462274,0.005229338410593793
52,30,0.9901314269523377,-0.004243765419898797,0.005229342563217383
52,31,0.9901314305200678,-0.004243770134793575,0.005229347219288146
52,32,0.9901314341964613,-0.00424377417272474,0.005229352326051167
52,33,0.9901314379398608,-0.004243777487940639,0.005229357825645036
52,34,0.9901314417078522,-0.004243780042878335,0.005229363655757519
52,35,0.9901314454577417,-0.00424378180858927,0.005229369750331573
52,36,0.990131449147045,-0.004243782765067269,0.0052293760403138
52,37,0.9901314527339629,-0.004243782901475143,0.005229382454436752
52,38,0.9901314561778576,-0.004243782216267375,0.005229388920026362
52,39,0.9901314594397105,-0.004243780717207493,0.005229395363825243
52,40,0.990131462482563,-0.004243778421280006,0.005229401712822658
52,41,0.9901314652719362,-0.004243775354497924,0.005229407895081708
52,42,0.9901314677762223,-0.004243771551608072,0.005229413840554442
52,43,0.9901314699670385,-0.004243767055697505,0.005229419481875574
52,44,0.9901314718195595,-0.004243761917705525,0.005229424755125904
52,45,0.9901314733127882,-0.004243756195846686,0.005229429600556631
52,46,0.9901314744298043,-0.004243749954951407,0.005229433963266491
52,47,0.9901314751579503,-0.004243743265731479,0.005229437793823838
52,48,0.99013147548898,-0.004243736203978905,0.005229441048826774
52,49,0.9901314754191465,-0.004243728849707013,0.005229443691394839
52,50,0.9901314749492477,-0.004243721286243714,0.005229445691586814
52,51,0.9901314740846126,-0.004243713599287159,0.005229447026739855
52,52,0.9901314728350404,-0.00424370587593454,0.005229447681726176
52,53,0.9901314712146916,-0.004243698203695142,0.005229447649124423
52,54,0.9901314692419253,-0.004243690669498795,0.005229446929303752
52,55,0.990131466939089,-0.004243683358710964,0.00522944553041969
52,56,0.9901314643322714,-0.004243676354165687,0.005229443468321849
52,57,0.9901314614510057,-0.004243669735227188,0.005229440766374461
52,58,0.9901314583279371,-0.004243663576890792,0.005229437455191725
52,59,0.9901314549984518,-0.004243657948933277,0.005229433572291003
53,0,0.9899629709572164,-0.003710067413438981,0.005503769888976454
53,1,0.9899629676967796,-0.003710061666208886,0.005503765863280325
53,2,0.9899629642572965,-0.003710056527803777,0.005503761308121618
53,3,0.9899629606777484,-0.003710052056444808,0.005503756275112834
53,4,0.9899629569986925,-0.003710048302794991,0.005503750821280627
53,5,0.9899629532618186,-0.003710045309385024,0.005503745008419683
53,6,0.9899629495094679,-0.00371004311013124,0.005503738902392451
53,7,0.9899629457841517,-0.003710041729951294,0.005503732572382848
53,8,0.9899629421280733,-0.003710041184481954,0.005503726090112422
53,9,0.9899629385826522,-0.003710041479902127,0.005503719529027766
53,10,0.989962935188051,-0.003710042612863085,0.005503712963468383
53,11,0.989962931982727,-0.003710044570526654,0.005503706467824475
53,12,0.9899629290029954,-0.003710047330710866,0.005503700115694135
53,13,0.9899629262826177,-0.003710050862141326,0.00550369397904944
53,14,0.9899629238524207,-0.00371005512480556,0.005503688127420993
53,15,0.9899629217399414,-0.003710060070406219,0.005503682627110044
53,16,0.9899629199691211,-0.003710065642908158,0.005503677540437256
53,17,0.9899629185600278,-0.003710071779173137,0.005503672925036505
53,18,0.9899629175286289,-0.003710078409675088,0.005503668833201839
53,19,0.989962916886609,-0.003710085459287828,0.005503665311294968
53,20,0.9899629166412428,-0.003710092848136328,0.005503662399220025
53,21,0.9899629167953079,-0.00371010049250182,0.005503660129971457
53,22,0.9899629173470547,-0.003710108305770508,0.005503658529260262
53,23,0.9899629182902314,-0.00371011619941508,0.005503657615222763
53,24,0.9899629196141513,-0.003710124083997801,0.005503657398215123
53,25,0.9899629213038156,-0.003710131870183883,0.005503657880696043
53,26,0.9899629233400822,-0.003710139469753588,0.005503659057198889
53,27,0.9899629256998833,-0.003710146796601653,0.005503660914393586
53,28,0.9899629283564837,-0.00371015376771274,0.005503663431237613
53,29,0.9899629312797832,-0.003710160304101912,0.005503666579214372
53,30,0.9899629344366614,-0.003710166331709508,0.005503670322656302
53,31,0.9899629377913454,-0.00371017178224028,0.005503674619148957
53,32,0.9899629413058249,-0.003710176593937308,0.00550367942001164
53,33,0.9899629449402768,-0.003710180712281852,0.00550368467084897
53,34,0.9899629486535199,-0.003710184090611206,0.005503690312167246
53,35,0.9899629524034822,-0.003710186690647486,0.005503696280048538
53,36,0.9899629561476768,-0.003710188482931345,0.005503702506874869
53,37,0.9899629598436841,-0.00371018944715569,0.005503708922094332
53,38,0.9899629634496299,-0.003710189572395631,0.005503715453020387
53,39,0.9899629669246602,-0.003710188857232109,0.005503722025655365
53,40,0.9899629702294015,-0.003710187309767837,0.005503728565528827
53,41,0.9899629733264087,-0.003710184947535436,0.005503734998541321
53,42,0.9899629761805866,-0.003710181797298802,0.005503741251803945
53,43,0.9899629787595897,-0.003710177894750009,0.005503747254464258
53,44,0.989962981034191,-0.003710173284105106,0.005503752938509148
53,45,0.9899629829786123,-0.003710168017603377,0.005503758239535517
53,46,0.9899629845708202,-0.003710162154915665,0.005503763097480095
53,47,0.9899629857927724,-0.003710155762468385,0.005503767457300009
53,48,0.9899629866306263,-0.003710148912690928,0.005503771269596483
53,49,0.9899629870748956,-0.003710141683194908,0.005503774491174539
53,50,0.9899629871205506,-0.003710134155894561,0.005503777085532329
53,51,0.9899629867670813,-0.003710126416078427,0.005503779023274692
53,52,0.9899629860184967,-0.003710118551442739,0.005503780282446143
53,53,0.9899629848832801,-0.00371011065109765,0.005503780848779592
53,54,0.989962983374293,-0.003710102804557525,0.005503780715858021
53,55,0.9899629815086305,-0.003710095100726774,0.005503779885187217
53,56,0.9899629793074256,-0.003710087626892683,0.005503778366178769
53,57,0.9899629767956172,-0.00371008046773662,0.005503776176043529
53,58,0.9899629740016611,-0.003710073704374729,0.005503773339596642
53,59,0.9899629709572157,-0.003710067413438978,0.005503769888976449
54,0,0.9898167307469917,-0.003143287291352242,0.005738393620133193
54,1,0.9898167277972204,-0.003143280892666179,0.005738390016357782
54,2,0.9898167246213582,-0.003143275051321114,0.005738385837012776
54,3,0.9898167212553951,-0.003143269833503003,0.005738381129452338
54,4,0.9898167177374775,-0.003143265298332821,0.005738375947015556
54,5,0.9898167141074655,-0.003143261497196404,0.005738370348421997
54,6,0.9898167104064888,-0.00314325847316208,0.005738364397106393
54,7,0.9898167066764803,-0.003143256260492635,0.005738358160499888
54,8,0.9898167029596938,-0.003143254884257184,0.005738351709265943
54,9,0.9898166992982358,-0.003143254360047367,0.005738345116499764
54,10,0.989816695733584,-0.003143254693800972,0.005738338456900092
54,11,0.9898166923061223,-0.003143255881734949,0.005738331805922863
54,12,0.9898166890546816,-0.003143257910388485,0.005738325238926272
54,13,0.9898166860160998,-0.003143260756775635,0.005738318830316946
54,14,0.9898166832248103,-0.003143264388645733,0.005738312652706911
54,15,0.989816680712443,-0.003143268764848651,0.005738306776090816
54,16,0.9898166785074676,-0.003143273835800841,0.005738301267052872
54,17,0.9898166766348743,-0.003143279544046933,0.005738296188012432
54,18,0.9898166751158821,-0.00314328582491055,0.005738291596516722
54,19,0.9898166739677019,-0.003143292607227051,0.005738287544588813
54,20,0.9898166732033399,-0.003143299814149903,0.005738284078138213
54,21,0.9898166728314564,-0.003143307364021519,0.00573828123644074
54,22,0.9898166728562613,-0.003143315171298628,0.005738279051693521
54,23,0.9898166732774714,-0.003143323147521681,0.005738277548650228
54,24,0.9898166740903137,-0.003143331202317232,0.005738276744340651
54,25,0.9898166752855816,-0.003143339244421916,0.005738276647877755
54,26,0.9898166768497332,-0.003143347182716394,0.005738277260354418
54,27,0.9898166787650515,-0.003143354927257637,0.005738278574831068
54,28,0.9898166810098361,-0.003143362390297793,0.005738280576414261
54,29,0.9898166835586566,-0.003143369487278299,0.005738283242425458
54,30,0.9898166863826309,-0.00314337613778783,0.00573828654265791
54,31,0.9898166894497634,-0.003143382266473447,0.005738290439718979
54,32,0.9898166927252969,-0.003143387803894438,0.005738294889453723
54,33,0.9898166961721189,-0.003143392687309295,0.005738299841445269
54,34,0.9898166997511707,-0.003143396861386732,0.005738305239585984
54,35,0.9898167034219022,-0.003143400278832739,0.005738311022713234
54,36,0.9898167071427246,-0.003143402900926466,0.005738317125302348
54,37,0.9898167108714825,-0.003143404697958857,0.005738323478208988
54,38,0.9898167145659315,-0.003143405649569127,0.005738330009452584
54,39,0.9898167181842141,-0.003143405744975249,0.005738336645031831
54,40,0.9898167216853365,-0.00314340498309596,0.005738343309763155
54,41,0.9898167250296263,-0.003143403372562891,0.00573834992813252
54,42,0.9898167281791876,-0.003143400931622806,0.005738356425151058
54,43,0.9898167310983288,-0.003143397687930986,0.005738362727204729
54,44,0.9898167337539665,-0.003143393678238121,0.005738368762888415
54,45,0.9898167361160056,-0.003143388947974206,0.005738374463815021
54,46,0.9898167381576783,-0.003143383550734053,0.005738379765390363
54,47,0.9898167398558523,-0.003143377547670227,0.005738384607545088
54,48,0.9898167411912869,-0.003143371006800185,0.005738388935415274
54,49,0.9898167421488568,-0.003143364002235534,0.005738392699964096
54,50,0.9898167427177211,-0.003143356613342094,0.005738395858537428
54,51,0.9898167428914382,-0.00314334892384035,0.005738398375347082
54,52,0.9898167426680466,-0.003143341020856614,0.005738400221876346
54,53,0.9898167420500797,-0.003143332993935642,0.005738401377203042
54,54,0.9898167410445387,-0.003143324934025981,0.005738401828236611
54,55,0.9898167396628141,-0.003143316932449549,0.005738401569866451
54,56,0.9898167379205559,-0.003143309079867097,0.005738400605019842
54,57,0.9898167358375,-0.003143301465251234,0.005738398944628824
54,58,0.989816733437247,-0.003143294174878554,0.005738396607506365
54,59,0.9898167307469922,-0.003143287291352244,0.005738393620133195
55,0,0.9896945456622019,-0.002548541261572636,0.00593205670564585
55,1,0.9896945430895047,-0.002548534285466747,0.005932053555649551
55,2,0.9896945402478309,-0.002548527806714438,0.005932049789795019
55,3,0.9896945371693883,-0.002548521898724009,0.005932045450751196
55,4,0.989694533889061,-0.002548516628436638,0.0059320405876815
55,5,0.9896945304440212,-0.002548512055567605,0.005932035255686832
55,6,0.9896945268733052,-0.002548508231929453,0.00593202951518126
55,7,0.9896945232173643,-0.002548505200844829,0.005932023431207436
55,8,0.9896945195176181,-0.002548502996655736,0.0059320170726997
55,9,0.9896945158159797,-0.002548501644334659,0.005932010511702928
55,10,0.98969451215438,-0.002548501159201941,0.005932003822556201
55,11,0.9896945085742972,-0.002548501546752558,0.005931997081050477
55,12,0.9896945051162931,-0.002548502802594155,0.005931990363569865
55,13,0.9896945018195483,-0.002548504912496938,0.00593198374622611
55,14,0.989694498721416,-0.002548507852554885,0.005931977303996216
55,15,0.9896944958570056,-0.00254851158945647,0.005931971109872976
55,16,0.9896944932587781,-0.002548516080861833,0.005931965234037948
55,17,0.989694490956176,-0.002548521275882243,0.005931959743066287
55,18,0.9896944889752933,-0.002548527115656481,0.005931954699172493
55,19,0.9896944873385758,-0.002548533534017659,0.005931950159505477
55,20,0.9896944860645643,-0.00254854045824295,0.005931946175501064
55,21,0.9896944851676915,-0.00254854780987771,0.005931942792299225
55,22,0.9896944846581172,-0.002548555505624623,0.005931940048232632
55,23,0.9896944845416127,-0.002548563458287677,0.005931937974392302
55,24,0.9896944848194972,-0.00254857157776028,0.005931936594275352
55,25,0.9896944854886237,-0.002548579772046233,0.005931935923518777
55,26,0.9896944865414147,-0.002548587948301995,0.0059319359697223
55,27,0.9896944879659437,-0.002548596013888447,0.005931936732362268
55,28,0.9896944897460742,-0.002548603877420327,0.005931938202797633
55,29,0.989694491861639,-0.002548611449801461,0.005931940364367863
55,30,0.9896944942886684,-0.002548618645234133,0.005931943192581712
55,31,0.9896944969996606,-0.002548625382191222,0.005931946655394702
55,32,0.9896944999638967,-0.002548631584340033,0.00593195071357219
55,33,0.9896945031477877,-0.002548637181407359,0.005931955321133863
55,34,0.9896945065152571,-0.002548642109975906,0.005931960425874692
55,35,0.9896945100281488,-0.002548646314202969,0.00593196596995638
55,36,0.9896945136466639,-0.00254864974645322,0.005931971890562693
55,37,0.9896945173298056,-0.002548652367838339,0.005931978120611149
55,38,0.9896945210358473,-0.00254865414865747,0.005931984589513109
55,39,0.989694524722801,-0.0025486550687335,0.005931991223973567
55,40,0.9896945283488935,-0.002548655117641448,0.005931997948821616
55,41,0.9896945318730399,-0.002548654294826452,0.005932004687862182
55,42,0.9896945352553037,-0.002548652609610028,0.005932011364739327
55,43,0.9896945384573573,-0.002548650081084616,0.005932017903801404
55,44,0.989694541442912,-0.002548646737897512,0.005932024230958186
55,45,0.9896945441781325,-0.002548642617926622,0.005932030274520329
55,46,0.9896945466320223,-0.002548637767851617,0.005932035966011627
55,47,0.9896945487767768,-0.002548632242625267,0.005932041240944881
55,48,0.9896945505880974,-0.002548626104850876,0.005932046039552554
55,49,0.9896945520454655,-0.002548619424072869,0.005932050307463996
55,50,0.9896945531323768,-0.002548612275988589,0.005932053996321527
55,51,0.9896945538365242,-0.002548604741590279,0.005932057064328392
55,52,0.9896945541499328,-0.002548596906247067,0.005932059476722353
55,53,0.9896945540690572,-0.002548588858737462,0.005932061206169644
55,54,0.9896945535948131,-0.002548580690243334,0.005932062233074655
55,55,0.9896945527325709,-0.00254857249331685,0.005932062545801988
55,56,0.9896945514920957,-0.002548564360832021,0.005932062140808269
55,57,0.9896945498874365,-0.002548556384932688,0.005932061022682285
55,58,0.9896945479367713,-0.002548548655988789,0.005932059204092971
55,59,0.9896945456622024,-0.002548541261572637,0.005932056705645852
56,0,0.9895979237174105,-0.001931216333312235,0.006083737481066435
56,1,0.9895979215799414,-0.00193120886482472,0.006083734811865244
56,2,0.9895979191358797,-0.001931201826045894,0.006083731492500114
56,3,0.9895979164129152,-0.001931195296729639,0.006083727560580748
56,4,0.9895979134419188,-0.001931189350857368,0.006083723060657514
56,5,0.9895979102565504,-0.001931184055799308,0.006083718043716486
56,6,0.9895979068929061,-0.001931179471550911,0.006083712566601993
56,7,0.9895979033890949,-0.001931175650052919,0.006083706691372475
56,8,0.9895978997848108,-0.001931172634602935,0.00608370048459732
56,9,0.98959789612088,-0.001931170459365106,0.006083694016602512
56,10,0.9895978924388128,-0.001931169148983437,0.006083687360673764
56,11,0.9895978887803142,-0.001931168718302965,0.006083680592225972
56,12,0.9895978851868337,-0.001931169172201945,0.006083673787948729
56,13,0.9895978816990854,-0.001931170505536753,0.006083667024937325
56,14,0.9895978783565894,-0.001931172703200182,0.006083660379819224
56,15,0.9895978751972213,-0.00193117574029243,0.006083653927885886
56,16,0.9895978722567853,-0.001931179582402943,0.006083647742239792
56,17,0.9895978695686036,-0.001931184185999965,0.006083641892966221
56,18,0.9895978671631377,-0.001931189498923493,0.006083636446339241
56,19,0.989597865067643,-0.001931195460976137,0.006083631464070843
56,20,0.9895978633058649,-0.001931202004605199,0.006083627002611769
56,21,0.9895978618977571,-0.001931209055668209,0.0060836231125118
56,22,0.9895978608592734,-0.00193121653427327,0.006083619837847064
56,23,0.9895978602021764,-0.001931224355684504,0.006083617215720528
56,24,0.9895978599339117,-0.001931232431282336,0.006083615275841617
56,25,0.9895978600575184,-0.001931240669567651,0.006083614040189571
56,26,0.9895978605716004,-0.001931248977198438,0.006083613522764462
56,27,0.9895978614703365,-0.001931257260047186,0.006083613729428599
56,28,0.9895978627435482,-0.001931265424267132,0.006083614657840196
56,29,0.9895978643768107,-0.001931273377355332,0.006083616297479929
56,30,0.9895978663516198,-0.001931281029200609,0.006083618629770175
56,31,0.9895978686455986,-0.001931288293104527,0.006083621628285494
56,32,0.9895978712327514,-0.001931295086763822,0.006083625259051988
56,33,0.9895978740837631,-0.001931301333203156,0.006083629480932184
56,34,0.9895978771663266,-0.001931306961647504,0.00608363424609105
56,35,0.9895978804455156,-0.001931311908324267,0.006083639500537926
56,36,0.9895978838841762,-0.001931316117185907,0.006083645184738207
56,37,0.989597887443352,-0.001931319540544934,0.006083651234287899
56,38,0.9895978910827204,-0.001931322139614005,0.006083657580643361
56,39,0.9895978947610496,-0.001931323884945127,0.006083664151897985
56,40,0.9895978984366655,-0.001931324756763023,0.006083670873596977
56,41,0.9895979020679203,-0.001931324745188997,0.006083677669581008
56,42,0.9895979056136659,-0.001931323850352822,0.00608368446284913
56,43,0.9895979090337219,-0.001931322082391405,0.006083691176431212
56,44,0.9895979122893276,-0.001931319461334234,0.006083697734259967
56,45,0.9895979153435878,-0.001931316016876837,0.006083704062032763
56,46,0.9895979181618914,-0.001931311788044713,0.006083710088053416
56,47,0.9895979207123023,-0.001931306822751462,0.006083715744044474
56,48,0.9895979229659257,-0.001931301177256029,0.006083720965920833
56,49,0.9895979248972323,-0.001931294915525186,0.006083725694515869
56,50,0.9895979264843474,-0.001931288108508496,0.006083729876251905
56,51,0.9895979277092969,-0.001931280833334036,0.006083733463747375
56,52,0.9895979285582087,-0.001931273172434098,0.006083736416353777
56,53,0.9895979290214686,-0.001931265212610874,0.006083738700616335
56,54,0.9895979290938276,-0.001931257044052791,0.006083740290653097
56,55,0.9895979287744625,-0.001931248759312688,0.006083741168448203
56,56,0.9895979280669882,-0.00193124045225938,0.006083741324055966
56,57,0.9895979269794146,-0.001931232217014427,0.006083740755713477
56,58,0.989597925524059,-0.001931224146886059,0.006083739469860494
56,59,0.9895979237174104,-0.001931216333312235,0.006083737481066434
57,0,0.9895280542814194,-0.001296835152911752,0.006192640417081094
57,1,0.9895280526275538,-0.001296827286633152,0.00619263825112982
57,2,0.9895280506356906,-0.001296819775808907,0.006192635406823354
57,3,0.9895280483284138,-0.0012968127055417,0.006192631916388619
57,4,0.9895280457318709,-0.001296806155942502,0.006192627819373397
57,5,0.9895280428754915,-0.001296800201222404,0.006192623162198483
57,6,0.9895280397916405,-0.00129679490885136,0.006192617997631768
57,7,0.9895280365152554,-0.00129679033879353,0.006192612384190437
57,8,0.9895280330834548,-0.001296786542827903,0.006192606385477922
57,9,0.9895280295351138,-0.001296783563961914,0.006192600069463141
57,10,0.9895280259104229,-0.001296781435944603,0.006192593507710168
57,11,0.9895280222504456,-0.001296780182884745,0.006192586774567271
57,12,0.9895280185966415,-0.001296779818978125,0.006192579946324291
57,13,0.9895280149904084,-0.001296780348346976,0.006192573100348207
57,14,0.9895280114726079,-0.001296781764993301,0.006192566314206514
57,15,0.9895280080831054,-0.001296784052866659,0.006192559664788422
57,16,0.9895280048603102,-0.001296787186045666,0.006192553227433777
57,17,0.9895280018407446,-0.001296791129031304,0.006192547075079605
57,18,0.9895279990586267,-0.001296795837148782,0.006192541277433846
57,19,0.9895279965454802,-0.001296801257053521,0.006192535900185599
57,20,0.9895279943297792,-0.00129680732733556,0.006192531004260879
57,21,0.9895279924366278,-0.001296813979215525,0.006192526645132263
57,22,0.9895279908874685,-0.001296821137324215,0.006192522872190243
57,23,0.9895279896998537,-0.001296828720556902,0.006192519728183589
57,24,0.9895279888872367,-0.001296836642992513,0.006192517248734849
57,25,0.9895279884588268,-0.001296844814867272,0.006192515461936761
57,26,0.9895279884194796,-0.001296853143591679,0.006192514388033951
57,27,0.9895279887696473,-0.001296861534799374,0.006192514039193668
57,28,0.9895279895053654,-0.001296869893416035,0.006192514419367997
57,29,0.9895279906183012,-0.001296878124736312,0.006192515524249219
57,30,0.9895279920958459,-0.001296886135496666,0.006192517341318643
57,31,0.9895279939212557,-0.001296893834932037,0.006192519849988489
57,32,0.989527996073847,-0.00129690113580436,0.006192523021835095
57,33,0.9895279985292234,-0.00129690795539125,0.006192526820920826
57,34,0.989528001259564,-0.001296914216423579,0.006192531204201196
57,35,0.9895280042339307,-0.001296919847961205,0.006192536122012425
57,36,0.989528007418625,-0.001296924786196881,0.006192541518634104
57,37,0.9895280107775659,-0.001296928975179154,0.006192547332920514
57,38,0.9895280142727013,-0.001296932367446094,0.006192553498993498
57,39,0.9895280178644339,-0.001296934924562716,0.006192559946988979
57,40,0.9895280215120716,-0.001296936617556113,0.006192566603848663
57,41,0.9895280251742836,-0.00129693742724345,0.006192573394147903
57,42,0.9895280288095728,-0.001296937344449235,0.00619258024095033
57,43,0.9895280323767413,-0.001296936370109397,0.006192587066679525
57,44,0.9895280358353638,-0.001296934515261026,0.006192593793997897
57,45,0.9895280391462415,-0.001296931800917774,0.006192600346682785
57,46,0.9895280422718552,-0.001296928257832252,0.006192606650489965
57,47,0.9895280451767867,-0.001296923926147981,0.00619261263399473
57,48,0.9895280478281229,-0.001296918854944734,0.006192618229401117
57,49,0.9895280501958286,-0.001296913101682385,0.006192623373310102
57,50,0.9895280522530857,-0.001296906731549572,0.006192628007438056
57,51,0.9895280539765927,-0.001296899816724632,0.00619263207927728
57,52,0.9895280553468312,-0.001296892435557295,0.006192635542691158
57,53,0.9895280563482803,-0.001296884671680536,0.006192638358437023
57,54,0.9895280569695946,-0.001296876613062761,0.006192640494610909
57,55,0.9895280572037317,-0.001296868351011103,0.006192641927009039
57,56,0.9895280570480319,-0.001296859979137124,0.006192642639401967
57,57,0.9895280565042547,-0.00129685159229657,0.006192642623718369
57,58,0.9895280555785554,-0.001296843285515056,0.006192641880136307
57,59,0.9895280542814222,-0.001296835152911756,0.006192640417081112
58,0,0.9894857958115552,-0.0006510251046137648,0.006258196575178177
58,1,0.9894857946785723,-0.000651016942906884,0.006258194930611247
58,2,0.98948579318323,-0.0006510090570125186,0.006258192585722934
58,3,0.9894857913424766,-0.00065100153628337,0.006258189567081188
58,4,0.989485789177177,-0.0006509944659347724,0.006258185908887852
58,5,0.989485786711874,-0.0006509879260785666,0.006258181652591377
58,6,0.9894857839745043,-0.0006509819908148826,0.006258176846417364
58,7,0.9894857809960815,-0.000650976727392264,0.006258171544822274
58,8,0.9894857778103457,-0.0006509721954457176,0.006258165807876381
58,9,0.9894857744533821,-0.0006509684463213313,0.006258159700583008
58,10,0.9894857709632167,-0.0006509655224950302,0.006258153292141815
58,11,0.989485767379383,-0.0006509634570919203,0.006258146655164398
58,12,0.9894857637424792,-0.0006509622735115281,0.00625813986485139
58,13,0.9894857600937098,-0.0006509619851630325,0.00625813299814022
58,14,0.9894857564744181,-0.0006509625953134236,0.006258126132833347
58,15,0.989485752925619,-0.0006509640970503014,0.00625811934671685
58,16,0.9894857494875272,-0.0006509664733597892,0.006258112716679188
58,17,0.9894857461991063,-0.0006509696973188294,0.006258106317840332
58,18,0.9894857430976207,-0.0006509737323997817,0.006258100222700769
58,19,0.9894857402182138,-0.0006509785328840179,0.006258094500320206
58,20,0.9894857375935101,-0.0006509840443798847,0.006258089215535141
58,21,0.9894857352532466,-0.0006509902044391586,0.006258084428224173
58,22,0.9894857332239343,-0.0006509969432649488,0.006258080192629425
58,23,0.9894857315285623,-0.0006510041845029214,0.006258076556741815
58,24,0.9894857301863373,-0.0006510118461067515,0.006258073561757179
58,25,0.9894857292124705,-0.0006510198412679056,0.006258071241609456
58,26,0.9894857286179962,-0.0006510280793991683,0.006258069622586199
58,27,0.9894857284096558,-0.0006510364671607981,0.006258068723030889
58,28,0.9894857285898153,-0.0006510449095177443,0.006258068553135214
58,29,0.9894857291564373,-0.0006510533108160646,0.006258069114823767
58,30,0.9894857301031026,-0.0006510615758664538,0.006258070401732339
58,31,0.9894857314190831,-0.000651069611022686,0.006258072399280064
58,32,0.9894857330894657,-0.0006510773252427764,0.006258075084834555
58,33,0.9894857350953202,-0.0006510846311208028,0.006258078427968214
58,34,0.9894857374139158,-0.0006510914458776012,0.006258082390802787
58,35,0.9894857400189803,-0.0006510976922990085,0.006258086928438399
58,36,0.9894857428809982,-0.0006511032996109017,0.006258091989462168
58,37,0.9894857459675458,-0.0006511082042810664,0.006258097516530739
58,38,0.9894857492436564,-0.0006511123507387943,0.006258103447020075
58,39,0.9894857526722165,-0.0006511156920041244,0.006258109713735186
58,40,0.9894857562143817,-0.000651118190219703,0.006258116245671625
58,41,0.9894857598300191,-0.0006511198170793688,0.006258122968820171
58,42,0.9894857634781575,-0.0006511205541487173,0.006258129807005431
58,43,0.989485767117455,-0.0006511203930740768,0.006258136682748913
58,44,0.9894857707066662,-0.00065111933567752,0.006258143518146728
58,45,0.9894857742051146,-0.000651117393936761,0.006258150235752069
58,46,0.9894857775731515,-0.0006511145898500324,0.006258156759452454
58,47,0.9894857807726121,-0.0006511109551873297,0.006258163015331945
58,48,0.9894857837672455,-0.0006511065311307154,0.006258168932508522
58,49,0.989485786523128,-0.0006511013678076849,0.006258174443937249
58,50,0.9894857890090407,-0.0006510955237228848,0.006258179487170039
58,51,0.98948579119683,-0.0006510890650947138,0.006258184005063519
58,52,0.9894857930617146,-0.0006510820651044352,0.006258187946426693
58,53,0.9894857945825728,-0.0006510746030664892,0.006258191266601262
58,54,0.9894857957421737,-0.0006510667635295154,0.006258193927967721
58,55,0.9894857965273762,-0.0006510586353183644,0.006258195900371656
58,56,0.989485796929278,-0.0006510503105279411,0.006258197161465285
58,57,0.9894857969433186,-0.0006510418834802073,0.006258197696960488
58,58,0.9894857965693326,-0.0006510334496560204,0.006258197500790442
58,59,0.989485795811555,-0.0006510251046137649,0.006258196575178178
59,0,0.9894716669045901,5.151336445315381e-07,0.006280064288743351
59,1,0.9894716663177091,5.234826930249291e-07,0.006280063179551671
59,2,0.9894716653517313,5.316395976893094e-07,0.006280061354395947
59,3,0.989471664017613,5.395119348087134e-07,0.006280058833955065
59,4,0.9894716623304779,5.470105046800702e-07,0.006280055646785643
59,5,0.9894716603094503,5.540503430060208e-07,0.006280051828998855
59,6,0.9894716579774347,5.605516842245719e-07,0.006280047423851558
59,7,0.989471655360855,5.664408656907008e-07,0.006280042481256367
59,8,0.9894716524893498,5.716511623584433e-07,0.006280037057216096
59,9,0.9894716493954437,5.761235424905161e-07,0.006280031213189087
59,10,0.989471646114181,5.798073359117011e-07,0.006280025015392558
59,11,0.9894716426827265,5.826608073857731e-07,0.006280018534051955
59,12,0.9894716391399512,5.846516288026065e-07,0.006280011842604905
59,13,0.9894716355259927,5.857572449918864e-07,0.006280005016868949
59,14,0.9894716318817972,5.859651291251133e-07,0.006279998134182363
59,15,0.9894716282486622,5.8527292483229e-07,0.006279991272528027
59,16,0.98947162466776,5.836884733542049e-07,0.006279984509650071
59,17,0.9894716211796726,5.81229725286136e-07,0.00627997792217329
59,18,0.989471617823926,5.779245377476836e-07,0.006279971584735239
59,19,0.9894716146385483,5.738103591285785e-07,0.00627996556914082
59,20,0.98947161165963,5.689338048907828e-07,0.006279959943548705
59,21,0.98947160892092,5.633501292213208e-07,0.006279954771699049
59,22,0.9894716064534458,5.571225985902725e-07,0.006279950112191115
59,23,0.98947160428516,5.503217744378497e-07,0.006279946017819094
59,24,0.9894716024406263,5.430247132643873e-07,0.00627994253497373
59,25,0.9894716009407458,5.353140933108446e-07,0.006279939703116622
59,26,0.989471599802516,5.272772777918691e-07,0.006279937554333095
59,27,0.9894715990388371,5.19005325287083e-07,0.006279936112968803
59,28,0.9894715986583688,5.10591958423658e-07,0.0062799353953541
59,29,0.9894715986654253,5.02132502409099e-07,0.006279935409619219
59,30,0.989471599059928,4.9372280530602e-07,0.006279936155602323
59,31,0.989471599837408,4.854581521789924e-07,0.006279937624851414
59,32,0.9894716009890503,4.77432185375301e-07,0.006279939800719996
59,33,0.9894716025018035,4.697358432068576e-07,0.006279942658555554
59,34,0.989471604358523,4.624563291574462e-07,0.006279946165978619
59,35,0.9894716065381683,4.556761234302643e-07,0.006279950283249416
59,36,0.9894716090160456,4.494720481675578e-07,0.006279954963717985
59,37,0.9894716117640818,4.439143970228634e-07,0.006279960154352716
59,38,0.989471614751147,4.390661389661282e-07,0.006279965796341329
59,39,0.9894716179434031,4.34982205281899e-07,0.006279971825757434
59,40,0.9894716213046845,4.317088677140647e-07,0.00627997817428511
59,41,0.9894716247969076,4.29283214647607e-07,0.006279984769993165
59,42,0.9894716283805005,4.27732731120255e-07,0.006279991538150266
59,43,0.9894716320148518,4.270749873348661e-07,0.006279998402071642
59,44,0.9894716356587718,4.273174391953603e-07,0.006280005283987778
59,45,0.9894716392709632,4.284573432061596e-07,0.006280012105925276
59,46,0.9894716428104875,4.304817868467844e-07,0.006280018790589985
59,47,0.9894716462372345,4.333678342543142e-07,0.006280025262242487
59,48,0.9894716495123786,4.370827857222752e-07,0.006280031447556097
59,49,0.9894716525988155,4.415845481739682e-07,0.006280037276447666
59,50,0.9894716554615852,4.468221124223406e-07,0.006280042682871851
59,51,0.9894716580682607,4.527361317259738e-07,0.006280047605569724
59,52,0.9894716603893202,4.592595949313823e-07,0.006280051988763282
59,53,0.9894716623984697,4.6631858638893e-07,0.006280055782787711
59,54,0.9894716640729513,4.738331238646604e-07,0.006280058944654411
59,55,0.9894716653937888,4.817180648495317e-07,0.006280061438538058
59,56,0.9894716663460107,4.898840709837554e-07,0.006280063236182435
59,57,0.98947166691882,4.982386197503723e-07,0.006280064317220316
59,58,0.9894716671057202,5.06687052129827e-07,0.006280064669403914
59,59,0.9894716669045903,5.151336445315381e-07,0.006280064288743353
