member,curve_samples,rotation_angle_rad,mapping_time_days,target_vertical_amplitude_km,max_abs_z_km,mean_jacobi,curve_jacobi_span,map_residual_norm,amplitude_residual,phase_residual,one_map_sweep_jacobi_drift,one_map_sweep_max_state_norm,one_map_phase_return_error,ten_return_phase,ten_return_jacobi_span,ten_return_final_distance_from_initial,validation_status,next_action
0,21,1.431231722670483,14.74932760227518,384.4,383.3341592553633,2.922496961073728,1.820765760385257e-14,7.068741303454738e-13,2.602085213965211e-18,-1.190891927892594e-20,1.820765760385257e-14,1.293242246417875,3.55825237412064e-13,1.745946612345657,2.664535259100376e-15,0.002093554568647605,validated local CR3BP member,Use as local corrected branch only; extend fixed-mapping continuation before replacing proxy trend
1,21,1.431680354054908,14.74932760227518,1922,1917.755700105078,2.922489742377692,2.180478020363807e-13,5.73720843704566e-12,3.486794186713382e-16,-4.202871605157431e-19,2.193800696659309e-13,1.293206939165583,9.356366240430796e-13,1.750432926189907,3.108624468950438e-15,0.0105070172736801,validated local CR3BP member,Use as local corrected branch only; extend fixed-mapping continuation before replacing proxy trend
2,21,1.433080827645737,14.74932760227518,3844,3842.306869381476,2.922467120377796,1.971756091734278e-13,6.22275817605777e-14,0,-5.137254825097332e-19,1.98507876802978e-13,1.293088892463556,1.439041280832562e-14,1.764437662098198,3.552713678800501e-15,0.02125939094185356,validated local CR3BP member,Use as local corrected branch only; extend fixed-mapping continuation before replacing proxy trend
3,21,1.435410556904289,14.74932760227518,5766,5780.452036272267,2.922429198011427,3.725375563590205e-11,2.088675030016597e-12,8.326672684688674e-17,6.945670167485263e-20,3.725464381432175e-11,1.2928648460212,1.915452832090816e-12,1.787734954683717,3.996802888650564e-15,0.03250288017392184,validated local CR3BP member,Use as local corrected branch only; extend fixed-mapping continuation before replacing proxy trend
4,21,1.438667729871837,14.74932760227518,7688,7739.933127483348,2.922375587243285,2.355257766595287e-09,1.940005035281333e-11,1.072059108153667e-15,-3.003578830963749e-18,2.355259098862916e-09,1.292391822732029,1.131628697130813e-14,1.820306684359199,3.552713678800501e-15,0.04456139881788108,validated local CR3BP member,Use as local corrected branch only; extend fixed-mapping continuation before replacing proxy trend
