schema_version,family,epsilon_index,epsilon,branch,perturbation_sign,figure_id,panel_id,panel_index,snapshot_time_nd,snapshot_time_days,curve_samples,phase_samples,history_samples_through_panel,integration_method,rtol,atol,max_step,nfev,integration_success,snapshot_x_min,snapshot_x_max,snapshot_y_min,snapshot_y_max,snapshot_z_min,snapshot_z_max,snapshot_x_centroid,snapshot_y_centroid,snapshot_z_centroid,snapshot_surface_area_nd2,snapshot_state_separation_p50,snapshot_state_separation_p90,snapshot_state_separation_p99,snapshot_state_separation_max,snapshot_position_separation_p50,snapshot_position_separation_p90,snapshot_position_separation_p99,snapshot_position_separation_max,combined_jacobi_drift_max,primary_center_distance_min_nd,secondary_center_distance_min_nd,moon_surface_clearance_min_km,moon_body_intersection,physical_flight_status,local_linearization_sample_count,local_linearization_max_relative_error,local_linearization_gate,numerical_acceptance,jacobi_drift_limit,local_linearization_relative_error_limit,moon_radius_km,moon_radius_source,moon_radius_source_sha256,earth_radius_status,epsilon_selection_status,projection_metrics_status,paper_projection_acceptance,paper_3d_equivalence,source_npz,source_npz_sha256,protocol,protocol_sha256,evidence_npz_sha256
chapter4_epsilon_state_sensitivity_v1,halo,0,1.59099025766973e-07,plus_x,-1,4.3,a,0,1.79410409949332,7.79,9,121,97,DOP853_independent_per_epsilon_sign,1e-12,1e-14,0.01,8261,true,0.82016089509185,0.875704982579,-0.0977954027766532,0.098226102448873,-0.0829347089496061,0.0689585835479726,0.851700960686269,0.000220169551974552,-0.00922874359572947,0.0358565101889824,0.000524938089320305,0.00821528236017264,0.0159301362889264,0.0178518411400903,0.000191735213392836,0.0029336455817406,0.00561882302918175,0.0063969922188795,1.77635683940025e-15,0.83170339981158,0.117490289202425,43425.8671694123,false,body_radius_clear_operational_altitude_not_assessed,873,1.21291118625091e-05,pass,pass,1e-10,0.001,1737.4,src/qp_orbits/ephemeris.py,17AD032EFE76B9CA8C5FFEEB3417AAE200AB9FCCA3048E0286FEB418ACA8596B,not_configured_not_needed_for_observed_range,sensitivity_candidate_unselected,not_run_no_thesis_mask_read,not_run,false,data/computed/chapter4_fig43_fig44_global_manifold_audit.npz,7E077D5557C3392BBE54C7D2CBCB7CF13EF649D2855A0D8B02BF2BB0047ADBB6,data/computed/chapter4_fig43_fig46_camera_holdout_protocol.csv,6D2FD58CFCA4E74CC533B757E852D7AC772D036E0E385C30A1057EB9861D01C1,8BBD1CC9F646E5DB0F15812BCADFEDA1954813E6E4DBDF43E380C1E1E97989A2
chapter4_epsilon_state_sensitivity_v1,halo,0,1.59099025766973e-07,plus_x,-1,4.3,b,1,2.24550898203593,9.75,9,121,122,DOP853_independent_per_epsilon_sign,1e-12,1e-14,0.01,8261,true,0.820150972882411,0.879635549300435,-0.0977689380235662,0.0955151552514314,-0.082940888390286,0.068951418243561,0.853468054479534,-0.000634489926547461,-0.00849312050553901,0.0365864355426919,0.00147419258398642,0.0273252360648043,0.057552279809117,0.0703489845832605,0.000553017694863212,0.00946516177736071,0.0189880823649196,0.0221014080408311,1.77635683940025e-15,0.83170339981158,0.117481442789082,43422.4666081231,false,body_radius_clear_operational_altitude_not_assessed,915,1.65476608321087e-05,pass,pass,1e-10,0.001,1737.4,src/qp_orbits/ephemeris.py,17AD032EFE76B9CA8C5FFEEB3417AAE200AB9FCCA3048E0286FEB418ACA8596B,not_configured_not_needed_for_observed_range,sensitivity_candidate_unselected,not_run_no_thesis_mask_read,not_run,false,data/computed/chapter4_fig43_fig44_global_manifold_audit.npz,7E077D5557C3392BBE54C7D2CBCB7CF13EF649D2855A0D8B02BF2BB0047ADBB6,data/computed/chapter4_fig43_fig46_camera_holdout_protocol.csv,6D2FD58CFCA4E74CC533B757E852D7AC772D036E0E385C30A1057EB9861D01C1,8BBD1CC9F646E5DB0F15812BCADFEDA1954813E6E4DBDF43E380C1E1E97989A2
chapter4_epsilon_state_sensitivity_v1,halo,0,1.59099025766973e-07,plus_x,-1,4.3,c,2,2.62321510824505,11.39,9,121,143,DOP853_independent_per_epsilon_sign,1e-12,1e-14,0.01,8261,true,0.820155625915754,0.931082375166748,-0.0977869110556718,0.0910681459496288,-0.0829446474529106,0.0689377828714577,0.857449964739693,-0.00442082552757776,-0.00802830910307481,0.0384205361764381,0.00376409006571212,0.0855457740006202,0.225089283792718,0.279190439086258,0.00140102744310556,0.0269428115896814,0.0622477085641677,0.0733645862679359,1.77635683940025e-15,0.83170339981158,0.0742739372827941,26813.501491506,false,body_radius_clear_operational_altitude_not_assessed,915,1.65476608321087e-05,pass,pass,1e-10,0.001,1737.4,src/qp_orbits/ephemeris.py,17AD032EFE76B9CA8C5FFEEB3417AAE200AB9FCCA3048E0286FEB418ACA8596B,not_configured_not_needed_for_observed_range,sensitivity_candidate_unselected,not_run_no_thesis_mask_read,not_run,false,data/computed/chapter4_fig43_fig44_global_manifold_audit.npz,7E077D5557C3392BBE54C7D2CBCB7CF13EF649D2855A0D8B02BF2BB0047ADBB6,data/computed/chapter4_fig43_fig46_camera_holdout_protocol.csv,6D2FD58CFCA4E74CC533B757E852D7AC772D036E0E385C30A1057EB9861D01C1,8BBD1CC9F646E5DB0F15812BCADFEDA1954813E6E4DBDF43E380C1E1E97989A2
chapter4_epsilon_state_sensitivity_v1,halo,0,1.59099025766973e-07,plus_x,-1,4.3,d,3,2.99861814831875,13.02,9,121,164,DOP853_independent_per_epsilon_sign,1e-12,1e-14,0.01,8261,true,0.820162706392713,1.04651521633159,-0.0977943572819841,0.0910775518364983,-0.082940576533596,0.0608624649399272,0.871894499639284,-0.00995761323185405,-0.0135247704947944,0.0433305579667735,0.0102008566093852,0.369843503381765,0.651347080998979,0.695475337757776,0.00361236722331465,0.0931767503663401,0.180118095652796,0.194055666301415,1.23234755733392e-12,0.83170339981158,0.0450852890174599,15593.3850983116,false,body_radius_clear_operational_altitude_not_assessed,915,1.65476608321087e-05,pass,pass,1e-10,0.001,1737.4,src/qp_orbits/ephemeris.py,17AD032EFE76B9CA8C5FFEEB3417AAE200AB9FCCA3048E0286FEB418ACA8596B,not_configured_not_needed_for_observed_range,sensitivity_candidate_unselected,not_run_no_thesis_mask_read,not_run,false,data/computed/chapter4_fig43_fig44_global_manifold_audit.npz,7E077D5557C3392BBE54C7D2CBCB7CF13EF649D2855A0D8B02BF2BB0047ADBB6,data/computed/chapter4_fig43_fig46_camera_holdout_protocol.csv,6D2FD58CFCA4E74CC533B757E852D7AC772D036E0E385C30A1057EB9861D01C1,8BBD1CC9F646E5DB0F15812BCADFEDA1954813E6E4DBDF43E380C1E1E97989A2
chapter4_epsilon_state_sensitivity_v1,halo,0,1.59099025766973e-07,minus_x,1,4.4,a,0,1.79410409949332,7.79,9,121,97,DOP853_independent_per_epsilon_sign,1e-12,1e-14,0.01,8261,true,0.816459165301279,0.87558512006402,-0.0976385295940883,0.0982384707801424,-0.0834679534078111,0.0689835573742294,0.850121646905963,0.000784011050149891,-0.00932952388577325,0.0360281491820443,0.000524503422468841,0.00812600237634794,0.0155042548650925,0.0172713606628742,0.000191640556225114,0.00291822960262527,0.00554931393400224,0.00630681940804777,1.77635683940025e-15,0.829897128152913,0.117586418921538,43462.8194334392,false,body_radius_clear_operational_altitude_not_assessed,873,1.21266853644356e-05,pass,pass,1e-10,0.001,1737.4,src/qp_orbits/ephemeris.py,17AD032EFE76B9CA8C5FFEEB3417AAE200AB9FCCA3048E0286FEB418ACA8596B,not_configured_not_needed_for_observed_range,sensitivity_candidate_unselected,not_run_no_thesis_mask_read,not_run,false,data/computed/chapter4_fig43_fig44_global_manifold_audit.npz,7E077D5557C3392BBE54C7D2CBCB7CF13EF649D2855A0D8B02BF2BB0047ADBB6,data/computed/chapter4_fig43_fig46_camera_holdout_protocol.csv,6D2FD58CFCA4E74CC533B757E852D7AC772D036E0E385C30A1057EB9861D01C1,8BBD1CC9F646E5DB0F15812BCADFEDA1954813E6E4DBDF43E380C1E1E97989A2
chapter4_epsilon_state_sensitivity_v1,halo,0,1.59099025766973e-07,minus_x,1,4.4,b,1,2.24550898203593,9.75,9,121,122,DOP853_independent_per_epsilon_sign,1e-12,1e-14,0.01,8261,true,0.816464832672774,0.875586196724884,-0.0976103920468851,0.106438456397263,-0.0834583024310573,0.0689782303112145,0.848831758859224,0.00192909256536612,-0.00918230605036178,0.0354881860514962,0.00147164252649364,0.0257730059753655,0.049567408719994,0.0584361277384035,0.000552552745807335,0.00922452147737258,0.0178027743934858,0.0203027218741837,1.77635683940025e-15,0.829895196761587,0.117579327741512,43460.0935838374,false,body_radius_clear_operational_altitude_not_assessed,915,1.65432660624848e-05,pass,pass,1e-10,0.001,1737.4,src/qp_orbits/ephemeris.py,17AD032EFE76B9CA8C5FFEEB3417AAE200AB9FCCA3048E0286FEB418ACA8596B,not_configured_not_needed_for_observed_range,sensitivity_candidate_unselected,not_run_no_thesis_mask_read,not_run,false,data/computed/chapter4_fig43_fig44_global_manifold_audit.npz,7E077D5557C3392BBE54C7D2CBCB7CF13EF649D2855A0D8B02BF2BB0047ADBB6,data/computed/chapter4_fig43_fig46_camera_holdout_protocol.csv,6D2FD58CFCA4E74CC533B757E852D7AC772D036E0E385C30A1057EB9861D01C1,8BBD1CC9F646E5DB0F15812BCADFEDA1954813E6E4DBDF43E380C1E1E97989A2
chapter4_epsilon_state_sensitivity_v1,halo,0,1.59099025766973e-07,minus_x,1,4.4,c,2,2.62321510824505,11.39,9,121,143,DOP853_independent_per_epsilon_sign,1e-12,1e-14,0.01,8261,true,0.816458337230583,0.875586259689887,-0.0976310824108928,0.106463255271278,-0.0834564341021938,0.0689615967455266,0.845777537575301,0.00448818170915255,-0.00916008478770578,0.0344572064224211,0.00375375632561361,0.0681287118186121,0.132360545788572,0.152448838180297,0.00139819016916846,0.0242742230843425,0.0472999813148614,0.0548104300892471,1.77635683940025e-15,0.829891434851842,0.117596737333543,43466.7858310138,false,body_radius_clear_operational_altitude_not_assessed,915,1.65432660624848e-05,pass,pass,1e-10,0.001,1737.4,src/qp_orbits/ephemeris.py,17AD032EFE76B9CA8C5FFEEB3417AAE200AB9FCCA3048E0286FEB418ACA8596B,not_configured_not_needed_for_observed_range,sensitivity_candidate_unselected,not_run_no_thesis_mask_read,not_run,false,data/computed/chapter4_fig43_fig44_global_manifold_audit.npz,7E077D5557C3392BBE54C7D2CBCB7CF13EF649D2855A0D8B02BF2BB0047ADBB6,data/computed/chapter4_fig43_fig46_camera_holdout_protocol.csv,6D2FD58CFCA4E74CC533B757E852D7AC772D036E0E385C30A1057EB9861D01C1,8BBD1CC9F646E5DB0F15812BCADFEDA1954813E6E4DBDF43E380C1E1E97989A2
chapter4_epsilon_state_sensitivity_v1,halo,0,1.59099025766973e-07,minus_x,1,4.4,d,3,2.99861814831875,13.02,9,121,164,DOP853_independent_per_epsilon_sign,1e-12,1e-14,0.01,8261,true,0.770172146796631,0.874855042560917,-0.0976379204209964,0.106471678026099,-0.0834648942008785,0.0850992033351279,0.837900296725722,0.0114401023129871,-0.00811023223445088,0.0364326818118998,0.0100572110910775,0.172447480596298,0.289413733358284,0.31965872227202,0.00359361876552768,0.0636607087301212,0.118051878284904,0.131692019989764,1.77635683940025e-15,0.786480056826752,0.117588650344926,43463.6771925894,false,body_radius_clear_operational_altitude_not_assessed,915,1.65432660624848e-05,pass,pass,1e-10,0.001,1737.4,src/qp_orbits/ephemeris.py,17AD032EFE76B9CA8C5FFEEB3417AAE200AB9FCCA3048E0286FEB418ACA8596B,not_configured_not_needed_for_observed_range,sensitivity_candidate_unselected,not_run_no_thesis_mask_read,not_run,false,data/computed/chapter4_fig43_fig44_global_manifold_audit.npz,7E077D5557C3392BBE54C7D2CBCB7CF13EF649D2855A0D8B02BF2BB0047ADBB6,data/computed/chapter4_fig43_fig46_camera_holdout_protocol.csv,6D2FD58CFCA4E74CC533B757E852D7AC772D036E0E385C30A1057EB9861D01C1,8BBD1CC9F646E5DB0F15812BCADFEDA1954813E6E4DBDF43E380C1E1E97989A2
chapter4_epsilon_state_sensitivity_v1,halo,1,2.25e-07,plus_x,-1,4.3,a,0,1.79410409949332,7.79,9,121,97,DOP853_independent_per_epsilon_sign,1e-12,1e-14,0.01,8333,true,0.820847084729112,0.875730335575292,-0.097827751289951,0.09822354076799,-0.082819285191787,0.068953403452983,0.852030550781741,0.000103857655670614,-0.00920614510814364,0.0358473622310488,0.000742489736794187,0.0116452993805067,0.0226644679959364,0.0254336669369286,0.000271182271965984,0.00415342740766114,0.00796771801574085,0.00907489261215401,1.77635683940025e-15,0.831704004506454,0.117470376479695,43418.2127187948,false,body_radius_clear_operational_altitude_not_assessed,873,1.7147984136483e-05,pass,pass,1e-10,0.001,1737.4,src/qp_orbits/ephemeris.py,17AD032EFE76B9CA8C5FFEEB3417AAE200AB9FCCA3048E0286FEB418ACA8596B,not_configured_not_needed_for_observed_range,sensitivity_candidate_unselected,not_run_no_thesis_mask_read,not_run,false,data/computed/chapter4_fig43_fig44_global_manifold_audit.npz,7E077D5557C3392BBE54C7D2CBCB7CF13EF649D2855A0D8B02BF2BB0047ADBB6,data/computed/chapter4_fig43_fig46_camera_holdout_protocol.csv,6D2FD58CFCA4E74CC533B757E852D7AC772D036E0E385C30A1057EB9861D01C1,8BBD1CC9F646E5DB0F15812BCADFEDA1954813E6E4DBDF43E380C1E1E97989A2
chapter4_epsilon_state_sensitivity_v1,halo,1,2.25e-07,plus_x,-1,4.3,b,1,2.24550898203593,9.75,9,121,122,DOP853_independent_per_epsilon_sign,1e-12,1e-14,0.01,8333,true,0.820855076141032,0.886146768982121,-0.0978016267870465,0.0955115651151571,-0.0828343204284239,0.0689458568774575,0.854466056451744,-0.00118830594568601,-0.00833556188926001,0.0369247401464436,0.00208557237784635,0.0391876318358583,0.0848079887737557,0.104703442495893,0.000782221099317525,0.0134642256081995,0.0272767609508025,0.0319525486286928,1.77635683940025e-15,0.831704004506454,0.113382061080016,41846.664279158,false,body_radius_clear_operational_altitude_not_assessed,915,2.3389821462522e-05,pass,pass,1e-10,0.001,1737.4,src/qp_orbits/ephemeris.py,17AD032EFE76B9CA8C5FFEEB3417AAE200AB9FCCA3048E0286FEB418ACA8596B,not_configured_not_needed_for_observed_range,sensitivity_candidate_unselected,not_run_no_thesis_mask_read,not_run,false,data/computed/chapter4_fig43_fig44_global_manifold_audit.npz,7E077D5557C3392BBE54C7D2CBCB7CF13EF649D2855A0D8B02BF2BB0047ADBB6,data/computed/chapter4_fig43_fig46_camera_holdout_protocol.csv,6D2FD58CFCA4E74CC533B757E852D7AC772D036E0E385C30A1057EB9861D01C1,8BBD1CC9F646E5DB0F15812BCADFEDA1954813E6E4DBDF43E380C1E1E97989A2
chapter4_epsilon_state_sensitivity_v1,halo,1,2.25e-07,plus_x,-1,4.3,c,2,2.62321510824505,11.39,9,121,143,DOP853_independent_per_epsilon_sign,1e-12,1e-14,0.01,8333,true,0.820853906438679,0.968063423019495,-0.097819047157892,0.0883824864183429,-0.0828338562141925,0.0689328433593473,0.860468413945427,-0.00655094089949357,-0.00800329901600812,0.0397554730405385,0.0053262991386778,0.129968079647177,0.399317578789575,0.485905369041695,0.00198219036830916,0.0392229361695743,0.0960756892002274,0.11387021967264,7.99360577730113e-14,0.831704004506454,0.0537153014818066,18910.7618896065,false,body_radius_clear_operational_altitude_not_assessed,915,2.3389821462522e-05,pass,pass,1e-10,0.001,1737.4,src/qp_orbits/ephemeris.py,17AD032EFE76B9CA8C5FFEEB3417AAE200AB9FCCA3048E0286FEB418ACA8596B,not_configured_not_needed_for_observed_range,sensitivity_candidate_unselected,not_run_no_thesis_mask_read,not_run,false,data/computed/chapter4_fig43_fig44_global_manifold_audit.npz,7E077D5557C3392BBE54C7D2CBCB7CF13EF649D2855A0D8B02BF2BB0047ADBB6,data/computed/chapter4_fig43_fig46_camera_holdout_protocol.csv,6D2FD58CFCA4E74CC533B757E852D7AC772D036E0E385C30A1057EB9861D01C1,8BBD1CC9F646E5DB0F15812BCADFEDA1954813E6E4DBDF43E380C1E1E97989A2
chapter4_epsilon_state_sensitivity_v1,halo,1,2.25e-07,plus_x,-1,4.3,d,3,2.99861814831875,13.02,9,121,164,DOP853_independent_per_epsilon_sign,1e-12,1e-14,0.01,8333,true,0.820848756362488,1.07645437223366,-0.0978266170626202,0.0884027899511101,-0.0828270803568281,0.0608475341360493,0.880197162466733,-0.00860960213331954,-0.0168966827391532,0.0468072770654901,0.0144705499104489,0.552236899484668,0.743724975327015,0.800020411680704,0.00511432728971092,0.14411115319536,0.216866335518866,0.231577933340645,4.46842562951133e-12,0.831704004506454,0.0354232195247236,11879.2855853038,false,body_radius_clear_operational_altitude_not_assessed,915,2.3389821462522e-05,pass,pass,1e-10,0.001,1737.4,src/qp_orbits/ephemeris.py,17AD032EFE76B9CA8C5FFEEB3417AAE200AB9FCCA3048E0286FEB418ACA8596B,not_configured_not_needed_for_observed_range,sensitivity_candidate_unselected,not_run_no_thesis_mask_read,not_run,false,data/computed/chapter4_fig43_fig44_global_manifold_audit.npz,7E077D5557C3392BBE54C7D2CBCB7CF13EF649D2855A0D8B02BF2BB0047ADBB6,data/computed/chapter4_fig43_fig46_camera_holdout_protocol.csv,6D2FD58CFCA4E74CC533B757E852D7AC772D036E0E385C30A1057EB9861D01C1,8BBD1CC9F646E5DB0F15812BCADFEDA1954813E6E4DBDF43E380C1E1E97989A2
chapter4_epsilon_state_sensitivity_v1,halo,1,2.25e-07,minus_x,1,4.4,a,0,1.79410409949332,7.79,9,121,97,DOP853_independent_per_epsilon_sign,1e-12,1e-14,0.01,8261,true,0.815503477697201,0.875568350356839,-0.0976058996537054,0.0982410322298457,-0.0835735442645125,0.0689887217866087,0.849796957821151,0.000901239625418811,-0.00934875338036027,0.0360921857537245,0.000741582171545623,0.011466650317638,0.0218115826455086,0.0242706916037633,0.00027099295534474,0.00412259168074242,0.00782861424790886,0.00889439115398543,1.77635683940025e-15,0.828949959310514,0.117606324432077,43470.4711116905,false,body_radius_clear_operational_altitude_not_assessed,873,1.71478216351833e-05,pass,pass,1e-10,0.001,1737.4,src/qp_orbits/ephemeris.py,17AD032EFE76B9CA8C5FFEEB3417AAE200AB9FCCA3048E0286FEB418ACA8596B,not_configured_not_needed_for_observed_range,sensitivity_candidate_unselected,not_run_no_thesis_mask_read,not_run,false,data/computed/chapter4_fig43_fig44_global_manifold_audit.npz,7E077D5557C3392BBE54C7D2CBCB7CF13EF649D2855A0D8B02BF2BB0047ADBB6,data/computed/chapter4_fig43_fig46_camera_holdout_protocol.csv,6D2FD58CFCA4E74CC533B757E852D7AC772D036E0E385C30A1057EB9861D01C1,8BBD1CC9F646E5DB0F15812BCADFEDA1954813E6E4DBDF43E380C1E1E97989A2
chapter4_epsilon_state_sensitivity_v1,halo,1,2.25e-07,minus_x,1,4.4,b,1,2.24550898203593,9.75,9,121,122,DOP853_independent_per_epsilon_sign,1e-12,1e-14,0.01,8261,true,0.815495851174544,0.875570155396023,-0.0975774094916247,0.110576504971431,-0.0835705931273187,0.0689837748778197,0.84790242804008,0.00244139068503235,-0.00931163451370892,0.0353972614106864,0.00208047227004192,0.0360604241666095,0.0685309910624407,0.0802074874307133,0.000781291210718029,0.0129818418209054,0.0248891948144722,0.028302411280728,1.77635683940025e-15,0.828954825116967,0.117599596743713,43467.8849882834,false,body_radius_clear_operational_altitude_not_assessed,915,2.33943582776592e-05,pass,pass,1e-10,0.001,1737.4,src/qp_orbits/ephemeris.py,17AD032EFE76B9CA8C5FFEEB3417AAE200AB9FCCA3048E0286FEB418ACA8596B,not_configured_not_needed_for_observed_range,sensitivity_candidate_unselected,not_run_no_thesis_mask_read,not_run,false,data/computed/chapter4_fig43_fig44_global_manifold_audit.npz,7E077D5557C3392BBE54C7D2CBCB7CF13EF649D2855A0D8B02BF2BB0047ADBB6,data/computed/chapter4_fig43_fig46_camera_holdout_protocol.csv,6D2FD58CFCA4E74CC533B757E852D7AC772D036E0E385C30A1057EB9861D01C1,8BBD1CC9F646E5DB0F15812BCADFEDA1954813E6E4DBDF43E380C1E1E97989A2
chapter4_epsilon_state_sensitivity_v1,halo,1,2.25e-07,minus_x,1,4.4,c,2,2.62321510824505,11.39,9,121,143,DOP853_independent_per_epsilon_sign,1e-12,1e-14,0.01,8261,true,0.815500131646114,0.875569872286827,-0.0975986727031059,0.111063619252975,-0.0835577622221658,0.0689665212723488,0.843655070054621,0.00610963888223838,-0.00942759115128041,0.0341718835690238,0.0053056308426833,0.0927731049530377,0.175446966859035,0.2009450748835,0.00197651570551388,0.0337380782227201,0.0643850236108643,0.0745003608099778,2.22044604925031e-15,0.828959235595248,0.117617228808632,43474.6627540381,false,body_radius_clear_operational_altitude_not_assessed,915,2.33943582776592e-05,pass,pass,1e-10,0.001,1737.4,src/qp_orbits/ephemeris.py,17AD032EFE76B9CA8C5FFEEB3417AAE200AB9FCCA3048E0286FEB418ACA8596B,not_configured_not_needed_for_observed_range,sensitivity_candidate_unselected,not_run_no_thesis_mask_read,not_run,false,data/computed/chapter4_fig43_fig44_global_manifold_audit.npz,7E077D5557C3392BBE54C7D2CBCB7CF13EF649D2855A0D8B02BF2BB0047ADBB6,data/computed/chapter4_fig43_fig46_camera_holdout_protocol.csv,6D2FD58CFCA4E74CC533B757E852D7AC772D036E0E385C30A1057EB9861D01C1,8BBD1CC9F646E5DB0F15812BCADFEDA1954813E6E4DBDF43E380C1E1E97989A2
chapter4_epsilon_state_sensitivity_v1,halo,1,2.25e-07,minus_x,1,4.4,d,3,2.99861814831875,13.02,9,121,164,DOP853_independent_per_epsilon_sign,1e-12,1e-14,0.01,8261,true,0.741036333471018,0.874817628989738,-0.0976053824707268,0.111064511737115,-0.0835687120405117,0.087802552034766,0.833284078548407,0.0157532870870166,-0.0082844582668019,0.0373731096522002,0.0141831159963304,0.224065254005112,0.364413692787757,0.404329839037094,0.00507682248410047,0.0858089852339716,0.154833165392232,0.173188639283776,1.77635683940025e-15,0.759278220895692,0.117609062306029,43471.5235504377,false,body_radius_clear_operational_altitude_not_assessed,915,2.33943582776592e-05,pass,pass,1e-10,0.001,1737.4,src/qp_orbits/ephemeris.py,17AD032EFE76B9CA8C5FFEEB3417AAE200AB9FCCA3048E0286FEB418ACA8596B,not_configured_not_needed_for_observed_range,sensitivity_candidate_unselected,not_run_no_thesis_mask_read,not_run,false,data/computed/chapter4_fig43_fig44_global_manifold_audit.npz,7E077D5557C3392BBE54C7D2CBCB7CF13EF649D2855A0D8B02BF2BB0047ADBB6,data/computed/chapter4_fig43_fig46_camera_holdout_protocol.csv,6D2FD58CFCA4E74CC533B757E852D7AC772D036E0E385C30A1057EB9861D01C1,8BBD1CC9F646E5DB0F15812BCADFEDA1954813E6E4DBDF43E380C1E1E97989A2
chapter4_epsilon_state_sensitivity_v1,halo,2,3.18198051533946e-07,plus_x,-1,4.3,a,0,1.79410409949332,7.79,9,121,97,DOP853_independent_per_epsilon_sign,1e-12,1e-14,0.01,8489,true,0.82181886224367,0.875766200325634,-0.0978734160691231,0.0982199179364172,-0.0826638085595548,0.0689460730901824,0.852498199240388,-6.03544584047307e-05,-0.00917311871800653,0.0358485905268011,0.00105026943275742,0.0165240715078436,0.0323344445384528,0.036359773613535,0.000383565113723343,0.00588318081587541,0.0113120906448436,0.0128918154101329,2.22044604925031e-15,0.83170485967498,0.117442213524964,43407.3868789962,false,body_radius_clear_operational_altitude_not_assessed,873,2.42524259638877e-05,pass,pass,1e-10,0.001,1737.4,src/qp_orbits/ephemeris.py,17AD032EFE76B9CA8C5FFEEB3417AAE200AB9FCCA3048E0286FEB418ACA8596B,not_configured_not_needed_for_observed_range,sensitivity_candidate_unselected,not_run_no_thesis_mask_read,not_run,false,data/computed/chapter4_fig43_fig44_global_manifold_audit.npz,7E077D5557C3392BBE54C7D2CBCB7CF13EF649D2855A0D8B02BF2BB0047ADBB6,data/computed/chapter4_fig43_fig46_camera_holdout_protocol.csv,6D2FD58CFCA4E74CC533B757E852D7AC772D036E0E385C30A1057EB9861D01C1,8BBD1CC9F646E5DB0F15812BCADFEDA1954813E6E4DBDF43E380C1E1E97989A2
chapter4_epsilon_state_sensitivity_v1,halo,2,3.18198051533946e-07,plus_x,-1,4.3,b,1,2.24550898203593,9.75,9,121,122,DOP853_independent_per_epsilon_sign,1e-12,1e-14,0.01,8489,true,0.821809504928647,0.896142927569804,-0.0978477691046036,0.0955064877573613,-0.0826808200876367,0.0689379869880036,0.855905765938092,-0.0019886378230862,-0.00810316055350685,0.0374550384467646,0.00295094517631809,0.0565748369162215,0.128128893240183,0.161085852677467,0.00110649947835531,0.0192060264422591,0.0395207865768434,0.0468001121971707,1.77635683940025e-15,0.83170485967498,0.0999565079558212,36685.8816582177,false,body_radius_clear_operational_altitude_not_assessed,915,3.30814409022116e-05,pass,pass,1e-10,0.001,1737.4,src/qp_orbits/ephemeris.py,17AD032EFE76B9CA8C5FFEEB3417AAE200AB9FCCA3048E0286FEB418ACA8596B,not_configured_not_needed_for_observed_range,sensitivity_candidate_unselected,not_run_no_thesis_mask_read,not_run,false,data/computed/chapter4_fig43_fig44_global_manifold_audit.npz,7E077D5557C3392BBE54C7D2CBCB7CF13EF649D2855A0D8B02BF2BB0047ADBB6,data/computed/chapter4_fig43_fig46_camera_holdout_protocol.csv,6D2FD58CFCA4E74CC533B757E852D7AC772D036E0E385C30A1057EB9861D01C1,8BBD1CC9F646E5DB0F15812BCADFEDA1954813E6E4DBDF43E380C1E1E97989A2
chapter4_epsilon_state_sensitivity_v1,halo,2,3.18198051533946e-07,plus_x,-1,4.3,c,2,2.62321510824505,11.39,9,121,143,DOP853_independent_per_epsilon_sign,1e-12,1e-14,0.01,8489,true,0.821809477667005,1.02474931842432,-0.0978644138498249,0.0848274314885888,-0.0826742800388156,0.0689258534368182,0.865531664725384,-0.00936377785461667,-0.00861830556734615,0.0417116918704826,0.00753870652320502,0.20692466355204,0.759172928605217,0.901661176523576,0.00280492334187564,0.0583462109847932,0.151374443110319,0.171729740382817,1.81632486828676e-12,0.83170485967498,0.0265440445941723,8466.13074199984,false,body_radius_clear_operational_altitude_not_assessed,915,3.30814409022116e-05,pass,pass,1e-10,0.001,1737.4,src/qp_orbits/ephemeris.py,17AD032EFE76B9CA8C5FFEEB3417AAE200AB9FCCA3048E0286FEB418ACA8596B,not_configured_not_needed_for_observed_range,sensitivity_candidate_unselected,not_run_no_thesis_mask_read,not_run,false,data/computed/chapter4_fig43_fig44_global_manifold_audit.npz,7E077D5557C3392BBE54C7D2CBCB7CF13EF649D2855A0D8B02BF2BB0047ADBB6,data/computed/chapter4_fig43_fig46_camera_holdout_protocol.csv,6D2FD58CFCA4E74CC533B757E852D7AC772D036E0E385C30A1057EB9861D01C1,8BBD1CC9F646E5DB0F15812BCADFEDA1954813E6E4DBDF43E380C1E1E97989A2
chapter4_epsilon_state_sensitivity_v1,halo,2,3.18198051533946e-07,plus_x,-1,4.3,d,3,2.99861814831875,13.02,9,121,164,DOP853_independent_per_epsilon_sign,1e-12,1e-14,0.01,8489,true,0.821813795977553,1.07838063446059,-0.0978721573158468,0.100473172970475,-0.0826636118754274,0.0608264051034619,0.887615754887541,-0.00457187996622845,-0.0207423742692714,0.0496216138517802,0.0205551998886202,0.56385235915745,0.831696910255212,0.945085145439727,0.00724424244308928,0.182101654309927,0.241092358906086,0.257639940886693,2.06945571790129e-12,0.83170485967498,0.0262223185450127,8342.4592487029,false,body_radius_clear_operational_altitude_not_assessed,915,3.30814409022116e-05,pass,pass,1e-10,0.001,1737.4,src/qp_orbits/ephemeris.py,17AD032EFE76B9CA8C5FFEEB3417AAE200AB9FCCA3048E0286FEB418ACA8596B,not_configured_not_needed_for_observed_range,sensitivity_candidate_unselected,not_run_no_thesis_mask_read,not_run,false,data/computed/chapter4_fig43_fig44_global_manifold_audit.npz,7E077D5557C3392BBE54C7D2CBCB7CF13EF649D2855A0D8B02BF2BB0047ADBB6,data/computed/chapter4_fig43_fig46_camera_holdout_protocol.csv,6D2FD58CFCA4E74CC533B757E852D7AC772D036E0E385C30A1057EB9861D01C1,8BBD1CC9F646E5DB0F15812BCADFEDA1954813E6E4DBDF43E380C1E1E97989A2
chapter4_epsilon_state_sensitivity_v1,halo,2,3.18198051533946e-07,minus_x,1,4.4,a,0,1.79410409949332,7.79,9,121,97,DOP853_independent_per_epsilon_sign,1e-12,1e-14,0.01,8261,true,0.814083979897059,0.875546134555216,-0.0975596720198756,0.0982446545990207,-0.0837201151219616,0.0689960207843873,0.849339121422064,0.00106728479151662,-0.00937503366427094,0.0362024095220197,0.0010484004396596,0.0161652588680874,0.0306241615163523,0.0340257137821693,0.000383186483213885,0.00582149414482907,0.0110335395863342,0.0125301869843381,1.77635683940025e-15,0.827581504323649,0.11763447296213,43481.2914066429,false,body_radius_clear_operational_altitude_not_assessed,873,2.42494578212956e-05,pass,pass,1e-10,0.001,1737.4,src/qp_orbits/ephemeris.py,17AD032EFE76B9CA8C5FFEEB3417AAE200AB9FCCA3048E0286FEB418ACA8596B,not_configured_not_needed_for_observed_range,sensitivity_candidate_unselected,not_run_no_thesis_mask_read,not_run,false,data/computed/chapter4_fig43_fig44_global_manifold_audit.npz,7E077D5557C3392BBE54C7D2CBCB7CF13EF649D2855A0D8B02BF2BB0047ADBB6,data/computed/chapter4_fig43_fig46_camera_holdout_protocol.csv,6D2FD58CFCA4E74CC533B757E852D7AC772D036E0E385C30A1057EB9861D01C1,8BBD1CC9F646E5DB0F15812BCADFEDA1954813E6E4DBDF43E380C1E1E97989A2
chapter4_epsilon_state_sensitivity_v1,halo,2,3.18198051533946e-07,minus_x,1,4.4,b,1,2.24550898203593,9.75,9,121,122,DOP853_independent_per_epsilon_sign,1e-12,1e-14,0.01,8261,true,0.814080793125839,0.875547474103934,-0.0975306795899369,0.116271991239381,-0.0837264754383982,0.0689916111684901,0.846603110475162,0.00315690922936376,-0.00948747706417093,0.0353694530260628,0.00294074493077092,0.0502626923108729,0.0940776419327698,0.109110917608927,0.00110463971353015,0.0182367969902232,0.0346644723801852,0.0392735558449764,1.77635683940025e-15,0.827585266961863,0.117628259311402,43478.9028793031,false,body_radius_clear_operational_altitude_not_assessed,915,3.30767030165459e-05,pass,pass,1e-10,0.001,1737.4,src/qp_orbits/ephemeris.py,17AD032EFE76B9CA8C5FFEEB3417AAE200AB9FCCA3048E0286FEB418ACA8596B,not_configured_not_needed_for_observed_range,sensitivity_candidate_unselected,not_run_no_thesis_mask_read,not_run,false,data/computed/chapter4_fig43_fig44_global_manifold_audit.npz,7E077D5557C3392BBE54C7D2CBCB7CF13EF649D2855A0D8B02BF2BB0047ADBB6,data/computed/chapter4_fig43_fig46_camera_holdout_protocol.csv,6D2FD58CFCA4E74CC533B757E852D7AC772D036E0E385C30A1057EB9861D01C1,8BBD1CC9F646E5DB0F15812BCADFEDA1954813E6E4DBDF43E380C1E1E97989A2
chapter4_epsilon_state_sensitivity_v1,halo,2,3.18198051533946e-07,minus_x,1,4.4,c,2,2.62321510824505,11.39,9,121,143,DOP853_independent_per_epsilon_sign,1e-12,1e-14,0.01,8261,true,0.797261274697418,0.875546701785912,-0.0975527587996028,0.118485687152558,-0.0837144607872267,0.0689734812244908,0.840751218380222,0.00831154528814954,-0.00979896663398161,0.0340896516303994,0.00749736662849355,0.125017440708611,0.228002477986484,0.260825679230941,0.0027935736434162,0.0467074872916,0.0867667796631283,0.100277088074758,2.22044604925031e-15,0.816278276176997,0.117646205991994,43485.8015833226,false,body_radius_clear_operational_altitude_not_assessed,915,3.30767030165459e-05,pass,pass,1e-10,0.001,1737.4,src/qp_orbits/ephemeris.py,17AD032EFE76B9CA8C5FFEEB3417AAE200AB9FCCA3048E0286FEB418ACA8596B,not_configured_not_needed_for_observed_range,sensitivity_candidate_unselected,not_run_no_thesis_mask_read,not_run,false,data/computed/chapter4_fig43_fig44_global_manifold_audit.npz,7E077D5557C3392BBE54C7D2CBCB7CF13EF649D2855A0D8B02BF2BB0047ADBB6,data/computed/chapter4_fig43_fig46_camera_holdout_protocol.csv,6D2FD58CFCA4E74CC533B757E852D7AC772D036E0E385C30A1057EB9861D01C1,8BBD1CC9F646E5DB0F15812BCADFEDA1954813E6E4DBDF43E380C1E1E97989A2
chapter4_epsilon_state_sensitivity_v1,halo,2,3.18198051533946e-07,minus_x,1,4.4,d,3,2.99861814831875,13.02,9,121,164,DOP853_independent_per_epsilon_sign,1e-12,1e-14,0.01,8261,true,0.705703113220607,0.874764738559787,-0.0975592858777672,0.127938364577105,-0.0837128180875371,0.0890390103843342,0.8272443948237,0.0214039247921348,-0.00865701272750857,0.0389178650069621,0.0199797590498866,0.288065989909362,0.451660393544954,0.501138023536243,0.00716920111592583,0.114183841998167,0.199491869464019,0.224584600789246,2.66453525910038e-15,0.728411058371438,0.117637927042499,43482.6191551367,false,body_radius_clear_operational_altitude_not_assessed,915,3.30767030165459e-05,pass,pass,1e-10,0.001,1737.4,src/qp_orbits/ephemeris.py,17AD032EFE76B9CA8C5FFEEB3417AAE200AB9FCCA3048E0286FEB418ACA8596B,not_configured_not_needed_for_observed_range,sensitivity_candidate_unselected,not_run_no_thesis_mask_read,not_run,false,data/computed/chapter4_fig43_fig44_global_manifold_audit.npz,7E077D5557C3392BBE54C7D2CBCB7CF13EF649D2855A0D8B02BF2BB0047ADBB6,data/computed/chapter4_fig43_fig46_camera_holdout_protocol.csv,6D2FD58CFCA4E74CC533B757E852D7AC772D036E0E385C30A1057EB9861D01C1,8BBD1CC9F646E5DB0F15812BCADFEDA1954813E6E4DBDF43E380C1E1E97989A2
chapter4_epsilon_state_sensitivity_v1,halo,3,4.5e-07,plus_x,-1,4.3,a,0,1.79410409949332,7.79,9,121,97,DOP853_independent_per_epsilon_sign,1e-12,1e-14,0.01,8846,true,0.823126897403923,0.875818300672122,-0.0979378295481618,0.098214794343349,-0.0824551875336664,0.0689356971795968,0.853162724310843,-0.000292022701433434,-0.00912420272989239,0.0358770886584646,0.00148576617673008,0.0234813393702451,0.046323436792249,0.0522535557869735,0.000542553941402783,0.00833904496263204,0.0160888636243151,0.0183526324312518,1.77635683940025e-15,0.831706069067591,0.117402380867802,43392.0752055832,false,body_radius_clear_operational_altitude_not_assessed,873,3.42975883249174e-05,pass,pass,1e-10,0.001,1737.4,src/qp_orbits/ephemeris.py,17AD032EFE76B9CA8C5FFEEB3417AAE200AB9FCCA3048E0286FEB418ACA8596B,not_configured_not_needed_for_observed_range,sensitivity_candidate_unselected,not_run_no_thesis_mask_read,not_run,false,data/computed/chapter4_fig43_fig44_global_manifold_audit.npz,7E077D5557C3392BBE54C7D2CBCB7CF13EF649D2855A0D8B02BF2BB0047ADBB6,data/computed/chapter4_fig43_fig46_camera_holdout_protocol.csv,6D2FD58CFCA4E74CC533B757E852D7AC772D036E0E385C30A1057EB9861D01C1,8BBD1CC9F646E5DB0F15812BCADFEDA1954813E6E4DBDF43E380C1E1E97989A2
chapter4_epsilon_state_sensitivity_v1,halo,3,4.5e-07,plus_x,-1,4.3,b,1,2.24550898203593,9.75,9,121,122,DOP853_independent_per_epsilon_sign,1e-12,1e-14,0.01,8846,true,0.823140938532197,0.913998498091134,-0.097912850606767,0.0954993070125325,-0.0824580559005319,0.0689268474151212,0.858010742272553,-0.00316172831405279,-0.00775460208257956,0.038297881550248,0.00417627307863364,0.082580987158122,0.202667143224486,0.266021328391239,0.00156536966418186,0.0275155968907795,0.0581473688974146,0.0703054139484956,2.22044604925031e-15,0.831706069067591,0.0791855353965075,28701.5198064175,false,body_radius_clear_operational_altitude_not_assessed,915,4.67857687806818e-05,pass,pass,1e-10,0.001,1737.4,src/qp_orbits/ephemeris.py,17AD032EFE76B9CA8C5FFEEB3417AAE200AB9FCCA3048E0286FEB418ACA8596B,not_configured_not_needed_for_observed_range,sensitivity_candidate_unselected,not_run_no_thesis_mask_read,not_run,false,data/computed/chapter4_fig43_fig44_global_manifold_audit.npz,7E077D5557C3392BBE54C7D2CBCB7CF13EF649D2855A0D8B02BF2BB0047ADBB6,data/computed/chapter4_fig43_fig46_camera_holdout_protocol.csv,6D2FD58CFCA4E74CC533B757E852D7AC772D036E0E385C30A1057EB9861D01C1,8BBD1CC9F646E5DB0F15812BCADFEDA1954813E6E4DBDF43E380C1E1E97989A2
chapter4_epsilon_state_sensitivity_v1,halo,3,4.5e-07,plus_x,-1,4.3,c,2,2.62321510824505,11.39,9,121,143,DOP853_independent_per_epsilon_sign,1e-12,1e-14,0.01,8846,true,0.823129514018046,1.04307225318297,-0.0979284103983706,0.0801879077884133,-0.0824427116124423,0.0689159593912797,0.872522708830683,-0.010498523428393,-0.0110762823242034,0.0453085641483008,0.0106738145137281,0.37696467989755,0.930746337218137,1.10499562786453,0.00397014392661268,0.0902485798456993,0.181406471161481,0.195237755585249,2.90700796767851e-12,0.831706069067591,0.0188470853017261,5507.41958998351,false,body_radius_clear_operational_altitude_not_assessed,915,4.67857687806818e-05,pass,pass,1e-10,0.001,1737.4,src/qp_orbits/ephemeris.py,17AD032EFE76B9CA8C5FFEEB3417AAE200AB9FCCA3048E0286FEB418ACA8596B,not_configured_not_needed_for_observed_range,sensitivity_candidate_unselected,not_run_no_thesis_mask_read,not_run,false,data/computed/chapter4_fig43_fig44_global_manifold_audit.npz,7E077D5557C3392BBE54C7D2CBCB7CF13EF649D2855A0D8B02BF2BB0047ADBB6,data/computed/chapter4_fig43_fig46_camera_holdout_protocol.csv,6D2FD58CFCA4E74CC533B757E852D7AC772D036E0E385C30A1057EB9861D01C1,8BBD1CC9F646E5DB0F15812BCADFEDA1954813E6E4DBDF43E380C1E1E97989A2
chapter4_epsilon_state_sensitivity_v1,halo,3,4.5e-07,plus_x,-1,4.3,d,3,2.99861814831875,13.02,9,121,164,DOP853_independent_per_epsilon_sign,1e-12,1e-14,0.01,8846,true,0.823126761877717,1.06068763789711,-0.0979363966163256,0.117240738069244,-0.0824484146275883,0.0607964967419957,0.892679035469993,0.000532902176808745,-0.02434703930153,0.0501989245708202,0.0292569508251768,0.54005802542867,0.933060088189172,1.1267379430861,0.0102683388753592,0.188245917185341,0.247733408368352,0.263604832590178,1.20259358027397e-12,0.831706069067591,0.0186766423896672,5441.90133458809,false,body_radius_clear_operational_altitude_not_assessed,915,4.67857687806818e-05,pass,pass,1e-10,0.001,1737.4,src/qp_orbits/ephemeris.py,17AD032EFE76B9CA8C5FFEEB3417AAE200AB9FCCA3048E0286FEB418ACA8596B,not_configured_not_needed_for_observed_range,sensitivity_candidate_unselected,not_run_no_thesis_mask_read,not_run,false,data/computed/chapter4_fig43_fig44_global_manifold_audit.npz,7E077D5557C3392BBE54C7D2CBCB7CF13EF649D2855A0D8B02BF2BB0047ADBB6,data/computed/chapter4_fig43_fig46_camera_holdout_protocol.csv,6D2FD58CFCA4E74CC533B757E852D7AC772D036E0E385C30A1057EB9861D01C1,8BBD1CC9F646E5DB0F15812BCADFEDA1954813E6E4DBDF43E380C1E1E97989A2
chapter4_epsilon_state_sensitivity_v1,halo,3,4.5e-07,minus_x,1,4.4,a,0,1.79410409949332,7.79,9,121,97,DOP853_independent_per_epsilon_sign,1e-12,1e-14,0.01,8261,true,0.811947214443911,0.87551516897694,-0.0974941328241719,0.098249777267224,-0.0839219801056456,0.0690063339646969,0.848694260869214,0.00130261788320303,-0.00941042476181409,0.0364021546334538,0.00148195252255208,0.0227612097953917,0.0428535874523228,0.0475525667745249,0.00054179667597437,0.00821561069270897,0.0155303788161182,0.0176268515275763,2.22044604925031e-15,0.825559925488105,0.117650682067301,43487.5221866704,false,body_radius_clear_operational_altitude_not_assessed,873,3.42895718510955e-05,pass,pass,1e-10,0.001,1737.4,src/qp_orbits/ephemeris.py,17AD032EFE76B9CA8C5FFEEB3417AAE200AB9FCCA3048E0286FEB418ACA8596B,not_configured_not_needed_for_observed_range,sensitivity_candidate_unselected,not_run_no_thesis_mask_read,not_run,false,data/computed/chapter4_fig43_fig44_global_manifold_audit.npz,7E077D5557C3392BBE54C7D2CBCB7CF13EF649D2855A0D8B02BF2BB0047ADBB6,data/computed/chapter4_fig43_fig46_camera_holdout_protocol.csv,6D2FD58CFCA4E74CC533B757E852D7AC772D036E0E385C30A1057EB9861D01C1,8BBD1CC9F646E5DB0F15812BCADFEDA1954813E6E4DBDF43E380C1E1E97989A2
chapter4_epsilon_state_sensitivity_v1,halo,3,4.5e-07,minus_x,1,4.4,b,1,2.24550898203593,9.75,9,121,122,DOP853_independent_per_epsilon_sign,1e-12,1e-14,0.01,8261,true,0.810773771119869,0.875515407052329,-0.0974644229117725,0.124047383765884,-0.0839411897274397,0.069002683543555,0.844792710092697,0.00415257026385637,-0.00972288835467055,0.0355713979301679,0.00415587249134779,0.0697189697962935,0.127954721029096,0.146903420309079,0.00156165019468691,0.025561667931001,0.0480548673632585,0.0541977596070169,1.77635683940025e-15,0.825564275845532,0.117650682067301,43487.5221866704,false,body_radius_clear_operational_altitude_not_assessed,915,4.6774161011483e-05,pass,pass,1e-10,0.001,1737.4,src/qp_orbits/ephemeris.py,17AD032EFE76B9CA8C5FFEEB3417AAE200AB9FCCA3048E0286FEB418ACA8596B,not_configured_not_needed_for_observed_range,sensitivity_candidate_unselected,not_run_no_thesis_mask_read,not_run,false,data/computed/chapter4_fig43_fig44_global_manifold_audit.npz,7E077D5557C3392BBE54C7D2CBCB7CF13EF649D2855A0D8B02BF2BB0047ADBB6,data/computed/chapter4_fig43_fig46_camera_holdout_protocol.csv,6D2FD58CFCA4E74CC533B757E852D7AC772D036E0E385C30A1057EB9861D01C1,8BBD1CC9F646E5DB0F15812BCADFEDA1954813E6E4DBDF43E380C1E1E97989A2
chapter4_epsilon_state_sensitivity_v1,halo,3,4.5e-07,minus_x,1,4.4,c,2,2.62321510824505,11.39,9,121,143,DOP853_independent_per_epsilon_sign,1e-12,1e-14,0.01,8261,true,0.773048073053663,0.875513943316186,-0.0974876678208061,0.138171350420113,-0.0839371440956812,0.0689833153290348,0.836799756825584,0.0112728617483041,-0.010303177936447,0.0346260010427212,0.0105911215234773,0.167024442577619,0.295054483242172,0.333384264329203,0.00394744292572634,0.0643117913000562,0.116507417219475,0.13358197218438,1.77635683940025e-15,0.794984058360216,0.117650682067301,43487.5221866704,false,body_radius_clear_operational_altitude_not_assessed,915,4.6774161011483e-05,pass,pass,1e-10,0.001,1737.4,src/qp_orbits/ephemeris.py,17AD032EFE76B9CA8C5FFEEB3417AAE200AB9FCCA3048E0286FEB418ACA8596B,not_configured_not_needed_for_observed_range,sensitivity_candidate_unselected,not_run_no_thesis_mask_read,not_run,false,data/computed/chapter4_fig43_fig44_global_manifold_audit.npz,7E077D5557C3392BBE54C7D2CBCB7CF13EF649D2855A0D8B02BF2BB0047ADBB6,data/computed/chapter4_fig43_fig46_camera_holdout_protocol.csv,6D2FD58CFCA4E74CC533B757E852D7AC772D036E0E385C30A1057EB9861D01C1,8BBD1CC9F646E5DB0F15812BCADFEDA1954813E6E4DBDF43E380C1E1E97989A2
chapter4_epsilon_state_sensitivity_v1,halo,3,4.5e-07,minus_x,1,4.4,d,3,2.99861814831875,13.02,9,121,164,DOP853_independent_per_epsilon_sign,1e-12,1e-14,0.01,8261,true,0.661348138343829,0.874689980864008,-0.097493933890573,0.171043336884534,-0.083928509104744,0.0887938768623273,0.819357385684637,0.0286808412894631,-0.00929568533275499,0.0414639278060823,0.0281037690785562,0.365261911490332,0.551287644994732,0.610450934186371,0.0101181291085144,0.151071368648736,0.255674606729119,0.287358005877717,1.77635683940025e-15,0.694475062248174,0.117650682067301,43487.5221866704,false,body_radius_clear_operational_altitude_not_assessed,915,4.6774161011483e-05,pass,pass,1e-10,0.001,1737.4,src/qp_orbits/ephemeris.py,17AD032EFE76B9CA8C5FFEEB3417AAE200AB9FCCA3048E0286FEB418ACA8596B,not_configured_not_needed_for_observed_range,sensitivity_candidate_unselected,not_run_no_thesis_mask_read,not_run,false,data/computed/chapter4_fig43_fig44_global_manifold_audit.npz,7E077D5557C3392BBE54C7D2CBCB7CF13EF649D2855A0D8B02BF2BB0047ADBB6,data/computed/chapter4_fig43_fig46_camera_holdout_protocol.csv,6D2FD58CFCA4E74CC533B757E852D7AC772D036E0E385C30A1057EB9861D01C1,8BBD1CC9F646E5DB0F15812BCADFEDA1954813E6E4DBDF43E380C1E1E97989A2
chapter4_epsilon_state_sensitivity_v1,halo,4,6.36396103067893e-07,plus_x,-1,4.3,a,0,1.79410409949332,7.79,9,121,97,DOP853_independent_per_epsilon_sign,1e-12,1e-14,0.01,9338,true,0.82491602964051,0.875896034415905,-0.0980285902449145,0.0982075482175771,-0.0821491852944187,0.0689210049810378,0.854109134872852,-0.000618506090686264,-0.00905037663364378,0.0359675762749461,0.00210211282812239,0.0334406124143828,0.0668021407629444,0.0757277263537124,0.000767509091314174,0.011831939522902,0.022944830601963,0.0262114970779092,1.77635683940025e-15,0.831707779410362,0.117346040535992,43370.4179820352,false,body_radius_clear_operational_altitude_not_assessed,873,4.85045358864295e-05,pass,pass,1e-10,0.001,1737.4,src/qp_orbits/ephemeris.py,17AD032EFE76B9CA8C5FFEEB3417AAE200AB9FCCA3048E0286FEB418ACA8596B,not_configured_not_needed_for_observed_range,sensitivity_candidate_unselected,not_run_no_thesis_mask_read,not_run,false,data/computed/chapter4_fig43_fig44_global_manifold_audit.npz,7E077D5557C3392BBE54C7D2CBCB7CF13EF649D2855A0D8B02BF2BB0047ADBB6,data/computed/chapter4_fig43_fig46_camera_holdout_protocol.csv,6D2FD58CFCA4E74CC533B757E852D7AC772D036E0E385C30A1057EB9861D01C1,8BBD1CC9F646E5DB0F15812BCADFEDA1954813E6E4DBDF43E380C1E1E97989A2
chapter4_epsilon_state_sensitivity_v1,halo,4,6.36396103067893e-07,plus_x,-1,4.3,b,1,2.24550898203593,9.75,9,121,122,DOP853_independent_per_epsilon_sign,1e-12,1e-14,0.01,9338,true,0.824923775617869,0.950181218154643,-0.098004541332119,0.0954891513523737,-0.0821313615836663,0.0689110739204603,0.861187239696667,-0.00493436257221366,-0.00722605962752789,0.0396593112827726,0.00591217049149776,0.122864613838576,0.359845902812049,0.549691046185353,0.00221485182584021,0.0397042275917388,0.0895960753425581,0.11270459988368,3.47055717497824e-12,0.831707779410362,0.0441348293403777,15228.0283984412,false,body_radius_clear_operational_altitude_not_assessed,915,6.61657922666732e-05,pass,pass,1e-10,0.001,1737.4,src/qp_orbits/ephemeris.py,17AD032EFE76B9CA8C5FFEEB3417AAE200AB9FCCA3048E0286FEB418ACA8596B,not_configured_not_needed_for_observed_range,sensitivity_candidate_unselected,not_run_no_thesis_mask_read,not_run,false,data/computed/chapter4_fig43_fig44_global_manifold_audit.npz,7E077D5557C3392BBE54C7D2CBCB7CF13EF649D2855A0D8B02BF2BB0047ADBB6,data/computed/chapter4_fig43_fig46_camera_holdout_protocol.csv,6D2FD58CFCA4E74CC533B757E852D7AC772D036E0E385C30A1057EB9861D01C1,8BBD1CC9F646E5DB0F15812BCADFEDA1954813E6E4DBDF43E380C1E1E97989A2
chapter4_epsilon_state_sensitivity_v1,halo,4,6.36396103067893e-07,plus_x,-1,4.3,c,2,2.62321510824505,11.39,9,121,143,DOP853_independent_per_epsilon_sign,1e-12,1e-14,0.01,9338,true,0.824924199114689,1.02383697474973,-0.098018590762357,0.0902869286380711,-0.0821415629832316,0.0689019494734841,0.878248587987208,-0.00911649446486961,-0.0143532497165208,0.0491178748685405,0.0151203149503554,0.499235807876169,1.07392098816671,1.40611815134848,0.00561946208176365,0.144748712679228,0.182363915151017,0.197477061403134,4.72111238991602e-12,0.831707779410362,0.0119544894058686,2857.9057276159,false,body_radius_clear_operational_altitude_not_assessed,915,6.61657922666732e-05,pass,pass,1e-10,0.001,1737.4,src/qp_orbits/ephemeris.py,17AD032EFE76B9CA8C5FFEEB3417AAE200AB9FCCA3048E0286FEB418ACA8596B,not_configured_not_needed_for_observed_range,sensitivity_candidate_unselected,not_run_no_thesis_mask_read,not_run,false,data/computed/chapter4_fig43_fig44_global_manifold_audit.npz,7E077D5557C3392BBE54C7D2CBCB7CF13EF649D2855A0D8B02BF2BB0047ADBB6,data/computed/chapter4_fig43_fig46_camera_holdout_protocol.csv,6D2FD58CFCA4E74CC533B757E852D7AC772D036E0E385C30A1057EB9861D01C1,8BBD1CC9F646E5DB0F15812BCADFEDA1954813E6E4DBDF43E380C1E1E97989A2
chapter4_epsilon_state_sensitivity_v1,halo,4,6.36396103067893e-07,plus_x,-1,4.3,d,3,2.99861814831875,13.02,9,121,164,DOP853_independent_per_epsilon_sign,1e-12,1e-14,0.01,9338,true,0.824918148250541,1.03153483528134,-0.0980269148591129,0.119684448366225,-0.0821478728300604,0.0607541450714659,0.89507505406675,0.00464266841742918,-0.027014549716478,0.0507881968621988,0.0417686949438123,0.496225727628207,1.07507118407309,1.42181099432392,0.014569821294346,0.179155280903924,0.232885332318021,0.243706155352887,2.25464091840877e-12,0.831707779410362,0.0121478809473727,2932.24543617007,false,body_radius_clear_operational_altitude_not_assessed,915,6.61657922666732e-05,pass,pass,1e-10,0.001,1737.4,src/qp_orbits/ephemeris.py,17AD032EFE76B9CA8C5FFEEB3417AAE200AB9FCCA3048E0286FEB418ACA8596B,not_configured_not_needed_for_observed_range,sensitivity_candidate_unselected,not_run_no_thesis_mask_read,not_run,false,data/computed/chapter4_fig43_fig44_global_manifold_audit.npz,7E077D5557C3392BBE54C7D2CBCB7CF13EF649D2855A0D8B02BF2BB0047ADBB6,data/computed/chapter4_fig43_fig46_camera_holdout_protocol.csv,6D2FD58CFCA4E74CC533B757E852D7AC772D036E0E385C30A1057EB9861D01C1,8BBD1CC9F646E5DB0F15812BCADFEDA1954813E6E4DBDF43E380C1E1E97989A2
chapter4_epsilon_state_sensitivity_v1,halo,4,6.36396103067893e-07,minus_x,1,4.4,a,0,1.79410409949332,7.79,9,121,97,DOP853_independent_per_epsilon_sign,1e-12,1e-14,0.01,8261,true,0.807320109422523,0.875471393961242,-0.0974011206695816,0.0982570215433383,-0.0842348378851669,0.0690209007025161,0.847787342973683,0.00163642568161825,-0.00945706875533398,0.0367705933605527,0.00209438001235967,0.0319952019705035,0.059730747543736,0.0661906896769618,0.000765994563126776,0.0115848265030425,0.0218222592418864,0.0247496585513845,1.77635683940025e-15,0.822053484110785,0.11765073041652,43487.5407721103,false,body_radius_clear_operational_altitude_not_assessed,873,4.84932066418551e-05,pass,pass,1e-10,0.001,1737.4,src/qp_orbits/ephemeris.py,17AD032EFE76B9CA8C5FFEEB3417AAE200AB9FCCA3048E0286FEB418ACA8596B,not_configured_not_needed_for_observed_range,sensitivity_candidate_unselected,not_run_no_thesis_mask_read,not_run,false,data/computed/chapter4_fig43_fig44_global_manifold_audit.npz,7E077D5557C3392BBE54C7D2CBCB7CF13EF649D2855A0D8B02BF2BB0047ADBB6,data/computed/chapter4_fig43_fig46_camera_holdout_protocol.csv,6D2FD58CFCA4E74CC533B757E852D7AC772D036E0E385C30A1057EB9861D01C1,8BBD1CC9F646E5DB0F15812BCADFEDA1954813E6E4DBDF43E380C1E1E97989A2
chapter4_epsilon_state_sensitivity_v1,halo,4,6.36396103067893e-07,minus_x,1,4.4,b,1,2.24550898203593,9.75,9,121,122,DOP853_independent_per_epsilon_sign,1e-12,1e-14,0.01,8261,true,0.794405963074963,0.875470075654492,-0.0973715357931889,0.134689641257901,-0.0842336560746205,0.0690183226423729,0.842280164469661,0.00553214365729658,-0.0100313996123903,0.0364578858372511,0.00587136884657195,0.096107038035555,0.172303931738127,0.195677182674335,0.00220741308288533,0.0357274354364589,0.0662459835944351,0.0743224893207375,1.77635683940025e-15,0.814290165212207,0.11765073041652,43487.5407721103,false,body_radius_clear_operational_altitude_not_assessed,915,6.61469003562228e-05,pass,pass,1e-10,0.001,1737.4,src/qp_orbits/ephemeris.py,17AD032EFE76B9CA8C5FFEEB3417AAE200AB9FCCA3048E0286FEB418ACA8596B,not_configured_not_needed_for_observed_range,sensitivity_candidate_unselected,not_run_no_thesis_mask_read,not_run,false,data/computed/chapter4_fig43_fig44_global_manifold_audit.npz,7E077D5557C3392BBE54C7D2CBCB7CF13EF649D2855A0D8B02BF2BB0047ADBB6,data/computed/chapter4_fig43_fig46_camera_holdout_protocol.csv,6D2FD58CFCA4E74CC533B757E852D7AC772D036E0E385C30A1057EB9861D01C1,8BBD1CC9F646E5DB0F15812BCADFEDA1954813E6E4DBDF43E380C1E1E97989A2
chapter4_epsilon_state_sensitivity_v1,halo,4,6.36396103067893e-07,minus_x,1,4.4,c,2,2.62321510824505,11.39,9,121,143,DOP853_independent_per_epsilon_sign,1e-12,1e-14,0.01,8261,true,0.741964717761308,0.875470293002239,-0.0973952985727329,0.164508609240575,-0.0842404906837693,0.0689972053646657,0.831447028714174,0.0152155657187092,-0.0109665865440261,0.0366438461243612,0.0149548763599159,0.220452076669087,0.37169259723404,0.420111697915001,0.00557603998289615,0.0879666617287275,0.154197964892591,0.176140539746097,2.22044604925031e-15,0.768820121775776,0.11765073041652,43487.5407721103,false,body_radius_clear_operational_altitude_not_assessed,915,6.61469003562228e-05,pass,pass,1e-10,0.001,1737.4,src/qp_orbits/ephemeris.py,17AD032EFE76B9CA8C5FFEEB3417AAE200AB9FCCA3048E0286FEB418ACA8596B,not_configured_not_needed_for_observed_range,sensitivity_candidate_unselected,not_run_no_thesis_mask_read,not_run,false,data/computed/chapter4_fig43_fig44_global_manifold_audit.npz,7E077D5557C3392BBE54C7D2CBCB7CF13EF649D2855A0D8B02BF2BB0047ADBB6,data/computed/chapter4_fig43_fig46_camera_holdout_protocol.csv,6D2FD58CFCA4E74CC533B757E852D7AC772D036E0E385C30A1057EB9861D01C1,8BBD1CC9F646E5DB0F15812BCADFEDA1954813E6E4DBDF43E380C1E1E97989A2
chapter4_epsilon_state_sensitivity_v1,halo,4,6.36396103067893e-07,minus_x,1,4.4,d,3,2.99861814831875,13.02,9,121,164,DOP853_independent_per_epsilon_sign,1e-12,1e-14,0.01,8261,true,0.606478917295969,0.874584338762306,-0.097401190250234,0.222481942160993,-0.0842388087280792,0.0868054703602704,0.809034099059474,0.0379015783285822,-0.0102508062198492,0.045854899265466,0.0394530639670698,0.448960987833655,0.666706348621398,0.73623658906104,0.014268891041346,0.197254753968649,0.322819404565304,0.363317227601622,2.22044604925031e-15,0.658042926927305,0.11765073041652,43487.5407721103,false,body_radius_clear_operational_altitude_not_assessed,915,6.61469003562228e-05,pass,pass,1e-10,0.001,1737.4,src/qp_orbits/ephemeris.py,17AD032EFE76B9CA8C5FFEEB3417AAE200AB9FCCA3048E0286FEB418ACA8596B,not_configured_not_needed_for_observed_range,sensitivity_candidate_unselected,not_run_no_thesis_mask_read,not_run,false,data/computed/chapter4_fig43_fig44_global_manifold_audit.npz,7E077D5557C3392BBE54C7D2CBCB7CF13EF649D2855A0D8B02BF2BB0047ADBB6,data/computed/chapter4_fig43_fig46_camera_holdout_protocol.csv,6D2FD58CFCA4E74CC533B757E852D7AC772D036E0E385C30A1057EB9861D01C1,8BBD1CC9F646E5DB0F15812BCADFEDA1954813E6E4DBDF43E380C1E1E97989A2
chapter4_epsilon_state_sensitivity_v1,halo,5,9e-07,plus_x,-1,4.3,a,0,1.79410409949332,7.79,9,121,97,DOP853_independent_per_epsilon_sign,1e-12,1e-14,0.01,10157,true,0.827236051825243,0.876006059117447,-0.0981562744770063,0.0981973001061178,-0.0816936998676307,0.0689001901243899,0.855461739910803,-0.00107788419495775,-0.00893594626641797,0.0361889206331708,0.00297468179492175,0.047780624259654,0.0973952298987423,0.111321746286607,0.00108586578600606,0.0168127846867717,0.0328624628400156,0.0376325132724923,1.77635683940025e-15,0.831710198207003,0.11726634637992,43339.7835484412,false,body_radius_clear_operational_altitude_not_assessed,873,6.85982407533832e-05,pass,pass,1e-10,0.001,1737.4,src/qp_orbits/ephemeris.py,17AD032EFE76B9CA8C5FFEEB3417AAE200AB9FCCA3048E0286FEB418ACA8596B,not_configured_not_needed_for_observed_range,sensitivity_candidate_unselected,not_run_no_thesis_mask_read,not_run,false,data/computed/chapter4_fig43_fig44_global_manifold_audit.npz,7E077D5557C3392BBE54C7D2CBCB7CF13EF649D2855A0D8B02BF2BB0047ADBB6,data/computed/chapter4_fig43_fig46_camera_holdout_protocol.csv,6D2FD58CFCA4E74CC533B757E852D7AC772D036E0E385C30A1057EB9861D01C1,8BBD1CC9F646E5DB0F15812BCADFEDA1954813E6E4DBDF43E380C1E1E97989A2
chapter4_epsilon_state_sensitivity_v1,halo,5,9e-07,plus_x,-1,4.3,b,1,2.24550898203593,9.75,9,121,122,DOP853_independent_per_epsilon_sign,1e-12,1e-14,0.01,10157,true,0.827327524724896,1.00857231301352,-0.0981335112484206,0.0954747879730439,-0.0817025266373012,0.0688887272461264,0.866480604789605,-0.00755913042039403,-0.00685761466927278,0.0433798537804818,0.00837317316298531,0.189756496703268,1.03524177854748,1.49727897444603,0.00313443913946364,0.0580416617602652,0.156218059701787,0.170669258586389,3.94129173741931e-12,0.831710198207003,0.0114963356243717,2681.79141400848,false,body_radius_clear_operational_altitude_not_assessed,915,9.3577721624722e-05,pass,pass,1e-10,0.001,1737.4,src/qp_orbits/ephemeris.py,17AD032EFE76B9CA8C5FFEEB3417AAE200AB9FCCA3048E0286FEB418ACA8596B,not_configured_not_needed_for_observed_range,sensitivity_candidate_unselected,not_run_no_thesis_mask_read,not_run,false,data/computed/chapter4_fig43_fig44_global_manifold_audit.npz,7E077D5557C3392BBE54C7D2CBCB7CF13EF649D2855A0D8B02BF2BB0047ADBB6,data/computed/chapter4_fig43_fig46_camera_holdout_protocol.csv,6D2FD58CFCA4E74CC533B757E852D7AC772D036E0E385C30A1057EB9861D01C1,8BBD1CC9F646E5DB0F15812BCADFEDA1954813E6E4DBDF43E380C1E1E97989A2
chapter4_epsilon_state_sensitivity_v1,halo,5,9e-07,plus_x,-1,4.3,c,2,2.62321510824505,11.39,9,121,143,DOP853_independent_per_epsilon_sign,1e-12,1e-14,0.01,10157,true,0.827319060719456,1.00848529031242,-0.0981454729824624,0.112965948907747,-0.0817055292666279,0.0688821011520086,0.881785779780273,-0.00711221894740572,-0.0173093365584239,0.0506345345976023,0.0214347900776476,0.448374366987868,1.23560659723527,1.75069389642074,0.00795468507581031,0.142386595992768,0.173239731438423,0.187710486622508,3.48920892179194e-12,0.831710198207003,0.00822597649263515,1424.66536376895,false,body_radius_clear_operational_altitude_not_assessed,915,9.3577721624722e-05,pass,pass,1e-10,0.001,1737.4,src/qp_orbits/ephemeris.py,17AD032EFE76B9CA8C5FFEEB3417AAE200AB9FCCA3048E0286FEB418ACA8596B,not_configured_not_needed_for_observed_range,sensitivity_candidate_unselected,not_run_no_thesis_mask_read,not_run,false,data/computed/chapter4_fig43_fig44_global_manifold_audit.npz,7E077D5557C3392BBE54C7D2CBCB7CF13EF649D2855A0D8B02BF2BB0047ADBB6,data/computed/chapter4_fig43_fig46_camera_holdout_protocol.csv,6D2FD58CFCA4E74CC533B757E852D7AC772D036E0E385C30A1057EB9861D01C1,8BBD1CC9F646E5DB0F15812BCADFEDA1954813E6E4DBDF43E380C1E1E97989A2
chapter4_epsilon_state_sensitivity_v1,halo,5,9e-07,plus_x,-1,4.3,d,3,2.99861814831875,13.02,9,121,164,DOP853_independent_per_epsilon_sign,1e-12,1e-14,0.01,10157,true,0.827314790787527,1.00866353594508,-0.0981542639991284,0.118782697250521,-0.0817004866398145,0.0606941408579512,0.89547143897003,0.00619338074567233,-0.0283483815928869,0.0530421274810847,0.0599122967671788,0.451325273451004,1.19915148342907,1.51451939798896,0.0207052521309995,0.163604112368038,0.202017659829747,0.207127819789335,3.18500781304465e-12,0.831710198207003,0.00963877948494698,1967.74683401362,false,body_radius_clear_operational_altitude_not_assessed,915,9.3577721624722e-05,pass,pass,1e-10,0.001,1737.4,src/qp_orbits/ephemeris.py,17AD032EFE76B9CA8C5FFEEB3417AAE200AB9FCCA3048E0286FEB418ACA8596B,not_configured_not_needed_for_observed_range,sensitivity_candidate_unselected,not_run_no_thesis_mask_read,not_run,false,data/computed/chapter4_fig43_fig44_global_manifold_audit.npz,7E077D5557C3392BBE54C7D2CBCB7CF13EF649D2855A0D8B02BF2BB0047ADBB6,data/computed/chapter4_fig43_fig46_camera_holdout_protocol.csv,6D2FD58CFCA4E74CC533B757E852D7AC772D036E0E385C30A1057EB9861D01C1,8BBD1CC9F646E5DB0F15812BCADFEDA1954813E6E4DBDF43E380C1E1E97989A2
chapter4_epsilon_state_sensitivity_v1,halo,5,9e-07,minus_x,1,4.4,a,0,1.79410409949332,7.79,9,121,97,DOP853_independent_per_epsilon_sign,1e-12,1e-14,0.01,8261,true,0.799352752951418,0.875409520548049,-0.0972689334196906,0.0982672659554101,-0.0846575081385206,0.0690414646365572,0.846514394841688,0.00211042917205456,-0.00951659225006607,0.0374064648437023,0.00295907116036006,0.0448947586463427,0.0828624457450437,0.09167670029065,0.00108283674243768,0.0163175757332423,0.0305932365851125,0.0346662047307658,1.77635683940025e-15,0.814854495041902,0.117650798792674,43487.5670559041,false,body_radius_clear_operational_altitude_not_assessed,873,6.85761896312133e-05,pass,pass,1e-10,0.001,1737.4,src/qp_orbits/ephemeris.py,17AD032EFE76B9CA8C5FFEEB3417AAE200AB9FCCA3048E0286FEB418ACA8596B,not_configured_not_needed_for_observed_range,sensitivity_candidate_unselected,not_run_no_thesis_mask_read,not_run,false,data/computed/chapter4_fig43_fig44_global_manifold_audit.npz,7E077D5557C3392BBE54C7D2CBCB7CF13EF649D2855A0D8B02BF2BB0047ADBB6,data/computed/chapter4_fig43_fig46_camera_holdout_protocol.csv,6D2FD58CFCA4E74CC533B757E852D7AC772D036E0E385C30A1057EB9861D01C1,8BBD1CC9F646E5DB0F15812BCADFEDA1954813E6E4DBDF43E380C1E1E97989A2
chapter4_epsilon_state_sensitivity_v1,halo,5,9e-07,minus_x,1,4.4,b,1,2.24550898203593,9.75,9,121,122,DOP853_independent_per_epsilon_sign,1e-12,1e-14,0.01,8261,true,0.772408720152386,0.875408529182307,-0.097241110761707,0.149195121707961,-0.0846477707918371,0.0690404005237858,0.838808138614902,0.00743473551979884,-0.0104239973399699,0.0384426289066158,0.00829156802083021,0.131554283847671,0.229424632239289,0.258844245583564,0.00311956245197314,0.049754306401118,0.0907577859222801,0.101228359558492,2.22044604925031e-15,0.794802608174191,0.117650798792674,43487.5670559041,false,body_radius_clear_operational_altitude_not_assessed,915,9.35389823191212e-05,pass,pass,1e-10,0.001,1737.4,src/qp_orbits/ephemeris.py,17AD032EFE76B9CA8C5FFEEB3417AAE200AB9FCCA3048E0286FEB418ACA8596B,not_configured_not_needed_for_observed_range,sensitivity_candidate_unselected,not_run_no_thesis_mask_read,not_run,false,data/computed/chapter4_fig43_fig44_global_manifold_audit.npz,7E077D5557C3392BBE54C7D2CBCB7CF13EF649D2855A0D8B02BF2BB0047ADBB6,data/computed/chapter4_fig43_fig46_camera_holdout_protocol.csv,6D2FD58CFCA4E74CC533B757E852D7AC772D036E0E385C30A1057EB9861D01C1,8BBD1CC9F646E5DB0F15812BCADFEDA1954813E6E4DBDF43E380C1E1E97989A2
chapter4_epsilon_state_sensitivity_v1,halo,5,9e-07,minus_x,1,4.4,c,2,2.62321510824505,11.39,9,121,143,DOP853_independent_per_epsilon_sign,1e-12,1e-14,0.01,8261,true,0.700871317056525,0.875409802032678,-0.0972640384860499,0.197646099954816,-0.0846471545693952,0.069016813920751,0.824218278375878,0.0204129203235326,-0.0118033656207839,0.0407275573790297,0.0211037022215993,0.28831092456046,0.466590619903076,0.523046283477733,0.00787286536066907,0.119434254891762,0.202195609142061,0.230108273849958,2.22044604925031e-15,0.737150846988597,0.117650798792674,43487.5670559041,false,body_radius_clear_operational_altitude_not_assessed,915,9.35389823191212e-05,pass,pass,1e-10,0.001,1737.4,src/qp_orbits/ephemeris.py,17AD032EFE76B9CA8C5FFEEB3417AAE200AB9FCCA3048E0286FEB418ACA8596B,not_configured_not_needed_for_observed_range,sensitivity_candidate_unselected,not_run_no_thesis_mask_read,not_run,false,data/computed/chapter4_fig43_fig44_global_manifold_audit.npz,7E077D5557C3392BBE54C7D2CBCB7CF13EF649D2855A0D8B02BF2BB0047ADBB6,data/computed/chapter4_fig43_fig46_camera_holdout_protocol.csv,6D2FD58CFCA4E74CC533B757E852D7AC772D036E0E385C30A1057EB9861D01C1,8BBD1CC9F646E5DB0F15812BCADFEDA1954813E6E4DBDF43E380C1E1E97989A2
chapter4_epsilon_state_sensitivity_v1,halo,5,9e-07,minus_x,1,4.4,d,3,2.99861814831875,13.02,9,121,164,DOP853_independent_per_epsilon_sign,1e-12,1e-14,0.01,8261,true,0.537349885397422,0.874435100510894,-0.0972693902145518,0.282066419025073,-0.0846548261000432,0.0826044812794784,0.795441490300462,0.0494102477331941,-0.0115332573974772,0.0527149114445763,0.055180204045359,0.55455651836325,0.798194191163686,0.877054493095094,0.0201013309796162,0.254723971618598,0.405990077587672,0.454772481106772,2.66453525910038e-15,0.616621361887322,0.117650798792674,43487.5670559041,false,body_radius_clear_operational_altitude_not_assessed,915,9.35389823191212e-05,pass,pass,1e-10,0.001,1737.4,src/qp_orbits/ephemeris.py,17AD032EFE76B9CA8C5FFEEB3417AAE200AB9FCCA3048E0286FEB418ACA8596B,not_configured_not_needed_for_observed_range,sensitivity_candidate_unselected,not_run_no_thesis_mask_read,not_run,false,data/computed/chapter4_fig43_fig44_global_manifold_audit.npz,7E077D5557C3392BBE54C7D2CBCB7CF13EF649D2855A0D8B02BF2BB0047ADBB6,data/computed/chapter4_fig43_fig46_camera_holdout_protocol.csv,6D2FD58CFCA4E74CC533B757E852D7AC772D036E0E385C30A1057EB9861D01C1,8BBD1CC9F646E5DB0F15812BCADFEDA1954813E6E4DBDF43E380C1E1E97989A2
chapter4_epsilon_state_sensitivity_v1,halo,6,1.27279220613579e-06,plus_x,-1,4.3,a,0,1.79410409949332,7.79,9,121,97,DOP853_independent_per_epsilon_sign,1e-12,1e-14,0.01,12302,true,0.827245873795586,0.889006152347542,-0.0983354962127325,0.0981828060034918,-0.0810751763810391,0.068870679402068,0.857406066900925,-0.00172276222787672,-0.00875160920587535,0.0366725872990497,0.00421052885829891,0.0686190792736164,0.145096360417812,0.168089796634262,0.00153653450224316,0.0239439390232692,0.0474040165773943,0.0545260183432183,1.77635683940025e-15,0.831713618915388,0.115375088649357,42612.7840768129,false,body_radius_clear_operational_altitude_not_assessed,873,9.70205725260626e-05,pass,pass,1e-10,0.001,1737.4,src/qp_orbits/ephemeris.py,17AD032EFE76B9CA8C5FFEEB3417AAE200AB9FCCA3048E0286FEB418ACA8596B,not_configured_not_needed_for_observed_range,sensitivity_candidate_unselected,not_run_no_thesis_mask_read,not_run,false,data/computed/chapter4_fig43_fig44_global_manifold_audit.npz,7E077D5557C3392BBE54C7D2CBCB7CF13EF649D2855A0D8B02BF2BB0047ADBB6,data/computed/chapter4_fig43_fig46_camera_holdout_protocol.csv,6D2FD58CFCA4E74CC533B757E852D7AC772D036E0E385C30A1057EB9861D01C1,8BBD1CC9F646E5DB0F15812BCADFEDA1954813E6E4DBDF43E380C1E1E97989A2
chapter4_epsilon_state_sensitivity_v1,halo,6,1.27279220613579e-06,plus_x,-1,4.3,b,1,2.24550898203593,9.75,9,121,122,DOP853_independent_per_epsilon_sign,1e-12,1e-14,0.01,12302,true,0.830484863305967,0.999023668885416,-0.0983144915626455,0.0954544728724549,-0.0810667085167112,0.0688570449241171,0.872260020414863,-0.00892291249449668,-0.00830988409940848,0.0481803236385523,0.0118612855065186,0.320428631596343,1.16386158020046,2.00854330182735,0.00443708605604045,0.0873450758981674,0.158363200145915,0.168977781951461,4.6127546227126e-12,0.831713618915388,0.00630943585633072,687.947143173527,false,body_radius_clear_operational_altitude_not_assessed,915,0.000132349234487167,pass,pass,1e-10,0.001,1737.4,src/qp_orbits/ephemeris.py,17AD032EFE76B9CA8C5FFEEB3417AAE200AB9FCCA3048E0286FEB418ACA8596B,not_configured_not_needed_for_observed_range,sensitivity_candidate_unselected,not_run_no_thesis_mask_read,not_run,false,data/computed/chapter4_fig43_fig44_global_manifold_audit.npz,7E077D5557C3392BBE54C7D2CBCB7CF13EF649D2855A0D8B02BF2BB0047ADBB6,data/computed/chapter4_fig43_fig46_camera_holdout_protocol.csv,6D2FD58CFCA4E74CC533B757E852D7AC772D036E0E385C30A1057EB9861D01C1,8BBD1CC9F646E5DB0F15812BCADFEDA1954813E6E4DBDF43E380C1E1E97989A2
chapter4_epsilon_state_sensitivity_v1,halo,6,1.27279220613579e-06,plus_x,-1,4.3,c,2,2.62321510824505,11.39,9,121,143,DOP853_independent_per_epsilon_sign,1e-12,1e-14,0.01,12302,true,0.830483682035267,0.999019109343043,-0.0983235982208806,0.115397506331774,-0.0810601816134454,0.0688539606145379,0.883603785395232,-0.00582347257368954,-0.0194256501175521,0.0503037602385079,0.0304189139079181,0.420782004905256,1.14595580515144,1.81523413367964,0.0112647714314926,0.133727388518072,0.162061549672229,0.169287545958126,1.59610102912211e-11,0.831713618915388,0.00745278653733527,1127.45114495168,false,body_radius_clear_operational_altitude_not_assessed,915,0.000132349234487167,pass,pass,1e-10,0.001,1737.4,src/qp_orbits/ephemeris.py,17AD032EFE76B9CA8C5FFEEB3417AAE200AB9FCCA3048E0286FEB418ACA8596B,not_configured_not_needed_for_observed_range,sensitivity_candidate_unselected,not_run_no_thesis_mask_read,not_run,false,data/computed/chapter4_fig43_fig44_global_manifold_audit.npz,7E077D5557C3392BBE54C7D2CBCB7CF13EF649D2855A0D8B02BF2BB0047ADBB6,data/computed/chapter4_fig43_fig46_camera_holdout_protocol.csv,6D2FD58CFCA4E74CC533B757E852D7AC772D036E0E385C30A1057EB9861D01C1,8BBD1CC9F646E5DB0F15812BCADFEDA1954813E6E4DBDF43E380C1E1E97989A2
chapter4_epsilon_state_sensitivity_v1,halo,6,1.27279220613579e-06,plus_x,-1,4.3,d,3,2.99861814831875,13.02,9,121,164,DOP853_independent_per_epsilon_sign,1e-12,1e-14,0.01,12302,true,0.830488023648305,0.998573660508123,-0.0983330275535165,0.115400399092608,-0.0810709342866992,0.0606090617432772,0.895082266992142,0.00453737110130273,-0.02846147083041,0.0556337622508173,0.0865963163539018,0.45081704235088,1.20674719162758,2.21288502633027,0.0294949910806151,0.145821691062483,0.170837087078801,0.172589509179692,9.9165120559519e-12,0.831713618915388,0.00475750038278515,91.3831471426124,false,body_radius_clear_operational_altitude_not_assessed,915,0.000132349234487167,pass,pass,1e-10,0.001,1737.4,src/qp_orbits/ephemeris.py,17AD032EFE76B9CA8C5FFEEB3417AAE200AB9FCCA3048E0286FEB418ACA8596B,not_configured_not_needed_for_observed_range,sensitivity_candidate_unselected,not_run_no_thesis_mask_read,not_run,false,data/computed/chapter4_fig43_fig44_global_manifold_audit.npz,7E077D5557C3392BBE54C7D2CBCB7CF13EF649D2855A0D8B02BF2BB0047ADBB6,data/computed/chapter4_fig43_fig46_camera_holdout_protocol.csv,6D2FD58CFCA4E74CC533B757E852D7AC772D036E0E385C30A1057EB9861D01C1,8BBD1CC9F646E5DB0F15812BCADFEDA1954813E6E4DBDF43E380C1E1E97989A2
chapter4_epsilon_state_sensitivity_v1,halo,6,1.27279220613579e-06,minus_x,1,4.4,a,0,1.79410409949332,7.79,9,121,97,DOP853_independent_per_epsilon_sign,1e-12,1e-14,0.01,8261,true,0.787944065365557,0.875322085821516,-0.0970807052447247,0.0992813950496896,-0.0852209583469137,0.0690704735093041,0.844732215880817,0.00278444409512249,-0.00958882902126565,0.0384387741761612,0.0041791143955367,0.0628373960858687,0.114297555772158,0.126230663822739,0.00153047646779447,0.0229495484893445,0.0427616724435872,0.0484092655295867,1.77635683940025e-15,0.803830807604206,0.117650895491224,43487.6042268265,false,body_radius_clear_operational_altitude_not_assessed,873,9.69739377689611e-05,pass,pass,1e-10,0.001,1737.4,src/qp_orbits/ephemeris.py,17AD032EFE76B9CA8C5FFEEB3417AAE200AB9FCCA3048E0286FEB418ACA8596B,not_configured_not_needed_for_observed_range,sensitivity_candidate_unselected,not_run_no_thesis_mask_read,not_run,false,data/computed/chapter4_fig43_fig44_global_manifold_audit.npz,7E077D5557C3392BBE54C7D2CBCB7CF13EF649D2855A0D8B02BF2BB0047ADBB6,data/computed/chapter4_fig43_fig46_camera_holdout_protocol.csv,6D2FD58CFCA4E74CC533B757E852D7AC772D036E0E385C30A1057EB9861D01C1,8BBD1CC9F646E5DB0F15812BCADFEDA1954813E6E4DBDF43E380C1E1E97989A2
chapter4_epsilon_state_sensitivity_v1,halo,6,1.27279220613579e-06,minus_x,1,4.4,b,1,2.24550898203593,9.75,9,121,122,DOP853_independent_per_epsilon_sign,1e-12,1e-14,0.01,8261,true,0.742988717645381,0.875324812029741,-0.0970554427261248,0.168322267849988,-0.0852345052595271,0.0690715452551721,0.834030849591047,0.0100459159258454,-0.0109034825899443,0.041770066825739,0.0117025669586375,0.178690258785567,0.29964145241741,0.338985414193512,0.00440733586130735,0.0689789794736535,0.123538007146051,0.137132291689838,1.77635683940025e-15,0.769425143624057,0.117650895491224,43487.6042268265,false,body_radius_clear_operational_altitude_not_assessed,915,0.000132273383091948,pass,pass,1e-10,0.001,1737.4,src/qp_orbits/ephemeris.py,17AD032EFE76B9CA8C5FFEEB3417AAE200AB9FCCA3048E0286FEB418ACA8596B,not_configured_not_needed_for_observed_range,sensitivity_candidate_unselected,not_run_no_thesis_mask_read,not_run,false,data/computed/chapter4_fig43_fig44_global_manifold_audit.npz,7E077D5557C3392BBE54C7D2CBCB7CF13EF649D2855A0D8B02BF2BB0047ADBB6,data/computed/chapter4_fig43_fig46_camera_holdout_protocol.csv,6D2FD58CFCA4E74CC533B757E852D7AC772D036E0E385C30A1057EB9861D01C1,8BBD1CC9F646E5DB0F15812BCADFEDA1954813E6E4DBDF43E380C1E1E97989A2
chapter4_epsilon_state_sensitivity_v1,halo,6,1.27279220613579e-06,minus_x,1,4.4,c,2,2.62321510824505,11.39,9,121,143,DOP853_independent_per_epsilon_sign,1e-12,1e-14,0.01,8261,true,0.646547282897451,0.875324319093197,-0.0970771571256759,0.239413051674417,-0.0852339264994477,0.0690492912173621,0.81446660404891,0.0271982766938039,-0.0128006893341562,0.0472529300449795,0.0297558938035462,0.37409210028842,0.580608194415189,0.645109889536616,0.0111085763774002,0.160914781883631,0.265316724835093,0.298296387572219,2.22044604925031e-15,0.699332714156273,0.117650895491224,43487.6042268265,false,body_radius_clear_operational_altitude_not_assessed,915,0.000132273383091948,pass,pass,1e-10,0.001,1737.4,src/qp_orbits/ephemeris.py,17AD032EFE76B9CA8C5FFEEB3417AAE200AB9FCCA3048E0286FEB418ACA8596B,not_configured_not_needed_for_observed_range,sensitivity_candidate_unselected,not_run_no_thesis_mask_read,not_run,false,data/computed/chapter4_fig43_fig44_global_manifold_audit.npz,7E077D5557C3392BBE54C7D2CBCB7CF13EF649D2855A0D8B02BF2BB0047ADBB6,data/computed/chapter4_fig43_fig46_camera_holdout_protocol.csv,6D2FD58CFCA4E74CC533B757E852D7AC772D036E0E385C30A1057EB9861D01C1,8BBD1CC9F646E5DB0F15812BCADFEDA1954813E6E4DBDF43E380C1E1E97989A2
chapter4_epsilon_state_sensitivity_v1,halo,6,1.27279220613579e-06,minus_x,1,4.4,d,3,2.99861814831875,13.02,9,121,164,DOP853_independent_per_epsilon_sign,1e-12,1e-14,0.01,8261,true,0.448389020085858,0.874224369525119,-0.0970817244714141,0.348229420677968,-0.0852278717382813,0.0765800371132417,0.777392190904565,0.0635523071320278,-0.0130890744623773,0.0625745217363378,0.076876848843156,0.671434300882099,0.943640648365085,1.03277082528801,0.0282787595736774,0.327783691702836,0.507499324533699,0.564533278170817,2.22044604925031e-15,0.573479318647279,0.117650895491224,43487.6042268265,false,body_radius_clear_operational_altitude_not_assessed,915,0.000132273383091948,pass,pass,1e-10,0.001,1737.4,src/qp_orbits/ephemeris.py,17AD032EFE76B9CA8C5FFEEB3417AAE200AB9FCCA3048E0286FEB418ACA8596B,not_configured_not_needed_for_observed_range,sensitivity_candidate_unselected,not_run_no_thesis_mask_read,not_run,false,data/computed/chapter4_fig43_fig44_global_manifold_audit.npz,7E077D5557C3392BBE54C7D2CBCB7CF13EF649D2855A0D8B02BF2BB0047ADBB6,data/computed/chapter4_fig43_fig46_camera_holdout_protocol.csv,6D2FD58CFCA4E74CC533B757E852D7AC772D036E0E385C30A1057EB9861D01C1,8BBD1CC9F646E5DB0F15812BCADFEDA1954813E6E4DBDF43E380C1E1E97989A2
chapter4_epsilon_state_sensitivity_v1,vertical,0,1.59099025766973e-07,plus_x,1,4.5,a,0,1.85398433901428,8.05,33,121,97,DOP853_independent_per_epsilon_sign,1e-12,1e-14,0.01,13451,true,0.81391812399516,0.883386580083211,-0.108602646139356,0.107367042132144,-0.0917038729758476,0.0925890200018661,0.852392674410521,-0.000734826972790921,-0.000138243348269268,0.131801050443216,0.000746343542129543,0.0159150775514757,0.0315699699712797,0.0426323200323881,0.000278718063023966,0.0060799078961073,0.0116303981465603,0.0143547769371113,1.77635683940025e-15,0.826058759177834,0.112097046418819,41352.704643394,false,body_radius_clear_operational_altitude_not_assessed,3106,2.55364310587902e-05,pass,pass,1e-10,0.001,1737.4,src/qp_orbits/ephemeris.py,17AD032EFE76B9CA8C5FFEEB3417AAE200AB9FCCA3048E0286FEB418ACA8596B,not_configured_not_needed_for_observed_range,sensitivity_candidate_unselected,not_run_no_thesis_mask_read,not_run,false,data/computed/chapter4_fig45_fig48_vertical_manifold_audit.npz,4C494631B23964D9741D08D758D62EDC4F6FF1B97F5C164D48583F9A7BF09CA7,data/computed/chapter4_fig43_fig46_camera_holdout_protocol.csv,6D2FD58CFCA4E74CC533B757E852D7AC772D036E0E385C30A1057EB9861D01C1,8BBD1CC9F646E5DB0F15812BCADFEDA1954813E6E4DBDF43E380C1E1E97989A2
chapter4_epsilon_state_sensitivity_v1,vertical,0,1.59099025766973e-07,plus_x,1,4.5,b,1,2.32151082450484,10.08,33,121,122,DOP853_independent_per_epsilon_sign,1e-12,1e-14,0.01,13451,true,0.814555471619316,0.922003512882764,-0.108585373008487,0.107375550779575,-0.0917088500256027,0.0925773828352768,0.855811778976864,-0.00251617713380444,0.000821422786727377,0.132848350911311,0.00297914035815804,0.0580750030954142,0.152989495718764,0.188250316948712,0.000973838555113944,0.0196730266421251,0.0435466415245849,0.0538703447151069,2.22044604925031e-15,0.826058759177834,0.0836262537891592,30408.5319565528,false,body_radius_clear_operational_altitude_not_assessed,3106,2.55364310587902e-05,pass,pass,1e-10,0.001,1737.4,src/qp_orbits/ephemeris.py,17AD032EFE76B9CA8C5FFEEB3417AAE200AB9FCCA3048E0286FEB418ACA8596B,not_configured_not_needed_for_observed_range,sensitivity_candidate_unselected,not_run_no_thesis_mask_read,not_run,false,data/computed/chapter4_fig45_fig48_vertical_manifold_audit.npz,4C494631B23964D9741D08D758D62EDC4F6FF1B97F5C164D48583F9A7BF09CA7,data/computed/chapter4_fig43_fig46_camera_holdout_protocol.csv,6D2FD58CFCA4E74CC533B757E852D7AC772D036E0E385C30A1057EB9861D01C1,8BBD1CC9F646E5DB0F15812BCADFEDA1954813E6E4DBDF43E380C1E1E97989A2
chapter4_epsilon_state_sensitivity_v1,vertical,0,1.59099025766973e-07,plus_x,1,4.5,c,2,2.71073238139106,11.77,33,121,143,DOP853_independent_per_epsilon_sign,1e-12,1e-14,0.01,13451,true,0.814556141779204,1.0121000533745,-0.108583992770497,0.107376740585914,-0.091708784081246,0.0925785885416718,0.866774141756854,-0.00597670032233226,0.000837320265878299,0.148534815674994,0.00776349670236507,0.211298416867344,0.528696668955936,1.16278039753181,0.00278394183444702,0.0617505353493276,0.137232678048458,0.170043409889238,1.7519319328585e-12,0.826058759177834,0.0172136712410195,4879.53522504789,false,body_radius_clear_operational_altitude_not_assessed,3106,2.55364310587902e-05,pass,pass,1e-10,0.001,1737.4,src/qp_orbits/ephemeris.py,17AD032EFE76B9CA8C5FFEEB3417AAE200AB9FCCA3048E0286FEB418ACA8596B,not_configured_not_needed_for_observed_range,sensitivity_candidate_unselected,not_run_no_thesis_mask_read,not_run,false,data/computed/chapter4_fig45_fig48_vertical_manifold_audit.npz,4C494631B23964D9741D08D758D62EDC4F6FF1B97F5C164D48583F9A7BF09CA7,data/computed/chapter4_fig43_fig46_camera_holdout_protocol.csv,6D2FD58CFCA4E74CC533B757E852D7AC772D036E0E385C30A1057EB9861D01C1,8BBD1CC9F646E5DB0F15812BCADFEDA1954813E6E4DBDF43E380C1E1E97989A2
chapter4_epsilon_state_sensitivity_v1,vertical,0,1.59099025766973e-07,plus_x,1,4.5,d,3,3.09995393827729,13.46,33,121,164,DOP853_independent_per_epsilon_sign,1e-12,1e-14,0.01,13451,true,0.81455683520076,1.09128437171116,-0.108582567679672,0.104682472468607,-0.0917086827254223,0.0893805950476274,0.884722076101266,-0.00622507380022893,-0.00582180006433298,0.189984265120743,0.0187735113548128,0.379236255884961,0.84752508019009,2.64270888156181,0.00715990018098125,0.135411167942167,0.2359806594993,0.257545806790821,2.64623878365455e-11,0.826058759177834,0.00351545387544535,-386.059530278807,true,moon_body_intersection_mathematical_cr3bp_only,3106,2.55364310587902e-05,pass,pass,1e-10,0.001,1737.4,src/qp_orbits/ephemeris.py,17AD032EFE76B9CA8C5FFEEB3417AAE200AB9FCCA3048E0286FEB418ACA8596B,not_configured_not_needed_for_observed_range,sensitivity_candidate_unselected,not_run_no_thesis_mask_read,not_run,false,data/computed/chapter4_fig45_fig48_vertical_manifold_audit.npz,4C494631B23964D9741D08D758D62EDC4F6FF1B97F5C164D48583F9A7BF09CA7,data/computed/chapter4_fig43_fig46_camera_holdout_protocol.csv,6D2FD58CFCA4E74CC533B757E852D7AC772D036E0E385C30A1057EB9861D01C1,8BBD1CC9F646E5DB0F15812BCADFEDA1954813E6E4DBDF43E380C1E1E97989A2
chapter4_epsilon_state_sensitivity_v1,vertical,0,1.59099025766973e-07,minus_x,-1,4.6,a,0,1.85398433901428,8.05,33,121,97,DOP853_independent_per_epsilon_sign,1e-12,1e-14,0.01,8303,true,0.812499308222867,0.875832596301004,-0.107425556022458,0.110367027839955,-0.0928639456191647,0.0926225199003976,0.849474588906649,0.000743467933147908,-0.000387478980335288,0.132220954835991,0.000745835429045399,0.0155983969122065,0.029450379182115,0.0376672034656258,0.000278424350879196,0.00599098556246739,0.0112823803552829,0.0137423780956679,2.22044604925031e-15,0.825413557616206,0.112668737769194,41572.462798478,false,body_radius_clear_operational_altitude_not_assessed,3106,2.55345559190761e-05,pass,pass,1e-10,0.001,1737.4,src/qp_orbits/ephemeris.py,17AD032EFE76B9CA8C5FFEEB3417AAE200AB9FCCA3048E0286FEB418ACA8596B,not_configured_not_needed_for_observed_range,sensitivity_candidate_unselected,not_run_no_thesis_mask_read,not_run,false,data/computed/chapter4_fig45_fig48_vertical_manifold_audit.npz,4C494631B23964D9741D08D758D62EDC4F6FF1B97F5C164D48583F9A7BF09CA7,data/computed/chapter4_fig43_fig46_camera_holdout_protocol.csv,6D2FD58CFCA4E74CC533B757E852D7AC772D036E0E385C30A1057EB9861D01C1,8BBD1CC9F646E5DB0F15812BCADFEDA1954813E6E4DBDF43E380C1E1E97989A2
chapter4_epsilon_state_sensitivity_v1,vertical,0,1.59099025766973e-07,minus_x,-1,4.6,b,1,2.32151082450484,10.08,33,121,122,DOP853_independent_per_epsilon_sign,1e-12,1e-14,0.01,8303,true,0.779911421570307,0.875803149853148,-0.107422348177612,0.110380467754074,-0.0928572982839912,0.0926075247211571,0.846371620738236,0.00252350917073028,-0.000569617184483163,0.133738468266803,0.00295905396668162,0.0519149514842483,0.106850732438358,0.125963305892006,0.000971457713276807,0.0186534651978087,0.0372377609484738,0.0442138714510483,2.22044604925031e-15,0.792433829752664,0.112668737769194,41572.462798478,false,body_radius_clear_operational_altitude_not_assessed,3106,2.55345559190761e-05,pass,pass,1e-10,0.001,1737.4,src/qp_orbits/ephemeris.py,17AD032EFE76B9CA8C5FFEEB3417AAE200AB9FCCA3048E0286FEB418ACA8596B,not_configured_not_needed_for_observed_range,sensitivity_candidate_unselected,not_run_no_thesis_mask_read,not_run,false,data/computed/chapter4_fig45_fig48_vertical_manifold_audit.npz,4C494631B23964D9741D08D758D62EDC4F6FF1B97F5C164D48583F9A7BF09CA7,data/computed/chapter4_fig43_fig46_camera_holdout_protocol.csv,6D2FD58CFCA4E74CC533B757E852D7AC772D036E0E385C30A1057EB9861D01C1,8BBD1CC9F646E5DB0F15812BCADFEDA1954813E6E4DBDF43E380C1E1E97989A2
chapter4_epsilon_state_sensitivity_v1,vertical,0,1.59099025766973e-07,minus_x,-1,4.6,c,2,2.71073238139106,11.77,33,121,143,DOP853_independent_per_epsilon_sign,1e-12,1e-14,0.01,8303,true,0.731573984372935,0.875580539957131,-0.107423734293848,0.147036458288129,-0.0928566110609675,0.0926087855498452,0.838555989345349,0.00678531049037709,-0.000858768061295484,0.143084380972369,0.00766705888054765,0.144948920810169,0.254293039559938,0.29467379232822,0.00275769766160105,0.0513590011117759,0.0983377075019235,0.112577984060515,2.66453525910038e-15,0.750065621432144,0.112668737769194,41572.462798478,false,body_radius_clear_operational_altitude_not_assessed,3106,2.55345559190761e-05,pass,pass,1e-10,0.001,1737.4,src/qp_orbits/ephemeris.py,17AD032EFE76B9CA8C5FFEEB3417AAE200AB9FCCA3048E0286FEB418ACA8596B,not_configured_not_needed_for_observed_range,sensitivity_candidate_unselected,not_run_no_thesis_mask_read,not_run,false,data/computed/chapter4_fig45_fig48_vertical_manifold_audit.npz,4C494631B23964D9741D08D758D62EDC4F6FF1B97F5C164D48583F9A7BF09CA7,data/computed/chapter4_fig43_fig46_camera_holdout_protocol.csv,6D2FD58CFCA4E74CC533B757E852D7AC772D036E0E385C30A1057EB9861D01C1,8BBD1CC9F646E5DB0F15812BCADFEDA1954813E6E4DBDF43E380C1E1E97989A2
chapter4_epsilon_state_sensitivity_v1,vertical,0,1.59099025766973e-07,minus_x,-1,4.6,d,3,3.09995393827729,13.46,33,121,164,DOP853_independent_per_epsilon_sign,1e-12,1e-14,0.01,8303,true,0.587756659712776,0.87558068285577,-0.106251537447311,0.238772506663609,-0.0928558903093454,0.102182224619075,0.819575104899681,0.01782878784733,-0.000306419792544824,0.211672994654185,0.0184279863030781,0.322966957401413,0.559280393876552,0.672725314549031,0.00704508174211748,0.130442196172523,0.231501325354933,0.273276990661424,2.66453525910038e-15,0.60641644067949,0.112668737769194,41572.462798478,false,body_radius_clear_operational_altitude_not_assessed,3106,2.55345559190761e-05,pass,pass,1e-10,0.001,1737.4,src/qp_orbits/ephemeris.py,17AD032EFE76B9CA8C5FFEEB3417AAE200AB9FCCA3048E0286FEB418ACA8596B,not_configured_not_needed_for_observed_range,sensitivity_candidate_unselected,not_run_no_thesis_mask_read,not_run,false,data/computed/chapter4_fig45_fig48_vertical_manifold_audit.npz,4C494631B23964D9741D08D758D62EDC4F6FF1B97F5C164D48583F9A7BF09CA7,data/computed/chapter4_fig43_fig46_camera_holdout_protocol.csv,6D2FD58CFCA4E74CC533B757E852D7AC772D036E0E385C30A1057EB9861D01C1,8BBD1CC9F646E5DB0F15812BCADFEDA1954813E6E4DBDF43E380C1E1E97989A2
chapter4_epsilon_state_sensitivity_v1,vertical,1,2.25e-07,plus_x,1,4.5,a,0,1.85398433901428,8.05,33,121,97,DOP853_independent_per_epsilon_sign,1e-12,1e-14,0.01,12416,true,0.813924555887647,0.887041201749522,-0.109057748173164,0.107337601510259,-0.0914667475683611,0.0925820676235523,0.853009157552554,-0.00104057776772591,-7.99320461936275e-05,0.132107255218647,0.00105563813010224,0.0225898373974787,0.0453104742929031,0.062171116791246,0.000394268072208668,0.00861373510407226,0.0165117778573934,0.0204937690076879,1.77635683940025e-15,0.826058909409569,0.111823051405136,41247.3809601345,false,body_radius_clear_operational_altitude_not_assessed,3106,3.61125499882915e-05,pass,pass,1e-10,0.001,1737.4,src/qp_orbits/ephemeris.py,17AD032EFE76B9CA8C5FFEEB3417AAE200AB9FCCA3048E0286FEB418ACA8596B,not_configured_not_needed_for_observed_range,sensitivity_candidate_unselected,not_run_no_thesis_mask_read,not_run,false,data/computed/chapter4_fig45_fig48_vertical_manifold_audit.npz,4C494631B23964D9741D08D758D62EDC4F6FF1B97F5C164D48583F9A7BF09CA7,data/computed/chapter4_fig43_fig46_camera_holdout_protocol.csv,6D2FD58CFCA4E74CC533B757E852D7AC772D036E0E385C30A1057EB9861D01C1,8BBD1CC9F646E5DB0F15812BCADFEDA1954813E6E4DBDF43E380C1E1E97989A2
chapter4_epsilon_state_sensitivity_v1,vertical,1,2.25e-07,plus_x,1,4.5,b,1,2.32151082450484,10.08,33,121,122,DOP853_independent_per_epsilon_sign,1e-12,1e-14,0.01,12416,true,0.814600946124217,0.947561353453757,-0.10904346035129,0.107347864484778,-0.0914637706076824,0.0925711272744045,0.85803401923275,-0.0035228238668761,0.00115198665552692,0.134422146884135,0.00421795573373551,0.0843870968704718,0.236738034155178,0.297465146859185,0.00137792222209978,0.0282478755181162,0.0645841263401415,0.0796090590595313,2.66453525910038e-15,0.826058909409569,0.0709452123104518,25533.9396121377,false,body_radius_clear_operational_altitude_not_assessed,3106,3.61125499882915e-05,pass,pass,1e-10,0.001,1737.4,src/qp_orbits/ephemeris.py,17AD032EFE76B9CA8C5FFEEB3417AAE200AB9FCCA3048E0286FEB418ACA8596B,not_configured_not_needed_for_observed_range,sensitivity_candidate_unselected,not_run_no_thesis_mask_read,not_run,false,data/computed/chapter4_fig45_fig48_vertical_manifold_audit.npz,4C494631B23964D9741D08D758D62EDC4F6FF1B97F5C164D48583F9A7BF09CA7,data/computed/chapter4_fig43_fig46_camera_holdout_protocol.csv,6D2FD58CFCA4E74CC533B757E852D7AC772D036E0E385C30A1057EB9861D01C1,8BBD1CC9F646E5DB0F15812BCADFEDA1954813E6E4DBDF43E380C1E1E97989A2
chapter4_epsilon_state_sensitivity_v1,vertical,1,2.25e-07,plus_x,1,4.5,c,2,2.71073238139106,11.77,33,121,143,DOP853_independent_per_epsilon_sign,1e-12,1e-14,0.01,12416,true,0.814826714308883,1.06085418058585,-0.109042246743729,0.107349025526409,-0.0914632631706623,0.0925723215428969,0.873587404086872,-0.00716810161628237,-0.000165105795466916,0.162148370460703,0.0110178995140247,0.331099567805863,0.842710476088966,2.2797209186776,0.00394366197376545,0.092873578521287,0.181783007033668,0.203292979976839,3.36339844864142e-11,0.826058909409569,0.00496965505570403,172.935403412631,false,body_radius_clear_operational_altitude_not_assessed,3106,3.61125499882915e-05,pass,pass,1e-10,0.001,1737.4,src/qp_orbits/ephemeris.py,17AD032EFE76B9CA8C5FFEEB3417AAE200AB9FCCA3048E0286FEB418ACA8596B,not_configured_not_needed_for_observed_range,sensitivity_candidate_unselected,not_run_no_thesis_mask_read,not_run,false,data/computed/chapter4_fig45_fig48_vertical_manifold_audit.npz,4C494631B23964D9741D08D758D62EDC4F6FF1B97F5C164D48583F9A7BF09CA7,data/computed/chapter4_fig43_fig46_camera_holdout_protocol.csv,6D2FD58CFCA4E74CC533B757E852D7AC772D036E0E385C30A1057EB9861D01C1,8BBD1CC9F646E5DB0F15812BCADFEDA1954813E6E4DBDF43E380C1E1E97989A2
chapter4_epsilon_state_sensitivity_v1,vertical,1,2.25e-07,plus_x,1,4.5,d,3,3.09995393827729,13.46,33,121,164,DOP853_independent_per_epsilon_sign,1e-12,1e-14,0.01,12416,true,0.814826529342319,1.12953202939002,-0.109040988542687,0.104639764260365,-0.0914627198916108,0.0893677788854105,0.891755921904542,-0.00423824628408448,-0.00811794837485273,0.197255145048737,0.0267041621050017,0.404399970428007,0.83952691705953,2.18250423710901,0.0101769308963305,0.161183684737471,0.279826344640464,0.300197788305339,9.5661256693802e-12,0.826058909409569,0.00541274611631394,343.259607111078,false,body_radius_clear_operational_altitude_not_assessed,3106,3.61125499882915e-05,pass,pass,1e-10,0.001,1737.4,src/qp_orbits/ephemeris.py,17AD032EFE76B9CA8C5FFEEB3417AAE200AB9FCCA3048E0286FEB418ACA8596B,not_configured_not_needed_for_observed_range,sensitivity_candidate_unselected,not_run_no_thesis_mask_read,not_run,false,data/computed/chapter4_fig45_fig48_vertical_manifold_audit.npz,4C494631B23964D9741D08D758D62EDC4F6FF1B97F5C164D48583F9A7BF09CA7,data/computed/chapter4_fig43_fig46_camera_holdout_protocol.csv,6D2FD58CFCA4E74CC533B757E852D7AC772D036E0E385C30A1057EB9861D01C1,8BBD1CC9F646E5DB0F15812BCADFEDA1954813E6E4DBDF43E380C1E1E97989A2
chapter4_epsilon_state_sensitivity_v1,vertical,1,2.25e-07,minus_x,-1,4.6,a,0,1.85398433901428,8.05,33,121,97,DOP853_independent_per_epsilon_sign,1e-12,1e-14,0.01,8303,true,0.80790829994679,0.875829986196748,-0.107414102539278,0.111712048279695,-0.0930983987883491,0.0926294436529256,0.848881560259713,0.00104991995099325,-0.000433057400060291,0.132684304109282,0.00105462189978935,0.0219672212275717,0.041402560307363,0.0521861396852574,0.000393648588195347,0.00843895065886153,0.0158615768889587,0.0192682943914675,2.22044604925031e-15,0.822332322920556,0.112668876198797,41572.5160108174,false,body_radius_clear_operational_altitude_not_assessed,3106,3.6109094642382e-05,pass,pass,1e-10,0.001,1737.4,src/qp_orbits/ephemeris.py,17AD032EFE76B9CA8C5FFEEB3417AAE200AB9FCCA3048E0286FEB418ACA8596B,not_configured_not_needed_for_observed_range,sensitivity_candidate_unselected,not_run_no_thesis_mask_read,not_run,false,data/computed/chapter4_fig45_fig48_vertical_manifold_audit.npz,4C494631B23964D9741D08D758D62EDC4F6FF1B97F5C164D48583F9A7BF09CA7,data/computed/chapter4_fig43_fig46_camera_holdout_protocol.csv,6D2FD58CFCA4E74CC533B757E852D7AC772D036E0E385C30A1057EB9861D01C1,8BBD1CC9F646E5DB0F15812BCADFEDA1954813E6E4DBDF43E380C1E1E97989A2
chapter4_epsilon_state_sensitivity_v1,vertical,1,2.25e-07,minus_x,-1,4.6,b,1,2.32151082450484,10.08,33,121,122,DOP853_independent_per_epsilon_sign,1e-12,1e-14,0.01,8303,true,0.766090998624033,0.875790505871364,-0.107411169594455,0.111704486143351,-0.0930991102786489,0.0926137543544012,0.844590709380399,0.00356244299884006,-0.000814876247561019,0.135512113514643,0.00417894546159341,0.0716293494978263,0.144813638192686,0.167598061058209,0.00137318324566031,0.0261284226050361,0.0515393646307038,0.0605944680436066,1.77635683940025e-15,0.778733930618674,0.112668876198797,41572.5160108174,false,body_radius_clear_operational_altitude_not_assessed,3106,3.6109094642382e-05,pass,pass,1e-10,0.001,1737.4,src/qp_orbits/ephemeris.py,17AD032EFE76B9CA8C5FFEEB3417AAE200AB9FCCA3048E0286FEB418ACA8596B,not_configured_not_needed_for_observed_range,sensitivity_candidate_unselected,not_run_no_thesis_mask_read,not_run,false,data/computed/chapter4_fig45_fig48_vertical_manifold_audit.npz,4C494631B23964D9741D08D758D62EDC4F6FF1B97F5C164D48583F9A7BF09CA7,data/computed/chapter4_fig43_fig46_camera_holdout_protocol.csv,6D2FD58CFCA4E74CC533B757E852D7AC772D036E0E385C30A1057EB9861D01C1,8BBD1CC9F646E5DB0F15812BCADFEDA1954813E6E4DBDF43E380C1E1E97989A2
chapter4_epsilon_state_sensitivity_v1,vertical,1,2.25e-07,minus_x,-1,4.6,c,2,2.71073238139106,11.77,33,121,143,DOP853_independent_per_epsilon_sign,1e-12,1e-14,0.01,8303,true,0.694799103396843,0.875476087706398,-0.107412551281484,0.165563168093907,-0.0930988310372435,0.0926150265776246,0.834022993601041,0.0095616839710939,-0.00134851688128622,0.149294127773615,0.0108142559536894,0.19341827839963,0.334402542154655,0.397260029907315,0.00389433351611617,0.0709079675259928,0.133212200924278,0.152942539637209,2.22044604925031e-15,0.714007763938108,0.112668876198797,41572.5160108174,false,body_radius_clear_operational_altitude_not_assessed,3106,3.6109094642382e-05,pass,pass,1e-10,0.001,1737.4,src/qp_orbits/ephemeris.py,17AD032EFE76B9CA8C5FFEEB3417AAE200AB9FCCA3048E0286FEB418ACA8596B,not_configured_not_needed_for_observed_range,sensitivity_candidate_unselected,not_run_no_thesis_mask_read,not_run,false,data/computed/chapter4_fig45_fig48_vertical_manifold_audit.npz,4C494631B23964D9741D08D758D62EDC4F6FF1B97F5C164D48583F9A7BF09CA7,data/computed/chapter4_fig43_fig46_camera_holdout_protocol.csv,6D2FD58CFCA4E74CC533B757E852D7AC772D036E0E385C30A1057EB9861D01C1,8BBD1CC9F646E5DB0F15812BCADFEDA1954813E6E4DBDF43E380C1E1E97989A2
chapter4_epsilon_state_sensitivity_v1,vertical,1,2.25e-07,minus_x,-1,4.6,d,3,3.09995393827729,13.46,33,121,164,DOP853_independent_per_epsilon_sign,1e-12,1e-14,0.01,8303,true,0.504423395197474,0.875476138606338,-0.105743323577914,0.279938643953417,-0.0930985186152595,0.10162030359617,0.808837557062163,0.0247248907858659,-0.000966848462273869,0.240582204519855,0.0258704633700976,0.423794255263107,0.736430483786661,0.910721621944617,0.00991348335607618,0.174661531647372,0.307482893120801,0.369409416447635,2.66453525910038e-15,0.532302130625143,0.112668876198797,41572.5160108174,false,body_radius_clear_operational_altitude_not_assessed,3106,3.6109094642382e-05,pass,pass,1e-10,0.001,1737.4,src/qp_orbits/ephemeris.py,17AD032EFE76B9CA8C5FFEEB3417AAE200AB9FCCA3048E0286FEB418ACA8596B,not_configured_not_needed_for_observed_range,sensitivity_candidate_unselected,not_run_no_thesis_mask_read,not_run,false,data/computed/chapter4_fig45_fig48_vertical_manifold_audit.npz,4C494631B23964D9741D08D758D62EDC4F6FF1B97F5C164D48583F9A7BF09CA7,data/computed/chapter4_fig43_fig46_camera_holdout_protocol.csv,6D2FD58CFCA4E74CC533B757E852D7AC772D036E0E385C30A1057EB9861D01C1,8BBD1CC9F646E5DB0F15812BCADFEDA1954813E6E4DBDF43E380C1E1E97989A2
chapter4_epsilon_state_sensitivity_v1,vertical,2,3.18198051533946e-07,plus_x,1,4.5,a,0,1.85398433901428,8.05,33,121,97,DOP853_independent_per_epsilon_sign,1e-12,1e-14,0.01,13151,true,0.813933652077542,0.892537221765335,-0.109680195784461,0.107295957052627,-0.0911210122305428,0.0925722270742979,0.853888702292451,-0.00147265201950878,6.93418015039916e-06,0.132771978486841,0.00149319582886469,0.0323688978377627,0.066304797570831,0.0921074740376538,0.000557781923067339,0.0122062325297127,0.0234121736956362,0.0294660316833719,2.22044604925031e-15,0.826059121869367,0.104673460743747,38499.0783098962,false,body_radius_clear_operational_altitude_not_assessed,3106,5.10746333294963e-05,pass,pass,1e-10,0.001,1737.4,src/qp_orbits/ephemeris.py,17AD032EFE76B9CA8C5FFEEB3417AAE200AB9FCCA3048E0286FEB418ACA8596B,not_configured_not_needed_for_observed_range,sensitivity_candidate_unselected,not_run_no_thesis_mask_read,not_run,false,data/computed/chapter4_fig45_fig48_vertical_manifold_audit.npz,4C494631B23964D9741D08D758D62EDC4F6FF1B97F5C164D48583F9A7BF09CA7,data/computed/chapter4_fig43_fig46_camera_holdout_protocol.csv,6D2FD58CFCA4E74CC533B757E852D7AC772D036E0E385C30A1057EB9861D01C1,8BBD1CC9F646E5DB0F15812BCADFEDA1954813E6E4DBDF43E380C1E1E97989A2
chapter4_epsilon_state_sensitivity_v1,vertical,2,3.18198051533946e-07,plus_x,1,4.5,b,1,2.32151082450484,10.08,33,121,122,DOP853_independent_per_epsilon_sign,1e-12,1e-14,0.01,13151,true,0.814612744253247,0.989095383199854,-0.109669642629986,0.107308702094398,-0.0911064370359801,0.0925622729662729,0.861424775230469,-0.00483926968552505,0.00162816350908616,0.137883197528501,0.00597244441756005,0.125299757469421,0.39239782398761,0.500906025584649,0.0019501083737836,0.0405820769250834,0.0969704386440286,0.118737661786273,3.45501405263349e-13,0.826059121869367,0.0515050895523928,18061.1564239398,false,body_radius_clear_operational_altitude_not_assessed,3106,5.10746333294963e-05,pass,pass,1e-10,0.001,1737.4,src/qp_orbits/ephemeris.py,17AD032EFE76B9CA8C5FFEEB3417AAE200AB9FCCA3048E0286FEB418ACA8596B,not_configured_not_needed_for_observed_range,sensitivity_candidate_unselected,not_run_no_thesis_mask_read,not_run,false,data/computed/chapter4_fig45_fig48_vertical_manifold_audit.npz,4C494631B23964D9741D08D758D62EDC4F6FF1B97F5C164D48583F9A7BF09CA7,data/computed/chapter4_fig43_fig46_camera_holdout_protocol.csv,6D2FD58CFCA4E74CC533B757E852D7AC772D036E0E385C30A1057EB9861D01C1,8BBD1CC9F646E5DB0F15812BCADFEDA1954813E6E4DBDF43E380C1E1E97989A2
chapter4_epsilon_state_sensitivity_v1,vertical,2,3.18198051533946e-07,plus_x,1,4.5,c,2,2.71073238139106,11.77,33,121,143,DOP853_independent_per_epsilon_sign,1e-12,1e-14,0.01,13151,true,0.815187159547972,1.10109360466083,-0.109668637579283,0.107309822439485,-0.0911052856916847,0.0925634510463919,0.880450208158533,-0.00678545857480499,-0.00175913174994406,0.172919741870608,0.015648187271436,0.442085336100016,0.859269555571385,3.16160416162674,0.00559553506357987,0.12422841189237,0.22589712424108,0.242663082940493,1.04299235914596e-10,0.826059121869367,0.00266524586748781,-712.879488537688,true,moon_body_intersection_mathematical_cr3bp_only,3106,5.10746333294963e-05,pass,fail,1e-10,0.001,1737.4,src/qp_orbits/ephemeris.py,17AD032EFE76B9CA8C5FFEEB3417AAE200AB9FCCA3048E0286FEB418ACA8596B,not_configured_not_needed_for_observed_range,sensitivity_candidate_unselected,not_run_no_thesis_mask_read,not_run,false,data/computed/chapter4_fig45_fig48_vertical_manifold_audit.npz,4C494631B23964D9741D08D758D62EDC4F6FF1B97F5C164D48583F9A7BF09CA7,data/computed/chapter4_fig43_fig46_camera_holdout_protocol.csv,6D2FD58CFCA4E74CC533B757E852D7AC772D036E0E385C30A1057EB9861D01C1,8BBD1CC9F646E5DB0F15812BCADFEDA1954813E6E4DBDF43E380C1E1E97989A2
chapter4_epsilon_state_sensitivity_v1,vertical,2,3.18198051533946e-07,plus_x,1,4.5,d,3,3.09995393827729,13.46,33,121,164,DOP853_independent_per_epsilon_sign,1e-12,1e-14,0.01,13151,true,0.815186542489358,1.16665132774726,-0.109667588269912,0.104579346551916,-0.0911040978626856,0.0893496376526398,0.898815772175034,-0.00118530648472579,-0.0104892298171599,0.203377943339287,0.0381969201055541,0.447248050296292,0.858636707149921,2.96059038671436,0.0144722593393629,0.189250688510423,0.320998997737745,0.344644377094396,1.03215214153352e-11,0.826059121869367,0.00304256839312771,-567.836709681707,true,moon_body_intersection_mathematical_cr3bp_only,3106,5.10746333294963e-05,pass,pass,1e-10,0.001,1737.4,src/qp_orbits/ephemeris.py,17AD032EFE76B9CA8C5FFEEB3417AAE200AB9FCCA3048E0286FEB418ACA8596B,not_configured_not_needed_for_observed_range,sensitivity_candidate_unselected,not_run_no_thesis_mask_read,not_run,false,data/computed/chapter4_fig45_fig48_vertical_manifold_audit.npz,4C494631B23964D9741D08D758D62EDC4F6FF1B97F5C164D48583F9A7BF09CA7,data/computed/chapter4_fig43_fig46_camera_holdout_protocol.csv,6D2FD58CFCA4E74CC533B757E852D7AC772D036E0E385C30A1057EB9861D01C1,8BBD1CC9F646E5DB0F15812BCADFEDA1954813E6E4DBDF43E380C1E1E97989A2
chapter4_epsilon_state_sensitivity_v1,vertical,2,3.18198051533946e-07,minus_x,-1,4.6,a,0,1.85398433901428,8.05,33,121,97,DOP853_independent_per_epsilon_sign,1e-12,1e-14,0.01,8303,true,0.80145609125481,0.875826295059896,-0.107397894219897,0.113624477544878,-0.0934198162491057,0.0926392269502984,0.848049104840183,0.00148339869856268,-0.000494323665554709,0.133550774245211,0.00149116336625044,0.0308705591258032,0.0578856841007585,0.0717778393474693,0.00055649767117648,0.0118964660791777,0.0222071413817616,0.0269268041688158,2.22044604925031e-15,0.815806564383916,0.112669071967738,41572.5912643984,false,body_radius_clear_operational_altitude_not_assessed,3106,5.10662300358287e-05,pass,pass,1e-10,0.001,1737.4,src/qp_orbits/ephemeris.py,17AD032EFE76B9CA8C5FFEEB3417AAE200AB9FCCA3048E0286FEB418ACA8596B,not_configured_not_needed_for_observed_range,sensitivity_candidate_unselected,not_run_no_thesis_mask_read,not_run,false,data/computed/chapter4_fig45_fig48_vertical_manifold_audit.npz,4C494631B23964D9741D08D758D62EDC4F6FF1B97F5C164D48583F9A7BF09CA7,data/computed/chapter4_fig43_fig46_camera_holdout_protocol.csv,6D2FD58CFCA4E74CC533B757E852D7AC772D036E0E385C30A1057EB9861D01C1,8BBD1CC9F646E5DB0F15812BCADFEDA1954813E6E4DBDF43E380C1E1E97989A2
chapter4_epsilon_state_sensitivity_v1,vertical,2,3.18198051533946e-07,minus_x,-1,4.6,b,1,2.32151082450484,10.08,33,121,122,DOP853_independent_per_epsilon_sign,1e-12,1e-14,0.01,8303,true,0.746938294135333,0.875772626858367,-0.107395350795995,0.113629306666928,-0.0934306162893905,0.0926225568070002,0.842140623369552,0.00502154138416191,-0.00113975055031532,0.138853538985545,0.00589842026872354,0.0980015772796456,0.195165993413497,0.21909447452724,0.00194064582033165,0.0363508007515542,0.0713496701594319,0.0823819016310128,2.22044604925031e-15,0.759698573154123,0.112669071967738,41572.5912643984,false,body_radius_clear_operational_altitude_not_assessed,3106,5.10662300358287e-05,pass,pass,1e-10,0.001,1737.4,src/qp_orbits/ephemeris.py,17AD032EFE76B9CA8C5FFEEB3417AAE200AB9FCCA3048E0286FEB418ACA8596B,not_configured_not_needed_for_observed_range,sensitivity_candidate_unselected,not_run_no_thesis_mask_read,not_run,false,data/computed/chapter4_fig45_fig48_vertical_manifold_audit.npz,4C494631B23964D9741D08D758D62EDC4F6FF1B97F5C164D48583F9A7BF09CA7,data/computed/chapter4_fig43_fig46_camera_holdout_protocol.csv,6D2FD58CFCA4E74CC533B757E852D7AC772D036E0E385C30A1057EB9861D01C1,8BBD1CC9F646E5DB0F15812BCADFEDA1954813E6E4DBDF43E380C1E1E97989A2
chapter4_epsilon_state_sensitivity_v1,vertical,2,3.18198051533946e-07,minus_x,-1,4.6,c,2,2.71073238139106,11.77,33,121,143,DOP853_independent_per_epsilon_sign,1e-12,1e-14,0.01,8303,true,0.645934355108731,0.87533644616747,-0.107396726206898,0.190228678166835,-0.093430896251152,0.0926238451318617,0.82801047690202,0.0134004847066085,-0.00200866664323104,0.158469544241054,0.0152327791011476,0.258571746423625,0.439096605797513,0.530892924961795,0.00549627142588928,0.0969831318627829,0.178396170364044,0.206785601312109,2.22044604925031e-15,0.667974123373579,0.112669071967738,41572.5912643984,false,body_radius_clear_operational_altitude_not_assessed,3106,5.10662300358287e-05,pass,pass,1e-10,0.001,1737.4,src/qp_orbits/ephemeris.py,17AD032EFE76B9CA8C5FFEEB3417AAE200AB9FCCA3048E0286FEB418ACA8596B,not_configured_not_needed_for_observed_range,sensitivity_candidate_unselected,not_run_no_thesis_mask_read,not_run,false,data/computed/chapter4_fig45_fig48_vertical_manifold_audit.npz,4C494631B23964D9741D08D758D62EDC4F6FF1B97F5C164D48583F9A7BF09CA7,data/computed/chapter4_fig43_fig46_camera_holdout_protocol.csv,6D2FD58CFCA4E74CC533B757E852D7AC772D036E0E385C30A1057EB9861D01C1,8BBD1CC9F646E5DB0F15812BCADFEDA1954813E6E4DBDF43E380C1E1E97989A2
chapter4_epsilon_state_sensitivity_v1,vertical,2,3.18198051533946e-07,minus_x,-1,4.6,d,3,3.09995393827729,13.46,33,121,164,DOP853_independent_per_epsilon_sign,1e-12,1e-14,0.01,8303,true,0.393288370509101,0.875336352934662,-0.10500792657019,0.330020484070464,-0.0934311434969938,0.0987534481463775,0.794930948348133,0.0338219300286383,-0.00196021841387068,0.275190955635037,0.0363025516220707,0.548714361007692,0.967880763274476,1.22653422855341,0.0139230013836805,0.232891862735072,0.404658767601502,0.494840553166763,3.5527136788005e-15,0.447926679191853,0.112669071967738,41572.5912643984,false,body_radius_clear_operational_altitude_not_assessed,3106,5.10662300358287e-05,pass,pass,1e-10,0.001,1737.4,src/qp_orbits/ephemeris.py,17AD032EFE76B9CA8C5FFEEB3417AAE200AB9FCCA3048E0286FEB418ACA8596B,not_configured_not_needed_for_observed_range,sensitivity_candidate_unselected,not_run_no_thesis_mask_read,not_run,false,data/computed/chapter4_fig45_fig48_vertical_manifold_audit.npz,4C494631B23964D9741D08D758D62EDC4F6FF1B97F5C164D48583F9A7BF09CA7,data/computed/chapter4_fig43_fig46_camera_holdout_protocol.csv,6D2FD58CFCA4E74CC533B757E852D7AC772D036E0E385C30A1057EB9861D01C1,8BBD1CC9F646E5DB0F15812BCADFEDA1954813E6E4DBDF43E380C1E1E97989A2
chapter4_epsilon_state_sensitivity_v1,vertical,3,4.5e-07,plus_x,1,4.5,a,0,1.85398433901428,8.05,33,121,97,DOP853_independent_per_epsilon_sign,1e-12,1e-14,0.01,15044,true,0.813946516273186,0.901695143042922,-0.110516710567723,0.107237044617035,-0.0906105808790676,0.092558293619255,0.855148914357812,-0.00208294939439298,0.000139308083906042,0.134131327728464,0.00211229427791032,0.0463407662323885,0.0974217408963752,0.140112317451998,0.000789228797763381,0.0173722433508184,0.0334146039759686,0.0428089453165024,1.77635683940025e-15,0.826059422332978,0.0941657314871755,34459.9071836703,false,body_radius_clear_operational_altitude_not_assessed,3106,7.22308760453398e-05,pass,pass,1e-10,0.001,1737.4,src/qp_orbits/ephemeris.py,17AD032EFE76B9CA8C5FFEEB3417AAE200AB9FCCA3048E0286FEB418ACA8596B,not_configured_not_needed_for_observed_range,sensitivity_candidate_unselected,not_run_no_thesis_mask_read,not_run,false,data/computed/chapter4_fig45_fig48_vertical_manifold_audit.npz,4C494631B23964D9741D08D758D62EDC4F6FF1B97F5C164D48583F9A7BF09CA7,data/computed/chapter4_fig43_fig46_camera_holdout_protocol.csv,6D2FD58CFCA4E74CC533B757E852D7AC772D036E0E385C30A1057EB9861D01C1,8BBD1CC9F646E5DB0F15812BCADFEDA1954813E6E4DBDF43E380C1E1E97989A2
chapter4_epsilon_state_sensitivity_v1,vertical,3,4.5e-07,plus_x,1,4.5,b,1,2.32151082450484,10.08,33,121,122,DOP853_independent_per_epsilon_sign,1e-12,1e-14,0.01,15044,true,0.814629429788523,1.04444242922132,-0.110510425807894,0.107253301982882,-0.0906280505900639,0.0925497358534402,0.866785634466043,-0.00617359291382469,0.00219511516012953,0.145272515021934,0.00847622528722786,0.190509329124835,0.641809976687195,1.56364753589277,0.00276256996976996,0.0588020572562826,0.150476705865563,0.169933413818988,1.42175160533498e-11,0.826059422332978,0.0110629088046843,2515.18214452063,false,body_radius_clear_operational_altitude_not_assessed,3106,7.22308760453398e-05,pass,pass,1e-10,0.001,1737.4,src/qp_orbits/ephemeris.py,17AD032EFE76B9CA8C5FFEEB3417AAE200AB9FCCA3048E0286FEB418ACA8596B,not_configured_not_needed_for_observed_range,sensitivity_candidate_unselected,not_run_no_thesis_mask_read,not_run,false,data/computed/chapter4_fig45_fig48_vertical_manifold_audit.npz,4C494631B23964D9741D08D758D62EDC4F6FF1B97F5C164D48583F9A7BF09CA7,data/computed/chapter4_fig43_fig46_camera_holdout_protocol.csv,6D2FD58CFCA4E74CC533B757E852D7AC772D036E0E385C30A1057EB9861D01C1,8BBD1CC9F646E5DB0F15812BCADFEDA1954813E6E4DBDF43E380C1E1E97989A2
chapter4_epsilon_state_sensitivity_v1,vertical,3,4.5e-07,plus_x,1,4.5,c,2,2.71073238139106,11.77,33,121,143,DOP853_independent_per_epsilon_sign,1e-12,1e-14,0.01,15044,true,0.815696253752036,1.12818181758946,-0.110509659342882,0.107254364740113,-0.0906288452877872,0.0925508910142425,0.88700752109624,-0.00467261100031531,-0.00353287883040309,0.181586589746385,0.0222253982266309,0.479895682078377,0.866065126761727,4.09512838105107,0.00793593579334024,0.147415037591377,0.265927513090245,0.288481723579782,4.81192863333035e-11,0.826059422332978,0.0015720996833378,-1133.08488172495,true,moon_body_intersection_mathematical_cr3bp_only,3106,7.22308760453398e-05,pass,pass,1e-10,0.001,1737.4,src/qp_orbits/ephemeris.py,17AD032EFE76B9CA8C5FFEEB3417AAE200AB9FCCA3048E0286FEB418ACA8596B,not_configured_not_needed_for_observed_range,sensitivity_candidate_unselected,not_run_no_thesis_mask_read,not_run,false,data/computed/chapter4_fig45_fig48_vertical_manifold_audit.npz,4C494631B23964D9741D08D758D62EDC4F6FF1B97F5C164D48583F9A7BF09CA7,data/computed/chapter4_fig43_fig46_camera_holdout_protocol.csv,6D2FD58CFCA4E74CC533B757E852D7AC772D036E0E385C30A1057EB9861D01C1,8BBD1CC9F646E5DB0F15812BCADFEDA1954813E6E4DBDF43E380C1E1E97989A2
chapter4_epsilon_state_sensitivity_v1,vertical,3,4.5e-07,plus_x,1,4.5,d,3,3.09995393827729,13.46,33,121,164,DOP853_independent_per_epsilon_sign,1e-12,1e-14,0.01,15044,true,0.815696045311075,1.19529335490249,-0.110508849025091,0.104493864595364,-0.0906296027494607,0.0893239491545477,0.905047779125418,0.0029533926098401,-0.012663786175514,0.20762172569294,0.0550943122239068,0.481579534930347,0.86684198178608,3.71756617134589,0.0205964600616,0.219254686794476,0.353795759826185,0.379561561846977,4.52993198507556e-11,0.826059422332978,0.00192178057800664,-998.667545814247,true,moon_body_intersection_mathematical_cr3bp_only,3106,7.22308760453398e-05,pass,pass,1e-10,0.001,1737.4,src/qp_orbits/ephemeris.py,17AD032EFE76B9CA8C5FFEEB3417AAE200AB9FCCA3048E0286FEB418ACA8596B,not_configured_not_needed_for_observed_range,sensitivity_candidate_unselected,not_run_no_thesis_mask_read,not_run,false,data/computed/chapter4_fig45_fig48_vertical_manifold_audit.npz,4C494631B23964D9741D08D758D62EDC4F6FF1B97F5C164D48583F9A7BF09CA7,data/computed/chapter4_fig43_fig46_camera_holdout_protocol.csv,6D2FD58CFCA4E74CC533B757E852D7AC772D036E0E385C30A1057EB9861D01C1,8BBD1CC9F646E5DB0F15812BCADFEDA1954813E6E4DBDF43E380C1E1E97989A2
chapter4_epsilon_state_sensitivity_v1,vertical,3,4.5e-07,minus_x,-1,4.6,a,0,1.85398433901428,8.05,33,121,97,DOP853_independent_per_epsilon_sign,1e-12,1e-14,0.01,8303,true,0.792411395122254,0.875821075220196,-0.10737495091575,0.116471347799223,-0.0939248937449587,0.0926530459014422,0.846883827043708,0.0020965170334274,-0.000574943810091843,0.135160873786227,0.00210822934975444,0.0434127835563198,0.0811777189299735,0.0978144236449129,0.000786596430311968,0.0167649916700781,0.0311196253624945,0.0374619747085698,1.77635683940025e-15,0.806654638326676,0.112669348826667,41572.6976889708,false,body_radius_clear_operational_altitude_not_assessed,3106,7.22142787205906e-05,pass,pass,1e-10,0.001,1737.4,src/qp_orbits/ephemeris.py,17AD032EFE76B9CA8C5FFEEB3417AAE200AB9FCCA3048E0286FEB418ACA8596B,not_configured_not_needed_for_observed_range,sensitivity_candidate_unselected,not_run_no_thesis_mask_read,not_run,false,data/computed/chapter4_fig45_fig48_vertical_manifold_audit.npz,4C494631B23964D9741D08D758D62EDC4F6FF1B97F5C164D48583F9A7BF09CA7,data/computed/chapter4_fig43_fig46_camera_holdout_protocol.csv,6D2FD58CFCA4E74CC533B757E852D7AC772D036E0E385C30A1057EB9861D01C1,8BBD1CC9F646E5DB0F15812BCADFEDA1954813E6E4DBDF43E380C1E1E97989A2
chapter4_epsilon_state_sensitivity_v1,vertical,3,4.5e-07,minus_x,-1,4.6,b,1,2.32151082450484,10.08,33,121,122,DOP853_independent_per_epsilon_sign,1e-12,1e-14,0.01,8303,true,0.720270454756151,0.875747346669584,-0.107372959863329,0.116489597230122,-0.0939181473003618,0.0926349902086551,0.838789609278078,0.00706313735325747,-0.00155927472203223,0.145047289662823,0.00831883733666094,0.134498992083517,0.256404892825312,0.290451658981637,0.00274183704156548,0.0502266884337439,0.0968575388994539,0.111535110506365,1.77635683940025e-15,0.733246392472471,0.112669348826667,41572.6976889708,false,body_radius_clear_operational_altitude_not_assessed,3106,7.22142787205906e-05,pass,pass,1e-10,0.001,1737.4,src/qp_orbits/ephemeris.py,17AD032EFE76B9CA8C5FFEEB3417AAE200AB9FCCA3048E0286FEB418ACA8596B,not_configured_not_needed_for_observed_range,sensitivity_candidate_unselected,not_run_no_thesis_mask_read,not_run,false,data/computed/chapter4_fig45_fig48_vertical_manifold_audit.npz,4C494631B23964D9741D08D758D62EDC4F6FF1B97F5C164D48583F9A7BF09CA7,data/computed/chapter4_fig43_fig46_camera_holdout_protocol.csv,6D2FD58CFCA4E74CC533B757E852D7AC772D036E0E385C30A1057EB9861D01C1,8BBD1CC9F646E5DB0F15812BCADFEDA1954813E6E4DBDF43E380C1E1E97989A2
chapter4_epsilon_state_sensitivity_v1,vertical,3,4.5e-07,minus_x,-1,4.6,c,2,2.71073238139106,11.77,33,121,143,DOP853_independent_per_epsilon_sign,1e-12,1e-14,0.01,8303,true,0.581190202286106,0.875139628473967,-0.107374326373909,0.222682845740276,-0.0939174701968035,0.0926363012793625,0.820088672319343,0.0186375970188362,-0.00286319008935958,0.17229712489977,0.0214561897009769,0.336868017615787,0.574338677139638,0.703613073816182,0.00775096999669748,0.129493899187473,0.23615225783264,0.277400509143686,2.22044604925031e-15,0.611025664030811,0.112669348826667,41572.6976889708,false,body_radius_clear_operational_altitude_not_assessed,3106,7.22142787205906e-05,pass,pass,1e-10,0.001,1737.4,src/qp_orbits/ephemeris.py,17AD032EFE76B9CA8C5FFEEB3417AAE200AB9FCCA3048E0286FEB418ACA8596B,not_configured_not_needed_for_observed_range,sensitivity_candidate_unselected,not_run_no_thesis_mask_read,not_run,false,data/computed/chapter4_fig45_fig48_vertical_manifold_audit.npz,4C494631B23964D9741D08D758D62EDC4F6FF1B97F5C164D48583F9A7BF09CA7,data/computed/chapter4_fig43_fig46_camera_holdout_protocol.csv,6D2FD58CFCA4E74CC533B757E852D7AC772D036E0E385C30A1057EB9861D01C1,8BBD1CC9F646E5DB0F15812BCADFEDA1954813E6E4DBDF43E380C1E1E97989A2
chapter4_epsilon_state_sensitivity_v1,vertical,3,4.5e-07,minus_x,-1,4.6,d,3,3.09995393827729,13.46,33,121,164,DOP853_independent_per_epsilon_sign,1e-12,1e-14,0.01,8303,true,0.242478072938824,0.875139363387284,-0.103986908557889,0.38730817042433,-0.0939167611952349,0.092992599767252,0.776953362437549,0.0454115737514643,-0.0033280953381496,0.315209380470352,0.0504646798099508,0.703081131597615,1.23880751037262,1.63412953551737,0.0195682932747858,0.30499402059842,0.526768497539572,0.656038191263063,4.44089209850063e-15,0.361329423562146,0.112669348826667,41572.6976889708,false,body_radius_clear_operational_altitude_not_assessed,3106,7.22142787205906e-05,pass,pass,1e-10,0.001,1737.4,src/qp_orbits/ephemeris.py,17AD032EFE76B9CA8C5FFEEB3417AAE200AB9FCCA3048E0286FEB418ACA8596B,not_configured_not_needed_for_observed_range,sensitivity_candidate_unselected,not_run_no_thesis_mask_read,not_run,false,data/computed/chapter4_fig45_fig48_vertical_manifold_audit.npz,4C494631B23964D9741D08D758D62EDC4F6FF1B97F5C164D48583F9A7BF09CA7,data/computed/chapter4_fig43_fig46_camera_holdout_protocol.csv,6D2FD58CFCA4E74CC533B757E852D7AC772D036E0E385C30A1057EB9861D01C1,8BBD1CC9F646E5DB0F15812BCADFEDA1954813E6E4DBDF43E380C1E1E97989A2
chapter4_epsilon_state_sensitivity_v1,vertical,4,6.36396103067893e-07,plus_x,1,4.5,a,0,1.85398433901428,8.05,33,121,97,DOP853_independent_per_epsilon_sign,1e-12,1e-14,0.01,19217,true,0.813964709474116,0.917065211547262,-0.111608084051254,0.107153693244862,-0.0899446808874252,0.0925385550644503,0.856967192071078,-0.00294421053199272,0.000348056474894284,0.136789426809233,0.00298933895155486,0.0660747716350686,0.149336824496648,0.223666221758301,0.00111695214281999,0.0248037086179844,0.0481312458666069,0.0630682434822033,2.22044604925031e-15,0.826059847252859,0.0784113223261905,28403.9123021876,false,body_radius_clear_operational_altitude_not_assessed,3106,0.000102155280259055,pass,pass,1e-10,0.001,1737.4,src/qp_orbits/ephemeris.py,17AD032EFE76B9CA8C5FFEEB3417AAE200AB9FCCA3048E0286FEB418ACA8596B,not_configured_not_needed_for_observed_range,sensitivity_candidate_unselected,not_run_no_thesis_mask_read,not_run,false,data/computed/chapter4_fig45_fig48_vertical_manifold_audit.npz,4C494631B23964D9741D08D758D62EDC4F6FF1B97F5C164D48583F9A7BF09CA7,data/computed/chapter4_fig43_fig46_camera_holdout_protocol.csv,6D2FD58CFCA4E74CC533B757E852D7AC772D036E0E385C30A1057EB9861D01C1,8BBD1CC9F646E5DB0F15812BCADFEDA1954813E6E4DBDF43E380C1E1E97989A2
chapter4_epsilon_state_sensitivity_v1,vertical,4,6.36396103067893e-07,plus_x,1,4.5,b,1,2.32151082450484,10.08,33,121,122,DOP853_independent_per_epsilon_sign,1e-12,1e-14,0.01,19217,true,0.814653027621396,1.08045175587899,-0.111605698108469,0.107174922096631,-0.0899419021474463,0.0925319752030725,0.873937832816966,-0.00627768608601138,0.00217359755551691,0.160967628356528,0.0120412477439367,0.314124193714335,0.887177544735646,2.76191319424089,0.00391906266094126,0.0885111407077502,0.189296560559486,0.215080933796195,1.21585852497219e-10,0.826059847252859,0.00313254590472896,-533.249354222189,true,moon_body_intersection_mathematical_cr3bp_only,3106,0.000102155280259055,pass,fail,1e-10,0.001,1737.4,src/qp_orbits/ephemeris.py,17AD032EFE76B9CA8C5FFEEB3417AAE200AB9FCCA3048E0286FEB418ACA8596B,not_configured_not_needed_for_observed_range,sensitivity_candidate_unselected,not_run_no_thesis_mask_read,not_run,false,data/computed/chapter4_fig45_fig48_vertical_manifold_audit.npz,4C494631B23964D9741D08D758D62EDC4F6FF1B97F5C164D48583F9A7BF09CA7,data/computed/chapter4_fig43_fig46_camera_holdout_protocol.csv,6D2FD58CFCA4E74CC533B757E852D7AC772D036E0E385C30A1057EB9861D01C1,8BBD1CC9F646E5DB0F15812BCADFEDA1954813E6E4DBDF43E380C1E1E97989A2
chapter4_epsilon_state_sensitivity_v1,vertical,4,6.36396103067893e-07,plus_x,1,4.5,c,2,2.71073238139106,11.77,33,121,143,DOP853_independent_per_epsilon_sign,1e-12,1e-14,0.01,19217,true,0.816387986661161,1.13864740385904,-0.11160515012559,0.10717590334371,-0.0899413787463527,0.0925330978999874,0.892628618509994,-0.00106200927352415,-0.00515949858471759,0.186073343369935,0.0316579060761487,0.494147892844399,0.886972824446505,3.20197101453822,0.0112749340606779,0.165873721732844,0.29427213648805,0.320419555756042,1.21585852497219e-10,0.826059847252859,0.00235948772952212,-830.412916771698,true,moon_body_intersection_mathematical_cr3bp_only,3106,0.000102155280259055,pass,fail,1e-10,0.001,1737.4,src/qp_orbits/ephemeris.py,17AD032EFE76B9CA8C5FFEEB3417AAE200AB9FCCA3048E0286FEB418ACA8596B,not_configured_not_needed_for_observed_range,sensitivity_candidate_unselected,not_run_no_thesis_mask_read,not_run,false,data/computed/chapter4_fig45_fig48_vertical_manifold_audit.npz,4C494631B23964D9741D08D758D62EDC4F6FF1B97F5C164D48583F9A7BF09CA7,data/computed/chapter4_fig43_fig46_camera_holdout_protocol.csv,6D2FD58CFCA4E74CC533B757E852D7AC772D036E0E385C30A1057EB9861D01C1,8BBD1CC9F646E5DB0F15812BCADFEDA1954813E6E4DBDF43E380C1E1E97989A2
chapter4_epsilon_state_sensitivity_v1,vertical,4,6.36396103067893e-07,plus_x,1,4.5,d,3,3.09995393827729,13.46,33,121,164,DOP853_independent_per_epsilon_sign,1e-12,1e-14,0.01,19217,true,0.795762617799957,1.19813611361089,-0.111604558718142,0.104372897881996,-0.0899408166805469,0.0892875541866366,0.909052353721612,0.0077048367390258,-0.0142904120993391,0.213766755731871,0.0791474640606003,0.497087249594028,0.897523223490154,4.01787635640829,0.0294187869331781,0.237794497521654,0.363353059394513,0.388942196680065,1.21592513835367e-10,0.812105309229395,0.0015227137354843,-1152.06884007984,true,moon_body_intersection_mathematical_cr3bp_only,3106,0.000102155280259055,pass,fail,1e-10,0.001,1737.4,src/qp_orbits/ephemeris.py,17AD032EFE76B9CA8C5FFEEB3417AAE200AB9FCCA3048E0286FEB418ACA8596B,not_configured_not_needed_for_observed_range,sensitivity_candidate_unselected,not_run_no_thesis_mask_read,not_run,false,data/computed/chapter4_fig45_fig48_vertical_manifold_audit.npz,4C494631B23964D9741D08D758D62EDC4F6FF1B97F5C164D48583F9A7BF09CA7,data/computed/chapter4_fig43_fig46_camera_holdout_protocol.csv,6D2FD58CFCA4E74CC533B757E852D7AC772D036E0E385C30A1057EB9861D01C1,8BBD1CC9F646E5DB0F15812BCADFEDA1954813E6E4DBDF43E380C1E1E97989A2
chapter4_epsilon_state_sensitivity_v1,vertical,4,6.36396103067893e-07,minus_x,-1,4.6,a,0,1.85398433901428,8.05,33,121,97,DOP853_independent_per_epsilon_sign,1e-12,1e-14,0.01,8303,true,0.779777733649946,0.875813693684032,-0.107342461675203,0.120811258676216,-0.0946082970886113,0.0926725554481349,0.845258753807609,0.00296351203287314,-0.000677818447730951,0.138148006670084,0.00298029931137705,0.0604735018433388,0.110680553066509,0.131786178038714,0.00111159756301349,0.0235176318862845,0.0436037473923068,0.0518140021578513,1.77635683940025e-15,0.793866446430236,0.112669740363993,41572.8481959188,false,body_radius_clear_operational_altitude_not_assessed,3106,0.000102120305185132,pass,pass,1e-10,0.001,1737.4,src/qp_orbits/ephemeris.py,17AD032EFE76B9CA8C5FFEEB3417AAE200AB9FCCA3048E0286FEB418ACA8596B,not_configured_not_needed_for_observed_range,sensitivity_candidate_unselected,not_run_no_thesis_mask_read,not_run,false,data/computed/chapter4_fig45_fig48_vertical_manifold_audit.npz,4C494631B23964D9741D08D758D62EDC4F6FF1B97F5C164D48583F9A7BF09CA7,data/computed/chapter4_fig43_fig46_camera_holdout_protocol.csv,6D2FD58CFCA4E74CC533B757E852D7AC772D036E0E385C30A1057EB9861D01C1,8BBD1CC9F646E5DB0F15812BCADFEDA1954813E6E4DBDF43E380C1E1E97989A2
chapter4_epsilon_state_sensitivity_v1,vertical,4,6.36396103067893e-07,minus_x,-1,4.6,b,1,2.32151082450484,10.08,33,121,122,DOP853_independent_per_epsilon_sign,1e-12,1e-14,0.01,8303,true,0.683563823289064,0.875711604189093,-0.107341254801338,0.122012947479321,-0.0946221330948516,0.0926543726732492,0.834232220234632,0.0099060299639439,-0.00208264011963844,0.155858555778208,0.0117178676091018,0.181441560056275,0.341680564344611,0.389701891438984,0.00387159097728353,0.0694419137211625,0.132355461778472,0.150802898533869,2.66453525910038e-15,0.697146007815211,0.112669740363993,41572.8481959188,false,body_radius_clear_operational_altitude_not_assessed,3106,0.000102120305185132,pass,pass,1e-10,0.001,1737.4,src/qp_orbits/ephemeris.py,17AD032EFE76B9CA8C5FFEEB3417AAE200AB9FCCA3048E0286FEB418ACA8596B,not_configured_not_needed_for_observed_range,sensitivity_candidate_unselected,not_run_no_thesis_mask_read,not_run,false,data/computed/chapter4_fig45_fig48_vertical_manifold_audit.npz,4C494631B23964D9741D08D758D62EDC4F6FF1B97F5C164D48583F9A7BF09CA7,data/computed/chapter4_fig43_fig46_camera_holdout_protocol.csv,6D2FD58CFCA4E74CC533B757E852D7AC772D036E0E385C30A1057EB9861D01C1,8BBD1CC9F646E5DB0F15812BCADFEDA1954813E6E4DBDF43E380C1E1E97989A2
chapter4_epsilon_state_sensitivity_v1,vertical,4,6.36396103067893e-07,minus_x,-1,4.6,c,2,2.71073238139106,11.77,33,121,143,DOP853_independent_per_epsilon_sign,1e-12,1e-14,0.01,8303,true,0.494987968865407,0.874864715081335,-0.107342608675946,0.264475521423962,-0.0946225951897183,0.0926538866240774,0.809668676370941,0.0256703568694971,-0.00391135852255799,0.193459698823128,0.0301816144222207,0.433853798722805,0.752444863743064,0.937586481084981,0.0109186587255916,0.174810720097833,0.316563195579344,0.374339829471337,2.66453525910038e-15,0.541266537904664,0.112669740363993,41572.8481959188,false,body_radius_clear_operational_altitude_not_assessed,3106,0.000102120305185132,pass,pass,1e-10,0.001,1737.4,src/qp_orbits/ephemeris.py,17AD032EFE76B9CA8C5FFEEB3417AAE200AB9FCCA3048E0286FEB418ACA8596B,not_configured_not_needed_for_observed_range,sensitivity_candidate_unselected,not_run_no_thesis_mask_read,not_run,false,data/computed/chapter4_fig45_fig48_vertical_manifold_audit.npz,4C494631B23964D9741D08D758D62EDC4F6FF1B97F5C164D48583F9A7BF09CA7,data/computed/chapter4_fig43_fig46_camera_holdout_protocol.csv,6D2FD58CFCA4E74CC533B757E852D7AC772D036E0E385C30A1057EB9861D01C1,8BBD1CC9F646E5DB0F15812BCADFEDA1954813E6E4DBDF43E380C1E1E97989A2
chapter4_epsilon_state_sensitivity_v1,vertical,4,6.36396103067893e-07,minus_x,-1,4.6,d,3,3.09995393827729,13.46,33,121,164,DOP853_independent_per_epsilon_sign,1e-12,1e-14,0.01,8303,true,0.0360465509119766,0.874865156790596,-0.103288061800067,0.443088830399044,-0.0946230261576382,0.0895345427496664,0.753607270815065,0.0594433871638818,-0.00505214320261092,0.360417686744772,0.0700846647377856,0.88562342244492,1.56013534286323,2.08933792811871,0.0275137383896666,0.397238365885993,0.684699835369146,0.858251835948133,4.08562073062058e-14,0.286412194302077,0.112669740363993,41572.8481959188,false,body_radius_clear_operational_altitude_not_assessed,3106,0.000102120305185132,pass,pass,1e-10,0.001,1737.4,src/qp_orbits/ephemeris.py,17AD032EFE76B9CA8C5FFEEB3417AAE200AB9FCCA3048E0286FEB418ACA8596B,not_configured_not_needed_for_observed_range,sensitivity_candidate_unselected,not_run_no_thesis_mask_read,not_run,false,data/computed/chapter4_fig45_fig48_vertical_manifold_audit.npz,4C494631B23964D9741D08D758D62EDC4F6FF1B97F5C164D48583F9A7BF09CA7,data/computed/chapter4_fig43_fig46_camera_holdout_protocol.csv,6D2FD58CFCA4E74CC533B757E852D7AC772D036E0E385C30A1057EB9861D01C1,8BBD1CC9F646E5DB0F15812BCADFEDA1954813E6E4DBDF43E380C1E1E97989A2
chapter4_epsilon_state_sensitivity_v1,vertical,5,9e-07,plus_x,1,4.5,a,0,1.85398433901428,8.05,33,121,97,DOP853_independent_per_epsilon_sign,1e-12,1e-14,0.01,21320,true,0.813990439507984,0.944142198853064,-0.112956358070482,0.107040255574205,-0.0889410566022978,0.092510573071378,0.859625493652313,-0.00415686279628102,0.000696192266680162,0.141593381159527,0.00422866771841745,0.0957359108650591,0.240327485380432,0.41125151774292,0.00158124269342157,0.035413647003539,0.0706758768357093,0.0957503580808717,3.86357612569554e-14,0.826060448180655,0.0533168878533753,18757.6116908375,false,body_radius_clear_operational_altitude_not_assessed,3106,0.000144478930984747,pass,pass,1e-10,0.001,1737.4,src/qp_orbits/ephemeris.py,17AD032EFE76B9CA8C5FFEEB3417AAE200AB9FCCA3048E0286FEB418ACA8596B,not_configured_not_needed_for_observed_range,sensitivity_candidate_unselected,not_run_no_thesis_mask_read,not_run,false,data/computed/chapter4_fig45_fig48_vertical_manifold_audit.npz,4C494631B23964D9741D08D758D62EDC4F6FF1B97F5C164D48583F9A7BF09CA7,data/computed/chapter4_fig43_fig46_camera_holdout_protocol.csv,6D2FD58CFCA4E74CC533B757E852D7AC772D036E0E385C30A1057EB9861D01C1,8BBD1CC9F646E5DB0F15812BCADFEDA1954813E6E4DBDF43E380C1E1E97989A2
chapter4_epsilon_state_sensitivity_v1,vertical,5,9e-07,plus_x,1,4.5,b,1,2.32151082450484,10.08,33,121,122,DOP853_independent_per_epsilon_sign,1e-12,1e-14,0.01,21320,true,0.814686401842166,1.08502559762109,-0.11295489366315,0.107064011484089,-0.0889590894412511,0.0925067967603635,0.880367231692617,-0.0044891100181925,0.00174714384649735,0.174029713678339,0.0171294687546596,0.482038686916507,0.949045752422375,2.02273211760805,0.00556714337139392,0.120413168587837,0.213951460883416,0.244389123526863,6.66156019235586e-11,0.826060448180655,0.00545335837198738,358.870958191947,false,body_radius_clear_operational_altitude_not_assessed,3106,0.000144478930984747,pass,pass,1e-10,0.001,1737.4,src/qp_orbits/ephemeris.py,17AD032EFE76B9CA8C5FFEEB3417AAE200AB9FCCA3048E0286FEB418ACA8596B,not_configured_not_needed_for_observed_range,sensitivity_candidate_unselected,not_run_no_thesis_mask_read,not_run,false,data/computed/chapter4_fig45_fig48_vertical_manifold_audit.npz,4C494631B23964D9741D08D758D62EDC4F6FF1B97F5C164D48583F9A7BF09CA7,data/computed/chapter4_fig43_fig46_camera_holdout_protocol.csv,6D2FD58CFCA4E74CC533B757E852D7AC772D036E0E385C30A1057EB9861D01C1,8BBD1CC9F646E5DB0F15812BCADFEDA1954813E6E4DBDF43E380C1E1E97989A2
chapter4_epsilon_state_sensitivity_v1,vertical,5,9e-07,plus_x,1,4.5,c,2,2.71073238139106,11.77,33,121,143,DOP853_independent_per_epsilon_sign,1e-12,1e-14,0.01,21320,true,0.817357772738022,1.12569584816227,-0.112954399085529,0.110989551248951,-0.0889596936074343,0.0925078734440252,0.896705893024188,0.00332379284818098,-0.00630640766814398,0.186969175466845,0.0453071369748827,0.492430723117944,0.948331193602436,2.1364254187917,0.0160545334157605,0.178867158817442,0.301340739443775,0.325913597876866,6.66133814775094e-11,0.826060448180655,0.00492921237306699,157.389236206951,false,body_radius_clear_operational_altitude_not_assessed,3106,0.000144478930984747,pass,pass,1e-10,0.001,1737.4,src/qp_orbits/ephemeris.py,17AD032EFE76B9CA8C5FFEEB3417AAE200AB9FCCA3048E0286FEB418ACA8596B,not_configured_not_needed_for_observed_range,sensitivity_candidate_unselected,not_run_no_thesis_mask_read,not_run,false,data/computed/chapter4_fig45_fig48_vertical_manifold_audit.npz,4C494631B23964D9741D08D758D62EDC4F6FF1B97F5C164D48583F9A7BF09CA7,data/computed/chapter4_fig43_fig46_camera_holdout_protocol.csv,6D2FD58CFCA4E74CC533B757E852D7AC772D036E0E385C30A1057EB9861D01C1,8BBD1CC9F646E5DB0F15812BCADFEDA1954813E6E4DBDF43E380C1E1E97989A2
chapter4_epsilon_state_sensitivity_v1,vertical,5,9e-07,plus_x,1,4.5,d,3,3.09995393827729,13.46,33,121,164,DOP853_independent_per_epsilon_sign,1e-12,1e-14,0.01,21320,true,0.753670940386553,1.15043251553859,-0.112953861367178,0.110989395191279,-0.0889602573350763,0.0892359517425135,0.909563343324649,0.0118218768094572,-0.0151243050469727,0.230521716066059,0.114783993859932,0.509948074087725,0.968479411272119,2.27305226061844,0.0423549035907401,0.240248026728269,0.337545908333884,0.347243953373206,6.661160512067e-11,0.771729291790798,0.00439365276413776,-48.4798774654466,true,moon_body_intersection_mathematical_cr3bp_only,3106,0.000144478930984747,pass,pass,1e-10,0.001,1737.4,src/qp_orbits/ephemeris.py,17AD032EFE76B9CA8C5FFEEB3417AAE200AB9FCCA3048E0286FEB418ACA8596B,not_configured_not_needed_for_observed_range,sensitivity_candidate_unselected,not_run_no_thesis_mask_read,not_run,false,data/computed/chapter4_fig45_fig48_vertical_manifold_audit.npz,4C494631B23964D9741D08D758D62EDC4F6FF1B97F5C164D48583F9A7BF09CA7,data/computed/chapter4_fig43_fig46_camera_holdout_protocol.csv,6D2FD58CFCA4E74CC533B757E852D7AC772D036E0E385C30A1057EB9861D01C1,8BBD1CC9F646E5DB0F15812BCADFEDA1954813E6E4DBDF43E380C1E1E97989A2
chapter4_epsilon_state_sensitivity_v1,vertical,5,9e-07,minus_x,-1,4.6,a,0,1.85398433901428,8.05,33,121,97,DOP853_independent_per_epsilon_sign,1e-12,1e-14,0.01,8303,true,0.762216919829746,0.87580325547925,-0.107296430071562,0.128125720008222,-0.0955848038241584,0.0927000794225706,0.843003578663684,0.00418875357109998,-0.000803239271471992,0.143553150424684,0.00421328872938728,0.0834532853472628,0.15242146393096,0.176146296033995,0.00157040773387847,0.0328185598873123,0.0609039517195852,0.0715328434555765,2.22044604925031e-15,0.776090922940317,0.112670294080735,41573.0610446346,false,body_radius_clear_operational_altitude_not_assessed,3106,0.000144410860909025,pass,pass,1e-10,0.001,1737.4,src/qp_orbits/ephemeris.py,17AD032EFE76B9CA8C5FFEEB3417AAE200AB9FCCA3048E0286FEB418ACA8596B,not_configured_not_needed_for_observed_range,sensitivity_candidate_unselected,not_run_no_thesis_mask_read,not_run,false,data/computed/chapter4_fig45_fig48_vertical_manifold_audit.npz,4C494631B23964D9741D08D758D62EDC4F6FF1B97F5C164D48583F9A7BF09CA7,data/computed/chapter4_fig43_fig46_camera_holdout_protocol.csv,6D2FD58CFCA4E74CC533B757E852D7AC772D036E0E385C30A1057EB9861D01C1,8BBD1CC9F646E5DB0F15812BCADFEDA1954813E6E4DBDF43E380C1E1E97989A2
chapter4_epsilon_state_sensitivity_v1,vertical,5,9e-07,minus_x,-1,4.6,b,1,2.32151082450484,10.08,33,121,122,DOP853_independent_per_epsilon_sign,1e-12,1e-14,0.01,8303,true,0.633468433974985,0.875661074890646,-0.107296338196692,0.147356846684051,-0.0955826183924511,0.092682770342286,0.82806447952123,0.0138407272459701,-0.00270528068093847,0.173741117835821,0.0164527636815212,0.243197941101254,0.451259153839765,0.525270389557182,0.00546409232087375,0.0962819010331835,0.179092398616836,0.204313312206904,2.22044604925031e-15,0.648984980581538,0.112670294080735,41573.0610446346,false,body_radius_clear_operational_altitude_not_assessed,3106,0.000144410860909025,pass,pass,1e-10,0.001,1737.4,src/qp_orbits/ephemeris.py,17AD032EFE76B9CA8C5FFEEB3417AAE200AB9FCCA3048E0286FEB418ACA8596B,not_configured_not_needed_for_observed_range,sensitivity_candidate_unselected,not_run_no_thesis_mask_read,not_run,false,data/computed/chapter4_fig45_fig48_vertical_manifold_audit.npz,4C494631B23964D9741D08D758D62EDC4F6FF1B97F5C164D48583F9A7BF09CA7,data/computed/chapter4_fig43_fig46_camera_holdout_protocol.csv,6D2FD58CFCA4E74CC533B757E852D7AC772D036E0E385C30A1057EB9861D01C1,8BBD1CC9F646E5DB0F15812BCADFEDA1954813E6E4DBDF43E380C1E1E97989A2
chapter4_epsilon_state_sensitivity_v1,vertical,5,9e-07,minus_x,-1,4.6,c,2,2.71073238139106,11.77,33,121,143,DOP853_independent_per_epsilon_sign,1e-12,1e-14,0.01,8303,true,0.373560468326785,0.874497835455147,-0.107297674103492,0.315619813098213,-0.0955822099965353,0.0926814883630676,0.795893127366423,0.0349327676140016,-0.00510779848473895,0.226358026739479,0.0421378900109677,0.551354696460742,0.996714515261828,1.25519400687192,0.0153105026134969,0.231144236016166,0.425000758921718,0.504271262327025,3.10862446895044e-15,0.457619355781063,0.112670294080735,41573.0610446346,false,body_radius_clear_operational_altitude_not_assessed,3106,0.000144410860909025,pass,pass,1e-10,0.001,1737.4,src/qp_orbits/ephemeris.py,17AD032EFE76B9CA8C5FFEEB3417AAE200AB9FCCA3048E0286FEB418ACA8596B,not_configured_not_needed_for_observed_range,sensitivity_candidate_unselected,not_run_no_thesis_mask_read,not_run,false,data/computed/chapter4_fig45_fig48_vertical_manifold_audit.npz,4C494631B23964D9741D08D758D62EDC4F6FF1B97F5C164D48583F9A7BF09CA7,data/computed/chapter4_fig43_fig46_camera_holdout_protocol.csv,6D2FD58CFCA4E74CC533B757E852D7AC772D036E0E385C30A1057EB9861D01C1,8BBD1CC9F646E5DB0F15812BCADFEDA1954813E6E4DBDF43E380C1E1E97989A2
chapter4_epsilon_state_sensitivity_v1,vertical,5,9e-07,minus_x,-1,4.6,d,3,3.09995393827729,13.46,33,121,164,DOP853_independent_per_epsilon_sign,1e-12,1e-14,0.01,8303,true,-0.192785826183911,0.874497974756138,-0.103227152305663,0.474577466356326,-0.0955817715741952,0.0895852494091631,0.723217513646777,0.0750242733116206,-0.00702194364391551,0.411737473970091,0.0977037438708451,1.10430882096461,1.87860374346478,2.37285811041235,0.0383705614514283,0.508141477738421,0.882159301744288,1.06668909861381,3.20632409511745e-13,0.256221160872632,0.112670294080735,41573.0610446346,false,body_radius_clear_operational_altitude_not_assessed,3106,0.000144410860909025,pass,pass,1e-10,0.001,1737.4,src/qp_orbits/ephemeris.py,17AD032EFE76B9CA8C5FFEEB3417AAE200AB9FCCA3048E0286FEB418ACA8596B,not_configured_not_needed_for_observed_range,sensitivity_candidate_unselected,not_run_no_thesis_mask_read,not_run,false,data/computed/chapter4_fig45_fig48_vertical_manifold_audit.npz,4C494631B23964D9741D08D758D62EDC4F6FF1B97F5C164D48583F9A7BF09CA7,data/computed/chapter4_fig43_fig46_camera_holdout_protocol.csv,6D2FD58CFCA4E74CC533B757E852D7AC772D036E0E385C30A1057EB9861D01C1,8BBD1CC9F646E5DB0F15812BCADFEDA1954813E6E4DBDF43E380C1E1E97989A2
chapter4_epsilon_state_sensitivity_v1,vertical,6,1.27279220613579e-06,plus_x,1,4.5,a,0,1.85398433901428,8.05,33,121,97,DOP853_independent_per_epsilon_sign,1e-12,1e-14,0.01,35855,true,0.814026829195831,1.00234449665936,-0.114438538880429,0.106886221807506,-0.0875502064876005,0.092470865313297,0.863662635273674,-0.00581798465416177,0.00134507474549543,0.149486419541527,0.00599572565637173,0.139519404319865,0.466551339239484,1.15427597228543,0.00223949869121731,0.0511869366481354,0.110729057629635,0.152933433259648,3.12772030497399e-12,0.826061298021564,0.0162945940389624,4526.24194857714,false,body_radius_clear_operational_altitude_not_assessed,3106,0.000204343646078707,pass,pass,1e-10,0.001,1737.4,src/qp_orbits/ephemeris.py,17AD032EFE76B9CA8C5FFEEB3417AAE200AB9FCCA3048E0286FEB418ACA8596B,not_configured_not_needed_for_observed_range,sensitivity_candidate_unselected,not_run_no_thesis_mask_read,not_run,false,data/computed/chapter4_fig45_fig48_vertical_manifold_audit.npz,4C494631B23964D9741D08D758D62EDC4F6FF1B97F5C164D48583F9A7BF09CA7,data/computed/chapter4_fig43_fig46_camera_holdout_protocol.csv,6D2FD58CFCA4E74CC533B757E852D7AC772D036E0E385C30A1057EB9861D01C1,8BBD1CC9F646E5DB0F15812BCADFEDA1954813E6E4DBDF43E380C1E1E97989A2
chapter4_epsilon_state_sensitivity_v1,vertical,6,1.27279220613579e-06,plus_x,1,4.5,b,1,2.32151082450484,10.08,33,121,122,DOP853_independent_per_epsilon_sign,1e-12,1e-14,0.01,35855,true,0.814733603810324,1.06849439688377,-0.114428306087902,0.120256337527596,-0.0875639703880644,0.0924710666041609,0.88566543396163,-0.00144141499210677,0.00156810858937639,0.183800292143741,0.0244316477704351,0.477042548328767,0.97760202242688,2.77609878002424,0.00792366519415947,0.140648019911855,0.224081286255666,0.254777883116541,2.8593571954616e-11,0.826061298021564,0.00307978265426642,-553.531547699989,true,moon_body_intersection_mathematical_cr3bp_only,3106,0.000204343646078707,pass,pass,1e-10,0.001,1737.4,src/qp_orbits/ephemeris.py,17AD032EFE76B9CA8C5FFEEB3417AAE200AB9FCCA3048E0286FEB418ACA8596B,not_configured_not_needed_for_observed_range,sensitivity_candidate_unselected,not_run_no_thesis_mask_read,not_run,false,data/computed/chapter4_fig45_fig48_vertical_manifold_audit.npz,4C494631B23964D9741D08D758D62EDC4F6FF1B97F5C164D48583F9A7BF09CA7,data/computed/chapter4_fig43_fig46_camera_holdout_protocol.csv,6D2FD58CFCA4E74CC533B757E852D7AC772D036E0E385C30A1057EB9861D01C1,8BBD1CC9F646E5DB0F15812BCADFEDA1954813E6E4DBDF43E380C1E1E97989A2
chapter4_epsilon_state_sensitivity_v1,vertical,6,1.27279220613579e-06,plus_x,1,4.5,c,2,2.71073238139106,11.77,33,121,143,DOP853_independent_per_epsilon_sign,1e-12,1e-14,0.01,35855,true,0.795849787024159,1.08340799302528,-0.114427326319311,0.121465800577756,-0.0875650066202798,0.0924720780098494,0.899195437279267,0.00742299257008802,-0.00668722477366359,0.19218154370686,0.0653402370380645,0.477008259153677,0.977189112126268,2.69510698637142,0.0228433367314857,0.185594124822044,0.282333156836923,0.294550463712338,2.59157140192201e-11,0.808936008850912,0.00309918025043965,-546.075111730997,true,moon_body_intersection_mathematical_cr3bp_only,3106,0.000204343646078707,pass,pass,1e-10,0.001,1737.4,src/qp_orbits/ephemeris.py,17AD032EFE76B9CA8C5FFEEB3417AAE200AB9FCCA3048E0286FEB418ACA8596B,not_configured_not_needed_for_observed_range,sensitivity_candidate_unselected,not_run_no_thesis_mask_read,not_run,false,data/computed/chapter4_fig45_fig48_vertical_manifold_audit.npz,4C494631B23964D9741D08D758D62EDC4F6FF1B97F5C164D48583F9A7BF09CA7,data/computed/chapter4_fig43_fig46_camera_holdout_protocol.csv,6D2FD58CFCA4E74CC533B757E852D7AC772D036E0E385C30A1057EB9861D01C1,8BBD1CC9F646E5DB0F15812BCADFEDA1954813E6E4DBDF43E380C1E1E97989A2
chapter4_epsilon_state_sensitivity_v1,vertical,6,1.27279220613579e-06,plus_x,1,4.5,d,3,3.09995393827729,13.46,33,121,164,DOP853_independent_per_epsilon_sign,1e-12,1e-14,0.01,35855,true,0.704872844885705,1.08340923486294,-0.114426303085143,0.126249720901199,-0.0875659996425413,0.0891627096538936,0.907217237598526,0.014224266870073,-0.0150017411690309,0.250416309034337,0.166901689309649,0.536853587473397,1.10874704162546,3.12855529966423,0.0598122901328072,0.223259381827543,0.285530435118044,0.294552967006209,2.14414708210597e-10,0.726156745008006,0.00239885751444595,-815.279171446979,true,moon_body_intersection_mathematical_cr3bp_only,3106,0.000204343646078707,pass,fail,1e-10,0.001,1737.4,src/qp_orbits/ephemeris.py,17AD032EFE76B9CA8C5FFEEB3417AAE200AB9FCCA3048E0286FEB418ACA8596B,not_configured_not_needed_for_observed_range,sensitivity_candidate_unselected,not_run_no_thesis_mask_read,not_run,false,data/computed/chapter4_fig45_fig48_vertical_manifold_audit.npz,4C494631B23964D9741D08D758D62EDC4F6FF1B97F5C164D48583F9A7BF09CA7,data/computed/chapter4_fig43_fig46_camera_holdout_protocol.csv,6D2FD58CFCA4E74CC533B757E852D7AC772D036E0E385C30A1057EB9861D01C1,8BBD1CC9F646E5DB0F15812BCADFEDA1954813E6E4DBDF43E380C1E1E97989A2
chapter4_epsilon_state_sensitivity_v1,vertical,6,1.27279220613579e-06,minus_x,-1,4.6,a,0,1.85398433901428,8.05,33,121,97,DOP853_independent_per_epsilon_sign,1e-12,1e-14,0.01,8303,true,0.73796503063661,0.875788495355344,-0.107231162187343,0.141845089450602,-0.0968636440140342,0.0927388711344047,0.839893769156606,0.0059179025285525,-0.000945653921736344,0.152567441861082,0.00595637761182102,0.114869021479613,0.210262911536865,0.235182379409911,0.00221765412134909,0.0456253018989516,0.0845811820636816,0.0980072923975274,1.77635683940025e-15,0.751568509606206,0.112671077153162,41573.3620576756,false,body_radius_clear_operational_altitude_not_assessed,3106,0.000204207784943925,pass,pass,1e-10,0.001,1737.4,src/qp_orbits/ephemeris.py,17AD032EFE76B9CA8C5FFEEB3417AAE200AB9FCCA3048E0286FEB418ACA8596B,not_configured_not_needed_for_observed_range,sensitivity_candidate_unselected,not_run_no_thesis_mask_read,not_run,false,data/computed/chapter4_fig45_fig48_vertical_manifold_audit.npz,4C494631B23964D9741D08D758D62EDC4F6FF1B97F5C164D48583F9A7BF09CA7,data/computed/chapter4_fig43_fig46_camera_holdout_protocol.csv,6D2FD58CFCA4E74CC533B757E852D7AC772D036E0E385C30A1057EB9861D01C1,8BBD1CC9F646E5DB0F15812BCADFEDA1954813E6E4DBDF43E380C1E1E97989A2
chapter4_epsilon_state_sensitivity_v1,vertical,6,1.27279220613579e-06,minus_x,-1,4.6,b,1,2.32151082450484,10.08,33,121,122,DOP853_independent_per_epsilon_sign,1e-12,1e-14,0.01,8303,true,0.564909703761743,0.875589652053407,-0.107232659132506,0.1808002129762,-0.0968547403436916,0.0927227935754918,0.819747297778234,0.0192436200992066,-0.00339705091866976,0.201901666220064,0.0230596847994695,0.32026379144663,0.610900043779392,0.7133815831513,0.00768851945142421,0.129799705936788,0.241569712694235,0.278272431504631,2.66453525910038e-15,0.586324684160265,0.112671077153162,41573.3620576756,false,body_radius_clear_operational_altitude_not_assessed,3106,0.000204207784943925,pass,pass,1e-10,0.001,1737.4,src/qp_orbits/ephemeris.py,17AD032EFE76B9CA8C5FFEEB3417AAE200AB9FCCA3048E0286FEB418ACA8596B,not_configured_not_needed_for_observed_range,sensitivity_candidate_unselected,not_run_no_thesis_mask_read,not_run,false,data/computed/chapter4_fig45_fig48_vertical_manifold_audit.npz,4C494631B23964D9741D08D758D62EDC4F6FF1B97F5C164D48583F9A7BF09CA7,data/computed/chapter4_fig43_fig46_camera_holdout_protocol.csv,6D2FD58CFCA4E74CC533B757E852D7AC772D036E0E385C30A1057EB9861D01C1,8BBD1CC9F646E5DB0F15812BCADFEDA1954813E6E4DBDF43E380C1E1E97989A2
chapter4_epsilon_state_sensitivity_v1,vertical,6,1.27279220613579e-06,minus_x,-1,4.6,c,2,2.71073238139106,11.77,33,121,143,DOP853_independent_per_epsilon_sign,1e-12,1e-14,0.01,8303,true,0.196851079706768,0.873980824275628,-0.107233969433824,0.369375732889022,-0.0968539733638045,0.0927215798706219,0.777455235602918,0.0467688461138441,-0.00633811378795976,0.277520964402523,0.0588131625451834,0.689987146759678,1.33280046623717,1.67929401326817,0.0213766148952269,0.303252126178829,0.574823169127563,0.685746983651701,3.99680288865056e-15,0.36801624390408,0.112671077153162,41573.3620576756,false,body_radius_clear_operational_altitude_not_assessed,3106,0.000204207784943925,pass,pass,1e-10,0.001,1737.4,src/qp_orbits/ephemeris.py,17AD032EFE76B9CA8C5FFEEB3417AAE200AB9FCCA3048E0286FEB418ACA8596B,not_configured_not_needed_for_observed_range,sensitivity_candidate_unselected,not_run_no_thesis_mask_read,not_run,false,data/computed/chapter4_fig45_fig48_vertical_manifold_audit.npz,4C494631B23964D9741D08D758D62EDC4F6FF1B97F5C164D48583F9A7BF09CA7,data/computed/chapter4_fig43_fig46_camera_holdout_protocol.csv,6D2FD58CFCA4E74CC533B757E852D7AC772D036E0E385C30A1057EB9861D01C1,8BBD1CC9F646E5DB0F15812BCADFEDA1954813E6E4DBDF43E380C1E1E97989A2
chapter4_epsilon_state_sensitivity_v1,vertical,6,1.27279220613579e-06,minus_x,-1,4.6,d,3,3.09995393827729,13.46,33,121,164,DOP853_independent_per_epsilon_sign,1e-12,1e-14,0.01,8303,true,-0.384682518749468,0.873980540556883,-0.103140705060971,0.459757059215878,-0.0968531774890351,0.0896566998940031,0.684451085672139,0.0898624938527913,-0.00898884769714854,0.47705768764035,0.134168346102788,1.35750972282593,2.06776600200749,2.34746171363311,0.0534837325067372,0.645946207204257,1.10048740398098,1.24147641880352,5.18696197104873e-13,0.265314398360952,0.112671077153162,41573.3620576756,false,body_radius_clear_operational_altitude_not_assessed,3106,0.000204207784943925,pass,pass,1e-10,0.001,1737.4,src/qp_orbits/ephemeris.py,17AD032EFE76B9CA8C5FFEEB3417AAE200AB9FCCA3048E0286FEB418ACA8596B,not_configured_not_needed_for_observed_range,sensitivity_candidate_unselected,not_run_no_thesis_mask_read,not_run,false,data/computed/chapter4_fig45_fig48_vertical_manifold_audit.npz,4C494631B23964D9741D08D758D62EDC4F6FF1B97F5C164D48583F9A7BF09CA7,data/computed/chapter4_fig43_fig46_camera_holdout_protocol.csv,6D2FD58CFCA4E74CC533B757E852D7AC772D036E0E385C30A1057EB9861D01C1,8BBD1CC9F646E5DB0F15812BCADFEDA1954813E6E4DBDF43E380C1E1E97989A2
