figure_id,case_id,model,sample,time_nd,time_days,x_nd,y_nd,z_nd,xdot_nd,ydot_nd,zdot_nd,moon_radius_km,cr3bp_jacobi_diagnostic
5.10,1,bcr4bp_strict,0,0,0,1.011112321027015,-0.05086484602822477,0.1190812674690029,-0.06315900506069852,-0.01550204711452833,-0.3056154861732891,50572.70132105102,3.027523660261254
5.10,1,bcr4bp_strict,1,0.004414248426224475,0.01916666666666667,1.010832848389364,-0.05092937795820372,0.1177249316729537,-0.0634637290238889,-0.01372937782663891,-0.3089180820202921,50091.90620862471,3.027520330159136
5.10,1,bcr4bp_strict,2,0.00882849685244895,0.03833333333333334,1.010552033806084,-0.05098599641564984,0.1163539193851952,-0.06376701851921664,-0.01191634839806058,-0.3122653787178314,49605.79653394066,3.027516947235635
5.10,1,bcr4bp_strict,3,0.01324274527867342,0.0575,1.010269883511007,-0.05103451950360962,0.1149680293329357,-0.06406891915187742,-0.01006124766730383,-0.3156591828033211,49114.29833696179,3.027513509048216
5.10,1,bcr4bp_strict,4,0.0176569937048979,0.07666666666666667,1.009986403521794,-0.05107475752834811,0.1135670520532915,-0.06436948337877869,-0.00816225276321058,-0.3191013996133408,48617.33470726928,3.027510013047062
5.10,1,bcr4bp_strict,5,0.02207124213112237,0.09583333333333334,1.009701599608033,-0.05110651248598019,0.1121507694418897,-0.06466877127455779,-0.006217419777652245,-0.3225940403013821,48114.8256217246,3.027506456568025
5.10,1,bcr4bp_strict,6,0.02648549055734685,0.115,1.009415477255756,-0.05112957750585811,0.1107189542691537,-0.06496685138913513,-0.0042246734817416,-0.3261392294724976,47606.68777049634,3.02750283682497
5.10,1,bcr4bp_strict,7,0.03089973898357132,0.1341666666666667,1.009128041627944,-0.05114373624624038,0.1092713696614083,-0.06526380170911161,-0.002181795968594695,-0.3297392134997298,47092.83437042053,3.027499150901447
5.10,1,bcr4bp_strict,8,0.0353139874097958,0.1533333333333333,1.008839297520536,-0.0511487622372154,0.1078077685436362,-0.06555971073719453,-8.641408898107475e-05,-0.3333963695951425,46573.17496455291,3.027495395741621
5.10,1,bcr4bp_strict,9,0.03972823583602027,0.1725,1.008549249313384,-0.05114441816522095,0.1063278930403794,-0.06585467870603495,0.002064014473232513,-0.3371132157173353,46047.61520664884,3.027491568140394
5.10,1,bcr4bp_strict,10,0.04414248426224475,0.1916666666666667,1.008257900915512,-0.05113045509277645,0.1048314738308917,-0.06614881894544178,0.004272216661621043,-0.3408924214076578,45516.05662916852,3.027487664732608
5.10,1,bcr4bp_strict,11,0.04855673268846922,0.2108333333333333,1.007965255703971,-0.0511066116062117,0.1033182294542193,-0.06644225942498073,0.006541121246040106,-0.3447368196591636,44978.39639324844,3.027483681981236
5.10,1,bcr4bp_strict,12,0.0529709811146937,0.23,1.007671316455443,-0.05107261288321591,0.1017878655593953,-0.06673514449756177,0.008873877993231293,-0.3486494199358979,44434.52701890435,3.027479616164451
5.10,1,bcr4bp_strict,13,0.05738522954091817,0.2491666666666667,1.007376085269655,-0.05102816967092177,0.1002400740953841,-0.06702763687387879,0.01127387907932233,-0.3526334224756583,43884.33609353171,3.027475463361435
5.10,1,bcr4bp_strict,14,0.06179947796714265,0.2683333333333334,1.007079563483504,-0.05097297716395345,0.09867453243478194,-0.067319919862628,0.01374478305763729,-0.356692234027263,43327.70595654294,3.027471219436778
5.10,1,bcr4bp_strict,15,0.06621372639336712,0.2875,1.006781751574632,-0.05090671377037476,0.09709090242457219,-0.06761219991746843,0.01629054174649767,-0.3608294851939676,42764.51335772522,3.027466880023298
5.10,1,bcr4bp_strict,16,0.0706279748195916,0.3066666666666667,1.006482649052995,-0.0508290397517327,0.09548882935642233,-0.06790470953890772,0.01891543046261669,-0.3650490495784687,42194.62908660966,3.027462440503086
5.10,1,bcr4bp_strict,17,0.07504222324581608,0.3258333333333334,1.00618225433873,-0.05073959572135776,0.09386794084808966,-0.06819771058796252,0.02162408209832703,-0.369355064952451,41617.91756981042,3.027457895986557
5.10,1,bcr4bp_strict,18,0.07945647167204055,0.345,1.005880564624377,-0.05063800098269661,0.09222784562644855,-0.06849149807887872,0.02442152562780481,-0.3737519567055273,41034.23643291256,3.027453241289229
5.10,1,bcr4bp_strict,19,0.08387072009826502,0.3641666666666667,1.005577575719144,-0.05052385168664667,0.09056813220144791,-0.0687864045308139,0.02731322973184957,-0.3782444638654345,40443.43602305139,3.027448470905959
5.10,1,bcr4bp_strict,20,0.0882849685244895,0.3833333333333334,1.005273281872566,-0.05039671878354908,0.08888836741892672,-0.06908280497369143,0.03030515235665256,-0.3828376680243993,39845.35888782877,3.027443578982271
5.10,1,bcr4bp_strict,21,0.09269921695071398,0.4025000000000001,1.004967675574411,-0.0502561457415714,0.08718809487862914,-0.06938112272208892,0.03340379717436135,-0.3875370255567287,39239.83920563774,3.027438559282366
5.10,1,bcr4bp_strict,22,0.09711346537693845,0.4216666666666667,1.004660747327163,-0.05010164599854405,0.08546683320193493,-0.06968183605383711,0.03661627809848401,-0.3923484035711771,38626.70216180797,3.027433405153382
5.10,1,bcr4bp_strict,23,0.1015277138031629,0.4408333333333334,1.004352485386726,-0.04993270010874201,0.08372407413171649,-0.06998548595804134,0.0399503932333441,-0.3972781201099838,38005.76326422382,3.027428109485303
5.10,1,bcr4bp_strict,24,0.1059419622293874,0.46,1.004042875466208,-0.04974875253942435,0.08195928044430213,-0.07029268515183822,0.04341470991421293,-0.4023329891864064,37376.82759118766,3.027422664665919
5.10,1,bcr4bp_strict,25,0.1103562106556119,0.4791666666666667,1.003731900396664,-0.04954920806390268,0.08017188365071165,-0.07060412860811198,0.0470186628366498,-0.4075203713461488,36739.68896328429,3.027417062530048
5.10,1,bcr4bp_strict,26,0.1147704590818363,0.4983333333333334,1.003419539737505,-0.04933342768818732,0.0783612814610693,-0.0709206058898763,0.05077266769708742,-0.4128482305476845,36094.12902982246,3.027411294302135
5.10,1,bcr4bp_strict,27,0.1191847075080608,0.5175000000000001,1.003105769327813,-0.04910072403644691,0.07652683498231407,-0.07124301565403293,0.05468825329404294,-0.4183251982848299,35439.91625906063,3.027405350531151
5.10,1,bcr4bp_strict,28,0.1235989559342853,0.5366666666666667,1.002790560768045,-0.04885035610609647,0.07466786561492829,-0.07157238277162858,0.05877821569960921,-0.4239606460251463,34776.80481983079,3.027399221016521
5.10,1,bcr4bp_strict,29,0.1280132043605098,0.5558333333333334,1.00247388081939,-0.04858152328563049,0.07278365160928919,-0.07190987861867845,0.06305679894239062,-0.4297647672132441,34104.53334032308,3.02739289472355
5.10,1,bcr4bp_strict,30,0.1324274527867342,0.575,1.00215569070532,-0.04829335850648128,0.0708734242362946,-0.07225684522795339,0.06753990769660279,-0.4357486702924507,33422.82352763529,3.027386359686498
5.10,1,bcr4bp_strict,31,0.1368417012129587,0.5941666666666667,1.001835945296454,-0.04798492037308381,0.06893636351998748,-0.07261482416701767,0.07224535881552625,-0.4419244844351453,32731.3786291812,3.027379602897064
5.10,1,bcr4bp_strict,32,0.1412559496391832,0.6133333333333334,1.001514592155555,-0.04765518408149649,0.06697159347185584,-0.07298559123367716,0.07719318027229392,-0.4483054799443461,32029.88171413146,3.02737261017558
5.10,1,bcr4bp_strict,33,0.1456701980654077,0.6325000000000001,1.001191570414052,-0.04730303089441967,0.06497817675715123,-0.07337119835379785,0.08240596830117017,-0.454906205598392,31317.99374967126,3.027365366021538
5.10,1,bcr4bp_strict,34,0.1500844464916322,0.6516666666666668,1.000866809444549,-0.04692723588668364,0.06295510871279293,-0.07377402445147885,0.08790931643794976,-0.4617426455551935,30595.35144294117,3.027357853439372
5.10,1,bcr4bp_strict,35,0.1544986949178566,0.6708333333333334,1.000540227284889,-0.04652645360677458,0.06090131062406048,-0.07419683757017728,0.09373233397364911,-0.4688323988050243,29861.56481502617,3.027350053734373
5.10,1,bcr4bp_strict,36,0.1589129433440811,0.6900000000000001,1.000211728757889,-0.04609920121203186,0.05881562215323799,-0.07464287120091508,0.09990827638886772,-0.4761948845428493,29116.21446823707,3.027341946272358
5.10,1,bcr4bp_strict,37,0.1633271917703056,0.7091666666666667,0.9998812032158684,-0.04564383852135844,0.05669679279769221,-0.07511591868437406,0.1064753170888129,-0.4838515771851393,28358.84850219362,3.027333508195075
5.10,1,bcr4bp_strict,38,0.16774144019653,0.7283333333333334,0.9995485218194716,-0.04515854428077114,0.05454347223780558,-0.07562045078940409,0.1134774988689442,-0.4918262750107202,27588.97902795655,3.027324714081157
5.10,1,bcr4bp_strict,39,0.1721556886227545,0.7475000000000001,0.9992135342341849,-0.04464128774151074,0.052354199417445,-0.07616176326429207,0.1209659159567694,-0.5001454064303109,26806.07822290501,3.02731553553961
5.10,1,bcr4bp_strict,40,0.176569937048979,0.7666666666666667,0.9988760645930905,-0.04408979439028169,0.05012739018270465,-0.07674616350407423,0.1290001945799348,-0.5088383774524231,26009.57386273121,3.02730594071901
5.10,1,bcr4bp_strict,41,0.1809841854752035,0.7858333333333335,0.9985359065271695,-0.04350150432158413,0.04786132329137736,-0.07738120876670057,0.1376503638489119,-0.5179379626022611,25198.84426182717,3.02729589371056
5.10,1,bcr4bp_strict,42,0.185398433901428,0.8050000000000002,0.9981928169998996,-0.04287352126701654,0.04555412460130075,-0.07807601303865724,0.1469992423775356,-0.5274807386370577,24373.21255134494,3.027285353816134
5.10,1,bcr4bp_strict,43,0.1898126823276524,0.8241666666666667,0.9978465085935062,-0.04220254964306601,0.04320374926003936,-0.07884164636205904,0.157145514153503,-0.5375075545947108,23531.94022873224,3.027274274643
5.10,1,bcr4bp_strict,44,0.1942269307538769,0.8433333333333334,0.9974966397688886,-0.04148481606875941,0.04080796176867327,-0.07969166022217823,0.1682077369046908,-0.5480640207054651,22674.21992974107,3.027262602973559
5.10,1,bcr4bp_strict,45,0.1986411791801014,0.8625000000000002,0.9971428024430802,-0.04071597051905954,0.03836431391001559,-0.08064278708399748,0.180329628873855,-0.5592009783195289,21799.1674148781,3.027250277339619
5.10,1,bcr4bp_strict,46,0.2030554276063258,0.8816666666666667,0.996784505971032,-0.0398909604370366,0.03587012077288861,-0.08171588396944493,0.1936871335456676,-0.5709748756127908,20905.8128471205,3.027237226203748
5.10,1,bcr4bp_strict,47,0.2074696760325503,0.9008333333333334,0.9964211562416309,-0.0390038684432288,0.03332243557244516,-0.08293722335046891,0.2084979958059159,-0.583447905162504,19993.09160325767,3.027223365610798
5.10,1,bcr4bp_strict,48,0.2118839244587748,0.92,0.9960520280357165,-0.03804770030151147,0.03071802485348931,-0.08434028670672307,0.2250349459224764,-0.5966876323512315,19059.83517575341,3.027208596114171
5.10,1,bcr4bp_strict,49,0.2162981728849993,0.9391666666666668,0.9956762279396431,-0.03701410379227298,0.0280533473313268,-0.08596829894479685,0.243644161978599,-0.6107656048983533,18104.76331475956,3.027192798692834
5.10,1,bcr4bp_strict,50,0.2207124213112238,0.9583333333333335,0.9952926437838667,-0.035892989887969,0.02532454277255936,-0.08787787645412241,0.2647716091412808,-0.6257539771692817,17126.4796807899,3.027175829238354
5.10,1,bcr4bp_strict,51,0.2251266697374482,0.9775,0.9948998744798322,-0.03467201306300859,0.0225274433353935,-0.09014438492169591,0.2890013855945757,-0.641718287903042,16123.4754240592,3.027157510975463
5.10,1,bcr4bp_strict,52,0.2295409181636727,0.9966666666666668,0.9944961307358172,-0.03333584414330806,0.01965763151898938,-0.0928699816659566,0.3171127874311754,-0.6587027242189053,15094.14929364074,3.027137623831699
5.10,1,bcr4bp_strict,53,0.2339551665898972,1.015833333333333,0.9940790915181462,-0.03186513056518832,0.01671059234443039,-0.09619597165282767,0.3501672447193099,-0.6767004350747108,14036.86126644722,3.027115889196883
5.10,1,bcr4bp_strict,54,0.2383694150161216,1.035,0.9936456916393678,-0.0302349741908538,0.01368205591481274,-0.100322252450283,0.3896440170899175,-0.6955932722310264,12950.05403794194,3.027091947543822
5.10,1,bcr4bp_strict,55,0.2427836634423461,1.054166666666667,0.9931917995872824,-0.02841264644418939,0.01056873078592429,-0.1055386253782776,0.4376569846696128,-0.715026755986494,11832.51403420048,3.027065324717152
5.10,1,bcr4bp_strict,56,0.2471979118685706,1.073333333333333,0.9927117168196122,-0.02635407227528516,0.007369862970317839,-0.1122760883533534,0.4973071962232199,-0.7341417749345368,10683.92753774041,3.027035379833094
5.10,1,bcr4bp_strict,57,0.2516121602947951,1.0925,0.9921973840443528,-0.02399830723467096,0.004090608966094204,-0.1211907631394655,0.5732561166809239,-0.7509735623175592,9506.085875821682,3.027001222976446
5.10,1,bcr4bp_strict,58,0.2560264087210196,1.111666666666667,0.9916371193579014,-0.02125882427358159,0.0007495850151082186,-0.1332932301293389,0.672605903040896,-0.761038732548326,8305.586224979399,3.026961584288223
5.10,1,bcr4bp_strict,59,0.260440657147244,1.130833333333333,0.9910137176859125,-0.01801044264387998,-0.002603515628002631,-0.150093332697771,0.8058948336205471,-0.7538740714940895,7100.14118721946,3.026914614644615
5.10,1,bcr4bp_strict,60,0.2648549055734685,1.15,0.990302344383475,-0.01407464465468784,-0.005845573743508157,-0.1734335531683184,0.9860849586288057,-0.7046330236525593,5933.761811299506,3.026857651579773
5.10,1,bcr4bp_strict,61,0.269269153999693,1.169166666666667,0.9894725672076042,-0.009231407038382787,-0.008683275383426928,-0.2032346963964725,1.214023446368629,-0.5581006460743245,4911.494494891348,3.02678734979559
5.10,1,bcr4bp_strict,62,0.2736834024259174,1.188333333333333,0.9885137578191128,-0.003382202644657422,-0.01050885504463549,-0.2283555183369985,1.419219841884396,-0.2359648687128907,4251.343765035169,3.026702009251482
5.10,1,bcr4bp_strict,63,0.2780976508521419,1.2075,0.9875042852186945,0.003000785181536586,-0.01056722471946742,-0.2220930055602857,1.428971780258678,0.2113239407440008,4224.730255219924,3.026608244035203
5.10,1,bcr4bp_strict,64,0.2825118992783664,1.226666666666667,0.9866020054795297,0.008918592834377317,-0.00882155863046255,-0.1837900087857108,1.232795997209052,0.5468986131872705,4845.837693483701,3.026520714739965
5.10,1,bcr4bp_strict,65,0.2869261477045909,1.245833333333333,0.9858864304418861,0.01384411641645298,-0.00600986014932877,-0.1414080727297556,1.003851586892625,0.7029080963490028,5850.351857495185,3.026447474268441
5.10,1,bcr4bp_strict,66,0.2913403961308154,1.265,0.9853406427747808,0.01785263302331551,-0.0027652087710193,-0.107439582213059,0.821147112143877,0.7561264559515124,7011.026281073738,3.026387666656439
5.10,1,bcr4bp_strict,67,0.2957546445570398,1.284166666666667,0.9849254298813293,0.02116422187173121,0.0006014174481544406,-0.08190250461785656,0.6861487297787024,0.7646509785707115,8216.0558921474,3.026338166648921
5.10,1,bcr4bp_strict,68,0.3001688929832643,1.303333333333334,0.9846085096957974,0.02396126949940712,0.003959330730144043,-0.06254046485065874,0.5859065396406959,0.7549128743256548,9418.366377488377,3.026296328605913
5.10,1,bcr4bp_strict,69,0.3045831414094888,1.3225,0.9843669865166629,0.02637193580622965,0.007255918550985579,-0.04748416063106693,0.5095995946057474,0.7380191524779298,10598.95194999618,3.026260274431602
5.10,1,bcr4bp_strict,70,0.3089973898357132,1.341666666666667,0.9841848513813465,0.02848459766175008,0.01047148927251659,-0.03546261727286718,0.4499105452306353,0.7187053189205073,11750.6585413136,3.026228700075386
5.10,1,bcr4bp_strict,71,0.3134116382619377,1.360833333333334,0.9840506892738674,0.03036128889498274,0.01360053569894979,-0.02563549095437795,0.4020444386604876,0.6990358743730725,12871.44757971036,3.026200685244855
5.10,1,bcr4bp_strict,72,0.3178258866881622,1.38,0.9839561367651987,0.03204671353957578,0.01664374814384138,-0.017439574800165,0.3628206824489223,0.6799092558838861,13961.52130667893,3.026175563704979
5.10,1,bcr4bp_strict,73,0.3222401351143866,1.399166666666667,0.9838948986595377,0.03357395522531621,0.01960446555427972,-0.01048792670944297,0.3300779840902799,0.6616945667731954,15022.04379718383,3.026152840399992
5.10,1,bcr4bp_strict,74,0.3266543835406112,1.418333333333333,0.9838621186575249,0.03496810310064305,0.02248704388264255,-0.004507518809546663,0.3023085123759402,0.6445142772832272,16054.55196076914,3.026132138508699
5.10,1,bcr4bp_strict,75,0.3310686319668356,1.4375,0.9838539681805799,0.03624860134493282,0.02529609243025462,0.0006992621838246525,0.2784334207140106,0.6283752936439693,17060.67923216999,3.026113164982853
5.10,1,bcr4bp_strict,76,0.3354828803930601,1.456666666666667,0.9838673708898458,0.03743080992176897,0.02803611898194465,0.005278810330843701,0.2576627160905763,0.6132318191262356,18042.02671240325,3.026095687571043
5.10,1,bcr4bp_strict,77,0.3398971288192846,1.475833333333334,0.9838998133930517,0.03852706775141825,0.03071137312575458,0.009341866631333639,0.2394057264607083,0.5990161762491192,19000.10590724064,3.026079519118407
5.10,1,bcr4bp_strict,78,0.344311377245509,1.495,0.9839492120351444,0.03954743435372558,0.03332578720085706,0.01297378165471076,0.2232124859025953,0.5856540319150012,19936.31680993266,3.026064506584203
5.10,1,bcr4bp_strict,79,0.3487256256717335,1.514166666666667,0.9840138170786638,0.04050021864463731,0.03588296528772253,0.01624144359400361,0.208734444442449,0.5730718179287457,20851.94343002732,3.026050523191648
5.10,1,bcr4bp_strict,80,0.353139874097958,1.533333333333333,0.984092142391726,0.04139236355607352,0.0383861952043659,0.01919805998493762,0.1956975422873078,0.5612001733915963,21748.15771799742,3.026037462704942
5.10,1,bcr4bp_strict,81,0.3575541225241824,1.5525,0.9841829129137617,0.04222973088449986,0.04083847069033125,0.02188652617881315,0.1838833766239863,0.549975343452422,22626.02724297759,3.026025235181754
5.10,1,bcr4bp_strict,82,0.361968370950407,1.571666666666667,0.9842850247576572,0.04301731572621598,0.04324251720262803,0.02434184313494724,0.173115779590351,0.5393395347745265,23486.52423549319,3.02601376376918
5.10,1,bcr4bp_strict,83,0.3663826193766314,1.590833333333334,0.9843975144569392,0.04375941031591141,0.04560081800067593,0.02659288283569383,0.1632510872510568,0.5292407532305515,24330.53478352512,3.026002982251008
5.10,1,bcr4bp_strict,84,0.3707968678028559,1.61,0.9845195349410687,0.0444597309044262,0.04791563891334529,0.02866369770906551,0.1541709730312875,0.5196324020640004,25158.86759201203,3.025992833144794
5.10,1,bcr4bp_strict,85,0.3752111162290804,1.629166666666667,0.98465033653572,0.04512151722687522,0.05018905108973174,0.03057450587029119,0.1457770934230204,0.5104727875096807,25972.26204587347,3.025983266207385
5.10,1,bcr4bp_strict,86,0.3796253646553048,1.648333333333333,0.984789251768136,0.04574761136159259,0.05242295151242318,0.03234244225826684,0.1379870346141403,0.5017246082398636,26771.39549051593,3.025974237248056
5.10,1,bcr4bp_strict,87,0.3840396130815293,1.6675,0.984935683090479,0.04634052089547548,0.0546190812960434,0.03398213825850138,0.1307312065574296,0.4933544667041597,27556.88973318279,3.025965707176255
5.10,1,bcr4bp_strict,88,0.3884538615077538,1.686666666666667,0.9850890928670977,0.04690246999868668,0.05677904191137864,0.03550617398469609,0.123950436308257,0.4853324196566967,28329.31681195863,3.025957641230387
5.10,1,bcr4bp_strict,89,0.3928681099339782,1.705833333333333,0.9852489951371926,0.04743544108376926,0.05890430952453059,0.0369254348431864,0.1175940838722198,0.4776315740067033,29089.20409777596,3.025950008347757
5.10,1,bcr4bp_strict,90,0.3972823583602028,1.725,0.9854149487836479,0.04794120905909265,0.06099624765330786,0.03824939532508485,0.111618552974137,0.4702277282884289,29837.03880000423,3.025942780645726
5.10,1,bcr4bp_strict,91,0.4016966067864272,1.744166666666667,0.9855865518258706,0.04842136970357284,0.06305611833719672,0.03948634688144343,0.1059861035007636,0.4630990571516119,30573.27194456699,3.025935932991254
5.10,1,bcr4bp_strict,92,0.4061108552126517,1.763333333333333,0.9857634366187907,0.04887736333466138,0.06508509200254074,0.04064358240722327,0.1006638966745621,0.4562258350014167,31298.32188860196,3.025929442641313
5.10,1,bcr4bp_strict,93,0.4105251036388762,1.7825,0.9859452657882195,0.04931049467780025,0.06708425618637143,0.04172754674326017,0.09562322143264126,0.4495901945235476,32012.577429412,3.025923288940573
5.10,1,bcr4bp_strict,94,0.4149393520651006,1.801666666666667,0.9861317287690329,0.04972194964742535,0.06905462326354082,0.04274396033577366,0.090838863111472,0.4431759158972213,32716.40055890634,3.025917453065693
5.10,1,bcr4bp_strict,95,0.4193536004913251,1.820833333333334,0.9863225388402831,0.05011280959935167,0.07099713730386906,0.04369792152207953,0.08628858479180987,0.4369682427904981,33410.12890844324,3.025911917807856
5.10,1,bcr4bp_strict,96,0.4237678489175496,1.84,0.9865174305726139,0.05048406349937622,0.07291268016961214,0.04459399166847925,0.08195269850980326,0.4309537216182561,34094.07792321099,3.025906667386819
5.10,1,bcr4bp_strict,97,0.428182097343774,1.859166666666667,0.9867161576198465,0.05083661836415945,0.07480207694892221,0.04543626645319982,0.07781370866201309,0.4251200609517298,34768.5428001208,3.02590168729116
5.10,1,bcr4bp_strict,98,0.4325963457699986,1.878333333333334,0.986918490799513,0.05117130826135666,0.0766661008081175,0.0462284358802793,0.07385601379541074,0.4194560083630092,35433.80021864141,3.02589696414037
5.10,1,bcr4bp_strict,99,0.437010594196223,1.8975,0.9871242164172781,0.05148890210179237,0.07850547733440244,0.04697383507008589,0.07006565591239446,0.4139512423505315,36090.1098900477,3.025892485565298
5.10,1,bcr4bp_strict,100,0.4414248426224475,1.916666666666667,0.98733313479827,0.05179011041367865,0.0803208884310174,0.04767548745606245,0.06643010867463586,0.4085962773155374,36737.715947132,3.025888240104077
5.10,1,bcr4bp_strict,101,0.445839091048672,1.935833333333334,0.9875450589947845,0.05207559125485103,0.08211297581847682,0.04833614169435969,0.06293809763102308,0.4033823798437113,37376.84819347471,3.025884217111177
5.10,1,bcr4bp_strict,102,0.4502533394748964,1.955,0.98775981364502,0.0523459553917626,0.08388234418840734,0.04895830334060302,0.05957944695023519,0.3983014947928002,38007.72322883329,3.025880406677631
5.10,1,bcr4bp_strict,103,0.4546675879011209,1.974166666666667,0.9879772339616967,0.05260177085205093,0.08562956405035874,0.04954426214939117,0.05634494820039373,0.3933461798993228,38630.54546502818,3.025876799560818
5.10,1,bcr4bp_strict,104,0.4590818363273454,1.993333333333334,0.9881971648328322,0.0528435669397354,0.08735517430669286,0.05009611569478794,0.05322624755565922,0.388509547799448,39245.50804483133,3.025873387122471
5.10,1,bcr4bp_strict,105,0.4634960847535698,2.0125,0.9884194600197347,0.05307183778764542,0.08905968458613046,0.05061578988469011,0.050215748474086,0.3837852145146255,39852.79367475414,3.025870161273743
5.10,1,bcr4bp_strict,106,0.4679103331797944,2.031666666666667,0.9886439814395842,0.05328704550984584,0.09074357736264488,0.05110505684145927,0.04730652742131969,0.3791672535852424,40452.57538124694,3.025867114426418
5.10,1,bcr4bp_strict,107,0.4723245816060188,2.050833333333334,0.9888705985218607,0.05348962300709337,0.0924073098830433,0.05156555054021147,0.04449226064026244,0.3746501551487346,41045.01719863095,3.02586423944943
5.10,1,bcr4bp_strict,108,0.4767388300322433,2.07,0.9890991876294647,0.05367997647031397,0.09405131592368937,0.05199878053053582,0.04176716031013147,0.3702287893550793,41630.27479605535,3.025861529630026
5.10,1,bcr4bp_strict,109,0.4811530784584678,2.089166666666667,0.9893296315366902,0.05385848762041416,0.0956760073943268,0.05240614401397725,0.03912591871668992,0.3658983735949553,42208.49604988426,3.025858978638967
5.10,1,bcr4bp_strict,110,0.4855673268846922,2.108333333333333,0.9895618189573058,0.05402551571717334,0.09728177580480754,0.05278893650589808,0.03656365928220716,0.3616544430861875,42779.82156715038,3.0258565804993
5.10,1,bcr4bp_strict,111,0.4899815753109167,2.1275,0.9897956441169393,0.05418139936530372,0.0988689936086585,0.0531483612743959,0.03407589348931703,0.3574928244242655,43344.38516504558,3.025854329558241
5.10,1,bcr4bp_strict,112,0.4943958237371412,2.146666666666667,0.9900310063647302,0.05432645814184964,0.1004380154357966,0.05348553771928778,0.03165848288553029,0.3534096117542423,43902.31431084037,3.025852220461817
5.10,1,bcr4bp_strict,113,0.4988100721633656,2.165833333333333,0.9902678098198912,0.05446099406579435,0.1019891792252903,0.05380150882957418,0.02930760548112251,0.3494011452655333,44453.73052612062,3.025850248131944
5.10,1,bcr4bp_strict,114,0.5032243205895901,2.185,0.9905059630493729,0.05458529292794634,0.103522807267833,0.05409724783732375,0.02701972595753267,0.3454639917491147,44998.74975879083,3.025848407745665
5.10,1,bcr4bp_strict,115,0.5076385690158146,2.204166666666667,0.9907453787733161,0.05469962549680195,0.1050392071665188,0.05437366416881247,0.02479156919028572,0.3415949269893316,45537.48272590942,3.025846694716305
5.10,1,bcr4bp_strict,116,0.5120528174420391,2.223333333333334,0.9909859735953849,0.0548042486140565,0.1065386727235689,0.05463160877940312,0.02262009666301632,0.337790919790727,46070.03523008605,3.025845104676339
5.10,1,bcr4bp_strict,117,0.5164670658682635,2.2425,0.9912276677554265,0.05489940619170509,0.10802148475983,0.05487187894657516,0.0205024854099899,0.3340491174646791,46596.50845187593,3.025843633461785
5.10,1,bcr4bp_strict,118,0.520881314294488,2.261666666666667,0.9914703849022135,0.05498533012118995,0.1094879118731436,0.05509522258531592,0.01843610917567142,0.3303668326217394,47116.99922034775,3.025842277097958
5.10,1,bcr4bp_strict,119,0.5252955627207125,2.280833333333334,0.9917140518842845,0.05506224110377409,0.1109382111410405,0.05530234214144122,0.0164185215230582,0.3267415311338642,47631.60026377317,3.025841031786458
5.10,1,bcr4bp_strict,120,0.5297098111469369,2.3,0.9919585985571293,0.05513034941021997,0.112372628772658,0.05549389811106855,0.01444744065903382,0.3231708211466435,48140.40044218555,3.025839893893246
5.10,1,bcr4bp_strict,121,0.5341240595731614,2.319166666666667,0.992203957605163,0.0551898555768987,0.113791400714274,0.05567051222820105,0.01252073577602952,0.3196524430354827,48643.48496337757,3.025838859937724
5.10,1,bcr4bp_strict,122,0.538538307999386,2.338333333333334,0.9924500643771063,0.0552409510446298,0.1151947532124134,0.05583277035702499,0.01063641473570525,0.3161842602117754,49140.93558374952,3.025837926582696
5.10,1,bcr4bp_strict,123,0.5429525564256105,2.3575,0.9926968567335412,0.05528381874583278,0.1165829033380918,0.05598122512092942,0.008792612942930527,0.3127642506956662,49632.83079528168,3.025837090625146
5.10,1,bcr4bp_strict,124,0.5473668048518349,2.376666666666667,0.9929442749055436,0.05531863364494623,0.1179560594754134,0.05611639829630715,0.006987583277676354,0.3093904993812507,50119.24599977914,3.025836348987742
5.10,1,bcr4bp_strict,125,0.5517810532780594,2.395833333333333,0.9931922613634081,0.05534556323652282,0.1193144217774309,0.05623878299578962,0.005219686969026504,0.3060611909281681,50600.25367142772,3.025835698710997
5.10,1,bcr4bp_strict,126,0.5561953017042839,2.415,0.9934407606945873,0.05536476800493038,0.1206581825919,0.05634884566262474,0.003487385309807208,0.3027746032206742,51075.9235086012,3.02583513694605
5.10,1,bcr4bp_strict,127,0.5606095501305083,2.434166666666667,0.9936897194900529,0.05537640184916847,0.1219875268593154,0.05644702789535491,0.001789232122666377,0.2995291013415485,51546.32257577207,3.025834660947969
5.10,1,bcr4bp_strict,128,0.5650237985567328,2.453333333333334,0.993939086238368,0.05538061247594076,0.1233026324853947,0.05653374811973744,0.000123866899104807,0.2963231320137285,52011.5154362997,3.025834268069576
5.10,1,bcr4bp_strict,129,0.5694380469829573,2.472500000000001,0.9941888112268316,0.05537754176379777,0.12460367068998,0.05660940312291835,-0.001509991457786672,0.2931552184674461,52471.56427679953,3.025833955755712
5.10,1,bcr4bp_strict,130,0.5738522954091817,2.491666666666667,0.9944388464491145,0.055367326100877,0.1258908063341512,0.05667436946318881,-0.003113550348088052,0.2900239556949642,52926.52902373359,3.025833721537923
5.10,1,bcr4bp_strict,131,0.5782665438354062,2.510833333333334,0.9946891455188677,0.0553500966985132,0.1271641982271836,0.0567290047671796,-0.004687948701509328,0.2869280060588414,53376.46745280636,3.02583356302953
5.10,1,bcr4bp_strict,132,0.5826807922616307,2.53,0.9949396635888258,0.05532597988276607,0.1284239994148434,0.05677364892505929,-0.006234261763632752,0.2838660952230549,53821.4352916982,3.025833477921039
5.10,1,bcr4bp_strict,133,0.5870950406878551,2.549166666666667,0.9951903572749808,0.0552950973657123,0.1296703574503827,0.05680862519316883,-0.007753505484677639,0.2808370083793285,54261.48631662414,3.025833463975879
5.10,1,bcr4bp_strict,134,0.5915092891140796,2.568333333333333,0.9954411845854337,0.05525756649817107,0.130903414649483,0.05683424121252784,-0.009246640548838937,0.2778395867437074,54696.67244316258,3.025833519026429
5.10,1,bcr4bp_strict,135,0.5959235375403041,2.5875,0.9956921048535697,0.05521350050537329,0.1321233083302864,0.05685078995076936,-0.01071457607813549,0.2748727243008169,55127.04381176236,3.025833640970319
5.10,1,bcr4bp_strict,136,0.6003377859665286,2.606666666666667,0.9959430786752363,0.055163008706943,0.1333301710395656,0.05685855057428321,-0.01215817304108458,0.2719353647753842,55552.64886830239,3.025833827766974
5.10,1,bcr4bp_strict,137,0.604752034392753,2.625833333333333,0.9961940678496281,0.05510619672243327,0.1345241307659919,0.05685778925666138,-0.01357824739332696,0.2690264988125172,55973.53444004718,3.025834077434393
5.10,1,bcr4bp_strict,138,0.6091662828189776,2.645,0.9964450353236085,0.0550431666635449,0.1357053111413857,0.05684875992892991,-0.01497557297451025,0.2661451613499486,56389.7458073141,3.025834388046141
5.10,1,bcr4bp_strict,139,0.6135805312452021,2.664166666666667,0.9966959451392268,0.05497401731405505,0.1368738316307632,0.05683170497651112,-0.01635088418324546,0.2632904291669905,56801.32677114258,3.025834757728527
5.10,1,bcr4bp_strict,140,0.6179947796714265,2.683333333333334,0.9969467623841991,0.05489884429839127,0.1380298077119276,0.05680685588737933,-0.01770487844974554,0.2604614185963235,57208.31971723312,3.025835184657975
5.10,1,bcr4bp_strict,141,0.622409028097651,2.7025,0.9971974531451528,0.05481774023970451,0.1391733510452956,0.05677443385544454,-0.01903821852379401,0.2576572833859864,57610.76567640255,3.025835667058552
5.10,1,bcr4bp_strict,142,0.6268232765238755,2.721666666666667,0.9974479844634413,0.05473079490822042,0.1403045696345964,0.05673465034281666,-0.02035153459395112,0.2548772127000478,58008.70438178301,3.025836203199665
5.10,1,bcr4bp_strict,143,0.6312375249500999,2.740833333333334,0.9976983242933559,0.05463809536058183,0.1414235679790313,0.05668770760426126,-0.02164542625235593,0.2521204292474489,58402.1743229751,3.025836791393882
5.10,1,bcr4bp_strict,144,0.6356517733763244,2.76,0.997948441462576,0.0545397260708347,0.1425304472174395,0.05663379917685188,-0.02292046431809933,0.2493861875294099,58791.21279734954,3.025837429994907
5.10,1,bcr4bp_strict,145,0.6400660218025489,2.779166666666667,0.9981983056347075,0.05443576905365569,0.1436253052649719,0.05657311033755025,-0.02417719253090997,0.2466737721966202,59175.85595867706,3.02583811739567
5.10,1,bcr4bp_strict,146,0.6444802702287733,2.798333333333333,0.9984478872737763,0.05432630398036983,0.1447082369427413,0.0565058185312,-0.02541612912579233,0.2439824965081673,59556.13886325349,3.025838852026531
5.10,1,bcr4bp_strict,147,0.6488945186549978,2.8175,0.9986971576105493,0.05421140828826215,0.1457793341008803,0.05643209377119755,-0.02663776829826803,0.2413117008848339,59932.09551367428,3.025839632353594
5.10,1,bcr4bp_strict,148,0.6533087670812223,2.836666666666667,0.9989460886105674,0.05409115728364651,0.146838685735409,0.05635209901490656,-0.02784258156898486,0.2386607515500036,60303.75890040178,3.025840456877124
5.10,1,bcr4bp_strict,149,0.6577230155074467,2.855833333333333,0.9991946529437838,0.05396562423911817,0.1478863780992855,0.05626599051570091,-0.02903101905566591,0.2360290392519633,60671.16104125872,3.025841324130057
5.10,1,bcr4bp_strict,150,0.6621372639336712,2.875,0.9994428239557079,0.05383488048538256,0.1489224948079848,0.05617391815336151,-0.03020351065965288,0.2334159780618973,61034.33301897141,3.02584223267659
5.10,1,bcr4bp_strict,151,0.6665515123598957,2.894166666666667,0.9996905756399629,0.05369899549802261,0.1499471169399294,0.05607602574440464,-0.03136046717365678,0.2308210042423214,61393.30501687763,3.025843181110869
5.10,1,bcr4bp_strict,152,0.6709657607861201,2.913333333333334,0.9999378826121709,0.05355803697953896,0.1509603231320714,0.05597245133378788,-0.03250228131674899,0.2282435751811218,61748.1063529069,3.025844168055734
5.10,1,bcr4bp_strict,153,0.6753800092123446,2.9325,1.000184720085088,0.05341207093697174,0.1519621896709057,0.05586332746931989,-0.03362932870210197,0.2256831683867426,62098.76551193226,3.025845192161547
5.10,1,bcr4bp_strict,154,0.6797942576385692,2.951666666666667,1.000431063844914,0.0532611617553897,0.152952790579175,0.0557487814599916,-0.03474196874251678,0.2231392805404119,62445.31017658732,3.025846252105091
5.10,1,bcr4bp_strict,155,0.6842085060647937,2.970833333333334,1.000676890228712,0.05310537226751076,0.15393219769851,0.05562893561934772,-0.0358405454983476,0.2206114266016089,62787.76725663503,3.025847346588517
5.10,1,bcr4bp_strict,156,0.6886227544910181,2.99,1.000922176102862,0.052944763819699,0.1549004807682318,0.05550390749492851,-0.0369253884720455,0.218099138963267,63126.16291696929,3.025848474338364
5.10,1,bcr4bp_strict,157,0.6930370029172426,3.009166666666667,1.001166898842514,0.05277939633456489,0.1558577075005288,0.05537381008472897,-0.03799681335319426,0.2156019666534678,63460.5226043255,3.02584963410463
5.10,1,bcr4bp_strict,158,0.6974512513434671,3.028333333333334,1.001411036311951,0.05260932837037952,0.1568039436522077,0.05523875204154981,-0.03905512271759147,0.2131194745806254,63790.8710727706,3.025850824659888
5.10,1,bcr4bp_strict,159,0.7018654997696915,3.0475,1.001654566845849,0.05243461717749825,0.1577392530932016,0.055098837866046,-0.04010060668364007,0.2106512428193783,64117.23240803884,3.025852044798461
5.10,1,bcr4bp_strict,160,0.706279748195916,3.066666666666667,1.001897469231343,0.05225531875197544,0.1586636978720128,0.05495416808921686,-0.04113354352905248,0.2081968659346131,64439.6300507759,3.025853293335637
5.10,1,bcr4bp_strict,161,0.7106939966221405,3.085833333333334,1.002139722690899,0.05207148788653956,0.15957733827825,0.05480483944502604,-0.04215420027062926,0.2057559523412276,64758.08681874881,3.025854569106925
5.10,1,bcr4bp_strict,162,0.7151082450483649,3.105,1.00238130686591,0.05188317821908563,0.1604802329024148,0.05465094503378685,-0.04316283320965784,0.2033281236974131,65072.62492807662,3.025855870967365
5.10,1,bcr4bp_strict,163,0.7195224934745894,3.124166666666667,1.002622201801003,0.05169044227883172,0.1613724386930803,0.05449257447690256,-0.04415968844527675,0.2009130143293927,65383.26601353316,3.025857197790853
5.10,1,bcr4bp_strict,164,0.7239367419008139,3.143333333333334,1.002862387929012,0.05149333153027606,0.1622540110115953,0.05432981406350678,-0.0451450023579697,0.1985102706856997,65690.03114796919,3.025858548469527
5.10,1,bcr4bp_strict,165,0.7283509903270383,3.1625,1.00310184605657,0.05129189641508204,0.1631250036844427,0.05416274688951035,-0.04611900206518828,0.1961195508192087,65992.94086089999,3.025859921913164
5.10,1,bcr4bp_strict,166,0.7327652387532628,3.181666666666667,1.003340557350317,0.05108618639201015,0.1639854690533688,0.05399145298952356,-0.0470819058509504,0.1937405238952606,66292.01515629995,3.02586131704863
5.10,1,bcr4bp_strict,167,0.7371794871794873,3.200833333333334,1.003578503323657,0.05087624997500777,0.164835458023396,0.05381600946209059,-0.04803392357112195,0.191372869724332,66587.27352964444,3.025862732819347
5.10,1,bcr4bp_strict,168,0.7415937356057118,3.220000000000001,1.003815665824067,0.05066213476956071,0.1656750201088248,0.0536364905886405,-0.04897525703596336,0.1890162783178072,66878.73498423652,3.02586416818479
5.10,1,bcr4bp_strict,169,0.7460079840319362,3.239166666666667,1.004052027020912,0.05044388750740358,0.1665042034773226,0.05345296794653249,-0.0499061003714048,0.1866704494655046,67166.41804685352,3.025865622120014
5.10,1,bcr4bp_strict,170,0.7504222324581608,3.258333333333334,1.004287569393749,0.05022155407967981,0.1673230549921938,0.05326551051654561,-0.05082664036040796,0.1843350923337031,67450.34078274685,3.025867093615211
5.10,1,bcr4bp_strict,171,0.7548364808843853,3.277500000000001,1.004522275721088,0.04999517956863643,0.1681316202529183,0.05307418478514003,-0.05173705676567251,0.1820099250824923,67730.52081002644,3.025868581675273
5.10,1,bcr4bp_strict,172,0.7592507293106097,3.296666666666667,1.004756129069605,0.04976480827793341,0.1689299436340413,0.05287905484179426,-0.05263752263485692,0.1796946745013503,68006.97531345945,3.025870085319408
5.10,1,bcr4bp_strict,173,0.7636649777368342,3.315833333333334,1.004989112783761,0.04953048376164214,0.1697180683224939,0.05268018247170273,-0.05352820458939839,0.1773890756619227,68279.72105771081,3.025871603580745
5.10,1,bcr4bp_strict,174,0.7680792261630587,3.335,1.005221210475831,0.04929224885200345,0.1704960363534153,0.05247762724409815,-0.0544092630979414,0.1750928715870413,68548.77440005199,3.025873135505983
5.10,1,bcr4bp_strict,175,0.7724934745892831,3.354166666666667,1.005452406016308,0.04905014568601082,0.1712638886445496,0.05227144659644713,-0.05528085273531298,0.1728058129350849,68814.15130256336,3.025874680155048
5.10,1,bcr4bp_strict,176,0.7769077230155076,3.373333333333334,1.005682683524672,0.04880421573088066,0.1720216650292816,0.05206169591474989,-0.05614312242791863,0.1705276576988374,69075.86734385272,3.025876236600773
5.10,1,bcr4bp_strict,177,0.7813219714417321,3.392500000000001,1.005912027360502,0.04855449980846788,0.1727694042883725,0.05184842861016089,-0.05699621568637186,0.1682581709180551,69333.93773031281,3.025877803928594
5.10,1,bcr4bp_strict,178,0.7857362198679565,3.411666666666667,1.006140422114927,0.04830103811868131,0.1735071441804574,0.05163169619213243,-0.05784027082611592,0.1659971244050003,69588.37730693877,3.02587938123626
5.10,1,bcr4bp_strict,179,0.790150468294181,3.430833333333334,1.00636785260238,0.04804387026195043,0.1742349214713571,0.05141154833827142,-0.05867542117674442,0.163744296482248,69839.20056772504,3.025880967633565
5.10,1,bcr4bp_strict,180,0.7945647167204055,3.450000000000001,1.006594303852666,0.04778303526079186,0.1749527719622596,0.0511880329610865,-0.05950179528068014,0.1614994717321097,70086.4216656607,3.025882562242088
5.10,1,bcr4bp_strict,181,0.7989789651466299,3.469166666666667,1.006819761103309,0.04751857158052117,0.1756607305168187,0.05096119627179239,-0.06031951708182832,0.1592624407570633,70330.05442234114,3.025884164194954
5.10,1,bcr4bp_strict,182,0.8033932135728544,3.488333333333334,1.007044209792177,0.04725051714915292,0.17635883108722,0.05073108284132748,-0.06112870610477916,0.1570329999506103,70570.11233721279,3.025885772636598
5.10,1,bcr4bp_strict,183,0.8078074619990789,3.5075,1.007267635550374,0.04697890937652967,0.1770471067392555,0.05049773565873133,-0.06192947762509737,0.1548109512780198,70806.60859646669,3.025887386722556
5.10,1,bcr4bp_strict,184,0.8122217104253033,3.526666666666667,1.007490024195382,0.04670378517271789,0.1777255896764527,0.05026119618701992,-0.0627219428312013,0.1525961020664454,71039.55608159644,3.025889005619259
5.10,1,bcr4bp_strict,185,0.8166359588515278,3.545833333333333,1.007711361724438,0.04642518096570701,0.1783943112632965,0.05002150441668785,-0.06350620897830242,0.1503882648039382,71268.96737763468,3.025890628503835
5.10,1,bcr4bp_strict,186,0.8210502072777524,3.565,1.007931634308155,0.04614313271844575,0.1790533020475824,0.04977869891695895,-0.0642823795348451,0.1481872569469,71494.85478108146,3.025892254563932
5.10,1,bcr4bp_strict,187,0.8254644557039769,3.584166666666667,1.008150828284351,0.04585767594524769,0.1797025917819381,0.04953281688490023,-0.06505055432185951,0.1459929007355514,71717.23030753815,3.025893882997547
5.10,1,bcr4bp_strict,188,0.8298787041302013,3.603333333333333,1.008368930152102,0.04556884572759675,0.1803422094445474,0.04928389419250622,-0.06581082964561406,0.1438050230170113,71936.10569905817,3.025895513012862
5.10,1,bcr4bp_strict,189,0.8342929525564258,3.6225,1.008585926565989,0.04527667672938105,0.1809721832591085,0.04903196543185532,-0.06656329842393009,0.1416234550756095,72151.49243122719,3.025897143828093
5.10,1,bcr4bp_strict,190,0.8387072009826503,3.641666666666667,1.008801804330547,0.04498120321158279,0.1815925407140598,0.04877706395843367,-0.06730805030649822,0.139448032470073,72363.40171998327,3.02589877467135
5.10,1,bcr4bp_strict,191,0.8431214494088747,3.660833333333334,1.009016550394898,0.04468245904644945,0.1822033085811005,0.04851922193271656,-0.06804517178951626,0.1372785948772466,72571.8445281876,3.025900404780498
5.10,1,bcr4bp_strict,192,0.8475356978350992,3.68,1.009230151847564,0.04438047773117103,0.1828045129330356,0.04825847036009198,-0.06877474632494782,0.1351149859420313,72776.83157195598,3.025902033403032
5.10,1,bcr4bp_strict,193,0.8519499462613237,3.699166666666667,1.009442595911454,0.04407529240108637,0.1833961791609717,0.04799483912920659,-0.06949685442468322,0.1329570531332342,72978.37332676038,3.025903659795961
5.10,1,bcr4bp_strict,194,0.8563641946875481,3.718333333333334,1.009653869939015,0.04376693584244039,0.1839783319908889,0.04772835704880972,-0.07021157375986732,0.1308046476050473,73176.48003330997,3.025905283225697
5.10,1,bcr4bp_strict,195,0.8607784431137726,3.7375,1.009863961407548,0.04345544050471304,0.1845509954996132,0.04745905188316651,-0.07091897925564306,0.1286576240638828,73371.16170321974,3.025906902967948
5.10,1,bcr4bp_strict,196,0.8651926915399971,3.756666666666667,1.010072857914667,0.04314083851253986,0.1851141931302122,0.0471869503861077,-0.07161914318154444,0.1265158406403106,73562.42812447541,3.025908518307622
5.10,1,bcr4bp_strict,197,0.8696069399662215,3.775833333333333,1.010280547173915,0.04282316167724255,0.1856679477068368,0.04691207833377993,-0.07231213523775956,0.1243791587658542,73750.28886670225,3.025910128538743
5.10,1,bcr4bp_strict,198,0.874021188392446,3.795,1.010487017010519,0.0425024415079876,0.1862122814490288,0.0466344605561565,-0.07299802263747054,0.1222474430544155,73934.75328624513,3.025911732964354
5.10,1,bcr4bp_strict,199,0.8784354368186705,3.814166666666667,1.010692255357277,0.04217870922258967,0.1867472159855153,0.04635412096736576,-0.073676870185466,0.1201205611881126,74115.83053106721,3.025913330896449
5.10,1,bcr4bp_strict,200,0.882849685244895,3.833333333333334,1.010896250250585,0.04185199575797594,0.1872727723675085,0.04607108259489105,-0.07434874035320968,0.1179983838073217,74293.52954547365,3.025914921655896
5.10,1,bcr4bp_strict,201,0.8872639336711194,3.8525,1.011098989826582,0.04152233178032647,0.1877889710815284,0.04578536760769303,-0.07501369335053895,0.1158807844047298,74467.85907466729,3.025916504572369
5.10,1,bcr4bp_strict,202,0.891678182097344,3.871666666666667,1.01130046231742,0.04118974769490528,0.1882958320617677,0.04549699734330308,-0.07567178719415624,0.1137676392232095,74638.8276691419,3.025918078984287
5.10,1,bcr4bp_strict,203,0.8960924305235685,3.890833333333334,1.011500656047655,0.04085427365559591,0.1887933747020121,0.04520599233393333,-0.07632307777306796,0.1116588271573429,74806.44368891917,3.025919644238756
5.10,1,bcr4bp_strict,204,0.9005066789497929,3.91,1.011699559430746,0.04051593957415444,0.1892816178671354,0.04491237233164671,-0.07696761891111623,0.1095542296584243,74970.71530763521,3.025921199691514
5.10,1,bcr4bp_strict,205,0.9049209273760174,3.929166666666667,1.011897160965666,0.04017477512919284,0.1897605799041819,0.04461615633262839,-0.0776054624267408,0.107453730642783,75131.65051648143,3.025922744706883
5.10,1,bcr4bp_strict,206,0.9093351758022419,3.948333333333334,1.012093449233614,0.03983080977490423,0.1902302786530507,0.0443173626005977,-0.0782366581901006,0.1053572164032763,75289.25712800529,3.02592427865773
5.10,1,bcr4bp_strict,207,0.9137494242284663,3.9675,1.012288412894838,0.03948407274954173,0.1906907314567971,0.04401600868939706,-0.07886125417767764,0.1032645755238062,75443.54277977563,3.025925800925416
5.10,1,bcr4bp_strict,208,0.9181636726546908,3.986666666666667,1.012482040685546,0.03913459308366141,0.1911419551715623,0.04371211146479392,-0.0794792965244789,0.1011756987967242,75594.51493791721,3.025927310899772
5.10,1,bcr4bp_strict,209,0.9225779210809153,4.005833333333334,1.012674321414914,0.03878239960814016,0.1915839661761445,0.04340568712552842,-0.08009082957394505,0.0990904791429939,75742.18090051896,3.025928807979056
5.10,1,bcr4bp_strict,210,0.9269921695071397,4.025,1.012865243962189,0.03842752096197797,0.1920167803812243,0.04309675122363895,-0.08069589592567014,0.09700881153498629,75886.54780092012,3.025930291569929
5.10,1,bcr4bp_strict,211,0.9314064179333642,4.044166666666667,1.013054797273879,0.03806998559989419,0.1924404132382542,0.04278531868409531,-0.0812945364810292,0.09493059292178874,76027.62261087842,3.025931761087429
5.10,1,bcr4bp_strict,212,0.9358206663595887,4.063333333333333,1.013242970361025,0.03770982179972695,0.1928548797480236,0.04247140382376877,-0.0818867904868064,0.09285572215691656,76165.41214362392,3.025933215954947
5.10,1,bcr4bp_strict,213,0.9402349147858131,4.0825,1.013429752296556,0.03734705766964413,0.1932601944689105,0.04215502036976566,-0.08247269557691117,0.0907840999283175,76299.92305680249,3.025934655604206
5.10,1,bcr4bp_strict,214,0.9446491632120376,4.101666666666667,1.013615132212729,0.03698172115517433,0.1936563715248285,0.04183618147715076,-0.08305228781226498,0.08871562869056707,76431.1618553124,3.025936079475251
5.10,1,bcr4bp_strict,215,0.9490634116382621,4.120833333333334,1.013799099298639,0.03661384004606555,0.1940434246128795,0.04151489974608505,-0.08362560171893668,0.08665021259915687,76559.13489403698,3.025937487016427
5.10,1,bcr4bp_strict,216,0.9534776600644865,4.140000000000001,1.013981642797809,0.03624344198297948,0.1944213670107205,0.04119118723840121,-0.08419267032460091,0.08458775744678142,76683.84838047744,3.025938877684371
5.10,1,bcr4bp_strict,217,0.957891908490711,4.159166666666667,1.014162752005843,0.03587055446402814,0.1947902115836533,0.04086505549363962,-0.08475352519338911,0.08252817060153383,76805.3083772879,3.025940250944008
5.10,1,bcr4bp_strict,218,0.9623061569169356,4.178333333333334,1.014342416268163,0.03549520485116034,0.1951499707914462,0.04053651554456546,-0.08530819645919969,0.08047136094692557,76923.52080471625,3.025941606268538
5.10,1,bcr4bp_strict,219,0.9667204053431601,4.197500000000001,1.0145206249778,0.03511742037640427,0.1955006566948938,0.04020557793218774,-0.08585671285753022,0.07841723882364673,77038.49144295369,3.025942943139439
5.10,1,bcr4bp_strict,220,0.9711346537693845,4.216666666666667,1.014697367573258,0.03473722814797273,0.1958422809621242,0.03987225272029928,-0.08639910175589079,0.0763657159729897,77150.22593439487,3.025944261046457
5.10,1,bcr4bp_strict,221,0.975548902195609,4.235833333333334,1.014872633536438,0.03435465515623717,0.1961748548746593,0.03953654950955629,-0.08693538918285514,0.07431670548185972,77258.72978581236,3.025945559487617
5.10,1,bcr4bp_strict,222,0.9799631506218335,4.255000000000001,1.015046412390621,0.03396972827957642,0.1964983893332367,0.03919847745111467,-0.08746559985580235,0.07227012172930161,77364.00837044677,3.02594683796922
5.10,1,bcr4bp_strict,223,0.9843773990480579,4.274166666666667,1.015218693698519,0.03358247429010564,0.1968128948633972,0.0388580452598403,-0.08798975720739992,0.0702258803344723,77466.06693001557,3.025948096005845
5.10,1,bcr4bp_strict,224,0.9887916474742824,4.293333333333334,1.015389467060372,0.03319291985929125,0.1971183816208479,0.03851526122710863,-0.08850788341087583,0.06818389810599322,77564.91057664264,3.025949333120365
5.10,1,bcr4bp_strict,225,0.9932058959005069,4.312500000000001,1.015558722112111,0.03280109156345669,0.1974148593966024,0.03817013323320945,-0.08901999940412456,0.06614409299261942,77660.54429471061,3.025950548843946
5.10,1,bcr4bp_strict,226,0.9976201443267313,4.331666666666667,1.015726448523564,0.03240701588918442,0.1977023376219077,0.03782266875937083,-0.08952612491269012,0.06410638403516335,77752.97294263814,3.025951742716063
5.10,1,bcr4bp_strict,227,1.002034392752956,4.350833333333334,1.015892635996726,0.03201071923861872,0.1979808253729607,0.0374728748994162,-0.09002627847166626,0.06207069131961483,77842.20125458394,3.02595291428451
5.10,1,bcr4bp_strict,228,1.00644864117918,4.37,1.016057274264072,0.03161222793467438,0.1982503313754202,0.03712075837106805,-0.09052047744655224,0.06003693593140119,77928.23384207963,3.025954063105414
5.10,1,bcr4bp_strict,229,1.010862889605405,4.389166666666667,1.016220353086919,0.03121156822615522,0.1985108640087204,0.03676632552691028,-0.09100873805310024,0.05800503991073167,78011.07519559286,3.02595518874325
5.10,1,bcr4bp_strict,230,1.015277138031629,4.408333333333334,1.01638186225384,0.03080876629278754,0.1987624313101885,0.03640958236502208,-0.09149107537618861,0.05597492620897561,78090.72968602281,3.025956290770856
5.10,1,bcr4bp_strict,231,1.019691386457854,4.4275,1.016541791579124,0.030403848250172,0.1990050409789721,0.03605053453929369,-0.09196750338775339,0.05394651864602145,78167.20156612917,3.025957368769453
5.10,1,bcr4bp_strict,232,1.024105634884078,4.446666666666667,1.016700130901273,0.0299968401546586,0.199238700379781,0.03568918736943621,-0.09243803496380824,0.05191974186856989,78240.49497189652,3.025958422328666
5.10,1,bcr4bp_strict,233,1.028519883310303,4.465833333333333,1.016856870081555,0.02958776800814846,0.1994634165464467,0.0353255458506951,-0.09290268190058175,0.04989452130931318,78310.61392383558,3.025959451046539
5.10,1,bcr4bp_strict,234,1.032934131736527,4.485,1.017011999002587,0.02917665776282615,0.1996791961853028,0.03495961466327742,-0.09336145492979946,0.04787078314695396,78377.56232822225,3.025960454529561
5.10,1,bcr4bp_strict,235,1.037348380162752,4.504166666666667,1.017165507566968,0.02876353532582646,0.1998860456783919,0.03459139818150293,-0.09381436373313554,0.04584845426702157,78441.34397827639,3.02596143239269
5.10,1,bcr4bp_strict,236,1.041762628588976,4.523333333333333,1.017317385695949,0.0283484265638393,0.2000839710865005,0.03422090048268762,-0.09426141695585868,0.04382746222344205,78501.96255528113,3.025962384259372
5.10,1,bcr4bp_strict,237,1.0461768770152,4.5425,1.017467623328137,0.0279313573076558,0.2002729781520256,0.03384812535576823,-0.09470262221969472,0.04180773520081976,78559.42162964398,3.025963309761573
5.10,1,bcr4bp_strict,238,1.050591125441425,4.561666666666667,1.017616210418245,0.02751235335665963,0.2004530723016771,0.03347307630967683,-0.09513798613492684,0.03978920197739219,78613.72466190111,3.025964208539798
5.10,1,bcr4bp_strict,239,1.055005373867649,4.580833333333334,1.017763136935873,0.02709144048326643,0.2006242586490173,0.03309575658147264,-0.09556751431175359,0.03777179188861821,78664.8750036655,3.025965080243124
5.10,1,bcr4bp_strict,240,1.059419622293874,4.6,1.017908392864323,0.02666864443731457,0.2007865419968419,0.03271616914423861,-0.09599121137092324,0.03575543479136098,78712.87589852032,3.025965924529229
5.10,1,bcr4bp_strict,241,1.063833870720098,4.619166666666668,1.018051968199454,0.02624399095041077,0.200939926839403,0.032334316714751,-0.09640908095366173,0.03374006102863047,78757.73048285805,3.025966741064416
5.10,1,bcr4bp_strict,242,1.068248119146323,4.638333333333334,1.018193852948563,0.02581750574023332,0.2010844173644783,0.0319502017609274,-0.0968211257309103,0.03172560139484887,78799.44178666684,3.025967529523644
5.10,1,bcr4bp_strict,243,1.072662367572548,4.657500000000001,1.018334037129307,0.02538921451479592,0.2012200174552883,0.03156382650906082,-0.09722734741188828,0.02971198710160296,78838.01273426425,3.025968289590566
5.10,1,bcr4bp_strict,244,1.077076615998772,4.676666666666668,1.018472510768652,0.02495914297667542,0.201346730692263,0.03117519295084572,-0.09762774675199423,0.02769914974385166,78873.44614497987,3.025969020957552
5.10,1,bcr4bp_strict,245,1.081490864424996,4.695833333333334,1.018609263901846,0.02452731682720581,0.20146456035466,0.03078430285020186,-0.09802232356005902,0.0256870212665525,78905.74473378676,3.025969723325729
5.10,1,bcr4bp_strict,246,1.085905112851221,4.715000000000001,1.018744286571437,0.02409376177064187,0.2015735094220369,0.03039115774990191,-0.09841107670496206,0.02367553393167685,78934.91111188337,3.025970396405009
5.10,1,bcr4bp_strict,247,1.090319361277445,4.734166666666667,1.018877568826305,0.02365850351829497,0.2016735805755785,0.02999575897800803,-0.09879400412162172,0.02166462028558079,78960.94778722552,3.025971039914127
5.10,1,bcr4bp_strict,248,1.09473360970367,4.753333333333334,1.01900910072073,0.02322156779264352,0.2017647761992803,0.02959810765412253,-0.09917110281636982,0.01965421312669949,78983.85716500986,3.025971653580675
5.10,1,bcr4bp_strict,249,1.099147858129894,4.772500000000001,1.019138872313486,0.02278298033142141,0.2018470983809914,0.02919820469545765,-0.0995423688717188,0.01764424547353587,79003.64154810911,3.025972237141136
5.10,1,bcr4bp_strict,250,1.103562106556119,4.791666666666667,1.019266873666959,0.02234276689168652,0.2019205489133148,0.02879605082272913,-0.09990779745052951,0.01563465053291235,79020.30313745921,3.025972790340924
5.10,1,bcr4bp_strict,251,1.107976354982343,4.810833333333334,1.019393094846295,0.02190095325387212,0.2019851292943697,0.02839164656587773,-0.1002673827995868,0.01362536166845492,79033.84403239949,3.025973312934421
5.10,1,bcr4bp_strict,252,1.112390603408568,4.830000000000001,1.019517525918566,0.02145756522582389,0.2020408407284139,0.02798499226962314,-0.1006211182525887,0.01161631236928175,79044.26623096564,3.025973804685011
5.10,1,bcr4bp_strict,253,1.116804851834792,4.849166666666667,1.01964015695197,0.02101262864682504,0.2020876841263297,0.02757608809885436,-0.1009689962325543,0.009607436218866268,79051.57163013634,3.025974265365123
5.10,1,bcr4bp_strict,254,1.121219100261017,4.868333333333333,1.019760978015042,0.02056616939161192,0.2021256601059714,0.02716493404385946,-0.1013110082536551,0.007598666864044983,79055.76202603371,3.025974694756271
5.10,1,bcr4bp_strict,255,1.125633348687241,4.887500000000001,1.019879979175901,0.02011821337438292,0.2021547689923771,0.02675152992539957,-0.1016471449224727,0.005589937984143189,79056.83911407753,3.025975092649087
5.10,1,bcr4bp_strict,256,1.130047597113466,4.906666666666667,1.019997150501509,0.01966878655280321,0.2021750108178439,0.02633587539962944,-0.101977395938686,0.003581183260189315,79054.80448909415,3.02597545884337
5.10,1,bcr4bp_strict,257,1.13446184553969,4.925833333333333,1.020112482056954,0.01921791493200738,0.2021863853218678,0.02591796996286783,-0.1023017500951887,0.00157233634418872,79049.65964537965,3.025975793148125
5.10,1,bcr4bp_strict,258,1.138876093965915,4.945000000000001,1.020225963904759,0.01876562456860307,0.2021888919509477,0.02549781295622118,-0.102620195277639,-0.0004366691715693396,79041.40597671774,3.025976095381603
5.10,1,bcr4bp_strict,259,1.143290342392139,4.964166666666667,1.020337586104202,0.01831194157467787,0.2021825298582543,0.02507540357006279,-0.1029327184634412,-0.002445899785200535,79030.04477635266,3.025976365371342
5.10,1,bcr4bp_strict,260,1.147704590818363,4.983333333333333,1.020447338710664,0.01785689212181172,0.2021672979031629,0.02465074084837018,-0.1032393057201578,-0.004455422115938993,79015.57723691661,3.025976602954217
5.10,1,bcr4bp_strict,261,1.152118839244588,5.0025,1.020555211774989,0.01740050244509779,0.202143194650651,0.02422382369292328,-0.1035399422033513,-0.006465302934901683,78998.00445031235,3.025976807976477
5.10,1,bcr4bp_strict,262,1.156533087670812,5.021666666666667,1.020661195342868,0.01694279884717418,0.2021102183705601,0.02379465086736538,-0.103834612153853,-0.008475609195932711,78977.32740755074,3.025976980293798
5.10,1,bcr4bp_strict,263,1.160947336097037,5.040833333333333,1.020765279454237,0.01648380770226868,0.2020683670367204,0.02336322100112871,-0.1041232988944549,-0.0104864080665566,78953.546998543,3.025977119771315
5.10,1,bcr4bp_strict,264,1.165361584523261,5.06,1.020867454142692,0.01602355546025972,0.2020176383259393,0.02292953259322732,-0.1044059848260212,-0.01249776695906698,78926.6640118479,3.025977226283683
5.10,1,bcr4bp_strict,265,1.169775832949486,5.079166666666667,1.020967709434921,0.01556206865075568,0.2019580296168518,0.02249358401591783,-0.1046826514230139,-0.0145097535617802,78896.6791343736,3.025977299715113
5.10,1,bcr4bp_strict,266,1.17419008137571,5.098333333333334,1.021066035350156,0.01509937388719509,0.2018895379886329,0.02205537351823024,-0.1049532792284267,-0.01652243587048349,78863.59295103418,3.025977339959424
5.10,1,bcr4bp_strict,267,1.178604329801935,5.117500000000001,1.021162421899633,0.01463549787097072,0.2018121602195705,0.02161489922937019,-0.105217847848121,-0.01853588222010476,78827.40594436017,3.025977346920089
5.10,1,bcr4bp_strict,268,1.183018578228159,5.136666666666667,1.021256859086071,0.01417046739557997,0.2017258927854979,0.0211721591619935,-0.1054763359445541,-0.02055016131663451,78788.11849406353,3.025977320510286
5.10,1,bcr4bp_strict,269,1.187432826654384,5.155833333333334,1.021349336903166,0.01370430935080417,0.2016307318580849,0.02072715121535398,-0.1057287212298945,-0.02256534226933027,78745.73087655625,3.025977260652945
5.10,1,bcr4bp_strict,270,1.191847075080608,5.175000000000001,1.021439845335094,0.01323705072691977,0.2015266733029863,0.02027987317832598,-0.1059749804585114,-0.02458149462323197,78700.24326442248,3.025977167280799
5.10,1,bcr4bp_strict,271,1.196261323506833,5.194166666666667,1.021528374356034,0.01276871861894411,0.2014137126778452,0.01983032273230155,-0.1062150894188289,-0.02659868839201981,78651.6557258439,3.025977040336437
5.10,1,bcr4bp_strict,272,1.200675571933057,5.213333333333335,1.021614913929699,0.01229934023091838,0.2012918452301519,0.019378497453963,-0.1064490229245349,-0.02861699409124672,78599.96822397775,3.02597687977235
5.10,1,bcr4bp_strict,273,1.205089820359282,5.232500000000001,1.021699454008876,0.01182894288023111,0.2011610658949539,0.01892439481793175,-0.1066767548051297,-0.03063648277197448,78545.18061628705,3.025976685550992
5.10,1,bcr4bp_strict,274,1.209504068785506,5.251666666666667,1.021781984534985,0.01135755400198458,0.2010213692924172,0.01846801219929237,-0.1068982578958019,-0.03265722605484907,78487.29265382285,3.025976457644825
5.10,1,bcr4bp_strict,275,1.213918317211731,5.270833333333334,1.021862495437645,0.01088520115340761,0.2008727497252358,0.01800934687599317,-0.1071135040266179,-0.03467929616464553,78426.30398045749,3.025976196036379
5.10,1,bcr4bp_strict,276,1.218332565637955,5.290000000000001,1.021940976634246,0.01041191201831767,0.2007152011758878,0.01754839603112244,-0.1073224640110066,-0.03670276596531718,78362.21413206881,3.025975900718303
5.10,1,bcr4bp_strict,277,1.22274681406418,5.309166666666667,1.022017418029541,0.009937714411635113,0.2005487173037359,0.0170851567550598,-0.1075251076335254,-0.03872770899558452,78295.02253567414,3.025975571693425
5.10,1,bcr4bp_strict,278,1.227161062490404,5.328333333333334,1.022091809515237,0.009462636283953369,0.2003732914419685,0.01661962604750268,-0.107721403636887,-0.04075419950509756,78224.72850851394,3.025975208974806
5.10,1,bcr4bp_strict,279,1.231575310916629,5.347500000000001,1.0221641409696,0.008986705726167946,0.2001889165943813,0.0161518008193668,-0.1079113197082288,-0.04278231249120846,78151.33125708388,3.025974812585796
5.10,1,bcr4bp_strict,280,1.235989559342853,5.366666666666667,1.022234402257068,0.008509950974167612,0.1999955854319939,0.01568167789455976,-0.1080948224646045,-0.04481212373639305,78074.82987611495,3.0259743825601
5.10,1,bcr4bp_strict,281,1.240403807769078,5.385833333333334,1.02230258322787,0.008032400413591566,0.1997932902895006,0.01520925401162684,-0.108271877437675,-0.04684370984635729,77995.22334750068,3.025973918941829
5.10,1,bcr4bp_strict,282,1.244818056195302,5.405,1.022368673717653,0.007554082584656007,0.1995820231615506,0.01473452582526751,-0.1084424490575761,-0.04887714828886937,77912.51053917046,3.02597342178557
5.10,1,bcr4bp_strict,283,1.249232304621526,5.424166666666667,1.022432663547112,0.007075026187053555,0.1993617756988558,0.01425748990772115,-0.1086065006359376,-0.05091251743335867,77826.6902039081,3.025972891156438
5.10,1,bcr4bp_strict,284,1.253646553047751,5.443333333333334,1.022494542521635,0.006595260084929767,0.1991325392041219,0.01377814275002005,-0.1087639943480288,-0.05294989659132175,77737.76097811498,3.02597232713015
5.10,1,bcr4bp_strict,285,1.258060801473975,5.4625,1.02255430043094,0.006114813311940452,0.1988943046277987,0.01329648076310861,-0.1089148912140005,-0.05498936605757956,77645.72138051614,3.025971729793084
5.10,1,bcr4bp_strict,286,1.2624750499002,5.481666666666667,1.02261192704873,0.005633715076393609,0.1986470625636474,0.01281250027882504,-0.109059151079196,-0.05703100715243111,77550.56981080871,3.025971099242342
5.10,1,bcr4bp_strict,287,1.266889298326424,5.500833333333334,1.02266741213234,0.005151994766480622,0.1983908032441184,0.0123261975507447,-0.1091967325934993,-0.05907490226474823,77452.30454825128,3.025970435585823
5.10,1,bcr4bp_strict,288,1.271303546752649,5.52,1.022720745422399,0.004669681955600787,0.1981255165355379,0.01183756875488143,-0.1093275931896865,-0.06112113489605979,77350.92375019335,3.025969738942289
5.10,1,bcr4bp_strict,289,1.275717795178873,5.539166666666667,1.022771916642484,0.004186806407783453,0.1978511919330972,0.0113466099902443,-0.1094516890607479,-0.06316978970567591,77246.42545054291,3.025969009441438
5.10,1,bcr4bp_strict,290,1.280132043605098,5.558333333333334,1.022820915498782,0.003703398083212831,0.19756781855564,0.01085331727924673,-0.1095689751361412,-0.06522095255690123,77138.80755817149,3.025968247223968
5.10,1,bcr4bp_strict,291,1.284546292031322,5.577500000000001,1.022867731679755,0.003219487143860049,0.1972753851402438,0.01035768656796428,-0.1096794050569396,-0.06727471056439159,77028.06785525501,3.025967452441658
5.10,1,bcr4bp_strict,292,1.288960540457547,5.596666666666667,1.022912354855801,0.002735103959227214,0.1969738800365896,0.009859713726237359,-0.1097829311498316,-0.0693311521427098,76914.20399554876,3.025966625257443
5.10,1,bcr4bp_strict,293,1.293374788883771,5.615833333333335,1.022954774678918,0.002250279112209065,0.1966632912011139,0.009359394547615175,-0.109879504399931,-0.07139036705613612,76797.21350259535,3.025965765845483
5.10,1,bcr4bp_strict,294,1.297789037309996,5.635000000000001,1.022994980782369,0.001765043405077377,0.1963436061909387,0.008856724749136445,-0.1099690744223498,-0.07345244646979361,76677.09376786363,3.025964874391247
5.10,1,bcr4bp_strict,295,1.30220328573622,5.654166666666667,1.023032962780338,0.001279427865593429,0.1960148121575724,0.008351699970941661,-0.1100515894324873,-0.0755174830021511,76553.84204881711,3.025963951091597
5.10,1,bcr4bp_strict,296,1.306617534162445,5.673333333333334,1.023068710267594,0.0007934637532547871,0.1956768958403756,0.007844315775712707,-0.1101269962149834,-0.07758557077896634,76427.45546691,3.025962996154862
5.10,1,bcr4bp_strict,297,1.311031782588669,5.692500000000001,1.023102212819148,0.0003071825656821665,0.1953298435597863,0.007334567647934073,-0.110195240091283,-0.07965680548873705,76297.93100550906,3.025962009800928
5.10,1,bcr4bp_strict,298,1.315446031014893,5.711666666666667,1.023133459989903,-0.0001793839548475664,0.1949736412102956,0.006822450992969668,-0.110256264885755,-0.08173128443973063,76165.26550773926,3.025960992261323
5.10,1,bcr4bp_strict,299,1.319860279441118,5.730833333333334,1.023162441314302,-0.0006662038147153205,0.1946082742531693,0.006307961135949416,-0.1103100128903056,-0.08380910661866303,76029.45567425103,3.025959943779307
5.10,1,bcr4bp_strict,300,1.324274527867342,5.750000000000001,1.023189146305974,-0.001153244762114058,0.1942337277089057,0.005791093320459084,-0.1103564248274232,-0.08589037275110402,75890.49806090753,3.025958864609962
5.10,1,bcr4bp_strict,301,1.328688776293567,5.769166666666667,1.023213564457371,-0.001640474280036588,0.1938499861494238,0.005271842707025767,-0.1103954398115897,-0.08797518536368822,75748.38907638879,3.025957755020289
5.10,1,bcr4bp_strict,302,1.333103024719791,5.788333333333334,1.023235685239391,-0.002127859579089053,0.1934570336899716,0.004750204371392312,-0.1104269953089848,-0.09006364884821298,75603.1249797113,3.025956615289296
5.10,1,bcr4bp_strict,303,1.337517273146016,5.8075,1.02325549810101,-0.00261536759012265,0.193054853980748,0.004226173302571999,-0.1104510270954134,-0.09215586952771004,75454.70187766,3.025955445708112
5.10,1,bcr4bp_strict,304,1.34193152157224,5.826666666666667,1.023272992468885,-0.003102964956675781,0.1926434301982284,0.003699744400675224,-0.1104674692123752,-0.09425195572458189,75303.11572213021,3.025954246580073
5.10,1,bcr4bp_strict,305,1.346345769998465,5.845833333333334,1.023288157746962,-0.003590618027217815,0.1922227450361841,0.003170912474499216,-0.1104762539211943,-0.09635201783089538,75148.36230737712,3.02595301822084
5.10,1,bcr4bp_strict,306,1.350760018424689,5.865,1.023300983316065,-0.004078292847185923,0.1917927806963878,0.002639672238870997,-0.1104773116551232,-0.09845616838093153,74990.43726716959,3.025951760958501
5.10,1,bcr4bp_strict,307,1.355174266850914,5.884166666666668,1.023311458533475,-0.004565955150806098,0.1913535188789922,0.002106018311732926,-0.110470570969328,-0.1005645221260962,74829.33607184562,3.025950475133682
5.10,1,bcr4bp_strict,308,1.359588515277138,5.903333333333334,1.023319572732495,-0.005053570352688174,0.1909049407725736,0.001569945210960639,-0.1104559584886583,-0.1026771961122962,74665.05402526651,3.025949161099667
5.10,1,bcr4bp_strict,309,1.364002763703363,5.9225,1.023325315222003,-0.005541103539185577,0.1904470270438276,0.001031447350900728,-0.1104333988530987,-0.1047943097598978,74497.58626166596,3.025947819222512
5.10,1,bcr4bp_strict,310,1.368417012129587,5.941666666666667,1.023328675285985,-0.006028519459508727,0.1899797578269065,0.0004905190386166872,-0.1104028146607943,-0.1069159849463824,74326.92774239171,3.025946449881171
5.10,1,bcr4bp_strict,311,1.372831260555812,5.960833333333334,1.02332964218305,-0.006515782516581378,0.1895031127123854,-5.28455301704868e-05,-0.1103641264085355,-0.1090423460918254,74153.07325253503,3.025945053467623
5.10,1,bcr4bp_strict,312,1.377245508982036,5.98,1.023328205145936,-0.007002856757628632,0.189017070735844,-0.0005986522754616305,-0.1103172524295799,-0.1111735202473293,73976.01739744567,3.025943630386998
5.10,1,bcr4bp_strict,313,1.381659757408261,5.999166666666667,1.023324353380981,-0.007489705864484151,0.1885216103660525,-0.001146907237692828,-0.1102621088286853,-0.1133096371865444,73795.75459912716,3.025942181057718
5.10,1,bcr4bp_strict,314,1.386074005834485,6.018333333333334,1.023318076067586,-0.00797629314360419,0.1880167094927452,-0.00169761658279888,-0.1101986094142165,-0.1154508295004242,73612.27909250972,3.025940705911636
5.10,1,bcr4bp_strict,315,1.39048825426071,6.037500000000001,1.023309362357646,-0.008462581515775426,0.1875023454139689,-0.002250786607644761,-0.1101266656271837,-0.1175972326953634,73425.58492159545,3.025939205394176
5.10,1,bcr4bp_strict,316,1.394902502686934,6.056666666666668,1.023298201374961,-0.008948533505502275,0.1869784948229904,-0.00280642374584172,-0.1100461864670597,-0.1197489852948779,73235.66593547222,3.025937679964491
5.10,1,bcr4bp_strict,317,1.399316751113159,6.075833333333334,1.023284582214619,-0.009434111230059355,0.1864451337947471,-0.003364534573968217,-0.109957078414217,-0.1219062289449925,73042.51578419132,3.02593613009561
5.10,1,bcr4bp_strict,318,1.403730999539383,6.095000000000001,1.023268493942348,-0.009919276388194002,0.1859022377718236,-0.003925125818215731,-0.1098592453488127,-0.1240691085235115,72846.12791450412,3.025934556274603
5.10,1,bcr4bp_strict,319,1.408145247965608,6.114166666666668,1.023249925593844,-0.01040399024846234,0.1853497815499373,-0.004488204361481107,-0.1097525884659421,-0.1262377722533559,72646.49556545282,3.025932959002751
5.10,1,bcr4bp_strict,320,1.412559496391832,6.133333333333334,1.023228866174057,-0.01088821363718224,0.1847877392629142,-0.005053777250928868,-0.1096370061868702,-0.12841237182016,72443.61176380988,3.025931338795712
5.10,1,bcr4bp_strict,321,1.416973744818056,6.1525,1.023205304656456,-0.0113719069259856,0.1842160843671359,-0.005621851706048088,-0.1095123940661365,-0.1305930624943327,72237.46931936075,3.025929696183704
5.10,1,bcr4bp_strict,322,1.421387993244281,6.171666666666668,1.023179229982242,-0.01185503001895089,0.1836347896254375,-0.00619243512722981,-0.1093786446943213,-0.1327800032577963,72028.06082002408,3.025928031711693
5.10,1,bcr4bp_strict,323,1.425802241670505,6.190833333333334,1.023150631059534,-0.01233754233929642,0.1830438270904357,-0.006765535104893462,-0.1092356475962424,-0.1349733569356297,71815.37862680355,3.025926345939582
5.10,1,bcr4bp_strict,324,1.43021649009673,6.21,1.023119496762509,-0.01281940281561401,0.1824431680872636,-0.00734115942919181,-0.1090832891243419,-0.1371732903328546,71599.41486856449,3.025924639442416
5.10,1,bcr4bp_strict,325,1.434630738522954,6.229166666666668,1.023085815930495,-0.01330056986762062,0.1818327831956911,-0.007919316100326489,-0.1089214523470055,-0.1393799743766149,71380.16143662939,3.025922912810587
5.10,1,bcr4bp_strict,326,1.439044986949179,6.248333333333334,1.023049577367022,-0.01378100139140543,0.1812126422316041,-0.008500013339507829,-0.1087500169315405,-0.1415935842640149,71157.60997918503,3.025921166650055
5.10,1,bcr4bp_strict,327,1.443459235375403,6.2675,1.023010769838821,-0.01426065474414815,0.1805827142278189,-0.009083259600595625,-0.1085688590215233,-0.1438142996158976,70931.75189549339,3.02591940158257
5.10,1,bcr4bp_strict,328,1.447873483801628,6.286666666666668,1.02296938207477,-0.01473948672828279,0.1799429674142041,-0.009669063582458953,-0.1083778511082063,-0.1460423046368548,70702.57832990002,3.025917618245911
5.10,1,bcr4bp_strict,329,1.452287732227852,6.305833333333334,1.02292540276478,-0.01521745357507998,0.1792933691970814,-0.0102574342420969,-0.1081768618956565,-0.1482777882817855,70470.08016563035,3.025915817294125
5.10,1,bcr4bp_strict,330,1.456701980654077,6.325,1.022878820558632,-0.01569451092761984,0.1786338861378764,-0.01084838080856396,-0.1079657561592758,-0.1505209444293289,70234.24801836694,3.025913999397786
5.10,1,bcr4bp_strict,331,1.461116229080301,6.344166666666667,1.022829624064739,-0.01617061382312471,0.1779644839309879,-0.01144191279774761,-0.107744394597331,-0.1527719720625229,69995.07222959764,3.02591216524426
5.10,1,bcr4bp_strict,332,1.465530477506526,6.363333333333334,1.022777801848847,-0.0166457166746204,0.1772851273808436,-0.01203804002804761,-0.1075126336750954,-0.1550310754570548,69752.54285972638,3.025910315537978
5.10,1,bcr4bp_strict,333,1.46994472593275,6.3825,1.022723342432662,-0.01711977325189257,0.1765957803781062,-0.01263677263701243,-0.1072703254611818,-0.1572984643774976,69506.64968093632,3.025908451000729
5.10,1,bcr4bp_strict,334,1.474358974358975,6.401666666666667,1.022666234292405,-0.01759273666170235,0.1758964058749963,-0.01323812109898897,-0.1070173174556132,-0.1595743542819416,69257.38216979527,3.025906572371957
5.10,1,bcr4bp_strict,335,1.478773222785199,6.420833333333333,1.022606465857282,-0.01806455932722395,0.1751869658596919,-0.01384209624384803,-0.1067534524091514,-0.1618589665354608,69004.72949959287,3.025904680409076
5.10,1,bcr4bp_strict,336,1.483187471211424,6.440000000000001,1.022544025507873,-0.01853519296666471,0.1744674213297646,-0.014448709276852,-0.1064785681333708,-0.1641525286328787,68748.68053239786,3.025902775887798
5.10,1,bcr4bp_strict,337,1.487601719637648,6.459166666666667,1.022478901574428,-0.01900458857102494,0.1737377322646129,-0.01505797179973464,-0.1061924973009264,-0.1664552744313216,68489.22381082422,3.025900859602472
5.10,1,bcr4bp_strict,338,1.492015968063872,6.478333333333333,1.022411082335067,-0.01947269638095387,0.1729978575968445,-0.01566989583307006,-0.1058950672354324,-0.1687674443930862,68226.34754949271,3.025898932366446
5.10,1,bcr4bp_strict,339,1.496430216490097,6.497500000000001,1.022340556013882,-0.01993946586265363,0.1722477551825636,-0.01628449384001127,-0.1055860996903229,-0.1710892858393693,67960.03962617615,3.025896995012436
5.10,1,bcr4bp_strict,340,1.500844464916322,6.516666666666667,1.022267310778926,-0.02040484568278157,0.1714873817705134,-0.01690177875148654,-0.1052654106160252,-0.1734210532154498,67690.28757261309,3.025895048392918
5.10,1,bcr4bp_strict,341,1.505258713342546,6.535833333333334,1.022191334740091,-0.02086878368229794,0.1707166929700211,-0.01752176399294719,-0.1049328099147274,-0.1757630083679479,67417.07856497655,3.025893093380536
5.10,1,bcr4bp_strict,342,1.509672961768771,6.555000000000001,1.022112615946859,-0.02133122684920204,0.1699356432176909,-0.01814446351276724,-0.1045881011819718,-0.1781154208348222,67140.39941398172,3.025891130868529
5.10,1,bcr4bp_strict,343,1.514087210194995,6.574166666666668,1.022031142385937,-0.02179212129009713,0.1691441857427885,-0.01876989181240369,-0.1042310814342507,-0.1804785681488095,66860.23655461735,3.025889161771178
5.10,1,bcr4bp_strict,344,1.518501458621219,6.593333333333334,1.021946901978734,-0.0222514122005206,0.1683422725312541,-0.01939806397843406,-0.1038615408217208,-0.1828527361550601,66576.57603548281,3.025887187024273
5.10,1,bcr4bp_strict,345,1.522915707047444,6.612500000000001,1.021859882578713,-0.02270904383397114,0.1675298542882808,-0.02002899571659628,-0.1034792623250886,-0.1852382193437641,66289.40350771362,3.025885207585604
5.10,1,bcr4bp_strict,346,1.527329955473668,6.631666666666668,1.021770071968573,-0.02316495946956117,0.1667068803993904,-0.02066270338796563,-0.1030840214356496,-0.1876353211986173,65998.70421347668,3.025883224435477
5.10,1,bcr4bp_strict,347,1.531744203899893,6.650833333333334,1.021677457857277,-0.02361910137821786,0.1658732988899339,-0.0212992040474152,-0.1026755858173883,-0.1900443545620369,65704.46297401442,3.025881238577245
5.10,1,bcr4bp_strict,348,1.536158452326117,6.670000000000001,1.021582027876896,-0.02407141078735066,0.1650290563829414,-0.02193851548451532,-0.102253714949963,-0.1924656420180863,65406.66417721789,3.025879251037883
5.10,1,bcr4bp_strict,349,1.540572700752342,6.689166666666667,1.021483769579271,-0.02452182784389835,0.1641740980552406,-0.02258065626704191,-0.101818159751314,-0.1948995162941414,65105.29176470565,3.025877262868573
5.10,1,bcr4bp_strict,350,1.544986949178566,6.708333333333334,1.02138267043248,-0.02497029157566298,0.1633083675917588,-0.02322564578727614,-0.1013686621785306,-0.1973463206823972,64800.32921838562,3.025875275145329
5.10,1,bcr4bp_strict,351,1.549401197604791,6.727500000000001,1.021278717817088,-0.02541673985083103,0.1624318071379184,-0.02387350431129198,-0.1009049548055167,-0.1998064094823856,64491.75954647466,3.025873288969648
5.10,1,bcr4bp_strict,352,1.553815446031015,6.746666666666667,1.021171899022177,-0.02586110933557623,0.1615443572500307,-0.02452425303144511,-0.1004267603758708,-0.2022801484657564,64179.56526894981,3.025871305469201
5.10,1,bcr4bp_strict,353,1.55822969445724,6.765833333333334,1.021062201241133,-0.026303335449631,0.1606459568435858,-0.02517791412229315,-0.09993379132927986,-0.2047679153646648,63863.72840240348,3.025869325798547
5.10,1,bcr4bp_strict,354,1.562643942883464,6.785000000000001,1.020949611567182,-0.02674335231970534,0.1597365431393324,-0.02583451080019701,-0.09942574929958656,-0.2072701003851923,63544.23044427299,3.025867351139897
5.10,1,bcr4bp_strict,355,1.567058191309689,6.804166666666667,1.020834116988649,-0.0271810927306239,0.1588160516070331,-0.0264940673868723,-0.09890232458254432,-0.2097871067473364,63221.05235641352,3.025865382703909
5.10,1,bcr4bp_strict,356,1.571472439735913,6.823333333333333,1.020715704383938,-0.02761648807404292,0.1578844159067739,-0.02715660937718424,-0.09836319557111191,-0.2123193512532112,62894.17454798146,3.025863421730527
5.10,1,bcr4bp_strict,357,1.575886688162138,6.842500000000001,1.020594360516187,-0.02804946829459837,0.1569415678277012,-0.02782216351150275,-0.09780802815596548,-0.2148672648852138,62563.57685759316,3.025861469489867
5.10,1,bcr4bp_strict,358,1.580300936588362,6.861666666666667,1.020470072027607,-0.02847996183332648,0.1559874372240476,-0.02849075785296219,-0.09723647508871221,-0.2174312934360448,62229.23853472212,3.025859527283142
5.10,1,bcr4bp_strict,359,1.584715185014586,6.880833333333333,1.020342825433461,-0.02890789556818615,0.155021951948303,-0.0291624218699995,-0.09664817530508041,-0.2200118981726035,61891.13822029519,3.025857596443653
5.10,1,bcr4bp_strict,360,1.589129433440811,6.900000000000001,1.020212607115668,-0.02933319475149992,0.154045037781377,-0.02983718652457743,-0.09604275320513109,-0.2226095565359293,61549.25392644619,3.025855678337809
5.10,1,bcr4bp_strict,361,1.593543681867035,6.919166666666667,1.020079403316003,-0.02975578294411687,0.1530566183595865,-0.03051508436653448,-0.09541981788728322,-0.2252247628795196,61203.56301538274,3.025853774366232
5.10,1,bcr4bp_strict,362,1.59795793029326,6.938333333333333,1.019943200128872,-0.03017558194608619,0.1520566150982964,-0.03119614963454388,-0.09477896233266848,-0.2278580292485328,60854.0421773188,3.0258518859649
5.10,1,bcr4bp_strict,363,1.602372178719484,6.957500000000001,1.019803983493615,-0.03059251172361361,0.1510449471120242,-0.03188041836420514,-0.09411976253602812,-0.2305098862025691,60500.66740742338,3.025850014606362
5.10,1,bcr4bp_strict,364,1.606786427145709,6.976666666666667,1.019661739186326,-0.03100649033205585,0.1500215311308118,-0.03256792850384058,-0.09344177657903022,-0.2331808836849313,60143.41398173208,3.025848161801028
5.10,1,bcr4bp_strict,365,1.611200675571933,6.995833333333334,1.019516452811136,-0.03141743383468942,0.1489862814126523,-0.03325872003862158,-0.09274454364151799,-0.2358715919414909,59782.25643196467,3.02584632909852
5.10,1,bcr4bp_strict,366,1.615614923998158,7.015000000000001,1.019368109790936,-0.03182525621696867,0.147939109651744,-0.03395283512370599,-0.09202758294579658,-0.238582602492525,59417.16851918847,3.025844518089114
5.10,1,bcr4bp_strict,367,1.620029172424382,7.034166666666668,1.019216695357479,-0.03222986929596617,0.1468799248823318,-0.0346503182271329,-0.09129039262861849,-0.2413145291611555,59048.12320626382,3.025842730405253
5.10,1,bcr4bp_strict,368,1.624443420850607,7.053333333333334,1.019062194540844,-0.03263118262466375,0.1458086333778766,-0.03535121628329137,-0.09053244853503589,-0.2440680091623124,58675.09262900221,3.025840967723158
5.10,1,bcr4bp_strict,369,1.628857669276831,7.072500000000001,1.018904592158181,-0.03302910339073498,0.1447251385452759,-0.03605557885785671,-0.08975320292774527,-0.2468437042564516,58298.04806596511,3.025839231764535
5.10,1,bcr4bp_strict,370,1.633271917703056,7.091666666666667,1.018743872801718,-0.03342353630943123,0.143629340813841,-0.03676345832517523,-0.08895208310494686,-0.2496423019726025,57916.95990682513,3.025837524298373
5.10,1,bcr4bp_strict,371,1.63768616612928,7.110833333333335,1.018580020825938,-0.03381438351015093,0.142521137518713,-0.03747491005917463,-0.08812848991907576,-0.2524645169056978,57531.79761920643,3.02583584714287
5.10,1,bcr4bp_strict,372,1.642100414555505,7.130000000000001,1.018413020333898,-0.03420154441623573,0.1414004227783782,-0.03818999263898098,-0.08728179618802429,-0.2553110920935374,57142.52971391573,3.025834202167459
5.10,1,bcr4bp_strict,373,1.646514662981729,7.149166666666667,1.018242855162588,-0.0345849156174998,0.1402670873659193,-0.03890876807054512,-0.08641134498965262,-0.2581828004791936,56749.12370846875,3.025832591294969
5.10,1,bcr4bp_strict,374,1.650928911407954,7.168333333333335,1.018069508867294,-0.03496439073495426,0.1391210185736108,-0.03963130202570938,-0.08551644782947725,-0.2610804464651476,56351.54608881118,3.025831016503918
5.10,1,bcr4bp_strict,375,1.655343159834178,7.187500000000001,1.017892964704845,-0.03533986027714334,0.1379621000704392,-0.04035766410029368,-0.08459638267041007,-0.2640048675659821,55949.76226912501,3.02582947983096
5.10,1,bcr4bp_strict,376,1.659757408260403,7.206666666666667,1.017713205615689,-0.03571121148745661,0.1367902117520967,-0.04108792809294402,-0.08365039181229289,-0.2669569361670454,55543.73654960421,3.025827983373472
5.10,1,bcr4bp_strict,377,1.664171656686627,7.225833333333335,1.017530214204679,-0.03607832818172464,0.1356052295829634,-0.04182217230666666,-0.08267767960771244,-0.2699375613971393,55133.43207207525,3.025826529292325
5.10,1,bcr4bp_strict,378,1.668585905112852,7.245000000000001,1.017343972720485,-0.03644109057534319,0.1344070254295551,-0.04256047987517746,-0.08167740999917246,-0.2729476911239926,54718.8107733293,3.025825119814831
5.10,1,bcr4bp_strict,379,1.673000153539076,7.264166666666667,1.017154463033497,-0.03679937509910179,0.1331954668848743,-0.04330293911642407,-0.08064870386112477,-0.2759883140820587,54299.83333602216,3.02582375723788
5.10,1,bcr4bp_strict,380,1.677414401965301,7.283333333333334,1.016961666612104,-0.03715305420281515,0.1319704170830574,-0.04404964391589287,-0.07959063612859885,-0.2790604621430236,53876.45913698914,3.025822443931301
5.10,1,bcr4bp_strict,381,1.681828650391525,7.302500000000001,1.016765564497217,-0.03750199614577188,0.1307317345036641,-0.04480069414260325,-0.07850223269218873,-0.282165212740355,53448.64619280957,3.025821182341439
5.10,1,bcr4bp_strict,382,1.686242898817749,7.321666666666667,1.016566137274868,-0.03784606477292047,0.1294792727649011,-0.04555619610101348,-0.07738246703693362,-0.2853036914602553,53016.35110244377,3.025819974994986
5.10,1,bcr4bp_strict,383,1.690657147243974,7.340833333333334,1.016363365046735,-0.03818511927560768,0.1282128804050175,-0.04631626302242649,-0.07623025660012787,-0.2884770748125199,52579.52898675177,3.025818824503081
5.10,1,bcr4bp_strict,384,1.695071395670198,7.36,1.016157227398402,-0.03851901393556841,0.1269324006510443,-0.04708101559989677,-0.07504445882027565,-0.2916865931960617,52138.13342468947,3.025817733565688
5.10,1,bcr4bp_strict,385,1.699485644096423,7.379166666666667,1.01594770336515,-0.03884759785073685,0.1256376711739848,-0.04785058257110138,-0.07382386684622359,-0.2949335340752557,51692.11638596095,3.025816704976311
5.10,1,bcr4bp_strict,386,1.703899892522647,7.398333333333334,1.015734771395068,-0.03917071464130373,0.1243285238294857,-0.0486251013541651,-0.0725672048719084,-0.2982192453847858,51241.42815989011,3.025815741627023
5.10,1,bcr4bp_strict,387,1.708314140948872,7.4175,1.015518409309222,-0.03948820213428327,0.1230047843829397,-0.04940471874202305,-0.07127312305808084,-0.3015451391823808,50786.0172802554,3.025814846513895
5.10,1,bcr4bp_strict,388,1.712728389375096,7.436666666666667,1.015298594258621,-0.03979989202467332,0.1216662722178766,-0.05018959166158209,-0.06994019199774455,-0.3049126955707077,50325.83044581202,3.025814022742804
5.10,1,bcr4bp_strict,389,1.717142637801321,7.455833333333334,1.015075302677681,-0.04010560951108923,0.1203128000264073,-0.05097988800470718,-0.06856689667679765,-0.3083234669117684,49860.81243620405,3.025813273535702
5.10,1,bcr4bp_strict,390,1.721556886227545,7.475000000000001,1.014848510233838,-0.04040517290352524,0.118944173480371,-0.05177578753893592,-0.0671516298753818,-0.3117790823594607,49390.90602294596,3.025812602237355
5.10,1,bcr4bp_strict,391,1.72597113465377,7.494166666666667,1.014618191772962,-0.04069839320064211,0.1175601908817211,-0.0525774829068227,-0.06569268494862095,-0.3152812527385281,48916.05187512631,3.025812012322615
5.10,1,bcr4bp_strict,392,1.730385383079994,7.513333333333335,1.014384321260129,-0.0409850736336916,0.1161606427905529,-0.05338518072395265,-0.06418824791763726,-0.3188317758009628,48436.18845946034,3.025811507404262
5.10,1,bcr4bp_strict,393,1.734799631506219,7.532500000000001,1.014146871715326,-0.0412650091738648,0.1147453116290339,-0.05419910278697573,-0.06263638879279947,-0.3224325418940912,47951.25193428704,3.025811091241483
5.10,1,bcr4bp_strict,394,1.739213879932443,7.551666666666667,1.013905815143543,-0.04153798599948426,0.1133139712593348,-0.05501948740450929,-0.06103505204091351,-0.3260855400780843,47461.17603707363,3.025810767749038
5.10,1,bcr4bp_strict,395,1.743628128358668,7.570833333333335,1.013661122458698,-0.04180378091904477,0.1118663865334896,-0.05584659086548217,-0.05938204609628395,-0.3297928647345369,46965.89196495616,3.025810541007194
5.10,1,bcr4bp_strict,396,1.748042376784892,7.590000000000001,1.013412763400749,-0.04206216074563662,0.1104023128129163,-0.05668068906148251,-0.05767503180199427,-0.3335567227121047,46465.32824780554,3.025810415272488
5.10,1,bcr4bp_strict,397,1.752456625211116,7.609166666666667,1.013160706445267,-0.04231288161775026,0.1089214954551159,-0.05752207928196548,-0.0559115096520703,-0.337379441060025,45959.41061326744,3.025810394989422
5.10,1,bcr4bp_strict,398,1.756870873637341,7.628333333333334,1.012904918704665,-0.04255568826085013,0.1074236692648354,-0.05837108220383389,-0.05408880568703738,-0.3412634754057136,45448.06184318029,3.02581048480317
5.10,1,bcr4bp_strict,399,1.761285122063565,7.647500000000001,1.012645365820168,-0.04279031318341035,0.1059085579067144,-0.05922804409998657,-0.0522040558743102,-0.345211419038617,44931.2016207268,3.025810689573421
5.10,1,bcr4bp_strict,400,1.76569937048979,7.666666666666668,1.012382011843509,-0.04301647580030707,0.1043758732761493,-0.06009333929501243,-0.05025418878034529,-0.3492260127691456,44408.74636762293,3.025811014389459
5.10,1,bcr4bp_strict,401,1.770113618916014,7.685833333333334,1.012114819107168,-0.04323388147554934,0.1028253148247886,-0.06096737290038257,-0.04823590631290608,-0.353310155638896,43880.60907059319,3.025811464586643
5.10,1,bcr4bp_strict,402,1.774527867342239,7.705000000000001,1.011843748081863,-0.0434422204752797,0.1012565688367175,-0.06185058386637492,-0.04614566227836441,-0.3574669165665785,43346.69909632149,3.025812045764415
5.10,1,bcr4bp_strict,403,1.778942115768464,7.724166666666668,1.011568757219787,-0.04364116682076546,0.09966930765100003,-0.06274344839367775,-0.04397963845978271,-0.3616995470231444,42806.92199400426,3.02581276380603
5.10,1,bcr4bp_strict,404,1.783356364194688,7.743333333333334,1.011289802781901,-0.04383037702970435,0.09806318882580901,-0.0636464837543355,-0.04173371787544838,-0.3660114948396649,42261.17928456652,3.025813624900204
5.10,1,bcr4bp_strict,405,1.787770612620912,7.7625,1.011006838647357,-0.04400948873254883,0.0964378542388962,-0.06456025257960429,-0.03940345482321053,-0.3704064192626004,41709.36823553191,3.0258146355649
5.10,1,bcr4bp_strict,406,1.792184861047137,7.781666666666668,1.010719816102838,-0.04417811914867348,0.09479292911862072,-0.06548536768162361,-0.03698404125172966,-0.3748882073832757,41151.38162046712,3.025815802673509
5.10,1,bcr4bp_strict,407,1.796599109473361,7.800833333333334,1.010428683609294,-0.0443358634050213,0.09312802099916578,-0.0664224974868724,-0.03447026892353705,-0.3794609920817071,40587.10746184824,3.025817133483739
5.10,1,bcr4bp_strict,408,1.801013357899586,7.82,1.010133386543185,-0.04448229267730798,0.09144271859292205,-0.06737237217252083,-0.03185648674410226,-0.3841291716393911,40016.42875612414,3.02581863566953
5.10,1,bcr4bp_strict,409,1.80542760632581,7.839166666666668,1.009833866908878,-0.0446169521308688,0.08973659057230253,-0.06833579061245133,-0.02913655252281041,-0.3888974311912435,39439.2231796847,3.025820317356391
5.10,1,bcr4bp_strict,410,1.809841854752035,7.858333333333334,1.009530063018389,-0.04473935863471499,0.08800918425246362,-0.06931362825845279,-0.02630377830198774,-0.3937707662034443,38855.36277437766,3.025822187160614
5.10,1,bcr4bp_strict,411,1.814256103178259,7.8775,1.00922190913398,-0.04484899821821907,0.08626002416554487,-0.07030684610456001,-0.02335086823408333,-0.3987545081812602,38264.71361116701,3.025824254232876
5.10,1,bcr4bp_strict,412,1.818670351604484,7.896666666666667,1.008909335068502,-0.04494532323494427,0.08448861051610233,-0.07131650090955803,-0.020269847798807,-0.4038543528285639,37667.13543049344,3.025826528306832
5.10,1,bcr4bp_strict,413,1.823084600030708,7.915833333333334,1.008592265737442,-0.04502774919231248,0.08269441750639103,-0.07234375688534925,-0.01705198292387201,-0.4090763908980941,37062.48125789005,3.025829019753401
5.10,1,bcr4bp_strict,414,1.827498848456933,7.935,1.008270620655701,-0.04509565119887262,0.08087689151906084,-0.07338989909850614,-0.01368768729547889,-0.4144271419874418,36450.5969934399,3.025831739641559
5.10,1,bcr4bp_strict,415,1.831913096883157,7.954166666666667,1.007944313370903,-0.04514835997264269,0.07903544914367663,-0.07445634888056332,-0.0101664158057223,-0.4199135915487243,35831.32097375421,3.025834699806587
5.10,1,bcr4bp_strict,416,1.836327345309382,7.973333333333334,1.007613250823599,-0.04518515734405125,0.07716947503226924,-0.0755446816015464,-0.006476541668304582,-0.4255432313875526,35204.48350531972,3.02583791292691
5.10,1,bcr4bp_strict,417,1.840741593735606,7.992500000000001,1.00727733262303,-0.04520527117501563,0.07527831956790534,-0.07665664723355799,-0.002605214221607544,-0.4313241039257003,34569.90636834991,3.025841392610841
5.10,1,bcr4bp_strict,418,1.845155842161831,8.011666666666668,1.006936450225031,-0.04520786960118638,0.07336129632908311,-0.07779419422036324,0.00146180619604296,-0.4372648504866543,33927.4022907189,3.025845153494784
5.10,1,bcr4bp_strict,419,1.849570090588055,8.030833333333334,1.006590485996143,-0.04519205448675171,0.07141767933168533,-0.07895949727921101,0.00574034070300702,-0.4433747638264717,33276.77439222029,3.025849211354796
5.10,1,bcr4bp_strict,420,1.853984339014279,8.050000000000001,1.006239312144947,-0.04515685395965997,0.06944670002937811,-0.08015498989824747,0.01024801705322708,-0.4496638450629998,32617.81560036265,3.025853583233668
5.10,1,bcr4bp_strict,421,1.858398587440504,8.069166666666668,1.005882789497894,-0.04510121386869347,0.06744754405290965,-0.08138340246412983,0.01500453416724959,-0.4561428650384359,31950.30804030727,3.025858287586243
5.10,1,bcr4bp_strict,422,1.862812835866728,8.088333333333335,1.005520766092347,-0.04502398797124058,0.06541934766899411,-0.08264780716935322,0.02003197421142415,-0.4628234299598444,31274.02240353248,3.025863344446135
5.10,1,bcr4bp_strict,423,1.867227084292953,8.1075,1.00515307555386,-0.04492392662021794,0.06336119394076081,-0.08395167111981171,0.02535517241153888,-0.4697180508649987,30588.71730260568,3.025868775617753
5.10,1,bcr4bp_strict,424,1.871641332719177,8.126666666666667,1.004779535217762,-0.044799663668248,0.06127210857468347,-0.0852989194065629,0.03100215733103196,-0.4768402160058609,29894.13862337737,3.025874604898307
5.10,1,bcr4bp_strict,425,1.876055581145402,8.145833333333334,1.004399943946383,-0.04464970124408825,0.05915105544432456,-0.08669401034325443,0.03700467761538251,-0.4842044645538539,29190.01889143488,3.02588085833559
5.10,1,bcr4bp_strict,426,1.880469829571626,8.165000000000001,1.004014079582345,-0.04447239197673503,0.05699693179040074,-0.08814202563078084,0.04339883543800298,-0.4918264589977969,28476.07667741097,3.025887564528574
5.10,1,bcr4bp_strict,427,1.884884077997851,8.184166666666668,1.003621695964653,-0.04426591814167185,0.05480856311146891,-0.08964877893153632,0.05022585239776949,-0.4997230520592829,27752.0160766574,3.025894754979586
5.10,1,bcr4bp_strict,428,1.889298326424075,8.203333333333335,1.003222519416962,-0.0440282670748312,0.05258469778272015,-0.09122094726789363,0.05753300085029588,-0.5079123416386089,27017.52631419209,3.025902464508909
5.10,1,bcr4bp_strict,429,1.8937125748503,8.2225,1.002816244595352,-0.04375720203415885,0.05032400147612951,-0.09286623087120507,0.06537474320431602,-0.5164137038428547,26272.28154764239,3.025910731745398
5.10,1,bcr4bp_strict,430,1.898126823276524,8.241666666666667,1.002402529554787,-0.04345022747424464,0.04802505150982508,-0.09459354868959073,0.07381413441232805,-0.5252477889470988,25515.94097197265,3.025919599710222
5.10,1,bcr4bp_strict,431,1.902541071702749,8.260833333333334,1.001980989857227,-0.043104547420004,0.04568633133754375,-0.09641327883651646,0.08292455988901566,-0.5344364572878112,24748.14937428782,3.025929116515381
5.10,1,bcr4bp_strict,432,1.906955320128973,8.280000000000001,1.001551191497655,-0.04271701525846997,0.04330622551505999,-0.09833755598901882,0.09279190402332123,-0.5440026201568082,23968.53835122511,3.025939336204686
5.10,1,bcr4bp_strict,433,1.911369568555198,8.299166666666668,1.001112642363714,-0.04228407278247746,0.04088301567211146,-0.1003806413363241,0.103517275589449,-0.5539699324966093,23176.72849486231,3.025950319772693
5.10,1,bcr4bp_strict,434,1.915783816981422,8.318333333333333,1.0006647818658,-0.04180167567347897,0.03841487831091386,-0.1025593854087169,0.1152204589179127,-0.5643622559778504,22372.33299018522,3.025962136407636
5.10,1,bcr4bp_strict,435,1.920198065407647,8.337500000000002,1.000206968271666,-0.04126520174313138,0.03589988570168962,-0.1048938103179743,0.1280443181730502,-0.5752027670031618,21554.9632704208,3.025974865018325
5.10,1,bcr4bp_strict,436,1.924612313833871,8.356666666666667,0.9997384631454336,-0.04066933708116866,0.03333601184103779,-0.1074078459927542,0.1421604628016074,-0.5865125146935189,20724.23768116567,3.02598859612377
5.10,1,bcr4bp_strict,437,1.929026562260096,8.375833333333334,0.9992584121164977,-0.04000793366413575,0.03072114652518482,-0.1101302652376047,0.157776593829664,-0.5983081229144845,19879.79456616803,3.026003434209745
5.10,1,bcr4bp_strict,438,1.93344081068632,8.395000000000001,0.9987658209790713,-0.03927382980514248,0.02805312230506218,-0.11309587496707,0.1751461046915507,-0.6105981507462163,19021.31189703376,3.026019500690804
5.10,1,bcr4bp_strict,439,1.937855059112545,8.414166666666668,0.9982595258391607,-0.03845862185125466,0.0253297618302261,-0.1163470350315242,0.1945807208539173,-0.6233773309467761,18148.53667338199,3.026036937662982
5.10,1,bcr4bp_strict,440,1.942269307538769,8.433333333333334,0.9977381556809792,-0.03755237147989766,0.02254895752444371,-0.119935588756523,0.2164672441620191,-0.6366174149860631,17261.32906331875,3.026055912695145
5.10,1,bcr4bp_strict,441,1.946683555964994,8.452500000000001,0.9972000853404701,-0.03654322747524911,0.01970880281760089,-0.1239252924246272,0.2412898267456336,-0.6502525237468775,16359.7290466497,3.026076624990263
5.10,1,bcr4bp_strict,442,1.951097804391218,8.471666666666668,0.9966433765314694,-0.03541693367979617,0.01680780628529841,-0.1283948034700005,0.2696596074887031,-0.6641554822172648,15444.05786136681,3.026099313354455
5.10,1,bcr4bp_strict,443,1.955512052817442,8.490833333333335,0.9960657045012666,-0.03415618592959006,0.01384524052731217,-0.1334411781920513,0.3023538686313691,-0.6780991547344315,14515.07402812409,3.026124266537349
5.10,1,bcr4bp_strict,444,1.959926301243667,8.510000000000002,0.9954642686861819,-0.03273979133379034,0.01082171262979413,-0.1391835181907136,0.3403666865066148,-0.6916925036859394,13574.21616994865,3.026151836626152
5.10,1,bcr4bp_strict,445,1.964340549669891,8.529166666666667,0.9948356888292421,-0.03114157770352381,0.00774010339779834,-0.1457656057644066,0.3849711591807811,-0.7042736337320079,12623.98566038594,3.02618245620153
5.10,1,bcr4bp_strict,446,1.968754798096116,8.548333333333334,0.9941758968203785,-0.02932901275667445,0.004607126398590028,-0.1533544215459802,0.4377864953607987,-0.7147294496294901,11668.55670898098,3.026216659649676
5.10,1,bcr4bp_strict,447,1.97316904652234,8.567500000000001,0.9934800569518568,-0.02726155892122195,0.001435932810070203,-0.162126852417352,0.5008233589419109,-0.7211917803035435,10714.75703260574,3.026255107723337
5.10,1,bcr4bp_strict,448,1.977583294948565,8.586666666666668,0.9927426011134097,-0.02488900548734827,-0.001749536749521035,-0.1722265487300391,0.5764281129894274,-0.7205356643771406,9773.643077374345,3.026298610524881
5.10,1,bcr4bp_strict,449,1.981997543374789,8.605833333333333,0.9919575871894281,-0.02215061345574879,-0.004907401188496509,-0.1836514688118019,0.6669188466229909,-0.7076041624982385,8862.9782390907,3.026348133765208
5.10,1,bcr4bp_strict,450,1.986411791801014,8.625000000000002,0.9911198370973883,-0.01897734656145464,-0.007966713705605219,-0.1959974477409591,0.7734422772163478,-0.674222236718351,8010.880085964135,3.026404748955168
5.10,1,bcr4bp_strict,451,1.990826040227238,8.644166666666667,0.9902277011395058,-0.01530232922737765,-0.01081256354969767,-0.2079664008332758,0.8932375289709531,-0.6086887231640282,7260.267504948775,3.026469441764496
5.10,1,bcr4bp_strict,452,1.995240288653463,8.663333333333334,0.9892884443987128,-0.01108801030491637,-0.01327386219360566,-0.2167224380291024,1.014886629826171,-0.4980778070298354,6671.418952313493,3.026542643945578
5.10,1,bcr4bp_strict,453,1.999654537079687,8.682500000000001,0.98832554314565,-0.006374073197499742,-0.01513466420166847,-0.217894518858097,1.114776835471396,-0.3371212204404717,6315.325466607225,3.026623444697783
5.10,1,bcr4bp_strict,454,2.004068785505912,8.701666666666668,0.9873816615778589,-0.001320803282392597,-0.01619760624519116,-0.2077373315138874,1.164552049816087,-0.1412552664134687,6249.613007163102,3.026708937084663
5.10,1,bcr4bp_strict,455,2.008483033932136,8.720833333333335,0.9865078526117724,0.003813824291407458,-0.01638256844778989,-0.1866561106417123,1.151895626513543,0.05418754888688055,6486.385153456555,3.02679471395627
5.10,1,bcr4bp_strict,456,2.01289728235836,8.74,0.9857428902208876,0.008776605586707998,-0.01576829967588982,-0.1593848638278808,1.090609676881888,0.2170802952282813,6984.08916290909,3.026876631123782
5.10,1,bcr4bp_strict,457,2.017311530784585,8.759166666666667,0.9851019471596809,0.01340799439464333,-0.01453142586830729,-0.1311981482560816,1.005774277309572,0.3361205282581284,7673.429229878572,3.026952226431224
5.10,1,bcr4bp_strict,458,2.02172577921081,8.778333333333334,0.9845812224151858,0.01765052761626624,-0.01285823002377949,-0.1052410543772052,0.9168223066526565,0.4163127927703449,8487.812121162671,3.02702075981349
5.10,1,bcr4bp_strict,459,2.026140027637034,8.797499999999999,0.9841678981826727,0.02151097344203372,-0.01089822305309931,-0.08259866012383733,0.8336493658329236,0.4677641080087798,9376.892628766995,3.027082525478646
5.10,1,bcr4bp_strict,460,2.030554276063258,8.816666666666668,0.9838471252048908,0.02502410347593361,-0.008757339999267541,-0.06325769828211258,0.7596925781501436,0.4995784278667508,10306.76027593342,3.027138236593604
5.10,1,bcr4bp_strict,461,2.034968524489483,8.835833333333335,0.9836051778125322,0.02823197664735992,-0.006506734660388118,-0.04680344669820888,0.695254881639102,0.518380979553493,11255.73904399222,3.027188687896778
5.10,1,bcr4bp_strict,462,2.039382772915707,8.855,0.9834303938664288,0.03117485038159654,-0.004193333035632045,-0.03274825343860969,0.6394338879126148,0.5286254762224012,12210.27150314622,3.027234615355692
5.10,1,bcr4bp_strict,463,2.043797021341932,8.874166666666667,0.9833131827261461,0.03388809898495532,-0.001848021093967272,-0.02065113134948072,0.5910107475360558,0.5332267742755652,13161.95834435882,3.027276653907662
5.10,1,bcr4bp_strict,464,2.048211269768156,8.893333333333334,0.9832457345421011,0.03640172477783248,0.000508783003618943,-0.01014738411682743,0.54880326242653,0.5340860204922112,14105.6379810115,3.027315335714169
5.10,1,bcr4bp_strict,465,2.052625518194381,8.9125,0.9832216836992064,0.03874082807354727,0.002863506943288558,-0.0009457066361663042,0.5117811052423823,0.5324518932956839,15038.18453286581,3.027351102271084
5.10,1,bcr4bp_strict,466,2.057039766620605,8.931666666666667,0.9832358102301453,0.04092634039090509,0.005207097501719327,0.007183864641949868,0.4790849964820842,0.529153803326514,15957.76098807951,3.027384319448329
5.10,1,bcr4bp_strict,467,2.06145401504683,8.950833333333335,0.9832837976314397,0.04297575226306897,0.007533520540552903,0.01442271028941045,0.4500114052257071,0.524749542422027,16863.35273467499,3.027415291484934
5.10,1,bcr4bp_strict,468,2.065868263473054,8.970000000000001,0.9833620433230355,0.04490374742547567,0.009838783830636794,0.02091453995994152,0.4239879173635857,0.5196187378302749,17754.47309813192,3.027444272806245
5.10,1,bcr4bp_strict,469,2.070282511899279,8.989166666666668,0.9834675122453973,0.04672272677368036,0.0121202919484416,0.02677403646404813,0.4005488031986962,0.5140225113198299,18630.97514474025,3.027471477603443
5.10,1,bcr4bp_strict,470,2.074696760325503,9.008333333333335,0.9835976240360326,0.04844323122333241,0.01437641435294676,0.03209348985741951,0.3793138761934965,0.5081420459854236,19492.92992110139,3.027497087465413
5.10,1,bcr4bp_strict,471,2.079111008751727,9.0275,0.9837501658007314,0.0500742797746899,0.01660619217372955,0.03694782771166488,0.3599712036100743,0.502103873601829,20340.54680351707,3.027521257422756
5.10,1,bcr4bp_strict,472,2.083525257177952,9.046666666666667,0.9839232242586011,0.05162363920002024,0.01880913656499117,0.04139842013363451,0.3422633263373745,0.4959966969536343,21174.12091499041,3.02754412073431
5.10,1,bcr4bp_strict,473,2.087939505604177,9.065833333333334,0.9841151325563877,0.05309803957140571,0.020985088379617,0.04549596579825712,0.3259763983032697,0.4898827401479892,21993.99817610189,3.027565792690215
5.10,1,bcr4bp_strict,474,2.092353754030401,9.085000000000001,0.9843244282364654,0.05450334719719787,0.02313411948041302,0.04928269298488563,0.3109316577088817,0.483805510358764,22800.55198686435,3.027586373648912
5.10,1,bcr4bp_strict,475,2.096768002456626,9.104166666666668,0.984549819738778,0.05584470411002473,0.02525646269436494,0.05279404992210635,0.2969787250467579,0.4777951725122201,23594.16766519083,3.027605951476948
5.10,1,bcr4bp_strict,476,2.10118225088285,9.123333333333335,0.9847901594805469,0.05712664123551082,0.02735246171064784,0.05606001295319484,0.2839903202397281,0.4718723142901977,24375.23210752941,3.027624603521701
5.10,1,bcr4bp_strict,477,2.105596499309074,9.1425,0.9850444220459786,0.05835317077143413,0.02942253502011426,0.05910610704108873,0.2718580795328309,0.466050611510066,25144.12699289315,3.02764239821699
5.10,1,bcr4bp_strict,478,2.110010747735299,9.161666666666667,0.9853116863776568,0.05952786206379787,0.03146714984090501,0.0619542082659109,0.2604892255331126,0.4603387331273009,25901.22440552481,3.027659396398475
5.10,1,bcr4bp_strict,479,2.114424996161524,9.180833333333334,0.9855911211267228,0.06065390430963048,0.03348680321077922,0.06462317987414422,0.2498039011524484,0.4547417144507661,26646.88411484154,3.027675652388255
5.10,1,bcr4bp_strict,480,2.118839244587748,9.199999999999999,0.985881972515945,0.06173415868291292,0.03548200826443914,0.06712938027184515,0.2397330224367752,0.4492619545102866,27381.45199260077,3.027691214894715
5.10,1,bcr4bp_strict,481,2.123253493013972,9.219166666666668,0.986183554216941,0.06277120191774518,0.0374532842887198,0.06948707174321989,0.2302165390014156,0.4438999451992254,28105.25920925537,3.027706127763583
5.10,1,bcr4bp_strict,482,2.127667741440197,9.238333333333335,0.9864952388535038,0.06376736295078887,0.03940114954713774,0.07170875162562947,0.2212020164115879,0.4386548072833786,28818.62196139801,3.027720430608375
5.10,1,bcr4bp_strict,483,2.132081989866422,9.257500000000002,0.986816450826856,0.06472475389177701,0.04132611614478552,0.07380542246922585,0.2126434742902411,0.4335246862070308,29521.84155748739,3.02773415934251
5.10,1,bcr4bp_strict,484,2.136496238292646,9.276666666666667,0.9871466602226662,0.06564529633268117,0.0432286864024551,0.07578681384442958,0.2045004287162907,0.4285070453635851,30215.2047410489,3.027747346630763
5.10,1,bcr4bp_strict,485,2.14091048671887,9.295833333333334,0.9874853776088732,0.06653074380506649,0.04510935035031247,0.07766156556944569,0.1967370987486599,0.4235988838750495,30898.98416673351,3.027760022274177
5.10,1,bcr4bp_strict,486,2.145324735145095,9.315000000000001,0.9878321495714755,0.06738270103775747,0.04696858405338838,0.07943737995228695,0.189321745543505,0.4187968984582554,31573.4389699662,3.027772213539803
5.10,1,bcr4bp_strict,487,2.149738983571319,9.334166666666667,0.9881865548651488,0.06820264054303857,0.04880684855522956,0.08112114898983122,0.1822261191729477,0.4140976036592895,32238.81538877401,3.027783945444428
5.10,1,bcr4bp_strict,488,2.154153231997544,9.353333333333335,0.9885482010788851,0.06899191696154686,0.05062458928026715,0.08271906120463554,0.175424993388515,0.4094974209479231,32895.34740901607,3.02779524099976
5.10,1,bcr4bp_strict,489,2.158567480423768,9.372500000000002,0.9889167217352673,0.06975177951797658,0.05242223577541534,0.0842366918298964,0.1688957725634514,0.4049927444300371,33543.25741320866,3.027806121425161
5.10,1,bcr4bp_strict,490,2.162981728849993,9.391666666666667,0.9892917737566528,0.07048338287728592,0.05420020170104736,0.08567907930182941,0.1626181581663072,0.4005799889489056,34182.75681952294,3.027816606332933
5.10,1,bcr4bp_strict,491,2.167395977276217,9.410833333333334,0.9896730352432473,0.07118779664088451,0.05595888500359008,0.08705079043359255,0.1565738645674361,0.3962556248914809,34814.04670207631,3.027826713890296
5.10,1,bcr4bp_strict,492,2.171810225702442,9.430000000000001,0.9900602035174899,0.07186601368169673,0.0576986682185455,0.08835597618620687,0.1507463759137955,0.3920162029437315,35437.31838687214,3.027836460961477
5.10,1,bcr4bp_strict,493,2.176224474128666,9.449166666666667,0.9904529933967839,0.0725189574840316,0.05941991886523151,0.08959841959026149,0.1451207373420316,0.3878583712440604,36052.75402003821,3.027845863232772
5.10,1,bcr4bp_strict,494,2.180638722554891,9.468333333333334,0.9908511356628189,0.07314748862728226,0.06112298990396776,0.09078157708535997,0.1396833750238054,0.3837788867908701,36660.52710663174,3.027854935322973
5.10,1,bcr4bp_strict,495,2.185052970981115,9.487500000000002,0.9912543757007927,0.07375241053041702,0.06280822023359797,0.09190861431553603,0.1344219405182748,0.379774622515696,37260.8030194101,3.027863690881158
5.10,1,bcr4bp_strict,496,2.189467219407339,9.506666666666668,0.9916624722860086,0.0743344745560566,0.06447593521270063,0.09298243723550502,0.1293251756965733,0.3758425710982256,37853.73947774993,3.027872142673551
5.10,1,bcr4bp_strict,497,2.193881467833564,9.525833333333335,0.992075196498759,0.07489438455790209,0.06612644719200132,0.09400571923485766,0.1243827951421954,0.3719798463458605,38439.4869974231,3.027880302660884
5.10,1,bcr4bp_strict,498,2.198295716259789,9.545000000000002,0.992492330751251,0.07543280094279695,0.06776005604868587,0.09498092486765804,0.1195853834504904,0.3681836827676246,39018.18931228379,3.027888182067478
5.10,1,bcr4bp_strict,499,2.202709964686013,9.564166666666667,0.9929136679127069,0.07595034430829958,0.06937704971575932,0.09591033067757108,0.1149243052742538,0.3644514338250464,39589.98376913703,3.027895791443088
5.10,1,bcr4bp_strict,500,2.207124213112237,9.583333333333334,0.9933390105207487,0.07644759870792979,0.07097770470146157,0.09679604352908572,0.110391626309736,0.3607805692299695,40155.00169717862,3.027903140718405
5.10,1,bcr4bp_strict,501,2.211538461538462,9.602500000000001,0.9937681700688422,0.0769251145889321,0.07256228659518468,0.0976400167900975,0.1059800437031654,0.3571686715727024,40713.36875345076,3.027910239254975
5.10,1,bcr4bp_strict,502,2.215952709964686,9.621666666666668,0.9942009663609783,0.07738341144122927,0.07413105055743838,0.09844406465728589,0.1016828245939475,0.3536134324972646,41265.20524576804,3.02791709589021
5.10,1,bcr4bp_strict,503,2.220366958390911,9.640833333333335,0.9946372269259514,0.0778229801910155,0.07568424179224469,0.09920987487116553,0.09749375170644831,0.3501126485890754,41810.62643454252,3.027923718978042
5.10,1,bcr4bp_strict,504,2.224781206817136,9.660000000000002,0.9950767864846035,0.07824428536800666,0.07722209600098077,0.09993902003067229,0.09340707506516806,0.3466642171006716,42349.74281489224,3.027930116425729
5.10,1,bcr4bp_strict,505,2.22919545524336,9.679166666666667,0.9955194864642578,0.07864776707159102,0.07874483981717732,0.1006329676862723,0.08941746904413418,0.3432661316102636,42882.66038035987,3.027936295727241
5.10,1,bcr4bp_strict,506,2.233609703669584,9.698333333333334,0.9959651745552938,0.07903384275789796,0.08025269122213849,0.1012930893647385,0.08551999407534563,0.3399164776841135,43409.48086949944,3.027942263993598
5.10,1,bcr4bp_strict,507,2.238023952095809,9.717500000000001,0.9964137043054494,0.07940290886703975,0.08174585994152132,0.1019206686570309,0.0817100624369391,0.3366134285952527,43930.30199651828,3.027948027980488
5.10,1,bcr4bp_strict,508,2.242438200522033,9.736666666666666,0.9968649347479668,0.07975534230740826,0.08322454782321452,0.1025169084824251,0.07798340762256287,0.3333552411367518,44445.21766708938,3.027953594113453
5.10,1,bcr4bp_strict,509,2.246852448948258,9.755833333333335,0.9973187300601689,0.08009150181186232,0.08468894919699645,0.1030829376265653,0.07433605686183628,0.3301402515567043,44954.31818037618,3.027958968510909
5.10,1,bcr4bp_strict,510,2.251266697374482,9.775000000000002,0.997774959249451,0.080411729178874,0.08613925121655192,0.1036198166379945,0.07076430641979276,0.3269668716335566,45457.69041824091,3.027964157005183
5.10,1,bcr4bp_strict,511,2.255680945800707,9.794166666666667,0.9982334958640227,0.0807163504101726,0.08757563418449894,0.1041285431565569,0.06726469935256778,0.3238335849038411,45955.41802254139,3.027969165161823
5.10,1,bcr4bp_strict,512,2.260095194226931,9.813333333333334,0.9986942177260351,0.08100567675509486,0.08899827186111374,0.1046100567375437,0.06383400543873466,0.3207389430493547,46447.58156135548,3.027973998297294
5.10,1,bcr4bp_strict,513,2.264509442653156,9.832500000000001,0.9991570066849946,0.08128000567069298,0.09040733175746499,0.1050652432272998,0.06046920304173965,0.3176815624470006,46934.25868491099,3.027978661495256
5.10,1,bcr4bp_strict,514,2.26892369107938,9.851666666666667,0.9996217483895923,0.08153962170564312,0.0918029754136796,0.1054949387390219,0.0571674626898035,0.3146601208816162,47415.52427194366,3.027983159621544
5.10,1,bcr4bp_strict,515,2.273337939505605,9.870833333333334,1.00008833207628,0.08178479731511401,0.09318535866305477,0.1058999332714633,0.05392613218626288,0.311673354419972,47891.4505671504,3.027987497337969
5.10,1,bcr4bp_strict,516,2.277752187931829,9.890000000000002,1.000556650373103,0.08201579361298059,0.09455463188271965,0.1062809740080662,0.05074272308625545,0.3087200544425394,48362.10731035565,3.027991679115058
5.10,1,bcr4bp_strict,517,2.282166436358053,9.909166666666668,1.001026599117451,0.0822328610670898,0.09591094023153553,0.1066387683295675,0.04761489839545942,0.305799064828494,48827.56185796331,3.027995709243825
5.10,1,bcr4bp_strict,518,2.286580684784278,9.928333333333335,1.00149807718653,0.08243624014268597,0.09725442387589878,0.1069739865692261,0.04454046136377321,0.3029092792886338,49287.87929722323,3.02799959184666
5.10,1,bcr4bp_strict,519,2.290994933210503,9.947500000000002,1.001970986339479,0.0826261618985764,0.09858521820408496,0.1072872645364477,0.04151734526172182,0.3000496388403796,49743.12255380066,3.028003330887403
5.10,1,bcr4bp_strict,520,2.295409181636727,9.966666666666667,1.002445231070149,0.08280284854015177,0.09990345402975066,0.1075792058316429,0.03854360404033234,0.2972191294187042,50193.35249310274,3.028006930180704
5.10,1,bcr4bp_strict,521,2.299823430062951,9.985833333333334,1.00292071846969,0.08296651393296335,0.1012092577851777,0.1078503839725842,0.03561740378653449,0.2944167796166896,50638.62801578019,3.028010393400694
5.10,1,bcr4bp_strict,522,2.304237678489176,10.005,1.003397358098133,0.0831173640801925,0.1025027517048168,0.1081013443502875,0.03273701489601567,0.2916416585493834,51079.00614779154,3.028013724089051
5.10,1,bcr4bp_strict,523,2.3086519269154,10.02416666666667,1.00387506186426,0.08325559756702376,0.1037840539996639,0.1083326060304748,0.02990080489409778,0.2888928738346705,51514.54212539003,3.028016925662493
5.10,1,bcr4bp_strict,524,2.313066175341625,10.04333333333333,1.004353743913114,0.08338140597464269,0.10505327902297,0.1085446634149509,0.02710723184279298,0.2861695696850125,51945.28947536473,3.028020001419765
5.10,1,bcr4bp_strict,525,2.317480423767849,10.0625,1.00483332052056,0.08349497426632192,0.10631053742776,0.1087379877757036,0.02435483827885838,0.2834709251040775,52371.30009084416,3.028022954548137
5.10,1,bcr4bp_strict,526,2.321894672194074,10.08166666666667,1.00531370999435,0.08359648114782861,0.1075559363166137,0.108913028673203,0.02164224563352738,0.2807961521824814,52792.62430294837,3.028025788129483
5.10,1,bcr4bp_strict,527,2.326308920620298,10.10083333333333,1.005794832581224,0.08368609940418023,0.1087895793841311,0.1090702152691902,0.01896814908977632,0.2781444944871018,53209.31094855427,3.028028505145929
5.10,1,bcr4bp_strict,528,2.330723169046523,10.12,1.006276610379578,0.08376399621459117,0.1100115670524847,0.1092099575432006,0.01633131283755481,0.2755152255386638,53621.40743441946,3.028031108485158
5.10,1,bcr4bp_strict,529,2.335137417472747,10.13916666666667,1.006758967257314,0.08383033344728706,0.1112219966004368,0.1093326474211393,0.01373056569144506,0.272907647372544,54028.95979789368,3.028033600945352
5.10,1,bcr4bp_strict,530,2.339551665898972,10.15833333333333,1.007241828774485,0.08388526793571498,0.1124209622861796,0.1094386598234069,0.01116479703880769,0.2703210891779981,54432.01276442945,3.028035985239822
5.10,1,bcr4bp_strict,531,2.343965914325196,10.1775,1.007725122110411,0.08392895173754361,0.1136085554643316,0.1095283536393363,0.008632953089653974,0.2677549060112648,54830.60980208848,3.028038264001349
5.10,1,bcr4bp_strict,532,2.34838016275142,10.19666666666667,1.008208775994934,0.0839615323777274,0.1147848646974097,0.1096020726340563,0.006134033402307208,0.2652084775782438,55224.79317322823,3.028040439786241
5.10,1,bcr4bp_strict,533,2.352794411177645,10.21583333333333,1.008692720643545,0.08398315307679904,0.1159499758620736,0.1096601462933117,0.003667087661443615,0.2626812070826856,55614.60398353806,3.02804251507815
5.10,1,bcr4bp_strict,534,2.35720865960387,10.235,1.009176887696109,0.08399395296545743,0.1171039722504225,0.1097028906112532,0.001231212687350402,0.2601725201360676,56000.08222858428,3.02804449229165
5.10,1,bcr4bp_strict,535,2.361622908030094,10.25416666666667,1.009661210158951,0.08399406728642826,0.1182469346666102,0.1097306088257443,-0.001174450342760282,0.2576818637255433,56381.26683801188,3.028046373775588
5.10,1,bcr4bp_strict,536,2.366037156456319,10.27333333333333,1.010145622350083,0.0839836275844948,0.1193789415190261,0.1097435921053186,-0.003550718478740653,0.2552087052365704,56758.19571754103,3.028048161816253
5.10,1,bcr4bp_strict,537,2.370451404882543,10.2925,1.010630059847355,0.08396276188552258,0.1205000689082758,0.1097421201915442,-0.005898369402550385,0.2527525315270281,57130.90578888634,3.028049858640335
5.10,1,bcr4bp_strict,538,2.374865653308767,10.31166666666667,1.01111445943936,0.08393159486523619,0.121610390711184,0.1097264620002191,-0.00821814366866856,0.2503128480498167,57499.43302771963,3.028051466417721
5.10,1,bcr4bp_strict,539,2.379279901734992,10.33083333333333,1.0115987590789,0.08389024800844537,0.1227099786610254,0.1096968761845188,-0.01051074679288735,0.2478891780211218,57863.81249978787,3.028052987264126
5.10,1,bcr4bp_strict,540,2.383694150161217,10.35,1.012082897838863,0.08383883975936345,0.1237989024241799,0.1096536116629452,-0.012776851201336,0.2454810616316984,58224.07839529075,3.028054423243564
5.10,1,bcr4bp_strict,541,2.388108398587441,10.36916666666667,1.012566815870356,0.08377748566361062,0.1248772296733967,0.1095969081146813,-0.01501709805054094,0.2430880552986826,58580.26406161639,3.028055776370691
5.10,1,bcr4bp_strict,542,2.392522647013665,10.38833333333333,1.013050454362957,0.08370629850244948,0.1259450261578414,0.1095269964447325,-0.01723209892837644,0.2407097309556006,58932.40203452631,3.028057048612994
5.10,1,bcr4bp_strict,543,2.39693689543989,10.4075,1.013533755506961,0.08362538841975824,0.1270023557700882,0.1094440992210391,-0.01942243744490741,0.2383456753783866,59280.52406787514,3.028058241892876
5.10,1,bcr4bp_strict,544,2.401351143866115,10.42666666666667,1.014016662457493,0.08353486304220929,0.1280492806102133,0.1093484310855591,-0.02158867072136111,0.2359954895453479,59624.66116194597,3.028059358089611
5.10,1,bcr4bp_strict,545,2.405765392292339,10.44583333333333,1.014499119300381,0.08343482759308614,0.1290858610471346,0.1092401991411574,-0.02373133078475979,0.2336587880291531,59964.84359047594,3.028060399041195
5.10,1,bcr4bp_strict,546,2.410179640718563,10.465,1.014981071019693,0.08332538500013915,0.1301121557773346,0.1091196033159902,-0.02585092587512032,0.2313351984190288,60301.10092644289,3.028061366546092
5.10,1,bcr4bp_strict,547,2.414593889144788,10.48416666666667,1.015462463466828,0.08320663599785261,0.1311282218810956,0.1089868367069346,-0.02794794167154939,0.2290243607714686,60633.4620666788,3.028062262364888
5.10,1,bcr4bp_strict,548,2.419008137571012,10.50333333333333,1.015943243331085,0.08307867922446741,0.1321341148763711,0.1088420859034926,-0.03002284244304999,0.2267259270878543,60961.95525537254,3.028063088221847
5.10,1,bcr4bp_strict,549,2.423422385997237,10.5225,1.016423358111619,0.0829416113140802,0.1331298887704077,0.1086855312934854,-0.03207607212937722,0.2244395608174927,61286.60810651999,3.028063845806393
5.10,1,bcr4bp_strict,550,2.427836634423461,10.54166666666667,1.016902756090707,0.0827955269841167,0.1341155961092266,0.1085173473517519,-0.0341080553568523,0.2221649363846644,61607.44762537601,3.028064536774504
5.10,1,bcr4bp_strict,551,2.432250882849686,10.56083333333333,1.017381386308254,0.082640519118456,0.1350912880250673,0.1083377029129718,-0.03611919839365838,0.2199017387383565,61924.50022896017,3.028065162750033
5.10,1,bcr4bp_strict,552,2.43666513127591,10.58,1.017859198537473,0.08247667884646392,0.1360570142818934,0.1081467614296482,-0.03810989004877999,0.2176496629234417,62237.79176566439,3.028065725325961
5.10,1,bcr4bp_strict,553,2.441079379702135,10.59916666666667,1.018336143261671,0.08230409561817537,0.1370128233190481,0.1079446812162084,-0.0400805025184236,0.2154084136721379,62547.34753400784,3.028066226065581
5.10,1,bcr4bp_strict,554,2.445493628128359,10.61833333333333,1.018812171652078,0.08212285727584993,0.137958762293151,0.1077316156801069,-0.04203139218346527,0.2131777050146481,62853.19230058238,3.028066666503622
5.10,1,bcr4bp_strict,555,2.449907876554584,10.6375,1.019287235546679,0.08193305012210908,0.1388948771183161,0.1075077135407527,-0.04396290036119492,0.2109572599079507,63155.35031722874,3.028067048147309
5.10,1,bcr4bp_strict,556,2.454322124980808,10.65666666666667,1.019761287429979,0.08173475898485058,0.1398212125047687,0.1072731190370221,-0.04587535401437948,0.2087468098817737,63453.84533748108,3.028067372477377
5.10,1,bcr4bp_strict,557,2.458736373407032,10.67583333333333,1.020234280413665,0.08152806727912167,0.1407378119959365,0.1070279721240612,-0.04776906642044483,0.2065460947008352,63748.70063231664,3.028067640949021
5.10,1,bcr4bp_strict,558,2.463150621833257,10.695,1.020706168218111,0.08131305706612163,0.1416447180040845,0.1067724086600347,-0.04964433780336383,0.2043548620424936,64039.93900524375,3.028067854992803
5.10,1,bcr4bp_strict,559,2.467564870259482,10.71416666666667,1.021176905154688,0.08108980910949302,0.142541971844558,0.1065065605834313,-0.05150145593064687,0.2021728671890033,64327.58280675975,3.028068016015516
5.10,1,bcr4bp_strict,560,2.471979118685706,10.73333333333333,1.021646446108835,0.08085840292905036,0.1434296137686994,0.1062305560814883,-0.05334069667766156,0.1999998727336081,64611.65394821011,3.028068125400994
5.10,1,bcr4bp_strict,561,2.47639336711193,10.7525,1.02211474652386,0.08061891685208609,0.1443076829954965,0.1059445197502673,-0.05516232456134226,0.1978356482997589,64892.17391507622,3.028068184510886
5.10,1,bcr4bp_strict,562,2.480807615538155,10.77166666666667,1.022581762385423,0.08037142806238484,0.1451762177420182,0.1056485727468679,-0.05696659324520274,0.1956799702727831,65169.16377971914,3.028068194685395
5.10,1,bcr4bp_strict,563,2.485221863964379,10.79083333333333,1.023047450206678,0.0801160126470682,0.146035255252693,0.1053428329342387,-0.05875374601743352,0.193532621543363,65442.64421360462,3.028068157243966
5.10,1,bcr4bp_strict,564,2.489636112390604,10.81,1.023511767014043,0.07985274564138545,0.1468848318274803,0.1050274150190126,-0.06052401624373632,0.1913933912622265,65712.63549903389,3.028068073485955
5.10,1,bcr4bp_strict,565,2.494050360816829,10.82916666666667,1.023974670333551,0.07958170107155849,0.1477249828489813,0.1047024306827635,-0.06227762779643203,0.1892620746054852,65979.15754040211,3.028067944691253
5.10,1,bcr4bp_strict,566,2.498464609243053,10.84833333333333,1.024436118177782,0.07930295199578205,0.1485557428085377,0.1043679887070563,-0.06401479546127714,0.1871384725500815,66242.22987500703,3.02806777212088
5.10,1,bcr4bp_strict,567,2.502878857669277,10.8675,1.024896069033326,0.07901657054347491,0.1493771453313603,0.104024195092639,-0.06573572532332086,0.1850223916588437,66501.87168342758,3.028067557017554
5.10,1,bcr4bp_strict,568,2.507293106095502,10.88666666666667,1.025354481848756,0.07872262795287191,0.1501892232007284,0.1036711531731,-0.06744061513304447,0.1829136438746726,66758.10179949191,3.028067300606228
5.10,1,bcr4bp_strict,569,2.511707354521726,10.90583333333333,1.025811316023101,0.078421194607041,0.1509920083813011,0.1033089637232964,-0.06912965465394508,0.1808120463234089,67010.9387198534,3.028067004094594
5.10,1,bcr4bp_strict,570,2.516121602947951,10.925,1.026266531394778,0.07811234006840483,0.1517855320415759,0.102937725062836,-0.07080302599264422,0.1787174211249554,67260.40061319176,3.028066668673577
5.10,1,bcr4bp_strict,571,2.520535851374175,10.94416666666667,1.026720088230974,0.07779613311184215,0.1525698245755319,0.1025575331548821,-0.07246090391252978,0.1766295952122575,67506.5053290557,3.028066295517788
5.10,1,bcr4bp_strict,572,2.5249500998004,10.96333333333333,1.027171947217457,0.07747264175643907,0.1533449156234891,0.1021684817005288,-0.07410345613187803,0.1745484001577554,67749.27040636307,3.02806588578596
5.10,1,bcr4bp_strict,573,2.529364348226624,10.9825,1.027622069448787,0.07714193329595689,0.1541108340922195,0.1017706622289828,-0.07573084360733652,0.1724736720069533,67988.71308157322,3.028065440621366
5.10,1,bcr4bp_strict,574,2.533778596652849,11.00166666666667,1.028070416418922,0.07680407432807973,0.1548676081743369,0.1013641641837715,-0.07734322080359125,0.1704052511187659,68224.85029654519,3.028064961152213
5.10,1,bcr4bp_strict,575,2.538192845079073,11.02083333333333,1.028516950012197,0.07645913078250041,0.1556152653669965,0.1009490750051833,-0.07894073594999364,0.1683429820123181,68457.69870609601,3.028064448492009
5.10,1,bcr4bp_strict,576,2.542607093505298,11.04,1.028961632494651,0.07610716794790115,0.1563538324899335,0.1005254802091358,-0.08052353128486855,0.1662867132198941,68687.27468527124,3.028063903739928
5.10,1,bcr4bp_strict,577,2.547021341931522,11.05916666666667,1.029404426505707,0.07574825049788182,0.1570833357028634,0.1000934634626525,-0.08209174328817957,0.1642362971457507,68913.59433633962,3.028063327981139
5.10,1,bcr4bp_strict,578,2.551435590357746,11.07833333333333,1.029845295050166,0.07538244251588572,0.1578038005222729,0.0996531066561222,-0.08364550290318926,0.1621915899305165,69136.67349552418,3.028062722287125
5.10,1,bcr4bp_strict,579,2.555849838783971,11.0975,1.030284201490521,0.07500980751916962,0.1585152518376241,0.09920448997249984,-0.08518493574770823,0.1601524513209209,69356.52773948004,3.028062087715995
5.10,1,bcr4bp_strict,580,2.560264087210196,11.11666666666667,1.030721109539566,0.07463040848186404,0.159217713926994,0.09874769195360397,-0.08671016231549125,0.1581187445446084,69573.17239152931,3.028061425312761
5.10,1,bcr4bp_strict,581,2.56467833563642,11.13583333333333,1.031155983253292,0.07424430785716457,0.1599112104721732,0.0982827895636519,-0.08822129816830629,0.1560903361898025,69786.62252766354,3.028060736109615
5.10,1,bcr4bp_strict,582,2.569092584062644,11.155,1.031588787024063,0.07385156759869529,0.160595764573243,0.0978098582501687,-0.08971845411916914,0.1540670960895995,69996.89298232281,3.02806002112619
5.10,1,bcr4bp_strict,583,2.573506832488869,11.17416666666667,1.032019485574043,0.0734522491810822,0.1612713987626522,0.09732897200239796,-0.0912017364072043,0.1520488972106839,70203.99835396011,3.028059281369805
5.10,1,bcr4bp_strict,584,2.577921080915093,11.19333333333333,1.032448043948891,0.07304641361977209,0.1619381350188113,0.0968402034073335,-0.09267124686457044,0.1500356155462644,70407.95301040047,3.028058517835695
5.10,1,bcr4bp_strict,585,2.582335329341318,11.2125,1.032874427511687,0.0726341214901314,0.1625959947792239,0.09634362370348618,-0.09412708307585826,0.1480271300130413,70608.77109400209,3.028057731507231
5.10,1,bcr4bp_strict,586,2.586749577767542,11.23166666666667,1.033298601937094,0.07221543294585774,0.1632449989531713,0.09583930283249352,-0.0955693385303447,0.1460233223520284,70806.46652662773,3.028056923356132
5.10,1,bcr4bp_strict,587,2.591163826193767,11.25083333333333,1.033720533205743,0.07179040773673379,0.1638851679339673,0.0953273094886725,-0.09699810276746851,0.1440240770330555,71001.0530144337,3.028056094342658
5.10,1,bcr4bp_strict,588,2.595578074619991,11.27,1.034140187598835,0.07135910522575377,0.1645165216108002,0.0948077111666118,-0.09841346151586775,0.1420292811627906,71192.54405248367,3.028055245415805
5.10,1,bcr4bp_strict,589,2.599992323046216,11.28916666666667,1.034557531692946,0.07092158440564988,0.165139079380175,0.09428057420689451,-0.09981549682629916,0.1400388243961289,71380.95292919368,3.028054377513471
5.10,1,bcr4bp_strict,590,2.60440657147244,11.30833333333333,1.034972532355029,0.07047790391484457,0.1657528601569727,0.09374596384003643,-0.1012042871987456,0.138052598850799,71566.29273061513,3.028053491562633
5.10,1,bcr4bp_strict,591,2.608820819898665,11.3275,1.035385156737606,0.07002812205285416,0.1663578823851392,0.09320394422872101,-0.1025799077039963,0.1360704990250483,71748.57634456181,3.0280525884795
5.10,1,bcr4bp_strict,592,2.613235068324889,11.34666666666667,1.035795372274153,0.06957229679516774,0.1669541640480167,0.09265457850840887,-0.1039424300999677,0.1340924217182762,71927.81646458687,3.028051669169662
5.10,1,bcr4bp_strict,593,2.617649316751113,11.36583333333333,1.036203146674641,0.06911048580762343,0.1675417226783323,0.09209792882639348,-0.1052919229430236,0.1321182659544848,72104.02559381536,3.028050734528233
5.10,1,bcr4bp_strict,594,2.622063565177338,11.385,1.036608447921266,0.06864274646030377,0.1681205753678535,0.09153405637937241,-0.1066284516945313,0.1301479329084288,72277.21604863754,3.028049785439984
5.10,1,bcr4bp_strict,595,2.626477813603563,11.40416666666667,1.037011244264328,0.0681691358409713,0.1686907387767239,0.09096302144960043,-0.107952078822882,0.1281813258343517,72447.39996226822,3.028048822779468
5.10,1,bcr4bp_strict,596,2.630892062029787,11.42333333333333,1.037411504218277,0.06768971076806297,0.1692522291424901,0.09038488343968538,-0.1092628639011909,0.126218349997194,72614.58928817741,3.028047847411135
5.10,1,bcr4bp_strict,597,2.635306310456011,11.4425,1.037809196557898,0.06720452780326244,0.16980506228883,0.08979970090608609,-0.1105608637008784,0.1242589126061728,72778.79580339607,3.028046860189447
5.10,1,bcr4bp_strict,598,2.639720558882236,11.46166666666667,1.038204290314653,0.06671364326366842,0.1703492536339926,0.08920753159136931,-0.1118461322813234,0.1223029227506332,72940.0311117024,3.028045861958983
5.10,1,bcr4bp_strict,599,2.64413480730846,11.48083333333333,1.038596754773153,0.06621711323357525,0.1708848181989602,0.08860843245527722,-0.1131187210757731,0.1203502913380737,73098.3066466922,3.028044853554531
5.10,1,bcr4bp_strict,600,2.648549055734685,11.5,1.038986559467773,0.06571499357588211,0.1714117706153409,0.08800245970465694,-0.1143786789736767,0.1184009310342578,73253.6336747382,3.028043835801185
5.10,1,bcr4bp_strict,601,2.65296330416091,11.51916666666667,1.039373674179389,0.06520733994314688,0.1719301251330017,0.08738966882230038,-0.1156260523996079,0.1164547562053248,73406.02329784121,3.02804280951443
5.10,1,bcr4bp_strict,602,2.657377552587134,11.53833333333333,1.039758068932245,0.06469420778829836,0.17243989562745,0.08677011459473913,-0.1168608853889295,0.1145116828618159,73555.48645637812,3.028041775500226
5.10,1,bcr4bp_strict,603,2.661791801013358,11.5575,1.04013971399094,0.06417565237502143,0.1729410956069727,0.08614385113903816,-0.118083219660345,0.1125716286045376,73702.03393174935,3.028040734555072
5.10,1,bcr4bp_strict,604,2.666206049439583,11.57666666666667,1.040518579857529,0.06365172878782913,0.1734337382195389,0.08551093192863056,-0.1192930946854743,0.110634512572188,73845.67634892961,3.02803968746609
5.10,1,bcr4bp_strict,605,2.670620297865807,11.59583333333333,1.040894637268737,0.06312249194183321,0.1739178362594772,0.08487140981823124,-0.1204905477555868,0.1087002553906722,73986.42417892527,3.028038635011083
5.10,1,bcr4bp_strict,606,2.675034546292032,11.615,1.041267857193283,0.06258799659222648,0.1743934021739307,0.08422533706786771,-0.1216756140456123,0.1067687791240376,74124.28774114154,3.028037577958595
5.10,1,bcr4bp_strict,607,2.679448794718256,11.63416666666667,1.041638210829302,0.06204829734348867,0.1748604480691007,0.08357276536606421,-0.1228483266755489,0.1048400072269674,74259.27720566226,3.02803651706797
5.10,1,bcr4bp_strict,608,2.683863043144481,11.65333333333333,1.042005669601878,0.06150344865832623,0.1753189857162825,0.08291374585221219,-0.1240087167693796,0.1029138644987629,74391.40259544547,3.028035453089403
5.10,1,bcr4bp_strict,609,2.688277291570705,11.6725,1.042370205160664,0.06095350486635753,0.1757690265577026,0.08224832913815985,-0.1251568135116017,0.1009902770387591,74520.67378843758,3.028034386763988
5.10,1,bcr4bp_strict,610,2.69269153999693,11.69166666666667,1.0427317893776,0.06039852017255401,0.1762105817121611,0.08157656532905261,-0.1262926442014694,0.09906917220311499,74647.10051960831,3.028033318823764
5.10,1,bcr4bp_strict,611,2.697105788423154,11.71083333333334,1.04309039434472,0.05983854866544618,0.1766436619804869,0.08089850404345243,-0.1274162343050455,0.09715047856292099,74770.69238290977,3.028032249991748
5.10,1,bcr4bp_strict,612,2.701520036849379,11.73,1.043445992372051,0.05927364432510491,0.1770682778508103,0.08021419443276546,-0.1285276075051522,0.09523412586357356,74891.45883316135,3.028031180981984
5.10,1,bcr4bp_strict,613,2.705934285275603,11.74916666666667,1.043798555985588,0.05870386103090636,0.1774844395036596,0.07952368520000405,-0.1296267857493059,0.09332004498536355,75009.40918786335,3.028030112499565
5.10,1,bcr4bp_strict,614,2.710348533701828,11.76833333333334,1.04414805792536,0.05812925256909016,0.177892156816886,0.07882702461790951,-0.1307137892957165,0.09140816790523264,75124.55262894135,3.028029045240671
5.10,1,bcr4bp_strict,615,2.714762782128052,11.7875,1.044494471143562,0.05754987264011812,0.1782914393704217,0.07812426054645952,-0.1317886367574315,0.08949842765964811,75236.89820442347,3.028027979892591
5.10,1,bcr4bp_strict,616,2.719177030554277,11.80666666666667,1.044837768802779,0.05696577486584214,0.1786822964508774,0.07741544044978359,-0.132851345144695,0.08759075830855236,75346.45483005253,3.02802691713375
5.10,1,bcr4bp_strict,617,2.723591278980501,11.82583333333334,1.04517792427427,0.05637701279648938,0.1790647370559824,0.07670061141250994,-0.1339019299055919,0.08568509490034622,75453.23129083574,3.028025857633732
5.10,1,bcr4bp_strict,618,2.728005527406725,11.845,1.045514911136326,0.05578363991747113,0.179438769898872,0.07597982015556397,-0.1349404049650451,0.0837813734378615,75557.23624253261,3.02802480205329
5.10,1,bcr4bp_strict,619,2.73241977583295,11.86416666666667,1.045848703172706,0.05518570965602319,0.1798044034122283,0.07525311305143907,-0.1359667827622276,0.08187953084528457,75658.4782130844,3.028023751044377
5.10,1,bcr4bp_strict,620,2.736834024259175,11.88333333333333,1.046179274371123,0.05458327538768488,0.1801616457522747,0.07452053613896048,-0.136981074286447,0.07997950493599489,75756.96560398539,3.028022705250143
5.10,1,bcr4bp_strict,621,2.741248272685399,11.9025,1.046506598921809,0.05397639044262244,0.1805105048026326,0.07378213513755937,-0.1379832891115632,0.07808123438127859,75852.706691599,3.028021665304958
5.10,1,bcr4bp_strict,622,2.745662521111623,11.92166666666667,1.046830651216131,0.05336510811180369,0.1808509881780405,0.07303795546107578,-0.1389734354289905,0.07618465867988355,75945.70962841948,3.028020631834417
5.10,1,bcr4bp_strict,623,2.750076769537848,11.94083333333334,1.047151405845276,0.05274948165303044,0.1811831032279411,0.07228804223110834,-0.1399515200793359,0.07428971812838385,76035.98244428108,3.028019605455346
5.10,1,bcr4bp_strict,624,2.754491017964072,11.96,1.047468837598989,0.05212956429683376,0.1815068570399388,0.07153244028992584,-0.1409175485827217,0.07239635379231786,76123.53304751618,3.028018586775807
5.10,1,bcr4bp_strict,625,2.758905266390297,11.97916666666667,1.047782921464364,0.05150540925223818,0.1818222564431322,0.07077119421295709,-0.1418715251678412,0.07050450747807029,76208.3692260637,3.028017576395102
5.10,1,bcr4bp_strict,626,2.763319514816521,11.99833333333333,1.048093632624696,0.05087706971240083,0.1821293080113233,0.07000434832087496,-0.1428134527997871,0.06861412170546978,76290.49864852958,3.028016574903774
5.10,1,bcr4bp_strict,627,2.767733763242746,12.0175,1.048400946458382,0.05024459886012989,0.1824280180661078,0.06923194669128759,-0.1437433332066986,0.06672513968106968,76369.92886519976,3.028015582883603
5.10,1,bcr4bp_strict,628,2.77214801166897,12.03666666666667,1.048704838537873,0.0496080498732879,0.1827183926798487,0.06845403317005141,-0.1446611669052647,0.06483750527208558,76446.66730900822,3.028014600907606
5.10,1,bcr4bp_strict,629,2.776562260095195,12.05583333333334,1.049005284628676,0.04896747593008555,0.1830004376785362,0.06767065138222017,-0.1455669532251208,0.06295116298096473,76520.72129645996,3.028013629540032
5.10,1,bcr4bp_strict,630,2.780976508521419,12.075,1.049302260688399,0.04832293021426959,0.1832741586445367,0.06688184474264101,-0.1464606903321765,0.06106605792055738,76592.09802851113,3.028012669336357
5.10,1,bcr4bp_strict,631,2.785390756947644,12.09416666666667,1.049595742865854,0.04767446592020997,0.1835395609192336,0.06608765646621091,-0.1473423752509065,0.05918213578986727,76660.80459140701,3.028011720843276
5.10,1,bcr4bp_strict,632,2.789805005373868,12.11333333333334,1.049885707500186,0.04702213625789152,0.1837966496055624,0.06528812957780582,-0.1482120038856373,0.05729934285035826,76726.84795747865,3.028010784598691
5.10,1,bcr4bp_strict,633,2.794219253800093,12.1325,1.050172131120064,0.04636599445781314,0.1840454295704419,0.06448330692189239,-0.1490695710408612,0.05541762590279057,76790.23498589978,3.028009861131706
5.10,1,bcr4bp_strict,634,2.798633502226317,12.15166666666667,1.050454990442902,0.04570609377579951,0.184285905447105,0.06367323117183399,-0.149915070440606,0.05353693226456565,76850.9724234048,3.028008950962611
5.10,1,bcr4bp_strict,635,2.803047750652542,12.17083333333334,1.050734262374122,0.04504248749772977,0.1845180816373297,0.062857944838902,-0.1507484947468863,0.05165720974755948,76909.06690496826,3.028008054602874
5.10,1,bcr4bp_strict,636,2.807461999078766,12.19,1.051009924006461,0.04437522894418632,0.1847419623135741,0.06203749028100116,-0.1515698355772652,0.04977840663641983,76964.52495444764,3.028007172555119
5.10,1,bcr4bp_strict,637,2.811876247504991,12.20916666666667,1.051281952619312,0.04370437147502788,0.1849575514210163,0.06121190971111917,-0.1523790835215487,0.0479004716673087,77017.35298518972,3.02800630531312
5.10,1,bcr4bp_strict,638,2.816290495931215,12.22833333333334,1.0515503256781,0.04302996849389139,0.1851648526795011,0.0603812452055108,-0.1531762281576372,0.04602335400707168,77067.55730060142,3.028005453361778
5.10,1,bcr4bp_strict,639,2.820704744357439,12.2475,1.051815020833699,0.04235207345262513,0.1853638695853961,0.05954553871162364,-0.153961258066555,0.04414700323281179,77115.14409468604,3.028004617177106
5.10,1,bcr4bp_strict,640,2.825118992783664,12.26666666666667,1.05207601592188,0.04167073985565728,0.1855546054133584,0.05870483205577512,-0.1547341608466807,0.04227136931185086,77160.11945254599,3.028003797226212
5.10,1,bcr4bp_strict,641,2.829533241209889,12.28583333333333,1.05233328896279,0.04098602126430402,0.1857370632180132,0.05785916695058961,-0.1554949231271946,0.04039640258206187,77202.48935085176,3.028002993967274
5.10,1,bcr4bp_strict,642,2.833947489636113,12.305,1.052586818160471,0.04029797130101932,0.1859112458355471,0.05700858500220218,-0.1562435305807649,0.03852205373255156,77242.25965827901,3.028002207849528
5.10,1,bcr4bp_strict,643,2.838361738062337,12.32416666666667,1.0528365819024,0.03960664365359037,0.1860771558852165,0.05615312771723729,-0.1569799679354881,0.03664827378467785,77279.43613591387,3.02800143931324
5.10,1,bcr4bp_strict,644,2.842775986488562,12.34333333333334,1.05308255875907,0.0389120920792826,0.1862347957707728,0.05529283650957066,-0.1577042189860994,0.03477501407338702,77314.02443762685,3.028000688789686
5.10,1,bcr4bp_strict,645,2.847190234914786,12.3625,1.05332472748359,0.0382143704089361,0.186384167681806,0.05442775270687992,-0.1584162666044706,0.03290222622885151,77346.03011041664,3.02799995670113
5.10,1,bcr4bp_strict,646,2.851604483341011,12.38166666666667,1.053563067011323,0.0375135325510173,0.1865252735950081,0.05355791755699155,-0.159116092749407,0.03102986215839396,77375.45859472379,3.027999243460799
5.10,1,bcr4bp_strict,647,2.856018731767235,12.40083333333333,1.053797556459544,0.03680963249562952,0.1866581152753568,0.05268337223403143,-0.1598036784757582,0.02915787402868407,77402.31522471516,3.027998549472859
5.10,1,bcr4bp_strict,648,2.86043298019346,12.42,1.054028175127131,0.03610272431848417,0.1867826942772218,0.05180415784438414,-0.1604790039428544,0.02728621424818999,77426.60522853963,3.02799787513239
5.10,1,bcr4bp_strict,649,2.864847228619684,12.43916666666667,1.054254902494273,0.03539286218483621,0.1868990119453937,0.05092031543246741,-0.1611420484222806,0.02541483544987122,77448.33372855543,3.027997220825358
5.10,1,bcr4bp_strict,650,2.869261477045909,12.45833333333334,1.054477718222218,0.03468010035338736,0.1870070694160374,0.05003188598632886,-0.1617927903049973,0.02354369047410072,77467.50574152992,3.027996586928592
5.10,1,bcr4bp_strict,651,2.873675725472133,12.4775,1.054696602153027,0.03396449318015857,0.1871068676175701,0.04913891044306889,-0.162431207107819,0.02167273235179865,77484.12617881173,3.027995973809754
5.10,1,bcr4bp_strict,652,2.878089973898358,12.49666666666667,1.054911534309367,0.03324609512233545,0.1871984072714656,0.04824142969409628,-0.1630572754792598,0.0198019142877662,77498.19984647619,3.027995381827311
5.10,1,bcr4bp_strict,653,2.882504222324582,12.51583333333333,1.055122494894317,0.03252496074208983,0.1872816888929855,0.0473394845902221,-0.1636709712047511,0.0179311896442075,77509.73144544435,3.027994811330509
5.10,1,bcr4bp_strict,654,2.886918470750806,12.535,1.055329464291203,0.03180114471037902,0.1873567127918384,0.04643311594659625,-0.1642722692112424,0.01606051192442344,77518.72557157595,3.027994262659339
5.10,1,bcr4bp_strict,655,2.891332719177031,12.55416666666667,1.055532423063446,0.03107470181072608,0.187423479072766,0.04552236454749158,-0.1648611435711895,0.01418983475666623,77525.18671573624,3.027993736144512
5.10,1,bcr4bp_strict,656,2.895746967603256,12.57333333333334,1.055731351954442,0.0303456869429846,0.1874819876360602,0.04460727115094169,-0.1654375675059351,0.01231911187814371,77529.11926383822,3.027993232107427
5.10,1,bcr4bp_strict,657,2.90016121602948,12.5925,1.055926231887454,0.02961415512708907,0.187532238178009,0.04368787649323528,-0.1660015133884892,0.01044829711915779,77530.52749685934,3.027992750860139
5.10,1,bcr4bp_strict,658,2.904575464455704,12.61166666666667,1.056117043965523,0.02888016150679442,0.1875742301912718,0.04276422129327218,-0.1665529527457113,0.008577344387366469,77529.41559083339,3.027992292705328
5.10,1,bcr4bp_strict,659,2.908989712881929,12.63083333333334,1.056303769471404,0.02814376135340785,0.1876079629651873,0.04183634625678653,-0.1670918562598979,0.006706207652159236,77525.78761681839,3.027991857936269
5.10,1,bcr4bp_strict,660,2.913403961308153,12.65,1.056486389867515,0.02740501006951431,0.1876334355860114,0.04090429208043919,-0.16761819376978,0.004834840929130486,77519.64754084009,3.027991446836797
5.10,1,bcr4bp_strict,661,2.917818209734378,12.66916666666667,1.056664886795908,0.02666396319269883,0.1876506469370867,0.03996809945578476,-0.1681319342709305,0.002963198264641247,77510.99922381149,3.027991059681274
5.10,1,bcr4bp_strict,662,2.922232458160603,12.68833333333333,1.056839242078252,0.0259206763992691,0.187659595698945,0.03902780907311742,-0.1686330459155826,0.001091233720459116,77499.84642142906,3.027990696734557
5.10,1,bcr4bp_strict,663,2.926646706586827,12.7075,1.057009437715837,0.02517520550797944,0.1876602803493408,0.03808346162519816,-0.1691214960118628,-0.000781098641538209,77486.19278404491,3.027990358251964
5.10,1,bcr4bp_strict,664,2.931060955013051,12.72666666666667,1.057175455889593,0.02442760648375942,0.1876526991632188,0.0371350978108675,-0.1695972510224346,-0.002653844774605432,77470.04185651634,3.027990044479238
5.10,1,bcr4bp_strict,665,2.935475203439276,12.74583333333334,1.057337278960127,0.02367793544145046,0.1876368502126131,0.03618275833854846,-0.1700602765625537,-0.004527050662327644,77451.39707803191,3.027989755652511
5.10,1,bcr4bp_strict,666,2.9398894518655,12.765,1.057494889467768,0.02292624864955169,0.1876127313664801,0.03522648392964119,-0.1705105373975345,-0.006400762333788419,77430.26178191476,3.027989491998273
5.10,1,bcr4bp_strict,667,2.944303700291725,12.78416666666667,1.057648270132634,0.02217260253397825,0.1875803402904641,0.03426631532181359,-0.1709479974396231,-0.008275025878717181,77406.63919540313,3.027989253733332
5.10,1,bcr4bp_strict,668,2.948717948717949,12.80333333333333,1.057797403854714,0.02141705368183534,0.1875396744465962,0.03330229327219199,-0.1713726197442758,-0.01014988746262518,77380.53243940817,3.027989041064777
5.10,1,bcr4bp_strict,669,2.953132197144174,12.8225,1.057942273713953,0.02065965884520947,0.1874907310929262,0.03233445856045328,-0.1717843665058384,-0.01202539334194454,77351.94452824933,3.027988854189946
5.10,1,bcr4bp_strict,670,2.957546445570398,12.84166666666667,1.058082862970368,0.01990047494497997,0.1874335072830881,0.03136285199182225,-0.172183199052623,-0.01390158987917925,77320.87836936738,3.02798869329638
5.10,1,bcr4bp_strict,671,2.961960693996623,12.86083333333334,1.058219155064158,0.01913955907465437,0.1873679998657984,0.03038751439997819,-0.1725690778413754,-0.0157785235580776,77287.33676301467,3.027988558561794
5.10,1,bcr4bp_strict,672,2.966374942422847,12.88,1.058351133615842,0.01837696850422868,0.1872942054842869,0.02940848664987145,-0.1729419624511299,-0.01765624099884038,77251.32240192384,3.027988450154032
5.10,1,bcr4bp_strict,673,2.970789190849072,12.89916666666667,1.058478782426401,0.01761276068407674,0.1872121205756614,0.02842580964045448,-0.1733018115764425,-0.01953478897337253,77212.83787095334,3.027988368231031
5.10,1,bcr4bp_strict,674,2.975203439275296,12.91833333333333,1.058602085477433,0.01684699324887029,0.1871217413702037,0.02743952430732882,-0.1736485830199969,-0.02141421442059173,77171.88564671155,3.027988312940781
5.10,1,bcr4bp_strict,675,2.979617687701521,12.9375,1.058721026931324,0.01607972402153385,0.1870230638905987,0.02644967162531205,-0.173982233684574,-0.02329456446180152,77128.46809715823,3.027988284421282
5.10,1,bcr4bp_strict,676,2.984031936127745,12.95666666666667,1.058835591131421,0.01531101101723582,0.1869160839510953,0.02545629261092554,-0.174302719564377,-0.02517588641614361,77082.58748118383,3.027988282800509
5.10,1,bcr4bp_strict,677,2.98844618455397,12.97583333333334,1.058945762602227,0.01454091244741926,0.1868007971565986,0.02445942832480624,-0.1746099957357028,-0.02705822781613871,77034.24594816685,3.027988308196365
5.10,1,bcr4bp_strict,678,2.992860432980194,12.995,1.059051526049597,0.01376948672387604,0.1866771989016938,0.02345911987404576,-0.1749040163469479,-0.02894163642332513,76983.44553750839,3.027988360716642
5.10,1,bcr4bp_strict,679,2.997274681406418,13.01416666666667,1.059152866360952,0.01299679246286589,0.1865452843696002,0.02245540841445722,-0.1751847346079386,-0.03082616024400994,76930.18817814493,3.027988440458976
5.10,1,bcr4bp_strict,680,3.001688929832643,13.03333333333333,1.059249768605493,0.01222288848928405,0.1864050485310561,0.02144833515277309,-0.1754521027785734,-0.0327118475451419,76874.47568803839,3.02798854751081
5.10,1,bcr4bp_strict,681,3.006103178258868,13.0525,1.059342218034436,0.01144783384088133,0.1862564861431328,0.02043794134877708,-0.1757060721567648,-0.03459874687031607,76816.30977364378,3.027988681949343
5.10,1,bcr4bp_strict,682,3.010517426685092,13.07166666666667,1.05943020008125,0.01067168777253824,0.1860995917479777,0.01942426831737034,-0.1759465930656659,-0.03648690705592483,76755.69202935437,3.027988843841487
5.10,1,bcr4bp_strict,683,3.014931675111316,13.09083333333333,1.059513700361902,0.009894509760597104,0.185934359671486,0.01840735743057483,-0.1761736148401679,-0.03837637724746525,76692.62393692422,3.027989033243826
5.10,1,bcr4bp_strict,684,3.019345923537541,13.11,1.059592704675114,0.009116359507256141,0.1857607840219003,0.01738725011947703,-0.1763870858126523,-0.04026720691601272,76627.10686486764,3.027989250202566
5.10,1,bcr4bp_strict,685,3.023760171963765,13.12916666666667,1.059667199002633,0.008337296945027401,0.1855788586883362,0.01636398787611186,-0.1765869532979819,-0.04215944587487631,76559.14206783606,3.027989494753492
5.10,1,bcr4bp_strict,686,3.02817442038999,13.14833333333334,1.059737169509495,0.007557382241262669,0.1853885773392345,0.01533761225528975,-0.1767731635777124,-0.044053144296446,76488.7306859711,3.027989766921916
5.10,1,bcr4bp_strict,687,3.032588668816214,13.1675,1.059802602544315,0.006776675802751519,0.1851899334207389,0.0143081648763694,-0.1769456618835056,-0.04594835272924244,76415.8737442354,3.027990066722632
5.10,1,bcr4bp_strict,688,3.037002917242439,13.18666666666667,1.05986348463957,0.00599523828039368,0.1849829201549976,0.0132756874249766,-0.1771043923797253,-0.04784512211518502,76340.57215171891,3.027990394159866
5.10,1,bcr4bp_strict,689,3.041417165668663,13.20583333333333,1.059919802511896,0.005213130573950068,0.184767530538388,0.01224022165467121,-0.1772492981451953,-0.04974350380708913,76262.82670092206,3.027990749227229
5.10,1,bcr4bp_strict,690,3.045831414094888,13.225,1.059971543062396,0.004430413836876945,0.1845437573396638,0.01120180938856536,-0.177380321154096,-0.05164354958640381,76182.63806701465,3.027991131907661
5.10,1,bcr4bp_strict,691,3.050245662521112,13.24416666666667,1.060018693376944,0.003647149481245634,0.1843115930980236,0.01016049252089245,-0.1774974022559783,-0.05354531168120632,76100.00680707088,3.027991542173383
5.10,1,bcr4bp_strict,692,3.054659910947337,13.26333333333334,1.060061240726505,0.002863399182752457,0.184071030121099,0.009116313018529503,-0.1776004811548695,-0.05544884278446503,76014.93335927956,3.027991979985845
5.10,1,bcr4bp_strict,693,3.059074159373561,13.2825,1.060099172567463,0.002079224885823665,0.1838220604828615,0.008069312922475346,-0.1776894963874447,-0.05735419607258285,75927.41804212974,3.027992445295667
5.10,1,bcr4bp_strict,694,3.063488407799785,13.30166666666667,1.060132476541943,0.00129468880881811,0.1835646760214472,0.007019534349284325,-0.1777643853002396,-0.05926142522423825,75837.4610535713,3.027992938042594
5.10,1,bcr4bp_strict,695,3.06790265622601,13.32083333333333,1.060161140478155,0.000509853449332703,0.1832988683368974,0.005967019492457895,-0.1778250840258729,-0.06117058443953639,75745.06247014992,3.027993458155428
5.10,1,bcr4bp_strict,696,3.072316904652235,13.34,1.060185152390734,-0.0002752184103842411,0.1830246287888141,0.004911810623796481,-0.1778715274582502,-0.06308172845948312,75650.22224611686,3.027994005551982
5.10,1,bcr4bp_strict,697,3.076731153078459,13.35916666666667,1.060204500481087,-0.0010604636979086,0.1827419484939289,0.003853950094711098,-0.1779036492267191,-0.06499491258580024,75552.94021251198,3.027994580139015
5.10,1,bcr4bp_strict,698,3.081145401504684,13.37833333333333,1.06021917313775,-0.001845819044999577,0.1824508183235827,0.002793480337497009,-0.1779213816691405,-0.06691019270109522,75453.21607622084,3.027995181812174
5.10,1,bcr4bp_strict,699,3.085559649930908,13.3975,1.060229158936746,-0.002631220781836805,0.1821512289011174,0.00173044386657175,-0.1779246558038426,-0.06882762528939926,75351.04941900464,3.027995810455937
5.10,1,bcr4bp_strict,700,3.089973898357132,13.41666666666667,1.060234446641951,-0.003416604931131817,0.1818431705991745,0.0006648832796768893,-0.1779134013004226,-0.07074726745709314,75246.43969650296,3.027996465943546
5.10,1,bcr4bp_strict,701,3.094388146783357,13.43583333333333,1.060235025205462,-0.004201907202108024,0.1815266335369006,-0.0004031587409543575,-0.1778875464493557,-0.07266917695423536,75139.38623720875,3.027997148136944
5.10,1,bcr4bp_strict,702,3.098802395209582,13.455,1.060230883767979,-0.004987062984343121,0.181201607577059,-0.001473639427461553,-0.1778470181303739,-0.07459341219630744,75029.88824141533,3.027997856886714
5.10,1,bcr4bp_strict,703,3.103216643635806,13.47416666666667,1.060222011659176,-0.005772007341469825,0.1808680823230431,-0.002546515925253892,-0.177791741779571,-0.0765200322863971,74917.94478013429,3.027998592032008
5.10,1,bcr4bp_strict,704,3.10763089206203,13.49333333333333,1.060208398398094,-0.006556675004728523,0.180526047115791,-0.003621745291937946,-0.1777216413551919,-0.07844909703783527,74803.55479398475,3.027999353400482
5.10,1,bcr4bp_strict,705,3.112045140488255,13.5125,1.060190033693528,-0.007341000366365191,0.1801754910306006,-0.004699284496273717,-0.1776366393020579,-0.08038066699730298,74686.71709205247,3.028000140808222
5.10,1,bcr4bp_strict,706,3.116459388914479,13.53166666666667,1.060166907444422,-0.008124917472869914,0.1798164028738392,-0.005779090417160181,-0.1775366565145829,-0.08231480346843047,74567.43035071911,3.028000954059681
5.10,1,bcr4bp_strict,707,3.120873637340704,13.55083333333334,1.060139009740266,-0.008908360018048915,0.17944877117955,-0.006861119842648269,-0.1774216122983259,-0.08425156853590571,74445.6931124601,3.028001792947591
5.10,1,bcr4bp_strict,708,3.125287885766928,13.57,1.0601063308615,-0.009691261335922871,0.1790725842059498,-0.00794532946897912,-0.1772914243300319,-0.08619102509011013,74321.50378461168,3.028002657252904
5.10,1,bcr4bp_strict,709,3.129702134193153,13.58916666666667,1.060068861279924,-0.01047355439344606,0.1786878299318172,-0.009031675899648895,-0.1771460086161009,-0.08813323685230551,74194.86063810554,3.028003546744701
5.10,1,bcr4bp_strict,710,3.134116382619377,13.60833333333333,1.060026591659107,-0.01125517178303866,0.178294496052768,-0.01012011564449804,-0.17698527944943,-0.09007826840039063,74065.76180617101,3.028004461180121
5.10,1,bcr4bp_strict,711,3.138530631045602,13.6275,1.059979512854801,-0.01203604571492409,0.1778925699774162,-0.01121060511882314,-0.176809149364566,-0.09202618519524765,73934.20528300328,3.028005400304275
5.10,1,bcr4bp_strict,712,3.142944879471826,13.64666666666667,1.059927615915363,-0.01281610800926523,0.177482038823417,-0.0123031006425126,-0.1766175290911054,-0.0939770536077036,73800.18892239855,3.028006363850165
5.10,1,bcr4bp_strict,713,3.147359127898051,13.66583333333334,1.059870892082178,-0.01359529008809102,0.1770628894133891,-0.01339755843920414,-0.1764103275052733,-0.09593094094612771,73663.71043635314,3.028007351538592
5.10,1,bcr4bp_strict,714,3.151773376324275,13.685,1.059809332790083,-0.01437352296700436,0.1766351082707143,-0.01449393463546248,-0.1761874515796126,-0.09788791548468648,73524.76739362821,3.028008363078073
5.10,1,bcr4bp_strict,715,3.156187624750499,13.70416666666667,1.0597429296678,-0.01515073724666442,0.1761986816152105,-0.01559218525997849,-0.1759488063307084,-0.09984804649228367,73383.35721827707,3.028009398164747
5.10,1,bcr4bp_strict,716,3.160601873176724,13.72333333333333,1.059671674538369,-0.01592686310403364,0.1757535953586756,-0.01669226624278781,-0.1756942947648697,-0.1018114042622086,73239.47718813615,3.02801045648228
5.10,1,bcr4bp_strict,717,3.165016121602949,13.7425,1.059595559419583,-0.01670183028337965,0.1752998351002986,-0.01779413341450766,-0.1754238178216884,-0.1037780601425162,73093.12443327742,3.028011537701767
5.10,1,bcr4bp_strict,718,3.169430370029173,13.76166666666667,1.059514576524433,-0.01747556808702387,0.1748373861219356,-0.01889774250559283,-0.1751372743153896,-0.1057480865671687,72944.29593442191,3.028012641481635
5.10,1,bcr4bp_strict,719,3.173844618455397,13.78083333333333,1.059428718261548,-0.01824800536582617,0.1743662333832457,-0.02000304914560957,-0.1748345608738825,-0.1077215570879647,72792.98852131372,3.028013767467537
5.10,1,bcr4bp_strict,720,3.178258866881622,13.8,1.059337977235643,-0.01901907050939461,0.1738863615166847,-0.0211100088625255,-0.1745155718754201,-0.1096985464072812,72639.19887105287,3.028014915292243
5.10,1,bcr4bp_strict,721,3.182673115307846,13.81916666666667,1.059242346247969,-0.01978869143601071,0.1733977548223529,-0.02221857708201736,-0.1741801993827662,-0.1116791304116616,72482.92350638659,3.028016084575537
5.10,1,bcr4bp_strict,722,3.187087363734071,13.83833333333333,1.059141818296766,-0.02055679558225853,0.1729003972626912,-0.0233287091267948,-0.1738283330747688,-0.1136633862062773,72324.15879395782,3.028017274924096
5.10,1,bcr4bp_strict,723,3.191501612160295,13.8575,1.059036386577719,-0.02132330989234497,0.172394272457025,-0.02444036021593906,-0.1734598601752281,-0.1156513921502917,72162.9009425097,3.028018485931377
5.10,1,bcr4bp_strict,724,3.19591586058652,13.87666666666667,1.05892604448442,-0.02208816080710073,0.1718793636759483,-0.02555348546425787,-0.1730746653789462,-0.1176432278931625,71999.14600104533,3.028019717177493
5.10,1,bcr4bp_strict,725,3.200330109012744,13.89583333333333,1.058810785608822,-0.02285127425264827,0.1713556538355465,-0.02666803988165564,-0.1726726307748385,-0.1196389744119126,71832.88985694112,3.028020968229091
5.10,1,bcr4bp_strict,726,3.204744357438969,13.915,1.05869060374171,-0.02361257562872299,0.170823125491452,-0.02778397837251718,-0.1722536357659783,-0.1216387140494009,71664.12823401342,3.028022238639217
5.10,1,bcr4bp_strict,727,3.209158605865193,13.93416666666667,1.058565492873169,-0.02437198979663516,0.1702817608327288,-0.02890125573510705,-0.1718175569864437,-0.1236425305536338,71492.85669053611,3.028023527947188
5.10,1,bcr4bp_strict,728,3.213572854291418,13.95333333333333,1.058435447193046,-0.02512944106685753,0.1697315416755807,-0.03001982666098325,-0.171364268214825,-0.125650509118148,71319.07061720872,3.028024835678449
5.10,1,bcr4bp_strict,729,3.217987102717642,13.9725,1.058300461091431,-0.02588485318622267,0.1691724494568797,-0.03113964573442422,-0.1708936402842473,-0.127662736423503,71142.76523507369,3.028026161344432
5.10,1,bcr4bp_strict,730,3.222401351143866,13.99166666666667,1.058160529159128,-0.02663814932471598,0.1686044652275082,-0.03226066743187082,-0.1704055409887513,-0.1296793006799229,70963.93559338103,3.028027504442401
5.10,1,bcr4bp_strict,731,3.226815599570091,14.01083333333333,1.058015646188129,-0.02738925206184703,0.1680275696455096,-0.03338284612138274,-0.1698998349858704,-0.1317002916711266,70782.57656739895,3.028028864455309
5.10,1,bcr4bp_strict,732,3.231229847996316,14.03,1.057865807172101,-0.02813808337258149,0.1674417429690448,-0.03450613606210794,-0.1693763836952329,-0.1337258007993837,70598.68285617002,3.028030240851628
5.10,1,bcr4bp_strict,733,3.23564409642254,14.04916666666667,1.057711007306861,-0.02888456461281703,0.1668469650491448,-0.03563049140376765,-0.1688350451930072,-0.1357559211318435,70412.24898021005,3.028031633085191
5.10,1,bcr4bp_strict,734,3.240058344848765,14.06833333333334,1.057551241990864,-0.02962861650438375,0.1662432153222568,-0.03675586618615585,-0.1682756741019997,-0.1377907474481768,70223.2692791486,3.028033040595015
5.10,1,bcr4bp_strict,735,3.244472593274989,14.0875,1.05738650682569,-0.03037015911954882,0.1656304728025779,-0.03788221433865265,-0.1676981214772058,-0.1398303762895738,70031.73790931045,3.028034462805125
5.10,1,bcr4bp_strict,736,3.248886841701213,14.10666666666667,1.057216797616526,-0.03110911186500621,0.1650087160741678,-0.03900948967975403,-0.1671022346866014,-0.1418749060091486,69837.64884123454,3.028035899124371
5.10,1,bcr4bp_strict,737,3.253301090127438,14.12583333333333,1.057042110372666,-0.03184539346532926,0.1643779232828367,-0.04013764591661714,-0.1664878572869512,-0.1439244368237934,69640.99585713059,3.028037348946235
5.10,1,bcr4bp_strict,738,3.257715338553663,14.145,1.056862441307997,-0.03257892194586292,0.1637380721278014,-0.04126663664462096,-0.1658548288944005,-0.1459790708675328,69441.77254827041,3.028038811648633
5.10,1,bcr4bp_strict,739,3.262129586979887,14.16416666666667,1.056677786841494,-0.03330961461503357,0.1630891398531017,-0.04239641534694495,-0.1652029850495994,-0.1480389122464284,69239.97231231251,3.028040286593707
5.10,1,bcr4bp_strict,740,3.266543835406111,14.18333333333333,1.056488143597719,-0.03403738804605046,0.162431103238771,-0.04352693539416452,-0.1645321570771002,-0.1501040670950851,69035.58835055804,3.028041773127613
5.10,1,bcr4bp_strict,741,3.270958083832336,14.2025,1.056293508407315,-0.03476215805797373,0.1617639385917544,-0.04465815004386588,-0.1638421719387484,-0.1521746436348134,68828.61366513613,3.028043270580295
5.10,1,bcr4bp_strict,742,3.275372332258561,14.22166666666667,1.05609387830751,-0.03548383969612086,0.1610876217365659,-0.04579001244027884,-0.1631328520807775,-0.1542507522334987,68619.04105611717,3.028044778265259
5.10,1,bcr4bp_strict,743,3.279786580684785,14.24083333333333,1.055889250542614,-0.03620234721178422,0.1604021280056774,-0.0469224756139314,-0.1624040152742971,-0.156332505467239,68406.86311855059,3.028046295479328
5.10,1,bcr4bp_strict,744,3.284200829111009,14.26,1.055679622564524,-0.03691759404122941,0.1597074322296316,-0.04805549248132582,-0.1616554744488486,-0.1584200181838055,68192.07223942678,3.02804782150239
5.10,1,bcr4bp_strict,745,3.288615077537234,14.27916666666667,1.055464992033228,-0.03762949278394226,0.1590035087268711,-0.04918901584463659,-0.1608870375186836,-0.1605134075679843,67974.66059455955,3.028049355597145
5.10,1,bcr4bp_strict,746,3.293029325963458,14.29833333333333,1.055245356817309,-0.03833795518009288,0.1582903312932742,-0.05032299839143391,-0.1600985072013993,-0.1626127932088637,67754.6201453877,3.028050897008828
5.10,1,bcr4bp_strict,747,3.297443574389683,14.3175,1.055020714994453,-0.03904289208718159,0.1575678731913896,-0.05145739269443313,-0.1592896808285449,-0.1647182971691268,67531.9426356929,3.028052444964931
5.10,1,bcr4bp_strict,748,3.301857822815907,14.33666666666667,1.054791064851955,-0.03974421345582967,0.1568361071393606,-0.05259215121127081,-0.1584603501477913,-0.1668300440564127,67306.61958823174,3.028053998674904
5.10,1,bcr4bp_strict,749,3.306272071242132,14.35583333333333,1.054556404887229,-0.04044182830467804,0.1560950052995297,-0.05372722628431143,-0.1576103011162297,-0.168948161096814,67078.64230127944,3.028055557329862
5.10,1,bcr4bp_strict,750,3.310686319668356,14.375,1.054316733808316,-0.0411356446943532,0.1553445392667134,-0.05486257014048568,-0.1567393136843407,-0.1710727782105754,66848.00184508257,3.028057120102251
5.10,1,bcr4bp_strict,751,3.315100568094581,14.39416666666667,1.054072050534393,-0.04182556970045732,0.1545846800561392,-0.05599813489116168,-0.15584716157015,-0.1732040280900614,66614.68905821846,3.028058686145531
5.10,1,bcr4bp_strict,752,3.319514816520805,14.41333333333333,1.053822354196287,-0.04251150938553949,0.1538153980910315,-0.05713387253205327,-0.1549336120230527,-0.1753420462800639,66378.69454385803,3.028060254593822
5.10,1,bcr4bp_strict,753,3.32392906494703,14.4325,1.053567644136981,-0.04319336877000062,0.1530366631898389,-0.05826973494316728,-0.1539984255767616,-0.17748697126052,66140.00866593001,3.028061824561549
5.10,1,bcr4bp_strict,754,3.328343313373254,14.45166666666667,1.053307919912128,-0.0438710518018821,0.1522484445530909,-0.05940567388879112,-0.1530413557908003,-0.1796389445317088,65898.62154518321,3.028063395143064
5.10,1,bcr4bp_strict,755,3.332757561799478,14.47083333333333,1.053043181290562,-0.04454446132548755,0.1514507107498725,-0.0605416410175262,-0.1520621489799243,-0.1817981107020047,65654.52305514405,3.028064965412256
5.10,1,bcr4bp_strict,756,3.337171810225703,14.49,1.052773428254804,-0.04521349904878237,0.1506434297039053,-0.06167758786236879,-0.1510605439308171,-0.1839646175782576,65407.70281796632,3.028066534422144
5.10,1,bcr4bp_strict,757,3.341586058651928,14.50916666666667,1.052498661001578,-0.04587806550951268,0.1498265686792251,-0.06281346584084105,-0.1500362716053689,-0.1861386162588733,65158.15020017036,3.028068101204453
5.10,1,bcr4bp_strict,758,3.346000307078152,14.52833333333333,1.052218879942316,-0.04653806003998417,0.1490000942654409,-0.06394922625517772,-0.1489890548297979,-0.1883202612296714,64905.85430826822,3.028069664769162
5.10,1,bcr4bp_strict,759,3.350414555504377,14.5475,1.051934085703671,-0.04719338073043591,0.1481639723625653,-0.06508482029257141,-0.1479186079688305,-0.1905097104625943,64650.8039842717,3.028071224104052
5.10,1,bcr4bp_strict,760,3.354828803930601,14.56666666666667,1.051644279128018,-0.04784392439094091,0.1473181681654031,-0.06622019902547935,-0.146824636584107,-0.1927071255173397,64392.98780108001,3.028072778174211
5.10,1,bcr4bp_strict,761,3.359243052356825,14.58583333333333,1.051349461273964,-0.04848958651176281,0.146462646147484,-0.06735531341199806,-0.1457068370759238,-0.1949126716459937,64132.39405774387,3.028074325921535
5.10,1,bcr4bp_strict,762,3.36365730078305,14.605,1.051049633416851,-0.04913026122209278,0.1455973700445264,-0.06849011429630959,-0.1445648963073655,-0.1971265179007374,63869.01077460206,3.028075866264194
5.10,1,bcr4bp_strict,763,3.368071549209275,14.62416666666667,1.050744797049258,-0.04976584124708579,0.1447223028374202,-0.06962455240920275,-0.143398491209822,-0.1993488372446948,63602.82568828781,3.028077398096087
5.10,1,bcr4bp_strict,764,3.372485797635499,14.64333333333333,1.050434953881497,-0.05039621786311323,0.143837406734712,-0.07075857836867683,-0.1422072883688154,-0.2015798066659973,63333.82624660085,3.028078920286256
5.10,1,bcr4bp_strict,765,3.376900046061723,14.6625,1.050120105842116,-0.05102128085114159,0.1429426431545795,-0.07189214268063183,-0.1409909435889908,-0.2038196072951299,63061.99960324158,3.028080431678288
5.10,1,bcr4bp_strict,766,3.381314294487948,14.68166666666667,1.049800255078386,-0.05164091844814218,0.1420379727062819,-0.0730251957396497,-0.1397491014370532,-0.2060684245256201,62787.33261240416,3.028081931089682
5.10,1,bcr4bp_strict,767,3.385728542914172,14.70083333333333,1.049475403956792,-0.05225501729643275,0.1411233551710683,-0.0741576878298745,-0.1384813947613431,-0.208326448138136,62509.8118232245,3.028083417311186
5.10,1,bcr4bp_strict,768,3.390142791340397,14.72,1.049145555063522,-0.05286346239084427,0.1401987494825318,-0.07528956912599634,-0.1371874441866607,-0.2105938724280442,62229.42347407941,3.028084889106108
5.10,1,bcr4bp_strict,769,3.394557039766621,14.73916666666667,1.048810711204941,-0.05346613702359988,0.1392641137063929,-0.07642078969434443,-0.1358668575828516,-0.2128708963364762,61946.15348673346,3.028086345209589
5.10,1,bcr4bp_strict,770,3.398971288192846,14.75833333333333,1.048470875408075,-0.05406292272678773,0.1383194050196957,-0.07755129949409756,-0.1345192295055626,-0.2151577235849494,61659.98746032984,3.028087784327846
5.10,1,bcr4bp_strict,771,3.40338553661907,14.7775,1.048126050921072,-0.05465369921230069,0.1373645796894021,-0.07868104837861752,-0.1331441406074674,-0.2174545628135735,61370.91066522103,3.028089205137378
5.10,1,bcr4bp_strict,772,3.407799785045295,14.79666666666667,1.047776241213675,-0.05523834430910801,0.1363995930503691,-0.07980998609691113,-0.1317411570181427,-0.2197616277228631,61078.90803663641,3.028090606284131
5.10,1,bcr4bp_strict,773,3.412214033471519,14.81583333333333,1.047421449977671,-0.05581673389771738,0.1354243994826905,-0.08093806229522987,-0.1303098296906446,-0.2220791372191742,60783.96416818247,3.028091986382626
5.10,1,bcr4bp_strict,774,3.416628281897744,14.835,1.047061681127347,-0.05638874184167526,0.1344389523883896,-0.08206522651881266,-0.128849693712698,-0.2244073155637568,60486.0633051722,3.028093344015045
5.10,1,bcr4bp_strict,775,3.421042530323968,14.85416666666667,1.04669693879993,-0.05695423991594399,0.133443204167446,-0.08319142821377774,-0.1273602675802611,-0.2267463925254063,60185.18933778087,3.028094677730266
5.10,1,bcr4bp_strict,776,3.425456778750192,14.87333333333333,1.046327227356016,-0.0575130977319853,0.1324371061931402,-0.08431661672917222,-0.1258410524310633,-0.2290966035366777,59881.32579402378,3.028095986042864
5.10,1,bcr4bp_strict,777,3.429871027176417,14.8925,1.045952551379999,-0.05806518265936739,0.1314206087867009,-0.08544074131918503,-0.1242915312355397,-0.2314581898536024,59574.45583255344,3.028097267432043
5.10,1,bcr4bp_strict,778,3.434285275602642,14.91166666666667,1.045572915680485,-0.05861035974370101,0.1303936611912406,-0.08656375114552814,-0.1227111679423979,-0.2338313987188217,59264.56223527338,3.028098520340531
5.10,1,bcr4bp_strict,779,3.438699524028866,14.93083333333333,1.045188325290688,-0.05914849162069884,0.1293562115449625,-0.08768559527999396,-0.1210994065758404,-0.2362164835280263,58951.62739976533,3.028099743173413
5.10,1,bcr4bp_strict,780,3.44311377245509,14.95,1.044798785468829,-0.0596794384261372,0.128308206853626,-0.08880622270719322,-0.1194556702812489,-0.2386137039995549,58635.63333152737,3.028100934296905
5.10,1,bcr4bp_strict,781,3.447528020881315,14.96916666666667,1.044404301698508,-0.06020305770148466,0.127249592962258,-0.08992558232747623,-0.1177793603158917,-0.2410233263469641,58316.56163602152,3.028102092037063
5.10,1,bcr4bp_strict,782,3.451942269307539,14.98833333333333,1.044004879689072,-0.06071920429494782,0.1261803145260946,-0.09104362296004334,-0.1160698549809504,-0.243445623454345,57994.39351052822,3.028103214678429
5.10,1,bcr4bp_strict,783,3.456356517733764,15.0075,1.043600525375968,-0.06122773025766595,0.1251003149807444,-0.09216029334624523,-0.1143265084908796,-0.2458808750541071,57669.10973580729,3.028104300462604
5.10,1,bcr4bp_strict,784,3.460770766159988,15.02666666666667,1.043191244921075,-0.06172848473476802,0.1240095365115622,-0.09327554215307272,-0.1125486497758031,-0.2483293679068899,57340.69066756422,3.028105347586751
5.10,1,bcr4bp_strict,785,3.465185014586213,15.04583333333333,1.042777044713027,-0.06222131385098757,0.122907920022224,-0.09438931797683636,-0.1107355812123071,-0.2507913959832048,57009.11622772188,3.028106354202009
5.10,1,bcr4bp_strict,786,3.469599263012437,15.065,1.042357931367514,-0.06270606059050764,0.1217954051024976,-0.0955015693470307,-0.108886577277628,-0.2532672606463309,56674.36589549847,3.028107318411835
5.10,1,bcr4bp_strict,787,3.474013511438662,15.08416666666667,1.041933911727572,-0.06318256467068567,0.1206719299952041,-0.09661224473037579,-0.1070008831218332,-0.2557572708358973,56336.41869829375,3.028108238270244
5.10,1,bcr4bp_strict,788,3.478427759864886,15.10333333333333,1.041504992863847,-0.06365066240928446,0.1195374315623687,-0.09772129253502655,-0.1050777130521488,-0.2582617432514992,55995.25320238568,3.028109111779966
5.10,1,bcr4bp_strict,789,3.482842008291111,15.1225,1.041071182074845,-0.06411018658480701,0.1183918452505618,-0.09882866111493516,-0.1031162489231191,-0.2607810025355728,55650.84750344173,3.028109936890495
5.10,1,bcr4bp_strict,790,3.487256256717335,15.14166666666667,1.040632486887164,-0.0645609662895045,0.1172351050554371,-0.09993429877434473,-0.101115638425762,-0.2633153814546297,55303.17921685026,3.028110711496029
5.10,1,bcr4bp_strict,791,3.491670505143559,15.16083333333333,1.040188915055699,-0.06500282677459615,0.1160671434854745,-0.1010381537723909,-0.09907499326830982,-0.2658652210778117,54952.22546787837,3.0281114334333
5.10,1,bcr4bp_strict,792,3.496084753569784,15.18,1.039740474563834,-0.06543558928720442,0.1148878915249423,-0.1021401743277767,-0.09699338724051006,-0.268430870951555,54597.96288166548,3.028112100479281
5.10,1,bcr4bp_strict,793,3.500499001996009,15.19916666666667,1.039287173623609,-0.06585907089847232,0.1136972785961016,-0.1032403086234776,-0.09486985415277986,-0.2710126892689655,54240.36757306303,3.028112710348764
5.10,1,bcr4bp_strict,794,3.504913250422233,15.21833333333333,1.038829020675867,-0.06627308432229058,0.1124952325206752,-0.1043385048114278,-0.09270338564075731,-0.2736110430322952,53879.41513633349,3.028113260691792
5.10,1,bcr4bp_strict,795,3.509327498848458,15.2375,1.038366024390383,-0.06667743772401769,0.1112816794806192,-0.1054347110171209,-0.09049292882498201,-0.276226308206662,53515.08063472434,3.028113749090961
5.10,1,bcr4bp_strict,796,3.513741747274682,15.25666666666667,1.037898193665967,-0.0670719345185288,0.1100565439782395,-0.1065288753440465,-0.08823738381454127,-0.2788588698628703,53147.33858993668,3.028114173058541
5.10,1,bcr4bp_strict,797,3.518155995700906,15.27583333333333,1.037425537630554,-0.06745637315687884,0.1088197487957054,-0.1076209458778704,-0.08593560104252901,-0.2815091223068795,52776.16297150973,3.028114530033446
5.10,1,bcr4bp_strict,798,3.522570244127131,15.295,1.036948065641275,-0.06783054690080838,0.1075712149540265,-0.1087108706902405,-0.0835863784200894,-0.2841774691930926,52401.52718614899,3.02811481737802
5.10,1,bcr4bp_strict,799,3.526984492553356,15.31416666666667,1.036465787284511,-0.0681942435842597,0.1063108616715724,-0.1097985978420809,-0.08118845829462816,-0.2868643236182215,52023.40406702847,3.028115032374624
5.10,1,bcr4bp_strict,800,3.53139874097958,15.33333333333334,1.035978712375932,-0.06854724536100511,0.1050386063222256,-0.1108840753862089,-0.0787405241964601,-0.2895701081920123,51641.76586310368,3.028115172222023
5.10,1,bcr4bp_strict,801,3.535812989405804,15.3525,1.035486850960531,-0.06888932843741576,0.1037543643932829,-0.1119672513690779,-0.07624119735672696,-0.2922952550805601,51256.58422847758,3.028115234031556
5.10,1,bcr4bp_strict,802,3.540227237832029,15.37166666666667,1.03499021331265,-0.06922026278932077,0.1024580494432332,-0.1130480738314079,-0.07368903297782414,-0.2950402060173211,50867.83021186904,3.028115214823051
5.10,1,bcr4bp_strict,803,3.544641486258254,15.39083333333334,1.034488809936006,-0.06953981186181916,0.1011495730595698,-0.1141264908074251,-0.07108251623582582,-0.2978054122762082,50475.47424624123,3.028115111520513
5.10,1,bcr4bp_strict,804,3.549055734684478,15.41,1.033982651563723,-0.06984773225081344,0.09982884481681639,-0.115202450322377,-0.06842005799245179,-0.3005913346003403,50079.48613865525,3.028114920947516
5.10,1,bcr4bp_strict,805,3.553469983110702,15.42916666666667,1.033471749158384,-0.0701437733649287,0.09849577223497731,-0.1162759003879286,-0.06569999019198296,-0.3033984430790655,49679.835060426,3.028114639822313
5.10,1,bcr4bp_strict,806,3.557884231536927,15.44833333333334,1.032956113912102,-0.07042767706636789,0.09715026073866276,-0.1173467889949715,-0.06292056091615994,-0.3062272169647935,49276.48953766812,3.028114264752631
5.10,1,bcr4bp_strict,807,3.562298479963151,15.4675,1.032435757246639,-0.07069917728912969,0.09579221361717101,-0.1184150641032949,-0.06007992906746586,-0.3090781444199347,48869.41744233355,3.028113792230119
5.10,1,bcr4bp_strict,808,3.566712728389376,15.48666666666667,1.031910690813564,-0.07095799963287752,0.09442153198586251,-0.1194806736274639,-0.0571761586482875,-0.3119517221828012,48458.58598385663,3.028113218624443
5.10,1,bcr4bp_strict,809,3.5711269768156,15.50583333333334,1.031380926494503,-0.07120386093059818,0.09303811474921186,-0.1205435654181331,-0.05420721260021723,-0.314848455139676,48043.96170154217,3.028112540176982
5.10,1,bcr4bp_strict,810,3.575541225241825,15.525,1.030846476401461,-0.07143646878802337,0.09164185856598145,-0.1216036872378858,-0.05117094616416027,-0.3177688557883593,47625.51045784938,3.028111752994094
5.10,1,bcr4bp_strict,811,3.579955473668049,15.54416666666667,1.030307352877287,-0.07165552109260449,0.0902326578170332,-0.1226609867305216,-0.04806509971792632,-0.3207134435762969,47203.19743274923,3.028110853039931
5.10,1,bcr4bp_strict,812,3.584369722094274,15.56333333333334,1.02976356849627,-0.07186070548963046,0.0888104045763753,-0.1237154113825207,-0.0448872910435445,-0.3236827440938606,46776.98711935912,3.028109836128757
5.10,1,bcr4bp_strict,813,3.588783970520498,15.5825,1.029215136064942,-0.07205169882285689,0.08737498858612895,-0.1247669084751874,-0.04163500697158417,-0.3266772881004199,46346.84332108732,3.028108697916732
5.10,1,bcr4bp_strict,814,3.593198218946723,15.60166666666667,1.028662068623108,-0.07222816653677047,0.08592629723621001,-0.1258154250256989,-0.03830559434425648,-0.3296976103574398,45912.72915055647,3.028107433893113
5.10,1,bcr4bp_strict,815,3.597612467372947,15.62083333333334,1.028104379445165,-0.07238976203734103,0.08446421554964276,-0.1268609077149662,-0.03489625023292013,-0.3327442482388989,45474.60703061389,3.028106039370826
5.10,1,bcr4bp_strict,816,3.602026715799171,15.64,1.027542082041773,-0.07253612600781628,0.08298862617455982,-0.1279033027998341,-0.03140401133873214,-0.3358177400847511,45032.43869778217,3.028104509476368
5.10,1,bcr4bp_strict,817,3.606440964225396,15.65916666666667,1.026975190161957,-0.07266688567578178,0.08149940938410931,-0.1289425560066932,-0.02782574249751442,-0.3389186232578318,44586.1852085576,3.028102839138948
5.10,1,bcr4bp_strict,818,3.610855212651621,15.67833333333334,1.02640371779572,-0.07278165402734195,0.07999644308567798,-0.1299786124030405,-0.02415812420131511,-0.3420474318584104,44135.80694902406,3.028101023078853
5.10,1,bcr4bp_strict,819,3.615269461077845,15.6975,1.025827679177286,-0.07288002896387132,0.07847960284105343,-0.131011416242889,-0.02039763903951872,-0.3452046940433836,43681.26364832032,3.028099055794914
5.10,1,bcr4bp_strict,820,3.619683709504069,15.71666666666667,1.025247088789085,-0.07296159239633231,0.07694876189940372,-0.1320409107811638,-0.01654055695159334,-0.3483909288886632,43222.51439658023,3.028096931551036
5.10,1,bcr4bp_strict,821,3.624097957930294,15.73583333333334,1.02466196136664,-0.07302590927165385,0.07540379124524613,-0.1330670380513176,-0.01258291917148777,-0.3516066427234523,42759.51766806037,3.028094644361687
5.10,1,bcr4bp_strict,822,3.628512206356518,15.755,1.02407231190453,-0.07307252652510593,0.0738445596639115,-0.1340897385993159,-0.008520520730133553,-0.3548523248535678,42292.23135027738,3.028092187976251
5.10,1,bcr4bp_strict,823,3.632926454782743,15.77416666666667,1.023478155663636,-0.07310097195198284,0.07227093382740984,-0.1351089511658473,-0.004348891367312626,-0.3581284425774118,41820.61278010466,3.028089555862158
5.10,1,bcr4bp_strict,824,3.637340703208968,15.79333333333333,1.02287950817992,-0.07311075299121431,0.07068277840406276,-0.1361246123070623,-6.327468708102331e-05,-0.3614354353822762,41344.61878792656,3.028086741186646
5.10,1,bcr4bp_strict,825,3.641754951635192,15.8125,1.022276385275044,-0.07310135541275038,0.06907995619579962,-0.1371366559422854,0.00434139462824697,-0.3647737081899369,40864.20575111723,3.028083736797062
5.10,1,bcr4bp_strict,826,3.646169200061416,15.83166666666667,1.021668803069154,-0.07307224189970257,0.06746232830764494,-0.138145012814905,0.008870515752080041,-0.3681436234983965,40379.32965831346,3.028080535199523
5.10,1,bcr4bp_strict,827,3.650583448487641,15.85083333333334,1.021056777996288,-0.07302285051525985,0.06582975435465607,-0.1391496098499526,0.01352984902622082,-0.3715454922405281,39889.94618618378,3.028077128535823
5.10,1,bcr4bp_strict,828,3.654997696913865,15.87,1.02044032682286,-0.07295259304332054,0.06418209271242394,-0.1401503693886319,0.01832554591014685,-0.3749795631495044,39396.01079066793,3.028073508558366
5.10,1,bcr4bp_strict,829,3.65941194534009,15.88916666666667,1.019819466669858,-0.07286085319057692,0.06251920081825929,-0.1411472082761277,0.02326418185533134,-0.3784460103842609,38897.47881498227,3.028069666602965
5.10,1,bcr4bp_strict,830,3.663826193766314,15.90833333333333,1.019194215039429,-0.07274698463644183,0.06084093553137011,-0.1421400367742638,0.02835279242727684,-0.3819449191247408,38394.30561706161,3.028065593559284
5.10,1,bcr4bp_strict,831,3.668240442192539,15.9275,1.018564589846717,-0.0726103089156989,0.05914715356172298,-0.1431287572648016,0.03359891303633246,-0.3854762687948983,37886.44671954895,3.028061279838663
5.10,1,bcr4bp_strict,832,3.672654690618763,15.94666666666667,1.017930609457968,-0.07245011311707149,0.05743771197892824,-0.1441132627021433,0.03901062268130244,-0.3890399135096674,37373.8579859647,3.028056715339084
5.10,1,bcr4bp_strict,833,3.677068939044988,15.96583333333334,1.017292292736093,-0.07226564737901786,0.05571246881442875,-0.1450934347656317,0.04459659215782422,-0.3926355592683048,36856.49582730157,3.028051889406963
5.10,1,bcr4bp_strict,834,3.681483187471212,15.985,1.016649659095175,-0.0720561221619493,0.05397128377256546,-0.1460691416511752,0.05036613723692331,-0.3962627373281427,36334.31744401468,3.02804679079544
5.10,1,bcr4bp_strict,835,3.685897435897437,16.00416666666667,1.016002728565644,-0.07182070527370792,0.05221401906882214,-0.147040235429105,0.0563292773784014,-0.3999207730867268,35807.28110923717,3.028041407618784
5.10,1,bcr4bp_strict,836,3.690311684323661,16.02333333333334,1.01535152187223,-0.07155851862250703,0.05044054041679164,-0.1480065488794335,0.06249680060913631,-0.403608749672788,35275.34650007241,3.028035727302511
5.10,1,bcr4bp_strict,837,3.694725932749885,16.0425,1.01469606052724,-0.0712686346685989,0.04865071818925866,-0.148967891696326,0.06888033526813515,-0.4073254652928396,34738.47508502441,3.028029736528727
5.10,1,bcr4bp_strict,838,3.69914018117611,16.06166666666667,1.01403636694222,-0.07095007254266664,0.04684442878340351,-0.1499240459297133,0.0754924293981668,-0.4110693831946322,34196.63057707744,3.028023421176192
5.10,1,bcr4bp_strict,839,3.703554429602335,16.08083333333333,1.013372464561707,-0.07060179379531294,0.04502155622563762,-0.1508747605024431,0.08234663864758532,-0.4148385728841874,33649.77946366115,3.028016766254499
5.10,1,bcr4bp_strict,840,3.707968678028559,16.1,1.012704378023586,-0.07022269773801014,0.04318199405817612,-0.1518197446047647,0.08945762363451187,-0.4186306409609378,33097.89162680502,3.028009755831729
5.10,1,bcr4bp_strict,841,3.712382926454783,16.11916666666667,1.012032133351525,-0.0698116163314738,0.04132564755738304,-0.1527586597224466,0.0968412578168992,-0.4224426496048136,32540.94106926579,3.028002372954831
5.10,1,bcr4bp_strict,842,3.716797174881008,16.13833333333334,1.011355758186145,-0.06936730857261296,0.03945243634346292,-0.1536911099981486,0.1045147470030246,-0.4262710203466486,31978.90676539244,3.027994599561924
5.10,1,bcr4bp_strict,843,3.721211423307232,16.1575,1.010675282063095,-0.0688884543260096,0.03756229745257067,-0.1546166305548712,0.1124967617226012,-0.4301114202625611,31411.77365908091,3.027986416385581
5.10,1,bcr4bp_strict,844,3.725625671733457,16.17666666666667,1.009990736747992,-0.06837364754032746,0.03565518895631667,-0.1555346733216526,0.1208075837511705,-0.4339586271336569,30839.53383550363,3.027977802846098
5.10,1,bcr4bp_strict,845,3.730039920159681,16.19583333333334,1.009302156640464,-0.06782138878422736,0.03373109423047502,-0.1564445897903985,0.1294692681282133,-0.4378063693794426,30262.18789853671,3.027968736933587
5.10,1,bcr4bp_strict,846,3.734454168585906,16.215,1.008609579262371,-0.06723007703041527,0.0317900269951143,-0.1573456099927099,0.1385058220154095,-0.4416471356758845,29679.74659215151,3.027959195077669
5.10,1,bcr4bp_strict,847,3.73886841701213,16.23416666666667,1.007913045848752,-0.06659800061061091,0.02983203727318467,-0.1582368168090046,0.1479434016806736,-0.4454719480692356,29092.2327117363,3.027949152003351
5.10,1,bcr4bp_strict,848,3.743282665438355,16.25333333333333,1.007212602064491,-0.06592332725886504,0.02785721844478973,-0.1591171144991011,0.1578105287299818,-0.4492700910484687,28499.68336067169,3.0279385805716
5.10,1,bcr4bp_strict,849,3.747696913864579,16.2725,1.006508298875138,-0.06520409315633244,0.02586571561116057,-0.159985190060988,0.1681383263906709,-0.4530287873865944,27902.15261886427,3.02792745160298
5.10,1,bcr4bp_strict,850,3.752111162290804,16.29166666666667,1.005800193607291,-0.06443819088816895,0.0238577355272372,-0.1608394656664047,0.1789607761024691,-0.4567328095375477,27299.71470380982,3.027915733682598
5.10,1,bcr4bp_strict,851,3.756525410717028,16.31083333333333,1.005088351242578,-0.06362335622388979,0.02183355841653767,-0.1616780399673975,0.1903149937901434,-0.4603640129023235,26692.46772164743,3.027903392944561
5.10,1,bcr4bp_strict,852,3.760939659143252,16.33,1.004372846000302,-0.06275715363809475,0.01979355204883708,-0.1624986154909832,0.2022415238237842,-0.4639007742658844,26080.53812624204,3.027890392834084
5.10,1,bcr4bp_strict,853,3.765353907569477,16.34916666666667,1.003653763277585,-0.06183696050152487,0.01773818854269757,-0.1632984086066074,0.2147846466060477,-0.4673173150564517,25464.08602937538,3.027876693845491
5.10,1,bcr4bp_strict,854,3.769768155995702,16.36833333333334,1.002931202033385,-0.06085994989667359,0.01566806445410962,-0.1640740376226288,0.2279926926591075,-0.4705828846904255,24843.31153554197,3.027862253234529
5.10,1,bcr4bp_strict,855,3.774182404421926,16.3875,1.002205277724836,-0.05982307205292406,0.01358392483288808,-0.1648213833943568,0.2419183515941377,-0.4736607740503105,24218.46231166215,3.027847024703812
5.10,1,bcr4bp_strict,856,3.77859665284815,16.40666666666667,1.001476125932306,-0.05872303446095278,0.01148669207381638,-0.165535415349317,0.2566189578399719,-0.4765071230487104,23589.84264635231,3.027830958061009
5.10,1,bcr4bp_strict,857,3.783010901274375,16.42583333333334,1.000743906844802,-0.05755628082554046,0.009377500563677529,-0.1662099739907331,0.2721567256608822,-0.4790694792934387,22957.82430633434,3.027813998850494
5.10,1,bcr4bp_strict,858,3.787425149700599,16.445,1.000008810821679,-0.05631896916487826,0.007257738331609978,-0.1668374986617314,0.2885988926699611,-0.4812850572898268,22322.85956003931,3.027796087961138
5.10,1,bcr4bp_strict,859,3.791839398126824,16.46416666666667,0.9992710653020297,-0.05500694958375767,0.005129097150548854,-0.1674086865859638,0.3060177121975705,-0.4830786399061724,21685.49681087885,3.027777161215734
5.10,1,bcr4bp_strict,860,3.796253646553049,16.48333333333333,0.9985309434019198,-0.05361574256640971,0.002993632810365602,-0.167912065927344,0.3244902084365719,-0.4843600570330349,21046.39936434284,3.02775714895186
5.10,1,bcr4bp_strict,861,3.800667894979273,16.5025,0.9977887746238651,-0.0521405190914133,0.0008538375807782282,-0.1683334618989695,0.3440975715682653,-0.4850211724383423,20406.3679412783,3.027735975610279
5.10,1,bcr4bp_strict,862,3.805082143405497,16.52166666666667,0.9970449582041522,-0.05057608451857442,-0.001287272815368176,-0.1686553310352826,0.3649240197221715,-0.4849323121958166,19766.36763798593,3.02771355935604
5.10,1,bcr4bp_strict,863,3.809496391831722,16.54083333333334,0.9962999797416231,-0.0489168691046038,-0.003426055129843223,-0.1688559351755048,0.387054886749344,-0.4839380825531516,19127.560109392,3.027689811770497
5.10,1,bcr4bp_strict,864,3.813910640257946,16.56,0.9955544318826022,-0.04715692925693822,-0.005558114668439722,-0.1689083246058438,0.4105736054758606,-0.4818525611821363,18491.34179141474,3.027664637670672
5.10,1,bcr4bp_strict,865,3.818324888684171,16.57916666666667,0.9948090399701884,-0.04528996533451406,-0.007678158845002547,-0.1687791012408016,0.4355571426968194,-0.4784539183241748,17859.38894316749,3.027637935137688
5.10,1,bcr4bp_strict,866,3.822739137110395,16.59833333333334,0.9940646936792878,-0.04330936405626413,-0.009779826045984623,-0.1684269412977241,0.4620693060441053,-0.473478655920601,17233.71011399071,3.027609595870026
5.10,1,bcr4bp_strict,867,3.82715338553662,16.6175,0.9933224857078834,-0.0412082764640169,-0.01185548892265945,-0.1678008785912292,0.4901511947490446,-0.4666158755607542,16616.70622281834,3.027579506022001
5.10,1,bcr4bp_strict,868,3.831567633962844,16.63666666666667,0.9925837585032737,-0.03897974590330815,-0.01389603376995444,-0.1668383936067812,0.5198079357778598,-0.4575023422738412,16011.23762626159,3.027547547743736
5.10,1,bcr4bp_strict,869,3.835981882389069,16.65583333333333,0.9918501596428188,-0.0366169044315286,-0.01589062214790996,-0.1654634332017231,0.5509907974286653,-0.4457196487038912,15420.6961344089,3.027513601704081
5.10,1,bcr4bp_strict,870,3.840396130815293,16.675,0.9911237056684686,-0.0341132598419038,-0.01782644824563294,-0.1635846179748475,0.5835739231760502,-0.4307955402593603,14849.07763937064,3.027477550944917
5.10,1,bcr4bp_strict,871,3.844810379241518,16.69416666666667,0.9904068526232345,-0.03146309781780746,-0.01968851664465719,-0.1610940955974688,0.6173254764684813,-0.4122124238661192,14301.04756302547,3.027439286466623
5.10,1,bcr4bp_strict,872,3.849224627667742,16.71333333333333,0.9897025689318548,-0.02866202225557902,-0.02145948077816913,-0.1578677739970479,0.6518742151566339,-0.3894271125667801,13781.98651906165,3.027398714946206
5.10,1,bcr4bp_strict,873,3.853638876093967,16.7325,0.9890144023244858,-0.02570764779945752,-0.02311960207166912,-0.1537679892198798,0.6866747426272241,-0.3619065713686062,13297.99758254438,3.027355768886387
5.10,1,bcr4bp_strict,874,3.858053124520191,16.75166666666667,0.9883465272088835,-0.02260043719406971,-0.02464691056587808,-0.148649928379793,0.7209780950345021,-0.3291840629847926,12855.85030748024,3.027310419208167
5.10,1,bcr4bp_strict,875,3.862467372946416,16.77083333333334,0.9877037529217173,-0.01934463739749078,-0.02601766253616138,-0.1423731249713692,0.7538185893723482,-0.2909374740794136,12462.83239493826,3.027262689750077
5.10,1,bcr4bp_strict,876,3.86688162137264,16.79,0.9870914685133557,-0.01594921134315215,-0.02720718644223914,-0.1348187428265364,0.7840315722978672,-0.2470854872168632,12126.48164470408,3.02721267228744
5.10,1,bcr4bp_strict,877,3.871295869798864,16.80916666666667,0.9865154995512905,-0.01242859502980097,-0.02819116871847007,-0.1259118370077693,0.810316999283255,-0.1978873379675455,11854.1836228624,3.027160539632106
5.10,1,bcr4bp_strict,878,3.875710118225089,16.82833333333334,0.9859818611917904,-0.008803055664578242,-0.0289473423611775,-0.1156453061874554,0.8313568762162432,-0.1440204225732512,11652.64820029892,3.027106553443575
5.10,1,bcr4bp_strict,879,3.880124366651314,16.8475,0.9854964123955133,-0.005098423652409239,-0.02945740903932955,-0.1040995485088312,0.8459783572693577,-0.08660299603112652,11527.31891225325,3.027051063142979
5.10,1,bcr4bp_strict,880,3.884538615077538,16.86666666666667,0.9850644464139542,-0.00134505577857303,-0.0297088870689163,-0.09145049053647378,0.8533320980753877,-0.0271347000481523,11481.81110569372,3.026994493366133
5.10,1,bcr4bp_strict,881,3.888952863503762,16.88583333333333,0.9846902825097087,0.002423936207963888,-0.02969650052825185,-0.07796041428210282,0.8530381295173549,0.03265008846341708,11517.49723621715,3.026937319892951
5.10,1,bcr4bp_strict,882,3.893367111929987,16.905,0.9843769380706325,0.006174940103657147,-0.02942277327944963,-0.06395119464265908,0.8452524181097777,0.09098861535362748,11633.34104705077,3.026880037274201
5.10,1,bcr4bp_strict,883,3.897781360356211,16.92416666666667,0.9841259475247267,0.009876168097922465,-0.02889767569213006,-0.04976603410494558,0.8306313275367511,0.1463026573003186,11826.0243750577,3.026823124031693
5.10,1,bcr4bp_strict,884,3.902195608782436,16.94333333333334,0.9839373569625401,0.01349961796725243,-0.02813742254782613,-0.03572993471319196,0.8102075787813523,0.1973621000848089,12090.33287241895,3.026767011988392
5.10,1,bcr4bp_strict,885,3.90660985720866,16.9625,0.9838098774903052,0.01702236600626554,-0.02716272607184083,-0.02211864617675233,0.7852198406792913,0.2433652581017709,12419.70458066271,3.026712064674268
5.10,1,bcr4bp_strict,886,3.911024105634885,16.98166666666667,0.9837411460778055,0.02042709672066786,-0.02599688652646628,-0.009141440177300078,0.7569448119352395,0.2839344278035258,12806.82271242267,3.026658566767471
5.10,1,bcr4bp_strict,887,3.915438354061109,17.00083333333334,0.983728031074356,0.02370196563676327,-0.02466404904567887,0.003062282816102424,0.7265671040047315,0.3190501780439114,13244.15204584757,3.026606723623762
5.10,1,bcr4bp_strict,888,3.919852602487334,17.02,0.9837669285184039,0.02684000018104845,-0.0231878261445882,0.0144162044999953,0.6951006249146486,0.3489566588704875,13724.35902291761,3.026556668153848
5.10,1,bcr4bp_strict,889,3.924266850913558,17.03916666666667,0.9838540148304858,0.02983826189510493,-0.02159034999533265,0.02489488870226538,0.6633573444458009,0.3740652899620635,14240.59751141235,3.026508471840996
5.10,1,bcr4bp_strict,890,3.928681099339783,17.05833333333333,0.9839854413780232,0.03269695184806926,-0.01989172101005603,0.03451020025009226,0.6319503102248059,0.3948733198554419,14786.67194672299,3.026462157163003
5.10,1,bcr4bp_strict,891,3.933095347766007,17.0775,0.9841574710212168,0.03541857802942818,-0.01810977018181457,0.04329889916285409,0.6013164740908056,0.4119034559249964,15357.10421804023,3.026417709544383
5.10,1,bcr4bp_strict,892,3.937509596192232,17.09666666666667,0.9843665648594504,0.03800724524172313,-0.01626004171204509,0.05131258551933889,0.5717477784912919,0.4256639627046929,15947.13358176989,3.026375087810737
5.10,1,bcr4bp_strict,893,3.941923844618456,17.11583333333333,0.9846094303176788,0.04046808591378274,-0.01435591338268264,0.05861022237204126,0.5434229871053573,0.4366253961658593,16552.67519116003,3.026334232755367
5.10,1,bcr4bp_strict,894,3.946338093044681,17.135,0.9848830414554088,0.04280682515421722,-0.01240879141894008,0.06525295771887517,0.5164362418768361,0.4452093701864359,17170.25669143352,3.02629507382716
5.10,1,bcr4bp_strict,895,3.950752341470905,17.15416666666667,0.9851846406396093,0.04502946138417337,-0.01042833609422411,0.071300776119501,0.4908207518806184,0.4517852516168713,17796.9462241109,3.026257534153689
5.10,1,bcr4bp_strict,896,3.95516658989713,17.17333333333334,0.9855117285825884,0.04714204030884254,-0.00842269041565083,0.07681050000862703,0.4665674411502819,0.4566716260918099,18430.28019723161,3.026221534189381
5.10,1,bcr4bp_strict,897,3.959580838323354,17.1925,0.9858620477655604,0.04915050097858727,-0.006398696028926126,0.08183473088523542,0.4436390820043677,0.4601403256705546,19068.19554795891,3.026186994280623
5.10,1,bcr4bp_strict,898,3.963995086749578,17.21166666666667,0.9862335626623939,0.05106057569745815,-0.004362088446160594,0.08642141312831066,0.4219806952495417,0.4624215837072882,19708.96879178441,3.026153836406495
5.10,1,bcr4bp_strict,899,3.968409335175803,17.23083333333334,0.9866244389740978,0.05287772908096033,-0.002317668711254542,0.09061379000172606,0.4015270147873377,0.4637094475309884,20351.16263500087,3.026121985308466
5.10,1,bcr4bp_strict,900,3.972823583602028,17.25,0.9870330232299622,0.05460712490510881,-0.0002694515509408239,0.09445059208729602,0.3822077219099433,0.4641669624623784,20993.58004847991,3.026091369177091
5.10,1,bcr4bp_strict,901,3.977237832028252,17.26916666666667,0.9874578235295097,0.05625361222529517,0.001779208375993369,0.09796635153692394,0.3639510271783684,0.4639308855030723,21635.22524031965,3.026061920023975
5.10,1,bcr4bp_strict,902,3.981652080454476,17.28833333333333,0.9878974918175816,0.05782172451193775,0.003825509808190306,0.1011917734978781,0.3466860517411958,0.4631158353642587,22275.2707633,3.026033573834725
5.10,1,bcr4bp_strict,903,3.986066328880701,17.3075,0.9883508078432696,0.05931568729569602,0.005867115260201861,0.1041541221890431,0.3303443505766568,0.4618178701798161,22913.02994280511,3.026006270573028
5.10,1,bcr4bp_strict,904,3.990480577306925,17.32666666666667,0.9888166648068811,0.06073943112375239,0.007902075991759797,0.1068775965569077,0.3148608316159113,0.4601175287873732,23547.93384296091,3.025979954086562
5.10,1,bcr4bp_strict,905,3.99489482573315,17.34583333333333,0.9892940566153627,0.06209660759130802,0.0099287693194856,0.1093836817922876,0.3001742560327958,0.4580823917288137,24179.51206081295,3.025954571950904
5.10,1,bcr4bp_strict,906,3.999309074159374,17.365,0.9897820666231542,0.06339060691040879,0.01194584628812452,0.1116914701771583,0.2862274531750943,0.455769224373693,24807.37672554596,3.025930075276877
5.10,1,bcr4bp_strict,907,4.003723322585599,17.38416666666667,0.9902798577171749,0.06462457597843189,0.01395218799279894,0.113817949141564,0.2729673452669846,0.4532257632018641,25431.20916816992,3.025906418499028
5.10,1,bcr4bp_strict,908,4.008137571011823,17.40333333333334,0.9907866636015417,0.06580143626340837,0.01594686910276957,0.1157782570049979,0.2603448490207778,0.4504922011555178,26050.74880965244,3.025883559157302
5.10,1,bcr4bp_strict,909,4.012551819438047,17.4225,0.9913017811432047,0.06692390107264118,0.017929127369623,0.1175859083067863,0.2483147010721474,0.4476024213322529,26665.78388903246,3.025861457679968
5.10,1,bcr4bp_strict,910,4.016966067864272,17.44166666666667,0.9918245636498467,0.06799449194438513,0.01989833810500928,0.1192529913297586,0.2368352396596894,0.4445850213875387,27276.14371670637,3.025840077173022
5.10,1,bcr4bp_strict,911,4.021380316290497,17.46083333333333,0.9923544149635736,0.0690155540214024,0.02185399278547235,0.120790340675289,0.225868164654156,0.4414641644930661,27881.69219213591,3.025819383219286
5.10,1,bcr4bp_strict,912,4.025794564716721,17.48,0.9928907842665924,0.06998927034574921,0.02379568108697708,0.1222076877393658,0.2153782907471983,0.4382602868507771,28482.32237055599,3.025799343689016
5.10,1,bcr4bp_strict,913,4.030208813142946,17.49916666666667,0.9934331615073497,0.07091767506753227,0.02572307577266048,0.1235137917854945,0.205333303483093,0.4349906866859464,29077.95190094249,3.025779928562923
5.10,1,bcr4bp_strict,914,4.03462306156917,17.51833333333333,0.9939810733670206,0.0718026655947531,0.02763591995756444,0.124716554083939,0.195703524240425,0.4316700153253166,29668.51918865676,3.025761109767815
5.10,1,bcr4bp_strict,915,4.039037309995394,17.5375,0.9945340796965843,0.07264601373251621,0.02953401635683377,0.1258231173324522,0.1864616877971513,0.4283106873449617,30253.98016184335,3.025742861024663
5.10,1,bcr4bp_strict,916,4.043451558421619,17.55666666666667,0.9950917703639311,0.07344937587193745,0.03141721819197622,0.126839952317405,0.1775827344205816,0.424923223763396,30834.30554174479,3.025725157708655
5.10,1,bcr4bp_strict,917,4.047865806847843,17.57583333333334,0.9956537624585483,0.07421430229497776,0.03328542148582228,0.1277729335306849,0.1690436172834537,0.4215165397706935,31409.47853441417,3.025707976720569
5.10,1,bcr4bp_strict,918,4.052280055274068,17.595,0.9962196978084045,0.07494224566318457,0.03513855852288778,0.1286274052342427,0.1608231252545282,0.4180981864412128,31979.49287551864,3.025691296368784
5.10,1,bcr4bp_strict,919,4.056694303700293,17.61416666666667,0.9967892407697857,0.07563456875738589,0.0369765922897146,0.129408239263694,0.1529017206301148,0.4146745542018537,32544.35117159274,3.02567509626116
5.10,1,bcr4bp_strict,920,4.061108552126517,17.63333333333334,0.9973620762561363,0.07629255153276628,0.03879951174095301,0.1301198856853286,0.1452613910785776,0.4112510444554221,33104.0634906923,3.025659357206036
5.10,1,bcr4bp_strict,921,4.065522800552741,17.6525,0.9979379079765319,0.07691739755013607,0.04060732776263585,0.1307664172661598,0.1378855149045262,0.4078322146354517,33658.64616329024,3.02564406112161
5.10,1,bcr4bp_strict,922,4.069937048978966,17.67166666666667,0.9985164568583383,0.07751023984006103,0.04240006972527959,0.1313515685824583,0.1307587386615504,0.4044219010494246,34208.12076075225,3.02562919095301
5.10,1,bcr4bp_strict,923,4.07435129740519,17.69083333333333,0.9990974596319961,0.07807214625217496,0.04417778253697248,0.1318787704764489,0.1238668661226642,0.4010233231142669,34752.51322409941,3.025614730596371
5.10,1,bcr4bp_strict,924,4.078765545831414,17.71,0.9996806675587782,0.07860412433765407,0.04594052412111056,0.1323511804713409,0.1171967576357687,0.3976391719706244,35291.85312020037,3.025600664829332
5.10,1,bcr4bp_strict,925,4.08317979425764,17.72916666666667,1.000265845284865,0.07910712580861917,0.04768836325546098,0.132771709669516,0.1107362389331574,0.3942716859556528,35826.17300620814,3.025586979247367
5.10,1,bcr4bp_strict,926,4.087594042683864,17.74833333333333,1.000852769807238,0.07958205061424517,0.0494213777192382,0.1331430465856399,0.1044740185194385,0.3909227149973986,36355.50788611004,3.025573660205424
5.10,1,bcr4bp_strict,927,4.092008291110088,17.7675,1.001441229538735,0.08002975066962713,0.05113965270320388,0.1334676783039455,0.09839961282465344,0.3875937756507457,36879.89474579663,3.025560694764415
5.10,1,bcr4bp_strict,928,4.096422539536313,17.78666666666667,1.002031023461226,0.08045103327000327,0.05284327944473973,0.1337479092954628,0.09250327837430598,0.384286098211874,37399.37215516804,3.025548070642101
5.10,1,bcr4bp_strict,929,4.100836787962537,17.80583333333334,1.002621960357224,0.0808466642197774,0.05453235405566229,0.1339858781852318,0.08677595029243811,0.3810006671141986,37913.97992756531,3.025535776167976
5.10,1,bcr4bp_strict,930,4.105251036388761,17.825,1.003213858111457,0.08121737070290261,0.05620697651541756,0.1341835727203802,0.08120918651602907,0.3777382556150006,38423.75882829346,3.025523800241815
5.10,1,bcr4bp_strict,931,4.109665284814986,17.84416666666667,1.003806543074945,0.08156384391857252,0.05786724980637376,0.1343428431564106,0.07579511715772314,0.37449945562119,38928.7503252402,3.025512132295519
5.10,1,bcr4bp_strict,932,4.114079533241211,17.86333333333333,1.004399849485029,0.08188674150380554,0.0595132791713801,0.134465414250288,0.07052639850851232,0.3712847033689142,39428.99637564034,3.025500762258003
5.10,1,bcr4bp_strict,933,4.118493781667435,17.8825,1.004993618935572,0.08218668976237575,0.06114517147666167,0.1345528960242353,0.06539617122235331,0.3680943015603133,39924.53924391285,3.025489680522822
5.10,1,bcr4bp_strict,934,4.12290803009366,17.90166666666667,1.005587699892225,0.08246428571762431,0.06276303466556266,0.1346067934429299,0.06039802227074901,0.3649284384677115,40415.42134623717,3.025478877918327
5.10,1,bcr4bp_strict,935,4.127322278519884,17.92083333333333,1.006181947248243,0.08272009900496136,0.06436697729073518,0.134628515128536,0.05552595029710798,0.3617872044376792,40901.68511816372,3.0254683456801
5.10,1,bcr4bp_strict,936,4.131736526946108,17.94,1.006776221916858,0.08295467361832011,0.06595710811413127,0.134619381222271,0.05077433403851692,0.3586706061621376,41383.37290208487,3.025458075425489
5.10,1,bcr4bp_strict,937,4.136150775372333,17.95916666666667,1.007370390456636,0.08316852952343197,0.06753353576564337,0.1345806304876172,0.04613790351667404,0.3555785790288677,41860.52685184071,3.025448059130057
5.10,1,bcr4bp_strict,938,4.140565023798557,17.97833333333334,1.007964324726681,0.08336216414954555,0.06909636845252112,0.134513426738549,0.04161171373034655,0.3525109978176156,42333.18885211944,3.025438289105782
5.10,1,bcr4bp_strict,939,4.144979272224782,17.9975,1.008557901568859,0.08353605377009306,0.07064571371277932,0.1344188646659717,0.03719112060920882,0.349467685969056,42801.40045063914,3.02542875798086
5.10,1,bcr4bp_strict,940,4.149393520651007,18.01666666666667,1.009151002514528,0.08369065478180093,0.07218167820673156,0.1342979751267495,0.03287175901357234,0.3464484236209961,43265.2028013731,3.025419458680976
5.10,1,bcr4bp_strict,941,4.153807769077231,18.03583333333334,1.009743513513542,0.08382640489084189,0.07370436754158773,0.1341517299520374,0.02864952258653566,0.3434529545783271,43724.63661732241,3.025410384411919
5.10,1,bcr4bp_strict,942,4.158222017503455,18.055,1.010335324683509,0.0839437242138152,0.07521388612473473,0.1339810463249605,0.02452054528479714,0.3404809923596053,44179.74213154254,3.025401528643443
5.10,1,bcr4bp_strict,943,4.16263626592968,18.07416666666667,1.010926330077502,0.08404301630061384,0.07671033704189678,0.1337867907718762,0.02048118443202014,0.3375322254430773,44630.55906530373,3.02539288509425
5.10,1,bcr4bp_strict,944,4.167050514355904,18.09333333333333,1.011516427468612,0.08412466908558483,0.07819382195688328,0.1335697828063802,0.01652800515436728,0.3346063218178517,45077.1266024174,3.025384447718032
5.10,1,bcr4bp_strict,945,4.171464762782128,18.1125,1.012105518149887,0.08418905577279995,0.07966444103006579,0.1333307982607762,0.01265776607190136,0.3317029329313432,45519.48336889006,3.025376210690462
5.10,1,bcr4bp_strict,946,4.175879011208353,18.13166666666667,1.012693506748338,0.08423653566072541,0.08112229285309167,0.1330705723358519,0.008867406132156315,0.3288216971116703,45957.66741717491,3.025368168397077
5.10,1,bcr4bp_strict,947,4.180293259634578,18.15083333333333,1.013280301051841,0.08426745491110198,0.08256747439767291,0.1327898023963881,0.005154032483414406,0.3259622425330159,46391.7162143902,3.025360315421977
5.10,1,bcr4bp_strict,948,4.184707508060802,18.17,1.013865811847866,0.08428214726641806,0.08400008097656873,0.1324891505368354,0.001514909295292242,0.3231241897828256,46821.66663395588,3.025352646537273
5.10,1,bcr4bp_strict,949,4.189121756487027,18.18916666666667,1.014449952773056,0.08428093471996986,0.08542020621511397,0.1321692459389601,-0.002052552556730987,0.320307154081888,47247.55495016975,3.025345156693239
5.10,1,bcr4bp_strict,950,4.193536004913251,18.20833333333334,1.0150326401728,0.0842641281421535,0.0868279420318641,0.1318306870409351,-0.005550805018163628,0.3175107472015851,47669.41683530853,3.025337841009092
5.10,1,bcr4bp_strict,951,4.197950253339475,18.2275,1.015613792969988,0.08423202786631721,0.0882233786271093,0.1314740435353022,-0.00898217166182072,0.3147345791167957,48087.28735889346,3.025330694764387
5.10,1,bcr4bp_strict,952,4.2023645017657,18.24666666666667,1.016193332542251,0.08418492423721635,0.08960660447816132,0.1310998582114225,-0.01234885583520318,0.3119782594279391,48501.2009888043,3.025323713390944
5.10,1,bcr4bp_strict,953,4.206778750191924,18.26583333333333,1.016771182606994,0.08412309812485451,0.09097770634046241,0.1307086486564239,-0.01565294820473176,0.3092413985813116,48911.19159396819,3.025316892465297
5.10,1,bcr4bp_strict,954,4.211192998618149,18.285,1.017347269113676,0.0840468214062597,0.09233676925368582,0.1303009088272351,-0.01889643374740897,0.3065236089131259,49317.29244838595,3.025310227701609
5.10,1,bcr4bp_strict,955,4.215607247044374,18.30416666666667,1.017921520142742,0.08395635741753223,0.09368387655209462,0.1298771105050303,-0.02208119823577115,0.3038245055394444,49719.53623628581,3.025303714945035
5.10,1,bcr4bp_strict,956,4.220021495470598,18.32333333333333,1.018493865810748,0.08385196137830735,0.09501910987852495,0.1294377046422893,-0.02520903425779274,0.3011437071113719,50117.95505822493,3.025297350165478
5.10,1,bcr4bp_strict,957,4.224435743896822,18.3425,1.01906423818121,0.08373388079060054,0.09634254920143952,0.1289831226116733,-0.02828164680960556,0.2984808364524386,50512.5804379808,3.025291129451744
5.10,1,bcr4bp_strict,958,4.228849992323047,18.36166666666667,1.01963257118076,0.08360235581384423,0.09765427283455967,0.1285137773650306,-0.03130065849545774,0.2958355210930015,50903.44333009454,3.025285049006027
5.10,1,bcr4bp_strict,959,4.233264240749271,18.38083333333334,1.020198800520243,0.08345761961777935,0.09895435745865357,0.1280300645100476,-0.03426761436627045,0.2932073937146326,51290.57412794666,3.025279105138748
5.10,1,bcr4bp_strict,960,4.237678489175495,18.4,1.020762863620387,0.08329989871473259,0.1002428781451106,0.1275323633113492,-0.03718398642536667,0.2905960925158589,51674.00267226245,3.025273294263671
5.10,1,bcr4bp_strict,961,4.242092737601721,18.41916666666667,1.021324699541741,0.08312941327269088,0.1015199083809734,0.1270210376222182,-0.04005117782741681,0.2880012615092319,52053.75825995467,3.025267612893331
5.10,1,bcr4bp_strict,962,4.246506986027945,18.43833333333334,1.021884248918588,0.0829463774104735,0.1027855200951449,0.1264964367525322,-0.0428705267943908,0.285422550758469,52429.86965322643,3.02526205763471
5.10,1,bcr4bp_strict,963,4.25092123445417,18.4575,1.02244145389655,0.08275099947620225,0.1040397836855282,0.1259588962780011,-0.04564331027025149,0.2828596165633388,52802.36508886652,3.02525662518517
5.10,1,bcr4bp_strict,964,4.255335482880394,18.47666666666667,1.022996258073648,0.08254348231017919,0.105282768046875,0.125408738795335,-0.04837074733424369,0.2803121215990481,53171.27228767646,3.025251312328612
5.10,1,bcr4bp_strict,965,4.259749731306618,18.49583333333333,1.023548606444588,0.08232402349319577,0.1065145405991637,0.1248462746275521,-0.05105400239097795,0.2777797350160391,53536.61846398082,3.025246115931858
5.10,1,bcr4bp_strict,966,4.264163979732843,18.515,1.024098445348047,0.08209281558122225,0.1077351673163384,0.1242718024832677,-0.0536941881539488,0.2752621325054188,53898.43033517479,3.02524103294123
5.10,1,bcr4bp_strict,967,4.268578228159067,18.53416666666667,1.024645722416783,0.08185004632735478,0.108944712755269,0.1236856100734691,-0.05629236843775846,0.2727589963345957,54256.73413127207,3.025236060379325
5.10,1,bcr4bp_strict,968,4.272992476585292,18.55333333333333,1.02519038653038,0.0815958988918327,0.1101432400848128,0.1230879746889741,-0.05884956077305484,0.2702700153571441,54611.55560442148,3.025231195341961
5.10,1,bcr4bp_strict,969,4.277406725011517,18.57250000000001,1.025732387770454,0.08133055204088077,0.1113308111148669,0.1224791637415035,-0.06136673885703233,0.2677948850004505,54962.92003836324,3.025226434995298
5.10,1,bcr4bp_strict,970,4.281820973437741,18.59166666666667,1.026271677378179,0.08105418033507529,0.1125074863253231,0.1218594352710453,-0.06384483485131481,0.2653333072342504,55310.85225780186,3.025221776573102
5.10,1,bcr4bp_strict,971,4.286235221863965,18.61083333333334,1.026808207713976,0.08076695430788293,0.1136733248948486,0.1212290384219629,-0.06628474153808959,0.2628849905227941,55655.37663767661,3.025217217374172
5.10,1,bcr4bp_strict,972,4.29064947029019,18.63,1.027341932219246,0.08046904063497687,0.1148283847294226,0.1205882138901023,-0.06868731434448146,0.2604496497630593,55996.51711231177,3.025212754759893
5.10,1,bcr4bp_strict,973,4.295063718716414,18.64916666666667,1.027872805380011,0.08016060229489033,0.115972722490572,0.1199371943429622,-0.07105337324437977,0.2580270062111267,56334.29718443262,3.025208386151922
5.10,1,bcr4bp_strict,974,4.299477967142638,18.66833333333333,1.028400782692359,0.0798417987215294,0.1171063936232629,0.1192762048148246,-0.07338370454620982,0.2556167873985758,56668.73993403712,3.025204109029993
5.10,1,bcr4bp_strict,975,4.303892215568863,18.6875,1.028925820629574,0.07951278594903176,0.1182294523834013,0.1186054630785955,-0.07567906257446756,0.2532187270405482,56999.86802711202,3.025199920929846
5.10,1,bcr4bp_strict,976,4.308306463995088,18.70666666666667,1.029447876610863,0.07917371674942403,0.1193419518649118,0.1179251799959597,-0.07794017125224784,0.2508325649369114,57327.70372418682,3.025195819441244
5.10,1,bcr4bp_strict,977,4.312720712421312,18.72583333333333,1.02996690897159,0.07882474076349874,0.1204439440263707,0.117235559847332,-0.08016772559144383,0.2484580468677784,57652.26888872025,3.025191802206115
5.10,1,bcr4bp_strict,978,4.317134960847537,18.745,1.03048287693491,0.07846600462530635,0.1215354797171634,0.1165368006429691,-0.0823623930967789,0.2460949244845008,57973.58499531322,3.025187866916772
5.10,1,bcr4bp_strict,979,4.321549209273761,18.76416666666667,1.030995740584748,0.07809765208062899,0.1226166087031543,0.1158290944165045,-0.08452481508938089,0.2437429551970963,58291.67313774606,3.025184011314228
5.10,1,bcr4bp_strict,980,4.325963457699985,18.78333333333333,1.031505460840037,0.07771982409977889,0.1236873796918546,0.1151126275020663,-0.08665560795518507,0.241401902058957,58606.55403683813,3.025180233186597
5.10,1,bcr4bp_strict,981,4.33037770612621,18.8025,1.032011999430138,0.07733265898504334,0.1247478403570742,0.1143875807960574,-0.0887553643230496,0.2390715336495845,58918.24804812727,3.025176530367574
5.10,1,bcr4bp_strict,982,4.334791954552434,18.82166666666667,1.03251531887139,0.07693629247307626,0.125798037363054,0.1136541300045921,-0.09082465417712268,0.2367516239559951,59226.77516936949,3.025172900734992
5.10,1,bcr4bp_strict,983,4.339206202978659,18.84083333333334,1.03301538244472,0.07653085783251572,0.1268380163880734,0.1129124458775083,-0.09286402590767021,0.2344419522533505,59532.15504785948,3.025169342209447
5.10,1,bcr4bp_strict,984,4.343620451404884,18.86,1.033512154174258,0.07611648595709239,0.1278678221475292,0.1121626944298132,-0.09487400730425952,0.2321423029853121,59834.40698757143,3.025165852752986
5.10,1,bcr4bp_strict,985,4.348034699831108,18.87916666666667,1.034005598806901,0.07569330545447434,0.1288874984164859,0.1114050371513511,-0.09685510649492844,0.2298524656445358,60133.54995612254,3.025162430367879
5.10,1,bcr4bp_strict,986,4.352448948257332,18.89833333333333,1.034495681792784,0.07526144273107822,0.1298970880517018,0.1106396312054275,-0.09880781283471056,0.2275722346536673,60429.60259156092,3.025159073095421
5.10,1,bcr4bp_strict,987,4.356863196683557,18.9175,1.034982369266598,0.07482102207306512,0.130896633013129,0.1098666296170748,-0.1007325977466422,0.2253014092471603,60722.58320897929,3.025155779014814
5.10,1,bcr4bp_strict,988,4.361277445109781,18.93666666666667,1.03546562802972,0.07437216572372349,0.1318861743848949,0.1090861814515911,-0.1026299155181679,0.2230397933541813,61012.50980695734,3.025152546242093
5.10,1,bcr4bp_strict,989,4.365691693536006,18.95583333333333,1.035945425533113,0.07391499395742904,0.1328657523957707,0.1082984319839411,-0.1045002040556618,0.2207871954828248,61299.40007383566,3.025149372929104
5.10,1,bcr4bp_strict,990,4.370105941962231,18.975,1.036421729860951,0.0734496251503627,0.1338354064391304,0.1075035228595701,-0.1063438855995827,0.2185434286058406,61583.27139382368,3.025146257262535
5.10,1,bcr4bp_strict,991,4.374520190388455,18.99416666666667,1.036894509714938,0.07297617584815418,0.1347951750924093,0.1067015922471412,-0.1081613674026242,0.2163083100480317,61864.14085294445,3.02514319746298
5.10,1,bcr4bp_strict,992,4.378934438814679,19.01333333333334,1.037363734399284,0.07249476083060877,0.135745096136071,0.1058927749836696,-0.1099530423730574,0.2140816613754517,62142.02524482051,3.025140191784066
5.10,1,bcr4bp_strict,993,4.383348687240904,19.0325,1.037829373806302,0.07200549317366813,0.1366852065720878,0.1050772027125016,-0.1117192896853102,0.2118633082865224,62416.94107630289,3.0251372385116
5.10,1,bcr4bp_strict,994,4.387762935667128,19.05166666666667,1.038291398402608,0.07150848430874464,0.1376155426419445,0.1042550040145502,-0.1134604753596992,0.2096530805051557,62688.90457294716,3.025134335962767
5.10,1,bcr4bp_strict,995,4.392177184093352,19.07083333333333,1.038749779215877,0.07100384407956058,0.1385361398441771,0.1034263045331739,-0.1151769528131064,0.2074508116759468,62957.93168434043,3.025131482485368
5.10,1,bcr4bp_strict,996,4.396591432519577,19.09,1.039204487822141,0.0704916807966183,0.1394470329514518,0.1025912270930623,-0.116869063382262,0.2052563392615016,63224.03808928172,3.025128676457082
5.10,1,bcr4bp_strict,997,4.401005680945802,19.10916666666667,1.039655496333598,0.06997210128941823,0.1403482560271954,0.1017498918134643,-0.1185371368212022,0.2030695044419333,63487.23920081992,3.025125916284765
5.10,1,bcr4bp_strict,998,4.405419929372026,19.12833333333333,1.040102777386912,0.06944521095653423,0.1412398424417885,0.100902416216075,-0.1201814917743646,0.2008901520165522,63747.5501711529,3.025123200403789
5.10,1,bcr4bp_strict,999,4.409834177798251,19.1475,1.040546304131974,0.06891111381365275,0.1421218248883281,0.1000489153278781,-0.1218024362266835,0.198718130307774,64004.98589639088,3.025120527277398
5.10,1,bcr4bp_strict,1000,4.414248426224475,19.16666666666667,1.040986050221105,0.0683699125396737,0.1429942353979713,0.09918950177922191,-0.1234002679319711,0.1965532910672482,64259.56102118712,3.025117895396104
5.10,1,bcr4bp_strict,1001,4.418662674650699,19.18583333333333,1.041421989798689,0.06782170852096482,0.1438571053548701,0.09832428589738382,-0.1249752748207874,0.1943954893842017,64511.28994324094,3.025115303277099
5.10,1,bcr4bp_strict,1002,4.423076923076924,19.205,1.041854097491207,0.06726660189386011,0.144710465510706,0.09745337579587282,-0.1265277353889186,0.1922445835959979,64760.18681767454,3.025112749463701
5.10,1,bcr4bp_strict,1003,4.427491171503148,19.22416666666667,1.042282348397646,0.06670469158548388,0.1455543459988342,0.09657687745969502,-0.128057919067524,0.1901004352008914,65006.26556128788,3.025110232524825
5.10,1,bcr4bp_strict,1004,4.431905419929373,19.24333333333334,1.042706718080293,0.06613607535297888,0.1463887763480488,0.0956948948267954,-0.129566086575945,0.1879629087729555,65249.53985669566,3.025107751054471
5.10,1,bcr4bp_strict,1005,4.436319668355598,19.2625,1.043127182555868,0.0655608498212143,0.1472137854959759,0.09480752986588054,-0.1310524902581005,0.1858318718791647,65490.02315634792,3.025105303671236
5.10,1,bcr4bp_strict,1006,4.440733916781822,19.28166666666667,1.043543718286998,0.06497911051904362,0.1480294018021059,0.09391488265080963,-0.1325173744033466,0.1837071949986004,65727.72868643887,3.025102889017853
5.10,1,bcr4bp_strict,1007,4.445148165208046,19.30083333333333,1.043956302174008,0.06439095191417782,0.1488356530604741,0.09301705143173018,-0.1339609755526233,0.1815887514437447,65962.66945070658,3.025100505760741
5.10,1,bcr4bp_strict,1008,4.449562413634271,19.32,1.044364911547026,0.06379646744673916,0.149632566511998,0.09211413270312892,-0.1353835227906567,0.1794764172838345,66194.85823412663,3.025098152589582
5.10,1,bcr4bp_strict,1009,4.453976662060495,19.33916666666667,1.044769524158375,0.0631957495615547,0.1504201688564804,0.09120622126895377,-0.1367852380249446,0.1773700712702368,66424.30760650232,3.02509582821691
5.10,1,bcr4bp_strict,1010,4.458390910486719,19.35833333333333,1.045170118175252,0.06258888973924506,0.1511984862642889,0.09029341030495354,-0.1381663362522122,0.1752695947638014,66651.02992595531,3.025093531377725
5.10,1,bcr4bp_strict,1011,4.462805158912944,19.3775,1.045566672172669,0.06197597852616447,0.1519675443877172,0.08937579141837824,-0.1395270258129755,0.1731748716641599,66875.0373423186,3.025091260829111
5.10,1,bcr4bp_strict,1012,4.467219407339169,19.39666666666667,1.04595916512666,0.06135710556324235,0.1527273683720394,0.08845345470517037,-0.1408675086348231,0.1710857883409262,67096.34180043481,3.025089015349885
5.10,1,bcr4bp_strict,1013,4.471633655765393,19.41583333333334,1.04634757640773,0.0607323596137737,0.1534779828662654,0.0875264888047691,-0.1421879804649861,0.1690022335667512,67314.95504336328,3.025086793740254
5.10,1,bcr4bp_strict,1014,4.476047904191618,19.435,1.046731885774543,0.06010182859020655,0.1542194120336035,0.0865949809526487,-0.1434886310927342,0.1669240984521993,67530.88861549755,3.025084594821475
5.10,1,bcr4bp_strict,1015,4.480462152617842,19.45416666666667,1.047112073367839,0.05946559957996931,0.1549516795616398,0.08565901703069921,-0.1447696445621039,0.1648512763823973,67744.15386559618,3.025082417435554
5.10,1,bcr4bp_strict,1016,4.484876401044066,19.47333333333333,1.047488119704559,0.05882375887037833,0.1556748086722431,0.08471868161555299,-0.1460311993754428,0.1627836629554117,67954.76194973005,3.025080260444933
5.10,1,bcr4bp_strict,1017,4.489290649470291,19.4925,1.047860005672194,0.05817639197266761,0.1563888221311995,0.08377405802495852,-0.1472734686882154,0.1607211559223166,68162.72383414734,3.025078122732205
5.10,1,bcr4bp_strict,1018,4.493704897896516,19.51166666666667,1.048227712523324,0.05752358364517701,0.1570937422575872,0.08282522836229339,-0.1484966204955005,0.1586636551289063,68368.05029805987,3.025076003199836
5.10,1,bcr4bp_strict,1019,4.49811914632274,19.53083333333333,1.048591221870351,0.05686541791573374,0.1577895909328979,0.08187227355930322,-0.1497008178105855,0.1566110624590066,68570.75193635198,3.025073900769897
5.10,1,bcr4bp_strict,1020,4.502533394748965,19.55,1.048950515680421,0.05620197810326329,0.1584763896099108,0.0809152734171526,-0.1508862188360326,0.1545632817793494,68770.83916221505,3.025071814383804
5.10,1,bcr4bp_strict,1021,4.506947643175189,19.56916666666667,1.049305576270519,0.05553334683866128,0.159154159321326,0.07995430664586629,-0.1520529771275804,0.1525202188859654,68968.32220970921,3.025069743002085
5.10,1,bcr4bp_strict,1022,4.511361891601413,19.58833333333333,1.049656386302737,0.05485960608495574,0.1598229206881664,0.07898945090223326,-0.1532012417512227,0.1504817814520489,69163.21113625482,3.025067685604127
5.10,1,bcr4bp_strict,1023,4.515776140027638,19.6075,1.050002928779707,0.05418083715679168,0.1604826939279513,0.07802078282624775,-0.154331157433782,0.148447878977263,69355.51582505525,3.025065641187966
5.10,1,bcr4bp_strict,1024,4.520190388453862,19.62666666666667,1.050345187040189,0.05349712073926483,0.1611334988626485,0.07704837807615315,-0.1554428647072847,0.1464184227384395,69545.24598745357,3.025063608770058
5.10,1,bcr4bp_strict,1025,4.524604636880087,19.64583333333334,1.050683144754811,0.05280853690612992,0.1617753549264146,0.07607231136215063,-0.1565365000474279,0.1443933257416322,69732.41116522459,3.025061587385074
5.10,1,bcr4bp_strict,1026,4.529018885306312,19.665,1.051016785921961,0.05211516513741156,0.1624082811731235,0.07509265647883594,-0.1576121960064075,0.142372502675491,69917.02073280416,3.025059576085706
5.10,1,bcr4bp_strict,1027,4.533433133732536,19.68416666666667,1.051346094863809,0.05141708433644073,0.1630322962836935,0.07410948633642062,-0.1586700813403664,0.1403558698659155,70099.08389945772,3.025057573942462
5.10,1,bcr4bp_strict,1028,4.53784738215876,19.70333333333333,1.051671056222474,0.05071437284633889,0.1636474185732173,0.07312287299078978,-0.1597102811317126,0.1383433452319479,70278.60971139003,3.025055580043494
5.10,1,bcr4bp_strict,1029,4.542261630584985,19.7225,1.051991654956315,0.05000710846597419,0.1642536659978988,0.07213288767245191,-0.1607329169065319,0.1363348482428758,70455.60705379702,3.025053593494406
5.10,1,bcr4bp_strict,1030,4.546675879011209,19.74166666666667,1.052307876336348,0.04929536846540997,0.1648510561618038,0.07113960081442784,-0.1617381067473208,0.1343302998765052,70630.08465286226,3.025051613418098
5.10,1,bcr4bp_strict,1031,4.551090127437433,19.76083333333333,1.05261970594279,0.04857922960086417,0.1654396063234295,0.07014308207912413,-0.1627259654012478,0.1323296225785665,70802.05107769936,3.02504963895459
5.10,1,bcr4bp_strict,1032,4.555504375863658,19.78,1.05292712966171,0.04785876812920165,0.1660193334020962,0.06914340038423822,-0.1636966043841382,0.1303327402232264,70971.51474224142,3.025047669260869
5.10,1,bcr4bp_strict,1033,4.559918624289883,19.79916666666667,1.053230133681801,0.04713405982197671,0.1665902539841673,0.06814062392773648,-0.164650132080373,0.1283395780746685,71138.48390707967,3.025045703510735
5.10,1,bcr4bp_strict,1034,4.564332872716107,19.81833333333334,1.053528704491254,0.04640517997904182,0.1671523843291035,0.06713482021194292,-0.1655866538388804,0.1263500627497078,71302.96668125247,3.025043740894656
5.10,1,bcr4bp_strict,1035,4.568747121142332,19.8375,1.05382282887474,0.04567220344174241,0.1677057403753517,0.06612605606678075,-0.166506272065388,0.1243641221814147,71464.97102398571,3.025041780619627
5.10,1,bcr4bp_strict,1036,4.573161369568556,19.85666666666667,1.05411249391049,0.04493520460571229,0.1682503377460774,0.06511439767220106,-0.1674090863110963,0.1223816855837138,71624.50474638682,3.02503982190903
5.10,1,bcr4bp_strict,1037,4.57757561799478,19.87583333333333,1.054397686967476,0.04419425743328397,0.1687861917547425,0.0640999105798324,-0.1682951933579295,0.1204026834169246,71781.5755130929,3.02503786400251
5.10,1,bcr4bp_strict,1038,4.581989866421005,19.895,1.054678395702684,0.04344943546553132,0.1693133174105322,0.06308265973388635,-0.1691646873005052,0.1184270473542228,71936.19084387441,3.025035906155843
5.10,1,bcr4bp_strict,1039,4.586404114847229,19.91416666666667,1.054954608058473,0.0427008118339573,0.1698317294236371,0.06206270949135052,-0.1700176596249624,0.1164547102489898,72088.35811519624,3.02503394764082
5.10,1,bcr4bp_strict,1040,4.590818363273454,19.93333333333333,1.055226312260034,0.04194845927183909,0.1703414422103919,0.06104012364149589,-0.1708541992847815,0.1144856061030194,72238.08456173642,3.025031987745124
5.10,1,bcr4bp_strict,1041,4.595232611699679,19.9525,1.055493496812919,0.04119245012524638,0.1708424698982768,0.0600149654247318,-0.1716743927737173,0.1125196700355629,72385.37727786439,3.025030025772223
5.10,1,bcr4bp_strict,1042,4.599646860125903,19.97166666666667,1.055756150500661,0.04043285636374375,0.1713348263307828,0.05898729755083337,-0.1724783241959657,0.1105568382531829,72530.24321907946,3.025028061041257
5.10,1,bcr4bp_strict,1043,4.604061108552127,19.99083333333333,1.056014262382472,0.03966974959078789,0.1718185250721464,0.05795718221656616,-0.1732660753336799,0.1085970480203868,72672.68920341114,3.025026092886935
5.10,1,bcr4bp_strict,1044,4.608475356978352,20.01,1.056267821791015,0.03890320105383387,0.1722935794119566,0.05692468112273669,-0.1740377257119378,0.106640237631023,72812.72191278136,3.025024120659436
5.10,1,bcr4bp_strict,1045,4.612889605404576,20.02916666666667,1.056516818330251,0.03813328165415993,0.1727600023696364,0.05588985549069046,-0.1747933526612685,0.1046863463804127,72950.34789433063,3.025022143724303
5.10,1,bcr4bp_strict,1046,4.6173038538308,20.04833333333334,1.056761241873358,0.03736006195642027,0.1732178066988036,0.05485276607827894,-0.175533031377833,0.1027353145381902,73085.57356170869,3.02502016146236
5.10,1,bcr4bp_strict,1047,4.621718102257026,20.0675,1.05700108256072,0.03658361219793836,0.1736670048915131,0.05381347319532076,-0.1762568349813531,0.1007870833218366,73218.40519633052,3.025018173269611
5.10,1,bcr4bp_strict,1048,4.62613235068325,20.08666666666667,1.057236330797984,0.03580400229774957,0.1741076091823833,0.05277203671857619,-0.1769648345708741,0.0988415948708825,73348.84894859859,3.025016178557161
5.10,1,bcr4bp_strict,1049,4.630546599109474,20.10583333333333,1.057466977254176,0.03502130186540071,0.1745396315526111,0.05172851610625313,-0.1776570992784516,0.0968987922217534,73476.9108390927,3.025014176751119
5.10,1,bcr4bp_strict,1050,4.634960847535699,20.125,1.057693012859891,0.03423558020951848,0.1749630837338763,0.05068297041206722,-0.1783336963208368,0.09495861928324587,73602.5967597276,3.025012167292529
5.10,1,bcr4bp_strict,1051,4.639375095961923,20.14416666666667,1.05791442880553,0.03344690634615407,0.1753779772121393,0.04963545829887283,-0.1789946910492389,0.09302102081261025,73725.91247487949,3.025010149637282
5.10,1,bcr4bp_strict,1052,4.643789344388147,20.16333333333333,1.058131216539611,0.03265534900691074,0.1757843232313352,0.04858603805188056,-0.1796401469972408,0.09108594239221748,73846.86362248278,3.025008123256038
5.10,1,bcr4bp_strict,1053,4.648203592814372,20.1825,1.058343367767128,0.03186097664686528,0.1761821327969653,0.04753476759148158,-0.1802701259269327,0.08915333040679795,73965.45571509692,3.025006087634158
5.10,1,bcr4bp_strict,1054,4.652617841240597,20.20166666666667,1.058550874447964,0.03106385745228966,0.1765714166795895,0.04648170448569332,-0.1808846878733326,0.08722313202123103,74081.69414094422,3.025004042271628
5.10,1,bcr4bp_strict,1055,4.657032089666821,20.22083333333333,1.058753728795371,0.03026405934817877,0.1769521854182226,0.04542690596224029,-0.1814838911871586,0.08529529515886394,74195.58416492051,3.025001986682988
5.10,1,bcr4bp_strict,1056,4.661446338093046,20.24,1.058951923274485,0.02946165000559436,0.1773244493236349,0.04437042892028818,-0.18206779257601,0.08336976848034963,74307.1309295778,3.024999920397265
5.10,1,bcr4bp_strict,1057,4.66586058651927,20.25916666666667,1.059145450600907,0.02865669684883062,0.1776882184815614,0.04331232994184393,-0.1826364471440168,0.08144650136298377,74416.33945608031,3.024997842957908
5.10,1,bcr4bp_strict,1058,4.670274834945494,20.27833333333333,1.059334303739324,0.0278492670624065,0.1780435027558203,0.04225266530283393,-0.1831899084300132,0.07952544388052118,74523.21464513501,3.024995753922727
5.10,1,bcr4bp_strict,1059,4.674689083371719,20.2975,1.059518475902187,0.02703942759789419,0.1783903117913439,0.04119149098387649,-0.1837282284442861,0.07760654678346261,74627.76127789647,3.024993652863823
5.10,1,bcr4bp_strict,1060,4.679103331797943,20.31666666666667,1.059697960548421,0.02622724518058842,0.1787286550171231,0.04012886268076014,-0.184251457703949,0.07568976147979352,74729.98401684666,3.024991539367537
5.10,1,bcr4bp_strict,1061,4.683517580224168,20.33583333333333,1.059872751382201,0.02541278631602111,0.1790585416490679,0.03906483581463758,-0.1847596452669906,0.07377504001615633,74829.88740665143,3.024989413034386
5.10,1,bcr4bp_strict,1062,4.687931828650393,20.355,1.060042842351754,0.02459611729633001,0.1793799806927863,0.0379994655419514,-0.1852528387650411,0.07186233505944876,74927.4758749927,3.024987273479008
5.10,1,bcr4bp_strict,1063,4.692346077076617,20.37416666666667,1.060208227648217,0.02377730420648543,0.1796929809462816,0.03693280676409996,-0.1857310844349015,0.06995159987883069,75022.75373337785,3.02498512033011
5.10,1,bcr4bp_strict,1064,4.696760325502841,20.39333333333333,1.060368901704529,0.02295641293037903,0.1799975510025726,0.03586491413685369,-0.1861944271488781,0.06804278832812254,75115.7251779267,3.024982953230405
5.10,1,bcr4bp_strict,1065,4.701174573929066,20.4125,1.060524859194367,0.02213350915678269,0.1802936992522361,0.03479584207953487,-0.1866429104439592,0.06613585482858893,75206.39429013651,3.024980771836574
5.10,1,bcr4bp_strict,1066,4.70558882235529,20.43166666666667,1.060676095031123,0.0213086583851811,0.1805814338858743,0.03372564478397017,-0.1870765765498743,0.06423075435209114,75294.76503762532,3.024978575819201
5.10,1,bcr4bp_strict,1067,4.710003070781514,20.45083333333334,1.060822604366922,0.02048192593148143,0.180860762896509,0.03265437622322319,-0.1874954664160708,0.06232744240459259,75380.84127485445,3.024976364862733
5.10,1,bcr4bp_strict,1068,4.714417319207739,20.47,1.060964382591669,0.01965337693360766,0.1811316940819032,0.03158209016012025,-0.1878996197376429,0.06042587501001186,75464.62674383055,3.024974138665431
5.10,1,bcr4bp_strict,1069,4.718831567633964,20.48916666666667,1.061101425332145,0.01882307635698277,0.1813942350468126,0.03050884015557703,-0.1882890749802447,0.05852600869440824,75546.12507478721,3.024971896939316
5.10,1,bcr4bp_strict,1070,4.723245816060188,20.50833333333333,1.06123372845113,0.01799108899990164,0.1816483932051678,0.02943467957673267,-0.1886638694040207,0.05662780047048461,75625.33978684743,3.024969639410132
5.10,1,bcr4bp_strict,1071,4.727660064486413,20.5275,1.061361288046568,0.01715747949880187,0.1818941757821893,0.0283596616049036,-0.1890240390865815,0.05473120782240354,75702.2742886662,3.024967365817297
5.10,1,bcr4bp_strict,1072,4.732074312912637,20.54666666666667,1.061484100450762,0.01632231233343531,0.1821315898164347,0.02728383924336367,-0.1893696189450544,0.05283618869090206,75776.93187905487,3.024965075913857
5.10,1,bcr4bp_strict,1073,4.736488561338861,20.56583333333333,1.061602162229606,0.01548565183194271,0.1823606421617827,0.02620726532495644,-0.1897006427572359,0.05094270145869121,75849.31574758668,3.02496276946645
5.10,1,bcr4bp_strict,1074,4.740902809765086,20.585,1.061715470181849,0.0146475621758384,0.182581339489352,0.02512999251955151,-0.1900171431818716,0.04905070493613681,75919.42897518426,3.024960446255258
5.10,1,bcr4bp_strict,1075,4.74531705819131,20.60416666666667,1.061824021338391,0.01380810740490741,0.1827936882893579,0.0240520733413499,-0.1903191517780882,0.04716015834720794,75987.27453468957,3.024958106073968
5.10,1,bcr4bp_strict,1076,4.749731306617535,20.62333333333333,1.061927812961613,0.01296735142201704,0.1829976948729079,0.02297356015604456,-0.1906066990240017,0.04527102131567998,76052.85529141613,3.024955748729737
5.10,1,bcr4bp_strict,1077,4.75414555504376,20.6425,1.062026842544737,0.01212535799784966,0.1831933653737359,0.02189450518784631,-0.1908798143345231,0.04338325385158923,76116.17400368466,3.024953374043144
5.10,1,bcr4bp_strict,1078,4.758559803469984,20.66166666666667,1.062121107811214,0.01128219077555858,0.1833807057498785,0.02081496052638067,-0.1911385260783834,0.04149681633792671,76177.23332334145,3.02495098184816
5.10,1,bcr4bp_strict,1079,4.762974051896208,20.68083333333333,1.062210606714149,0.010437913275349,0.1835597217852919,0.01973497813345966,-0.1913828615943987,0.03961166951755829,76236.03579626075,3.024948571992105
5.10,1,bcr4bp_strict,1080,4.767388300322433,20.7,1.062295337435748,0.009592588898990211,0.1837304190914122,0.01865460984973974,-0.191612847206993,0.03772777448036917,76292.58386283087,3.024946144335614
5.10,1,bcr4bp_strict,1081,4.771802548748657,20.71916666666667,1.062375298386801,0.008746280934261053,0.183892803108659,0.01757390740126974,-0.1918285082409986,0.0358450926506208,76346.87985842413,3.024943698752603
5.10,1,bcr4bp_strict,1082,4.776216797174881,20.73833333333333,1.062450488206186,0.007899052559329893,0.1840468791078844,0.01649292240593311,-0.1920298690357499,0.03396358577450796,76398.92601385192,3.024941235130227
5.10,1,bcr4bp_strict,1083,4.780631045601107,20.7575,1.062520905760411,0.007050966847075582,0.1841926521917667,0.01541170637979467,-0.1922169529584886,0.03208321590791497,76448.72445580379,3.024938753368852
5.10,1,bcr4bp_strict,1084,4.785045294027331,20.77666666666667,1.062586550143174,0.006202086769350657,0.1843301272961504,0.0143303107433553,-0.1923897824170939,0.03020394540435914,76496.27720727165,3.02493625338202
5.10,1,bcr4bp_strict,1085,4.789459542453555,20.79583333333333,1.062647420674956,0.005352475201188313,0.1844593091913345,0.01324878682771899,-0.1925483788721538,0.02832573690311032,76541.58618795931,3.02493373509641
5.10,1,bcr4bp_strict,1086,4.79387379087978,20.815,1.06270351690264,0.004502194924959034,0.1845802024833073,0.01216718588068109,-0.1926927628483908,0.02644855331748552,76584.6532146774,3.024931198451813
5.10,1,bcr4bp_strict,1087,4.798288039306004,20.83416666666667,1.062754838599158,0.003651308634478195,0.1846928116149311,0.01108555907274216,-0.1928229539454549,0.02457235782330769,76625.4800017235,3.024928643401094
5.10,1,bcr4bp_strict,1088,4.802702287732229,20.85333333333334,1.06280138576316,0.002799878939065693,0.1847971408670754,0.01000395750304966,-0.1929389708480968,0.02269711384751722,76664.06816124859,3.024926069910162
5.10,1,bcr4bp_strict,1089,4.807116536158453,20.8725,1.062843158618716,0.001947968367564571,0.1848931943597007,0.008922432205279109,-0.1930408313357313,0.02082278505693864,76700.41920360936,3.024923477957941
5.10,1,bcr4bp_strict,1090,4.811530784584678,20.89166666666667,1.062880157615036,0.001095639372316195,0.1849809760528928,0.007841034153452928,-0.193128552291404,0.01894933534718366,76734.53453770647,3.024920867536337
5.10,1,bcr4bp_strict,1091,4.815945033010903,20.91083333333334,1.062912383426219,0.0002429543330988539,0.1850604897478488,0.006759814267707601,-0.1932021497101693,0.01707672883169329,76766.41547130955,3.024918238650204
5.10,1,bcr4bp_strict,1092,4.820359281437127,20.93,1.062939836951034,-0.0006100244389693388,0.1851317390878141,0.005678823420011989,-0.1932616387068898,0.01520492983090804,76796.06321136853,3.024915591317323
5.10,1,bcr4bp_strict,1093,4.824773529863351,20.94916666666667,1.062962519312712,-0.001463234697562248,0.185194727558973,0.00459811243983994,-0.1933070335234667,0.01333390286155642,76823.47886431179,3.024912925568366
5.10,1,bcr4bp_strict,1094,4.829187778289576,20.96833333333334,1.062980431858776,-0.002316614257306664,0.1852494584912917,0.003517732119806023,-0.193338347535508,0.0114636126260615,76848.66343633109,3.024910241446868
5.10,1,bcr4bp_strict,1095,4.8336020267158,20.9875,1.06299357616089,-0.003170100989971448,0.1852959350593143,0.002437733221266957,-0.1933555932584421,0.009594024002055805,76871.61783365349,3.024907539009202
5.10,1,bcr4bp_strict,1096,4.838016275142024,21.00666666666667,1.063001954014731,-0.004023632820684,0.185334160282914,0.00135816647989204,-0.1933587823530849,0.007725102031994607,76892.34286280056,3.024904818324545
5.10,1,bcr4bp_strict,1097,4.842430523568249,21.02583333333334,1.063005567439891,-0.004877147724168566,0.1853641370279972,0.0002790826112109399,-0.1933479256306644,0.005856811912868135,76910.83923083462,3.024902079474856
5.10,1,bcr4bp_strict,1098,4.846844771994474,21.045,1.063004418679795,-0.005730583721005533,0.1853858680071639,-0.0007994676838585488,-0.1933230330573112,0.003989118986002895,76927.10754559249,3.024899322554847
5.10,1,bcr4bp_strict,1099,4.851259020420698,21.06416666666667,1.062998510201658,-0.00658387887391092,0.1853993557803216,-0.001877433713499615,-0.1932841137580163,0.002121988726942753,76941.14831590682,3.024896547671954
5.10,1,bcr4bp_strict,1100,4.855673268846923,21.08333333333334,1.062987844696446,-0.007436971284030636,0.1854046027552564,-0.002954764789494265,-0.1932311760200646,0.0002553867354102348,76952.96195181478,3.024893754946311
5.10,1,bcr4bp_strict,1101,4.860087517273147,21.1025,1.062972425078881,-0.008289799087248735,0.1854016111881585,-0.004031410221727134,-0.1931642272959445,-0.001610721274661198,76962.54876475454,3.02489094451073
5.10,1,bcr4bp_strict,1102,4.864501765699371,21.12166666666667,1.062952254487456,-0.009142300450508914,0.1853903831841049,-0.005107319312692473,-0.1930832742057391,-0.003476369485033286,76969.90896774961,3.024888116510664
5.10,1,bcr4bp_strict,1103,4.868916014125596,21.14083333333334,1.062927336284484,-0.009994413568143883,0.1853709206974979,-0.00618244135199597,-0.1929883225390001,-0.005341591983006672,76975.04267558067,3.024885271104194
5.10,1,bcr4bp_strict,1104,4.87333026255182,21.16,1.062897674056162,-0.01084607665821186,0.1853432255324603,-0.00725672561084877,-0.1928793772561084,-0.007206422771211298,76977.9499049458,3.02488240846199
5.10,1,bcr4bp_strict,1105,4.877744510978045,21.17916666666667,1.06286327161267,-0.01169722795883952,0.1853072993431879,-0.008330121336551172,-0.1927564424891209,-0.009070895777352744,76978.63057460831,3.024879528767303
5.10,1,bcr4bp_strict,1106,4.88215875940427,21.19833333333334,1.062824132988284,-0.01254780572456594,0.1852631436342588,-0.009402577746957278,-0.1926195215421058,-0.01093504486391337,76977.08450553253,3.024876632215926
5.10,1,bcr4bp_strict,1107,4.886573007830494,21.2175,1.062780262441521,-0.01339774822268696,0.1852107597608997,-0.01047404402491817,-0.1924686168909669,-0.01279890383781741,76973.31142100811,3.024873719016178
5.10,1,bcr4bp_strict,1108,4.890987256256718,21.23666666666667,1.062731664455305,-0.01424699372959917,0.18515014892921,-0.01154446931270082,-0.1923037301827558,-0.01466250646006893,76967.31094676173,3.024870789388877
5.10,1,bcr4bp_strict,1109,4.895401504682943,21.25583333333334,1.062678343737159,-0.01509548052713813,0.1850813121963435,-0.0126138027063744,-0.1921248622344726,-0.01652588645536161,76959.08261105769,3.024867843567322
5.10,1,bcr4bp_strict,1110,4.899815753109167,21.275,1.062620305219419,-0.0159431468989103,0.1850042504706472,-0.01368199325016112,-0.1919320130313535,-0.01838907752166913,76948.62584478602,3.024864881797263
5.10,1,bcr4bp_strict,1111,4.904230001535391,21.29416666666667,1.062557554059481,-0.01678993112661763,0.1849189645117583,-0.01474898993074894,-0.1917251817246426,-0.02025211333982534,76935.9399815389,3.024861904336883
5.10,1,bcr4bp_strict,1112,4.908644249961617,21.31333333333334,1.06249009564006,-0.01763577148636978,0.1848254549306584,-0.0158147416715575,-0.1915043666288472,-0.02211502758309268,76921.02425767577,3.024858911456775
5.10,1,bcr4bp_strict,1113,4.913058498387841,21.3325,1.062417935569488,-0.01848060624498303,0.1847237221896866,-0.01687919732695456,-0.1912695652184727,-0.0239778539267279,76903.87781237562,3.024855903439922
5.10,1,bcr4bp_strict,1114,4.917472746814065,21.35166666666667,1.062341079682031,-0.01932437365626517,0.1846137666025085,-0.0179423056764199,-0.191020774124234,-0.02584062605755394,76884.49968767836,3.024852880581673
5.10,1,bcr4bp_strict,1115,4.92188699524029,21.37083333333334,1.062259534038228,-0.02016701195728088,0.1844955883340448,-0.01900401541864817,-0.190757989128739,-0.02770337768353667,76862.88882851375,3.024849843189722
5.10,1,bcr4bp_strict,1116,4.926301243666514,21.39,1.062173304925265,-0.02100845936459709,0.1843691874003567,-0.02006427516558743,-0.1904812051616407,-0.02956614254337527,76839.04408271874,3.024846791584091
5.10,1,bcr4bp_strict,1117,4.930715492092738,21.40916666666667,1.062082398857373,-0.02184865407050703,0.1842345636684885,-0.02112303343641052,-0.1901904162942512,-0.03142895441611527,76812.96420104276,3.024843726097108
5.10,1,bcr4bp_strict,1118,4.935129740518963,21.42833333333334,1.061986822576244,-0.02268753423922798,0.184091716856269,-0.0221802386514104,-0.1898856157336135,-0.03329184713078272,76784.64783714103,3.024840647073386
5.10,1,bcr4bp_strict,1119,4.939543988945188,21.4475,1.061886583051488,-0.02352503800307155,0.1839406465320691,-0.02323583912581586,-0.1895667958160235,-0.03515485457604865,76754.09354755591,3.024837554869808
5.10,1,bcr4bp_strict,1120,4.943958237371412,21.46666666666667,1.061781687481107,-0.02436110345858568,0.1837813521145172,-0.02428978306352463,-0.1892339479999953,-0.03701801070993242,76721.2997916864,3.024834449855502
5.10,1,bcr4bp_strict,1121,4.948372485797637,21.48583333333334,1.061672143292001,-0.02519566866266283,0.1836138328721714,-0.0253420185507447,-0.1888870628586636,-0.03888134956954284,76686.26493174491,3.024831332411831
5.10,1,bcr4bp_strict,1122,4.952786734223861,21.505,1.061557958140502,-0.02602867162861336,0.1834380879231492,-0.02639249354954026,-0.1885261300716131,-0.04074490528086604,76648.9872327026,3.024828202932369
5.10,1,bcr4bp_strict,1123,4.957200982650085,21.52416666666667,1.061439139912936,-0.02686005032220309,0.1832541162347134,-0.02744115589127842,-0.1881511384161271,-0.04260871206860884,76609.46486222194,3.024825061822887
5.10,1,bcr4bp_strict,1124,4.96161523107631,21.54333333333334,1.061315696726218,-0.02768974265764943,0.1830619166228139,-0.02848795326996774,-0.1877620757578454,-0.04447280426609656,76567.69589057715,3.024821909501333
5.10,1,bcr4bp_strict,1125,4.966029479502534,21.5625,1.061187636928465,-0.02851768649357491,0.1828614877515873,-0.02953283323548427,-0.1873589290408222,-0.04633721632523422,76523.67829056195,3.024818746397823
5.10,1,bcr4bp_strict,1126,4.970443727928759,21.58166666666667,1.061054969099657,-0.02934381962891702,0.1826528281328103,-0.03057574318668113,-0.1869416842769707,-0.04820198282654021,76477.40993738506,3.024815572954619
5.10,1,bcr4bp_strict,1127,4.974857976354984,21.60083333333334,1.060917702052314,-0.03016807979878856,0.1824359361253103,-0.03161663036437221,-0.1865103265348857,-0.05006713848925124,76428.88860855294,3.024812389626117
5.10,1,bcr4bp_strict,1128,4.979272224781208,21.62,1.060775844832208,-0.03099040467028729,0.1822108099343307,-0.03265544184418508,-0.1860648399280299,-0.05193271818150779,76378.11198373944,3.024809196878831
5.10,1,bcr4bp_strict,1129,4.983686473207432,21.63916666666667,1.060629406719111,-0.03181073183825344,0.1819774476108504,-0.03369212452927906,-0.1856052076022706,-0.05379875693062913,76325.07764464316,3.024805995191384
5.10,1,bcr4bp_strict,1130,4.988100721633657,21.65833333333334,1.060478397227574,-0.03262899882096928,0.1817358470508589,-0.03472662514291833,-0.1851314117227546,-0.055665289933477,76269.78307483121,3.024802785054491
5.10,1,bcr4bp_strict,1131,4.992514970059881,21.6775,1.060322826107734,-0.03344514305579928,0.1814860059945844,-0.03575889022089457,-0.1846434334601041,-0.0575323525669172,76212.22565957013,3.024799566970947
5.10,1,bcr4bp_strict,1132,4.996929218486105,21.69666666666667,1.060162703346161,-0.03425910189476929,0.1812279220256763,-0.03678886610379507,-0.1841412529759204,-0.05939998039838836,76152.40268564325,3.02479634145562
5.10,1,bcr4bp_strict,1133,5.00134346691233,21.71583333333334,1.059998039166734,-0.03507081260007864,0.18096159257034,-0.03781649892910464,-0.1836248494075764,-0.06126820919657723,76090.31134115465,3.024793109035435
5.10,1,bcr4bp_strict,1134,5.005757715338555,21.735,1.059828844031561,-0.03588021233954362,0.1806870148964253,-0.0388417346231368,-0.1830942008522839,-0.06313707494220971,76025.94871531961,3.024789870249368
5.10,1,bcr4bp_strict,1135,5.010171963764779,21.75416666666667,1.059655128641924,-0.03668723818197035,0.1804041861124659,-0.03986451889278789,-0.1825492843504127,-0.0650066138389674,75959.31179824103,3.024786625648438
5.10,1,bcr4bp_strict,1136,5.014586212191004,21.77333333333334,1.059476903939269,-0.03749182709245089,0.1801131031666712,-0.04088479721710307,-0.1819900758680472,-0.06687686232452875,75890.39748067175,3.024783375795693
5.10,1,bcr4bp_strict,1137,5.019000460617228,21.7925,1.059294181106228,-0.03829391592758068,0.1798137628458686,-0.04190251483864817,-0.1814165502787569,-0.06874785708174484,75819.20255376287,3.024780121266212
5.10,1,bcr4bp_strict,1138,5.023414709043452,21.81166666666667,1.059106971567685,-0.03909344143059519,0.1795061617743963,-0.04291761675468093,-0.18082868134456,-0.07061963504995912,75745.72370879748,3.02477686264709
5.10,1,bcr4bp_strict,1139,5.027828957469677,21.83083333333334,1.058915286991879,-0.03989034022641918,0.1791902964129459,-0.04393004770810956,-0.1802264416960589,-0.072492233436471,75669.95753690989,3.024773600537442
5.10,1,bcr4bp_strict,1140,5.032243205895901,21.85,1.058719139291544,-0.0406845488166265,0.1788661630573542,-0.04493975217823189,-0.1796098028117234,-0.07436568972815316,75591.90052878976,3.024770335548391
5.10,1,bcr4bp_strict,1141,5.036657454322126,21.86916666666667,1.058518540625097,-0.0414760035743079,0.1785337578373426,-0.04594667437124769,-0.1789787349962961,-0.0762400417032324,75511.54907437139,3.024767068303068
5.10,1,bcr4bp_strict,1142,5.041071702748351,21.88833333333334,1.058313503397862,-0.04226464073884011,0.1781930767152052,-0.04695075821053159,-0.1783332073582953,-0.07811532744323393,75428.89946250728,3.024763799436616
5.10,1,bcr4bp_strict,1143,5.045485951174575,21.9075,1.058104040263343,-0.04305039641055361,0.1778441154844433,-0.04795194732665826,-0.1776731877865883,-0.07999158534509958,75343.94788062666,3.024760529596178
5.10,1,bcr4bp_strict,1144,5.049900199600799,21.92666666666667,1.057890164124536,-0.04383320654529621,0.1774868697683456,-0.04895018504717265,-0.1769986429260045,-0.08186885413348945,75256.69041437743,3.024757259440909
5.10,1,bcr4bp_strict,1145,5.054314448027024,21.94583333333334,1.057671888135292,-0.04461300694888549,0.1771213350185141,-0.04994541438609041,-0.1763095381519618,-0.08374717287326808,75167.12304725249,3.024753989641972
5.10,1,bcr4bp_strict,1146,5.058728696453248,21.965,1.057449225701726,-0.04538973327144695,0.176747506513335,-0.05093757803312019,-0.1756058375440725,-0.08562658098218463,75075.24166019946,3.024750720882543
5.10,1,bcr4bp_strict,1147,5.063142944879472,21.98416666666667,1.057222190483668,-0.04616332100163476,0.1763653793563921,-0.05192661834259873,-0.1748875038586958,-0.0875071182437583,74981.04203121366,3.024747453857815
5.10,1,bcr4bp_strict,1148,5.067557193305698,22.00333333333334,1.056990796396172,-0.04693370546072755,0.1759749484748233,-0.05291247732212329,-0.1741544985004047,-0.08938882482036899,74884.51983491363,3.024744189275009
5.10,1,bcr4bp_strict,1149,5.071971441731922,22.0225,1.056755057611074,-0.04770082179659576,0.1755762086176196,-0.05389509662087189,-0.1734067814923298,-0.09127174126656419,74785.67064210026,3.024740927853373
5.10,1,bcr4bp_strict,1150,5.076385690158146,22.04166666666667,1.056514988558596,-0.048464604977537,0.1751691543538633,-0.05487441751760029,-0.172644311445341,-0.09315590854259263,74684.48991929702,3.024737670324201
5.10,1,bcr4bp_strict,1151,5.080799938584371,22.06083333333334,1.05627060392901,-0.04922498978597131,0.1747537800709076,-0.05585038090830001,-0.1718670455260314,-0.09504136802816576,74580.97302827297,3.024734417430841
5.10,1,bcr4bp_strict,1152,5.085214187010595,22.08,1.056021918674356,-0.04998191081199228,0.1743300799724936,-0.05682292729350565,-0.1710749394234584,-0.09692816153645764,74475.11522554707,3.024731169928704
5.10,1,bcr4bp_strict,1153,5.089628435436819,22.09916666666667,1.055768948010218,-0.05073530244677008,0.1738980480768061,-0.05779199676523963,-0.1702679473145998,-0.09881633132835485,74366.91166187341,3.024727928585285
5.10,1,bcr4bp_strict,1154,5.094042683863044,22.11833333333334,1.055511707417553,-0.0514850988757976,0.1734576782144647,-0.05875752899357634,-0.1694460218284809,-0.1007059201269569,74256.35738170784,3.024724694180178
5.10,1,bcr4bp_strict,1155,5.098456932289269,22.1375,1.055250212644587,-0.05223123407197525,0.1730089640264517,-0.05971946321281318,-0.1686091140089243,-0.1025969711323391,74143.44732265457,3.024721467505093
5.10,1,bcr4bp_strict,1156,5.102871180715493,22.15666666666667,1.054984479708769,-0.05297364178852953,0.1725518989619731,-0.06067773820723444,-0.1677571732758707,-0.1044895280365881,74028.17631489277,3.02471824936388
5.10,1,bcr4bp_strict,1157,5.107285429141718,22.17583333333334,1.054714524898787,-0.05371225555175632,0.1720864762762528,-0.06163229229644851,-0.1668901473852218,-0.1063836350391135,73910.53908058305,3.024715040572548
5.10,1,bcr4bp_strict,1158,5.111699677567942,22.195,1.054440364776659,-0.05444700865358348,0.1716126890282598,-0.06258306332028378,-0.1660079823871502,-0.1082793368622441,73790.53023325288,3.024711841959299
5.10,1,bcr4bp_strict,1159,5.116113925994166,22.21416666666667,1.054162016179878,-0.05517783414394735,0.1711305300783638,-0.06352998862322749,-0.1651106225828161,-0.1101766787671237,73668.14427716049,3.024708654364545
5.10,1,bcr4bp_strict,1160,5.120528174420391,22.23333333333334,1.053879496223638,-0.05590466482297306,0.1706399920859216,-0.0644730050383861,-0.1641980104794345,-0.1120757065699054,73543.37560663742,3.024705478640945
5.10,1,bcr4bp_strict,1161,5.124942422846615,22.2525,1.053592822303124,-0.056627433232953,0.1701410675067913,-0.06541204887094985,-0.1632700867436302,-0.1139764666582573,73416.21850540843,3.024702315653439
5.10,1,bcr4bp_strict,1162,5.12935667127284,22.27166666666667,1.053302012095886,-0.05734607165011655,0.1696337485907715,-0.06634705588114423,-0.1623267901530107,-0.1158790060081921,73286.6671458888,3.024699166279281
5.10,1,bcr4bp_strict,1163,5.133770919699065,22.29083333333334,1.053007083564277,-0.05806051207618086,0.1691180273789671,-0.06727796126664415,-0.1613680575458932,-0.1177833722012204,73154.7155884582,3.024696031408077
5.10,1,bcr4bp_strict,1164,5.138185168125289,22.31,1.052708054957977,-0.05877068622967537,0.1685938957010783,-0.0682046996444311,-0.160393823769112,-0.1196896134418417,73020.35778071092,3.02469291194183
5.10,1,bcr4bp_strict,1165,5.142599416551513,22.32916666666667,1.052404944816603,-0.05947652553703298,0.1680613451726103,-0.06912720503207356,-0.1594040216238281,-0.1215977785753838,72883.58755668152,3.024689808794981
5.10,1,bcr4bp_strict,1166,5.147013664977738,22.34833333333334,1.05209777197239,-0.06017796112343603,0.1675203671920053,-0.07004541082840329,-0.1583985818092652,-0.1235079171061933,72744.39863604555,3.02468672289446
5.10,1,bcr4bp_strict,1167,5.151427913403962,22.3675,1.05178655555297,-0.06087492380340936,0.1669709529376928,-0.0709592497935658,-0.1573774328642881,-0.1254200792161878,72602.78462329504,3.024683655179736
5.10,1,bcr4bp_strict,1168,5.155842161830186,22.38666666666667,1.051471314984236,-0.06156734407115162,0.1664130933650561,-0.0718686540284211,-0.1563405011067344,-0.1273343157837839,72458.73900688728,3.024680606602872
5.10,1,bcr4bp_strict,1169,5.160256410256411,22.40583333333334,1.051152069993299,-0.06225515209059263,0.165846779203316,-0.07277355495326526,-0.1552877105704104,-0.1292506784032005,72312.25515836746,3.024677578128582
5.10,1,bcr4bp_strict,1170,5.164670658682636,22.425,1.05082884061154,-0.06293827768516709,0.1652720009523278,-0.07367388328584698,-0.1542189829396553,-0.1311692194041515,72163.32633146356,3.024674570734295
5.10,1,bcr4bp_strict,1171,5.16908490710886,22.44416666666667,1.050501647177761,-0.0636166503272952,0.1646887488792901,-0.07456956901865217,-0.1531342374813702,-0.1330899918719376,72011.94566115318,3.024671585410222
5.10,1,bcr4bp_strict,1172,5.173499155535085,22.46333333333334,1.05017051034144,-0.06429019912755626,0.1640970130153642,-0.07546054139542334,-0.1520333909744099,-0.1350130496679406,71858.10616270184,3.024668623159425
5.10,1,bcr4bp_strict,1173,5.177913403961309,22.4825,1.049835451066086,-0.06495885282354456,0.1634967831522032,-0.0763467288868839,-0.1509163576362255,-0.1369384474505308,71701.80073067172,3.02466568499789
5.10,1,bcr4bp_strict,1174,5.182327652387533,22.50166666666667,1.049496490632708,-0.06562253976839626,0.1628880488383859,-0.07722805916563652,-0.1497830490466389,-0.1388662406963993,71543.02213790045,3.024662771954611
5.10,1,bcr4bp_strict,1175,5.186741900813758,22.52083333333334,1.049153650643397,-0.06628118791897222,0.1622707993757571,-0.07810445908019781,-0.1486333740686311,-0.1407964857223157,71381.76303444873,3.02465988507167
5.10,1,bcr4bp_strict,1176,5.191156149239982,22.54,1.048806953025019,-0.06693472482368422,0.161645023815671,-0.07897585462813528,-0.1474672387660135,-0.1427292397073233,71218.01594651678,3.024657025404327
5.10,1,bcr4bp_strict,1177,5.195570397666207,22.55916666666667,1.048456420033036,-0.06758307760995183,0.161010710955134,-0.07984217092827034,-0.1462845463178464,-0.1446645607153817,71051.77327532797,3.024654194021116
5.10,1,bcr4bp_strict,1178,5.199984646092432,22.57833333333334,1.048102074255444,-0.06822617297127297,0.1603678493328485,-0.08070333219190509,-0.1450851969294655,-0.146602507718457,70883.02729597954,3.024651392003938
5.10,1,bcr4bp_strict,1179,5.204398894518656,22.5975,1.04774393861685,-0.06886393715389379,0.1597164272251529,-0.08155926169303328,-0.1438690877399668,-0.1485431406200703,70711.77015625943,3.024648620448175
5.10,1,bcr4bp_strict,1180,5.20881314294488,22.61666666666667,1.047382036382671,-0.06949629594306347,0.159056432641856,-0.08240988173749368,-0.1426361127259894,-0.1504865202793131,70537.99387542802,3.024645880462795
5.10,1,bcr4bp_strict,1181,5.213227391371105,22.63583333333334,1.047016391163481,-0.07012317464885445,0.1583878533219656,-0.08325511363101755,-0.1413861626016379,-0.1524327085353297,70361.69034296434,3.02464317317047
5.10,1,bcr4bp_strict,1182,5.217641639797329,22.655,1.046647026919501,-0.07074449809153213,0.1577106767293076,-0.0840948776461245,-0.1401191247143665,-0.1543817682322736,70182.85131727609,3.024640499707698
5.10,1,bcr4bp_strict,1183,5.222055888223553,22.67416666666667,1.046273967965229,-0.07136019058645689,0.1570248900480327,-0.08492909298781827,-0.138834882936642,-0.1563337632447476,70001.4684243715,3.024637861224936
5.10,1,bcr4bp_strict,1184,5.226470136649779,22.69333333333334,1.045897238974235,-0.07197017592849705,0.1563304801780118,-0.08575767775802715,-0.1375333175531966,-0.1582887585037223,69817.53315649359,3.024635258886734
5.10,1,bcr4bp_strict,1185,5.230884385076003,22.7125,1.045516864984109,-0.07257437737593407,0.1556274337301141,-0.08658054891873596,-0.1362143051436681,-0.1602468200229409,69631.03687071489,3.024632693871879
5.10,1,bcr4bp_strict,1186,5.235298633502227,22.73166666666667,1.045132871401577,-0.07317271763384023,0.1549157370213688,-0.0873976222537534,-0.1348777184604095,-0.1622080149258152,69441.97078749169,3.024630167373547
5.10,1,bcr4bp_strict,1187,5.239712881928452,22.75083333333334,1.044745284007791,-0.0737651188369047,0.1541953760700058,-0.08820881232905119,-0.133523426301251,-0.1641724114728064,69250.32598917768,3.024627680599464
5.10,1,bcr4bp_strict,1188,5.244127130354676,22.77,1.044354128963793,-0.07435150253168649,0.1534663365903762,-0.08901403245161309,-0.1321512933769738,-0.1661400790892935,69056.09341849502,3.02462523477207
5.10,1,bcr4bp_strict,1189,5.2485413787809,22.78916666666667,1.043959432816164,-0.07493178965827112,0.1527286039877465,-0.08981319462672852,-0.1307611801732448,-0.1681110883939319,68859.26387696226,3.024622831128698
5.10,1,bcr4bp_strict,1190,5.252955627207125,22.80833333333334,1.043561222502873,-0.07550590053130446,0.1519821633529684,-0.09060620951365736,-0.1293529428067545,-0.1700855112274915,68659.82802327818,3.024620470921756
5.10,1,bcr4bp_strict,1191,5.25736987563335,22.8275,1.043159525359315,-0.07607375482037779,0.1512269994570196,-0.09139298637959392,-0.1279264328752779,-0.1720634206821721,68457.77637166061,3.024618155418926
5.10,1,bcr4bp_strict,1192,5.261784124059574,22.84666666666667,1.042754369124561,-0.07663527152973836,0.1504630967454138,-0.09217343305185317,-0.126481497301364,-0.1740448911313942,68253.09929013847,3.024615885903363
5.10,1,bcr4bp_strict,1193,5.266198372485799,22.86583333333334,1.042345781947827,-0.0771903689772942,0.1496904393324783,-0.092947455868195,-0.1250179781693493,-0.1760299982600481,68045.78699879683,3.024613663673911
5.10,1,bcr4bp_strict,1194,5.270612620912023,22.885,1.041933792395156,-0.07773896477288417,0.148909010995498,-0.09371495962520164,-0.1235357125553683,-0.178018819095194,67835.82956797366,3.024611490045328
5.10,1,bcr4bp_strict,1195,5.275026869338247,22.90416666666667,1.041518429456347,-0.07828097579578253,0.1481187951687215,-0.09447584752461859,-0.122034532350013,-0.1800114320372025,67623.21691640666,3.024609366348524
5.10,1,bcr4bp_strict,1196,5.279441117764472,22.92333333333334,1.041099722552108,-0.07881631817140286,0.1473197749372292,-0.09523002111756058,-0.1205142640732835,-0.1820079168913129,67407.93880932964,3.024607293930804
5.10,1,bcr4bp_strict,1197,5.283855366190696,22.9425,1.040677701541477,-0.07934490724716729,0.1465119330306629,-0.09597738024648318,-0.1189747286814427,-0.1840083548995906,67189.98485651764,3.024605274156131
5.10,1,bcr4bp_strict,1198,5.288269614616921,22.96166666666667,1.040252396729494,-0.07986665756750561,0.1456952518168102,-0.09671782298481491,-0.1174157413653652,-0.1860128287732669,66969.34451027829,3.024603308405399
5.10,1,bcr4bp_strict,1199,5.292683863043146,22.98083333333334,1.039823838875148,-0.08038148284794365,0.1448697132950482,-0.09745124557413459,-0.1158371113399576,-0.1880214227254236,66746.00706339018,3.024601398076716
5.10,1,bcr4bp_strict,1200,5.29709811146937,23,1.039392059199604,-0.08088929594824168,0.1440352990896417,-0.09817754235877686,-0.1142386416241919,-0.1900342225039971,66519.96164698574,3.024599544585704
5.10,1,cr3bp_seed,0,0,0,1.011112321027015,-0.05086484602822477,0.1190812674690029,-0.06713099588433077,-0.03094987568796629,-0.302402534905807,50572.70132105102,3.028242100504208
5.10,1,cr3bp_seed,1,0.01020635474271555,0.04431599229287091,1.010422170497126,-0.05115949295048031,0.1159557795982428,-0.06810643500660087,-0.02675060810569537,-0.3100949248703347,49485.53339322854,3.028242100504209
5.10,1,cr3bp_seed,2,0.0204127094854311,0.08863198458574183,1.009722124493899,-0.05141009737570997,0.1127505730664707,-0.06907001834455961,-0.02231578022701894,-0.3180274816065758,48370.45172099448,3.028242100504208
5.10,1,cr3bp_seed,3,0.03061906422814665,0.1329479768786127,1.009012305740323,-0.05161413644494391,0.109463082847402,-0.07002141637922836,-0.01762156205579282,-0.3262229614709977,47226.56106161363,3.028242100504209
5.10,1,cr3bp_seed,4,0.0408254189708622,0.1772639691714837,1.008292840067441,-0.05176882514548006,0.10609049691402,-0.07096035300337367,-0.01264029322556044,-0.3347070865500342,46052.88224747325,3.028242100504209
5.10,1,cr3bp_seed,5,0.05103177371357775,0.2215799614643546,1.007563855753245,-0.05187107325273071,0.1026297234501236,-0.07188662943072804,-0.007339675183823617,-0.3435090546135486,44848.341185556,3.028242100504209
5.10,1,cr3bp_seed,6,0.0612381284562933,0.2658959537572255,1.006825482577073,-0.05191743298271648,0.09907735231744483,-0.07280015647588139,-0.001681748855370687,-0.3526621589841233,43611.75594981774,3.028242100504208
5.10,1,cr3bp_seed,7,0.07144448319900884,0.3102119460500963,1.006077850488961,-0.05190403482883963,0.0954296095170287,-0.07370099834289952,0.004378411976443745,-0.362204546891772,42341.82155358267,3.028242100504209
5.10,1,cr3bp_seed,8,0.0816508379417244,0.3545279383429673,1.00532108775505,-0.05182650821411463,0.0916823030500394,-0.07458943239198104,0.01089438857788484,-0.3721801535151072,41037.09188204529,3.028242100504208
5.10,1,cr3bp_seed,9,0.09185719268443995,0.3988439306358382,1.004555318385124,-0.05167988240972355,0.0878307581474668,-0.07546603133176448,0.01793062331415851,-0.3826398604437903,39695.95812615348,3.028242100504209
5.10,1,cr3bp_seed,10,0.1020635474271555,0.4431599229287091,1.003780658568329,-0.05145846149196035,0.08386973926582075,-0.07633177727103142,0.02556533995592307,-0.3936429427401655,38316.6228783802,3.028242100504208
5.10,1,cr3bp_seed,11,0.112269902169871,0.48747591522158,1.002997211725194,-0.05115566468209724,0.07979335549057827,-0.07718822164864085,0.03389446415797029,-0.4052588894216934,36897.06881499047,3.028242100504208
5.10,1,cr3bp_seed,12,0.1224762569125866,0.5317919075144509,1.002205061607122,-0.05076381983945629,0.07559494499014342,-0.07803771223390088,0.04303696888372773,-0.417569709557453,35435.02058193884,3.028242100504209
5.10,1,cr3bp_seed,13,0.1326826116553022,0.5761078998073219,1.001404262604435,-0.05027389250940998,0.07126693284397556,-0.07888371984590899,0.05314228912737563,-0.4306728717261706,33927.89810363164,3.028242100504209
5.10,1,cr3bp_seed,14,0.1428889663980177,0.6204238921001927,1.000594826003261,-0.04967512468464268,0.06680065484231133,-0.07973131615717197,0.06440080620014027,-0.4446850686619129,32372.75902827138,3.028242100504208
5.10,1,cr3bp_seed,15,0.1530953211407332,0.6647398843930636,0.9997767002613414,-0.04895454446614185,0.06218613764809759,-0.08058788530294578,0.07705899482006827,-0.4597470477237982,30766.22740760144,3.028242100504206
5.10,1,cr3bp_seed,16,0.1633016758834488,0.7090558766859346,0.9989497422783764,-0.04809628683047006,0.05741182304234105,-0.08146420603063999,0.0914418449398449,-0.4760297850593322,29104.4050298375,3.028242100504197
5.10,1,cr3bp_seed,17,0.1735080306261644,0.7533718689788056,0.9981136747991977,-0.04708063071611499,0.05246422117749073,-0.08237613708164364,0.107986981594715,-0.4937422550468329,27382.7612755447,3.028242100504166
5.10,1,cr3bp_seed,18,0.1837143853688799,0.7976878612716765,0.9972680219061459,-0.04588259720284751,0.04732747613095702,-0.08334731491151375,0.1272982543036695,-0.5131408042613199,25595.99754488338,3.028242100504057
5.10,1,cr3bp_seed,19,0.1939207401115954,0.8420038535645473,0.9964120088519648,-0.0444698449490942,0.04198283065032384,-0.0844136096625672,0.1502330350070367,-0.534539238341918,23737.88492816382,3.028242100503646
5.10,1,cr3bp_seed,20,0.204127094854311,0.8863198458574183,0.9955444018523654,-0.04279939482579456,0.0364079980265137,-0.08563075526568674,0.1780505958846084,-0.5583158573260923,21801.08375634286,3.028242100502399
5.10,1,cr3bp_seed,21,0.2143334495970265,0.9306358381502892,0.9946632427875519,-0.04081231115121083,0.03057652456576798,-0.08708796047423352,0.2126771578433716,-0.5849047388649405,19776.98533587114,3.028242100500826
5.10,1,cr3bp_seed,22,0.2245398043397421,0.97495183044316,0.9937653917706933,-0.03842461649406896,0.02445747373106464,-0.08893331152448099,0.2572078027394621,-0.6147298907697749,17655.71404499323,3.028242100506642
5.10,1,cr3bp_seed,23,0.2347461590824576,1.019267822736031,0.9928457018646151,-0.0355108058578547,0.01801658460179378,-0.09142338702023012,0.3169236198978291,-0.6479422416101769,15426.74136470879,3.028242100503947
5.10,1,cr3bp_seed,24,0.2449525138251732,1.063583815028902,0.9918954615463186,-0.03187172435069196,0.01122297536464538,-0.09502299886495477,0.4015127879732395,-0.6834429951457945,13081.64926763559,3.028242100513339
5.10,1,cr3bp_seed,25,0.2551588685678887,1.107899807321773,0.9908993969090197,-0.02716696755661126,0.00407705607246582,-0.1005920850665212,0.5302309378672806,-0.7150317172539722,10624.81117277513,3.028242100507017
5.10,1,cr3bp_seed,26,0.2653652233106043,1.152215799614644,0.9898307346593801,-0.02076622233132484,-0.003271563901055227,-0.1094790815809652,0.7430050200934017,-0.7142397685575387,8116.801932232401,3.02824210050824
5.10,1,cr3bp_seed,27,0.2755715780533198,1.196531791907515,0.9886563142714676,-0.01151095567985804,-0.009987647211632422,-0.1199892084445531,1.093901305253007,-0.5518462087619681,5866.43121691518,3.028242100493006
5.10,1,cr3bp_seed,28,0.2857779327960354,1.240847784200385,0.9874748945796434,0.00130183894557218,-0.0129191951453527,-0.1019417812534567,1.334584144613453,0.04887193774706708,4993.364181181523,3.028242100510797
5.10,1,cr3bp_seed,29,0.2959842875387509,1.285163776493256,0.986724166559429,0.01365034296612959,-0.009402679911325196,-0.04504071770026743,1.037563130076445,0.5544288744577792,6386.230013601413,3.028242100507855
5.10,1,cr3bp_seed,30,0.3061906422814665,1.329479768786127,0.986485374501921,0.02257075828713862,-0.002961690666588032,-0.005523914375598893,0.7334599467725941,0.6715013832309259,8766.269989924484,3.028242100507915
5.10,1,cr3bp_seed,31,0.3163969970241821,1.373795761078998,0.9865544979040779,0.02903580770439495,0.003931164377509094,0.01714450632746204,0.548801082312049,0.6711082181769897,11274.19047335651,3.02824210050133
5.10,1,cr3bp_seed,32,0.3266033517668976,1.418111753371869,0.9868074179088827,0.03400401463359836,0.01065729086925402,0.0314476075647351,0.4329168376726609,0.6453337155081151,13703.93610635916,3.028242100508831
5.10,1,cr3bp_seed,33,0.3368097065096131,1.46242774566474,0.9871816254688632,0.03799791631231093,0.01709213283185571,0.04133514680354867,0.3543100123596846,0.6155996107776602,16018.13107032042,3.028242100506907
5.10,1,cr3bp_seed,34,0.3470160612523287,1.506743737957611,0.9876424276172585,0.04130953409670646,0.02322805986117129,0.04862293760954406,0.2974179102141839,0.5871407634160315,18217.73442357703,3.028242100505711
5.10,1,cr3bp_seed,35,0.3572224159950442,1.551059730250482,0.988168498762537,0.04411495483571223,0.02908568389173454,0.05423665563059866,0.2541379624568416,0.5611251473315771,20312.21418569934,3.028242100507092
5.10,1,cr3bp_seed,36,0.3674287707377598,1.595375722543353,0.9887456391385517,0.04652782092011047,0.03469066116316533,0.05869596077678031,0.2199222683882783,0.5376047136905554,22312.0386798568,3.02824210050643
5.10,1,cr3bp_seed,37,0.3776351254804753,1.639691714836224,0.9893638000331574,0.04862560813615922,0.04006730704966525,0.06231624943954236,0.1920414915488736,0.5163329187258601,24226.75388667929,3.028242100506477
5.10,1,cr3bp_seed,38,0.3878414802231909,1.684007707129095,0.9900155283306095,0.05046350553895479,0.0452370414791726,0.06530121084584245,0.1687640283163427,0.4970097074128957,26064.60861788151,3.028242100506478
5.10,1,cr3bp_seed,39,0.3980478349659065,1.728323699421966,0.9906950881049951,0.05208224825822266,0.05021829324258753,0.06778911858754499,0.1489397884956176,0.4793548552927012,27832.618424953,3.028242100506479
5.10,1,cr3bp_seed,40,0.408254189708622,1.772639691714837,0.991397932366665,0.05351279385774914,0.05502682098372473,0.06987772886168578,0.1317753406499114,0.4631263374804018,29536.73698852631,3.028242100506481
5.10,1,cr3bp_seed,41,0.4184605444513375,1.816955684007707,0.9921203685383064,0.05477924964890075,0.05967611385242633,0.07163850937349953,0.1167056082479412,0.4481209120833451,31182.03376808947,3.028242100506481
5.10,1,cr3bp_seed,42,0.4286668991940531,1.861271676300578,0.992859337321229,0.05590077986555225,0.06417776548504298,0.07312519506762083,0.1033171497692485,0.4341694575479426,32772.84952829594,3.028242100506482
5.10,1,cr3bp_seed,43,0.4388732539367686,1.905587668593449,0.9936122611440817,0.0568928911848748,0.06854179356514754,0.07437915881457129,0.0913004041651759,0.4211313585519804,34312.92493374991,3.028242100506482
5.10,1,cr3bp_seed,44,0.4490796086794842,1.94990366088632,0.9943769370609095,0.05776832488936276,0.07277690377688044,0.07543290902702016,0.08041891773625966,0.4088893388592731,35805.50464161475,3.028242100506483
5.10,1,cr3bp_seed,45,0.4592859634221997,1.994219653179191,0.9951514590383579,0.05853769188609723,0.07689070505469452,0.0763124408731919,0.07048890733942245,0.3973451034113891,37253.42102439606,3.028242100506483
5.10,1,cr3bp_seed,46,0.4694923181649153,2.038535645472062,0.9959341602624302,0.0592099347880005,0.08088988456004302,0.07703886108817706,0.06136532518859962,0.3864157912327784,38659.16154449414,3.028242100506484
5.10,1,cr3bp_seed,47,0.4796986729076309,2.082851637764933,0.9967235694418738,0.05979267075153787,0.08478035014531154,0.0776295383335544,0.05293213315949594,0.3760311301652723,40024.92318527814,3.028242100506483
5.10,1,cr3bp_seed,48,0.4899050276503464,2.127167630057804,0.9975183771239239,0.0602924502611568,0.08856734681187495,0.07809893526855079,0.04509537330079312,0.3661311652805047,41352.65667083823,3.028242100506483
5.10,1,cr3bp_seed,49,0.500111382393062,2.171483622350675,0.9983174093190763,0.0607149554916136,0.09225555240807733,0.07845922196743127,0.03777813866276298,0.3566644445843525,42644.10261791662,3.028242100506483
5.10,1,cr3bp_seed,50,0.5103177371357774,2.215799614643545,0.9991196065588488,0.06106515446584047,0.095849156724039,0.07872073591163357,0.03091686230348277,0.3475865654089791,43900.8212872677,3.028242100506482
5.10,1,cr3bp_seed,51,0.520524091878493,2.260115606936417,0.9999240070580677,0.06134742235771454,0.09935192725563975,0.07889233225794789,0.02445853768750329,0.3388590044031222,45124.21722921624,3.028242100506483
5.10,1,cr3bp_seed,52,0.5307304466212086,2.304431599229288,1.000729733023733,0.06156563802343828,0.1027672642111015,0.07898165427681411,0.018358608266652,0.3304481707074344,46315.55983111928,3.028242100506483
5.10,1,cr3bp_seed,53,0.5409368013639241,2.348747591522158,1.001535979408244,0.06172326161204048,0.1060982467881946,0.07899534479854545,0.01257934520872899,0.3223246353286498,47476.0005543607,3.028242100506483
5.10,1,cr3bp_seed,54,0.5511431561066397,2.393063583815029,1.002342004584513,0.06182339755136951,0.109347672326443,0.07893921344331513,0.007088586187247847,0.3144625002391376,48606.58747981505,3.028242100506483
5.10,1,cr3bp_seed,55,0.5613495108493552,2.4373795761079,1.003147122548872,0.06186884610695883,0.112518089609704,0.07881837027724778,0.001858744647467832,0.3068388788516824,49708.27765105802,3.028242100506483
5.10,1,cr3bp_seed,56,0.5715558655920707,2.481695568400771,1.003950696350826,0.06186214592253875,0.1156118273384093,0.0786373336703127,-0.003133975927537955,0.2994334657625327,50781.94760451248,3.028242100506483
5.10,1,cr3bp_seed,57,0.5817622203347863,2.526011560693642,1.004752132517159,0.061805609377411,0.118631018590657,0.07840011811250849,-0.007910210691998943,0.2922281784494543,51828.40239804631,3.028242100506483
5.10,1,cr3bp_seed,58,0.5919685750775019,2.570327552986513,1.005550876288881,0.06170135217353615,0.1215776219342748,0.07811030630203013,-0.01248794057651408,0.2852068572983642,52848.38338891532,3.028242100506483
5.10,1,cr3bp_seed,59,0.6021749298202175,2.614643545279384,1.006346407527935,0.06155131825055633,0.1244534397280348,0.07777110877444539,-0.01688290450436548,0.2783550131769169,53842.57496434356,3.028242100506483
5.10,1,cr3bp_seed,60,0.6123812845629329,2.658959537572255,1.00713823717984,0.06135730089009049,0.1272601340518833,0.07738541357618944,-0.02110893682909365,0.2716596139777285,54811.61039043059,3.028242100506483
5.10,1,cr3bp_seed,61,0.6225876393056485,2.703275529865126,1.007925904200932,0.0611209606905075,0.1299992406276244,0.07695582791799414,-0.02517824538709125,0.2651089032701303,55756.07691519264,3.028242100506483
5.10,1,cr3bp_seed,62,0.6327939940483641,2.747591522157997,1.008708972876394,0.0608438409551332,0.132672181028599,0.0764847133185084,-0.02910164203436976,0.2586922455423369,56676.52023765631,3.028242100506483
5.10,1,cr3bp_seed,63,0.6430003487910796,2.791907514450867,1.009487030468908,0.06052738092981975,0.1352802734261878,0.07597421542647381,-0.03288873489583218,0.2523999935723749,57573.44843571758,3.028242100506483
5.10,1,cr3bp_seed,64,0.6532067035337952,2.836223506743738,1.010259685148637,0.06017292724227467,0.1378247420798549,0.07542628946396322,-0.03654808955856618,0.2462233743015757,58447.33542995253,3.028242100506483
5.10,1,cr3bp_seed,65,0.6634130582765108,2.88053949903661,1.011026564163801,0.05978174382985645,0.1403067257439562,0.07484272204376512,-0.04008736491779714,0.2401543902486057,59298.62404794454,3.028242100506483
5.10,1,cr3bp_seed,66,0.6736194130192262,2.92485549132948,1.011787312218067,0.05935502059051097,0.1427272851371167,0.07422514996686073,-0.04351342821330625,0.2341857340327246,60127.72874338293,3.028242100506483
5.10,1,cr3bp_seed,67,0.6838257677619418,2.969171483622351,1.012541590026501,0.05889388095003228,0.1450874095974157,0.07357507649076209,-0.04683245288706853,0.2283107140012147,60935.03801572158,3.028242100506483
5.10,1,cr3bp_seed,68,0.6940321225046574,3.013487475915222,1.013289073026392,0.05839938850553221,0.1473880230279737,0.0728938854686738,-0.0500500021851083,0.2225231892999436,61720.91656920082,3.028242100506483
5.10,1,cr3bp_seed,69,0.7042384772473729,3.057803468208093,1.014029450222944,0.05787255287812096,0.1496299892220559,0.07218285368734452,-0.05317110087055917,0.2168175130050131,62485.70724424897,3.028242100506483
5.10,1,cr3bp_seed,70,0.7144448319900885,3.102119460500964,1.014762423152866,0.05731433488597191,0.1518141166438987,0.07144316167387731,-0.05620029697529313,0.2111884821607539,63229.73274945983,3.028242100506483
5.10,1,cr3bp_seed,71,0.724651186732804,3.146435452793835,1.015487704951416,0.05672565113112465,0.1539411627306609,0.07067590319545487,-0.05914171516776887,0.2056312937553466,63953.29721831549,3.028242100506483
5.10,1,cr3bp_seed,72,0.7348575414755196,3.190751445086706,1.016205019510543,0.05610737807875816,0.1560118377718204,0.06988209363849385,-0.06199910303493758,0.2001415058182468,64656.68761144241,3.028242100506483
5.10,1,cr3bp_seed,73,0.7450638962182351,3.235067437379576,1.016914100717505,0.05546035569561004,0.1580268084146757,0.06906267742329306,-0.06477587135092629,0.194715002949792,65340.17498234042,3.028242100506483
5.10,1,cr3bp_seed,74,0.7552702509609507,3.279383429672448,1.017614691764805,0.05478539070423048,0.1599867008381195,0.06821853458535571,-0.06747512922315708,0.1893479656979465,66004.01562211529,3.028242100506482
5.10,1,cr3bp_seed,75,0.7654766057036663,3.323699421965319,1.018306544523532,0.0540832595014504,0.1618921036313433,0.06735048663412134,-0.07009971485857874,0.1840368432841454,66648.45209669959,3.028242100506483
5.10,1,cr3bp_seed,76,0.7756829604463817,3.368015414258189,1.018989418973207,0.05335471078250016,0.1637435704094269,0.06645930178297027,-0.07265222257183616,0.1787783292528474,67273.71418830655,3.028242100506483
5.10,1,cr3bp_seed,77,0.7858893151890973,3.41233140655106,1.019663082682153,0.05260046790639149,0.1655416221937444,0.06554569963037167,-0.07513502655805418,0.1735693396802931,67880.01975137208,3.028242100506483
5.10,1,cr3bp_seed,78,0.7960956699318129,3.456647398843931,1.02032731033313,0.05182123103327067,0.1672867495816707,0.06461035536039623,-0.07755030187121699,0.1684069936291702,68467.57549196432,3.028242100506483
5.10,1,cr3bp_seed,79,0.8063020246745284,3.500963391136802,1.020981883289646,0.05101767906030587,0.1689794147270963,0.06365390352107078,-0.07990004298152878,0.1632885955790875,69036.57767854402,3.028242100506483
5.10,1,cr3bp_seed,80,0.816508379417244,3.545279383429673,1.02162658919889,0.05019047137915607,0.1706200531506984,0.06267694143087278,-0.08218608022898533,0.1582116195993406,69587.2127910116,3.028242100506483
5.10,1,cr3bp_seed,81,0.8267147341599596,3.589595375722544,1.022261221627725,0.04934024947507736,0.1722090753966904,0.06168003225676918,-0.08441009444355843,0.1531736950615038,70119.6581141588,3.028242100506483
5.10,1,cr3bp_seed,82,0.836921088902675,3.633911368015414,1.022885579728583,0.04846763838516847,0.1737468685508494,0.06066370780137322,-0.0865736299632008,0.1481725937158382,70634.08228093335,3.028242100506483
5.10,1,cr3bp_seed,83,0.8471274436453906,3.678227360308286,1.023499467932461,0.04757324803107023,0.1752337976329401,0.05962847103184317,-0.08867810624795509,0.1432062179780981,71130.64577030753,3.028242100506484
5.10,1,cr3bp_seed,84,0.8573337983881062,3.722543352601157,1.024102695666531,0.04665767443955595,0.1766702068751874,0.05857479837893237,-0.09072482826070365,0.1382725902926759,71609.50136400273,3.028242100506482
5.10,1,cr3bp_seed,85,0.8675401531308217,3.766859344894027,1.024695077094154,0.0457215008628318,0.1780564208971736,0.05750314183099785,-0.09271499576163111,0.13336984345464,72070.79456585264,3.028242100506483
5.10,1,cr3bp_seed,86,0.8777465078735373,3.811175337186898,1.025276430875307,0.04476529880896963,0.1793927457864079,0.05641393084468783,-0.09464971164356777,0.1284962117875413,72514.66398717492,3.028242100506483
5.10,1,cr3bp_seed,87,0.8879528626162528,3.855491329479769,1.025846579945665,0.04378962899168568,0.18067947009283,0.05530757409137506,-0.09652998941844358,0.1236500230862106,72941.24170115897,3.028242100506483
5.10,1,cr3bp_seed,88,0.8981592173589683,3.89980732177264,1.026405351312733,0.04279504220762905,0.1819168657446373,0.05418446105611439,-0.09835675995062942,0.1188296912444663,73350.65356895921,3.028242100506483
5.10,1,cr3bp_seed,89,0.9083655721016839,3.944123314065511,1.026952575867619,0.04178208014843105,0.1831051888920595,0.05304496350392481,-0.1001308775205686,0.1140337094969141,73743.01953990155,3.028242100506483
5.10,1,cr3bp_seed,90,0.9185719268443995,3.988439306358382,1.02748808821114,0.04075127615397108,0.1842446806850199,0.05188943682648204,-0.1018531252914824,0.1092606442120873,74118.45392796202,3.028242100506483
5.10,1,cr3bp_seed,91,0.928778281587115,4.032755298651253,1.028011726493122,0.03970315591261937,0.1853355679900205,0.05071822128081554,-0.103524220242794,0.1045091291811838,74477.06566645682,3.028242100506483
5.10,1,cr3bp_seed,92,0.9389846363298305,4.077071290944124,1.028523332263831,0.03863823811360869,0.1863780640510533,0.04953164313030717,-0.105144817626025,0.09977786035278695,74818.95854268616,3.028242100506483
5.10,1,cr3bp_seed,93,0.9491909910725461,4.121387283236995,1.029022750336594,0.03755703505615383,0.1873723690988557,0.04833001569715202,-0.1067155149920942,0.09506559096930671,75144.23141410068,3.028242100506483
5.10,1,cr3bp_seed,94,0.9593973458152617,4.165703275529866,1.029509828660738,0.036460053219469,0.1883186709124086,0.04711364033445001,-0.108236855833025,0.09037112706556831,75452.97840740401,3.028242100506483
5.10,1,cr3bp_seed,95,0.9696037005579772,4.210019267822736,1.029984418204079,0.03534779379742155,0.1892171453361862,0.04588280732522461,-0.109709332875916,0.08569332329408756,75745.28910186527,3.028242100506483
5.10,1,cr3bp_seed,96,0.9798100553006928,4.254335260115607,1.030446372844241,0.03422075320119695,0.1900679567563273,0.04463779671489799,-0.1111333910625364,0.08103107904518543,76021.24869799174,3.028242100506483
5.10,1,cr3bp_seed,97,0.9900164100434083,4.298651252408479,1.03089554926815,0.03307942353303087,0.1908712585385889,0.04337887908307617,-0.1125094302439783,0.07638333483327439,76280.93817259936,3.028242100506483
5.10,1,cr3bp_seed,98,1.000222764786124,4.34296724470135,1.031331806879129,0.0319242930337807,0.1916271934306643,0.04210631625990101,-0.1138378076163509,0.07174906892344604,76524.43442121861,3.028242100506483
5.10,1,cr3bp_seed,99,1.01042911952884,4.387283236994221,1.031755007711032,0.03075584650686037,0.1923358939311963,0.04082036199169625,-0.1151188399204756,0.06712729417495983,76751.81038868305,3.028242100506483
5.10,1,cr3bp_seed,100,1.020635474271555,4.431599229287091,1.032165016348936,0.02957456572084125,0.1929974826275901,0.03952126256016716,-0.1163528054258644,0.06251705508040854,76963.13518866427,3.028242100506483
5.10,1,cr3bp_seed,101,1.03084182901427,4.475915221579962,1.032561699855935,0.02838092979282746,0.1936120725045224,0.03820925735899541,-0.1175399457169054,0.05791742498125774,77158.47421284481,3.028242100506483
5.10,1,cr3bp_seed,102,1.041048183756986,4.520231213872833,1.032944927705608,0.02717541555454229,0.1941797672248556,0.03688457943130039,-0.1186804672970777,0.05332750344215505,77337.88923035111,3.028242100506483
5.10,1,cr3bp_seed,103,1.051254538499702,4.564547206165704,1.033314571719795,0.02595849790290965,0.1947006613844954,0.03554745597110567,-0.1197745430251559,0.04874641376789876,77501.43847800852,3.028242100506483
5.10,1,cr3bp_seed,104,1.061460893242417,4.608863198458575,1.033670506011314,0.02473065013678174,0.1951748407425688,0.03419810879165426,-0.120822313395689,0.04417330064827988,77649.17674192313,3.028242100506483
5.10,1,cr3bp_seed,105,1.071667247985133,4.653179190751446,1.034012606931304,0.02349234428134587,0.1956023824281602,0.03283675476314921,-0.1218238876745461,0.03960732791717307,77781.15543084418,3.028242100506483
5.10,1,cr3bp_seed,106,1.081873602727848,4.697495183044317,1.034340753020883,0.02224405140164043,0.1959833551247037,0.03146360622225833,-0.1227793448989681,0.03504767641327621,77897.42264171323,3.028242100506483
5.10,1,cr3bp_seed,107,1.092079957470564,4.741811175337188,1.034654824966862,0.02098624190651999,0.1963178192330113,0.0300788713555065,-0.1236887347503401,0.03049354193079475,77998.02321776263,3.028242100506483
5.10,1,cr3bp_seed,108,1.102286312213279,4.786127167630059,1.034954705561232,0.01971938584433154,0.196605827013796,0.02868275455848515,-0.1245520783067864,0.02594413324915291,78082.99879948462,3.028242100506483
5.10,1,cr3bp_seed,109,1.112492666955995,4.83044315992293,1.035240279664216,0.0184439531914964,0.1968474227104457,0.0272754567726323,-0.1253693686816665,0.02139867023149177,78152.38786875595,3.028242100506483
5.10,1,cr3bp_seed,110,1.12269902169871,4.874759152215801,1.03551143417064,0.01716041413513549,0.1970426426526996,0.02585717580117868,-0.1261405715531053,0.0168563819823049,78206.22578636569,3.028242100506483
5.10,1,cr3bp_seed,111,1.132905376441426,4.919075144508672,1.035768057979435,0.01586923935082768,0.1971915153417826,0.02442810660570839,-0.1268656255888164,0.01231650505506209,78244.54482316243,3.028242100506483
5.10,1,cr3bp_seed,112,1.143111731184141,4.963391136801541,1.03601004196607,0.01457090027655164,0.1972940615174652,0.02298844158465268,-0.1275444427696476,0.007778281701094847,78267.37418500465,3.028242100506483
5.10,1,cr3bp_seed,113,1.153318085926857,5.007707129094412,1.036237278957739,0.01326586938383054,0.1973502942074243,0.02153837083490982,-0.1281769086145049,0.00324095815136528,78274.74003166845,3.028242100506483
5.10,1,cr3bp_seed,114,1.163524440669573,5.052023121387283,1.036449663711138,0.01195462044707635,0.1973602187592013,0.02007808239767814,-0.1287628823085571,-0.00129621707697817,78266.66548983814,3.028242100506482
5.10,1,cr3bp_seed,115,1.173730795412288,5.096339113680155,1.036647092892679,0.01063762881211343,0.1973238328549693,0.01860776248947884,-0.1293021967359099,-0.005833994857145203,78243.17066027806,3.028242100506483
5.10,1,cr3bp_seed,116,1.183937150155004,5.140655105973026,1.03682946506098,0.009315371664854093,0.1972411265092412,0.01712759571925447,-0.1297946584172267,-0.01037312712007936,78204.27261925695,3.028242100506483
5.10,1,cr3bp_seed,117,1.194143504897719,5.184971098265897,1.036996680651515,0.007988328301096446,0.1971120820495755,0.01563776529233538,-0.1302400473520814,-0.01491436852030994,78149.98541426989,3.028242100506483
5.10,1,cr3bp_seed,118,1.204349859640435,5.229287090558768,1.037148641963271,0.006656980398420959,0.1969366740802543,0.01413845320198252,-0.1306381167651285,-0.01945847810789192,78080.32005407805,3.028242100506483
5.10,1,cr3bp_seed,119,1.21455621438315,5.273603082851638,1.037285253147308,0.005321812291175217,0.1967148694288338,0.01262984040913295,-0.1309885927544729,-0.02400622101407619,77995.28449305994,3.028242100506483
5.10,1,cr3bp_seed,120,1.224762569125866,5.317919075144509,1.037406420197092,0.003983311249556085,0.1964466270753872,0.01111210701089748,-0.131291173839898,-0.02855837015843987,77894.88360984325,3.028242100506484
5.10,1,cr3bp_seed,121,1.234968923868581,5.36223506743738,1.037512050940487,0.002641967763826955,0.1961318980641812,0.009585432398284391,-0.1315455304078657,-0.03311570798535257,77779.11918016034,3.028242100506483
5.10,1,cr3bp_seed,122,1.245175278611297,5.406551059730251,1.037602055033318,0.001298275834742146,0.1957706253974454,0.008049995403547301,-0.1317513040494206,-0.03767902823786936,77647.98984384431,3.028242100506483
5.10,1,cr3bp_seed,123,1.255381633354013,5.450867052023122,1.037676343954367,-4.726672870487923e-05,0.1953627439108103,0.006505974437484322,-0.1319081067863064,-0.04224913777741007,77501.49106585645,3.028242100506483
5.10,1,cr3bp_seed,124,1.265587988096728,5.495183044315993,1.037734831001739,-0.001394158003041008,0.1949081801299025,0.004953547616939888,-0.1320155201797264,-0.04682685845792994,77339.61509120786,3.028242100506484
5.10,1,cr3bp_seed,125,1.275794342839444,5.539499036608864,1.037777431290466,-0.00274189163435049,0.1944068521074952,0.003392892882686322,-0.132073094315236,-0.05141302906369814,77162.35089361003,3.028242100506483
5.10,1,cr3bp_seed,126,1.286000697582159,5.583815028901735,1.037804061751274,-0.004089956511287855,0.1938586692405148,0.00182418810778451,-0.1320803466562375,-0.05600850732029118,76969.68411765933,3.028242100506483
5.10,1,cr3bp_seed,127,1.296207052324875,5.628131021194606,1.037814641130404,-0.005437836425682111,0.1932635320661073,0.0002476111964425037,-0.1320367607574374,-0.0606141719889778,76761.59701432899,3.028242100506483
5.10,1,cr3bp_seed,128,1.30641340706759,5.672447013487477,1.037809089990392,-0.006785009719254326,0.1926213320358561,-0.001336659826695212,-0.1319417848284108,-0.06523092505533683,76538.06836950948,3.028242100506483
5.10,1,cr3bp_seed,129,1.316619761810306,5.716763005780348,1.037787330711713,-0.008130948914862381,0.191931951267133,-0.002928446736985442,-0.1317948301360802,-0.06985969402370383,76299.07342530329,3.028242100506483
5.10,1,cr3bp_seed,130,1.326826116553022,5.761078998073219,1.03774928749519,-0.009475120330565589,0.1911952622704381,-0.004527571040208457,-0.1315952692334343,-0.07450143432991078,76044.58379374196,3.028242100506483
5.10,1,cr3bp_seed,131,1.337032471295737,5.80539499036609,1.03769488636505,-0.01081698367466412,0.190411127651454,-0.00613385391333853,-0.1313424340001685,-0.07915713188576586,75774.56736255437,3.028242100506483
5.10,1,cr3bp_seed,132,1.347238826038452,5.84971098265896,1.037624055172543,-0.01215599161971284,0.1895793997863968,-0.007747116156147175,-0.1310356134790936,-0.08382780576983585,75488.98819257107,3.028242100506483
5.10,1,cr3bp_seed,133,1.357445180781168,5.894026974951831,1.037536723599983,-0.01349158935333419,0.1886999204690907,-0.009367178154253746,-0.1306740514901035,-0.08851451108035505,75187.80640630306,3.028242100506483
5.10,1,cr3bp_seed,134,1.367651535523884,5.938342967244703,1.037432823165121,-0.0148232141034567,0.1877725205280239,-0.0109938598543864,-0.130256944001189,-0.09321834196750728,74870.97806718394,3.028242100506483
5.10,1,cr3bp_seed,135,1.377857890266599,5.982658959537574,1.037312287225687,-0.01615029463538456,0.1867970194114623,-0.01262698075278284,-0.1297834362333828,-0.09794043486393825,74538.45504890692,3.028242100506483
5.10,1,cr3bp_seed,136,1.388064245009315,6.026974951830445,1.037175050983992,-0.01747225071785179,0.1857732247384922,-0.01426635989784733,-0.1292526194735874,-0.102681971934165,74190.18489423094,3.028242100506483
5.10,1,cr3bp_seed,137,1.39827059975203,6.071290944123316,1.037021051491418,-0.01878849255493297,0.1847009318136441,-0.0159118159083961,-0.128663527565911,-0.1074441847655973,73826.11066256205,3.028242100506483
5.10,1,cr3bp_seed,138,1.408476954494746,6.115606936416185,1.036850227652636,-0.02009842018036337,0.183579923102507,-0.01756316700906642,-0.1280151330483605,-0.1122283583261906,73446.17076554529,3.028242100506484
5.10,1,cr3bp_seed,139,1.418683309237461,6.159922928709056,1.036662520229371,-0.02140142281046186,0.1824099676654719,-0.01922023108474704,-0.1273063428974396,-0.1170358352163593,73050.29878982254,3.028242100506483
5.10,1,cr3bp_seed,140,1.428889663980177,6.204238921001927,1.0364578718435,-0.02269687815144262,0.1811908205464486,-0.02088282575621025,-0.1265359938382941,-0.1218680202457155,72638.42330602428,3.028242100506483
5.10,1,cr3bp_seed,141,1.439096018722893,6.248554913294798,1.036236226979265,-0.02398415165644225,0.179922222113071,-0.02255076847950096,-0.1257028471724276,-0.1267263853685321,72210.46766296664,3.028242100506483
5.10,1,cr3bp_seed,142,1.449302373465608,6.292870905587669,1.035997531984331,-0.02526259572706626,0.1786038973445391,-0.02422387667207098,-0.1248055830685726,-0.1316124750155899,71766.34976591733,3.028242100506483
5.10,1,cr3bp_seed,143,1.459508728208324,6.337186897880541,1.035741735069411,-0.02653154885366713,0.1772355550628444,-0.02590196786915221,-0.123842794254896,-0.1365279118643373,71305.98183767634,3.028242100506484
5.10,1,cr3bp_seed,144,1.469715082951039,6.381502890173412,1.035468786306124,-0.02779033468789239,0.1758168871026685,-0.02758485991444936,-0.1228129790421805,-0.1414744030941321,70829.27016108421,3.028242100506483
5.10,1,cr3bp_seed,145,1.479921437693755,6.425818882466282,1.035178637622705,-0.02903826104027413,0.1743475674147441,-0.02927237118992216,-0.1217145335977638,-0.1464537471788352,70336.11480142364,3.028242100506483
5.10,1,cr3bp_seed,146,1.49012779243647,6.470134874759153,1.034871242797157,-0.03027461879475586,0.1728272510968992,-0.0309643208902319,-0.1205457433785902,-0.1514678412752844,69826.40930701674,3.028242100506483
5.10,1,cr3bp_seed,147,1.500334147179186,6.514450867052024,1.034546557447334,-0.03149868073105051,0.1712555733463763,-0.03266052934837538,-0.119304773618465,-0.1565186892733071,69300.04038613569,3.028242100506484
5.10,1,cr3bp_seed,148,1.510540501921901,6.558766859344895,1.034204539017421,-0.03270970024457716,0.1696321483263034,-0.03436081842014603,-0.1179896587491476,-0.161608410581074,68756.88755813979,3.028242100506483
5.10,1,cr3bp_seed,149,1.520746856664617,6.603082851637766,1.033845146760143,-0.03390690995240461,0.1679565679383968,-0.03606501193638096,-0.1165982906168848,-0.1667392497288983,68196.82277652097,3.028242100506483
5.10,1,cr3bp_seed,150,1.530953211407333,6.647398843930637,1.03346834171397,-0.03508952017211316,0.1662284004930747,-0.03777293623351591,-0.1151284053348595,-0.1719135868852474,67619.71002128089,3.028242100506483
5.10,1,cr3bp_seed,151,1.541159566150048,6.691714836223507,1.03307408667446,-0.03625671725873441,0.1644471892671388,-0.03948442077482532,-0.1135775685872328,-0.1771339493909621,67025.40485777083,3.028242100506483
5.10,1,cr3bp_seed,152,1.551365920892763,6.736030828516379,1.032662346158729,-0.03740766178290302,0.1626124509380349,-0.04119929887693689,-0.1119431591712427,-0.182403024431734,66413.75395879705,3.028242100506483
5.10,1,cr3bp_seed,153,1.561572275635479,6.78034682080925,1.032233086361908,-0.03854148653100285,0.1607236738823924,-0.04291740855884866,-0.1102223505293181,-0.1877236729850782,65784.59458642246,3.028242100506483
5.10,1,cr3bp_seed,154,1.571778630378195,6.824662813102121,1.031786275104214,-0.03965729430535697,0.1587803163250618,-0.04463859353384161,-0.1084120899822709,-0.1930989451967147,65137.7540294751,3.028242100506483
5.10,1,cr3bp_seed,155,1.58198498512091,6.868978805394992,1.031321881767071,-0.04075415549931979,0.156781804323181,-0.0463627043684796,-0.1065090753260003,-0.198532097362854,64473.04899229751,3.028242100506484
5.10,1,cr3bp_seed,156,1.592191339863626,6.913294797687863,1.030839877216433,-0.04183110541839771,0.1547275295678733,-0.04808959983746932,-0.1045097283961318,-0.2040266107198803,63790.28492972952,3.028242100506483
5.10,1,cr3bp_seed,157,1.602397694606341,6.957610789980733,1.030340233711127,-0.04288714131414344,0.1526168469839819,-0.04981914850869207,-0.1024101651355454,-0.2095862122719353,63089.25532270267,3.028242100506483
5.10,1,cr3bp_seed,158,1.612604049349057,7.001926782273604,1.029822924793683,-0.04392121909240962,0.1504490721057214,-0.05155123059943706,-0.1002061616162696,-0.2152148979206142,62369.74088812204,3.028242100506484
5.10,1,cr3bp_seed,159,1.622810404091772,7.046242774566475,1.029287925160621,-0.04493224965145144,0.1482234782032416,-0.05328574015304916,-0.09789311536650896,-0.220916958200261,61631.50871591314,3.028242100506483
5.10,1,cr3bp_seed,160,1.633016758834488,7.090558766859346,1.028735210508642,-0.0459190947981394,0.1459392931317644,-0.05502258759519874,-0.09546600123158799,-0.226697006968161,60874.31132519633,3.028242100506484
5.10,1,cr3bp_seed,161,1.643223113577204,7.134874759152217,1.028164757352499,-0.04688056268193942,0.1435956958711327,-0.05676170274124623,-0.09291932084923611,-0.232560013452471,60097.88563050661,3.028242100506483
5.10,1,cr3bp_seed,162,1.653429468319919,7.179190751445089,1.027576542809505,-0.04781540267603875,0.1411918127191807,-0.05850303834127389,-0.0902470446383949,-0.2385113381234027,59301.95180777822,3.028242100506483
5.10,1,cr3bp_seed,163,1.663635823062635,7.22350674373796,1.026970544344677,-0.04872229962266457,0.1387267130972222,-0.06024657426803447,-0.08744254497832618,-0.2445567729266318,58486.21204843919,3.028242100506483
5.10,1,cr3bp_seed,164,1.67384217780535,7.267822736030829,1.026346739469326,-0.04959986734478705,0.1361994049200225,-0.06199232247626275,-0.08449851898057364,-0.25070258650412,57650.34918838442,3.028242100506483
5.10,1,cr3bp_seed,165,1.684048532548066,7.3121387283237,1.025705105384432,-0.05044664130842321,0.1336088294757377,-0.06374033289073677,-0.08140689891653329,-0.2569555751287808,56794.02519678255,3.028242100506483
5.10,1,cr3bp_seed,166,1.694254887290781,7.356454720616571,1.025045618558379,-0.05126107029790522,0.1309538557532992,-0.06549070041676275,-0.07815874794013658,-0.2633231201983794,55916.87950759115,3.028242100506483
5.10,1,cr3bp_seed,167,1.704461242033497,7.400770712909442,1.024368254226424,-0.05204150693978305,0.1282332741453969,-0.06724357331247227,-0.07474413821506198,-0.2698132532738012,55018.52717426249,3.028242100506483
5.10,1,cr3bp_seed,168,1.714667596776212,7.445086705202313,1.023672985796515,-0.05278619687825341,0.1254457894443506,-0.06899916322022621,-0.07115200788819222,-0.276434729810796,54098.556825378,3.028242100506483
5.10,1,cr3bp_seed,169,1.724873951518928,7.489402697495184,1.022959784142733,-0.05349326636454488,0.1225900130354697,-0.07075775722816308,-0.06736999250491392,-0.2831971129263218,53156.52839580753,3.028242100506483
5.10,1,cr3bp_seed,170,1.735080306261643,7.533718689788055,1.02222861676332,-0.0541607079724555,0.1196644541777055,-0.07251973242739393,-0.06338422538283256,-0.2901108687646025,52191.97060440169,3.028242100506484
5.10,1,cr3bp_seed,171,1.745286661004359,7.578034682080926,1.021479446774973,-0.05478636408950205,0.1166675102441275,-0.07428557355208358,-0.05917910007522946,-0.2971874752877583,51204.37814515051,3.028242100506483
5.10,1,cr3bp_seed,172,1.755493015747075,7.622350674373797,1.02071223170827,-0.05536790775429292,0.1135974557746453,-0.07605589444755463,-0.05473698626467102,-0.3044395466142398,50193.20855415167,3.028242100506483
5.10,1,cr3bp_seed,173,1.76569937048979,7.666666666666668,1.019926922060503,-0.05590282031098107,0.1104524301700321,-0.07783146431772342,-0.05003788809453464,-0.3118809753660936,49157.87870961708,3.028242100506483
5.10,1,cr3bp_seed,174,1.775905725232506,7.710982658959539,1.019123459551172,-0.05638836522455393,0.1072304238293117,-0.0796132399742976,-0.04505903088406251,-0.3195270958597533,48097.76091655427,3.028242100506483
5.10,1,cr3bp_seed,175,1.786112079975221,7.75529865125241,1.018301775011167,-0.05682155723756833,0.103929262501619,-0.08140240566936428,-0.03977435811922466,-0.3273948713728983,47012.17852181694,3.028242100506483
5.10,1,cr3bp_seed,176,1.796318434717937,7.79961464354528,1.017461785818173,-0.05719912583785217,0.1005465895886141,-0.08320042257262945,-0.03415391519894348,-0.335503109115361,45900.40099919976,3.028242100506483
5.10,1,cr3bp_seed,177,1.806524789460652,7.843930635838151,1.0166033927667,-0.05751747173128395,0.09707984609468809,-0.08500909060034417,-0.0281630891204201,-0.3438727068719916,44761.6384386922,3.028242100506484
5.10,1,cr3bp_seed,178,1.816731144203368,7.888246628131022,1.015726476229235,-0.05777261465119806,0.09352624788056503,-0.08683062618000452,-0.02176166335532355,-0.3525269354699752,43595.03536985162,3.028242100506483
5.10,1,cr3bp_seed,179,1.826937498946083,7.932562620423893,1.014830891422658,-0.05796013035410558,0.08988275983390437,-0.08866776073704354,-0.01490263350464583,-0.3614917610703456,42399.66384818319,3.028242100506483
5.10,1,cr3bp_seed,180,1.837143853688799,7.976878612716765,1.013916462537141,-0.05807507400447742,0.08614606653309484,-0.0905238663533405,-0.007530710309641331,-0.3707962104668384,41174.51573830537,3.028242100506483
5.10,1,cr3bp_seed,181,1.847350208431514,8.021194605009635,1.01298297540778,-0.05811188627327345,0.08231253895705731,-0.09240311737290981,0.0004195901707182794,-0.3804727805125577,39918.49414345971,3.028242100506483
5.10,1,cr3bp_seed,182,1.85755656317423,8.065510597302506,1.012030168303822,-0.05806427726923822,0.07837819680205778,-0.09431070001528072,0.009026407577451949,-0.390557888447628,38630.40396603118,3.028242100506483
5.10,1,cr3bp_seed,183,1.867762917916945,8.109826589595377,1.011057720264747,-0.0579250817457854,0.07433866603816305,-0.09625308674852247,0.01838374300843662,-0.4010923514065767,37308.94165265658,3.028242100506484
5.10,1,cr3bp_seed,184,1.877969272659661,8.154142581888248,1.010065236209108,-0.0576860766646736,0.07018913153087727,-0.09823839894857085,0.02860568399631093,-0.4121218673711876,35952.68430528174,3.028242100506483
5.10,1,cr3bp_seed,185,1.888175627402377,8.198458574181119,1.009052227754584,-0.05733774882250409,0.06592428497276157,-0.1002768912645108,0.03983204375110198,-0.4236974401209711,34560.0785700542,3.028242100506483
5.10,1,cr3bp_seed,186,1.898381982145092,8.24277456647399,1.008018088277015,-0.05686899534800081,0.06153826920793161,-0.1023816057139638,0.05223599226359988,-0.4358756357996031,33129.43012711079,3.028242100506481
5.10,1,cr3bp_seed,187,1.908588336887808,8.287090558766861,1.006962060142355,-0.05626673265272945,0.0570246216462979,-0.1045692653073993,0.06603453810894643,-0.4487184566791662,31658.89533686871,3.028242100506479
5.10,1,cr3bp_seed,188,1.918794691630523,8.331406551059732,1.005883191177483,-0.05551537857244181,0.05237622252768444,-0.1068615097198491,0.0815031609906133,-0.462292426057802,30146.4779117804,3.02824210050647
5.10,1,cr3bp_seed,189,1.929001046373239,8.375722543352602,1.004780276164873,-0.05459615585467597,0.04758525960520841,-0.1092866248680354,0.09899660017668895,-0.4766661122660448,28590.03586613997,3.028242100506449
5.10,1,cr3bp_seed,190,1.939207401115954,8.420038535645473,1.003651777243525,-0.05348613930737892,0.0426432319308733,-0.1118819922689312,0.118978951815713,-0.4919046057622452,26987.30839868162,3.02824210050639
5.10,1,cr3bp_seed,191,1.94941375585867,8.464354527938344,1.002495714273046,-0.05215692786733705,0.03754103703645383,-0.1146975924897952,0.142068128614731,-0.5080580333616473,25335.9806757831,3.028242100506223
5.10,1,cr3bp_seed,192,1.959620110601386,8.508670520231215,1.001309512080943,-0.0505727564105824,0.03226922879041905,-0.1178010452525801,0.1691029225399048,-0.5251382405836023,23633.82061063477,3.028242100505742
5.10,1,cr3bp_seed,193,1.969826465344101,8.552986512524086,1.000089785737323,-0.04868775301251459,0.02681862120899844,-0.1212848318293602,0.2012462700564517,-0.5430714571349986,21878.95402532653,3.028242100504298
5.10,1,cr3bp_seed,194,1.980032820086817,8.597302504816957,0.9988320380259211,-0.04644186713841837,0.02118159986400901,-0.125276369232254,0.2401471283095641,-0.5616007189874859,20070.41160503673,3.028242100499778
5.10,1,cr3bp_seed,195,1.990239174829532,8.641618497109828,0.9975302390875227,-0.04375470179315639,0.01535491267098979,-0.1299508455159139,0.2881965414613012,-0.5800793118083786,18209.22575336682,3.02824210048522
5.10,1,cr3bp_seed,196,2.000445529572248,8.685934489402699,0.9961762747002343,-0.0405160469398455,0.009345651584457123,-0.1355427097449671,0.3489264220677576,-0.5970183659266005,16300.68070648335,3.028242100501016
5.10,1,cr3bp_seed,197,2.010651884314963,8.73025048169557,0.9947593573530393,-0.03657146800928505,0.003184367657537396,-0.142335137037939,0.4275758344410842,-0.6090600322485135,14359.07551760626,3.028242100508121
5.10,1,cr3bp_seed,198,2.020858239057679,8.774566473988441,0.9932659605536595,-0.0317019592779435,-0.003045383407132012,-0.1505431137496093,0.5315963576081912,-0.6085957002599429,12418.1284435652,3.028242100512551
5.10,1,cr3bp_seed,199,2.031064593800394,8.818882466281313,0.9916826286644709,-0.02560419735043026,-0.009139905013040368,-0.1597784715896152,0.6695109091760633,-0.5784609811295134,10553.90705995976,3.028242100506679
5.10,1,cr3bp_seed,200,2.04127094854311,8.863198458574182,0.9900099452257549,-0.01791618170180133,-0.01463437171967141,-0.1671775940682162,0.8411783405679887,-0.4832304744926569,8931.178883211958,3.028242100510846
5.10,1,cr3bp_seed,201,2.051477303285826,8.907514450867053,0.9883067417277973,-0.008452108205879591,-0.01861373798597294,-0.1635658914444416,1.004433356983364,-0.2752518971862944,7860.190701910028,3.028242100509183
5.10,1,cr3bp_seed,202,2.061683658028541,8.951830443159924,0.9867522924433283,0.002197718179294224,-0.0199146414411991,-0.1368632028914101,1.055731679318339,0.02649040499225753,7713.200185259934,3.028242100511743
5.10,1,cr3bp_seed,203,2.071890012771257,8.996146435452795,0.9855723372573261,0.01258115226735624,-0.01822132824407244,-0.09324938076244424,0.9607622793350584,0.2880087656750742,8556.568510987672,3.028242100513077
5.10,1,cr3bp_seed,204,2.082096367513972,9.040462427745666,0.9848405797763722,0.02162988447470759,-0.01443186686956995,-0.05149562096493733,0.8111304862147556,0.4369387136980825,10062.0602260947,3.02824210050947
5.10,1,cr3bp_seed,205,2.092302722256687,9.084778420038536,0.9844884600013982,0.02919056953487529,-0.009581378080395168,-0.01909156657118551,0.6748981076996519,0.5036722984808164,11880.31200959966,3.028242100509376
5.10,1,cr3bp_seed,206,2.102509076999403,9.129094412331408,0.9844222591248275,0.03550338546536435,-0.004293186361511127,0.004927159520189807,0.5666820637526625,0.5278222168947617,13809.89954136459,3.028242100509365
5.10,1,cr3bp_seed,207,2.112715431742119,9.173410404624278,0.9845686856725259,0.0408405773332625,0.001125278780259783,0.02294110969001607,0.4826775616674097,0.5317209377272808,15755.62798365483,3.028242100507254
5.10,1,cr3bp_seed,208,2.122921786484834,9.217726396917151,0.9848764981745283,0.04541742406799575,0.006528899175526328,0.03680381420560296,0.4167355669041546,0.5261030222524341,17674.90747711534,3.028242100511273
5.10,1,cr3bp_seed,209,2.13312814122755,9.26204238921002,0.9853100784113055,0.04939174785722053,0.01184970092550124,0.04775052543772497,0.3639131812585839,0.5160636271941992,19549.33233822706,3.028242100508937
5.10,1,cr3bp_seed,210,2.143334495970266,9.306358381502893,0.9858440713091492,0.0528784229963625,0.01705667095452909,0.0565884478748765,0.3206922458553577,0.50407932697306,21371.6687578238,3.028242100508598
5.10,1,cr3bp_seed,211,2.153540850712981,9.350674373795762,0.986459871998666,0.05596220017204837,0.02213697661606267,0.06385419691541805,0.2846245937087753,0.4913853815195028,23139.93625275086,3.028242100508646
5.10,1,cr3bp_seed,212,2.163747205455696,9.394990366088633,0.9871434190131506,0.05870682742866967,0.02708692428637947,0.06991437267167226,0.253994771539771,0.4786070616302613,24854.63781121289,3.028242100508677
5.10,1,cr3bp_seed,213,2.173953560198412,9.439306358381504,0.987883797077057,0.06116122664304836,0.03190744497934842,0.07502671791320681,0.2275806175129094,0.4660591595455902,26517.42066790407,3.028242100508692
5.10,1,cr3bp_seed,214,2.184159914941127,9.483622350674375,0.9886723318111765,0.06336366108815064,0.03660176551855787,0.07937742891944223,0.2044944783264984,0.4538938430783209,28130.41190456682,3.028242100508697
5.10,1,cr3bp_seed,215,2.194366269683843,9.527938342967246,0.989501987097122,0.06534458137160755,0.04117417699643371,0.08310437890241566,0.1840791438619302,0.4421764207749086,29695.8844022652,3.028242100508699
5.10,1,cr3bp_seed,216,2.204572624426559,9.572254335260117,0.9903669529943367,0.06712860289943179,0.04562937392978967,0.08631194172193971,0.1658391146992302,0.4309254381514664,31216.08971700383,3.0282421005087
5.10,1,cr3bp_seed,217,2.214778979169274,9.616570327552989,0.9912623567634631,0.06873590588604878,0.04997209915969512,0.08908070242416748,0.1493945152713966,0.4201344593172668,32693.17735223661,3.0282421005087
5.10,1,cr3bp_seed,218,2.22498533391199,9.66088631984586,0.992184055483569,0.07018324500008255,0.05420695640214732,0.09147397869316909,0.1344496416093112,0.4097841323686736,34129.15941435267,3.0282421005087
5.10,1,cr3bp_seed,219,2.235191688654705,9.705202312138729,0.99312848407389,0.07148469033317728,0.05833831623454515,0.093542303526038,0.1207711052705526,0.3998489540154998,35525.89918052484,3.0282421005087
5.10,1,cr3bp_seed,220,2.245398043397421,9.749518304431602,0.994092541789769,0.07265218010600617,0.06237027458812213,0.0953265731460062,0.1081723767355366,0.3903010745597831,36885.11209739075,3.028242100508699
5.10,1,cr3bp_seed,221,2.255604398140136,9.793834296724471,0.9950735059913121,0.07369593917477693,0.06630664069395417,0.0968603013141347,0.09650267124161765,0.381112419843229,38208.37298113819,3.0282421005087
5.10,1,cr3bp_seed,222,2.265810752882852,9.838150289017344,0.996068965611436,0.07462480031904115,0.0701509412889649,0.09817126284775565,0.08563883180392363,0.3722558433924226,39497.12601696943,3.0282421005087
5.10,1,cr3bp_seed,223,2.276017107625568,9.882466281310213,0.997076769099405,0.07544645403292218,0.0739064334494908,0.09928271157731151,0.07547931484363611,0.363705715508555,40752.69570692231,3.0282421005087
5.10,1,cr3bp_seed,224,2.286223462368283,9.926782273603083,0.9980949831693803,0.07616764499693074,0.07757612161685785,0.1002142965222451,0.06593967366717365,0.355438185221907,41976.29777763104,3.028242100508699
5.10,1,cr3bp_seed,225,2.296429817110999,9.971098265895955,0.999121859730795,0.07679432826871183,0.08116277624543695,0.1009827605590468,0.05694912444074723,0.3474312537696067,43169.04954323485,3.028242100508699
5.10,1,cr3bp_seed,226,2.306636171853714,10.01541425818882,1.000155809096263,0.07733179467638691,0.08466895260540856,0.1016024799574915,0.04844790506288457,0.3396647418507163,44331.97949011471,3.028242100508699
5.10,1,cr3bp_seed,227,2.31684252659643,10.0597302504817,1.00119537806453,0.07778477240294024,0.08809700892774734,0.1020858858753068,0.0403852221325238,0.3321201996886668,45466.03600128954,3.028242100508699
5.10,1,cr3bp_seed,228,2.327048881339145,10.10404624277457,1.002239231831695,0.0781575099742231,0.09144912346962257,0.1024437971670469,0.03271763923162127,0.3247807891091506,46572.09522062616,3.0282421005087
5.10,1,cr3bp_seed,229,2.337255236081861,10.14836223506744,1.00328613893977,0.0784538445827495,0.09472731031049325,0.102685685770658,0.0254078000000273,0.317631154897961,47650.96809982143,3.0282421005087
5.10,1,cr3bp_seed,230,2.347461590824576,10.19267822736031,1.004334958658045,0.07867725874500131,0.097933433825348,0.1028198902721937,0.01842340778498081,0.3106572954579653,48703.4066912741,3.028242100508699
5.10,1,cr3bp_seed,231,2.357667945567292,10.23699421965318,1.005384630330363,0.07883092760017631,0.1010692218594541,0.1028537892315725,0.01173640379623313,0.3038464383753154,49730.10975730298,3.0282421005087
5.10,1,cr3bp_seed,232,2.367874300310008,10.28131021194605,1.006434164324038,0.07891775864366579,0.1041362776714199,0.1027939429654229,0.00532230020948906,0.2971869238253223,50731.72776640845,3.028242100508699
5.10,1,cr3bp_seed,233,2.378080655052723,10.32562620423892,1.007482634293675,0.07894042530071331,0.1071360907323361,0.1026462103838124,-0.0008403647716925073,0.2906680971312762,51708.86734377823,3.0282421005087
5.10,1,cr3bp_seed,234,2.388287009795439,10.36994219653179,1.008529170532191,0.07890139545067054,0.1100700464768273,0.1024158459339751,-0.006770475109874875,0.2842802108285347,52662.09523795017,3.0282421005087
5.10,1,cr3bp_seed,235,2.398493364538154,10.41425818882466,1.009572954226778,0.07880295578583746,0.1129394351023392,0.1021075805570615,-0.01248470782052146,0.2780143360313178,53591.94185958607,3.0282421005087
5.10,1,cr3bp_seed,236,2.40869971928087,10.45857418111754,1.010613212472805,0.07864723271364538,0.1157454595092055,0.1017256897031282,-0.01799784165601494,0.2718622825956257,54498.9044423115,3.028242100508699
5.10,1,cr3bp_seed,237,2.418906074023585,10.50289017341041,1.01164921392628,0.07843621037426993,0.1184892424679998,0.1012740507976047,-0.0233230154139923,0.265816527421751,55383.44986986573,3.0282421005087
5.10,1,cr3bp_seed,238,2.429112428766301,10.54720616570328,1.012680264997228,0.07817174623837278,0.1211718330936308,0.1007561920543524,-0.02847194519745241,0.2598701501832073,56246.01720855239,3.0282421005087
5.10,1,cr3bp_seed,239,2.439318783509016,10.59152215799615,1.013705706503693,0.07785558466469948,0.1237942126983129,0.100175334146721,-0.03345510803273093,0.2540167757675387,57087.01997924179,3.0282421005087
5.10,1,cr3bp_seed,240,2.449525138251732,10.63583815028902,1.014724910719862,0.07748936872958267,0.126357300088391,0.09953442595012128,-0.03828189776368381,0.2482505227444821,57906.84819895906,3.028242100508699
5.10,1,cr3bp_seed,241,2.459731492994448,10.68015414258189,1.015737278762992,0.07707465058615713,0.1288619563632365,0.09883617533668657,-0.04296075798033529,0.2425659572234943,58705.87021837362,3.0282421005087
5.10,1,cr3bp_seed,242,2.469937847737163,10.72447013487476,1.016742238272848,0.07661290056736043,0.131308989268191,0.09808307581915102,-0.0474992958296475,0.236958051516582,59484.43437824128,3.028242100508699
5.10,1,cr3bp_seed,243,2.480144202479879,10.76878612716763,1.017739241344721,0.07610551521133517,0.1336991571478623,0.09727742969566416,-0.05190437983681868,0.2314221470781069,60242.87050500246,3.028242100508699
5.10,1,cr3bp_seed,244,2.490350557222594,10.8131021194605,1.018727762683128,0.07555382435894618,0.1360331725409563,0.09642136823127605,-0.05618222429395935,0.2259539212476123,60981.4912632521,3.028242100508699
5.10,1,cr3bp_seed,245,2.500556911965309,10.85741811175337,1.019707297948297,0.07495909744944648,0.138311705453266,0.09551686931876298,-0.0603384623162506,0.2205493573728731,61700.59338063634,3.028242100508699
5.10,1,cr3bp_seed,246,2.510763266708025,10.90173410404624,1.020677362271621,0.07432254912083204,0.1405353863413573,0.0945657729863664,-0.06437820929866933,0.2152047179374989,62400.45875884531,3.028242100508699
5.10,1,cr3bp_seed,247,2.520969621450741,10.94605009633912,1.021637488919738,0.07364534420530285,0.1427048088358862,0.09356979505909054,-0.0683061182099433,0.2099165203601359,63081.35548273454,3.028242100508699
5.10,1,cr3bp_seed,248,2.531175976193456,10.99036608863199,1.022587228089723,0.07292860219685388,0.1448205322302794,0.09253053923052268,-0.07212642791979423,0.2046815151706679,63743.53873817994,3.028242100508699
5.10,1,cr3bp_seed,249,2.541382330936172,11.03468208092486,1.023526145820322,0.07217340125684873,0.1468830837576832,0.0914495077614244,-0.07584300555930081,0.1994966663029952,64387.25164802756,3.0282421005087
5.10,1,cr3bp_seed,250,2.551588685678887,11.07899807321773,1.024453823006155,0.07138078181406941,0.1488929606765838,0.09032811098782376,-0.07945938375347497,0.1943591332742627,65012.72603441507,3.028242100508699
5.10,1,cr3bp_seed,251,2.561795040421603,11.1233140655106,1.025369854503556,0.07055174980786987,0.1508506321832944,0.08916767579361472,-0.0829787934328763,0.1892662550471866,65620.18311479405,3.0282421005087
5.10,1,cr3bp_seed,252,2.572001395164318,11.16763005780347,1.026273848318178,0.06968727961642125,0.1527565411675501,0.08796945317964831,-0.08640419282182427,0.1842155353957172,66209.8341381537,3.0282421005087
5.10,1,cr3bp_seed,253,2.582207749907034,11.21194605009634,1.027165424865723,0.06878831670641436,0.1546111058257287,0.08673462504209489,-0.08973829311012765,0.1792046296150345,66781.88096722134,3.0282421005087
5.10,1,cr3bp_seed,254,2.59241410464975,11.25626204238921,1.028044216298237,0.06785578003580907,0.1564147211446819,0.08546431025678364,-0.09298358123977418,0.1742313324351376,67336.51661177679,3.028242100508699
5.10,1,cr3bp_seed,255,2.602620459392465,11.30057803468208,1.028909865889323,0.06689056423714647,0.1581677602678153,0.08415957015271096,-0.0961423401749581,0.1692935670133147,67873.92571766091,3.028242100508699
5.10,1,cr3bp_seed,256,2.612826814135181,11.34489402697495,1.029762027472407,0.0658935416054599,0.1598705757538499,0.0828214134465154,-0.09921666697091583,0.1643893748948912,68394.28501556371,3.0282421005087
5.10,1,cr3bp_seed,257,2.623033168877896,11.38921001926782,1.030600364926891,0.06486556391183215,0.1615235007376401,0.08145080070006717,-0.1022084889125333,0.1595169068440294,68897.76373324587,3.0282421005087
5.10,1,cr3bp_seed,258,2.633239523620612,11.4335260115607,1.031424551707594,0.06380746406108019,0.1631268500014704,0.08004864835513185,-0.1051195779560967,0.1546744144572605,69384.52397446273,3.0282421005087
5.10,1,cr3bp_seed,259,2.643445878363327,11.47784200385357,1.032234270413418,0.06272005760983244,0.1646809209644172,0.07861583239208533,-0.1079515636757307,0.1498602424820085,69854.72106752241,3.0282421005087
5.10,1,cr3bp_seed,260,2.653652233106043,11.52215799614644,1.033029212391621,0.06160414415934805,0.1661859945966117,0.07715319165369172,-0.1107059448890243,0.1450728217708072,70308.50388610887,3.0282421005087
5.10,1,cr3bp_seed,261,2.663858587848758,11.56647398843931,1.033809077374445,0.06046050863576884,0.167642336264567,0.07566153086984551,-0.1133841001132985,0.1403106628093612,70746.0151447348,3.0282421005087
5.10,1,cr3bp_seed,262,2.674064942591474,11.61078998073218,1.034573573145242,0.0592899224690499,0.169050196513143,0.07414162341477917,-0.1159872969842856,0.1355723497631517,71167.39167095307,3.028242100508699
5.10,1,cr3bp_seed,263,2.68427129733419,11.65510597302505,1.03532241523148,0.05809314468056019,0.1704098117891807,0.07259421382445248,-0.1185167007521127,0.130856534993101,71572.7646562439,3.028242100508699
5.10,1,cr3bp_seed,264,2.694477652076905,11.69942196531792,1.036055326622335,0.05687092288824562,0.171721405111366,0.07102002009856011,-0.1209733819549917,0.126161933995918,71962.25988730848,3.0282421005087
5.10,1,cr3bp_seed,265,2.704684006819621,11.74373795761079,1.036772037508767,0.05562399423728986,0.1729851866904475,0.06941973580876031,-0.1233583233585267,0.1214873207292942,72335.99795933088,3.0282421005087
5.10,1,cr3bp_seed,266,2.714890361562336,11.78805394990366,1.037472285044203,0.05435308626336562,0.1742013545035522,0.06779403203225827,-0.1256724262377676,0.1168315232861316,72694.09447262077,3.0282421005087
5.10,1,cr3bp_seed,267,2.725096716305052,11.83236994219653,1.038155813124148,0.05305891769483062,0.1753700948259938,0.0661435591277317,-0.1279165160698049,0.1121934198855424,73036.66021391537,3.0282421005087
5.10,1,cr3bp_seed,268,2.735303071047767,11.87668593448941,1.038822372183167,0.05174219919957497,0.1764915827236546,0.06446894836871425,-0.1300913476965902,0.1075719351515336,73363.80132349729,3.0282421005087
5.10,1,cr3bp_seed,269,2.745509425790483,11.92100192678227,1.039471719007884,0.05040363408165096,0.1775659825087423,0.06277081344790972,-0.1321976100106255,0.1029660366530848,73675.61944917806,3.0282421005087
5.10,1,cr3bp_seed,270,2.755715780533198,11.96531791907515,1.040103616564716,0.04904391893231451,0.1785934481614644,0.06104975186447657,-0.1342359302100094,0.0983747316818404,73972.21188809811,3.028242100508699
5.10,1,cr3bp_seed,271,2.765922135275914,12.00963391136802,1.040717833841218,0.04766374423965868,0.1795741237199358,0.05930634620505889,-0.1362068776639579,0.09379706424585206,74253.67171720695,3.028242100508701
5.10,1,cr3bp_seed,272,2.77612849001863,12.05394990366089,1.041314145700009,0.04626379496062497,0.1805081436404209,0.05754116532822792,-0.1381109674252077,0.08923211225978975,74520.08791320704,3.0282421005087
5.10,1,cr3bp_seed,273,2.786334844761345,12.09826589595376,1.041892332744319,0.04484475105882974,0.1813956331298252,0.05575476546102305,-0.1399486634215717,0.08467898491381309,74771.54546267347,3.028242100508699
5.10,1,cr3bp_seed,274,2.796541199504061,12.14258188824663,1.042452181194323,0.0434072880113298,0.1822367084521735,0.05394769121541157,-0.1417203813552788,0.08013682020485777,75008.12546299549,3.0282421005087
5.10,1,cr3bp_seed,275,2.806747554246776,12.1868978805395,1.042993482773467,0.04195207728717906,0.1830314772106577,0.05212047653172606,-0.1434264913355107,0.07560478261550979,75229.90521472746,3.0282421005087
5.10,1,cr3bp_seed,276,2.816953908989491,12.23121387283237,1.043516034604077,0.04047978680038012,0.183780038606689,0.05027364555545612,-0.14506732026671,0.07108206092688221,75436.95830588194,3.028242100508699
5.10,1,cr3bp_seed,277,2.827160263732207,12.27552986512524,1.044019639111606,0.0389910813396207,0.184482483677258,0.04840771345317323,-0.1466431540127059,0.0665678661530385,75629.35468864914,3.0282421005087
5.10,1,cr3bp_seed,278,2.837366618474923,12.31984585741811,1.04450410393691,0.03748662297698962,0.1851388955117835,0.04652318717283171,-0.1481542393544596,0.06206142958549873,75807.16074898119,3.028242100508699
5.10,1,cr3bp_seed,279,2.847572973217638,12.36416184971099,1.044969241856034,0.03596707145769591,0.1857493494495198,0.04462056615321171,-0.149600785757232,0.05756200093725412,75970.43936943884,3.0282421005087
5.10,1,cr3bp_seed,280,2.857779327960354,12.40847784200385,1.045414870706991,0.03443308457266493,0.1863139132584871,0.04270034298685116,-0.1509829669611739,0.05306884657651532,76119.2499856604,3.0282421005087
5.10,1,cr3bp_seed,281,2.86798568270307,12.45279383429673,1.045840813323085,0.03288531851574687,0.1868326472967937,0.04076300404043062,-0.1523009224077387,0.04858124784111427,76253.64863677663,3.0282421005087
5.10,1,cr3bp_seed,282,2.878192037445785,12.4971098265896,1.046246897472366,0.03132442822715883,0.1873056046571294,0.03880903003624488,-0.1535547585128528,0.04409849942511663,76373.68801006497,3.0282421005087
5.10,1,cr3bp_seed,283,2.8883983921885,12.54142581888247,1.04663295580284,0.02975106772467176,0.1877328312951282,0.03683889659808889,-0.1547445497964732,0.03961990782974414,76479.41748010457,3.028242100508699
5.10,1,cr3bp_seed,284,2.898604746931216,12.58574181117534,1.046998825793076,0.02816589042396618,0.1881143661422152,0.03485307476462257,-0.1558703398769566,0.03514478987120451,76570.88314266659,3.0282421005087
5.10,1,cr3bp_seed,285,2.908811101673932,12.63005780346821,1.047344349707897,0.02656954944949714,0.1884502412034859,0.03285203147303752,-0.1569321423375748,0.03067247123844857,76648.12784354865,3.0282421005087
5.10,1,cr3bp_seed,286,2.919017456416647,12.67437379576108,1.04766937455888,0.02496269793713978,0.1887404816410914,0.03083623001563558,-0.1579299414715012,0.02620228509424682,76711.19120253678,3.0282421005087
5.10,1,cr3bp_seed,287,2.929223811159363,12.71868978805395,1.047973752069369,0.02334598932982913,0.18898510584354,0.02880613047174142,-0.1588636929106625,0.02173357071330687,76760.10963265637,3.0282421005087
5.10,1,cr3bp_seed,288,2.939430165902079,12.76300578034682,1.048257338643798,0.02172007766735361,0.1891841254812622,0.02676219011719883,-0.1597333241429807,0.01726567215141648,76794.91635485098,3.0282421005087
5.10,1,cr3bp_seed,289,2.949636520644794,12.80732177263969,1.048519995341075,0.02008561787142394,0.1893375455487266,0.02470486381355524,-0.1605387349217146,0.01279793693984004,76815.64140820777,3.028242100508699
5.10,1,cr3bp_seed,290,2.959842875387509,12.85163776493256,1.048761587851852,0.01844326602710095,0.1894453643933345,0.02263460437890166,-0.1612797975698374,0.008329714799371916,76822.31165582809,3.0282421005087
5.10,1,cr3bp_seed,291,2.970049230130225,12.89595375722544,1.048981986479485,0.01679367966164346,0.1895075737312679,0.02055186294222173,-0.1619563571816474,0.003860356368609342,76814.95078642337,3.028242100508699
5.10,1,cr3bp_seed,292,2.98025558487294,12.94026974951831,1.049181066124548,0.01513751802181635,0.1895241586504069,0.01845708928300148,-0.1625682317230972,-0.0006107880588878292,76793.57931169712,3.028242100508699
5.10,1,cr3bp_seed,293,2.990461939615656,12.98458574181118,1.049358706272725,0.01347544235068707,0.1894950976003814,0.01635073215775841,-0.1631152120316303,-0.005084369793811674,76758.21455955665,3.0282421005087
5.10,1,cr3bp_seed,294,3.000668294358372,13.02890173410405,1.049514790985997,0.01180811616493702,0.1894203623697666,0.01423323961507886,-0.1635970617156298,-0.009561043011910431,76708.87066318035,3.0282421005087
5.10,1,cr3bp_seed,295,3.010874649101087,13.07321772639692,1.049649208896973,0.01013620553371257,0.1892999180503807,0.012105059300682,-0.1640135169529004,-0.01404146602160816,76645.55854594865,3.028242100508699
5.10,1,cr3bp_seed,296,3.021081003843803,13.11753371868979,1.049761853206304,0.008460379360053892,0.1891337229885875,0.009966638753979698,-0.1643642861869191,-0.01852630254368835,76568.28590223019,3.028242100508699
5.10,1,cr3bp_seed,297,3.031287358586518,13.16184971098266,1.049852621683075,0.00678130966595376,0.1889217287234535,0.00781842569755581,-0.1646490497188896,-0.02301622300836708,76477.05717399651,3.028242100508699
5.10,1,cr3bp_seed,298,3.041493713329234,13.20616570327553,1.049921416668134,0.005099671882122047,0.1886638799115553,0.005660868320957437,-0.1648674591929143,-0.02751190587518777,76371.87352322218,3.028242100508699
5.10,1,cr3bp_seed,299,3.051700068071949,13.2504816955684,1.049968145080281,0.003416145143565574,0.1883601142381756,0.003494415560168305,-0.1650191369708545,-0.03201403898130656,76252.73280000885,3.0282421005087
5.10,1,cr3bp_seed,300,3.061906422814665,13.29479768786127,1.049992718425303,0.001731412592127703,0.1880103623145684,0.001319517374119367,-0.1651036753926606,-0.03652332092393126,76119.62950635352,3.028242100508699
5.10,1,cr3bp_seed,301,3.07211277755738,13.33911368015414,1.049995052807815,4.61616871839962e-05,0.1876145475609155,-0.0008633749804072806,-0.1651206359171282,-0.04104046248288825,75972.55475546383,3.0282421005087
5.10,1,cr3bp_seed,302,3.082319132300096,13.38342967244701,1.049975068945913,-0.001638915474258456,0.187172586074532,-0.003053808674123092,-0.1650695481371497,-0.04556618808957047,75811.49622650244,3.0282421005087
5.10,1,cr3bp_seed,303,3.092525487042812,13.42774566473989,1.049932692188625,-0.003323121826740962,0.1866843864828153,-0.005251329029446682,-0.1649499086625819,-0.05010123734882081,75636.4381146237,3.0282421005087
5.10,1,cr3bp_seed,304,3.102731841785527,13.47206165703276,1.049867852536191,-0.00500575499342258,0.1861498497803612,-0.007455479242182392,-0.1647611798628221,-0.05464636662067368,75447.36107614417,3.0282421005087
5.10,1,cr3bp_seed,305,3.112938196528243,13.51637764932563,1.049780484663212,-0.006686106929562646,0.1855688691496005,-0.009665800099221416,-0.1645027884600659,-0.05920235066929072,75244.24216866695,3.0282421005087
5.10,1,cr3bp_seed,306,3.123144551270958,13.5606936416185,1.049670527944693,-0.008363463550839487,0.1849413297642293,-0.01188182969077013,-0.1641741239629988,-0.0637699843868903,75027.05478595609,3.0282421005087
5.10,1,cr3bp_seed,307,3.133350906013674,13.60500963391137,1.049537926485065,-0.010037104344821,0.1842671085746267,-0.014103103115554,-0.163774536929326,-0.06835008460101462,74795.76858733286,3.0282421005087
5.10,1,cr3bp_seed,308,3.143557260756389,13.64932562620424,1.049382629150261,-0.0117063019637724,0.1835460740743643,-0.01632915217736391,-0.163303337044064,-0.07294349197406555,74550.34942133918,3.028242100508699
5.10,1,cr3bp_seed,309,3.153763615499105,13.69364161849711,1.049204589602933,-0.01337032179684939,0.182778086046816,-0.01855950507122828,-0.1627597909988668,-0.07755107300472679,74290.75924338536,3.0282421005087
5.10,1,cr3bp_seed,310,3.16396997024182,13.73795761078998,1.049003766340941,-0.01502842151956129,0.1819629952907776,-0.0207936860573843,-0.162143120155833,-0.08217372214163567,74016.95602706868,3.028242100508699
5.10,1,cr3bp_seed,311,3.174176324984536,13.78227360308285,1.048780122739232,-0.01667985061821216,0.1811006433238934,-0.0230312151211023,-0.1614524979771943,-0.08681236402052003,73728.89366881727,3.028242100508699
5.10,1,cr3bp_seed,312,3.184382679727252,13.82658959537573,1.048533627095278,-0.01832384988682663,0.1801908620625676,-0.02527160761627638,-0.1606870471999967,-0.09146795583696166,73426.52188547788,3.028242100508699
5.10,1,cr3bp_seed,313,3.194589034469967,13.8709055876686,1.048264252678242,-0.01995965089383851,0.179233473476912,-0.02751437389052732,-0.1598458367323199,-0.09614148986799639,73109.78610442835,3.0282421005087
5.10,1,cr3bp_seed,314,3.204795389212682,13.91522157996147,1.047971977782074,-0.02158647541557039,0.1782282892191358,-0.02975901888938372,-0.1589278782446865,-0.1008339961569518,72778.62734575388,3.0282421005087
5.10,1,cr3bp_seed,315,3.215001743955398,13.95953757225434,1.047656785782767,-0.02320353483324339,0.1771751102236344,-0.03200504173688753,-0.1579321224270477,-0.1055465453772271,72432.98209598142,3.0282421005087
5.10,1,cr3bp_seed,316,3.225208098698114,14.00385356454721,1.047318665200023,-0.02481002948993775,0.1760737262768641,-0.03425193528972958,-0.1568574548780432,-0.1102802518921951,72072.78217281682,3.0282421005087
5.10,1,cr3bp_seed,317,3.235414453440829,14.04816955684008,1.046957609763621,-0.02640514800356436,0.1749239155549053,-0.03649918566174242,-0.1557026915890414,-0.1150362770300465,71697.95458027627,3.028242100508699
5.10,1,cr3bp_seed,318,3.245620808183545,14.09248554913295,1.046573618484802,-0.02798806653149846,0.1737254441264191,-0.03874627171525551,-0.15446657398071,-0.1198158325942153,71308.42135354422,3.0282421005087
5.10,1,cr3bp_seed,319,3.255827162926261,14.13680154142582,1.046166695733034,-0.02955794798207207,0.1724780654184757,-0.0409926645154601,-0.1531477634444396,-0.1246201846320834,70904.09939282597,3.0282421005087
5.10,1,cr3bp_seed,320,3.266033517668976,14.18111753371869,1.045736851318545,-0.03111394116760012,0.1711815196424966,-0.04323782674350877,-0.1517448353347568,-0.1294506574869258,70484.90028539233,3.028242100508699
5.10,1,cr3bp_seed,321,3.276239872411691,14.22543352601156,1.045284100581089,-0.03265517989303452,0.1698355331772787,-0.04548121206360593,-0.1502562723517703,-0.1343086381606275,70050.7301149359,3.0282421005087
5.10,1,cr3bp_seed,322,3.286446227154407,14.26974951830443,1.044808464485416,-0.0341807819736735,0.1684398179057774,-0.0477222644387934,-0.1486804572445684,-0.1391955810175392,69601.48925727305,3.0282421005087
5.10,1,cr3bp_seed,323,3.296652581897122,14.3140655105973,1.044309969724023,-0.03568984817460489,0.1669940705019991,-0.0499604173895143,-0.1470156647571388,-0.1441130128630407,69137.07216133187,3.0282421005087
5.10,1,cr3bp_seed,324,3.306858936639838,14.35838150289018,1.043788648827781,-0.03718146106370729,0.1654979716639901,-0.05219509318831624,-0.1452600527276092,-0.1490625384339525,68657.36711426139,3.0282421005087
5.10,1,cr3bp_seed,325,3.317065291382554,14.40269749518305,1.043244540285151,-0.03865468376905878,0.1639511852885154,-0.05442570198322384,-0.1434116522391656,-0.1540458463419309,68162.25598938385,3.0282421005087
5.10,1,cr3bp_seed,326,3.327271646125269,14.44701348747592,1.042677688670734,-0.04010855863049718,0.1623533575825714,-0.0566516408413545,-0.1414683567065936,-0.1590647155154737,67651.61397558344,3.028242100508699
5.10,1,cr3bp_seed,327,3.337478000867985,14.49132947976879,1.042088144784039,-0.04154210573380409,0.1607041161063936,-0.058872292703236,-0.1394279097656627,-0.164121022191181,67125.30928658645,3.0282421005087
5.10,1,cr3bp_seed,328,3.3476843556107,14.53564547206166,1.041475965799423,-0.0429543213145369,0.1590030687420679,-0.06108702523699955,-0.1372878918130986,-0.1692167475105556,66583.20284842956,3.0282421005087
5.10,1,cr3bp_seed,329,3.357890710353416,14.57996146435453,1.040841215428279,-0.04434417601686275,0.1572498025812532,-0.06329518958011424,-0.1350457050221728,-0.1743539857849366,66025.14796324374,3.0282421005087
5.10,1,cr3bp_seed,330,3.368097065096131,14.6242774566474,1.040183964094715,-0.04571061299083224,0.155443882724847,-0.06549611895457536,-0.1326985566323437,-0.1795349534982464,65450.98994728792,3.028242100508699
5.10,1,cr3bp_seed,331,3.378303419838847,14.66859344894027,1.039504289126066,-0.04705254580931907,0.153584850986673,-0.0676891271394031,-0.1302434402801891,-0.1847619991251676,64860.5657409558,3.0282421005087
5.10,1,cr3bp_seed,332,3.388509774581562,14.71290944123314,1.038802274959811,-0.04836885618329116,0.1516722244924369,-0.06987350678188353,-0.127677115102152,-0.1900376138512481,64253.70348824446,3.028242100508699
5.10,1,cr3bp_seed,333,3.398716129324278,14.75722543352601,1.038078013368636,-0.04965839145111726,0.1497054941642604,-0.07204852752613451,-0.1249960822962772,-0.1953644432913943,63630.22208291249,3.0282421005087
5.10,1,cr3bp_seed,334,3.408922484066994,14.80154142581888,1.037331603705631,-0.05091996181416231,0.1476841230800638,-0.07421343393419143,-0.1221965587788083,-0.2007453003143088,62989.93067826636,3.0282421005087
5.10,1,cr3bp_seed,335,3.419128838809709,14.84585741811176,1.036563153171891,-0.05215233728690826,0.1456075446959113,-0.07636744317079018,-0.119274447510555,-0.2061831790928362,62332.62815719462,3.0282421005087
5.10,1,cr3bp_seed,336,3.429335193552425,14.89017341040463,1.035772777109085,-0.05335424432513901,0.1434751609181333,-0.07850974241822341,-0.1162253039952979,-0.2116812705139548,61658.10255871384,3.028242100508699
5.10,1,cr3bp_seed,337,3.43954154829514,14.9344894026975,1.034960599319961,-0.05452436209021579,0.1412863400106045,-0.08063948598188889,-0.1130442983656291,-0.2172429790974012,60966.13045690053,3.0282421005087
5.10,1,cr3bp_seed,338,3.449747903037856,14.97880539499037,1.034126752420159,-0.0556613183009901,0.139040414320948,-0.08275579204022335,-0.1097261723673576,-0.2228719415887394,60256.4762876497,3.0282421005087
5.10,1,cr3bp_seed,339,3.459954257780571,15.02312138728324,1.033271378225238,-0.0567636846172464,0.1367366778076521,-0.08485773898432576,-0.1062651904280156,-0.2285720474110413,59528.89161822818,3.0282421005087
5.10,1,cr3bp_seed,340,3.470160612523287,15.06743737957611,1.032394628177435,-0.05782997148950661,0.1343743833481057,-0.08694436128239177,-0.1026550838431088,-0.2343474611792594,58783.11435407009,3.028242100508699
5.10,1,cr3bp_seed,341,3.480366967266002,15.11175337186898,1.031496663817369,-0.05885862239925269,0.1319527398053691,-0.08901464479162657,-0.09888898692934291,-0.2402026475025835,58018.86787669812,3.0282421005087
5.10,1,cr3bp_seed,342,3.490573322008718,15.15606936416185,1.030577657306809,-0.0598480074007707,0.1294709088290851,-0.09106752142501925,-0.094959363769204,-0.2461423983222893,57235.86010604429,3.0282421005087
5.10,1,cr3bp_seed,343,3.500779676751434,15.20038535645472,1.029637792009627,-0.06079641586042255,0.1269280013632908,-0.09310186306148738,-0.09085792389592112,-0.2521718630551031,56433.78247979216,3.028242100508699
5.10,1,cr3bp_seed,344,3.510986031494149,15.24470134874759,1.028677263139335,-0.06170204827063138,0.1243230738310281,-0.09511647456444754,-0.08657552492912322,-0.2582965818338434,55612.30884168012,3.028242100508699
5.10,1,cr3bp_seed,345,3.521192386236865,15.28901734104047,1.027696278483101,-0.06256300699350112,0.1216551239625651,-0.09711008574458728,-0.08210205975283161,-0.2645225221563572,54771.09423000153,3.0282421005087
5.10,1,cr3bp_seed,346,3.53139874097958,15.33333333333334,1.026695059214034,-0.06337728576185091,0.1189230862307963,-0.09908134206576961,-0.07742632530740946,-0.2708561192677628,53909.77355684139,3.028242100508699
5.10,1,cr3bp_seed,347,3.541605095722296,15.37764932562621,1.025673840805758,-0.06414275773236972,0.1161258268540295,-0.1010287938463949,-0.07253586941778237,-0.2773043206056811,53027.96016793524,3.0282421005087
5.10,1,cr3bp_seed,348,3.551811450465011,15.42196531791908,1.024632874066168,-0.06485716184507932,0.1132621383230507,-0.1029508836491234,-0.067416811265177,-0.2838746346271085,52125.2442724885,3.0282421005087
5.10,1,cr3bp_seed,349,3.562017805207727,15.46628131021195,1.023572426310723,-0.06551808719341608,0.1103307334062582,-0.104845931475592,-0.06205363008062974,-0.2905751842994157,51201.1912319379,3.0282421005087
5.10,1,cr3bp_seed,350,3.572224159950443,15.51059730250482,1.022492782700043,-0.06612295504750586,0.1073302385841198,-0.1067121172840812,-0.05642891533177892,-0.2974147654623387,50255.33969661443,3.0282421005087
5.10,1,cr3bp_seed,351,3.582430514693158,15.55491329479769,1.021394247772143,-0.06666899809636319,0.1042591868627309,-0.108547460219405,-0.05052307000470346,-0.3044029101312744,49287.19957977934,3.028242100508699
5.10,1,cr3bp_seed,352,3.592636869435873,15.59922928709056,1.020277147206656,-0.06715323637853764,0.1011160099166072,-0.1103497937750591,-0.04431395643505662,-0.3115499545824122,48296.24985985643,3.028242100508699
5.10,1,cr3bp_seed,353,3.602843224178589,15.64354527938343,1.019141829867473,-0.06757244924952345,0.09789902951422394,-0.1121167358830735,-0.03777647136201088,-0.3188671116883395,47281.93620433255,3.0282421005087
5.10,1,cr3bp_seed,354,3.613049578921304,15.6878612716763,1.017988670181952,-0.06792314258055716,0.09460644818801545,-0.1138456526261879,-0.03088203325211233,-0.3263665463847499,46243.66841341604,3.028242100508699
5.10,1,cr3bp_seed,355,3.62325593366402,15.73217726396917,1.016818070930099,-0.06820151018720573,0.09123633912630617,-0.1155336138599636,-0.02359796017553588,-0.3340614522317577,45180.81768914738,3.0282421005087
5.10,1,cr3bp_seed,356,3.633462288406736,15.77649325626204,1.015630466537337,-0.06840338823381975,0.08778663529215991,-0.1171773384759879,-0.01588671020821257,-0.3419661256135577,44092.7137477711,3.0282421005087
5.10,1,cr3bp_seed,357,3.643668643149451,15.82080924855492,1.014426326991325,-0.06852420103299336,0.08425511781977536,-0.1187731262680214,-0.007704947910824372,-0.3500960319291812,42978.64181210057,3.0282421005087
5.10,1,cr3bp_seed,358,3.653874997892167,15.86512524084779,1.013206162539464,-0.06855889623219508,0.08063940381271612,-0.1203167722867397,0.000997610904280055,-0.3584678547451188,41837.83954985403,3.0282421005087
5.10,1,cr3bp_seed,359,3.664081352634882,15.90944123314066,1.011970529373084,-0.0685018668174385,0.07693693378517619,-0.1218034580442345,0.01027963931121862,-0.3670995136452886,40669.49406888305,3.028242100508699
5.10,1,cr3bp_seed,360,3.674287707377598,15.95375722543353,1.010720036572275,-0.06834685661686175,0.07314495917157628,-0.123227611740991,0.02021000862448547,-0.3760101283678557,39472.73914921231,3.0282421005087
5.10,1,cr3bp_seed,361,3.684494062120313,15.9980732177264,1.009455354680522,-0.0680868449856101,0.0692605306187503,-0.1245827265016478,0.03087008050603453,-0.3852198940531631,38246.65299792493,3.0282421005087
5.10,1,cr3bp_seed,362,3.694700416863029,16.04238921001927,1.008177226413072,-0.06771390499795112,0.06528048822907861,-0.1258611208958425,0.04235663620569532,-0.3947498122435835,36990.25697689917,3.0282421005087
5.10,1,cr3bp_seed,363,3.704906771605745,16.08670520231214,1.006886480197136,-0.06721902761985032,0.06120145563958132,-0.127053618945367,0.05478565494979587,-0.4046211900216374,35702.51600852649,3.0282421005087
5.10,1,cr3bp_seed,364,3.71511312634846,16.13102119460501,1.005584047525865,-0.06659190177727836,0.05701984096094664,-0.1281491160070119,0.06829723560643687,-0.4148547674883163,34382.34176508526,3.028242100508699
5.10,1,cr3bp_seed,365,3.725319481091176,16.17533718689788,1.00427098553057,-0.06582063666788446,0.05273184942781463,-0.1291339800926666,0.08306207380623408,-0.4254692481646711,33028.60038325124,3.028242100508699
5.10,1,cr3bp_seed,366,3.735525835833891,16.21965317919075,1.002948506816027,-0.06489140763822188,0.04833351557781652,-0.1299912114801644,0.09929007774693524,-0.4364788642098069,31640.12746755575,3.028242100508697
5.10,1,cr3bp_seed,367,3.745732190576607,16.26396917148363,1.001618019593919,-0.06378799980422184,0.04382076765870324,-0.1306992401882947,0.1172419551234796,-0.447889366397922,30215.75481489655,3.028242100508691
5.10,1,cr3bp_seed,368,3.755938545319322,16.3082851637765,1.000281182713138,-0.06249121335732978,0.03918954512609828,-0.1312301691927553,0.1372449671450995,-0.4596914107130666,28754.35606017664,3.028242100508677
5.10,1,cr3bp_seed,369,3.766144900062038,16.35260115606937,0.9989399827113996,-0.06097807976770522,0.0344360039905422,-0.1315471497087483,0.1597145721149656,-0.4718495761180146,27254.92312097426,3.028242100508642
5.10,1,cr3bp_seed,370,3.776351254804753,16.39691714836224,0.9975968441905859,-0.05922081692198725,0.0295568688981085,-0.1316003638017512,0.1851844257865095,-0.4842839194691448,25716.69338490658,3.028242100508553
5.10,1,cr3bp_seed,371,3.78655760954747,16.44123314065511,0.996254791903385,-0.05718542119338534,0.02455003361302768,-0.1313207141695149,0.214348196457523,-0.4968385259138851,24139.36179237262,3.028242100508324
5.10,1,cr3bp_seed,372,3.796763964290184,16.48554913294798,0.9949176952608111,-0.05482975343074351,0.01941558914360285,-0.1306096378175098,0.2481177640537402,-0.5092269059819705,22523.43756058612,3.028242100507741
5.10,1,cr3bp_seed,373,3.8069703190329,16.52986512524085,0.9935906479243038,-0.05210092535906963,0.01415760250050993,-0.129322194091009,0.2877029113336806,-0.5209352589784066,20870.85240015966,3.02824210050628
5.10,1,cr3bp_seed,374,3.817176673775616,16.57418111753372,0.9922805750563539,-0.04893174920933122,0.008787240490863091,-0.1272382116635871,0.3347150152594051,-0.5310475300778054,19186.01536793384,3.028242100502859
5.10,1,cr3bp_seed,375,3.827383028518331,16.61849710982659,0.9909972340416837,-0.04523604359124714,0.003328350482179465,-0.1240119373429951,0.3912830378058311,-0.5379235010952115,17477.6764332453,3.028242100496648
5.10,1,cr3bp_seed,376,3.837589383261047,16.66281310211946,0.9897549065659748,-0.04090292146289786,-0.002172415748479367,-0.1190833376513799,0.460117869721697,-0.5386027958121562,15762.27161129707,3.028242100508175
5.10,1,cr3bp_seed,377,3.847795738003762,16.70712909441233,0.9885752972571779,-0.03579153792109144,-0.007627146268322127,-0.1115257631531628,0.5442934216900066,-0.5277280838597757,14069.9560861798,3.0282421005091
5.10,1,cr3bp_seed,378,3.858002092746478,16.7514450867052,0.9874923958832148,-0.02973218366970246,-0.01287387434886608,-0.09981526948936183,0.6460364872033922,-0.495804444497787,12455.19382111388,3.028242100508229
5.10,1,cr3bp_seed,379,3.868208447489193,16.79576107899808,0.9865597407864459,-0.02255163511674422,-0.01762441164998563,-0.08163560155442691,0.7627853139297672,-0.4274206302443365,11013.30747871317,3.028242100504364
5.10,1,cr3bp_seed,380,3.878414802231909,16.84007707129095,0.9858571583575051,-0.01416287891678649,-0.02140924370909338,-0.05435932904438655,0.8783519487688439,-0.3037202268805411,9897.176140987547,3.028242100510331
5.10,1,cr3bp_seed,381,3.888621156974625,16.88439306358382,0.9854830568640166,-0.004753224219172494,-0.02361291935942575,-0.01762998972008032,0.9551238301156847,-0.1194511924281321,9303.454840494389,3.028242100515445
5.10,1,cr3bp_seed,382,3.89882751171734,16.92870905587669,0.98551090475286,0.005062474695771712,-0.02375528033848353,0.02295638327665991,0.9538737832339595,0.09090441093665694,9379.75873823055,3.028242100512543
5.10,1,cr3bp_seed,383,3.909033866460056,16.97302504816956,0.9859337812861754,0.01445981653489386,-0.02186991547592158,0.05848486661424252,0.8781950356297049,0.2694825952146863,10105.03557319809,3.028242100511001
5.10,1,cr3bp_seed,384,3.919240221202771,17.01734104046243,0.986671841063727,0.02287557144352084,-0.01846213101484737,0.08454173367721857,0.7687898190593234,0.3883318359772547,11308.99788819218,3.028242100505924
5.10,1,cr3bp_seed,385,3.929446575945486,17.0616570327553,0.9876305209481191,0.030155850876634,-0.01411937972709124,0.1021185556099938,0.6595009767067351,0.455575414884156,12799.88589924037,3.028242100510593
5.10,1,cr3bp_seed,386,3.939652930688202,17.10597302504817,0.9887363399101989,0.03638584799334536,-0.009276709977314199,0.113788901537817,0.5639738753959785,0.48909989322377,14438.16797530077,3.028242100510609
5.10,1,cr3bp_seed,387,3.949859285430917,17.15028901734104,0.9899404070537577,0.04172217767825509,-0.00420218437260077,0.1216551626806054,0.484232414578016,0.5028449301869325,16139.17357287819,3.028242100510049
5.10,1,cr3bp_seed,388,3.960065640173633,17.19460500963391,0.9912114017152658,0.04631744456436504,0.0009500430650198478,0.1270790800720221,0.4183198729140915,0.5053962380493788,17855.00226433541,3.02824210051169
5.10,1,cr3bp_seed,389,3.970271994916348,17.23892100192678,0.9925289894644709,0.0502991395420693,0.006093234640222881,0.1308918010022769,0.3635658275442286,0.5016804921805642,19559.23512919574,3.02824210051096
5.10,1,cr3bp_seed,390,3.980478349659065,17.28323699421966,0.9938795252933569,0.05376863145730938,0.01117900425598479,0.1336012287574501,0.3175948908589782,0.4944882864405841,21237.52809711073,3.028242100510469
5.10,1,cr3bp_seed,391,3.990684704401779,17.32755298651253,0.9952534928605299,0.05680552173869327,0.01618074530282731,0.1355252621882811,0.278519802395136,0.4854124871078894,22882.30946073125,3.028242100510357
5.10,1,cr3bp_seed,392,4.000891059144496,17.3718689788054,0.9966439973312351,0.05947247949267707,0.02108435574025402,0.1368692852672627,0.2448953007819618,0.475374253551532,24489.84181671219,3.028242100510333
5.10,1,cr3bp_seed,393,4.011097413887211,17.41618497109827,0.9980458639181753,0.06181928022625424,0.02588300487013139,0.1377704683211017,0.215624344886041,0.4649123901375563,26058.58042620537,3.028242100510323
5.10,1,cr3bp_seed,394,4.021303768629926,17.46050096339114,0.9994550841437363,0.06388590457044861,0.03057412870639492,0.1383234090427855,0.189871708314624,0.4543438345435962,27588.24022590644,3.028242100510322
5.10,1,cr3bp_seed,395,4.031510123372642,17.50481695568401,1.000868465417788,0.06570484862668829,0.03515767115395622,0.1385953262440186,0.1669962524029444,0.4438543217440085,29079.25573541804,3.028242100510323
5.10,1,cr3bp_seed,396,4.041716478115358,17.54913294797688,1.002283402588694,0.0673028351989404,0.03963503577288043,0.1386353121833994,0.1465006888686475,0.4335507090558386,30532.46322340398,3.028242100510324
5.10,1,cr3bp_seed,397,4.051922832858073,17.59344894026975,1.003697724730561,0.06870208538507101,0.04400845166374286,0.1384801259588273,0.1279950084967743,0.4234918226404653,31948.91129128315,3.028242100510324
5.10,1,cr3bp_seed,398,4.062129187600789,17.63776493256263,1.005109589636029,0.06992127087708472,0.04828058572501592,0.138157920232951,0.111169942594755,0.4137070023594844,33329.74714806661,3.028242100510325
5.10,1,cr3bp_seed,399,4.072335542343504,17.68208092485549,1.006517409366196,0.07097623419782621,0.05245430423950289,0.137690700400377,0.09577762371330276,0.4042074453899061,34676.14829128559,3.028242100510325
5.10,1,cr3bp_seed,400,4.08254189708622,17.72639691714836,1.007919796525888,0.07188053923512168,0.05653252643917891,0.1370959863819245,0.08161738225318202,0.3949932468130474,35989.28182926467,3.028242100510325
5.10,1,cr3bp_seed,401,4.092748251828936,17.77071290944124,1.009315524691641,0.0726458965889938,0.0605181354779032,0.13638796064149,0.06852521549773874,0.3860578202831823,37270.28082144286,3.028242100510325
5.10,1,cr3bp_seed,402,4.102954606571651,17.81502890173411,1.010703498712368,0.07328249565257497,0.0644139255972507,0.1355782776244103,0.05636589964064843,0.3773906965952371,38520.2311740954,3.028242100510325
5.10,1,cr3bp_seed,403,4.113160961314366,17.85934489402698,1.012082732034115,0.07379926648985757,0.0682225722592686,0.1346766453412946,0.04502702026080464,0.36897930313042,39740.16510111382,3.028242100510325
5.10,1,cr3bp_seed,404,4.123367316057082,17.90366088631985,1.013452329114017,0.07420408832571838,0.07194661688698839,0.1336912505879496,0.03441440864003988,0.3608100949874193,40931.05865526888,3.028242100510325
5.10,1,cr3bp_seed,405,4.133573670799797,17.94797687861272,1.014811471584191,0.07450395702832215,0.07558846086883947,0.1326290748954303,0.02444861850538206,0.3528692694628995,42093.83175512361,3.028242100510325
5.10,1,cr3bp_seed,406,4.143780025542513,17.99229287090559,1.016159407222026,0.07470512078924596,0.07915036537950246,0.1314961328201122,0.01506218039657966,0.3451432106711591,43229.34970647409,3.028242100510325
5.10,1,cr3bp_seed,407,4.153986380285229,18.03660886319846,1.017495441051295,0.07481319091339154,0.08263445477845932,0.130297654165338,0.006197442883250252,0.33761875847718,44338.42557955806,3.028242100510325
5.10,1,cr3bp_seed,408,4.164192735027944,18.08092485549133,1.018818928082857,0.07483323295846256,0.08604272212694948,0.1290382251262,-0.002195139183200445,0.3302833628140491,45421.82303457142,3.028242100510325
5.10,1,cr3bp_seed,409,4.17439908977066,18.1252408477842,1.020129267332708,0.07476984223268784,0.08937703587169039,0.127721898926858,-0.01015837282078417,0.3231251633480756,46480.25933694124,3.028242100510325
5.10,1,cr3bp_seed,410,4.184605444513375,18.16955684007707,1.021425896846711,0.07462720674466632,0.09263914707710592,0.1263522835094084,-0.01772942870494795,0.3161330208329552,47514.40840029409,3.028242100510325
5.10,1,cr3bp_seed,411,4.194811799256091,18.21387283236995,1.02270828952718,0.07440916001322985,0.09583069680812201,0.1249326117533147,-0.02494073477747003,0.309296517608618,48524.90375783195,3.028242100510325
5.10,1,cr3bp_seed,412,4.205018153998807,18.25818882466282,1.023975949604613,0.07411922562630706,0.09895322341183865,0.1234657982469844,-0.03182070588651714,0.3026059388493408,49512.34140372225,3.028242100510325
5.10,1,cr3bp_seed,413,4.215224508741522,18.30250481695569,1.025228409633275,0.07376065504192131,0.1020081695436732,0.1219544855983915,-0.03839434332727029,0.2960522422815979,50477.28247269583,3.028242100510325
5.10,1,cr3bp_seed,414,4.225430863484237,18.34682080924856,1.026465227915859,0.0733364598200492,0.1049968888482318,0.1204010825279408,-0.04468373043466409,0.289627021496343,51420.25574321583,3.028242100510325
5.10,1,cr3bp_seed,415,4.235637218226953,18.39113680154143,1.027685986282422,0.07284943923817253,0.1079206522479939,0.1188077954459367,-0.05070844457226129,0.2833224662363356,52341.75996053629,3.028242100510325
5.10,1,cr3bp_seed,416,4.245843572969669,18.4354527938343,1.02889028816406,0.07230220405921631,0.1107806538209979,0.1171766548193887,-0.05648590145665713,0.2771313218629544,53242.26598280332,3.028242100510325
5.10,1,cr3bp_seed,417,4.256049927712384,18.47976878612717,1.030077756913484,0.0716971970758168,0.1135780162669016,0.1155095373374666,-0.06203164439094774,0.2710468494121061,54122.21875746254,3.028242100510325
5.10,1,cr3bp_seed,418,4.2662562824551,18.52408477842004,1.031248034333826,0.07103671094032378,0.1163137959722494,0.1138081846632926,-0.06735958839003831,0.2650627871117958,54982.03913754753,3.028242100510325
5.10,1,cr3bp_seed,419,4.276462637197815,18.56840077071291,1.032400779384097,0.07032290369872772,0.118988987692725,0.1120742193919201,-0.07248222717265806,0.259173313871928,55822.12554855741,3.028242100510325
5.10,1,cr3bp_seed,420,4.286668991940531,18.61271676300579,1.033535667035403,0.06955781237362997,0.1216045288740502,0.1103091587061302,-0.07741080942840992,0.2533730150143658,56642.85551700441,3.028242100510325
5.10,1,cr3bp_seed,421,4.296875346683247,18.65703275529865,1.034652387256496,0.06874336488249359,0.1241613036350524,0.1085144261229039,-0.08215548953828702,0.2476568503503935,57444.58707159728,3.028242100510325
5.10,1,cr3bp_seed,422,4.307081701425962,18.70134874759152,1.035750644110834,0.06788139052970879,0.1266601464369425,0.106691361646719,-0.08672545695565168,0.2420201246077521,58227.66002762184,3.028242100510325
5.10,1,cr3bp_seed,423,4.317288056168677,18.74566473988439,1.03683015495026,0.0669736292721579,0.1291018454624953,0.1048412305858161,-0.09112904768291652,0.2364584601427409,58992.39716449715,3.028242100510325
5.10,1,cr3bp_seed,424,4.327494410911393,18.78998073217727,1.037890649692739,0.06602173992616381,0.1314871457279466,0.1029652312402764,-0.09537384066269967,0.2309677718322825,59739.10530582149,3.028242100510325
5.10,1,cr3bp_seed,425,4.337700765654109,18.83429672447014,1.038931870173549,0.06502730745755521,0.133816751949218,0.1010645016332355,-0.09946674140715116,0.2255442440180205,60468.0763105192,3.028242100510325
5.10,1,cr3bp_seed,426,4.347907120396824,18.87861271676301,1.039953569560905,0.06399184947497674,0.1360913311827054,0.0991401254265846,-0.1034140547895736,0.2201843093636018,61179.58798299912,3.028242100510325
5.10,1,cr3bp_seed,427,4.35811347513954,18.92292870905588,1.040955511828299,0.06291682202864278,0.1383115152594419,0.09719313713842444,-0.1072215485983967,0.2148846294832926,61873.90490955939,3.028242100510325
5.10,1,cr3bp_seed,428,4.368319829882255,18.96724470134875,1.04193747127696,0.0618036248017989,0.1404779030299885,0.09522452676007166,-0.1108945091895,0.2096420772022325,62551.27922762763,3.028242100510325
5.10,1,cr3bp_seed,429,4.37852618462497,19.01156069364162,1.042899232102724,0.06065360576965573,0.1425910624360214,0.09323524385458277,-0.1144377903567779,0.2044537203139737,63211.95133382893,3.028242100510325
5.10,1,cr3bp_seed,430,4.388732539367687,19.05587668593449,1.043840588002381,0.05946806539006721,0.1446515324232399,0.09122620120582391,-0.1178558563632034,0.1993168067082315,63856.15053631703,3.028242100510325
5.10,1,cr3bp_seed,431,4.398938894110402,19.10019267822736,1.044761341815237,0.05824826038138025,0.146659824708965,0.08919827807648248,-0.1211528199280409,0.1942287507500415,64484.09565629541,3.028242100510325
5.10,1,cr3bp_seed,432,4.409145248853117,19.14450867052023,1.045661305196135,0.05699540713539914,0.1486164254166351,0.0871523231246342,-0.1243324758443953,0.1891871208001987,65095.99558319139,3.028242100510325
5.10,1,cr3bp_seed,433,4.419351603595833,19.1888246628131,1.046540298316692,0.05571068480706196,0.1505217965883183,0.08508915702120055,-0.1273983308002403,0.1841896277755522,65692.04978752235,3.028242100510325
5.10,1,cr3bp_seed,434,4.429557958338549,19.23314065510598,1.047398149591874,0.05439523811701594,0.1523763775853752,0.08300957480455567,-0.1303536298917398,0.1792341146561623,66272.44879511128,3.028242100510325
5.10,1,cr3bp_seed,435,4.439764313081264,19.27745664739885,1.048234695429406,0.05305017989866382,0.1541805863864955,0.08091434800346296,-0.1332013802470228,0.1743185468543724,66837.37462596312,3.028242100510325
5.10,1,cr3bp_seed,436,4.44997066782398,19.32177263969172,1.049049779999771,0.05167659341729395,0.1559348207915045,0.07880422655524708,-0.1359443721191917,0.1694410033683829,67387.00120079966,3.028242100510325
5.10,1,cr3bp_seed,437,4.460177022566695,19.36608863198459,1.04984325502485,0.05027553448551183,0.1576394595385806,0.0766799405425073,-0.1385851977572591,0.1645996686499394,67921.49471796933,3.028242100510325
5.10,1,cr3bp_seed,438,4.47038337730941,19.41040462427746,1.05061497958345,0.04884803339625843,0.1592948633418414,0.07454220176861824,-0.1411262683213545,0.1597928251221879,68441.01400319433,3.028242100510325
5.10,1,cr3bp_seed,439,4.480589732052127,19.45472061657033,1.051364819932157,0.04739509669217277,0.1609013758556335,0.07239170518967195,-0.143569829072594,0.1550188462896849,68945.71083438714,3.028242100510325
5.10,1,cr3bp_seed,440,4.490796086794842,19.4990366088632,1.052092649340149,0.04591770878786515,0.1624593245712955,0.07022913021829795,-0.1459179730374123,0.1502761903879487,69435.73024356317,3.028242100510325
5.10,1,cr3bp_seed,441,4.501002441537557,19.54335260115607,1.052798347936709,0.04441683345976256,0.1639690216516569,0.06805514191289946,-0.1481726533200613,0.1455633945248435,69911.2107976902,3.028242100510325
5.10,1,cr3bp_seed,442,4.511208796280273,19.58766859344894,1.053481802570355,0.04289341521653594,0.1654307647080633,0.06587039206421971,-0.150335694214627,0.140879069270561,70372.28486014545,3.028242100510325
5.10,1,cr3bp_seed,443,4.521415151022988,19.63198458574181,1.054142906678566,0.04134838056167035,0.1668448375243082,0.06367552018974319,-0.1524088012487565,0.1362218936569841,70819.07883430191,3.028242100510325
5.10,1,cr3bp_seed,444,4.531621505765704,19.67630057803469,1.054781560167246,0.03978263915847857,0.1682115107314618,0.06147115444522744,-0.1543935702747937,0.1315906105508747,71251.71339062817,3.028242100510325
5.10,1,cr3bp_seed,445,4.54182786050842,19.72061657032756,1.055397669299081,0.03819708490675225,0.1695310424372461,0.05925791246160999,-0.156291495709798,0.1269840223686253,71670.30367856137,3.028242100510325
5.10,1,cr3bp_seed,446,4.552034215251135,19.76493256262043,1.055991146590113,0.03659259693927042,0.1708036788132914,0.05703640211461845,-0.158103978013632,0.1224009871032776,72074.95952430319,3.028242100510325
5.10,1,cr3bp_seed,447,4.56224056999385,19.8092485549133,1.056561910713831,0.03497004054553565,0.1720296546433219,0.05480722223362324,-0.1598323304836425,0.1178404146372159,72465.78561558605,3.028242100510325
5.10,1,cr3bp_seed,448,4.572446924736566,19.85356454720617,1.057109886412229,0.03333026802934988,0.1732091938350609,0.05257096325557133,-0.1614777854352111,0.1133012633163443,72842.88167436641,3.028242100510325
5.10,1,cr3bp_seed,449,4.582653279479282,19.89788053949904,1.05763500441327,0.0316741195061799,0.1743425098984122,0.05032820782923534,-0.1630414998293925,0.1087825367637533,73206.34261831846,3.028242100510325
5.10,1,cr3bp_seed,450,4.592859634221997,19.94219653179191,1.058137201354291,0.03000242364567432,0.1754298063922552,0.04807953137447975,-0.16452456040183,0.1042832809128503,73556.25871192715,3.028242100510325
5.10,1,cr3bp_seed,451,4.603065988964713,19.98651252408478,1.058616419710897,0.02831599836416984,0.176471277342002,0.04582550260077362,-0.165927988340997,0.09980258124169789,73892.71570791017,3.028242100510325
5.10,1,cr3bp_seed,452,4.613272343707428,20.03082851637765,1.059072607730963,0.02661565147156763,0.1774671076298822,0.04356668398877363,-0.1672527435584207,0.09533956019192118,74215.7949796373,3.028242100510325
5.10,1,cr3bp_seed,453,4.623478698450144,20.07514450867053,1.059505719373374,0.0249021812765443,0.1784174733597605,0.04130363223843061,-0.1684997285888275,0.09089337475697966,74525.5736451586,3.028242100510325
5.10,1,cr3bp_seed,454,4.63368505319286,20.1194605009634,1.059915714251179,0.02317637715370098,0.1793225421981438,0.03903689868675729,-0.1696697921539801,0.08646321422591646,74822.12468340133,3.028242100510325
5.10,1,cr3bp_seed,455,4.643891407935575,20.16377649325626,1.060302557578874,0.02143902007592368,0.1801824736929007,0.03676702969810491,-0.1707637324203175,0.0820482980698672,75105.51704304927,3.028242100510325
5.10,1,cr3bp_seed,456,4.65409776267829,20.20809248554913,1.060666220123526,0.01969088311494373,0.1809974195710864,0.03449456702955216,-0.1717822999772616,0.07764787395969112,75375.8157445742,3.028242100510325
5.10,1,cr3bp_seed,457,4.664304117421006,20.25240847784201,1.061006678159528,0.01793273191282206,0.1817675240171597,0.03222004817378039,-0.1727262005601901,0.07326121590403711,75633.08197585071,3.028242100510325
5.10,1,cr3bp_seed,458,4.674510472163722,20.29672447013488,1.061323913426728,0.01616532512685257,0.1824929239327681,0.02994400668161434,-0.1735960975395288,0.06888762249803568,75877.37318174916,3.028242100510325
5.10,1,cr3bp_seed,459,4.684716826906437,20.34104046242775,1.061617913091768,0.01438941485017289,0.183173749179185,0.0276669724662333,-0.1743926141951517,0.06452641527359583,76108.74314806941,3.028242100510325
5.10,1,cr3bp_seed,460,4.694923181649153,20.38535645472062,1.06188866971244,0.01260574701018187,0.1838101228033917,0.02538947209089681,-0.1751163357932634,0.0601769371429895,76327.24208014627,3.028242100510325
5.10,1,cr3bp_seed,461,4.705129536391868,20.42967244701349,1.062136181204898,0.01081506174670326,0.1844021612487177,0.02311202904189901,-0.1757678114811341,0.05583855092806367,76532.91667643153,3.028242100510325
5.10,1,cr3bp_seed,462,4.715335891134584,20.47398843930636,1.062360450813591,0.009018093771680556,0.1849499745508758,0.0208351639883355,-0.1763475560134454,0.0515106379679893,76725.81019732959,3.028242100510325
5.10,1,cr3bp_seed,463,4.7255422458773,20.51830443159923,1.062561487083783,0.007215572712058559,0.1854536665201609,0.01855939503016273,-0.1768560513225594,0.04719259679898923,76905.96252954232,3.028242100510325
5.10,1,cr3bp_seed,464,4.735748600620015,20.5626204238921,1.062739303836557,0.005408223437388206,0.1859133349105134,0.01628523793593413,-0.1772937479437159,0.04288384189996358,77073.41024615461,3.028242100510325
5.10,1,cr3bp_seed,465,4.74595495536273,20.60693641618498,1.062893920146188,0.003596766373581754,0.1863290715760941,0.01401320637150897,-0.1776610663049908,0.03858380249835217,77228.18666267344,3.028242100510325
5.10,1,cr3bp_seed,466,4.756161310105446,20.65125240847784,1.063025360319821,0.001781917804156216,0.1867009626159541,0.01174381212096306,-0.1779583978907807,0.03429192143097495,77370.32188921304,3.028242100510325
5.10,1,cr3bp_seed,467,4.766367664848162,20.69556840077072,1.063133653879361,-3.560983978718622e-05,0.1870290885073391,0.009477565300858661,-0.1781861062866101,0.03000765405492632,77499.84287900192,3.028242100510325
5.10,1,cr3bp_seed,468,4.776574019590877,20.73988439306359,1.063218835545523,-0.001855107699670441,0.1873135242281128,0.007214974568981136,-0.1783445281121762,0.02573046720392441,77616.77347337088,3.028242100510325
5.10,1,cr3bp_seed,469,4.786780374333593,20.78420038535646,1.063280945223992,-0.003675870218526681,0.1875543393687422,0.0049565473285958,-0.1784339738487373,0.02145983818578779,77721.13444336501,3.028242100510325
5.10,1,cr3bp_seed,470,4.796986729076308,20.82851637764933,1.063320027993641,-0.005497194878015053,0.1877515982342432,0.002702789929245895,-0.178454728566203,0.01719525381697854,77812.94352810907,3.028242100510325
5.10,1,cr3bp_seed,471,4.807193083819024,20.8728323699422,1.063336134096794,-0.007318381942365645,0.1879053599364452,0.0004542078650714338,-0.1784070525546005,0.01293620949036293,77892.21547004138,3.028242100510325
5.10,1,cr3bp_seed,472,4.81739943856174,20.91714836223507,1.063329318931501,-0.009138734208298794,0.1880156784768946,-0.001788694028393816,-0.1782911818639477,0.008682208272549037,77958.9620471184,3.028242100510325
5.10,1,cr3bp_seed,473,4.827605793304455,20.96146435452794,1.063299643045814,-0.01095755676000117,0.1880826028206821,-0.004025411378011609,-0.1781073287559649,0.004432760027337786,78013.19210207976,3.028242100510325
5.10,1,cr3bp_seed,474,4.837812148047171,21.00578034682081,1.063247172134073,-0.01277415672827626,0.1881061769614422,-0.006255440076497198,-0.1778556820704923,0.0001873805619722795,78054.91156885223,3.028242100510325
5.10,1,cr3bp_seed,475,4.848018502789886,21.05009633911368,1.063171977035198,-0.01458784305300798,0.188086439977742,-0.008478276084631817,-0.1775364075089453,-0.004054409206981288,78084.12349615898,3.028242100510325
5.10,1,cr3bp_seed,476,4.858224857532601,21.09441233140655,1.063074133733015,-0.01639792624810268,0.188023426081044,-0.01069341523132632,-0.1771496478366244,-0.008293084071185421,78100.82806839005,3.028242100510324
5.10,1,cr3bp_seed,477,4.868431212275317,21.13872832369943,1.062953723358633,-0.01820371816808766,0.1879171646553961,-0.0129003530106261,-0.1766955230052045,-0.01252911533447299,78105.02262377965,3.028242100510325
5.10,1,cr3bp_seed,478,4.878637567018033,21.1830443159923,1.062810832194918,-0.02000453177555559,0.1877676802889744,-0.01509858437474168,-0.1761741301962449,-0.01676297160605621,78096.70166992476,3.028242100510325
5.10,1,cr3bp_seed,479,4.888843921760748,21.22736030828517,1.062645551683091,-0.02179968090865334,0.1875749927975719,-0.01728760352218079,-0.1755855437860884,-0.02099511958582199,78075.85689667048,3.028242100510325
5.10,1,cr3bp_seed,480,4.899050276503464,21.27167630057804,1.062457978431537,-0.02358848004780944,0.1873391172401015,-0.01946690368003268,-0.1749298152320496,-0.02522602484447125,78042.47718637658,3.028242100510325
5.10,1,cr3bp_seed,481,4.909256631246179,21.31599229287091,1.06224821422685,-0.02537024408089698,0.1870600639261511,-0.02163597687943971,-0.1742069728793236,-0.02945615260123899,77996.5486215711,3.028242100510325
5.10,1,cr3bp_seed,482,4.919462985988895,21.36030828516378,1.062016366047225,-0.02714428806601686,0.186737838415602,-0.02379431372325847,-0.1734170216875676,-0.03368596850190563,77938.05448998571,3.028242100510325
5.10,1,cr3bp_seed,483,4.929669340731611,21.40462427745665,1.061762546078255,-0.02890992699107349,0.1863724415102934,-0.02594140314487701,-0.17255994287563,-0.03791593939980506,77866.97528695855,3.028242100510325
5.10,1,cr3bp_seed,484,4.939875695474326,21.44894026974952,1.06148687173124,-0.0306664755292998,0.1859638692376888,-0.02807673215711901,-0.1716356934823965,-0.04214653414255412,77783.28871518065,3.028242100510325
5.10,1,cr3bp_seed,485,4.950082050217041,21.49325626204239,1.061189465664125,-0.03241324778985999,0.1855121128264722,-0.0301997855901101,-0.1706442058412097,-0.04637822436723826,77686.96968175101,3.028242100510325
5.10,1,cr3bp_seed,486,4.960288404959758,21.53757225433527,1.060870455805156,-0.03414955706263499,0.1850171586739729,-0.03231004581693523,-0.169585386964775,-0.05061148530684133,77577.99029249583,3.028242100510325
5.10,1,cr3bp_seed,487,4.970494759702473,21.58188824662814,1.060529975379424,-0.03587471555625696,0.1844789883052912,-0.03440699246584827,-0.1684591178368931,-0.05484679661075093,77456.31984349743,3.028242100510325
5.10,1,cr3bp_seed,488,4.980701114445188,21.62620423892101,1.060168162938402,-0.03758803412842315,0.1838975783239638,-0.03649010211773054,-0.1672652526067526,-0.05908464318224884,77321.92480976571,3.028242100510325
5.10,1,cr3bp_seed,489,4.990907469187904,21.67052023121387,1.059785162392667,-0.03928882200746706,0.1832729003539842,-0.0385588479874103,-0.1660036176808673,-0.06332551603596724,77174.76883097659,3.028242100510325
5.10,1,cr3bp_seed,490,5.001113823930619,21.71483622350675,1.059381123047949,-0.04097638650411648,0.182604920972955,-0.04061269958737492,-0.1646740107070436,-0.06756991317840315,77014.81269418749,3.028242100510325
5.10,1,cr3bp_seed,491,5.011320178673335,21.75915221579962,1.058956199644721,-0.04265003271230366,0.1818936016361231,-0.04265112237230456,-0.163276199444007,-0.07181834051469131,76842.01431342974,3.028242100510325
5.10,1,cr3bp_seed,492,5.021526533416051,21.80346820809249,1.058510552401513,-0.04430906319782421,0.1811388985910113,-0.04467357736275009,-0.1618099205094986,-0.07607131278496841,76656.3287060639,3.028242100510325
5.10,1,cr3bp_seed,493,5.031732888158766,21.84778420038536,1.058044347062184,-0.04595277767356579,0.180340762782328,-0.04667952074615924,-0.1602748779987526,-0.08032935453381729,76457.70796577122,3.028242100510325
5.10,1,cr3bp_seed,494,5.041939242901481,21.89210019267823,1.057557754947394,-0.04758047265993547,0.1794991397467972,-0.04866840345331631,-0.15867074196429,-0.08459300111643504,76246.1012320397,3.028242100510325
5.10,1,cr3bp_seed,495,5.052145597644197,21.9364161849711,1.057050953010523,-0.04919144112902177,0.1786139694975163,-0.0506396707081183,-0.1569971467468793,-0.0888627997453678,76021.45465598864,3.028242100510325
5.10,1,cr3bp_seed,496,5.062351952386913,21.98073217726397,1.056524123898343,-0.05078497213091451,0.1776851863974061,-0.05259276154844278,-0.1552536891463284,-0.09313931058185389,75783.71136235957,3.028242100510325
5.10,1,cr3bp_seed,497,5.072558307129628,22.02504816955684,1.05597745601673,-0.05236035040048396,0.1767127190212771,-0.05452710831568108,-0.1534399264194544,-0.09742310787604327,75532.8114074839,3.028242100510325
5.10,1,cr3bp_seed,498,5.082764661872344,22.06936416184972,1.055411143601757,-0.05391685594278662,0.1756964900059883,-0.05644213611031178,-0.1515553740911135,-0.1017147811606182,75268.69173301979,3.028242100510325
5.10,1,cr3bp_seed,499,5.092971016615059,22.11368015414259,1.054825386796534,-0.05545376359510804,0.1746364158881322,-0.05833726221066002,-0.1495995035625548,-0.1060149365025966,74991.28611523144,3.028242100510324
5.10,1,cr3bp_seed,500,5.103177371357774,22.15799614643545,1.054220391734174,-0.05697034256348812,0.1735324069286247,-0.06021189545174635,-0.147571739499543,-0.1103241978184094,74700.52510956251,3.028242100510325
5.10,1,cr3bp_seed,501,5.113383726100491,22.20231213872833,1.053596370627326,-0.05846585593138262,0.1723843669235264,-0.06206543556084936,-0.145471456980673,-0.114643208257653,74396.33599023335,3.028242100510325
5.10,1,cr3bp_seed,502,5.123590080843206,22.2466281310212,1.052953541864718,-0.05993956013790296,0.1711921930003671,-0.06389727244610077,-0.143297978384033,-0.1189726316612638,74078.64268456734,3.028242100510325
5.10,1,cr3bp_seed,503,5.133796435585921,22.29094412331407,1.052292130115219,-0.0613907044228436,0.1699557753991812,-0.06570678543409468,-0.1410505699878203,-0.1233131541002404,73747.36570172537,3.028242100510325
5.10,1,cr3bp_seed,504,5.144002790328637,22.33526011560694,1.051612366439963,-0.06281853023543871,0.1686749972374,-0.06749334245210781,-0.1387284382576608,-0.1276654855014222,73402.42205549961,3.028242100510325
5.10,1,cr3bp_seed,505,5.154209145071353,22.37957610789981,1.050914488413124,-0.06422227060349942,0.1673497342576774,-0.06925629915011075,-0.1363307257901492,-0.132030361367271,73043.72518078727,3.028242100510325
5.10,1,cr3bp_seed,506,5.164415499814068,22.42389210019268,1.050198740251976,-0.06560114945925111,0.1659798545576519,-0.07099499795727587,-0.1338565068784863,-0.1364085445970419,72671.18484333172,3.028242100510325
5.10,1,cr3bp_seed,507,5.174621854556784,22.46820809248555,1.049465372956945,-0.06695438091782382,0.1645652183005701,-0.07270876706716341,-0.1313047826619703,-0.1408008274172145,72284.707042283,3.028242100510325
5.10,1,cr3bp_seed,508,5.184828209299499,22.51252408477842,1.048714644462411,-0.06828116850393151,0.1631056774056146,-0.07439691934517424,-0.1286744758164265,-0.1452080334295429,71884.19390509179,3.028242100510325
5.10,1,cr3bp_seed,509,5.195034564042214,22.55684007707129,1.047946819799084,-0.06958070432181525,0.1616010752166915,-0.07605875115120145,-0.1259644247373543,-0.1496310197856091,71469.54357420786,3.028242100510325
5.10,1,cr3bp_seed,510,5.205240918784931,22.60115606936417,1.047162171268866,-0.07085216816300074,0.1600512461483378,-0.07769354106967034,-0.1231733771615317,-0.1540706794972979,71040.65008500952,3.028242100510325
5.10,1,cr3bp_seed,511,5.215447273527646,22.64547206165704,1.046360978633176,-0.07209472654583279,0.1584560153073122,-0.07930054853832179,-0.120299983165938,-0.1585279438931465,70597.40323434233,3.028242100510325
5.10,1,cr3bp_seed,512,5.225653628270361,22.68978805394991,1.04554352931584,-0.07330753168008779,0.1568151980883251,-0.08087901236615985,-0.1173427874749794,-0.1630037852310766,70139.68843898975,3.028242100510325
5.10,1,cr3bp_seed,513,5.235859983013077,22.73410404624278,1.044710118621701,-0.07448972034921246,0.1551285997422595,-0.08242814912992144,-0.1143002209980106,-0.1674992194785267,69667.38658334402,3.028242100510325
5.10,1,cr3bp_seed,514,5.246066337755792,22.77842003853565,1.043861049972283,-0.07564041270189334,0.153396014915112,-0.08394715143723409,-0.1111705915087981,-0.172015309271516,69180.37385548088,3.028242100510325
5.10,1,cr3bp_seed,515,5.256272692498508,22.82273603082852,1.042996635159904,-0.07675871094369793,0.15161722715577,-0.08543518604327223,-0.1079520733667009,-0.1765531670646032,68678.52157077521,3.028242100510325
5.10,1,cr3bp_seed,516,5.266479047241224,22.86705202312139,1.042117194621823,-0.07784369791843772,0.1497920083906122,-0.08689139180618612,-0.1046426961656467,-0.181113958484059,68161.69598212214,3.028242100510325
5.10,1,cr3bp_seed,517,5.276685401983939,22.91136801541426,1.041223057736156,-0.07889443556766353,0.147920118362795,-0.08831487746483416,-0.1012403321811711,-0.1856989058968115,67629.75807574937,3.028242100510325
5.10,1,cr3bp_seed,518,5.286891756726654,22.95568400770713,1.040314563141443,-0.07990996325528542,0.1460013040339583,-0.08970471922035593,-0.09774268246748451,-0.1903092922077572,67082.5633515222,3.028242100510325
5.10,1,cr3bp_seed,519,5.29709811146937,23,1.039392059082,-0.08088929594269546,0.144035298945957,-0.09105995810085762,-0.09414726143528541,-0.194946464897845,66519.96158655224,3.028242100510325
5.10,2,bcr4bp_strict,0,0,0,1.011112321021347,0.05086484602689147,0.1190812674584142,0.07334204174652838,-0.06994442661717083,0.2985227538194863,50572.70131678347,3.02576674660169
5.10,2,bcr4bp_strict,1,0.002379855673268848,0.01033333333333333,1.011286361179368,0.05069723928255323,0.1197896079959044,0.07291888722725023,-0.07090793791741036,0.2967592527757285,50806.35424627189,3.025770662934002
5.10,2,bcr4bp_strict,2,0.004759711346537695,0.02066666666666667,1.011459393059048,0.05052735499581461,0.1204937641370616,0.07249470252390132,-0.07185848316980094,0.2950062096811665,51038.69735775637,3.025774598367396
5.10,2,bcr4bp_strict,3,0.007139567019806543,0.03100000000000001,1.011631414243295,0.05035522374612116,0.1211937605474631,0.07206951659413935,-0.07279629474834809,0.2932634379902925,51269.73770741754,3.025778552741204
5.10,2,bcr4bp_strict,4,0.00951942269307539,0.04133333333333334,1.011802422383106,0.0501808755680128,0.1218896214538262,0.07164335770703732,-0.07372159825281036,0.2915307554158207,51499.482233472,3.025782525896675
5.10,2,bcr4bp_strict,5,0.01189927836634424,0.05166666666666667,1.011972415195959,0.05000433996694911,0.1225813706539979,0.0712162534668256,-0.07463461275610152,0.2898079838083398,51727.93775859885,3.025786517676909
5.10,2,bcr4bp_strict,6,0.01427913403961309,0.06200000000000001,1.01214139046426,0.04982564593455847,0.1232690315266632,0.07078823083561883,-0.07553555104095924,0.2880949490399141,51955.11099230444,3.025790527926801
5.10,2,bcr4bp_strict,7,0.01665898971288193,0.07233333333333335,1.012309346033835,0.0496448219633364,0.1239526270407812,0.07035931615517917,-0.07642461982641775,0.2863914808914903,52181.00853322788,3.025794556492981
5.10,2,bcr4bp_strict,8,0.01903884538615078,0.08266666666666668,1.012476279812485,0.04946189606081636,0.124632179764757,0.06992953516776378,-0.07730201998459167,0.2846974129439729,52405.63687138826,3.025798603223758
5.10,2,bcr4bp_strict,9,0.02141870105941963,0.09300000000000001,1.012642189768579,0.04927689576323595,0.1253077118753591,0.06949891303610232,-0.07816794674824971,0.283012582472834,52629.00239037559,3.025802667969069
5.10,2,bcr4bp_strict,10,0.02379855673268847,0.1033333333333333,1.012807073929699,0.04908984814871933,0.12597924516639,0.06906747436254734,-0.07902258990963018,0.2813368303461329,52851.1113694867,3.025806750580424
5.10,2,bcr4bp_strict,11,0.02617841240595732,0.1136666666666667,1.012970930381329,0.04890077984999669,0.1266468010571178,0.06863524320743777,-0.07986613401092503,0.2796700009258191,53071.96998580811,3.025810850910857
5.10,2,bcr4bp_strict,12,0.02855826807922617,0.124,1.013133757265586,0.04870971706667982,0.127310400600477,0.06820224310671422,-0.0806987585268356,0.2780119419722038,53291.58431624676,3.02581496881488
5.10,2,bcr4bp_strict,13,0.03093812375249502,0.1343333333333334,1.013295552779992,0.04851668557711233,0.1279700644910455,0.06776849708882172,-0.08152063803958134,0.2763625045514838,53509.96033951049,3.02581910414843
5.10,2,bcr4bp_strict,14,0.03331797942576387,0.1446666666666667,1.013456315176284,0.04832171074981193,0.1286258130728047,0.06733402769093423,-0.08233194240672202,0.2747215429462102,53727.10393803933,3.025823256768829
5.10,2,bcr4bp_strict,15,0.03569783509903271,0.155,1.013616042759267,0.04812481755452156,0.1292776663466908,0.06689885697453296,-0.0831328369221339,0.2730889145685956,53943.02089988939,3.02582742653474
5.10,2,bcr4bp_strict,16,0.03807769077230156,0.1653333333333334,1.013774733885698,0.04792603057288528,0.1299256439779419,0.06646300654036912,-0.08392348247046308,0.2714644798765598,54157.71692057011,3.025831613306119
5.10,2,bcr4bp_strict,17,0.04045754644557041,0.1756666666666667,1.013932386963205,0.04772537400876398,0.1305697653032495,0.06602649754283971,-0.0847040356753609,0.2698481022924148,54371.19760483669,3.025835816944183
5.10,2,bcr4bp_strict,18,0.04283740211883925,0.186,1.014089000449245,0.04752287169820544,0.1312100493377192,0.06558935070380387,-0.08547464904179103,0.2682396481240975,54583.46846843849,3.02584003731136
5.10,2,bcr4bp_strict,19,0.04521725779210811,0.1963333333333334,1.014244572850088,0.04731854711908257,0.1318465147816461,0.06515158632586515,-0.08623547109268159,0.2666389864888591,54794.53493982515,3.025844274271259
5.10,2,bcr4bp_strict,20,0.04759711346537695,0.2066666666666667,1.014399102719835,0.04711242340041277,0.132479180027113,0.06471322430514474,-0.08698664650018284,0.2650459892393247,55004.40236181085,3.02584852768863
5.10,2,bcr4bp_strict,21,0.0499769691386458,0.2170000000000001,1.014552588659464,0.04690452333137123,0.1331080631644138,0.06427428414356808,-0.08772831621177549,0.263460530891839,55213.07599319873,3.025852797429323
5.10,2,bcr4bp_strict,22,0.05235682481191464,0.2273333333333334,1.01470502931591,0.04669486937000988,0.1337331819883102,0.06383478496068747,-0.08846061757146384,0.2618824885570202,55420.56101036583,3.025857083360261
5.10,2,bcr4bp_strict,23,0.05473668048518349,0.2376666666666667,1.014856423381165,0.0464834836516937,0.1343545540041247,0.06339474550506101,-0.08918368443627496,0.2603117418724427,55626.86250881013,3.025861385349405
5.10,2,bcr4bp_strict,24,0.05711653615845234,0.2480000000000001,1.015006769591408,0.04627038799726497,0.1349721964336766,0.06295418416520773,-0.08989764728827368,0.2587481729373748,55831.98550466036,3.025865703265715
5.10,2,bcr4bp_strict,25,0.05949639183172119,0.2583333333333334,1.015156066726164,0.04605560392094622,0.1355861262210651,0.06251311898015774,-0.09060263334229327,0.2571916662495017,56035.93493615002,3.025870036979124
5.10,2,bcr4bp_strict,26,0.06187624750499004,0.2686666666666667,1.015304313607482,0.04583915263799164,0.1361963600383031,0.06207156764961497,-0.09129876664957097,0.2556421086435632,56238.71566505614,3.025874386360508
5.10,2,bcr4bp_strict,27,0.06425610317825889,0.2790000000000001,1.015451509099139,0.04562105507209659,0.1368029142908084,0.06162954754374954,-0.09198616819746831,0.2540993892318412,56440.33247810404,3.02587875128165
5.10,2,bcr4bp_strict,28,0.06663595885152773,0.2893333333333334,1.015597652105869,0.04540133186257421,0.1374058051227548,0.06118707571263556,-0.09266495600544739,0.252563399346433,56640.79008833898,3.025883131615219
5.10,2,bcr4bp_strict,29,0.06901581452479658,0.2996666666666667,1.01574274157261,0.04518000337130798,0.1380050484222877,0.06074416889534989,-0.09333524521746495,0.2510340324832495,56840.09313646548,3.025887527234739
5.10,2,bcr4bp_strict,30,0.07139567019806542,0.3100000000000001,1.015886776483775,0.04495708968948848,0.138600659826609,0.06030084352874605,-0.09399714819093974,0.2495111842476787,57038.24619215527,3.025891938014557
5.10,2,bcr4bp_strict,31,0.07377552587133428,0.3203333333333334,1.016029755862544,0.04473261064414234,0.1391926547269342,0.05985711575591712,-0.0946507745824392,0.2479947523018596,57235.25375532476,3.025896363829828
5.10,2,bcr4bp_strict,32,0.07615538154460312,0.3306666666666667,1.016171678770173,0.04450658580446105,0.139781048273326,0.05941300143436086,-0.09529623143022571,0.2464846363135097,57431.12025738274,3.02590080455648
5.10,2,bcr4bp_strict,33,0.07853523721787196,0.341,1.016312544305326,0.04427903448793692,0.1403658553794077,0.05896851614385928,-0.09593362323379538,0.2449807379062552,57625.85006244922,3.025905260071191
5.10,2,bcr4bp_strict,34,0.08091509289114082,0.3513333333333334,1.016452351603419,0.0440499757663132,0.1409470907269604,0.05852367519408466,-0.096563052030536,0.2434829606114132,57819.44746854609,3.02590973025137
5.10,2,bcr4bp_strict,35,0.08329494856440967,0.3616666666666667,1.016591099835992,0.04381942847135505,0.1415247687704075,0.05807849363194324,-0.09718461746962473,0.2419912098211763,58011.91670876046,3.02591421497513
5.10,2,bcr4bp_strict,36,0.08567480423767851,0.3720000000000001,1.016728788210087,0.04358741120044789,0.1420989037411881,0.0576329862486674,-0.09779841688328043,0.2405053927431539,58203.26195238123,3.025918714121268
5.10,2,bcr4bp_strict,37,0.08805465991094735,0.3823333333333334,1.016865415967648,0.0433539423220291,0.1426695096520254,0.05718716758666652,-0.09840454535548013,0.2390254183562245,58393.48730600996,3.025923227569238
5.10,2,bcr4bp_strict,38,0.09043451558421621,0.3926666666666668,1.017000982384943,0.04311903998085924,0.1432366003010904,0.05674105194614614,-0.09900309578824378,0.2375511973676556,58582.59681464625,3.025927755199139
5.10,2,bcr4bp_strict,39,0.09281437125748505,0.4030000000000001,1.017135486771986,0.04288272210313817,0.1438001892760656,0.05629465339150514,-0.09959415896558699,0.2360826421714491,58770.59446274862,3.025932296891686
5.10,2,bcr4bp_strict,40,0.0951942269307539,0.4133333333333334,1.017268928471989,0.04264500640147177,0.1443602899581107,0.05584798575751929,-0.1001778236152365,0.2346196668078732,58957.48417527145,3.025936852528196
5.10,2,bcr4bp_strict,41,0.09757408260402275,0.4236666666666667,1.017401306860823,0.04240591037969428,0.1449169155257334,0.05540106265532006,-0.1007541764681986,0.2331621869241395,59143.26981867873,3.025941421990568
5.10,2,bcr4bp_strict,42,0.0999539382772916,0.4340000000000001,1.017532621346491,0.04216545133755142,0.1454700789585682,0.0549538974781765,-0.1013233023162671,0.2317101197361901,59327.95520193488,3.025946005161261
5.10,2,bcr4bp_strict,43,0.1023337939505604,0.4443333333333334,1.017662871368614,0.04192364637524891,0.146019793041065,0.0545065034070881,-0.1018852840675531,0.2302633839915585,59511.54407747369,3.02595060192328
5.10,2,bcr4bp_strict,44,0.1047136496238293,0.4546666666666667,1.017792056397937,0.04168051239787125,0.1465660703660915,0.05405889341619579,-0.1024402028001155,0.2288218999332672,59694.04014214571,3.025955212160158
5.10,2,bcr4bp_strict,45,0.1070935052970981,0.4650000000000001,1.01792017593584,0.04143606611967491,0.1471089233384497,0.05361108027801831,-0.1029881378137668,0.2273855892647318,59875.44703814439,3.025959835755936
5.10,2,bcr4bp_strict,46,0.109473360970367,0.4753333333333334,1.018047229513864,0.04119032406826047,0.1476483641783108,0.05316307656852056,-0.1035291666801258,0.2259543751156367,60055.7683539123,3.025964472595153
5.10,2,bcr4bp_strict,47,0.1118532166436358,0.4856666666666667,1.018173216693252,0.04094330258862752,0.14818440492457,0.05271489467202032,-0.1040633652909869,0.224528182008753,60235.00762502701,3.025969122562822
5.10,2,bcr4bp_strict,48,0.1142330723169047,0.4960000000000001,1.018298137064494,0.0406950178471165,0.1487170574381233,0.05226654678593961,-0.1045908079050704,0.223106935827667,60413.16833506779,3.025973785544424
5.10,2,bcr4bp_strict,49,0.1166129279901735,0.5063333333333334,1.018421990246892,0.04044548583524109,0.1492463334050682,0.05181804492540647,-0.105111567193216,0.2216905637853919,60590.25391646339,3.025978461425882
5.10,2,bcr4bp_strict,50,0.1189927836634424,0.5166666666666667,1.01854477588813,0.04019472237341486,0.1497722443398313,0.05136940092771273,-0.1056257142820809,0.2202789943938336,60766.26775132135,3.025983150093558
5.10,2,bcr4bp_strict,51,0.1213726393367112,0.527,1.018666493663854,0.03994274311457561,0.1502948015882239,0.05092062645663326,-0.1061333187963987,0.2188721574340844,60941.21317223954,3.025987851434231
5.10,2,bcr4bp_strict,52,0.1237524950099801,0.5373333333333334,1.018787143277269,0.03968956354771083,0.1508140163304279,0.05047173300661175,-0.1066344488998533,0.2174699839275184,61115.09346310002,3.02599256533509
5.10,2,bcr4bp_strict,53,0.1261323506832489,0.5476666666666667,1.018906724458733,0.03943519900128751,0.1513298995839141,0.05002273190681799,-0.1071291713346215,0.2160724061076629,61287.91185984598,3.025997291683712
5.10,2,bcr4bp_strict,54,0.1285122063565178,0.5580000000000002,1.019025236965377,0.03917966464658928,0.1518424622062937,0.04957363432508133,-0.1076175514596338,0.2146793573928228,61459.67155124195,3.026002030368058
5.10,2,bcr4bp_strict,55,0.1308920620297866,0.5683333333333335,1.01914268058072,0.03892297550096412,0.1523517148981067,0.04912445127170487,-0.1080996532876007,0.213290772359434,61630.37567961806,3.026006781276457
5.10,2,bcr4bp_strict,56,0.1332719177030555,0.5786666666666668,1.0192590551143,0.03866514643098521,0.1528576682055466,0.04867519360316467,-0.1085755395208525,0.2119065867161229,61800.02734159818,3.026011544297595
5.10,2,bcr4bp_strict,57,0.1356517733763243,0.5890000000000001,1.019374360401314,0.03840619215552802,0.1533603325231248,0.04822587202569809,-0.1090452715860333,0.2105267372784507,61968.62958881293,3.0260163193205
5.10,2,bcr4bp_strict,58,0.1380316290495932,0.5993333333333334,1.01948859630226,0.03814612724876599,0.1538597180962756,0.04777649709878541,-0.1095089096676952,0.209151161944322,62136.18542859751,3.026021106234538
5.10,2,bcr4bp_strict,59,0.140411484722862,0.6096666666666667,1.019601762702598,0.03788496614308767,0.1543558350239035,0.04732707923852824,-0.1099665127408297,0.2077797996700365,62302.69782467501,3.026025904929393
5.10,2,bcr4bp_strict,60,0.1427913403961308,0.6200000000000001,1.019713859512407,0.03762272313193757,0.1548486932608738,0.04687762872092863,-0.1104181386023776,0.206412590446964,62468.1696978253,3.026030715295068
5.10,2,bcr4bp_strict,61,0.1451711960693997,0.6303333333333335,1.01982488666606,0.03735941237258329,0.1553383026204492,0.0464281556850723,-0.1108638439017525,0.2050494752788257,62632.60392654011,3.026035537221861
5.10,2,bcr4bp_strict,62,0.1475510517426686,0.6406666666666668,1.019934844121897,0.03709504788881102,0.1558246727766724,0.04597867013621929,-0.1113036841704148,0.2036903961595611,62796.00334766445,3.02604037060037
5.10,2,bcr4bp_strict,63,0.1499309074159374,0.6510000000000001,1.020043731861916,0.03682964357355189,0.1563078132666966,0.04552918194880536,-0.1117377138505298,0.2023352960517645,62958.37075702482,3.02604521532147
5.10,2,bcr4bp_strict,64,0.1523107630892062,0.6613333333333334,1.020151549891459,0.03656321319144108,0.1567877334930663,0.04507970086935709,-0.1121659863227428,0.2009841188656731,63119.70891004439,3.026050071276313
5.10,2,bcr4bp_strict,65,0.1546906187624751,0.6716666666666667,1.020258298238917,0.03629577038131188,0.1572644427259476,0.04463023651932391,-0.1125885539331021,0.1996368094386914,63280.02052234566,3.026054938356316
5.10,2,bcr4bp_strict,66,0.1570704744357439,0.6820000000000001,1.020363976955429,0.03602732865862671,0.1577379501053109,0.04418079839782953,-0.1130054680191612,0.1982933135154347,63439.30827034074,3.026059816453151
5.10,2,bcr4bp_strict,67,0.1594503301090128,0.6923333333333334,1.0204685861146,0.03575790141784686,0.158208264643067,0.04373139588434596,-0.1134167789352869,0.1969535777282763,63597.57479180957,3.02606470545874
5.10,2,bcr4bp_strict,68,0.1618301857822816,0.7026666666666669,1.020572125812218,0.03548750193474298,0.1586753952251568,0.04328203824129238,-0.1138225360772043,0.1956175495783855,63754.82268646649,3.026069605265243
5.10,2,bcr4bp_strict,69,0.1642100414555505,0.7130000000000002,1.020674596165974,0.0352161433686481,0.159139350613597,0.04283273461656159,-0.1142227879058019,0.1942851774172392,63911.05451651532,3.026074515765055
5.10,2,bcr4bp_strict,70,0.1665898971288193,0.7233333333333335,1.020775997315198,0.03494383876465473,0.1596001394484822,0.04238349404597637,-0.1146175819702253,0.1929564104285957,64066.27280719316,3.026079436850795
5.10,2,bcr4bp_strict,71,0.1689697528020882,0.7336666666666668,1.020876329420594,0.03467060105575791,0.1600577702499446,0.0419343254556783,-0.1150069649302817,0.1916311986109148,64220.48004730346,3.026084368415298
5.10,2,bcr4bp_strict,72,0.171349608475357,0.7440000000000001,1.020975592663978,0.03439644306494568,0.1605122514200723,0.04148523766445094,-0.1153909825781811,0.1903094927602139,64373.67868973816,3.026089310351611
5.10,2,bcr4bp_strict,73,0.1737294641486259,0.7543333333333334,1.021073787248031,0.03412137750723866,0.1609635912447875,0.04103623938597989,-0.1157696798596346,0.1889912444533456,64525.8711519897,3.026094262552986
5.10,2,bcr4bp_strict,74,0.1761093198218947,0.7646666666666667,1.021170913396045,0.03384541699168002,0.161411797895685,0.04058733923105158,-0.1161431008943333,0.1876764060316848,64677.05981665262,3.026099224912869
5.10,2,bcr4bp_strict,75,0.1784891754951636,0.7750000000000001,1.021266971351688,0.03356857402327761,0.1618568794318331,0.04013854570969289,-0.1165112889958287,0.1863649305852142,64827.2470319154,3.026104197324901
5.10,2,bcr4bp_strict,76,0.1808690311684324,0.7853333333333335,1.021361961378759,0.03329086100489931,0.1622988438015362,0.03968986723325352,-0.1168742866908335,0.1850567719369972,64976.43511204245,3.026109179682905
5.10,2,bcr4bp_strict,77,0.1832488868417013,0.7956666666666669,1.021455883760963,0.03301229023912321,0.1627376988440617,0.03924131211643293,-0.1172321357379633,0.1837518846280252,65124.62633784673,3.026114171880885
5.10,2,bcr4bp_strict,78,0.1856287425149701,0.8060000000000002,1.021548738801676,0.03273287393004379,0.1631734522913306,0.03879288857925375,-0.1175848771459375,0.1824502239024308,65271.82295715303,3.026119173813019
5.10,2,bcr4bp_strict,79,0.188008598188239,0.8163333333333335,1.021640526823728,0.03245262418503547,0.1636061117695737,0.03834460474898323,-0.1179325511912579,0.1811517456930556,65418.02718525229,3.02612418537365
5.10,2,bcr4bp_strict,80,0.1903884538615078,0.8266666666666668,1.021731248169183,0.03217155301647456,0.1640356848009539,0.03789646866200441,-0.1182751974353807,0.1798564066073625,65563.24120534697,3.026129206457285
5.10,2,bcr4bp_strict,81,0.1927683095347766,0.8370000000000001,1.021820903199122,0.03188967234342115,0.1644621788051552,0.03744848826563885,-0.1186128547414008,0.1785641639136828,65707.46716898779,3.026134236958592
5.10,2,bcr4bp_strict,82,0.1951481652080455,0.8473333333333335,1.021909492293436,0.03160699399326158,0.1648856011009393,0.03700067141992208,-0.1189455612902624,0.1772749755277896,65850.70719650215,3.026139276772388
5.10,2,bcr4bp_strict,83,0.1975280208813144,0.8576666666666668,1.02199701585062,0.03132352970331315,0.1653059589076712,0.0365530258993336,-0.1192733545965122,0.1759887999997874,65992.96337741413,3.02614432579364
5.10,2,bcr4bp_strict,84,0.1999078765545832,0.8680000000000002,1.022083474287572,0.03103929112239166,0.1657232593468129,0.03610555939448259,-0.1195962715236101,0.174705596501309,66134.23777085649,3.026149383917458
5.10,2,bcr4bp_strict,85,0.202287732227852,0.8783333333333335,1.022168868039392,0.03075428981234316,0.166137509443388,0.03565827951375092,-0.1199143482988115,0.1734253248130123,66274.53240597482,3.026154451039093
5.10,2,bcr4bp_strict,86,0.2046675879011209,0.8886666666666668,1.022253197559192,0.03046853724954072,0.1665487161274166,0.03521119378489466,-0.1202276205276349,0.1721479453123678,66413.84928232392,3.026159527053929
5.10,2,bcr4bp_strict,87,0.2070474435743897,0.8990000000000001,1.022336463317904,0.03018204482634722,0.166956886235321,0.03476430965660551,-0.1205361232079279,0.1708734189617293,66552.19037025652,3.026164611857485
5.10,2,bcr4bp_strict,88,0.2094272992476586,0.9093333333333334,1.022418665804095,0.02989482385254523,0.1673620265113041,0.03431763450003314,-0.1208398907435452,0.1696017072966795,66689.55761130496,3.026169705345402
5.10,2,bcr4bp_strict,89,0.2118071549209274,0.9196666666666669,1.022499805523783,0.02960688555673467,0.1677641436086996,0.03387117561027007,-0.1211389569576494,0.1683327724146434,66825.95291855528,3.026174807413448
5.10,2,bcr4bp_strict,90,0.2141870105941963,0.9300000000000002,1.022579883000259,0.02931824108769935,0.1681632440912962,0.03342494020779961,-0.1214333551056481,0.1670665769637626,66961.37817701449,3.026179917957515
5.10,2,bcr4bp_strict,91,0.2165668662674651,0.9403333333333335,1.022658898773908,0.02902890151574308,0.1685593344346351,0.03297893543990869,-0.1217231178877778,0.165803084132022,67095.83524397081,3.026185036873606
5.10,2,bcr4bp_strict,92,0.218946721940734,0.9506666666666669,1.022736853402042,0.02873887783399625,0.1689524210272819,0.03253316838206612,-0.1220082774613457,0.1645422576366246,67229.32594934726,3.026190164057842
5.10,2,bcr4bp_strict,93,0.2213265776140028,0.9610000000000002,1.022813747458726,0.02844818095969372,0.1693425101720738,0.03208764603926755,-0.1222888654526403,0.1632840617136043,67361.85209604855,3.026195299406452
5.10,2,bcr4bp_strict,94,0.2237064332872717,0.9713333333333335,1.022889581534612,0.02815682173542472,0.1697296080873424,0.03164237534734819,-0.1225649129685208,0.1620284611076739,67493.41546030161,3.026200442815774
5.10,2,bcr4bp_strict,95,0.2260862889605405,0.9816666666666668,1.022964356236779,0.02786481093035546,0.1701137209081119,0.03119736317426395,-0.1228364506076954,0.160775421062299,67624.01779198962,3.026205594182253
5.10,2,bcr4bp_strict,96,0.2284661446338094,0.9920000000000002,1.02303807218857,0.02757215924142543,0.1704948546872752,0.03075261632134242,-0.1231035084716977,0.1595249073099943,67753.66081498004,3.026210753402435
5.10,2,bcr4bp_strict,97,0.2308460003070782,1.002333333333334,1.023110730029439,0.02727887729451781,0.1708730153967458,0.03030814152450415,-0.1233661161755715,0.1582768860628342,67882.34622744653,3.026215920372967
5.10,2,bcr4bp_strict,98,0.2332258559803471,1.012666666666667,1.023182330414789,0.02698497564560473,0.1712482089285881,0.02986394545545534,-0.1236243028582709,0.1570313240031734,68010.07570218475,3.026221094990591
5.10,2,bcr4bp_strict,99,0.2356057116536159,1.023,1.02325287401583,0.02669046478186833,0.1716204410961261,0.02942003472285281,-0.1238780971927864,0.1557881882745717,68136.85088692277,3.026226277152148
5.10,2,bcr4bp_strict,100,0.2379855673268848,1.033333333333333,1.023322361519424,0.0263953551227978,0.1719897176350303,0.02897641587344189,-0.1241275273960038,0.1545474464729175,68262.67340462525,3.02623146675457
5.10,2,bcr4bp_strict,101,0.2403654230001536,1.043666666666667,1.023390793627939,0.02609965702126339,0.1723560442043833,0.02853309539316816,-0.1243726212383047,0.1533090666377447,68387.5448537926,3.026236663694881
5.10,2,bcr4bp_strict,102,0.2427452786734224,1.054,1.02345817105911,0.02580338076456789,0.1727194263877263,0.02809007970826391,-0.1246134060529157,0.152073017243738,68511.46680875425,3.026241867870196
5.10,2,bcr4bp_strict,103,0.2451251343466913,1.064333333333333,1.023524494545894,0.02550653657547606,0.1730798696940841,0.0276473751863097,-0.1248499087450149,0.1508392671924219,68634.44081995692,3.026247079177716
5.10,2,bcr4bp_strict,104,0.2475049900199602,1.074666666666667,1.023589764836334,0.02520913461322275,0.1734373795589714,0.02720498813727222,-0.1250821558006014,0.1496077858040283,68756.46841424739,3.026252297514728
5.10,2,bcr4bp_strict,105,0.249884845693229,1.085,1.023653982693422,0.02491118497450019,0.17379196134538,0.02676292481451867,-0.1253101732951356,0.1483785428095391,68877.55109515037,3.026257522778605
5.10,2,bcr4bp_strict,106,0.2522647013664978,1.095333333333333,1.023717148894965,0.02461269769442489,0.1741436203447468,0.02632119141580875,-0.1255339869019569,0.147151508342897,68997.69034314118,3.026262754866802
5.10,2,bcr4bp_strict,107,0.2546445570397667,1.105666666666667,1.023779264233457,0.02431368274748484,0.1744923617779034,0.02587979408426455,-0.1257536219004863,0.1459266529333828,69116.8876159137,3.026267993676856
5.10,2,bcr4bp_strict,108,0.2570244127130356,1.116,1.023840329515944,0.02401415004846751,0.1748381907960088,0.02543873890931938,-0.1259691031842174,0.1447039474981535,69235.14434864334,3.026273239106384
5.10,2,bcr4bp_strict,109,0.2594042683863044,1.126333333333333,1.023900345563903,0.02371410945336886,0.175181112481463,0.02499803192764563,-0.1261804552685053,0.1434833633349374,69352.46195424534,3.026278491053084
5.10,2,bcr4bp_strict,110,0.2617841240595732,1.136666666666667,1.023959313213116,0.0234135707602843,0.1755211318488047,0.02455767912406272,-0.1263877022981569,0.1422648721148815,69468.84182362861,3.026283749414731
5.10,2,bcr4bp_strict,111,0.2641639797328421,1.147,1.024017233313547,0.02311254371028164,0.1758582538455911,0.02411768643242556,-0.1265908680548294,0.1410484458755492,69584.28532594476,3.026289014089176
5.10,2,bcr4bp_strict,112,0.2665438354061109,1.157333333333334,1.024074106729221,0.02281103798825672,0.1761924833532624,0.02367805973649389,-0.1267899759642414,0.1398340570140623,69698.7938088329,3.026294284974351
5.10,2,bcr4bp_strict,113,0.2689236910793797,1.167666666666667,1.024129934338108,0.02250906322377213,0.1765238251879889,0.02323880487078339,-0.1269850491032038,0.1386216782803852,69812.36859866008,3.02629956196826
5.10,2,bcr4bp_strict,114,0.2713035467526486,1.178,1.024184717032003,0.02220662899187932,0.176852284101503,0.02279992762139866,-0.1271761102064734,0.1374112827707468,69925.01100075731,3.026304844968984
5.10,2,bcr4bp_strict,115,0.2736834024259175,1.188333333333334,1.024238455716419,0.02190374481392469,0.1771778647819158,0.02236143372684908,-0.1273631816734361,0.1362028439211976,70036.72229965169,3.026310133874678
5.10,2,bcr4bp_strict,116,0.2760632580991863,1.198666666666667,1.024291151310464,0.02160042015833991,0.1775005718545181,0.02192332887884757,-0.1275462855746229,0.1349963355012971,70147.50375929399,3.026315428583571
5.10,2,bcr4bp_strict,117,0.2784431137724552,1.209,1.024342804746742,0.02129666444141697,0.1778204098825666,0.02148561872309298,-0.1277254436580649,0.1337917316079301,70257.35662328274,3.026320728993966
5.10,2,bcr4bp_strict,118,0.280822969445724,1.219333333333333,1.024393416971235,0.02099248702806829,0.178137383368056,0.02104830886003659,-0.1279006773554903,0.1325890066592474,70366.282115084,3.02632603500424
5.10,2,bcr4bp_strict,119,0.2832028251189929,1.229666666666667,1.024442988943203,0.02068789723257223,0.1784514967524761,0.02061140484563297,-0.1280720077883691,0.1313881353887278,70474.28143824739,3.026331346512841
5.10,2,bcr4bp_strict,120,0.2855826807922617,1.24,1.024491521635075,0.02038290431930442,0.1787627544175556,0.02017491219207593,-0.1282394557738086,0.1301890928393598,70581.35577661829,3.026336663418292
5.10,2,bcr4bp_strict,121,0.2879625364655305,1.250333333333334,1.024539016032345,0.02007751750345524,0.1790711606859916,0.01973883636851967,-0.1284030418303046,0.1289918543579379,70687.50629454653,3.02634198561919
5.10,2,bcr4bp_strict,122,0.2903423921387994,1.260666666666667,1.024585473133477,0.01977174595173374,0.1793767198221663,0.01930318280178574,-0.1285627861833517,0.1277963955894722,70792.73413709101,3.026347313014201
5.10,2,bcr4bp_strict,123,0.2927222478120682,1.271,1.024630893949795,0.01946559878305847,0.1796794360328496,0.01886795687705621,-0.1287187087709172,0.1266026924717087,70897.04043022118,3.026352645502068
5.10,2,bcr4bp_strict,124,0.2951021034853371,1.281333333333334,1.024675279505393,0.01915908506923526,0.1799793134678901,0.01843316393855334,-0.1288708292487814,0.1254107212297561,71000.42628101469,3.026357982981602
5.10,2,bcr4bp_strict,125,0.2974819591586059,1.291666666666667,1.024718630837036,0.01885221383562266,0.1802763562208921,0.01799880929020614,-0.1290191669957486,0.1242204583708179,71102.89277785184,3.026363325351694
5.10,2,bcr4bp_strict,126,0.2998618148318748,1.302,1.024760948994062,0.01854499406178499,0.1805705683298808,0.01756489819630433,-0.1291637411187322,0.1230318806790264,71204.44099060644,3.026368672511303
5.10,2,bcr4bp_strict,127,0.3022416705051436,1.312333333333333,1.024802235038293,0.01823743468213346,0.1808619537779559,0.01713143588213979,-0.1293045704577168,0.1218449652103771,71305.07197083347,3.026374024359463
5.10,2,bcr4bp_strict,128,0.3046215261784125,1.322666666666667,1.024842490043939,0.01792954458655565,0.1811505164939319,0.01669842753463613,-0.129441673590601,0.1206596892877599,71404.7867519534,3.026379380795285
5.10,2,bcr4bp_strict,129,0.3070013818516814,1.333,1.02488171509751,0.01762133262103359,0.1814362603529678,0.01626587830296652,-0.1295750688379245,0.1194760304960847,71503.58634943343,3.026384741717951
5.10,2,bcr4bp_strict,130,0.3093812375249502,1.343333333333333,1.024919911297725,0.01731280758825073,0.1817191891771853,0.01583379329916021,-0.129704774267481,0.1182939666775013,71601.47176096553,3.026390107026719
5.10,2,bcr4bp_strict,131,0.311761093198219,1.353666666666667,1.024957079755427,0.01700397824818803,0.1819993067362746,0.01540217759869796,-0.1298308076988219,0.1171134759267077,71698.44396664125,3.026395476620926
5.10,2,bcr4bp_strict,132,0.3141409488714879,1.364,1.024993221593493,0.01669485331870954,0.1822766167480906,0.01497103624109682,-0.1299531867076519,0.1159345365863486,71794.50392912379,3.026400850399981
5.10,2,bcr4bp_strict,133,0.3165208045447567,1.374333333333334,1.025028337946753,0.01638544147613754,0.1825511228792375,0.01454037423048435,-0.130071928630121,0.1147571272424982,71889.65259381681,3.026406228263372
5.10,2,bcr4bp_strict,134,0.3189006602180255,1.384666666666667,1.025062429961903,0.01607575135581767,0.1828228287456425,0.01411019653616298,-0.1301870505670137,0.1135812267202288,71983.8908890305,3.026411610110666
5.10,2,bcr4bp_strict,135,0.3212805158912944,1.395,1.025095498797425,0.01576579155267418,0.1830917379131196,0.01368050809316421,-0.1302985693878398,0.1124068140792597,72077.2197261448,3.026416995841507
5.10,2,bcr4bp_strict,136,0.3236603715645633,1.405333333333334,1.025127545623505,0.01545557062175553,0.1833578538979231,0.01325131380279345,-0.1304065017348278,0.1112338686096881,72169.6399997696,3.026422385355619
5.10,2,bcr4bp_strict,137,0.3260402272378321,1.415666666666667,1.025158571621955,0.01514509707877069,0.1836211801672905,0.01282261853316547,-0.1305108640268254,0.110062369827796,72261.15258790232,3.026427778552806
5.10,2,bcr4bp_strict,138,0.328420082911101,1.426,1.025188577986132,0.01483437940061613,0.1838817201399762,0.01239442711973084,-0.1306116724631066,0.1088922974719355,72351.75835208279,3.026433175332955
5.10,2,bcr4bp_strict,139,0.3307999385843698,1.436333333333333,1.025217565920864,0.01452342602589399,0.184139477186775,0.01196674436579363,-0.1307089430270906,0.1077236314984871,72441.45813754539,3.026438575596034
5.10,2,bcr4bp_strict,140,0.3331797942576387,1.446666666666667,1.025245536642369,0.01421224535542139,0.1843944546310362,0.01153957504302046,-0.1308026914899733,0.1065563520778914,72530.25277336847,3.026443979242095
5.10,2,bcr4bp_strict,141,0.3355596499309075,1.457,1.025272491378189,0.01390084575273132,0.1846466557491684,0.01111292389194136,-0.1308929334142734,0.1053904395907516,72618.14307262146,3.026449386171273
5.10,2,bcr4bp_strict,142,0.3379395056041763,1.467333333333334,1.025298431367106,0.01358923554456505,0.1848960837711355,0.0106867956224426,-0.1309796841572959,0.1042258746240053,72705.12983250912,3.026454796283793
5.10,2,bcr4bp_strict,143,0.3403193612774452,1.477666666666667,1.025323357859078,0.01327742302135657,0.1851427418809425,0.01026119491425159,-0.1310629588745147,0.1030626379671644,72791.21383451355,3.026460209479963
5.10,2,bcr4bp_strict,144,0.342699216950714,1.488,1.025347272115165,0.01296541643770885,0.1853866332171137,0.009836126417414255,-0.1311427725228768,0.1019007106086199,72876.3958445335,3.02646562566018
5.10,2,bcr4bp_strict,145,0.3450790726239829,1.498333333333334,1.025370175407455,0.01265322401286252,0.1856277608731618,0.009411594752764993,-0.1312191398640289,0.1007400737320128,72960.6766130215,3.026471044724932
5.10,2,bcr4bp_strict,146,0.3474589282972517,1.508666666666667,1.025392069019003,0.01234085393115693,0.1858661278980476,0.008987604512389575,-0.1312920754674693,0.09958070871266679,73044.0568751184,3.026476466574796
5.10,2,bcr4bp_strict,147,0.3498387839705206,1.519,1.025412954243756,0.01202831434248365,0.186101737296633,0.00856416026008085,-0.1313615937136274,0.09842259711408258,73126.53735078577,3.026481891110444
5.10,2,bcr4bp_strict,148,0.3522186396437894,1.529333333333333,1.02543283238649,0.01171561336273292,0.1863345920301238,0.008141266531788005,-0.1314277087968704,0.09726572068449302,73208.1187449359,3.026487318232639
5.10,2,bcr4bp_strict,149,0.3545984953170583,1.539666666666667,1.025451704762742,0.01140275907423291,0.1865646950165057,0.007718927836058979,-0.1314904347284416,0.09611006135347588,73288.80174755941,3.026492747842241
5.10,2,bcr4bp_strict,150,0.3569783509903272,1.55,1.025469572698749,0.01108975952618211,0.1867920491309722,0.007297148654476779,-0.13154978533933,0.09495560122862469,73368.5870338509,3.026498179840206
5.10,2,bcr4bp_strict,151,0.359358206663596,1.560333333333334,1.025486437531379,0.01077662273507496,0.1870166572063438,0.006875933442089387,-0.1316057742830737,0.09380232259227485,73447.47526433223,3.026503614127587
5.10,2,bcr4bp_strict,152,0.3617380623368648,1.570666666666667,1.025502300608074,0.01046335668512086,0.1872385220334801,0.0064552866278338,-0.1316584150384987,0.09265020789828465,73525.46708497367,3.026509050605539
5.10,2,bcr4bp_strict,153,0.3641179180101337,1.581,1.025517163286783,0.01014996932865681,0.1874576463616847,0.006035212614954335,-0.1317077209123941,0.09149923976886971,73602.56312731293,3.02651448917532
5.10,2,bcr4bp_strict,154,0.3664977736834025,1.591333333333334,1.025531026935905,0.009836468586553669,0.1876740328991016,0.00561571578141509,-0.1317537050421259,0.09034940099148901,73678.76400857205,3.026519929738285
5.10,2,bcr4bp_strict,155,0.3688776293566713,1.601666666666667,1.025543892934228,0.009522862348616341,0.187887684313105,0.00519680048030722,-0.1317963803981902,0.08920067451578226,73754.07033177247,3.026525372195898
5.10,2,bcr4bp_strict,156,0.3712574850299402,1.612,1.025555762670872,0.00920915847397788,0.188098603230682,0.004778471040250648,-0.1318357597867076,0.08805304345055644,73828.48268584766,3.026530816449732
5.10,2,bcr4bp_strict,157,0.3736373407032091,1.622333333333334,1.025566637545228,0.008895364791487819,0.1883067922388071,0.004360731765790877,-0.1318718558518598,0.08690649106082113,73902.00164575412,3.026536262401463
5.10,2,bcr4bp_strict,158,0.3760171963764779,1.632666666666667,1.025576518966903,0.008581489100094689,0.1885122538848113,0.003943586937790715,-0.1319046810782706,0.085761000764871,73974.62777258025,3.026541709952881
5.10,2,bcr4bp_strict,159,0.3783970520497468,1.643,1.025585408355665,0.008267539169222949,0.1887149906767428,0.003527040813817188,-0.1319342477933313,0.08461655613141436,74046.36161365331,3.026547159005886
5.10,2,bcr4bp_strict,160,0.3807769077230156,1.653333333333334,1.025593307141387,0.007953522739144516,0.1889150050837221,0.003111097628523923,-0.1319605681694722,0.08347314087674713,74117.20370264437,3.026552609462492
5.10,2,bcr4bp_strict,161,0.3831567633962845,1.663666666666667,1.025600216763992,0.007639447521344828,0.1891122995362895,0.002695761594028884,-0.1319836542263826,0.08233073886197051,74187.15455967162,3.026558061224829
5.10,2,bcr4bp_strict,162,0.3855366190695533,1.674,1.025606138673402,0.007325321198883831,0.1893068764267467,0.002281036900287865,-0.1320035178331788,0.08118933409025191,74256.21469140156,3.026563514195146
5.10,2,bcr4bp_strict,163,0.3879164747428221,1.684333333333334,1.025611074329483,0.007011151426751721,0.1894987381094918,0.001866927715463704,-0.1320201707105216,0.08004891070412762,74324.38459114857,3.026568968275808
5.10,2,bcr4bp_strict,164,0.390296330416091,1.694666666666667,1.025615025201997,0.006696945832219829,0.1896878869013473,0.001453438186291492,-0.1320336244326857,0.07890945298284664,74391.66473897247,3.026574423369306
5.10,2,bcr4bp_strict,165,0.3926761860893598,1.705,1.025617992770547,0.006382712015186563,0.1898743250818828,0.001040572438439843,-0.1320438904295801,0.07777094533975443,74458.05560177454,3.026579879378251
5.10,2,bcr4bp_strict,166,0.3950560417626287,1.715333333333334,1.025619978524532,0.006068457548518598,0.1900580548937311,0.0006283345768683112,-0.1320509799887227,0.07663337231971554,74523.55763339161,3.026585336205381
5.10,2,bcr4bp_strict,167,0.3974358974358975,1.725666666666667,1.025620983963096,0.005754189978387495,0.1902390785428977,0.0002167286861812782,-0.1320549042571676,0.07549671859657478,74588.1712746884,3.026590793753562
5.10,2,bcr4bp_strict,168,0.3998157531091664,1.736,1.025621010595077,0.005439916824601675,0.1904173981990653,-0.0001942411690218345,-0.132055674243389,0.07436096897065504,74651.89695364839,3.026596251925788
5.10,2,bcr4bp_strict,169,0.4021956087824352,1.746333333333334,1.025620059938966,0.00512564558093408,0.1905930159958914,-0.0006045709437995455,-0.1320533008191197,0.07322610836629193,74714.73508546277,3.026601710625188
5.10,2,bcr4bp_strict,170,0.4045754644557041,1.756666666666667,1.025618133522856,0.004811383715445396,0.1907659340313008,-0.001014256612524801,-0.1320477947211479,0.07209212182940332,74776.68607261767,3.026607169755021
5.10,2,bcr4bp_strict,171,0.406955320128973,1.767,1.025615232884398,0.004497138670803155,0.1909361543677722,-0.001423294168544423,-0.1320391665530707,0.07095899452509402,74837.7503049802,3.026612629218687
5.10,2,bcr4bp_strict,172,0.4093351758022418,1.777333333333334,1.025611359570755,0.00418291786459664,0.1911036790326187,-0.001831679623841643,-0.1320274267870077,0.06982671173529376,74897.92815988218,3.02661808891972
5.10,2,bcr4bp_strict,173,0.4117150314755106,1.787666666666667,1.025606515138561,0.003868728689647773,0.1912685100182632,-0.002239409008701526,-0.1320125857652728,0.06869525885642816,74957.22000220303,3.026623548761793
5.10,2,bcr4bp_strict,174,0.4140948871487795,1.798,1.025600701153873,0.003554578514318119,0.1914306492825083,-0.002646478371379186,-0.1319946537020073,0.06756462139712201,75015.6261844504,3.02662900864873
5.10,2,bcr4bp_strict,175,0.4164747428220483,1.808333333333334,1.025593919192135,0.003240474682811969,0.1915900987488005,-0.003052883777770672,-0.1319736406847747,0.06643478497593358,75073.14704683973,3.02663446848449
5.10,2,bcr4bp_strict,176,0.4188545984953171,1.818666666666667,1.025586170838131,0.002926424515475766,0.1917468603064888,-0.003458621311086374,-0.1319495566761162,0.06530573531911979,75129.78291737205,3.026639928173187
5.10,2,bcr4bp_strict,177,0.421234454168586,1.829,1.025577457685945,0.002612435309093773,0.1919009358110792,-0.003863687071526936,-0.1319224115150707,0.0641774582584308,75185.53411191022,3.02664538761908
5.10,2,bcr4bp_strict,178,0.4236143098418549,1.839333333333334,1.025567781338925,0.002298514337180266,0.1920523270844823,-0.00426807717596141,-0.1318922149186569,0.063049939728934,75240.40093425386,3.026650846726582
5.10,2,bcr4bp_strict,179,0.4259941655151237,1.849666666666667,1.025557143409639,0.001984668850268176,0.1922010359152573,-0.004671787757607694,-0.1318589764833206,0.06192316576686609,75294.3836762127,3.026656305400257
5.10,2,bcr4bp_strict,180,0.4283740211883926,1.86,1.025545545519837,0.001670906076194326,0.1923470640588495,-0.0050748149657151,-0.131822705686347,0.06079712250751276,75347.48261767828,3.02666176354483
5.10,2,bcr4bp_strict,181,0.4307538768616614,1.870333333333334,1.025532989300418,0.00135723322038142,0.1924904132378245,-0.005477154965248851,-0.1317834118872381,0.05967179618311556,75399.69802669455,3.026667221065183
5.10,2,bcr4bp_strict,182,0.4331337325349303,1.880666666666667,1.025519476391385,0.001043657466116686,0.1926310851420956,-0.005878803936576571,-0.131741104329057,0.05854717312080447,75451.0301595268,3.026672677866357
5.10,2,bcr4bp_strict,183,0.4355135882081991,1.891,1.025505008441818,0.0007301859748274773,0.1927690814291475,-0.006279758075156473,-0.1316957921397389,0.05742323974055664,75501.4792607292,3.02667813385356
5.10,2,bcr4bp_strict,184,0.4378934438814679,1.901333333333334,1.025489587109829,0.000416825886353669,0.1929044037242551,-0.006680013591227388,-0.13164748433337,0.0562999825531794,75551.04556321097,3.026683588932164
5.10,2,bcr4bp_strict,185,0.4402732995547368,1.911666666666667,1.025473214062535,0.0001035843192171698,0.193037053620697,-0.00707956670950026,-0.1315961898114341,0.05517738815831799,75599.72928830123,3.02668904300771
5.10,2,bcr4bp_strict,186,0.4426531552280056,1.922,1.025455890976019,-0.000209531629111581,0.1931670326799644,-0.007478413668851211,-0.1315419173640289,0.05405544324248668,75647.53064581232,3.02669449598591
5.10,2,bcr4bp_strict,187,0.4450330109012745,1.932333333333334,1.025437619535299,-0.0005225148819499642,0.1932943424319662,-0.007876550722016025,-0.1314846756710508,0.05293413457712268,75694.44983410195,3.026699947772648
5.10,2,bcr4bp_strict,188,0.4474128665745433,1.942666666666667,1.025418401434296,-0.0008353583831422508,0.1934189843752281,-0.008273974135285888,-0.13142447330335,0.05181344901666287,75740.48704013375,3.026705398273986
5.10,2,bcr4bp_strict,189,0.4497927222478122,1.953,1.025398238375798,-0.001148055096801489,0.1935409599770881,-0.008670680188204412,-0.1313613187238563,0.05069337349664176,75785.64243953678,3.026710847396163
5.10,2,bcr4bp_strict,190,0.452172577921081,1.963333333333334,1.025377132071435,-0.00146059800705392,0.1936602706738874,-0.009066665173265594,-0.1312952202886758,0.0495738950318111,75829.91619666356,3.026716295045599
5.10,2,bcr4bp_strict,191,0.4545524335943499,1.973666666666667,1.025355084241642,-0.001772980117786094,0.1937769178711565,-0.009461925395613106,-0.1312261862481584,0.04845500071427953,75873.30846464679,3.026721741128898
5.10,2,bcr4bp_strict,192,0.4569322892676188,1.984,1.025332096615635,-0.002085194452394371,0.1938909029437974,-0.009856457172740243,-0.1311542247479389,0.0473366777116728,75915.81938545486,3.026727185552846
5.10,2,bcr4bp_strict,193,0.4593121449408876,1.994333333333334,1.025308170931377,-0.002397234053536947,0.1940022272362607,-0.01025025683419089,-0.1310793438299489,0.04621891326531302,75957.44908994589,3.026732628224425
5.10,2,bcr4bp_strict,194,0.4616920006141564,2.004666666666667,1.025283308935555,-0.002709091982888264,0.1941108920627193,-0.0106433207212611,-0.1310015514334026,0.04510169468841682,75998.19769792084,3.026738069050799
5.10,2,bcr4bp_strict,195,0.4640718562874253,2.015,1.025257512383548,-0.003020761320895639,0.194216898707237,-0.01103564518670143,-0.1309208553957561,0.04398500936431216,76038.06531817499,3.026743507939332
5.10,2,bcr4bp_strict,196,0.4664517119606941,2.025333333333334,1.025230783039401,-0.003332235166538279,0.1943202484239335,-0.01142722659441984,-0.1308372634536396,0.04286884474467247,76077.05204854844,3.026748944797581
5.10,2,bcr4bp_strict,197,0.4688315676339629,2.035666666666667,1.0252031226758,-0.003643506637088349,0.194420942437145,-0.011818061319185,-0.1307507832437652,0.04175318834776853,76115.15797597521,3.026754379533303
5.10,2,bcr4bp_strict,198,0.4712114233072318,2.046,1.025174533074046,-0.003954568867874303,0.1945189819415803,-0.01220814574633015,-0.1306614223038082,0.04063802775673669,76152.38317653116,3.026759812054454
5.10,2,bcr4bp_strict,199,0.4735912789805006,2.056333333333333,1.02514501602403,-0.004265415012046144,0.1946143681024735,-0.01259747627145703,-0.1305691880732643,0.03952335061786361,76188.72771548081,3.026765242269196
5.10,2,bcr4bp_strict,200,0.4759711346537695,2.066666666666667,1.02511457332421,-0.004576038240342835,0.1947071020557319,-0.0129860493001403,-0.1304740878942817,0.03840914463888648,76224.19164732272,3.026770670085895
5.10,2,bcr4bp_strict,201,0.4783509903270384,2.077,1.025083206781584,-0.004886431740861536,0.1947971849080808,-0.01337386124763185,-0.1303761290124693,0.03729539758730873,76258.77501583389,3.026776095413128
5.10,2,bcr4bp_strict,202,0.4807308460003072,2.087333333333333,1.025050918211673,-0.005196588718828816,0.1948846177372029,-0.01376090853856535,-0.1302753185776808,0.03618209728873029,76292.47785411277,3.026781518159683
5.10,2,bcr4bp_strict,203,0.4831107016735761,2.097666666666667,1.025017709438495,-0.005506502396373702,0.1949694015918756,-0.01414718760666067,-0.1301716636447761,0.03506923162519201,76325.30018462139,3.026786938234562
5.10,2,bcr4bp_strict,204,0.4854905573468449,2.108,1.024983582294543,-0.005816166012302436,0.1950515374921023,-0.01453269489442817,-0.1300651711743586,0.0339567885335342,76357.24201922587,3.026792355546982
5.10,2,bcr4bp_strict,205,0.4878704130201137,2.118333333333334,1.024948538620768,-0.006125572821875074,0.1951310264292419,-0.01491742685287287,-0.1299558480334904,0.03284475600376799,76388.30335923619,3.026797770006383
5.10,2,bcr4bp_strict,206,0.4902502686933826,2.128666666666667,1.024912580266557,-0.006434716096583645,0.1952078693661326,-0.01530137994119824,-0.1298437009963847,0.03173312207746001,76418.48419544457,3.026803181522424
5.10,2,bcr4bp_strict,207,0.4926301243666514,2.139,1.024875709089713,-0.006743589123932033,0.1952820672372132,-0.01568455062650967,-0.1297287367450758,0.03062187484612895,76447.78450816269,3.02680859000499
5.10,2,bcr4bp_strict,208,0.4950099800399203,2.149333333333334,1.02483792695644,-0.007052185207217341,0.1953536209486397,-0.0160669353835174,-0.129610961870068,0.02951100244965445,76476.20426725794,3.026813995364193
5.10,2,bcr4bp_strict,209,0.4973898357131891,2.159666666666667,1.02479923574132,-0.007360497665312832,0.195422531378399,-0.01644853069423907,-0.1294903828709623,0.02840049307469719,76503.74343218836,3.026819397510374
5.10,2,bcr4bp_strict,210,0.499769691386458,2.17,1.024759637327302,-0.007668519832452333,0.1954887993764176,-0.01682933304770157,-0.1293670061570615,0.02729033495312998,76530.40195203644,3.026824796354108
5.10,2,bcr4bp_strict,211,0.5021495470597268,2.180333333333333,1.02471913360568,-0.007976245058015995,0.1955524257646683,-0.01720933893964203,-0.1292408380479549,0.0261805163604797,76556.17976554198,3.026830191806206
5.10,2,bcr4bp_strict,212,0.5045294027329956,2.190666666666667,1.02467772647608,-0.008283666706317503,0.1956134113372716,-0.01758854487220824,-0.129111884774082,0.025071025614379,76581.07680113359,3.026835583777715
5.10,2,bcr4bp_strict,213,0.5069092584062646,2.201000000000001,1.024635417846448,-0.008590778156392564,0.195671756860594,-0.01796694735365821,-0.1289801524772753,0.02396185107302791,76605.09297695928,3.026840972179923
5.10,2,bcr4bp_strict,214,0.5092891140795334,2.211333333333334,1.02459220963303,-0.008897572801788593,0.1957274630733432,-0.01834454289805848,-0.1288456472112832,0.02285298113366491,76628.22820091574,3.026846356924362
5.10,2,bcr4bp_strict,215,0.5116689697528022,2.221666666666667,1.024548103760362,-0.009204044050355787,0.1957805306866589,-0.01872132802498171,-0.1287083749422724,0.02174440423104635,76650.48237067675,3.026851737922809
5.10,2,bcr4bp_strict,216,0.5140488254260711,2.232000000000001,1.024503102161256,-0.009510185324039218,0.1958309603842003,-0.01909729925920304,-0.1285683415493106,0.0206361088359347,76671.8553737202,3.02685711508729
5.10,2,bcr4bp_strict,217,0.5164286810993399,2.242333333333334,1.024457206776791,-0.009815990058672076,0.1958787528222299,-0.01947245313039514,-0.1284255528248296,0.01952808345359494,76692.34708735434,3.026862488330084
5.10,2,bcr4bp_strict,218,0.5188085367726087,2.252666666666667,1.024410419556298,-0.01012145170377009,0.1959239086296944,-0.01984678617282212,-0.128280014475069,0.01842031662229797,76711.95737874265,3.02686785756372
5.10,2,bcr4bp_strict,219,0.5211883924458776,2.263,1.02436274245735,-0.01042656372232686,0.1959664284083004,-0.02022029492503199,-0.1281317321204999,0.01731279691183177,76730.68610492775,3.026873222700987
5.10,2,bcr4bp_strict,220,0.5235682481191465,2.273333333333334,1.024314177445753,-0.01073131959061026,0.1960063127325889,-0.02059297592954764,-0.1279807112962303,0.01620551292201915,76748.53311285422,3.026878583654931
5.10,2,bcr4bp_strict,221,0.5259481037924153,2.283666666666667,1.024264726495539,-0.01103571279795969,0.1960435621500039,-0.0209648257325563,-0.1278269574523914,0.01509845328124199,76765.49823939032,3.026883940338863
5.10,2,bcr4bp_strict,222,0.5283279594656841,2.294,1.024214391588953,-0.01133973684658437,0.1960781771809594,-0.02133584088359741,-0.1276704759545047,0.01399160664497113,76781.58131134864,3.026889292666356
5.10,2,bcr4bp_strict,223,0.530707815138953,2.304333333333334,1.024163174716449,-0.01164338525136234,0.1961101583189018,-0.02170601793524878,-0.1275112720838307,0.01288496169430221,76796.78214550565,3.026894640551248
5.10,2,bcr4bp_strict,224,0.5330876708122219,2.314666666666667,1.024111077876683,-0.01194665153964031,0.1961395060303691,-0.02207535344281072,-0.1273493510376992,0.01177850713449675,76811.1005486201,3.026899983907654
5.10,2,bcr4bp_strict,225,0.5354675264854907,2.325,1.024058103076504,-0.01224952925103437,0.1961662207550469,-0.0224438439639887,-0.1271847179298212,0.01067223169352755,76824.53631745065,3.026905322649955
5.10,2,bcr4bp_strict,226,0.5378473821587595,2.335333333333334,1.024004252330952,-0.01255201193723128,0.1961903029058204,-0.02281148605857371,-0.1270173777905826,0.009566124120628985,76837.08923877186,3.026910656692809
5.10,2,bcr4bp_strict,227,0.5402272378320284,2.345666666666667,1.023949527663252,-0.01285409316179053,0.1962117528688237,-0.02317827628812063,-0.1268473355673196,0.008460173184851065,76848.7590893898,3.026915985951155
5.10,2,bcr4bp_strict,228,0.5426070935052972,2.356,1.023893931104809,-0.01315576649994696,0.1962305710034847,-0.02354421121562444,-0.1266745961245765,0.007354367673617389,76859.54563615601,3.026921310340207
5.10,2,bcr4bp_strict,229,0.544986949178566,2.366333333333333,1.023837464695208,-0.01345702553841405,0.1962467576425678,-0.02390928740519435,-0.1264991642443451,0.006248696391285819,76869.44863598063,3.026926629775466
5.10,2,bcr4bp_strict,230,0.547366804851835,2.376666666666667,1.023780130482208,-0.01375786387518777,0.1962603130922118,-0.02427350142172545,-0.126321044626287,0.005143148157712496,76878.46783584455,3.026931944172719
5.10,2,bcr4bp_strict,231,0.5497466605251038,2.387,1.023721930521744,-0.01405827511935078,0.1962712376319655,-0.02463684983056781,-0.1261402418879375,0.004037711806818329,76886.6029728103,3.02693725344804
5.10,2,bcr4bp_strict,232,0.5521265161983726,2.397333333333334,1.023662866877925,-0.01435825289087729,0.1962795315148195,-0.02499932919719347,-0.1259567605648927,0.002932376185157077,76893.85377403194,3.026942557517794
5.10,2,bcr4bp_strict,233,0.5545063718716414,2.407666666666667,1.023602941623032,-0.01465779082043827,0.1962851949672341,-0.02536093608686038,-0.125770605110978,0.001827130150485682,76900.21995676396,3.02694785629864
5.10,2,bcr4bp_strict,234,0.5568862275449104,2.418000000000001,1.023542156837522,-0.01495688254920699,0.1962882281891649,-0.02572166706427402,-0.1255817798984,0.0007219625703355852,76905.70122836895,3.026953149707535
5.10,2,bcr4bp_strict,235,0.5592660832181792,2.428333333333334,1.023480514610028,-0.01525552172866491,0.1962886313540839,-0.02608151869324594,-0.1253902892178812,-0.0003831376794147069,76910.29728632435,3.026958437661732
5.10,2,bcr4bp_strict,236,0.561645938891448,2.438666666666667,1.023418017037363,-0.015553702020408,0.1962864046089979,-0.02644048753634972,-0.1251961372787763,-0.001488181715966953,76914.00781822803,3.026963720078789
5.10,2,bcr4bp_strict,237,0.5640257945647169,2.449000000000001,1.023354666224522,-0.01585141709595318,0.196281548074463,-0.02679857015457356,-0.1249993282091719,-0.002593180651030007,76916.8325018028,3.026968996876564
5.10,2,bcr4bp_strict,238,0.5664056502379857,2.459333333333334,1.023290464284686,-0.01614866063654492,0.1962740618445963,-0.02715576310697014,-0.1247998660559693,-0.0036981455922467,76918.77100489993,3.026974267973225
5.10,2,bcr4bp_strict,239,0.5687855059112545,2.469666666666667,1.023225413339228,-0.01644542633296227,0.1962639459870837,-0.02751206295030329,-0.1245977547849491,-0.004803087644621905,76919.82298550147,3.026979533287248
5.10,2,bcr4bp_strict,240,0.5711653615845234,2.48,1.023159515517718,-0.01674170788532576,0.1962512005431847,-0.02786746623869109,-0.1243929982808194,-0.005908017911950972,76919.98809172149,3.026984792737422
5.10,2,bcr4bp_strict,241,0.5735452172577923,2.490333333333334,1.023092772957932,-0.01703749900290454,0.196235825527733,-0.02822196952324596,-0.1241856003472463,-0.00701294749824988,76919.26596180648,3.02699004624285
5.10,2,bcr4bp_strict,242,0.5759250729310611,2.500666666666667,1.023025187805855,-0.01733279340392346,0.1962178209291349,-0.02857556935171099,-0.1239755647068679,-0.008117887509186818,76917.6562241342,3.02699529372295
5.10,2,bcr4bp_strict,243,0.5783049286043299,2.511,1.022956762215695,-0.01762758481537036,0.1961971867093636,-0.028928262268093,-0.1237628950012898,-0.009222849053516386,76915.15849721197,3.027000535097464
5.10,2,bcr4bp_strict,244,0.5806847842775988,2.521333333333334,1.022887498349887,-0.01792186697280313,0.1961739228039495,-0.0292800448122916,-0.1235475947910654,-0.01032784324451587,76911.77238967337,3.027005770286452
5.10,2,bcr4bp_strict,245,0.5830646399508677,2.531666666666667,1.022817398379108,-0.01821563362015673,0.1961480291219687,-0.02963091351972471,-0.1233296675556568,-0.01143288120142445,76907.49750027423,3.0270109992103
5.10,2,bcr4bp_strict,246,0.5854444956241365,2.542,1.022746464482284,-0.01850887850955023,0.1961195055460263,-0.02998086492095006,-0.1231091166933802,-0.01253797405088607,76902.33341788736,3.027016221789723
5.10,2,bcr4bp_strict,247,0.5878243512974053,2.552333333333333,1.022674698846606,-0.01880159540109356,0.1960883519322373,-0.0303298955412828,-0.1228859455213332,-0.01364313292839559,76896.27972149602,3.027021437945761
5.10,2,bcr4bp_strict,248,0.5902042069706742,2.562666666666667,1.022602103667539,-0.01909377806269417,0.1960545681102041,-0.03067800190040887,-0.1226601572753048,-0.01474836897974926,76889.33598018663,3.027026647599794
5.10,2,bcr4bp_strict,249,0.592584062643943,2.573,1.02252868114884,-0.01938542026986329,0.1960181538829899,-0.03102518051199427,-0.1224317551096686,-0.0158536933624994,76881.50175314005,3.027031850673528
5.10,2,bcr4bp_strict,250,0.5949639183172118,2.583333333333333,1.022454433502567,-0.01967651580552217,0.1959791090270889,-0.03137142788328998,-0.1222007420972583,-0.01695911724741442,76872.77658962186,3.027037047089011
5.10,2,bcr4bp_strict,251,0.5973437739904808,2.593666666666667,1.022379362949102,-0.01996705845980778,0.1959374332923936,-0.03171674051473244,-0.1219671212292253,-0.01806465181994372,76863.1600289715,3.027042236768632
5.10,2,bcr4bp_strict,252,0.5997236296637496,2.604000000000001,1.022303471717161,-0.02025704202987821,0.1958931264021578,-0.03206111489953934,-0.1217308954148797,-0.01917030828168818,76852.65160059034,3.027047419635117
5.10,2,bcr4bp_strict,253,0.6021034853370184,2.614333333333334,1.022226762043817,-0.02054646031971777,0.1958461880529562,-0.03240454752330091,-0.1214920674815131,-0.02027609785187728,76841.25082392849,3.027052595611541
5.10,2,bcr4bp_strict,254,0.6044833410102872,2.624666666666667,1.022149236174514,-0.02083530713994152,0.1957966179146411,-0.03274703486356646,-0.1212506401742037,-0.02138203176885217,76828.95720847054,3.027057764621324
5.10,2,bcr4bp_strict,255,0.6068631966835561,2.635000000000001,1.022070896363091,-0.02112357630759938,0.1957444156302948,-0.03308857338942566,-0.1210066161556041,-0.02248812129155592,76815.77025372014,3.027062926588236
5.10,2,bcr4bp_strict,256,0.609243052356825,2.645333333333334,1.0219917448718,-0.02141126164597965,0.1956895808161792,-0.03342915956108514,-0.120759998005711,-0.02359437770103086,76801.68944918342,3.027068081436397
5.10,2,bcr4bp_strict,257,0.6116229080300938,2.655666666666667,1.021911783971327,-0.0216983569844121,0.1956321130616808,-0.03376878982943975,-0.1205107882216167,-0.02470081230192406,76786.71427435114,3.027073229090284
5.10,2,bcr4bp_strict,258,0.6140027637033627,2.666000000000001,1.021831015940817,-0.0219848561580703,0.1955720119292533,-0.03410746063563858,-0.1202589892172429,-0.02580743642400066,76770.84419867993,3.027078369474727
5.10,2,bcr4bp_strict,259,0.6163826193766315,2.676333333333334,1.021749443067896,-0.02227075300777332,0.1955092769543559,-0.03444516841064545,-0.1200046033230561,-0.02691426142366567,76754.07868157198,3.027083502514919
5.10,2,bcr4bp_strict,260,0.6187624750499003,2.686666666666667,1.021667067648697,-0.02255604137978684,0.1954439076453878,-0.03478190957479403,-0.1197476327857649,-0.0280212986854953,76736.41717235389,3.02708862813641
5.10,2,bcr4bp_strict,261,0.6211423307231692,2.697,1.021583891987885,-0.02284071512562338,0.1953759034836194,-0.03511768053733706,-0.1194880797679983,-0.02912855962377726,76717.85911025401,3.027093746265115
5.10,2,bcr4bp_strict,262,0.6235221863964381,2.707333333333334,1.021499918398683,-0.02312476810184184,0.1953052639231202,-0.03545247769598986,-0.1192259463479663,-0.03023605568406124,76698.40392437884,3.027098856827317
5.10,2,bcr4bp_strict,263,0.6259020420697069,2.717666666666667,1.021415149202903,-0.02340819416984611,0.1952319883906819,-0.03578629743646776,-0.1189612345191006,-0.03134379834471944,76678.05103368801,3.027103959749663
5.10,2,bcr4bp_strict,264,0.6282818977429757,2.728,1.021329586730972,-0.02369098719568297,0.1951560762857389,-0.03611913613201762,-0.1186939461896776,-0.03245179911851841,76656.7998469681,3.027109054959172
5.10,2,bcr4bp_strict,265,0.6306617534162446,2.738333333333334,1.021243233321964,-0.02397314104983886,0.1950775269802842,-0.03645099014294287,-0.1184240831824212,-0.03356006955420169,76634.64976280533,3.027114142383237
5.10,2,bcr4bp_strict,266,0.6330416090895135,2.748666666666667,1.02115609132363,-0.02425464960703581,0.1949963398187821,-0.03678185581612216,-0.1181516472340869,-0.03466862123808418,76611.60016955674,3.027119221949625
5.10,2,bcr4bp_strict,267,0.6354214647627823,2.759,1.021068163092432,-0.02453550674602641,0.1949125141180771,-0.03711172948452167,-0.1178766399950264,-0.03577746579565912,76587.65044532035,3.027124293586477
5.10,2,bcr4bp_strict,268,0.6378013204360511,2.769333333333333,1.020979450993575,-0.02481570634938753,0.1948260491672982,-0.03744060746670039,-0.1175990630287323,-0.03688661489321727,76562.79995790393,3.027129357222317
5.10,2,bcr4bp_strict,269,0.64018117610932,2.779666666666667,1.020889957401046,-0.02509524230331316,0.1947369442277603,-0.03776848606630884,-0.1173189178113634,-0.03799608023947944,76537.04806479257,3.027134412786049
5.10,2,bcr4bp_strict,270,0.6425610317825888,2.79,1.020799684697643,-0.02537410849740586,0.1946451985328609,-0.03809536157158041,-0.1170362057312489,-0.0391058735872425,76510.39411311479,3.027139460206958
5.10,2,bcr4bp_strict,271,0.6449408874558576,2.800333333333334,1.02070863527502,-0.02565229882446722,0.1945508112879737,-0.03842123025481588,-0.1167509280883735,-0.0402160067350399,76482.83743960755,3.02714449941472
5.10,2,bcr4bp_strict,272,0.6473207431291266,2.810666666666668,1.020616811533719,-0.02592980718028698,0.1944537816703374,-0.03874608837186034,-0.1164630860938412,-0.04132649152881634,76454.37737057976,3.027149530339392
5.10,2,bcr4bp_strict,273,0.6497005988023954,2.821000000000001,1.020524215883213,-0.02620662746343078,0.1943541088289411,-0.03906993216157257,-0.1161726808693181,-0.0424373398636177,76425.01322187453,3.027154552911426
5.10,2,bcr4bp_strict,274,0.6520804544756642,2.831333333333334,1.020430850741949,-0.02648275357502668,0.1942517918844049,-0.03939275784528685,-0.1158797134464549,-0.04354856368529687,76394.7442988301,3.027159567061663
5.10,2,bcr4bp_strict,275,0.654460310148933,2.841666666666667,1.020336718537385,-0.02675817941855023,0.1941468299288578,-0.03971456162626684,-0.1155841847662872,-0.04466017499223554,76363.56989623941,3.027164572721338
5.10,2,bcr4bp_strict,276,0.6568401658222019,2.852000000000001,1.02024182170604,-0.02703289889960808,0.1940392220258099,-0.04003533968915132,-0.1152860956786149,-0.04577218583708265,76331.48929830809,3.027169569822083
5.10,2,bcr4bp_strict,277,0.6592200214954708,2.862333333333334,1.020146162693533,-0.02730690592572002,0.1939289672100216,-0.04035508819939174,-0.1149854469413589,-0.04688460832851003,76298.50177861146,3.027174558295926
5.10,2,bcr4bp_strict,278,0.6615998771687396,2.872666666666667,1.020049743954633,-0.02758019440609967,0.1938160644873677,-0.04067380330268143,-0.1146822392198965,-0.04799745463298627,76264.60660004965,3.027179538075296
5.10,2,bcr4bp_strict,279,0.6639797328420085,2.883000000000001,1.019952567953306,-0.02785275825143332,0.1937005128346982,-0.04099148112437597,-0.1143764730863733,-0.04911073697656844,76229.8030148017,3.027184509093024
5.10,2,bcr4bp_strict,280,0.6663595885152773,2.893333333333334,1.019854637162763,-0.02812459137365722,0.1935823111996943,-0.0413081177689049,-0.1140681490189933,-0.05022446764671278,76194.09026427791,3.027189471282343
5.10,2,bcr4bp_strict,281,0.6687394441885461,2.903666666666667,1.019755954065514,-0.02839568768573321,0.1934614585007196,-0.04162370931917436,-0.1137572674012845,-0.05133865899410536,76157.46757907102,3.027194424576891
5.10,2,bcr4bp_strict,282,0.671119299861815,2.914,1.019656521153414,-0.02866604110142243,0.1933379536266681,-0.04193825183596055,-0.1134438285213422,-0.05245332343451218,76119.93417890558,3.027199368910718
5.10,2,bcr4bp_strict,283,0.6734991555350839,2.924333333333334,1.019556340927722,-0.02893564553505736,0.1932117954368065,-0.04225174135729361,-0.1131278325710477,-0.05356847345065049,76081.48927258614,3.027204304218276
5.10,2,bcr4bp_strict,284,0.6758790112083527,2.934666666666667,1.019455415899152,-0.02920449490131178,0.1930829827606132,-0.04256417389783194,-0.1128092796452626,-0.05468412159408091,76042.1320579438,3.027209230434434
5.10,2,bcr4bp_strict,285,0.6782588668816215,2.945,1.019353748587931,-0.02947258311496901,0.1929515143976115,-0.04287554544822671,-0.1124881697409992,-0.05580028048712198,76001.86172178116,3.027214147494468
5.10,2,bcr4bp_strict,286,0.6806387225548904,2.955333333333334,1.01925134152386,-0.02973990409068799,0.1928173891171997,-0.04318585197447614,-0.112164502756565,-0.05691696282478688,75960.67743981582,3.027219055334076
5.10,2,bcr4bp_strict,287,0.6830185782281593,2.965666666666667,1.019148197246366,-0.03000645174276727,0.1926806056584751,-0.04349508941726952,-0.111838278490682,-0.05803418137674334,75918.57837662224,3.027223953889363
5.10,2,bcr4bp_strict,288,0.6853984339014281,2.976,1.01904431830457,-0.03027221998490703,0.1925411627300542,-0.04380325369132064,-0.1115094966415805,-0.05915194898929772,75875.56368557221,3.027228843096859
5.10,2,bcr4bp_strict,289,0.6877782895746969,2.986333333333334,1.018939707257346,-0.03053720272996878,0.1923990590098882,-0.04411034068469046,-0.1111781568060655,-0.06027027858740319,75831.6325087733,3.02723372289351
5.10,2,bcr4bp_strict,290,0.6901581452479658,2.996666666666667,1.018834366673387,-0.03080139388973285,0.1922542931450729,-0.04441634625809873,-0.1108442584785577,-0.06138918317669345,75786.78397700614,3.027238593216684
5.10,2,bcr4bp_strict,291,0.6925380009212346,3.007000000000001,1.018728299131269,-0.03106478737465353,0.1921068637516548,-0.04472126624422418,-0.1105078010501059,-0.06250867584554184,75741.01720965974,3.027243454004171
5.10,2,bcr4bp_strict,292,0.6949178565945034,3.017333333333334,1.018621507219521,-0.03132737709361191,0.1919567694144312,-0.04502509644699335,-0.1101687838073728,-0.06362876976714781,75694.33131466521,3.027248305194186
5.10,2,bcr4bp_strict,293,0.6972977122677724,3.027666666666668,1.018513993536692,-0.0315891569536662,0.1918040086867463,-0.04532783264085748,-0.1098272059315913,-0.06474947820164995,75646.72538842791,3.02725314672537
5.10,2,bcr4bp_strict,294,0.6996775679410412,3.038000000000001,1.018405760691423,-0.03185012085979952,0.1916485800902811,-0.04562947057005728,-0.1094830664974929,-0.06587081449826736,75598.19851575766,3.027257978536788
5.10,2,bcr4bp_strict,295,0.70205742361431,3.048333333333334,1.01829681130252,-0.0321102627146652,0.1914904821148398,-0.04593000594787553,-0.1091363644722069,-0.06699279209747006,75548.74976979733,3.027262800567939
5.10,2,bcr4bp_strict,296,0.7044372792875788,3.058666666666667,1.018187147999029,-0.03236957641832931,0.191329713218129,-0.04622943445587659,-0.1087870987141286,-0.06811542453317858,75498.3782119497,3.027267612758746
5.10,2,bcr4bp_strict,297,0.7068171349608477,3.069000000000001,1.018076773420311,-0.03262805586801056,0.1911662718255333,-0.0465277517431337,-0.1084352679717584,-0.06923872543499415,75447.08289180242,3.02727241504957
5.10,2,bcr4bp_strict,298,0.7091969906341166,3.079333333333334,1.01796569021612,-0.03288569495781726,0.1910001563298847,-0.04682495342544214,-0.1080808708825091,-0.07036270853045977,75394.86284705115,3.027277207381199
5.10,2,bcr4bp_strict,299,0.7115768463073854,3.089666666666667,1.017853901046687,-0.03314248757848164,0.1908313650912269,-0.04712103508451965,-0.1077239059714815,-0.07148738764735371,75341.71710342096,3.027281989694858
5.10,2,bcr4bp_strict,300,0.7139567019806543,3.100000000000001,1.017741408582798,-0.03339842761709094,0.1906598964365738,-0.04741599226719254,-0.1073643716502083,-0.07261277671601546,75287.64467458578,3.027286761932207
5.10,2,bcr4bp_strict,301,0.7163365576539231,3.110333333333334,1.017628215505876,-0.03365350895681569,0.1904857486596627,-0.04770982048456772,-0.1070022662153643,-0.0737388897717052,75232.6445620858,3.027291524035342
5.10,2,bcr4bp_strict,302,0.7187164133271919,3.120666666666667,1.017514324508076,-0.03390772547663476,0.1903089200207019,-0.04800251521119035,-0.1066375878474439,-0.0748657409569984,75176.71575524329,3.027296275946798
5.10,2,bcr4bp_strict,303,0.7210962690004608,3.131,1.017399738292364,-0.03416107105105729,0.1901294087461122,-0.04829407188418652,-0.1062703346094037,-0.07599334452421516,75119.85723107611,3.027301017609546
5.10,2,bcr4bp_strict,304,0.7234761246737297,3.141333333333334,1.017284459572609,-0.03441353954984129,0.1899472130282631,-0.04858448590239081,-0.1059005044452702,-0.07712171483788645,75062.06795420937,3.027305748967001
5.10,2,bcr4bp_strict,305,0.7258559803469985,3.151666666666667,1.017168491073679,-0.03466512483770889,0.1897623310252022,-0.0488737526254583,-0.1055280951787123,-0.07825086637725695,75003.34687678506,3.027310469963016
5.10,2,bcr4bp_strict,306,0.7282358360202673,3.162,1.017051835531533,-0.03491582077405823,0.18957476086038,-0.04916186737296071,-0.1051531045115763,-0.07938081373882698,74943.69293836963,3.027315180541888
5.10,2,bcr4bp_strict,307,0.7306156916935362,3.172333333333334,1.016934495693317,-0.03516562121267176,0.1893845006223671,-0.04944882542346632,-0.1047755300223854,-0.08051157163893292,74883.10506585943,3.027319880648357
5.10,2,bcr4bp_strict,308,0.7329955473668051,3.182666666666667,1.016816474317461,-0.03541452000142081,0.1891915483645663,-0.04973462201360312,-0.1043953691647991,-0.08164315491636795,74821.58217338407,3.027324570227606
5.10,2,bcr4bp_strict,309,0.7353754030400739,3.193000000000001,1.016697774173784,-0.03566251098196671,0.1889959021049177,-0.05001925233710503,-0.1040126192660356,-0.08277557853504434,74759.1231622076,3.027329249225263
5.10,2,bcr4bp_strict,310,0.7377552587133427,3.203333333333334,1.016578398043595,-0.0359095879894579,0.1887975598255979,-0.05030271154384074,-0.1036272775252532,-0.0839088575866976,74695.72692062745,3.027333917587403
5.10,2,bcr4bp_strict,311,0.7401351143866116,3.213666666666668,1.016458348719799,-0.0361557448522232,0.1885965194727128,-0.05058499473882454,-0.103239341011892,-0.08504300729363416,74631.39232387125,3.027338575260548
5.10,2,bcr4bp_strict,312,0.7425149700598804,3.224000000000001,1.016337629007003,-0.03640097539146103,0.1883927789559829,-0.05086609698120901,-0.1028488066639737,-0.08617804301152332,74566.11823399135,3.027343222191665
5.10,2,bcr4bp_strict,313,0.7448948257331492,3.234333333333334,1.016216241721631,-0.03664527342092471,0.1881863361484232,-0.05114601328325896,-0.1024556712863589,-0.08731398023223501,74499.90349975688,3.027347858328171
5.10,2,bcr4bp_strict,314,0.7472746814064182,3.244666666666667,1.016094189692031,-0.03688863274660334,0.1879771888860153,-0.05142473860930634,-0.102059931548962,-0.08845083458672395,74432.74695654369,3.027352483617932
5.10,2,bcr4bp_strict,315,0.749654537079687,3.255000000000001,1.015971475758595,-0.03713104716639849,0.1877653349673728,-0.05170226787468537,-0.10166158398492,-0.08958862184796169,74364.64742622169,3.027357098009262
5.10,2,bcr4bp_strict,316,0.7520343927529558,3.265333333333334,1.015848102773875,-0.03737251046979653,0.1875507721534002,-0.05197859594464778,-0.101260624988718,-0.09072735793391799,74295.60371704005,3.027361701450928
5.10,2,bcr4bp_strict,317,0.7544142484262246,3.275666666666667,1.015724073602704,-0.03761301643753629,0.1873334981669438,-0.05225371763325747,-0.1008570508142669,-0.09186705891059216,74225.61462350954,3.027366293892143
5.10,2,bcr4bp_strict,318,0.7567941040994935,3.286000000000001,1.015599391122316,-0.03785255884127229,0.1871135106924361,-0.05252762770226396,-0.1004508575729339,-0.09300774099509622,74154.67892628278,3.027370875282576
5.10,2,bcr4bp_strict,319,0.7591739597727624,3.296333333333334,1.015474058222479,-0.03809113144323298,0.1868908073755322,-0.0528003208599546,-0.1000420412315251,-0.09414942055879058,74082.79539203153,3.027375445572342
5.10,2,bcr4bp_strict,320,0.7615538154460312,3.306666666666667,1.015348077805616,-0.03832872799587437,0.1866653858227391,-0.05307179175998442,-0.09963059761021752,-0.09529211413047441,74009.96277332173,3.027380004712014
5.10,2,bcr4bp_strict,321,0.7639336711193001,3.317000000000001,1.015221452786941,-0.03856534224152854,0.1864372436010371,-0.0533420350001837,-0.09921652238044064,-0.09643583839963116,73936.17980848569,3.027384552652612
5.10,2,bcr4bp_strict,322,0.7663135267925689,3.327333333333334,1.015094186094591,-0.03880096791204699,0.1862063782374933,-0.05361104512134204,-0.09879981106270602,-0.09758061021973091,73861.44522149158,3.027389089345611
5.10,2,bcr4bp_strict,323,0.7686933824658377,3.337666666666667,1.014966280669767,-0.03903559872843896,0.1859727872188676,-0.05387881660596903,-0.09838045902438305,-0.09872644661159168,73785.75772181034,3.027393614742937
5.10,2,bcr4bp_strict,324,0.7710732381391066,3.348,1.014837739466868,-0.03926922840050419,0.1857364679912104,-0.05414534387703047,-0.09795846147742045,-0.09987336476679994,73709.1160042796,3.02739812879697
5.10,2,bcr4bp_strict,325,0.7734530938123755,3.358333333333334,1.01470856545364,-0.03950185062646031,0.1854974179594519,-0.05441062129665975,-0.09753381347601159,-0.1010213820511928,73631.51874896484,3.027402631460543
5.10,2,bcr4bp_strict,326,0.7758329494856443,3.368666666666667,1.014578761611319,-0.03973345909256453,0.1852556344869832,-0.05467464316484367,-0.0971065099142026,-0.102170516008403,73552.96462101775,3.027407122686941
5.10,2,bcr4bp_strict,327,0.7782128051589131,3.379,1.014448330934781,-0.03996404747272968,0.185011114895229,-0.05493740371808228,-0.09667654552344143,-0.1033207843634683,73473.45227053147,3.027411602429902
5.10,2,bcr4bp_strict,328,0.780592660832182,3.389333333333334,1.014317276432697,-0.04019360942813423,0.1847638564632113,-0.05519889712802181,-0.09624391487006703,-0.1044722050265073,73392.98033239292,3.027416070643616
5.10,2,bcr4bp_strict,329,0.7829725165054509,3.399666666666668,1.014185601127685,-0.04042213860682626,0.1845138564271051,-0.0554591175000602,-0.09580861235273651,-0.1056247960964624,73311.54742613208,3.027420527282728
5.10,2,bcr4bp_strict,330,0.7853523721787197,3.410000000000001,1.014053308056473,-0.04064962864332138,0.1842611119797835,-0.05571805887192455,-0.0953706321997891,-0.1067785758649129,73229.1521557681,3.027424972302332
5.10,2,bcr4bp_strict,331,0.7877322278519885,3.420333333333334,1.01392040027006,-0.04087607315819411,0.1840056202703557,-0.05597571521221976,-0.09492996846654522,-0.1079335628199588,73145.79310965221,3.027429405657978
5.10,2,bcr4bp_strict,332,0.7901120835252574,3.430666666666667,1.013786880833882,-0.04110146575766292,0.1837473784036939,-0.05623208041894746,-0.09448661503253902,-0.1090897756501781,73061.46886030755,3.027433827305663
5.10,2,bcr4bp_strict,333,0.7924919391985262,3.441000000000001,1.013652752827984,-0.04132580003316839,0.1834863834399516,-0.05648714831799476,-0.09404056559868268,-0.1102472332486586,72976.1779642655,3.027438237201841
5.10,2,bcr4bp_strict,334,0.794871794871795,3.451333333333334,1.013518019347189,-0.04154906956094483,0.1832226323940721,-0.05674091266159207,-0.09359181368436066,-0.1114059547171067,72889.91896189876,3.027442635303411
5.10,2,bcr4bp_strict,335,0.797251650545064,3.461666666666667,1.01338268350128,-0.04177126790158468,0.1829561222352871,-0.05699336712673882,-0.09314035262445208,-0.112565959370035,72802.69037725094,3.027447021567726
5.10,2,bcr4bp_strict,336,0.7996315062183328,3.472000000000001,1.01324674841518,-0.04199238859959571,0.1826868498866051,-0.05724450531359661,-0.09268617556627973,-0.1137272667390301,72714.49071786269,3.027451395952588
5.10,2,bcr4bp_strict,337,0.8020113618916016,3.482333333333334,1.013110217229134,-0.04221242518295112,0.1824148122242895,-0.05749432074384896,-0.09222927546648299,-0.1148898965771045,72625.31847459431,3.027455758416247
5.10,2,bcr4bp_strict,338,0.8043912175648704,3.492666666666667,1.012973093098898,-0.04243137116263181,0.1821400060773265,-0.05774280685902657,-0.09176964508781353,-0.1160538688631319,72535.17212144457,3.027460108917404
5.10,2,bcr4bp_strict,339,0.8067710732381393,3.503000000000001,1.012835379195937,-0.04264922003216112,0.1818624282268824,-0.05798995701879744,-0.09130727699585127,-0.1172192038063707,72444.05011536599,3.027464447415204
5.10,2,bcr4bp_strict,340,0.8091509289114082,3.513333333333334,1.012697078707616,-0.04286596526713161,0.1815820754057495,-0.05823576449922062,-0.09084216355563854,-0.1183859218510763,72351.9508960762,3.027468773869238
5.10,2,bcr4bp_strict,341,0.811530784584677,3.523666666666667,1.012558194837403,-0.04308160032472368,0.1812989442977817,-0.05848022249096323,-0.09037429692823021,-0.1195540436812053,72258.87288586562,3.027473088239547
5.10,2,bcr4bp_strict,342,0.8139106402579459,3.534000000000001,1.012418730805076,-0.043296118643216,0.1810130315373178,-0.05872332409747905,-0.08990366906715776,-0.1207235902252138,72164.81448940096,3.027477390486613
5.10,2,bcr4bp_strict,343,0.8162904959312147,3.544333333333334,1.012278689846929,-0.04350951364148718,0.1807243337085942,-0.05896506233314824,-0.08943027171480486,-0.1218945826609517,72069.77409352484,3.027481680571362
5.10,2,bcr4bp_strict,344,0.8186703516044835,3.554666666666667,1.012138075215993,-0.04372177871850907,0.1804328473451454,-0.05920543012137699,-0.08895409639869174,-0.1230670424206569,71973.75006705138,3.02748595845516
5.10,2,bcr4bp_strict,345,0.8210502072777524,3.565,1.011996890182245,-0.04393290725283076,0.1801385689291926,-0.05944442029265586,-0.0884751344276664,-0.1242409911960496,71876.7407605574,3.027490224099819
5.10,2,bcr4bp_strict,346,0.8234300629510213,3.575333333333334,1.01185513803284,-0.04414289260205358,0.1798414948910198,-0.05968202558257607,-0.08799337688799976,-0.1254164509435323,71778.74450616955,3.027494477467586
5.10,2,bcr4bp_strict,347,0.8258099186242901,3.585666666666667,1.011712822072338,-0.04435172810229668,0.1795416216083378,-0.05991823862980229,-0.08750881463938219,-0.1265934438894954,71679.75961734704,3.027498718521146
5.10,2,bcr4bp_strict,348,0.8281897742975589,3.596000000000001,1.011569945622931,-0.04455940706765289,0.1792389454056351,-0.060153051974001,-0.08702143831081864,-0.1277719925357335,71579.78438865971,3.027502947223622
5.10,2,bcr4bp_strict,349,0.8305696299708278,3.606333333333334,1.011426512024688,-0.04476592278963479,0.178933462553516,-0.06038645805372313,-0.08653123829641962,-0.1289521196649737,71478.81709556184,3.027507163538572
5.10,2,bcr4bp_strict,350,0.8329494856440967,3.616666666666668,1.011282524635795,-0.04497126853661054,0.1786251692680255,-0.06061844920423964,-0.08603820475108517,-0.1301338483465196,71376.85599416122,3.027511367429984
5.10,2,bcr4bp_strict,351,0.8353293413173655,3.627000000000001,1.011137986832804,-0.04517543755322935,0.1783140617099601,-0.06084901765532898,-0.08554232758607852,-0.1313172019420139,71273.89932098336,3.02751555886228
5.10,2,bcr4bp_strict,352,0.8377091969906343,3.637333333333334,1.010992902010888,-0.04537842305983633,0.1780001359841654,-0.06107815552901506,-0.08504359646448671,-0.1325022041113228,71169.94529273102,3.02751973780031
5.10,2,bcr4bp_strict,353,0.8400890526639032,3.647666666666667,1.010847273584097,-0.04558021825187628,0.1776833881388188,-0.06130585483725433,-0.08454200079656472,-0.1336888788185452,71064.99210603867,3.02752390420935
5.10,2,bcr4bp_strict,354,0.842468908337172,3.658000000000001,1.010701104985626,-0.04578081629928636,0.177363814164699,-0.0615321074795704,-0.08403752973495994,-0.1348772503381502,70959.03793722209,3.027528058055103
5.10,2,bcr4bp_strict,355,0.8448487640104408,3.668333333333334,1.010554399668083,-0.04598021034587722,0.1770414099944391,-0.06175690524063519,-0.08353017216981311,-0.136067343261247,70852.0809420225,3.027532199303694
5.10,2,bcr4bp_strict,356,0.8472286196837098,3.678666666666667,1.010407161103767,-0.04617839350870236,0.1767161715017659,-0.06198023978779483,-0.08301991672373293,-0.1372591825019889,70744.11925534568,3.027536327921667
5.10,2,bcr4bp_strict,357,0.8496084753569786,3.689000000000001,1.010259392784951,-0.04637535887741518,0.1763880945007233,-0.06220210266853864,-0.08250675174664018,-0.1384527933041169,70635.15099099568,3.027540443875987
5.10,2,bcr4bp_strict,358,0.8519883310302474,3.699333333333334,1.010111098224168,-0.04657109951361398,0.1760571747448798,-0.0624224853079102,-0.08199066531047729,-0.1396482012476465,70525.17424140281,3.02754454713403
5.10,2,bcr4bp_strict,359,0.8543681867035162,3.709666666666667,1.009962280954504,-0.04676560845017378,0.1757234079265204,-0.06264137900585806,-0.08147164520378018,-0.1408454322556995,70414.18707734629,3.02754863766359
5.10,2,bcr4bp_strict,360,0.8567480423767851,3.720000000000001,1.009812944529906,-0.04695887869056539,0.1753867896758215,-0.06285877493452494,-0.08094967892610774,-0.1420445126014878,70302.18754767087,3.027552715432867
5.10,2,bcr4bp_strict,361,0.859127898050054,3.730333333333334,1.00966309252548,-0.04715090320816082,0.1750473155600095,-0.06307466413547377,-0.08042475368232499,-0.1432454689154508,70189.17367899774,3.027556780410469
5.10,2,bcr4bp_strict,362,0.8615077537233228,3.740666666666667,1.009512728537815,-0.04734167494552504,0.1747049810825018,-0.06328903751684839,-0.07989685637673533,-0.1444483281925525,70075.14347542945,3.027560832565409
5.10,2,bcr4bp_strict,363,0.8638876093965917,3.751000000000001,1.009361856185294,-0.04753118681369358,0.1743597816820307,-0.06350188585046716,-0.07936597360705774,-0.1456531177997409,69960.09491824849,3.027564871867103
5.10,2,bcr4bp_strict,364,0.8662674650698605,3.761333333333334,1.009210479108431,-0.04771943169143551,0.1740117127317488,-0.06371319976884773,-0.07883209165824419,-0.1468598654835755,69844.02596560989,3.027568898285359
5.10,2,bcr4bp_strict,365,0.8686473207431293,3.771666666666667,1.009058600970199,-0.04790640242450164,0.1736607695383165,-0.06392296976216093,-0.07829519649613201,-0.1480685993780271,69726.93455222691,3.027572911790385
5.10,2,bcr4bp_strict,366,0.8710271764163982,3.782,1.008906225456378,-0.04809209182485733,0.1733069473409705,-0.06413118617511157,-0.07775527376092699,-0.1492793480124549,69608.81858905073,3.027576912352778
5.10,2,bcr4bp_strict,367,0.8734070320896671,3.792333333333334,1.008753356275901,-0.04827649266989961,0.1729502413105732,-0.0643378392037442,-0.07721230876051142,-0.1504921403197654,69489.67596294283,3.027580899943523
5.10,2,bcr4bp_strict,368,0.8757868877629359,3.802666666666668,1.008599997161212,-0.04845959770165811,0.1725906465486426,-0.06454291889217154,-0.07666628646357208,-0.1517070056447577,69369.50453634106,3.027584874533988
5.10,2,bcr4bp_strict,369,0.8781667434362047,3.813000000000001,1.008446151868635,-0.04864139962597957,0.1722281580863614,-0.06474641512922347,-0.07611719149254245,-0.1529239737526629,69248.3021469181,3.027588836095922
5.10,2,bcr4bp_strict,370,0.8805465991094736,3.823333333333334,1.008291824178745,-0.04882189111169512,0.1718627708835666,-0.06494831764501399,-0.07556500811635353,-0.1541430748378795,69126.06660723312,3.027592784601447
5.10,2,bcr4bp_strict,371,0.8829264547827425,3.833666666666667,1.008137017896749,-0.0490010647897702,0.1714944798277174,-0.06514861600742397,-0.07500972024298752,-0.1553643395329131,69002.79570437591,3.027596720023061
5.10,2,bcr4bp_strict,372,0.8853063104560113,3.844000000000001,1.007981736852877,-0.04917891325243653,0.1711232797328417,-0.06534729961849696,-0.07445131141182766,-0.156587798917525,68878.48719960335,3.027600642333626
5.10,2,bcr4bp_strict,373,0.8876861661292801,3.854333333333334,1.007825984902784,-0.04935542905230554,0.1707491653384605,-0.06554435771074578,-0.07388976478579852,-0.1578134845280958,68753.13882796837,3.027604551506369
5.10,2,bcr4bp_strict,374,0.890066021802549,3.864666666666667,1.007669765927954,-0.04953060470146293,0.1703721313084899,-0.06573977934336676,-0.07332506314328968,-0.1590414283672104,68626.74829794079,3.027608447514876
5.10,2,bcr4bp_strict,375,0.8924458774758178,3.875000000000001,1.007513083836119,-0.04970443267054363,0.1699921722301202,-0.06593355339835941,-0.07275718886985638,-0.1602716629134701,68499.3132910202,3.027612330333084
5.10,2,bcr4bp_strict,376,0.8948257331490866,3.885333333333334,1.007355942561684,-0.0498769053877869,0.1696092826126708,-0.066125668576548,-0.07218612394968939,-0.1615042211315395,68370.83146134036,3.027616199935282
5.10,2,bcr4bp_strict,377,0.8972055888223556,3.895666666666667,1.007198346066166,-0.0500480152380707,0.1692234568864215,-0.06631611339350282,-0.07161184995684758,-0.1627391364824342,68241.30043526538,3.027620056296101
5.10,2,bcr4bp_strict,378,0.8995854444956244,3.906000000000001,1.007040298338635,-0.05021775456192493,0.1688346894014184,-0.06650487617535718,-0.0710343480462451,-0.1639764429340552,68110.71781097681,3.027623899390511
5.10,2,bcr4bp_strict,379,0.9019653001688932,3.916333333333334,1.006881803396176,-0.05038611565452304,0.1684429744262556,-0.06669194505451773,-0.07045359894438505,-0.1652161749719804,67979.08115805223,3.027627729193818
5.10,2,bcr4bp_strict,380,0.904345155842162,3.926666666666667,1.006722865284351,-0.05055309076465114,0.1680483061468289,-0.06687730796526457,-0.06986958293983216,-0.1664583676105169,67846.3880170343,3.027631545681651
5.10,2,bcr4bp_strict,381,0.9067250115154309,3.937000000000001,1.006563488077675,-0.05071867209365412,0.1676506786650654,-0.0670609526392373,-0.06928227987341518,-0.1677030564040247,67712.6358989907,3.027635348829966
5.10,2,bcr4bp_strict,382,0.9091048671886998,3.947333333333334,1.006403675880107,-0.05088285179435825,0.1672500859976233,-0.06724286660080384,-0.06869166912815097,-0.1689502774585179,67577.8222850645,3.027639138615033
5.10,2,bcr4bp_strict,383,0.9114847228619686,3.957666666666667,1.006243432825549,-0.05104562196996935,0.166846522074566,-0.06742303716230882,-0.06809772961888033,-0.1702000674435534,67441.94462601445,3.027642915013432
5.10,2,bcr4bp_strict,384,0.9138645785352375,3.968000000000001,1.006082763078352,-0.05120697467294595,0.1664399807380055,-0.06760145141919649,-0.06750043978160661,-0.1714524636044136,67305.00034174537,3.027646678002049
5.10,2,bcr4bp_strict,385,0.9162444342085063,3.978333333333334,1.005921670833844,-0.05136690190384675,0.1660304557407186,-0.06777809624500535,-0.06689977756252721,-0.1727075037745934,67166.98682082827,3.027650427558066
5.10,2,bcr4bp_strict,386,0.9186242898817751,3.988666666666667,1.005760160318859,-0.0515253956101516,0.1656179407447306,-0.06795295828622991,-0.06629572040674743,-0.1739652263886007,67027.90142000969,3.027654163658956
5.10,2,bcr4bp_strict,387,0.921004145555044,3.999000000000001,1.005598235792286,-0.05168244768505519,0.1652024293198706,-0.06812602395704528,-0.06568824524666633,-0.1752256704950781,66887.74146371028,3.027657886282478
5.10,2,bcr4bp_strict,388,0.9233840012283129,4.009333333333334,1.00543590154563,-0.0518380499662328,0.1647839149422931,-0.06829727943389047,-0.06507732849002343,-0.1764888757702586,66746.5042435122,3.027661595406667
5.10,2,bcr4bp_strict,389,0.9257638569015817,4.019666666666668,1.00527316190358,-0.051992194234577,0.1643623909929688,-0.06846671064990537,-0.06446294600759489,-0.1777548825317613,66604.18701763524,3.027665291009829
5.10,2,bcr4bp_strict,390,0.9281437125748505,4.03,1.005110021224598,-0.05214487221290484,0.1639378507561409,-0.06863430328921727,-0.06384507312052699,-0.1790237317527423,66460.78701040096,3.02766897307053
5.10,2,bcr4bp_strict,391,0.9305235682481193,4.040333333333334,1.00494648390152,-0.05229607556463436,0.1635102874177479,-0.06880004278107146,-0.06322368458729491,-0.1802954650764069,66316.30141168505,3.027672641567597
5.10,2,bcr4bp_strict,392,0.9329034239213883,4.050666666666667,1.004782554362164,-0.05244579589242961,0.1630796940638116,-0.068963914293801,-0.06259875459027353,-0.1815701248308988,66170.72737635724,3.027676296480098
5.10,2,bcr4bp_strict,393,0.9352832795946571,4.061000000000001,1.004618237069965,-0.05259402473681318,0.1626460636787888,-0.06912590272863044,-0.06197025672190746,-0.1828477540445733,66024.06202370852,3.027679937787343
5.10,2,bcr4bp_strict,394,0.9376631352679259,4.071333333333333,1.004453536524612,-0.05274075357474546,0.1622093891438863,-0.06928599271330788,-0.06133816397046539,-0.1841283964616713,65876.30243686558,3.027683565468875
5.10,2,bcr4bp_strict,395,0.9400429909411948,4.081666666666668,1.004288457262713,-0.0528859738181694,0.1617696632353381,-0.06944416859555955,-0.06070244870536548,-0.1854120965584024,65727.44566219153,3.027687179504452
5.10,2,bcr4bp_strict,396,0.9424228466144636,4.092000000000001,1.004123003858463,-0.05302967681251978,0.161326878622644,-0.06960041443636118,-0.06006308266205596,-0.1866988995594523,65577.48870867353,3.027690779874056
5.10,2,bcr4bp_strict,397,0.9448027022877324,4.102333333333334,1.003957180924339,-0.05317185383519608,0.1608810278667682,-0.0697547140030198,-0.05942003692643533,-0.1879888514549281,65426.42854729563,3.027694366557864
5.10,2,bcr4bp_strict,398,0.9471825579610013,4.112666666666667,1.003790993111806,-0.05331249609399757,0.1604321034182969,-0.06990705076205964,-0.05877328191879625,-0.1892819990177529,65274.26211039792,3.027697939536254
5.10,2,bcr4bp_strict,399,0.9495624136342702,4.123000000000001,1.003624445112042,-0.05345159472551974,0.1599800976155546,-0.07005740787190538,-0.05812278737727584,-0.1905783898215275,65120.9862910203,3.027701498789788
5.10,2,bcr4bp_strict,400,0.951942269307539,4.133333333333334,1.003457541656678,-0.0535891407935106,0.1595250026826764,-0.07020576817535573,-0.05746852234079487,-0.1918780722588709,64966.59794223146,3.027705044299203
5.10,2,bcr4bp_strict,401,0.9543221249808078,4.143666666666667,1.00329028751856,-0.05372512528718586,0.1590668107276368,-0.07035211419184043,-0.05681045513146726,-0.1931810955602573,64811.09387644196,3.027708576045402
5.10,2,bcr4bp_strict,402,0.9567019806540767,4.154000000000001,1.003122687512531,-0.05385953911950158,0.1586055137402329,-0.07049642810945284,-0.05614855333646112,-0.1944875098133646,64654.47086470133,3.027712094009444
5.10,2,bcr4bp_strict,403,0.9590818363273456,4.164333333333334,1.002954746496221,-0.05399237312538289,0.1581411035900205,-0.07063869177675032,-0.05548278378929117,-0.1957973659829505,64496.72563597884,3.027715598172532
5.10,2,bcr4bp_strict,404,0.9614616920006144,4.174666666666667,1.002786469370875,-0.05412361805990763,0.1576735720242029,-0.07077888669431476,-0.05481311255052156,-0.1971107159312751,64337.8548764271,3.027719088516005
5.10,2,bcr4bp_strict,405,0.9638415476738832,4.185,1.002617861082185,-0.05425326459644325,0.1572029106654699,-0.07091699400606361,-0.05413950488785779,-0.1984276124390858,64177.85522862836,3.027722565021318
5.10,2,bcr4bp_strict,406,0.9662214033471521,4.195333333333334,1.002448926621148,-0.05438130332473558,0.1567291110097865,-0.07105299449030414,-0.05346192525560506,-0.1997481092271849,64016.72329082291,3.027726027670046
5.10,2,bcr4bp_strict,407,0.9686012590204209,4.205666666666668,1.002279671024954,-0.05450772474894802,0.1562521644241295,-0.07118686855052064,-0.05278033727346955,-0.2010722609785976,63854.45561611914,3.027729476443854
5.10,2,bcr4bp_strict,408,0.9709811146936898,4.216,1.002110099377884,-0.05463251928564932,0.1557720621441703,-0.07131859620588536,-0.05209470370467777,-0.2024001233613616,63691.04871168459,3.027732911324501
5.10,2,bcr4bp_strict,409,0.9733609703669587,4.226333333333335,1.001940216812238,-0.05475567726174869,0.1552887952719034,-0.07144815708148319,-0.05140498643338896,-0.2037317530519586,63526.49903791749,3.027736332293813
5.10,2,bcr4bp_strict,410,0.9757408260402275,4.236666666666667,1.001770028509281,-0.054877188912376,0.1548023547732175,-0.07157553039823976,-0.05071114644137348,-0.2050672077594086,63360.80300759856,3.027739739333683
5.10,2,bcr4bp_strict,411,0.9781206817134963,4.247000000000001,1.001599539700226,-0.0549970443787058,0.1543127314754089,-0.07170069496254218,-0.05001314378392931,-0.2064065462500508,63193.95698502196,3.027743132426049
5.10,2,bcr4bp_strict,412,0.9805005373867651,4.257333333333333,1.001428755667223,-0.05511523370572301,0.1538199160646355,-0.0718236291555408,-0.0493109375650078,-0.2077498283730328,63025.95728510521,3.027746511552882
5.10,2,bcr4bp_strict,413,0.9828803930600341,4.267666666666668,1.00125768174439,-0.05523174683992841,0.1533238990833081,-0.07194431092212089,-0.04860448591151824,-0.2090971150865337,62856.80017247729,3.027749876696174
5.10,2,bcr4bp_strict,414,0.9852602487333029,4.278,1.001086323318863,-0.05534657362698201,0.1528246709274197,-0.0720627177595311,-0.04789374594677957,-0.2104484684847449,62686.48186054447,3.027753227837926
5.10,2,bcr4bp_strict,415,0.9876401044065717,4.288333333333334,1.000914685831878,-0.05545970380928222,0.1523222218438088,-0.07217882670565677,-0.04717867376308594,-0.211803951825636,62514.99851053279,3.027756564960122
5.10,2,bcr4bp_strict,416,0.9900199600798406,4.298666666666668,1.000742774779873,-0.05557112702347855,0.151816541927356,-0.07229261432692415,-0.04645922439335193,-0.2131636295595322,62342.34623050712,3.027759888044727
5.10,2,bcr4bp_strict,417,0.9923998157531094,4.309000000000001,1.000570595715628,-0.05568083279791581,0.1513076211181116,-0.0724040567058218,-0.04573535178180112,-0.2145275673585308,62168.52107436557,3.027763197073666
5.10,2,bcr4bp_strict,418,0.9947796714263782,4.319333333333334,1.000398154249435,-0.05578881055000726,0.1507954491983518,-0.07251312942802461,-0.04500700875365997,-0.2158958321467885,61993.5190408088,3.027766492028802
5.10,2,bcr4bp_strict,419,0.9971595270996471,4.329666666666667,1.000225456050289,-0.05589504958353457,0.1502800157895625,-0.07261980756910526,-0.04427414698381811,-0.217268492131707,61817.33607228351,3.027769772891932
5.10,2,bcr4bp_strict,420,0.999539382772916,4.340000000000001,1.000052506847124,-0.05599953908587171,0.149761310349347,-0.07272406568081705,-0.04353671696441327,-0.2186456168360516,61639.96805389905,3.027773039644758
5.10,2,bcr4bp_strict,421,1.001919238446185,4.350333333333334,0.9998793124300749,-0.05610226812513057,0.1492393221682567,-0.07282587777693188,-0.04279466797129797,-0.2200272771310332,61461.41081231675,3.027776292268874
5.10,2,bcr4bp_strict,422,1.004299094119454,4.360666666666667,0.9997058786517735,-0.05620322564722533,0.1487140403665413,-0.07292521731861588,-0.04204794802934254,-0.2214135452703911,61281.66011461075,3.027779530745751
5.10,2,bcr4bp_strict,423,1.006678949792722,4.371,0.9995322114286835,-0.05630240047285279,0.1481854538908173,-0.07302205719932409,-0.04129650387652749,-0.2228044949255099,61100.71166709973,3.027782755056714
5.10,2,bcr4bp_strict,424,1.009058805465991,4.381333333333334,0.9993583167424687,-0.0563997812943858,0.1476535515106512,-0.07311636972919618,-0.04054028092677549,-0.2242002012216091,60918.56111414859,3.027785965182924
5.10,2,bcr4bp_strict,425,1.01143866113926,4.391666666666667,0.9991842006414011,-0.05649535667267666,0.1471183218150555,-0.07320812661893265,-0.03977922323147128,-0.2256007407750452,60735.20403693902,3.027789161105359
5.10,2,bcr4bp_strict,426,1.013818516812529,4.402000000000001,0.9990098692418069,-0.05658911503376735,0.1465797532088947,-0.07329729896313089,-0.03901327343961546,-0.2270061917317643,60550.63595220818,3.027792342804795
5.10,2,bcr4bp_strict,427,1.016198372485798,4.412333333333335,0.9988353287295529,-0.05668104466550324,0.1460378339091976,-0.07338385722305973,-0.03824237275655444,-0.2284166338069509,60364.85231095443,3.027795510261782
5.10,2,bcr4bp_strict,428,1.018578228159067,4.422666666666667,0.9986605853615755,-0.0567711337140468,0.1454925519413748,-0.07346777120884941,-0.03746646090122824,-0.2298321483259142,60177.84849710892,3.027798663456623
5.10,2,bcr4bp_strict,429,1.020958083832336,4.433000000000001,0.9984856454674511,-0.05685937018028783,0.1449438951353368,-0.07354901006107327,-0.03668547606187274,-0.2312528182662594,59989.61982617234,3.027801802369358
5.10,2,bcr4bp_strict,430,1.023337939505604,4.443333333333333,0.9983105154510129,-0.05694574191614624,0.1443918511215103,-0.07362754223169637,-0.0358993548501112,-0.2326787283013913,59800.16154381532,3.027804926979734
5.10,2,bcr4bp_strict,431,1.025717795178873,4.453666666666667,0.9981352017920129,-0.05703023662076368,0.1438364073267492,-0.07370333546436474,-0.03510803225336642,-0.234109964845401,59609.46882444154,3.027808037267183
5.10,2,bcr4bp_strict,432,1.028097650852142,4.464000000000001,0.9979597110478312,-0.05711284183657984,0.1432775509701372,-0.07377635677400796,-0.03431144158552137,-0.2355466160993869,59417.53676971234,3.027811133210802
5.10,2,bcr4bp_strict,433,1.030477506525411,4.474333333333334,0.9977840498552361,-0.0571935449452891,0.1427152690586786,-0.07384657242572658,-0.03350951443575315,-0.2369887720992653,59224.36040703154,3.027814214789324
5.10,2,bcr4bp_strict,434,1.03285736219868,4.484666666666667,0.9976082249321931,-0.05727233316367328,0.142149548382873,-0.07391394791293399,-0.03270218061545964,-0.2384365247651276,59029.93468798925,3.027817281981096
5.10,2,bcr4bp_strict,435,1.035237217871949,4.495000000000001,0.99743224307973,-0.05734919353930561,0.1415803755121712,-0.07397844793472128,-0.03188936810319731,-0.2398899679522027,58834.25448676315,3.027820334764049
5.10,2,bcr4bp_strict,436,1.037617073545217,4.505333333333334,0.9972561111838533,-0.05742411294612129,0.1410077367903071,-0.07404003637241202,-0.03107100298754109,-0.2413491975034874,58637.31459847616,3.027823373115675
5.10,2,bcr4bp_strict,437,1.039996929218486,4.515666666666667,0.9970798362175242,-0.05749707807984946,0.1404316183305035,-0.07409867626527251,-0.0302470094077753,-0.242814311304109,58439.10973750883,3.027826397012995
5.10,2,bcr4bp_strict,438,1.042376784891755,4.526000000000001,0.9969034252426918,-0.05756807545330137,0.1398520060105448,-0.0741543297853401,-0.0294173094923183,-0.2442854093374891,58239.6345357648,3.027829406432536
5.10,2,bcr4bp_strict,439,1.044756640565024,4.536333333333334,0.9967268854123881,-0.05763709139150919,0.1392688854677154,-0.0742069582113324,-0.02858182329477967,-0.2457625937433781,58038.88354088838,3.027832401350297
5.10,2,bcr4bp_strict,440,1.047136496238293,4.546666666666668,0.9965502239728857,-0.05770411202670973,0.1386822420935966,-0.07425652190159618,-0.02774046872754319,-0.247245968877834,57836.85121443175,3.027835381741718
5.10,2,bcr4bp_strict,441,1.049516351911562,4.557000000000001,0.9963734482659219,-0.05776912329316708,0.1380920610287188,-0.07430298026605434,-0.02689316149276209,-0.2487356413752258,57633.531929971,3.027838347581655
5.10,2,bcr4bp_strict,442,1.051896207584831,4.567333333333334,0.9961965657309892,-0.05783211092182774,0.1374983271570637,-0.0743462917371057,-0.0260398150106498,-0.2502317202123392,57428.91997116835,3.027841298844339
5.10,2,bcr4bp_strict,443,1.054276063258099,4.577666666666667,0.9960195839076986,-0.05789306043480186,0.136901025100411,-0.07438641373943156,-0.02518034034494043,-0.2517343167746707,57223.00952977975,3.02784423550335
5.10,2,bcr4bp_strict,444,1.056655918931368,4.588,0.995842510438214,-0.05795195713966354,0.136300139212525,-0.07442330265865928,-0.02431464612538823,-0.2532435449249995,57015.79470360486,3.027847157531579
5.10,2,bcr4bp_strict,445,1.059035774604637,4.598333333333334,0.9956653530697639,-0.05800878612356301,0.1356956535731755,-0.07445691380883131,-0.02344263846716784,-0.2547595210743291,56807.26949437839,3.027850064901195
5.10,2,bcr4bp_strict,446,1.061415630277906,4.608666666666668,0.9954881196572312,-0.05806353224714317,0.1350875519819856,-0.07448720139862511,-0.02256422088702955,-0.2562823642552962,56597.42780560008,3.027852957583604
5.10,2,bcr4bp_strict,447,1.063795485951175,4.619000000000001,0.9953108181658256,-0.05811618013825261,0.1344758179521038,-0.07451411849626613,-0.02167929421605648,-0.2578121961981475,56386.26344030162,3.027855835549418
5.10,2,bcr4bp_strict,448,1.066175341624444,4.629333333333334,0.9951334566738407,-0.05816671418544681,0.1338604347036903,-0.0745376169930741,-0.0207877565088607,-0.2593491414093955,56173.7700987479,3.027858698768411
5.10,2,bcr4bp_strict,449,1.068555197297713,4.639666666666668,0.9949560433754997,-0.05821511853126876,0.1332413851572136,-0.07455764756557787,-0.01988950294904892,-0.2608933272532582,55959.94137607064,3.027861547209483
5.10,2,bcr4bp_strict,450,1.070935052970981,4.65,0.994778586583893,-0.05826137706530005,0.1326186519265502,-0.07457415963613234,-0.01898442575077652,-0.2624448840360062,55744.77075983172,3.027864380840613
5.10,2,bcr4bp_strict,451,1.07331490864425,4.660333333333334,0.9946010947340111,-0.05830547341697281,0.1319922173118791,-0.07458710133196611,-0.01807241405620002,-0.2640039450933373,55528.25162751371,3.027867199628824
5.10,2,bcr4bp_strict,452,1.075694764317519,4.670666666666667,0.9944235763858779,-0.05834739094813257,0.1313620632923654,-0.07459641944258504,-0.01715335382862681,-0.265570646880907,55310.37724393515,3.027870003540132
5.10,2,bcr4bp_strict,453,1.078074619990788,4.681000000000001,0.9942460402277855,-0.05838711274534138,0.1307281715186241,-0.07460205937545279,-0.01622712774115011,-0.2671451290681526,55091.14075858753,3.027872792539504
5.10,2,bcr4bp_strict,454,1.080454475664057,4.691333333333334,0.9940684950796389,-0.05842462161191044,0.1300905233049572,-0.07460396510986501,-0.01529361506054491,-0.2687275346355504,54870.53520289164,3.027875566590811
5.10,2,bcr4bp_strict,455,1.082834331337326,4.701666666666668,0.9938909498964109,-0.05845990005965045,0.1294490996213538,-0.07460207914892866,-0.01435269152618657,-0.2703180099754577,54648.5534873694,3.027878325656779
5.10,2,bcr4bp_strict,456,1.085214187010594,4.712000000000001,0.9937134137717147,-0.05849293030032773,0.1288038810852476,-0.07459634246955374,-0.01340422922374283,-0.2719167049966933,54425.18839872915,3.027881069698939
5.10,2,bcr4bp_strict,457,1.087594042683863,4.722333333333334,0.9935358959414975,-0.05852369423681314,0.128154847953019,-0.07458669447035865,-0.01244809645337232,-0.2735237732330238,54200.43259686028,3.027883798677574
5.10,2,bcr4bp_strict,458,1.089973898357132,4.732666666666667,0.9933584057878603,-0.05855217345391062,0.1275019801112357,-0.07457307291738523,-0.01148415759214906,-0.2751393719557265,53974.27861173419,3.027886512551667
5.10,2,bcr4bp_strict,459,1.092353754030401,4.743,0.993180952843011,-0.05857834920885113,0.1268452570676198,-0.0745554138875132,-0.01051227295041514,-0.2767636622904118,53746.71884020809,3.027889211278845
5.10,2,bcr4bp_strict,460,1.09473360970367,4.753333333333335,0.9930035467933531,-0.05860220242143713,0.1261846579417314,-0.07453365170945725,-0.009532298621746104,-0.2783968093382964,53517.74554272761,3.02789189481532
5.10,2,bcr4bp_strict,461,1.097113465376939,4.763666666666667,0.9928261974837196,-0.05862371366382219,0.1255201614553585,-0.07450771890222334,-0.00854408632619523,-0.2800389823021264,53287.35083992469,3.027894563115836
5.10,2,bcr4bp_strict,462,1.099493321050208,4.774000000000001,0.992648914921755,-0.05864286314990909,0.1248517459226014,-0.07447754611089319,-0.007547483246460889,-0.2816903546169649,53055.52670910645,3.027897216133597
5.10,2,bcr4bp_strict,463,1.101873176723476,4.784333333333334,0.9924717092824548,-0.05865963072434928,0.1241793892396393,-0.07444306203959856,-0.006542331856602818,-0.2833511040860636,52822.26498063101,3.027899853820212
5.10,2,bcr4bp_strict,464,1.104253032396745,4.794666666666667,0.9922945909128669,-0.05867399585112543,0.1235030688741682,-0.07440419338153771,-0.00552846974290658,-0.2850214130220544,52587.55733416563,3.027902476125627
5.10,2,bcr4bp_strict,465,1.106632888070014,4.805000000000001,0.9921175703369639,-0.05868593760169796,0.1228227618544957,-0.07436086474587805,-0.004505729416473245,-0.2867014683937075,52351.39529482265,3.027905082998056
5.10,2,bcr4bp_strict,466,1.109012743743283,4.815333333333334,0.991940658260693,-0.05869543464269513,0.1221384447582794,-0.07431299858137985,-0.003473938117083796,-0.2883914619785162,52113.77022916837,3.027907674383908
5.10,2,bcr4bp_strict,467,1.111392599416552,4.825666666666668,0.9917638655772115,-0.05870246522312569,0.1214500937008952,-0.0742605150965641,-0.002432917607859792,-0.2900915905213821,51874.67334109975,3.027910250227721
5.10,2,bcr4bp_strict,468,1.113772455089821,4.836000000000001,0.9915872033723172,-0.05870700716109125,0.120757684323421,-0.07420333217623855,-0.001382483960212102,-0.2918020558996887,51634.09566758364,3.027912810472077
5.10,2,bcr4bp_strict,469,1.11615231076309,4.846333333333335,0.9914106829300814,-0.05870903782997484,0.1200611917802184,-0.07414136529418244,-0.0003224473285350125,-0.2935230652950712,51392.02807425291,3.027915355057531
5.10,2,bcr4bp_strict,470,1.118532166436358,4.856666666666667,0.9912343157386947,-0.0587085341440805,0.1193605907260987,-0.07407452742177928,0.0007473882859283321,-0.2952548313721995,51148.46125085371,3.027917883922523
5.10,2,bcr4bp_strict,471,1.120912022109627,4.867000000000001,0.9910581134965354,-0.05870547254369734,0.1186558553030534,-0.07400272893237225,0.001827225282664021,-0.2969975724649178,50903.38570653772,3.0279203970033
5.10,2,bcr4bp_strict,472,1.123291877782896,4.877333333333334,0.9908820881184706,-0.0586998289795603,0.1179469591265339,-0.07392587750110335,0.002917272721561924,-0.2987515127700951,50656.79176499289,3.027922894233821
5.10,2,bcr4bp_strict,473,1.125671733456165,4.887666666666667,0.9907062517424013,-0.05869157889667765,0.1172338752712592,-0.07384387799998098,0.004017746595383359,-0.3005168825495688,50408.66955940603,3.02792537554567
5.10,2,bcr4bp_strict,474,1.128051589129434,4.898000000000001,0.9905306167360639,-0.05868069721749426,0.1165165762565337,-0.07375663238790445,0.00512887011576489,-0.3022939183405773,50159.00902725008,3.027927840867961
5.10,2,bcr4bp_strict,475,1.130431444802703,4.908333333333334,0.9903551957040982,-0.05866715832435722,0.1157950340310536,-0.07366403959535583,0.006250874013550368,-0.3040828631751059,49907.79990488885,3.027930290127237
5.10,2,bcr4bp_strict,476,1.132811300475971,4.918666666666668,0.990180001495398,-0.05865093604124891,0.11506921995718,-0.07356599540344981,0.007383996854299094,-0.3058839668085923,49655.03172199101,3.027932723247369
5.10,2,bcr4bp_strict,477,1.13519115614924,4.929000000000001,0.9900050472107558,-0.05863200361475021,0.1143391047946558,-0.07346239231701175,0.008528485369872111,-0.3076974859584636,49400.69379574569,3.027935140149451
5.10,2,bcr4bp_strict,478,1.137571011822509,4.939333333333334,0.9898303462108171,-0.05861033369419453,0.1136046586837438,-0.07335311943133181,0.009684594807064481,-0.3095236845530041,49144.77522487059,3.027937540751686
5.10,2,bcr4bp_strict,479,1.139950867495778,4.949666666666667,0.9896559121243595,-0.0585858983109708,0.1128658511277585,-0.07323806229221855,0.01085258929431618,-0.3113628339910824,48887.26488340394,3.027939924969273
5.10,2,bcr4bp_strict,480,1.142330723169047,4.960000000000001,0.9894817588569145,-0.05855866885693119,0.1121226509749675,-0.07311710274894881,0.01203274222760764,-0.3132152134132999,48628.15141427055,3.027942292714286
5.10,2,bcr4bp_strict,481,1.144710578842316,4.970333333333334,0.9893079005997456,-0.05852861606185646,0.1113750263998319,-0.07299011879968433,0.01322533667672363,-0.3150811099851503,48367.42322261204,3.027944643895549
5.10,2,bcr4bp_strict,482,1.147090434515585,4.980666666666668,0.9891343518392064,-0.05849570996992889,0.1106229448835597,-0.07285698442889274,0.01443066581315331,-0.3169608191928203,48105.06846887081,3.027946978418505
5.10,2,bcr4bp_strict,483,1.149470290188853,4.991000000000001,0.988961127366494,-0.05845991991515992,0.109866373193938,-0.07271756943627948,0.01564903336098746,-0.3188546451522998,47841.07506161642,3.027949296185082
5.10,2,bcr4bp_strict,484,1.151850145862122,5.001333333333334,0.9887882422878205,-0.05842121449571578,0.1091052773644141,-0.07257173925670141,0.0168807540722689,-0.3207629009325025,47575.43065010296,3.027951597093552
5.10,2,bcr4bp_strict,485,1.154230001535391,5.011666666666668,0.9886157120350247,-0.05837956154708135,0.1083396226723895,-0.07241935477049333,0.01812615422836287,-0.3226859088931518,47308.12261654518,3.02795388103838
5.10,2,bcr4bp_strict,486,1.15660985720866,5.022,0.9884435523766469,-0.0583349281139981,0.1075693736166917,-0.07226027210359925,0.01938557216902733,-0.3246240010382235,47039.13806810002,3.027956147910073
5.10,2,bcr4bp_strict,487,1.158989712881929,5.032333333333334,0.9882717794294918,-0.05828728042110826,0.1067944938941859,-0.07209434241685198,0.02065935885098986,-0.326577519385792,46768.46382854031,3.027958397595016
5.10,2,bcr4bp_strict,488,1.161369568555198,5.042666666666668,0.9881004096707076,-0.05823658384223259,0.1060149463754851,-0.07192141168369935,0.02194787843797346,-0.3285468163551757,46496.08642960609,3.02796062997531
5.10,2,bcr4bp_strict,489,1.163749424228467,5.053000000000001,0.9879294599504069,-0.0581828028682045,0.1052306930797188,-0.07174132045561918,0.02325150892426081,-0.330532255172333,46221.99210201836,3.027962844928591
5.10,2,bcr4bp_strict,490,1.166129279901735,5.063333333333334,0.9877589475048633,-0.05812590107317808,0.1044416951483126,-0.07155390361440921,0.02457064279404978,-0.3325342102945259,45946.16676613902,3.027965042327847
5.10,2,bcr4bp_strict,491,1.168509135575004,5.073666666666668,0.987588889970312,-0.05806584107932194,0.1036479128177343,-0.07135899011047535,0.02590568771902311,-0.3345530678553231,45668.59602226051,3.027967222041229
5.10,2,bcr4bp_strict,492,1.170888991248273,5.084000000000001,0.9874193053973926,-0.05800258451980496,0.102849305391155,-0.07115640268617286,0.0272570672967496,-0.3365892261310912,45389.26514050694,3.02796938393185
5.10,2,bcr4bp_strict,493,1.173268846921542,5.094333333333334,0.9872502122662682,-0.05793609199997329,0.1020458312089742,-0.07094595758318134,0.02862522183273873,-0.3386430960301932,45108.15905032779,3.027971527857573
5.10,2,bcr4bp_strict,494,1.175648702594811,5.104666666666667,0.98708162950246,-0.05786632305661132,0.1012374476181507,-0.07072746423281343,0.03001060916919676,-0.3407151016061905,44825.26232956444,3.027973653670791
5.10,2,bcr4bp_strict,495,1.17802855826808,5.115000000000001,0.9869135764934432,-0.05779323611517143,0.100424110940284,-0.07050072492806898,0.03141370556377886,-0.3428056805964328,44540.55919306812,3.027975761218197
5.10,2,bcr4bp_strict,496,1.180408413941348,5.125333333333335,0.9867460731060433,-0.05771678844484959,0.09960577643838128,-0.07026553447615017,0.0328350066218995,-0.3449152849875062,44254.03348084729,3.027977850340545
5.10,2,bcr4bp_strict,497,1.182788269614617,5.135666666666667,0.9865791397046859,-0.05763693611137443,0.09878239828224515,-0.07002167983004766,0.03427502828645963,-0.3470443816091124,43965.66864572025,3.027979920872392
5.10,2,bcr4bp_strict,498,1.185168125287886,5.146000000000001,0.9864127971705487,-0.05755363392736875,0.09795392951241309,-0.06976893969769332,0.03573430788916616,-0.3491934527580501,43675.4477404485,3.027981972641835
5.10,2,bcr4bp_strict,499,1.187547980961155,5.156333333333334,0.986247066921673,-0.05746683540013105,0.09712032200257403,-0.06950708412704892,0.03721340526797536,-0.3513629968540847,43383.35340432394,3.027984005470229
5.10,2,bcr4bp_strict,500,1.189927836634424,5.166666666666667,0.9860819709340911,-0.05737649267667439,0.09628152642038421,-0.06923587406536237,0.03871290395557428,-0.3535535291296116,43089.36784918192,3.027986019171898
5.10,2,bcr4bp_strict,501,1.192307692307693,5.177,0.9859175317640381,-0.05728255648584687,0.09543749218659957,-0.06895506089067149,0.04023341244423831,-0.3557655823551465,42793.47284481024,3.027988013553819
5.10,2,bcr4bp_strict,502,1.194687547980962,5.187333333333335,0.9857537725713107,-0.05718497607734555,0.09458816743243681,-0.06866438591347039,0.04177556553286664,-0.3579997076028135,42495.64970372263,3.027989988415306
5.10,2,bcr4bp_strict,503,1.19706740365423,5.197666666666668,0.9855907171438517,-0.05708369915742043,0.09373349895507022,-0.06836357984626995,0.04334002576250684,-0.3602564750501497,42195.87926526299,3.027991943547661
5.10,2,bcr4bp_strict,504,1.199447259327499,5.208000000000001,0.9854283899236367,-0.05697867182105017,0.09287343217116449,-0.06805236223858392,0.04492748494724354,-0.3625364748267069,41894.14187900474,3.027993878733819
5.10,2,bcr4bp_strict,505,1.201827115000768,5.218333333333335,0.9852668160339497,-0.05686983848035362,0.09200791106833985,-0.06773044087465145,0.0465386658079391,-0.3648403179060957,41590.4173874076,3.027995793747964
5.10,2,bcr4bp_strict,506,1.204206970674037,5.228666666666667,0.9851060213081386,-0.0567571417889829,0.09113687815445715,-0.06739751113096315,0.04817432371700044,-0.367168637046306,41284.68510769162,3.027997688355137
5.10,2,bcr4bp_strict,507,1.206586826347306,5.239000000000001,0.9849460323199513,-0.05664052256222323,0.09026027440460468,-0.06705325529038943,0.04983524856309431,-0.3695220877813316,40976.92381288548,3.027999562310804
5.10,2,bcr4bp_strict,508,1.208966682020574,5.249333333333333,0.9847868764155584,-0.05651991969250282,0.08937803920566094,-0.06669734180941303,0.05152226674556531,-0.3719013494673385,40667.11171200398,3.028001415360417
5.10,2,bcr4bp_strict,509,1.211346537693843,5.259666666666668,0.984628581747381,-0.05639527005999138,0.08849011029829905,-0.06632942453463964,0.05323624330922852,-0.3743071263868443,40355.22642930609,3.028003247238943
5.10,2,bcr4bp_strict,510,1.213726393367112,5.270000000000001,0.984471177309845,-0.05626650843793972,0.08759642371629134,-0.06594914186439761,0.05497808423122501,-0.3767401489146143,40041.24498258249,3.028005057670362
5.10,2,bcr4bp_strict,511,1.216106249040381,5.280333333333334,0.9843146929772031,-0.0561335673923833,0.08669691372296101,-0.06555611585083425,0.05674873887275817,-0.3792011747492507,39725.14376041745,3.028006846367147
5.10,2,bcr4bp_strict,512,1.21848610471365,5.290666666666668,0.9841591595435671,-0.05599637717580115,0.08579151274462124,-0.06514995123747064,0.05854920260977496,-0.3816909902147185,39406.89849836725,3.028008613029699
5.10,2,bcr4bp_strict,513,1.220865960386919,5.301000000000001,0.9840046087653156,-0.05585486561428591,0.08488015130082878,-0.06473023442667937,0.06038051965805111,-0.3842104116363613,39086.48425399266,3.028010357345762
5.10,2,bcr4bp_strict,514,1.223245816060188,5.311333333333334,0.9838510734060451,-0.05570895798774262,0.08396275793126941,-0.06429653237099743,0.06224378610968284,-0.3867602867962778,38763.87538067958,3.028012078989792
5.10,2,bcr4bp_strict,515,1.225625671733456,5.321666666666667,0.9836985872842597,-0.05555857690259112,0.08303925911908031,-0.0638483913815715,0.06414015319971168,-0.3893414964732707,38439.04550017714,3.028013777622294
5.10,2,bcr4bp_strict,516,1.228005527406725,5.332000000000002,0.9835471853240009,-0.05540364215640023,0.08210957921040135,-0.0633853358463454,0.06607083082353027,-0.3919549560729524,38111.96747377823,3.028015452889119
5.10,2,bcr4bp_strict,517,1.230385383079994,5.342333333333334,0.9833969036086436,-0.05524407059383033,0.0811736403299342,-0.0629068668498341,0.0680370913278628,-0.3946016173539758,37782.6133720622,3.028017104420703
5.10,2,bcr4bp_strict,518,1.232765238753263,5.352666666666668,0.9832477794381028,-0.0550797759532035,0.08023136229227169,-0.06241246068546867,0.07004027360051822,-0.3972824702567858,37450.9544431139,3.028018731831279
5.10,2,bcr4bp_strict,519,1.235145094426532,5.363000000000001,0.9830998513897183,-0.05491066870295795,0.0792826625087473,-0.06190156725053795,0.07208178748679657,-0.3999985448417196,37116.96107912826,3.028020334718021
5.10,2,bcr4bp_strict,520,1.237524950099801,5.373333333333334,0.9829531593831102,-0.05473665586717288,0.07832745588953426,-0.06137360831267282,0.07416311856345228,-0.4027509133437635,36780.60278130248,3.028021912660137
5.10,2,bcr4bp_strict,521,1.239904805773069,5.383666666666667,0.9828077447493241,-0.05455764083927301,0.0773656547407085,-0.06082797563560841,0.07628583330450156,-0.4055406923517663,36441.84812291204,3.028023465217904
5.10,2,bcr4bp_strict,522,1.242284661446338,5.394,0.9826636503046179,-0.05437352318293549,0.07639716865596882,-0.06026402895059678,0.07845158467697469,-0.4083690451204362,36100.66471045933,3.028024991931634
5.10,2,bcr4bp_strict,523,1.244664517119607,5.404333333333335,0.9825209204292745,-0.05418419841912662,0.07542190440268821,-0.05968109375830544,0.0806621182090087,-0.4112371840239958,35757.01914277641,3.028026492320569
5.10,2,bcr4bp_strict,524,1.247044372792876,5.414666666666668,0.9823796011518654,-0.05398955779808898,0.07443976580194826,-0.05907845894430495,0.08291927857752102,-0.4141463731609452,35410.87696795537,3.028027965881704
5.10,2,bcr4bp_strict,525,1.249424228466145,5.425000000000001,0.9822397402394271,-0.05378948805498086,0.0734506536021841,-0.05845537418928426,0.08522501676818822,-0.4170979311199774,35062.20263797075,3.02802941208852
5.10,2,bcr4bp_strict,526,1.251804084139414,5.435333333333334,0.9821013872940672,-0.05358387114773727,0.07245446534604542,-0.05781104715291622,0.08758139786665015,-0.4200932339176972,34710.95946085056,3.028030830389628
5.10,2,bcr4bp_strict,527,1.254183939812683,5.445666666666668,0.9819645938565652,-0.05337258397557316,0.07145109523005023,-0.05714464040777081,0.08999060954690279,-0.4231337181194168,34357.10955024129,3.028032220207317
5.10,2,bcr4bp_strict,528,1.256563795485951,5.456,0.9818294135175925,-0.05315549807638355,0.070440433956582,-0.05645526809681154,0.09245497133083344,-0.4262208841549191,34000.61377220333,3.028033580935987
5.10,2,bcr4bp_strict,529,1.25894365115922,5.466333333333334,0.9816959020372459,-0.05293247930110816,0.06942236857775151,-0.05574199228474694,0.0949769447019532,-0.4293562998416858,33641.43168906176,3.028034911940474
5.10,2,bcr4bp_strict,530,1.261323506832489,5.476666666666668,0.9815641174736607,-0.05270338746291894,0.06839678233061393,-0.05500381896978677,0.09755914416675843,-0.4325416041286637,33279.52150012631,3.028036212554235
5.10,2,bcr4bp_strict,531,1.263703362505758,5.487000000000001,0.9814341203215573,-0.05246807595885247,0.06736355446320109,-0.05423969371809708,0.1002043493690083,-0.4357785110741648,32914.83997908266,3.028037482077403
5.10,2,bcr4bp_strict,532,1.266083218179027,5.497333333333335,0.9813059736616668,-0.05222639136124266,0.0663225600507933,-0.05344849687837154,0.1029155183757837,-0.439068814071946,32547.34240784414,3.028038719774675
5.10,2,bcr4bp_strict,533,1.268463073852296,5.507666666666668,0.9811797433220928,-0.05197817297600883,0.06527366980182521,-0.05262903832834356,0.105695802269754,-0.4424143903398221,32176.98250664116,3.028039924873041
5.10,2,bcr4bp_strict,534,1.270842929525565,5.518000000000001,0.9810554980527851,-0.05172325236451265,0.06421674985278213,-0.05178005169862324,0.1085485611999862,-0.4458172056853326,31803.71236011173,3.028041096559316
5.10,2,bcr4bp_strict,535,1.273222785198833,5.528333333333334,0.9809333097144441,-0.05146145282531187,0.06315166155141083,-0.05090018801182349,0.1114773820642399,-0.4492793195628875,31427.48233914357,3.02804223397748
5.10,2,bcr4bp_strict,536,1.275602640872102,5.538666666666667,0.9808132534833265,-0.05119258883169871,0.06207826122753438,-0.04998800866636427,0.1144860980195002,-0.4528028904364167,31048.2410182051,3.028043336225772
5.10,2,bcr4bp_strict,537,1.277982496545371,5.549000000000001,0.9806954080736081,-0.05091646542041119,0.0609963999507276,-0.04904197768441182,0.1175788100450368,-0.456390181460713,30665.93508788954,3.028044402353551
5.10,2,bcr4bp_strict,538,1.28036235221864,5.559333333333335,0.9805798559791604,-0.05063287752633462,0.05990592327408135,-0.0480604531318815,0.1207599108142229,-0.4600435664932504,30280.50926238502,3.028045431357868
5.10,2,bcr4bp_strict,539,1.282742207891909,5.569666666666667,0.9804666837368351,-0.05034160925735721,0.05880667096325541,-0.0470416776050126,0.1240341111684843,-0.4637655364461089,29891.90618157119,3.028046422179734
5.10,2,bcr4bp_strict,540,1.285122063565178,5.580000000000001,0.9803559822136179,-0.05004243310279634,0.05769847671000417,-0.04598376766237051,0.1274064695300207,-0.4675587059844832,29500.06630743619,3.028047373700044
5.10,2,bcr4bp_strict,541,1.287501919238446,5.590333333333334,0.9802478469203245,-0.04973510906795135,0.0565811678293454,-0.04488470206281475,0.130882424640517,-0.4714258205738267,29104.9278144999,3.028048284735121
5.10,2,bcr4bp_strict,542,1.289881774911715,5.600666666666667,0.980142378354866,-0.04941938372634897,0.05545456493954638,-0.04374230864848888,0.1344678320722946,-0.4753697638715601,28706.42647392867,3.02804915403184
5.10,2,bcr4bp_strict,543,1.292261630584984,5.611000000000001,0.9800396823785247,-0.04909498918010455,0.05431848162412009,-0.04255424968662002,0.1381690050279401,-0.4793935654509726,28304.49553102998,3.028049980262265
5.10,2,bcr4bp_strict,544,1.294641486258253,5.621333333333335,0.9799398706291601,-0.048761641917499,0.05317272407506621,-0.04131800545410253,0.1419927600264119,-0.4835004088337855,27899.06557582732,3.028050762017771
5.10,2,bcr4bp_strict,545,1.297021341931522,5.631666666666668,0.9798430609758172,-0.04841904155533677,0.05201709071666543,-0.04003085581357264,0.1459464681704494,-0.4876936397929979,27490.06440643715,3.028051497802552
5.10,2,bcr4bp_strict,546,1.299401197604791,5.642000000000001,0.9797493780198564,-0.0480668694518629,0.05085137180924666,-0.03868985948781357,0.1500381128048354,-0.4919767748679648,27077.41688500498,3.028052186026473
5.10,2,bcr4bp_strict,547,1.30178105327806,5.652333333333334,0.9796589536484819,-0.04770478717393466,0.04967534903251837,-0.03729183068949673,0.1542763545113897,-0.4963535100077132,26661.04478601298,3.028052824997158
5.10,2,bcr4bp_strict,548,1.304160908951328,5.662666666666667,0.9795719276474262,-0.04733243479970294,0.04848879504829015,-0.03583331270372113,0.158670604549123,-0.5008277292244001,26240.86663684817,3.028053412911224
5.10,2,bcr4bp_strict,549,1.306540764624597,5.673000000000001,0.9794884483805937,-0.04694942903519724,0.04729147304274448,-0.03431054794945605,0.16323110804238,-0.5054035130940254,25816.79755063143,3.028053947844545
5.10,2,bcr4bp_strict,550,1.308920620297866,5.683333333333334,0.9794086735456876,-0.04655536111983827,0.04608313624887269,-0.03271944396015841,0.1679690384531096,-0.5100851468827653,25388.74905145974,3.028054427741424
5.10,2,bcr4bp_strict,551,1.311300475971135,5.693666666666668,0.9793327710163017,-0.04614979449192221,0.04486352745030409,-0.03105553462022226,0.1728966051543502,-0.514877128000201,24956.62889242162,3.0280548504025
5.10,2,bcr4bp_strict,552,1.313680331644404,5.704000000000002,0.9792609197826752,-0.04573226218040584,0.04363237846858359,-0.02931393586836837,0.1780271762615462,-0.5197841723795082,24520.34086702673,3.028055213471231
5.10,2,bcr4bp_strict,553,1.316060187317673,5.714333333333334,0.97919331100537,-0.0453022638837138,0.04238940963705402,-0.0274892949263632,0.1833754192901605,-0.5248112192516073,24079.78461506611,3.028055514418735
5.10,2,bcr4bp_strict,554,1.318440042990942,5.724666666666668,0.9791301491985767,-0.04485926268960173,0.04113432926597065,-0.02557573192495235,0.1889574627094437,-0.5299634336049722,23634.85542442412,3.028055750526749
5.10,2,bcr4bp_strict,555,1.32081989866421,5.735000000000001,0.9790716535627089,-0.04440268138209669,0.03986683310541962,-0.0235667725701716,0.1947910820750942,-0.535246205391346,23185.44403103184,3.028055918868406
5.10,2,bcr4bp_strict,556,1.323199754337479,5.745333333333334,0.9790180594894974,-0.04393189827190883,0.03858660381519862,-0.02145527021152719,0.2008959151755625,-0.5406651442310825,22731.43642004335,3.02805601628651
5.10,2,bcr4bp_strict,557,1.325579610010748,5.755666666666667,0.9789696202670917,-0.04344624247509038,0.03729331045424465,-0.01923331532511585,0.2072937115533375,-0.5462260679645468,22272.71363250235,3.028056039368887
5.10,2,bcr4bp_strict,558,1.327959465684017,5.766000000000002,0.9789266090179041,-0.04294498855064274,0.03598660800674443,-0.01689212999182666,0.2140086229089399,-0.5519349828527763,21809.15158334276,3.028055984420339
5.10,2,bcr4bp_strict,559,1.330339321357286,5.776333333333334,0.9788893209083102,-0.0424273503906533,0.03466613696811518,-0.01442194441032742,0.2210675423196845,-0.557798052502971,21340.62089866965,3.028055847430623
5.10,2,bcr4bp_strict,560,1.332719177030555,5.786666666666668,0.9788580756771362,-0.04189247423562854,0.03333152302210775,-0.01181185180667567,0.2285005019825733,-0.5638215516152388,20866.9867830722,3.028055624037765
5.10,2,bcr4bp_strict,561,1.335099032703823,5.797000000000001,0.9788332205395066,-0.04133943066203536,0.03198237685107437,-0.009049637248036426,0.2363411414179175,-0.570011799322653,20388.10893148047,3.028055309485876
5.10,2,bcr4bp_strict,562,1.337478888377092,5.807333333333334,0.9788151335345431,-0.0407672053574469,0.03061829413591318,-0.006121574785821238,0.2446272608734902,-0.5763750650955576,19903.84150512809,3.028054898576452
5.10,2,bcr4bp_strict,563,1.339858744050361,5.817666666666668,0.9788042274002563,-0.04017468845956119,0.02923885582171051,-0.003012185976018226,0.253401478212027,-0.582917437716878,19414.03319799987,3.028054385611944
5.10,2,bcr4bp_strict,564,1.34223859972363,5.828,0.9788009540775197,-0.03956066218671393,0.02784362875151351,0.0002960489378974677,0.2627120120614623,-0.589644644442318,18918.52742938496,3.028053764330065
5.10,2,bcr4bp_strict,565,1.344618455396899,5.838333333333335,0.97880580996834,-0.03892378642675457,0.02643216680662264,0.003823038159994041,0.2726136197361843,-0.5965618027557362,18417.16271075109,3.028053027827005
5.10,2,bcr4bp_strict,566,1.346998311070168,5.848666666666668,0.9788193421031034,-0.0382625818749536,0.02500401274103226,0.00759149770280032,0.2831687257620811,-0.6036730805616629,17909.77325242187,3.028052168467238
5.10,2,bcr4bp_strict,567,1.349378166743437,5.859000000000001,0.9788421554089003,-0.0375754102156191,0.02355870096550443,0.01162746068144209,0.2944487862299773,-0.6109812314133471,17396.18989935707,3.028051177777104
5.10,2,bcr4bp_strict,568,1.351758022416705,5.869333333333334,0.9788749213187997,-0.03686045072071747,0.02209576163094444,0.01596089919988892,0.3065359462689637,-0.6184869582590603,16876.24151842689,3.028050046318556
5.10,2,bcr4bp_strict,569,1.354137878089974,5.879666666666668,0.9789183880232313,-0.03611567248475566,0.02061472649243555,0.02062648796369542,0.3195250634456711,-0.6261880404178978,16349.75700587934,3.028048763538629
5.10,2,bcr4bp_strict,570,1.356517733763243,5.890000000000001,0.9789733927436128,-0.03533880131919332,0.01911513722093567,0.02566454724223775,0.3335261898152275,-0.6340781313841647,15816.56814903847,3.028047317588962
5.10,2,bcr4bp_strict,571,1.358897589436512,5.900333333333334,0.9790408765105495,-0.03452728007990363,0.01759655709359427,0.03112221393898278,0.3486676308092505,-0.6421450955260101,15276.51366924697,3.028045695108152
5.10,2,bcr4bp_strict,572,1.361277445109781,5.910666666666669,0.9791219020615468,-0.03367822088305015,0.01605858737239455,0.03705490410840198,0.3650997313740971,-0.6503686935256001,14729.44490658137,3.028043880957806
5.10,2,bcr4bp_strict,573,1.36365730078305,5.921000000000001,0.9792176756455228,-0.03278834726074443,0.01450089022953428,0.04352814923234558,0.382999579831074,-0.6587173397974241,14175.23380044814,3.028041857900453
5.10,2,bcr4bp_strict,574,1.366037156456319,5.931333333333335,0.9793295737451326,-0.03185392379879833,0.012923220880903,0.05061991294067224,0.4025768680638916,-0.6671435249376226,13613.7841036556,3.028039606204227
5.10,2,bcr4bp_strict,575,1.368417012129587,5.941666666666667,0.9794591760168803,-0.03087067016734646,0.01132547277620811,0.05842352537882619,0.4240812007729513,-0.6755772985730059,13045.04718702548,3.028037103154757
5.10,2,bcr4bp_strict,576,1.370796867802856,5.952000000000001,0.9796083061177779,-0.02983365569433672,0.00970774146803955,0.06705140877968309,0.4478111989623165,-0.6839169048617287,12469.04441879805,3.028034322449196
5.10,2,bcr4bp_strict,577,1.373176723476125,5.962333333333334,0.9797790825468146,-0.02873716976671182,0.00807041545957473,0.07663980670400818,0.4741257730230194,-0.6920151940881574,11885.89905055607,3.028031233440267
5.10,2,bcr4bp_strict,578,1.375556579149394,5.972666666666667,0.9799739821752464,-0.02757456247742388,0.006414306410896463,0.08735476020275838,0.5034579000400263,-0.6996597039770676,11295.88198648895,3.028027800189893
5.10,2,bcr4bp_strict,579,1.377936434822663,5.983000000000001,0.9801959197241019,-0.02633804935040744,0.004740837352117144,0.09939956882575657,0.5363310186251978,-0.7065431651912889,10699.47803476987,3.028023980282885
5.10,2,bcr4bp_strict,580,1.380316290495932,5.993333333333335,0.9804483469153635,-0.02501847434923641,0.003052317229490547,0.1130238654948449,0.5733775125669176,-0.7122194151577911,10097.48267381781,3.028019723343698
5.10,2,bcr4bp_strict,581,1.3826961461692,6.003666666666668,0.9807353749684703,-0.02360502824727097,0.001352345045666534,0.1285340661585987,0.6153571752580352,-0.7160370013476156,9491.144671554548,3.028014969199292
5.10,2,bcr4bp_strict,582,1.385076001842469,6.014000000000001,0.981061922558461,-0.02208492818060705,-0.0003535903472001328,0.1463039788900247,0.6631699363421336,-0.7170388089230846,8882.378005569639,3.028009645653084
5.10,2,bcr4bp_strict,583,1.387455857515738,6.024333333333335,0.9814338860576138,-0.02044308602832958,-0.002057215021713151,0.1667820116013415,0.7178492297582553,-0.7138108894469245,8274.078551083039,3.028003665911556
5.10,2,bcr4bp_strict,584,1.389835713189007,6.034666666666667,0.9818583149192102,-0.0186618431150251,-0.00374613337107196,0.1904861121119628,0.7805057359116262,-0.7042588982759255,7670.597510652364,3.027996925915553
5.10,2,bcr4bp_strict,585,1.392215568862276,6.045000000000001,0.9823435421082469,-0.01672095602530517,-0.005401852974533018,0.2179662571211048,0.8521579765554683,-0.6852930421875376,7078.442005321252,3.027989302310606
5.10,2,bcr4bp_strict,586,1.394595424535545,6.055333333333335,0.9828991478396512,-0.01459823479957895,-0.006996956301416098,0.2496922512797365,0.9333262236741192,-0.6524340770859376,6507.280015402848,3.027980652871059
5.10,2,bcr4bp_strict,587,1.396975280208814,6.065666666666668,0.9835354944218974,-0.01227162722839753,-0.008491348554224029,0.2857891748928443,1.023181897706942,-0.5994707456488616,5971.276833126105,3.027970823305425
5.10,2,bcr4bp_strict,588,1.399355135882082,6.076000000000001,0.9842623438616617,-0.009724102293400991,-0.009828142954909825,0.325513782942109,1.118015186845422,-0.5186128686125454,5490.567470511803,3.027959667778102
5.10,2,bcr4bp_strict,589,1.401734991555351,6.086333333333334,0.9850858695322259,-0.006952972140019493,-0.01093144553635054,0.3664444161959267,1.209125919891675,-0.4021566080126661,5092.066917140261,3.027947093577028
5.10,2,bcr4bp_strict,590,1.40411484722862,6.096666666666668,0.9860037198824553,-0.003983708181906894,-0.01171125671899685,0.4037832258396443,1.281573224150834,-0.2469613452803447,4807.767698339302,3.027933135306854
5.10,2,bcr4bp_strict,591,1.406494702901889,6.107000000000001,0.9869996772786752,-0.0008823938433159158,-0.01208209169927514,0.4309668245725968,1.317236516126778,-0.06098410819697783,4668.167462363533,3.027918035661661
5.10,2,bcr4bp_strict,592,1.408874558575158,6.117333333333334,0.9880425379650252,0.002246836390034539,-0.01199397056473018,0.4426152036477494,1.304137748909462,0.1343211387827914,4691.269325300183,3.027902263218358
5.10,2,bcr4bp_strict,593,1.411254414248427,6.127666666666668,0.9890933448209754,0.005288221419324849,-0.0114565804152461,0.4379847149246267,1.245238153894288,0.312539122402296,4873.941641049845,3.027886404323302
5.10,2,bcr4bp_strict,594,1.413634269921695,6.138000000000002,0.9901174706812337,0.008149951522203814,-0.01053445479782166,0.4211178952451009,1.156322688654095,0.4558653813028085,5193.534597133138,3.02787098093772
5.10,2,bcr4bp_strict,595,1.416014125594964,6.148333333333334,0.9910926032189877,0.01078275337170623,-0.009317888098081345,0.3977232859288763,1.055569256021182,0.5603041648357094,5618.148785905562,3.027856329448642
5.10,2,bcr4bp_strict,596,1.418393981268233,6.158666666666668,0.9920090384802354,0.01317525759867077,-0.007894324667491102,0.3723953815428354,0.9559824157150174,0.6310974098355795,6116.796296252425,3.027842595526698
5.10,2,bcr4bp_strict,597,1.420773836941502,6.169,0.9928657527100578,0.01533930291354942,-0.006334252461305573,0.3478438236485208,0.8642547166824924,0.6763866933107671,6664.443120335738,3.027829793163548
5.10,2,bcr4bp_strict,598,1.423153692614771,6.179333333333334,0.9936662962369951,0.01729699913361047,-0.004689181297200732,0.3253086305979095,0.7827132846545799,0.7036349790729683,7242.760249908852,3.02781786677992
5.10,2,bcr4bp_strict,599,1.42553354828804,6.189666666666668,0.9944160404151848,0.01907292206328597,-0.002994889812619321,0.3051710850780835,0.7113904392072699,0.718552606248732,7838.992381559725,3.027806733015395
5.10,2,bcr4bp_strict,600,1.427913403961309,6.200000000000001,0.9951206972891111,0.02069038137094633,-0.001275623833818094,0.287391535479194,0.6493488209780507,0.7251765805557306,8444.478450931518,3.027796303275538
5.10,2,bcr4bp_strict,601,1.430293259634577,6.210333333333335,0.9957856436067611,0.02217002585492512,0.0004523727649155743,0.271756606193319,0.5953646834419133,0.7262640359498923,9053.402817576894,3.027786494067363
5.10,2,bcr4bp_strict,602,1.432673115307846,6.220666666666668,0.9964156717601308,0.02352957724636214,0.002178282098110595,0.2580020610127416,0.5482325458231893,0.7236743523966034,9661.88221348247,3.027777230832406
5.10,2,bcr4bp_strict,603,1.435052970981115,6.231000000000001,0.997014943692321,0.02478403466342494,0.003894940378407828,0.245867962697815,0.5068795144985442,0.7186593856897201,10267.33667996811,3.027768448675672
5.10,2,bcr4bp_strict,604,1.437432826654384,6.241333333333334,0.997587031199934,0.0259460339409879,0.005597647401439079,0.2351202083660488,0.4703930636431836,0.7120649645715285,10868.06632534068,3.027760091769213
5.10,2,bcr4bp_strict,605,1.439812682327653,6.251666666666668,0.9981349864197064,0.02702622412284597,0.007283371719270823,0.2255564258405182,0.4380132966663856,0.7044657723727801,11462.96839699606,3.027752112284044
5.10,2,bcr4bp_strict,606,1.442192538000922,6.262,0.9986614171356956,0.02803360815364103,0.008950218770912184,0.217005122574964,0.4091130829234886,0.6962544981583627,12051.34772393803,3.027744469244796
5.10,2,bcr4bp_strict,607,1.444572393674191,6.272333333333335,0.999168556494209,0.0289758326164821,0.01059707262578448,0.2093222965393617,0.3831761151521463,0.6877007101253962,12632.78887709292,3.027737127465485
5.10,2,bcr4bp_strict,608,1.446952249347459,6.282666666666668,0.9996583236616881,0.02985942699177062,0.01222335261447611,0.2023874150226583,0.3597767857226656,0.6789899369112075,13207.06921486733,3.027730056621227
5.10,2,bcr4bp_strict,609,1.449332105020728,6.293000000000001,1.000132375023566,0.03068999851424301,0.01382884650540577,0.1960995660077424,0.3385630688706422,0.6702498260130016,13774.09919748543,3.027723230463108
5.10,2,bcr4bp_strict,610,1.451711960693997,6.303333333333335,1.000592146748576,0.03147238998882483,0.01541359514469467,0.1903740743250511,0.3192424721051018,0.6615678227420266,14333.88105343263,3.027716626164251
5.10,2,bcr4bp_strict,611,1.454091816367266,6.313666666666667,1.001038889928141,0.03221080749637663,0.01697781204179937,0.1851396455857208,0.3015707081576633,0.6530032399539312,14886.47992074519,3.027710223779034
5.10,2,bcr4bp_strict,612,1.456471672040535,6.324000000000001,1.001473699519587,0.03290892392880806,0.01852182692594862,0.1803360057413548,0.2853426342657334,0.6445955810845728,15432.00355452993,3.027704005796925
5.10,2,bcr4bp_strict,613,1.458851527713803,6.334333333333334,1.001897538198035,0.03356996322279421,0.02004604590734242,0.1759119709676999,0.2703850243157552,0.6363703345479722,15970.5879750653,3.027697956774249
5.10,2,bcr4bp_strict,614,1.461231383387072,6.344666666666668,1.002311256056289,0.03419676919562498,0.0215509232474048,0.1718238769389614,0.2565507999335756,0.6283430436482248,16502.38727417523,3.027692063029566
5.10,2,bcr4bp_strict,615,1.463611239060341,6.355000000000001,1.002715606928599,0.03479186207800276,0.02303694131467126,0.1680343021537192,0.2437144145062067,0.6205221883578894,17027.56635741116,3.027686312390903
5.10,2,bcr4bp_strict,616,1.46599109473361,6.365333333333335,1.00311126196949,0.03535748518582173,0.02450459635670945,0.1645110292734897,0.2317681460607776,0.6129112404606161,17546.29577510049,3.027680693985162
5.10,2,bcr4bp_strict,617,1.468370950406879,6.375666666666667,1.003498820997062,0.0358956436560292,0.02595438843219363,0.1612261981286513,0.2206191069116735,0.6055101382436859,18058.74804984589,3.027675198061968
5.10,2,bcr4bp_strict,618,1.470750806080148,6.386000000000001,1.003878822010595,0.03640813676625877,0.02738681433563152,0.1581556128112158,0.2101868198589157,0.5983163500937055,18565.09508236045,3.02766981584565
5.10,2,bcr4bp_strict,619,1.473130661753417,6.396333333333335,1.004251749211928,0.03689658504130241,0.02880236268473349,0.1552781727038381,0.2004012437218405,0.5913256446252266,19065.50633806819,3.027664539410309
5.10,2,bcr4bp_strict,620,1.475510517426685,6.406666666666667,1.004618039795868,0.03736245310241789,0.03020151057585469,0.1525754033834439,0.1912011567047188,0.5845326497982375,19560.14760106157,3.027659361573932
5.10,2,bcr4bp_strict,621,1.477890373099954,6.417000000000002,1.004978089723635,0.03780706902242329,0.03158472137865957,0.1500310682353718,0.1825328260144788,0.5779312593258317,20049.18014129833,3.027654275808222
5.10,2,bcr4bp_strict,622,1.480270228773223,6.427333333333335,1.005332258652571,0.0382316407983006,0.0329524433587829,0.1476308455124753,0.1743489075596795,0.5715149279293494,20532.76018303841,3.027649276161509
5.10,2,bcr4bp_strict,623,1.482650084446492,6.437666666666668,1.005680874162842,0.03863727043414408,0.03430510890141087,0.145362058660379,0.1666075314826895,0.5652768852869493,21011.03859268386,3.027644357192568
5.10,2,bcr4bp_strict,624,1.485029940119761,6.448000000000001,1.006024235395855,0.03902496603344636,0.03564313416933638,0.1432134501687487,0.1592715385205583,0.5592102902604413,21484.16072593595,3.027639513913564
5.10,2,bcr4bp_strict,625,1.48740979579303,6.458333333333334,1.00636261619837,0.03939565222531932,0.03696691907303428,0.1411749911347782,0.1523078393775563,0.5533083411108521,21952.26638998395,3.027634741740692
5.10,2,bcr4bp_strict,626,1.489789651466298,6.468666666666667,1.006696267849516,0.03975017918999316,0.03827684746240509,0.1392377202486697,0.145686874901411,0.5475643532044466,22415.48988798236,3.027630036451297
5.10,2,bcr4bp_strict,627,1.492169507139567,6.479000000000001,1.007025421434491,0.04008933050152558,0.03957328747340168,0.1373936071184972,0.1393821592500945,0.5419718126740424,22873.9601215566,3.027625394146512
5.10,2,bcr4bp_strict,628,1.494549362812836,6.489333333333335,1.00735028991778,0.04041382996753817,0.04085659198013519,0.1356354358117089,0.1333698916942744,0.5365244122946218,23327.800733343,3.027620811218572
5.10,2,bcr4bp_strict,629,1.496929218486105,6.499666666666668,1.007671069959885,0.04072434761501272,0.04212709911593395,0.1339567052559213,0.1276286254338757,0.5312160742201408,23777.1302762164,3.027616284322142
5.10,2,bcr4bp_strict,630,1.499309074159374,6.510000000000002,1.00798794351431,0.04102150494620406,0.04338513283640889,0.1323515437541132,0.1221389839772783,0.5260409630434861,24222.06239932339,3.027611810349076
5.10,2,bcr4bp_strict,631,1.501688929832643,6.520333333333334,1.008301079235619,0.04130587956836744,0.04463100350472,0.130814635361219,0.1168834173623673,0.5209934917660028,24662.70604362468,3.027607386406134
5.10,2,bcr4bp_strict,632,1.504068785505912,6.530666666666668,1.008610633724524,0.04157800928433591,0.04586500848458607,0.1293411562656386,0.1118459918850544,0.5160683226129348,25099.16564159066,3.027603009795255
5.10,2,bcr4bp_strict,633,1.50644864117918,6.541000000000001,1.008916752631922,0.04183839571728193,0.04708743273058123,0.1279267196400669,0.1070122081164389,0.511260364146369,25531.54131714957,3.027598677996036
5.10,2,bcr4bp_strict,634,1.508828496852449,6.551333333333334,1.00921957164048,0.04208750753168845,0.04829854936826435,0.1265673276866865,0.1023688428912601,0.5065647657643653,25959.9290830825,3.027594388650138
5.10,2,bcr4bp_strict,635,1.511208352525718,6.561666666666668,1.009519217339579,0.04232578330318026,0.0494986202589387,0.1252593298142974,0.09790381168188322,0.5019769104023302,26384.4210338818,3.027590139547374
5.10,2,bcr4bp_strict,636,1.513588208198987,6.572000000000002,1.009815808007125,0.04255363408206612,0.05068789654552466,0.1239993860588929,0.09360604836824421,0.4974924060472903,26805.10553270875,3.027585928613247
5.10,2,bcr4bp_strict,637,1.515968063872256,6.582333333333334,1.010109454309801,0.04277144568892754,0.05186661917729068,0.122784435002063,0.08946539990195426,0.4931070765205698,27222.0673915502,3.02758175389779
5.10,2,bcr4bp_strict,638,1.518347919545525,6.592666666666668,1.010400259931681,0.04297958077512745,0.05303501941212173,0.1216116655594016,0.08547253376345108,0.4888169518669866,27635.38804402012,3.027577613565524
5.10,2,bcr4bp_strict,639,1.520727775218794,6.603000000000001,1.010688322139778,0.04317838067651846,0.05419331929570206,0.1204784921085331,0.08161885644143115,0.4846182585997081,28045.14571051087,3.027573505886415
5.10,2,bcr4bp_strict,640,1.523107630892062,6.613333333333334,1.010973732293922,0.04336816708475068,0.05534173211749612,0.1193825325072719,0.07789644143721017,0.4805074099824587,28451.41555559006,3.027569429227716
5.10,2,bcr4bp_strict,641,1.525487486565331,6.623666666666668,1.011256576307377,0.04354924355729467,0.05648046284378066,0.1183215886198127,0.0742979655237289,0.4764809964796263,28854.26983767674,3.027565382046577
5.10,2,bcr4bp_strict,642,1.5278673422386,6.634000000000001,1.011536935063772,0.04372189688450388,0.05760970852824348,0.117293629025153,0.07081665217817527,0.4725357764660704,29253.77805113269,3.027561362883356
5.10,2,bcr4bp_strict,643,1.530247197911869,6.644333333333335,1.011814884795192,0.04388639832966179,0.05872965870084593,0.1162967736291598,0.06744622126545645,0.4686686672591474,29650.00706097424,3.027557370355542
5.10,2,bcr4bp_strict,644,1.532627053585138,6.654666666666668,1.012090497425679,0.04404300475592613,0.0598404957357692,0.1153292799413846,0.06418084418252702,0.4648767365133867,30043.02123045906,3.027553403152232
5.10,2,bcr4bp_strict,645,1.535006909258407,6.665000000000001,1.012363840883844,0.04419195965233841,0.06094239519933665,0.1143895308112165,0.06101510378534228,0.4611571940017003,30432.88254183322,3.027549460029087
5.10,2,bcr4bp_strict,646,1.537386764931675,6.675333333333334,1.012634979387851,0.04433349406956907,0.06203552617884973,0.1134760234462832,0.0579439585145347,0.4575073837946576,30819.65071054249,3.027545539803743
5.10,2,bcr4bp_strict,647,1.539766620604944,6.685666666666668,1.012903973705639,0.04446782747477621,0.06312005159328814,0.1125873595600399,0.05496271021580317,0.4539247768402513,31203.38329322152,3.027541641351599
5.10,2,bcr4bp_strict,648,1.542146476278213,6.696000000000001,1.013170881392911,0.04459516853383923,0.06419612848682399,0.1117222365159226,0.0520669752188342,0.4504069639399348,31584.13578977562,3.027537763601977
5.10,2,bcr4bp_strict,649,1.544526331951482,6.706333333333335,1.01343575701111,0.04471571582826168,0.065263908306083,0.1108794393528776,0.04925265829633798,0.4469516491119557,31961.96173986725,3.027533905534587
5.10,2,bcr4bp_strict,650,1.546906187624751,6.716666666666668,1.013698652327369,0.04482965851319649,0.06632353716205977,0.1100578335919889,0.04651592917410503,0.4435566433296942,32336.91281411246,3.027530066176285
5.10,2,bcr4bp_strict,651,1.54928604329802,6.727000000000001,1.013959616498184,0.04493717692231608,0.06737515607756429,0.1092563587367007,0.04385320130520644,0.440219858620487,32709.03890028318,3.027526244598096
5.10,2,bcr4bp_strict,652,1.551665898971289,6.737333333333335,1.014218696238367,0.04503844312461028,0.06841890122103671,0.1084740223901269,0.04126111265770901,0.4369393025090302,33078.38818479903,3.027522439912463
5.10,2,bcr4bp_strict,653,1.554045754644557,6.747666666666667,1.014475935976663,0.0451336214376374,0.06945490412753214,0.1077098949223923,0.03873650829644714,0.433713072788672,33445.00722978164,3.02751865127072
5.10,2,bcr4bp_strict,654,1.556425610317826,6.758000000000001,1.014731377999274,0.04522286890126386,0.07048329190763536,0.10696310462913,0.0362764245662902,0.4305393526036038,33808.9410459299,3.027514877860745
5.10,2,bcr4bp_strict,655,1.558805465991095,6.768333333333334,1.014985062582393,0.0453063357154979,0.07150418744502471,0.1062328333293256,0.03387807470758845,0.4274164058249907,34170.23316146274,3.027511118904807
5.10,2,bcr4bp_strict,656,1.561185321664364,6.778666666666668,1.015237028114737,0.04538416564564463,0.07251770958336529,0.1055183123568359,0.03153883575462285,0.424342572704367,34528.92568736122,3.027507373657562
5.10,2,bcr4bp_strict,657,1.563565177337633,6.789000000000001,1.015487311210972,0.0454564963976757,0.07352397330317102,0.1048188189052399,0.02925623658537378,0.4213162657880821,34885.05937913038,3.027503641404191
5.10,2,bcr4bp_strict,658,1.565945033010902,6.799333333333335,1.015735946816819,0.04552345996641241,0.07452308988923992,0.1041336726903201,0.02702794700613936,0.4183359660771647,35238.67369528752,3.027499921458689
5.10,2,bcr4bp_strict,659,1.568324888684171,6.809666666666668,1.015982968306566,0.04558518295885954,0.07551516708922634,0.1034622328985313,0.02485176776781093,0.4154002194176397,35589.80685277153,3.02749621316226
5.10,2,bcr4bp_strict,660,1.570704744357439,6.820000000000001,1.016228407573633,0.04564178689479603,0.07650030926388339,0.1028038953933494,0.02272562142220214,0.4125076331070385,35938.49587945636,3.027492515881833
5.10,2,bcr4bp_strict,661,1.573084600030708,6.830333333333334,1.01647229511476,0.04569338848652311,0.07747861752947277,0.1021580901545041,0.02064754393698242,0.4096568727035821,36284.77666394047,3.027488829008679
5.10,2,bcr4bp_strict,662,1.575464455703977,6.840666666666667,1.016714660108372,0.04574009989948698,0.07845018989280964,0.1015242789278192,0.01861567699666908,0.406846659025256,36628.68400277345,3.027485151957115
5.10,2,bcr4bp_strict,663,1.577844311377246,6.851000000000002,1.016955530487562,0.04578202899533048,0.07941512137937946,0.1009019530657842,0.01662826092495583,0.4040757653267316,36970.25164527089,3.027481484163313
5.10,2,bcr4bp_strict,664,1.580224167050515,6.861333333333334,1.017194933008164,0.0458192795587823,0.08037350415493641,0.1002906315410891,0.01468362817054513,0.401343014642807,37309.51233605888,3.027477825084166
5.10,2,bcr4bp_strict,665,1.582604022723784,6.871666666666668,1.017432893312269,0.04585195150966203,0.08132542764096784,0.09968985911721656,0.0127801973047228,0.398647277287732,37646.49785548169,3.027474174196245
5.10,2,bcr4bp_strict,666,1.584983878397052,6.882000000000001,1.017669435987578,0.04588014110116279,0.08227097862438225,0.09909920466183436,0.01091646748428569,0.3959874685004549,37981.23905799567,3.027470530994817
5.10,2,bcr4bp_strict,667,1.587363734070321,6.892333333333334,1.017904584622883,0.0459039411054684,0.08321024136175804,0.09851825959018494,0.009091013338175533,0.3933625462264612,38313.76590866724,3.027466894992924
5.10,2,bcr4bp_strict,668,1.58974358974359,6.902666666666668,1.01813836186,0.04592344098766812,0.08414329767846707,0.09794663642696386,0.007302480240384726,0.3907715090274779,38644.10751788272,3.027463265720523
5.10,2,bcr4bp_strict,669,1.592123445416859,6.913000000000001,1.018370789442394,0.04593872706884755,0.08507022706296752,0.09738396747632458,0.005549579935434792,0.3882133941108934,38972.29217437312,3.027459642723682
5.10,2,bcr4bp_strict,670,1.594503301090128,6.923333333333335,1.018601888260779,0.04594988267915781,0.08599110675654233,0.09682990359066876,0.003831086486050232,0.3856872754712766,39298.34737664946,3.027456025563817
5.10,2,bcr4bp_strict,671,1.596883156763397,6.933666666666668,1.018831678395873,0.04595698830159677,0.08690601183874014,0.09628411302979051,0.002145832515609282,0.3831922621368896,39622.29986293754,3.027452413816983
5.10,2,bcr4bp_strict,672,1.599263012436666,6.944000000000002,1.019060179158563,0.04596012170717379,0.08781501530876272,0.09574628040275276,0.0004927057205878936,0.3807274965145563,39944.17563969766,3.027448807073209
5.10,2,bcr4bp_strict,673,1.601642868109934,6.954333333333334,1.01928740912762,0.04595935808207333,0.08871818816302324,0.09521610568560038,-0.001129354369425736,0.3782921528267049,40264.00000880655,3.02744520493586
5.10,2,bcr4bp_strict,674,1.604022723783203,6.964666666666668,1.019513386185177,0.0459547701473822,0.0896155994690893,0.09469330330866067,-0.002721359404467849,0.3758854356348049,40581.79759347637,3.027441607021053
5.10,2,bcr4bp_strict,675,1.606402579456472,6.975000000000001,1.019738127550104,0.04594642827189886,0.09050731643620931,0.09417760130776381,-0.004284275018118823,0.373506578443818,40897.59236297978,3.027438012957094
5.10,2,bcr4bp_strict,676,1.608782435129741,6.985333333333334,1.019961649809436,0.04593440057850149,0.0913934044826091,0.09366874053423528,-0.00581902343934717,0.3711548423826355,41211.40765624607,3.027434422383953
5.10,2,bcr4bp_strict,677,1.61116229080301,6.995666666666668,1.020183968947988,0.04591875304451357,0.09227392729973384,0.09316647391898035,-0.007326485927500515,0.3688295149558189,41523.26620438929,3.027430834952768
5.10,2,bcr4bp_strict,678,1.613542146476279,7.006000000000001,1.020405100376272,0.04589954959647116,0.09314894691359954,0.09267056578640159,-0.008807505044299418,0.3665299088622713,41833.19015222582,3.027427250325378
5.10,2,bcr4bp_strict,679,1.615922002149548,7.016333333333335,1.020625058956846,0.04587685219966441,0.09401852374340941,0.09218079121426685,-0.01026288677546407,0.3642553608767554,42141.20107883512,3.027423668173875
5.10,2,bcr4bp_strict,680,1.618301857822816,7.026666666666668,1.020843859029185,0.04585072094279737,0.09488271665757855,0.0916969354359887,-0.01169340251349112,0.3620052307904563,42447.32001721407,3.027420088180193
5.10,2,bcr4bp_strict,681,1.620681713496085,7.037000000000001,1.021061514433177,0.04582121411808371,0.09574158302730459,0.09121879328208216,-0.0130997909121032,0.3597789004070305,42751.56747307249,3.027416510035705
5.10,2,bcr4bp_strict,682,1.623061569169354,7.047333333333334,1.021278038531335,0.04578838829707228,0.09659517877781158,0.09074616865784632,-0.01448275962198814,0.3575757725908209,43053.96344281466,3.027412933440854
5.10,2,bcr4bp_strict,683,1.625441424842623,7.057666666666668,1.021493444229805,0.04575229840247423,0.09744355843738771,0.09027887405456719,-0.01584298691662898,0.35539527036414,43354.52743074853,3.027409358104794
5.10,2,bcr4bp_strict,684,1.627821280515892,7.068000000000001,1.021707743998248,0.04571299777624363,0.09828677518433042,0.08981673009176576,-0.01718112321628657,0.3532368360507216,43653.27846556233,3.027405783745055
5.10,2,bcr4bp_strict,685,1.630201136189161,7.078333333333335,1.021920949888673,0.04567053824414508,0.09912488089190481,0.08935956508822303,-0.01849779251752593,0.3510999304626358,43950.23511610588,3.027402210087226
5.10,2,bcr4bp_strict,686,1.632580991862429,7.088666666666668,1.022133073553269,0.04562497017702485,0.09995792617141694,0.08890721465969938,-0.01979359373507153,0.348984032128132,44245.41550651149,3.027398636864652
5.10,2,bcr4bp_strict,687,1.634960847535698,7.099000000000001,1.022344126261321,0.04557634254898658,0.1007859604134951,0.08845952134143764,-0.02106910196222066,0.346888636558047,44538.83733068743,3.027395063818146
5.10,2,bcr4bp_strict,688,1.637340703208967,7.109333333333335,1.022554118915252,0.0455247029926588,0.1016090318276694,0.08801633423369115,-0.02232486965554549,0.3448132555485588,44830.51786621538,3.027391490695714
5.10,2,bcr4bp_strict,689,1.639720558882236,7.119666666666667,1.022763062065845,0.04547009785172754,0.1024271874803331,0.08757750866866196,-0.02356142774915574,0.3427574165182142,45120.4739876809,3.027387917252299
5.10,2,bcr4bp_strict,690,1.642100414555505,7.130000000000001,1.022970965926695,0.0454125722308964,0.1032404733311648,0.08714290589735967,-0.0247792867033776,0.3407206618772893,45408.72217946469,3.027384343249536
5.10,2,bcr4bp_strict,691,1.644480270228774,7.140333333333335,1.023177840387947,0.04535217004342433,0.1040489342680866,0.08671239279500997,-0.02597893749232514,0.3387025484276622,45695.27854802077,3.027380768455515
5.10,2,bcr4bp_strict,692,1.646860125902043,7.150666666666668,1.023383695029342,0.04528893405638174,0.1048526141408287,0.08628584158374825,-0.02716085253449321,0.3367026467914969,45980.15883366649,3.027377192644559
5.10,2,bcr4bp_strict,693,1.649239981575311,7.161000000000001,1.023588539132631,0.04522290593375594,0.1056515557931673,0.08586312957143014,-0.02832548657018638,0.334720540867137,46263.37842190718,3.027373615597011
5.10,2,bcr4bp_strict,694,1.65161983724858,7.171333333333335,1.02379238169338,0.04515412627752816,0.1064458010938976,0.08544413890548164,-0.029473277489305,0.3327558273107142,46544.95235431797,3.027370037099029
5.10,2,bcr4bp_strict,695,1.653999692921849,7.181666666666668,1.023995231432212,0.0450826346668364,0.1072353909666032,0.08502875634079132,-0.03060464711274862,0.3308081150420645,46824.89533900309,3.027366456942402
5.10,2,bcr4bp_strict,696,1.656379548595118,7.192000000000001,1.024197096805506,0.04500846969533077,0.1080203654182773,0.08461687302072275,-0.03172000193045154,0.3288770247736322,47103.22176065281,3.027362874924357
5.10,2,bcr4bp_strict,697,1.658759404268387,7.202333333333335,1.024397986015594,0.04493166900682129,0.1088007635668477,0.08420838427039325,-0.03281973379884383,0.3269621885611251,47379.94569021628,3.027359290847386
5.10,2,bcr4bp_strict,698,1.661139259941656,7.212666666666668,1.024597907020478,0.04485226932931147,0.1095766236676587,0.08380318940142815,-0.03390422060032669,0.3250632493747537,47655.08089420813,3.027355704519084
5.10,2,bcr4bp_strict,699,1.663519115614924,7.223000000000002,1.024796867543097,0.04477030650750535,0.1103479831389549,0.08340119152745747,-0.03497382686716287,0.3231798606899656,47928.64084366527,3.027352115751978
5.10,2,bcr4bp_strict,700,1.665898971288193,7.233333333333335,1.024994875080163,0.04468581553386969,0.1111148785864136,0.08300229738967374,-0.03602890437201252,0.3213116860966411,48200.63872277007,3.027348524363387
5.10,2,bcr4bp_strict,701,1.668278826961462,7.243666666666668,1.025191936910598,0.04459883057832857,0.1118773458267684,0.08260641719182064,-0.03706979268718295,0.3194583989257891,48471.08743715439,3.027344930175268
5.10,2,bcr4bp_strict,702,1.670658682634731,7.254000000000001,1.025388060103587,0.0445093850166623,0.1126354199105635,0.08221346444402457,-0.03809681971451803,0.3176196818928292,48739.99962189904,3.027341333014077
5.10,2,bcr4bp_strict,703,1.673038538308,7.264333333333334,1.025583251526268,0.04441751145767841,0.1133891351440789,0.08182335581492402,-0.03911030218771668,0.3157952267566058,49007.38764924224,3.027337732710641
5.10,2,bcr4bp_strict,704,1.675418393981269,7.274666666666668,1.025777517851081,0.04432324176921831,0.1141385251104613,0.08143601099158911,-0.04011054614874647,0.3139847339933267,49273.26363600905,3.027334129100021
5.10,2,bcr4bp_strict,705,1.677798249654538,7.285000000000002,1.025970865562792,0.04422660710305954,0.1148836226900965,0.08105135254675916,-0.04109784739990401,0.3121879124846678,49537.63945077533,3.0273305220214
5.10,2,bcr4bp_strict,706,1.680178105327806,7.295333333333335,1.026163300965212,0.04412763791876959,0.1156244600802553,0.08066930581295761,-0.04207249193296753,0.3104044792193275,49800.52672077584,3.027326911317958
5.10,2,bcr4bp_strict,707,1.682557961001075,7.305666666666668,1.026354830187614,0.04402636400656434,0.1163610688140448,0.08028979876307504,-0.04303475633679166,0.3086341590073535,50061.93683856948,3.027323296836763
5.10,2,bcr4bp_strict,708,1.684937816674344,7.316000000000002,1.026545459190892,0.04392281450922099,0.117093479778694,0.07991276189703696,-0.04398490818460036,0.3068766842066107,50321.88096847029,3.027319678428666
5.10,2,bcr4bp_strict,709,1.687317672347613,7.326333333333334,1.026735193773434,0.04381701794309208,0.117821723233203,0.07953812813419996,-0.04492320640215446,0.3051317944607846,50580.370052755,3.027316055948193
5.10,2,bcr4bp_strict,710,1.689697528020882,7.336666666666668,1.026924039576766,0.04370900221826515,0.1185458288253807,0.07916583271114312,-0.04584990161789076,0.3033992364483553,50837.41481765661,3.027312429253449
5.10,2,bcr4bp_strict,711,1.692077383694151,7.347000000000001,1.027112002090947,0.04359879465790954,0.119265825608299,0.07879581308454278,-0.04676523649605831,0.3016787636420069,51093.02577915209,3.027308798206023
5.10,2,bcr4bp_strict,712,1.69445723936742,7.357333333333335,1.027299086659739,0.04348642201684946,0.1199817420561851,0.07842800883884017,-0.04766944605381185,0.2999701360779666,51347.21324855385,3.027305162670896
5.10,2,bcr4bp_strict,713,1.696837095040688,7.367666666666668,1.027485298485572,0.04337191049940092,0.1206936060797769,0.07806236159842966,-0.04856275796315955,0.2982731201347953,51599.98733791188,3.027301522516354
5.10,2,bcr4bp_strict,714,1.699216950713957,7.378000000000001,1.027670642634291,0.04325528577650695,0.1214014450411629,0.07769881494411254,-0.04944539283860729,0.2965874883211768,51851.35796523522,3.027297877613905
5.10,2,bcr4bp_strict,715,1.701596806387226,7.388333333333335,1.027855124039723,0.04313657300220472,0.1221052857681265,0.07733731433357857,-0.0503175645112854,0.2949130190722815,52101.33485953954,3.027294227838197
5.10,2,bcr4bp_strict,716,1.703976662060495,7.398666666666668,1.028038747508048,0.04301579682945552,0.1228051545680163,0.07697780702569114,-0.05117948029029745,0.293249496554297,52349.92756572803,3.02729057306694
5.10,2,bcr4bp_strict,717,1.706356517733764,7.409000000000001,1.028221517722001,0.0428929814253673,0.1235010772411602,0.07662024200836723,-0.05203134121198319,0.2915967104767455,52597.14544931192,3.027286913180835
5.10,2,bcr4bp_strict,718,1.708736373407032,7.419333333333334,1.028403439244908,0.04276815048583774,0.124193079093842,0.07626456992985566,-0.05287334227774548,0.2899544559122241,52842.99770097781,3.027283248063496
5.10,2,bcr4bp_strict,719,1.711116229080301,7.429666666666669,1.02858451652455,0.04264132724964435,0.1248811849508569,0.07591074303322908,-0.05370567268105123,0.288322533123227,53087.49334100668,3.027279577601387
5.10,2,bcr4bp_strict,720,1.71349608475357,7.440000000000001,1.028764753896894,0.04251253451200662,0.1255654191676636,0.07555871509391757,-0.05452851602417912,0.2867007473957226,53330.64122355131,3.027275901683752
5.10,2,bcr4bp_strict,721,1.715875940426839,7.450333333333335,1.02894415558966,0.04238179463764395,0.1262458056421481,0.07520844136012031,-0.05534205052525362,0.2850889088791784,53572.45004077738,3.027272220202555
5.10,2,bcr4bp_strict,722,1.718255796100108,7.460666666666668,1.029122725725763,0.04224912957335208,0.1269223678260133,0.0748598784959439,-0.05614644921607004,0.2834868324327423,53812.92832687299,3.027268533052409
5.10,2,bcr4bp_strict,723,1.720635651773377,7.471000000000001,1.029300468326613,0.04211456086011905,0.1275951287358106,0.07451298452712304,-0.05694188013118844,0.2818943374773027,54052.08446193257,3.027264840130532
5.10,2,bcr4bp_strict,724,1.723015507446646,7.481333333333335,1.029477387315299,0.04197810964480114,0.1282641109636258,0.07416771878918908,-0.05772850648874361,0.2803112478531647,54289.92667571898,3.027261141336671
5.10,2,bcr4bp_strict,725,1.725395363119914,7.491666666666667,1.029653486519641,0.04183979669137801,0.1289293366874324,0.07382404187795936,-0.0585064868633938,0.2787373916830929,54526.46305130913,3.027257436573067
5.10,2,bcr4bp_strict,726,1.727775218793183,7.502000000000002,1.029828769675138,0.04169964239180506,0.1295908276811255,0.07348191560222762,-0.05927597535180553,0.2771726012404845,54761.70152862735,3.027253725744383
5.10,2,bcr4bp_strict,727,1.730155074466452,7.512333333333335,1.030003240427795,0.04155766677648067,0.1302486053242476,0.07314130293854387,-0.06003712173104905,0.2756167128224482,54995.64990787007,3.027250008757665
5.10,2,bcr4bp_strict,728,1.732534930139721,7.522666666666668,1.030176902336855,0.04141388952434434,0.1309026906114183,0.07280216798797598,-0.06079007161025835,0.2740695666275736,55228.3158528269,3.027246285522291
5.10,2,bcr4bp_strict,729,1.73491478581299,7.533000000000001,1.030349758877422,0.04126832997262175,0.1315531041614784,0.072464475934755,-0.06153496657588811,0.2725310066381901,55459.70689410099,3.027242555949916
5.10,2,bcr4bp_strict,730,1.737294641486259,7.543333333333335,1.030521813442994,0.04112100712623135,0.1321998662263583,0.07212819300670842,-0.06227194433088265,0.2710008805069217,55689.83043223302,3.027238819954432
5.10,2,bcr4bp_strict,731,1.739674497159527,7.553666666666667,1.0306930693479,0.04097193966686675,0.1328429966996825,0.07179328643739352,-0.06300113882805362,0.2694790394473534,55918.69374073168,3.027235077451925
5.10,2,bcr4bp_strict,732,1.742054352832796,7.564000000000001,1.030863529829651,0.04082114596176827,0.1334825151251174,0.07145972442984602,-0.06372268039794683,0.2679653381286352,56146.30396901457,3.027231328360627
5.10,2,bcr4bp_strict,733,1.744434208506065,7.574333333333335,1.031033198051204,0.04066864407219647,0.134118440704474,0.07112747612186554,-0.06443669587146314,0.2664596345738589,56372.66814526267,3.027227572600875
5.10,2,bcr4bp_strict,734,1.746814064179334,7.584666666666668,1.031202077103147,0.04051445176161991,0.134750792305572,0.07079651155276263,-0.06514330869748362,0.2649617900620467,56597.79317919076,3.027223810095073
5.10,2,bcr4bp_strict,735,1.749193919852603,7.595000000000002,1.031370170005808,0.04035858650362856,0.1353795884698754,0.0704668016314967,-0.06584263905573665,0.263471669033604,56821.68586473804,3.027220040767653
5.10,2,bcr4bp_strict,736,1.751573775525872,7.605333333333335,1.031537479711287,0.04020106548958423,0.1360048474199069,0.07013831810613808,-0.06653480396512967,0.2619891389990908,57044.35288268053,3.027216264545036
5.10,2,bcr4bp_strict,737,1.753953631199141,7.615666666666668,1.031704009105417,0.04004190563601816,0.1366265870664494,0.0698110335345911,-0.06721991738775886,0.2605140704511768,57265.80080316855,3.027212481355597
5.10,2,bcr4bp_strict,738,1.756333486872409,7.626000000000001,1.031869761009659,0.03988112359178625,0.1372448250155407,0.06948492125651809,-0.06789809032879646,0.2590463367796496,57486.03608819198,3.027208691129625
5.10,2,bcr4bp_strict,739,1.758713342545678,7.636333333333334,1.032034738182928,0.03971873574499105,0.1378595785752704,0.06915995536640798,-0.0685694309324468,0.2575858141893504,57705.06509397559,3.027204893799297
5.10,2,bcr4bp_strict,740,1.761093198218947,7.646666666666668,1.032198943323364,0.03955475822968009,0.1384708647623842,0.06883611068773596,-0.06923404457415033,0.2561323816209214,57922.89407330671,3.027201089298638
5.10,2,bcr4bp_strict,741,1.763473053892216,7.657000000000002,1.032362379070029,0.039389206932329,0.1390787003087034,0.06851336274816307,-0.06989203394920665,0.2546859206742502,58139.52917779801,3.027197277563491
5.10,2,bcr4bp_strict,742,1.765852909565485,7.667333333333334,1.032525048004562,0.03922209749811773,0.1396831016673648,0.06819168775572808,-0.07054349915797893,0.2532463155345041,58354.97646008698,3.027193458531487
5.10,2,bcr4bp_strict,743,1.768232765238754,7.677666666666668,1.032686952652764,0.03905344533700805,0.1402840850188875,0.06787106257598591,-0.0711885377878323,0.2518134529006515,58569.24187597485,3.027189632142016
5.10,2,bcr4bp_strict,744,1.770612620912023,7.688000000000001,1.032848095486143,0.0388832656296297,0.1408816662770735,0.06755146471004941,-0.0718272449919526,0.2503872219163726,58782.3312865065,3.027185798336192
5.10,2,bcr4bp_strict,745,1.772992476585291,7.698333333333334,1.033008478923396,0.0387115733329826,0.1414758610947451,0.06723287227349353,-0.07245971356518353,0.2489675141032656,58994.25045999358,3.027181957056831
5.10,2,bcr4bp_strict,746,1.77537233225856,7.708666666666668,1.033168105331851,0.03853838318596193,0.1420666848693267,0.06691526397608322,-0.07308603401701354,0.247554223296258,59205.00507398267,3.027178108248422
5.10,2,bcr4bp_strict,747,1.777752187931829,7.719000000000002,1.033326977028855,0.03836370971471282,0.1426541527482762,0.06659861910228743,-0.07370629464183699,0.2461472455811395,59414.60071717028,3.027174251857099
5.10,2,bcr4bp_strict,748,1.780132043605098,7.729333333333335,1.033485096283119,0.03818756723782098,0.1432382796343685,0.06628291749254565,-0.07432058158660818,0.2447464792341329,59623.04289126618,3.027170387830613
5.10,2,bcr4bp_strict,749,1.782511899278367,7.739666666666668,1.033642465316024,0.03800996987134522,0.143819080190839,0.065968139525252,-0.07492897891600121,0.2433518246634255,59830.33701280759,3.027166516118313
5.10,2,bcr4bp_strict,750,1.784891754951636,7.750000000000002,1.033799086302874,0.03783093153369786,0.1443965688463897,0.0656542660994264,-0.07553156867518199,0.2419631843525869,60036.48841492437,3.027162636671116
5.10,2,bcr4bp_strict,751,1.787271610624904,7.760333333333334,1.03395496137412,0.03765046595037841,0.1449707598000625,0.0653412786180428,-0.07612843095029473,0.2405804628058015,60241.50234905841,3.027158749441484
5.10,2,bcr4bp_strict,752,1.789651466298173,7.770666666666668,1.034110092616538,0.03746858665856601,0.1455416670259846,0.06502915897198519,-0.07671964392675991,0.2392035664948472,60445.38398663729,3.027154854383407
5.10,2,bcr4bp_strict,753,1.792031321971442,7.781000000000001,1.034264482074372,0.03728530701157558,0.14610930427799,0.06471788952460511,-0.07730528394547551,0.2378324038077542,60648.13842070461,3.027150951452372
5.10,2,bcr4bp_strict,754,1.794411177644711,7.791333333333335,1.034418131750443,0.03710064018318262,0.14667368509412,0.06440745309685414,-0.0778854255570096,0.2364668849990833,60849.770667508,3.027147040605344
5.10,2,bcr4bp_strict,755,1.79679103331798,7.801666666666669,1.034571043607214,0.03691459917182142,0.1472348228010079,0.06409783295296746,-0.07846014157386748,0.2351069221417622,61050.28566804591,3.027143121800749
5.10,2,bcr4bp_strict,756,1.799170888991249,7.812000000000001,1.034723219567837,0.03672719680466099,0.1477927305181504,0.0637890127866744,-0.07902950312091379,0.2337524290804224,61249.68828957502,3.027139194998449
5.10,2,bcr4bp_strict,757,1.801550744664518,7.822333333333335,1.034874661517153,0.03653844574156316,0.1483474211620703,0.06348097670791436,-0.07959357968402442,0.2324033213861827,61447.98332707894,3.027135260159722
5.10,2,bcr4bp_strict,758,1.803930600337786,7.832666666666668,1.035025371302672,0.03634835847892698,0.1488989074503727,0.06317370923003662,-0.08015243915704115,0.2310595163128261,61645.17550469984,3.027131317247244
5.10,2,bcr4bp_strict,759,1.806310456011055,7.843000000000001,1.035175350735513,0.03615694735342326,0.1494472019056983,0.06286719525746384,-0.08070614788709794,0.2297209327543201,61841.26947713373,3.027127366225072
5.10,2,bcr4bp_strict,760,1.808690311684324,7.853333333333334,1.035324601591325,0.03596422454562315,0.1499923168595782,0.06256142007380014,-0.08125477071838452,0.2283874912036305,62036.2698309909,3.027123407058621
5.10,2,bcr4bp_strict,761,1.811070167357593,7.863666666666669,1.035473125611172,0.03577020208352425,0.1505342644561912,0.06225636933036513,-0.0817983710344098,0.2270591137127851,62230.18108612232,3.027119439714645
5.10,2,bcr4bp_strict,762,1.813450023030862,7.874000000000001,1.0356209245024,0.03557489184597815,0.1510730566560275,0.06195202903513716,-0.08233701079882516,0.2257357238541402,62423.00769691301,3.027115464161228
5.10,2,bcr4bp_strict,763,1.815829878704131,7.884333333333335,1.035767999939466,0.03537830556602212,0.1516087052394626,0.06164838554208792,-0.08287075059486505,0.2244172466828085,62614.75405354374,3.027111480367758
5.10,2,bcr4bp_strict,764,1.8182097343774,7.894666666666668,1.035914353564755,0.03518045483411873,0.152141221810242,0.06134542554089373,-0.08339964966345871,0.2231036087002075,62805.42448322148,3.027107488304912
5.10,2,bcr4bp_strict,765,1.820589590050668,7.905000000000001,1.036059986989366,0.03498135110130633,0.1526706177988809,0.06104313604700741,-0.08392376594006563,0.2217947378186889,62995.02325137964,3.027103487944646
5.10,2,bcr4bp_strict,766,1.822969445723937,7.915333333333335,1.036204901793873,0.03478100568226319,0.1531969044659813,0.06074150439207701,-0.08444315609028445,0.2204905633272115,63183.55456284966,3.027099479260169
5.10,2,bcr4bp_strict,767,1.825349301397206,7.925666666666667,1.036349099529067,0.03457942975828846,0.1537200929054677,0.06044051821469681,-0.08495787554428261,0.219191015858021,63371.02256300372,3.027095462225936
5.10,2,bcr4bp_strict,768,1.827729157070475,7.936000000000002,1.03649258171668,0.03437663438020239,0.154240194047746,0.060140165451478,-0.08546797853009254,0.2178960273543023,63557.43133887027,3.027091436817626
5.10,2,bcr4bp_strict,769,1.830109012743744,7.946333333333335,1.036635349850079,0.03417263047116881,0.154757218662785,0.05984043432842631,-0.08597351810581746,0.2166055310387716,63742.78492022275,3.027087403012137
5.10,2,bcr4bp_strict,770,1.832488868417013,7.956666666666668,1.036777405394948,0.03396742882944202,0.1552711773631257,0.05954131335261411,-0.08647454619078866,0.2153194613831739,63927.08728064236,3.027083360787558
5.10,2,bcr4bp_strict,771,1.834868724090281,7.967000000000001,1.036918749789945,0.03376104013104086,0.155782080606818,0.05924279130413621,-0.08697111359571388,0.2140377540786587,64110.34233855567,3.027079310123166
5.10,2,bcr4bp_strict,772,1.83724857976355,7.977333333333335,1.037059384447342,0.03355347493235219,0.1562899387002885,0.0589448572283376,-0.08746327005185456,0.2127603460070009,64292.55395824795,3.027075250999408
5.10,2,bcr4bp_strict,773,1.839628435436819,7.987666666666668,1.037199310753652,0.03334474367266602,0.1567947618011403,0.05864750042830325,-0.08795106423926882,0.2114871752126407,64473.72595085235,3.027071183397887
5.10,2,bcr4bp_strict,774,1.842008291110088,7.998000000000001,1.037338530070228,0.03313485667664448,0.1572965599208878,0.05835071045759942,-0.08843454381415473,0.2102181808755138,64653.86207531627,3.027067107301349
5.10,2,bcr4bp_strict,775,1.844388146783357,8.008333333333335,1.037477043733853,0.03292382415672684,0.1577953429276273,0.05805447711325715,-0.08891375543532709,0.2089533032846465,64832.96603934534,3.027063022693672
5.10,2,bcr4bp_strict,776,1.846768002456626,8.018666666666668,1.037614853057313,0.03271165621547237,0.1582911205486459,0.05775879042898859,-0.08938874478986003,0.2076924838124894,65011.04150032534,3.027058929559851
5.10,2,bcr4bp_strict,777,1.849147858129895,8.029000000000002,1.037751959329948,0.03249836284784339,0.1587839023729698,0.0574636406686275,-0.08985955661792548,0.2064356648899674,65188.09206622314,3.027054827885987
5.10,2,bcr4bp_strict,778,1.851527713803163,8.039333333333335,1.037888363818198,0.03228395394342978,0.1592736978538547,0.05716901831978518,-0.09032623473685771,0.2051827899822192,65364.12129646682,3.027050717659274
5.10,2,bcr4bp_strict,779,1.853907569476432,8.049666666666669,1.038024067766124,0.03206843928861746,0.1597605163112184,0.05687491408771406,-0.09078882206447084,0.203933803565007,65539.13270280611,3.027046598867988
5.10,2,bcr4bp_strict,780,1.856287425149701,8.06,1.038159072395919,0.03185182856870201,0.1602443669340191,0.05658131888937123,-0.09124736064165737,0.2026886511017733,65713.1297501528,3.027042471501477
5.10,2,bcr4bp_strict,781,1.85866728082297,8.070333333333334,1.038293378908405,0.03163413136994946,0.1607252587825788,0.05628822384767417,-0.09170189165429279,0.2014472790213235,65886.11585740263,3.027038335550142
5.10,2,bcr4bp_strict,782,1.861047136496239,8.080666666666668,1.038426988483521,0.03141535718160564,0.1612032007908548,0.05599562028594186,-0.09215245545447154,0.2002096346961151,66058.09439823862,3.027034191005439
5.10,2,bcr4bp_strict,783,1.863426992169508,8.091000000000001,1.038559902280787,0.03119551539785591,0.1616782017686606,0.05570349972251439,-0.09259909158109762,0.1989756664211334,66229.06870191627,3.027030037859854
5.10,2,bcr4bp_strict,784,1.865806847842777,8.101333333333335,1.038692121439765,0.03097461531973655,0.1621502704038361,0.05541185386554468,-0.09304183877985293,0.197745323393336,66399.0420540316,3.027025876106902
5.10,2,bcr4bp_strict,785,1.868186703516045,8.111666666666668,1.038823647080505,0.03075266615699928,0.1626194152643711,0.05512067460795564,-0.09348073502256546,0.1965185556916465,66568.01769727192,3.027021705741114
5.10,2,bcr4bp_strict,786,1.870566559189314,8.122000000000002,1.038954480303979,0.0305296770299305,0.1630856448004804,0.05482995402255724,-0.09391581752599751,0.1952953142574815,66735.99883215019,3.027017526758025
5.10,2,bcr4bp_strict,787,1.872946414862583,8.132333333333335,1.0390846221925,0.03030565697112645,0.1635489673466339,0.0545396843573177,-0.09434712277007504,0.194075550875794,66902.9886177234,3.027013339154164
5.10,2,bcr4bp_strict,788,1.875326270535852,8.142666666666667,1.03921407381014,0.03008061492722558,0.1640093911235421,0.05424985803078277,-0.09477468651557677,0.1928592181566164,67068.99017229491,3.027009142927046
5.10,2,bcr4bp_strict,789,1.877706126209121,8.153,1.039342836203125,0.0298545597605995,0.1644669242400979,0.05396046762763852,-0.09519854382130219,0.1916462695170881,67234.00657410194,3.027004938075162
5.10,2,bcr4bp_strict,790,1.88008598188239,8.163333333333336,1.039470910400226,0.02962750025100368,0.164921574695277,0.05367150589441206,-0.09561872906073585,0.1904366591639523,67398.04086198784,3.027000724597967
5.10,2,bcr4bp_strict,791,1.882465837555658,8.173666666666668,1.039598297413141,0.02939944509718908,0.1653733503799963,0.05338296573530543,-0.09603527593822531,0.1892303420765089,67561.09603606022,3.026996502495871
5.10,2,bcr4bp_strict,792,1.884845693228927,8.184000000000001,1.039724998236865,0.02917040291847573,0.1658222590789327,0.05309484020815819,-0.09644821750468961,0.1880272739900069,67723.1750583347,3.026992271770238
5.10,2,bcr4bp_strict,793,1.887225548902196,8.194333333333335,1.039851013850051,0.02894038225628962,0.1662683084723027,0.05280712252053375,-0.09685758617287324,0.1868274113794662,67884.28085336501,3.02698803242336
5.10,2,bcr4bp_strict,794,1.889605404575465,8.204666666666668,1.039976345215361,0.02870939157566372,0.1667115061376044,0.05251980602592572,-0.09726341373216177,0.1856307114439123,68044.41630885976,3.026983784458467
5.10,2,bcr4bp_strict,795,1.891985260248734,8.215000000000002,1.040100993279808,0.02847743926670433,0.1671518595513219,0.05223288422007962,-0.0976657313629731,0.1844371320910152,68203.58427628597,3.026979527879702
5.10,2,bcr4bp_strict,796,1.894365115922003,8.225333333333333,1.040224958975093,0.02824453364602354,0.1675893760905941,0.05194635073742623,-0.09806456965073897,0.1832466319221164,68361.78757146029,3.026975262692124
5.10,2,bcr4bp_strict,797,1.896744971595272,8.235666666666669,1.040348243217929,0.028010682958139,0.1680240630348478,0.0516601993476226,-0.0984599585994899,0.1820591702176356,68519.02897512741,3.026970988901694
5.10,2,bcr4bp_strict,798,1.89912482726854,8.246000000000002,1.04047084691036,0.02777589537684188,0.1684559275673971,0.05137442395219732,-0.09885192764505674,0.1808747069228447,68675.31123352649,3.026966706515269
5.10,2,bcr4bp_strict,799,1.901504682941809,8.256333333333334,1.040592770940068,0.02754017900653358,0.168884976777009,0.05108901858129596,-0.09924050566790155,0.1796932026339966,68830.63705894603,3.026962415540587
5.10,2,bcr4bp_strict,800,1.903884538615078,8.266666666666667,1.04071401618068,0.02730354188353265,0.1693112176594363,0.05080397739052398,-0.09962572100558965,0.178514618584801,68985.00913026693,3.026958115986272
5.10,2,bcr4bp_strict,801,1.906264394288347,8.277000000000001,1.040834583492059,0.02706599197735229,0.1697346571189192,0.05051929465788321,-0.1000076014649146,0.1773389166332358,69138.43009349474,3.026953807861815
5.10,2,bcr4bp_strict,802,1.908644249961616,8.287333333333335,1.040954473720594,0.02682753719194938,0.1701553019696553,0.05023496478079917,-0.1003861743336873,0.1761660592486835,69290.90256228048,3.026949491177565
5.10,2,bcr4bp_strict,803,1.911024105634884,8.297666666666668,1.041073687699479,0.02658818536694591,0.17057315893724,0.04995098227323591,-0.1007614663922,0.1749960094993845,69442.42911843136,3.026945165944734
5.10,2,bcr4bp_strict,804,1.913403961308153,8.308000000000002,1.041192226248989,0.02634794427882345,0.1709882346600767,0.04966734176289566,-0.1011335039243758,0.1738287310401967,69593.01231241072,3.026940832175377
5.10,2,bcr4bp_strict,805,1.915783816981422,8.318333333333335,1.041310090176745,0.02610682164209154,0.1714005356907587,0.04938403798850048,-0.1015023127286128,0.1726641881006552,69742.6546638279,3.026936489882387
5.10,2,bcr4bp_strict,806,1.918163672654691,8.328666666666669,1.041427280277978,0.02586482511043045,0.1718100684974233,0.04910106579715288,-0.1018679181283346,0.1715023454733187,69891.35866191842,3.026932139079492
5.10,2,bcr4bp_strict,807,1.92054352832796,8.339000000000002,1.041543797335781,0.02562196227780934,0.1722168394650775,0.04881842014177335,-0.1022303449822535,0.1703431685024002,70039.12676601423,3.026927779781243
5.10,2,bcr4bp_strict,808,1.922923384001229,8.349333333333334,1.041659642121359,0.02537824067958029,0.172620854896898,0.04853609607861186,-0.1025896176943582,0.169186623072669,70185.96140600482,3.02692341200301
5.10,2,bcr4bp_strict,809,1.925303239674498,8.359666666666667,1.041774815394273,0.02513366779354882,0.173022121015505,0.048254088764831,-0.1029457602236324,0.1680326755986195,70331.86498278877,3.026919035760974
5.10,2,bcr4bp_strict,810,1.927683095347766,8.370000000000001,1.041889317902676,0.02488825104102164,0.1734206439642092,0.0479723934561586,-0.1032987960935146,0.1668812930138973,70476.83986871676,3.026914651072116
5.10,2,bcr4bp_strict,811,1.930062951021035,8.380333333333335,1.042003150383546,0.02464199778783218,0.1738164298082363,0.04769100550460754,-0.1036487484011055,0.1657324427609768,70620.88840802546,3.026910257954217
5.10,2,bcr4bp_strict,812,1.932442806694304,8.390666666666668,1.042116313562911,0.02439491534534457,0.1742094845359248,0.04740992035626039,-0.1039956398261315,0.1645860927810823,70764.01291726304,3.026905856425846
5.10,2,bcr4bp_strict,813,1.934822662367573,8.401000000000002,1.042228808156071,0.02414701097143632,0.1745998140599018,0.04712913354911701,-0.1043394926396721,0.1634422115043454,70906.21568570632,3.026901446506356
5.10,2,bcr4bp_strict,814,1.937202518040842,8.411333333333335,1.042340634867816,0.02389829187146088,0.1749874242182349,0.04684864071100295,-0.1046803287126575,0.1623007678401945,71047.49897576973,3.026897028215876
5.10,2,bcr4bp_strict,815,1.939582373714111,8.421666666666669,1.042451794392634,0.02364876519918994,0.1753723207755615,0.04656843755753715,-0.1050181695241445,0.1611617311679664,71187.86502340622,3.026892601575301
5.10,2,bcr4bp_strict,816,1.94196222938738,8.432,1.042562287414919,0.02339843805773641,0.1757545094241965,0.04628851989015624,-0.1053530361693762,0.1600250713277372,71327.3160385006,3.026888166606295
5.10,2,bcr4bp_strict,817,1.944342085060648,8.442333333333334,1.042672114609175,0.02314731750045848,0.1761339957852176,0.04600888359419455,-0.1056849493676328,0.1588907586113645,71465.85420525499,3.026883723331274
5.10,2,bcr4bp_strict,818,1.946721940733917,8.452666666666669,1.04278127664021,0.02289541053184519,0.1765107854095306,0.04572952463701747,-0.10601392946988,0.1577587637537358,71603.48168256723,3.026879271773406
5.10,2,bcr4bp_strict,819,1.949101796407186,8.463000000000001,1.042889774163333,0.02264272410838415,0.176884883778913,0.04545043906620678,-0.1063399964662202,0.1566290579242174,71740.20060440153,3.026874811956602
5.10,2,bcr4bp_strict,820,1.951481652080455,8.473333333333334,1.042997607824537,0.02238926513941152,0.1772562963070382,0.04517162300779624,-0.1066631699931527,0.1555016127182981,71876.01308015249,3.026870343905511
5.10,2,bcr4bp_strict,821,1.953861507753724,8.483666666666668,1.043104778260691,0.02213504048794517,0.1776250283404802,0.04489307266455586,-0.106983469340649,0.1543764001494232,72010.921195002,3.026865867645513
5.10,2,bcr4bp_strict,822,1.956241363426993,8.494000000000002,1.043211286099713,0.02188005697150112,0.1779910851596983,0.04461478431432351,-0.1073009134590478,0.153253392641013,72144.92701026927,3.026861383202715
5.10,2,bcr4bp_strict,823,1.958621219100261,8.504333333333335,1.043317131960754,0.02162432136289378,0.1783544719800035,0.04433675430838216,-0.1076155209657761,0.1521325630186607,72278.03256375439,3.02685689060394
5.10,2,bcr4bp_strict,824,1.96100107477353,8.514666666666667,1.043422316454365,0.02136784039102039,0.1787151939525066,0.04405897906988162,-0.1079273101519001,0.1510138845025057,72410.23987007538,3.026852389876726
5.10,2,bcr4bp_strict,825,1.963380930446799,8.525000000000002,1.043526840182669,0.02111062074163007,0.1790732561650485,0.04378145509230316,-0.1082362989885122,0.149897330699777,72541.55092099892,3.026847881049319
5.10,2,bcr4bp_strict,826,1.965760786120068,8.535333333333336,1.043630703739528,0.02085266905807795,0.1794286636431123,0.04350417893796608,-0.1085425051329576,0.1487828755975029,72671.96768576477,3.026843364150664
5.10,2,bcr4bp_strict,827,1.968140641793337,8.545666666666667,1.043733907710701,0.02059399194206448,0.1797814213507188,0.04322714723657436,-0.1088459459349063,0.147670493555381,72801.49211140437,3.026838839210404
5.10,2,bcr4bp_strict,828,1.970520497466606,8.556000000000001,1.043836452674006,0.02033459595436062,0.1801315341913051,0.04295035668380283,-0.1091466384422743,0.1465601592988064,72930.12612305334,3.026834306258871
5.10,2,bcr4bp_strict,829,1.972900353139875,8.566333333333334,1.043938339199475,0.02007448761551909,0.1804790070085871,0.04267380403992149,-0.1094445994069977,0.1454518479120528,73057.87162425822,3.026829765327079
5.10,2,bcr4bp_strict,830,1.975280208813143,8.576666666666668,1.044039567849503,0.01981367340657202,0.1808238445874047,0.0423974861284564,-0.1097398452906656,0.1443455348316025,73184.73049727763,3.026825216446722
5.10,2,bcr4bp_strict,831,1.977660064486412,8.587000000000002,1.044140139179003,0.01955215976971535,0.1811660516545534,0.04212139983488652,-0.1100323922700136,0.1432411958396216,73310.70460337789,3.026820659650168
5.10,2,bcr4bp_strict,832,1.980039920159681,8.597333333333335,1.044240053735545,0.01928995310898034,0.1815056328795982,0.0418455421053756,-0.110322256242284,0.1421388070575771,73435.79578312302,3.026816094970448
5.10,2,bcr4bp_strict,833,1.98241977583295,8.607666666666669,1.044339312059503,0.01902705979089257,0.1818425928756744,0.04156990994553749,-0.1106094528304549,0.1410383449399914,73560.00585665976,3.02681152244126
5.10,2,bcr4bp_strict,834,1.984799631506219,8.618000000000002,1.044437914684197,0.01876348614511836,0.1821769362002729,0.04129450041923416,-0.1108939973883422,0.139939786268331,73683.33662399718,3.026806942096953
5.10,2,bcr4bp_strict,835,1.987179487179488,8.628333333333334,1.044535862136025,0.01849923846509956,0.1825086673560108,0.04101931064740577,-0.1111759050055788,0.1388431081450267,73805.7898652814,3.02680235397253
5.10,2,bcr4bp_strict,836,1.989559342852756,8.638666666666667,1.0446331549346,0.01823432300867638,0.1828377907913881,0.0407443378069314,-0.1114551905124731,0.1377482879876206,73927.36734106498,3.026797758103637
5.10,2,bcr4bp_strict,837,1.991939198526025,8.649000000000001,1.044729793592883,0.01796874599869891,0.1831643109015315,0.04046957912951976,-0.1117318684847513,0.1366553035230383,74048.07079257196,3.026793154526561
5.10,2,bcr4bp_strict,838,1.994319054199294,8.659333333333334,1.04482577861731,0.01770251362362743,0.1834882320289234,0.04019503190062908,-0.1120059532481861,0.1355641327819808,74167.90194195775,3.026788543278225
5.10,2,bcr4bp_strict,839,1.996698909872563,8.669666666666668,1.04492111050792,0.01743563203812188,0.1838095584641185,0.0399206934584151,-0.1122774588831151,0.1344747540934363,74286.86249256451,3.026783924396178
5.10,2,bcr4bp_strict,840,1.999078765545832,8.680000000000001,1.045015789758481,0.01716810736362078,0.1841282944464471,0.03964656119270676,-0.1125463992288517,0.1333871460793064,74404.95412917199,3.026779297918594
5.10,2,bcr4bp_strict,841,2.001458621219101,8.690333333333333,1.045109816856606,0.01689994568890952,0.1844444441647061,0.0393726325440082,-0.1128127878879914,0.1323012876491433,74522.17851824383,3.026774663884267
5.10,2,bcr4bp_strict,842,2.00383847689237,8.700666666666669,1.045203192283878,0.01663115307067871,0.1847580117578374,0.03909890500252684,-0.1130766382306171,0.1312171579949986,74638.53730816962,3.026770022332605
5.10,2,bcr4bp_strict,843,2.006218332565639,8.711000000000002,1.045295916515965,0.01636173553407282,0.1850690013155941,0.03882537610722678,-0.1133379633984043,0.130134736586378,74754.03212950251,3.026765373303621
5.10,2,bcr4bp_strict,844,2.008598188238907,8.721333333333334,1.045387990022736,0.01609169907322883,0.1853774168791948,0.03855204344490636,-0.1135967763086316,0.1290540031652995,74868.66459519275,3.026760716837934
5.10,2,bcr4bp_strict,845,2.010978043912176,8.731666666666669,1.045479413268372,0.01582104965180542,0.1856832624419667,0.03827890464929944,-0.113853089658096,0.1279749377414534,74982.43630081716,3.026756052976762
5.10,2,bcr4bp_strict,846,2.013357899585445,8.742000000000001,1.045570186711479,0.0155497932035035,0.1859865419499765,0.0380059574002003,-0.1141069159269379,0.1268975205874631,75095.34882480437,3.026751381761914
5.10,2,bcr4bp_strict,847,2.015737755258714,8.752333333333334,1.045660310805192,0.01527793563257693,0.1862872593026512,0.03773319942261009,-0.1143582673823774,0.1258217322342389,75207.40372865638,3.02674670323579
5.10,2,bcr4bp_strict,848,2.018117610931982,8.762666666666668,1.045749785997287,0.01500548281433529,0.1865854183533866,0.03746062848590613,-0.1146071560823627,0.1247475534664305,75318.60255716604,3.02674201744137
5.10,2,bcr4bp_strict,849,2.020497466605252,8.773000000000001,1.045838612730285,0.01473244059563726,0.1868810229101466,0.0371882424030314,-0.1148535938791368,0.1236749653179671,75428.94683863106,3.026737324422212
5.10,2,bcr4bp_strict,850,2.022877322278521,8.783333333333335,1.04592679144155,0.01445881479537635,0.1871740767360505,0.03691603902970558,-0.1150975924227193,0.1226039490676916,75538.4380850638,3.026732624222452
5.10,2,bcr4bp_strict,851,2.025257177951789,8.793666666666669,1.046014322563396,0.01418461120495795,0.1874645835499514,0.03664401626365542,-0.1153391631643107,0.1215344862350785,75647.07779239802,3.02672791688679
5.10,2,bcr4bp_strict,852,2.027637033625058,8.804000000000002,1.046101206523181,0.0139098355887684,0.1877525470270036,0.03637217204386488,-0.1155783173596176,0.1204665585760395,75754.86744069173,3.02672320246049
5.10,2,bcr4bp_strict,853,2.030016889298327,8.814333333333334,1.046187443743406,0.01363449368463664,0.1880379707992201,0.03610050434984453,-0.1158150660721023,0.1194001480788128,75861.80849432638,3.026718480989377
5.10,2,bcr4bp_strict,854,2.032396744971596,8.824666666666669,1.046273034641813,0.01335859120428758,0.1883208584560213,0.03582901120091869,-0.1160494201761589,0.1183352369599318,75967.90240220336,3.026713752519827
5.10,2,bcr4bp_strict,855,2.034776600644864,8.835000000000001,1.046357979631477,0.01308213383378874,0.188601213544773,0.03555769065553138,-0.1162813903602168,0.117271807660276,76073.15059793608,3.026709017098768
5.10,2,bcr4bp_strict,856,2.037156456318133,8.845333333333334,1.046442279120896,0.01280512723398878,0.188879039571316,0.03528654081056887,-0.1165109871297746,0.1162098428411967,76177.55450003987,3.026704274773668
5.10,2,bcr4bp_strict,857,2.039536311991403,8.85566666666667,1.046525933514086,0.01252757704094967,0.1891543400004862,0.0350155598007,-0.1167382208103651,0.1151493253807215,76281.11551211779,3.02669952559254
5.10,2,bcr4bp_strict,858,2.041916167664671,8.866000000000001,1.046608943210668,0.01224948886637139,0.1894271182566258,0.03474474579773252,-0.1169631015504544,0.1140902383698304,76383.83502304379,3.026694769603926
5.10,2,bcr4bp_strict,859,2.04429602333794,8.876333333333335,1.046691308605954,0.01197086829800973,0.1896973777240857,0.03447409700998548,-0.1171856393242749,0.1130325651088043,76485.71440714257,3.026690006856904
5.10,2,bcr4bp_strict,860,2.046675879011209,8.886666666666667,1.046773030091037,0.01169172090008804,0.1899651217477195,0.03420361168167786,-0.1174058439345961,0.1119762891036466,76586.75502436652,3.026685237401072
5.10,2,bcr4bp_strict,861,2.049055734684478,8.897000000000002,1.046854108052872,0.01141205221370162,0.1902303536333687,0.03393328809233158,-0.1176237250154325,0.1109213940625699,76686.95822046955,3.026680461286553
5.10,2,bcr4bp_strict,862,2.051435590357746,8.907333333333334,1.046934542874362,0.0111318677572166,0.1904930766483398,0.03366312455619021,-0.1178392920346922,0.1098678638925541,76786.3253271781,3.026675678563982
5.10,2,bcr4bp_strict,863,2.053815446031015,8.917666666666667,1.047014334934439,0.0108511730266617,0.1907532940218735,0.03339311942165134,-0.1180525542967661,0.108815682695966,76884.85766235931,3.026670889284508
5.10,2,bcr4bp_strict,864,2.056195301704284,8.928000000000003,1.047093484608143,0.01056997349611478,0.1910110089456057,0.03312327107071377,-0.1182635209450598,0.1077648347672472,76982.55653018625,3.026666093499787
5.10,2,bcr4bp_strict,865,2.058575157377553,8.938333333333334,1.047171992266705,0.01028827461808279,0.1912662245740206,0.03285357791843772,-0.11847220096447,0.1067153045896621,77079.42322130046,3.026661291261977
5.10,2,bcr4bp_strict,866,2.060955013050822,8.948666666666668,1.04724985827762,0.01000608182387598,0.1915189440248961,0.03258403841241869,-0.1186786031838059,0.1056670768321075,77175.45901297194,3.026656482623731
5.10,2,bcr4bp_strict,867,2.063334868724091,8.959000000000001,1.047327083004731,0.009723400523976912,0.1917691703797424,0.03231465103227438,-0.118882736278157,0.1046201363459839,77270.66516925623,3.026651667638197
5.10,2,bcr4bp_strict,868,2.06571472439736,8.969333333333335,1.047403666808295,0.009440236108403064,0.1920169066842324,0.03204541428914407,-0.1190846087712103,0.1035744681621224,77365.04294114903,3.026646846359013
5.10,2,bcr4bp_strict,869,2.068094580070628,8.979666666666667,1.047479610045068,0.009156593947064903,0.1922621559486244,0.03177632672520053,-0.1192842290375147,0.1025300574877724,77458.59356673835,3.0266420188403
5.10,2,bcr4bp_strict,870,2.070474435743897,8.990000000000002,1.047554913068369,0.008872479390117731,0.19250492114818,0.0315073869131735,-0.1194816053046982,0.1014868897036412,77551.31827135386,3.026637185136657
5.10,2,bcr4bp_strict,871,2.072854291417166,9.000333333333336,1.047629576228159,0.008587897768309099,0.1927452052235718,0.03123859345588554,-0.1196767456556344,0.1004449503609922,77643.21826771414,3.026632345303159
5.10,2,bcr4bp_strict,872,2.075234147090435,9.010666666666667,1.047703599871106,0.008302854393320638,0.1929830110812868,0.03096994498579869,-0.1198696580305638,0.09940422517879349,77734.29475607131,3.02662749939535
5.10,2,bcr4bp_strict,873,2.077614002763704,9.021000000000003,1.047776984340663,0.00801735455810485,0.1932183415940222,0.03070144016457237,-0.120060350229168,0.09836470004091964,77824.54892435334,3.026622647469245
5.10,2,bcr4bp_strict,874,2.079993858436973,9.031333333333334,1.047849729977128,0.007731403537217571,0.1934511996010741,0.03043307768263238,-0.1202488299125986,0.09732636099340576,77913.98194830392,3.026617789581314
5.10,2,bcr4bp_strict,875,2.082373714110242,9.041666666666668,1.047921837117718,0.007445006587144858,0.1936815879087206,0.03016485625874997,-0.1204351046054632,0.09628919424174891,78002.59499162027,3.026612925788489
5.10,2,bcr4bp_strict,876,2.08475356978351,9.052000000000001,1.047993306096634,0.007158168946626046,0.1939095092905978,0.02989677463963177,-0.1206191816977675,0.09525318614826118,78090.38920608856,3.026608056148151
5.10,2,bcr4bp_strict,877,2.087133425456779,9.062333333333335,1.048064137245127,0.006870895836971391,0.1941349664880704,0.02962883159951902,-0.1208010684468161,0.09421832322946752,78177.3657317172,3.026603180718132
5.10,2,bcr4bp_strict,878,2.089513281130048,9.072666666666668,1.048134330891564,0.006583192462376024,0.1943579622105952,0.02936102593979731,-0.1209807719790716,0.09318459215355299,78263.52569686781,3.026598299556708
5.10,2,bcr4bp_strict,879,2.091893136803317,9.083000000000002,1.04820388736149,0.006295064010229015,0.1945784991360789,0.02909335648861532,-0.1211582992919743,0.09215197973785366,78348.8702183843,3.026593412722593
5.10,2,bcr4bp_strict,880,2.094272992476586,9.093333333333335,1.048272806977694,0.006006515651418125,0.1947965799112309,0.02882582210051291,-0.1213336572557228,0.09112047294639226,78433.40040171969,3.026588520274934
5.10,2,bcr4bp_strict,881,2.096652848149855,9.103666666666667,1.04834109006027,0.005717552540630931,0.1950122071519086,0.02855842165605868,-0.1215068526150157,0.09009005888745923,78517.11734106093,3.026583622273315
5.10,2,bcr4bp_strict,882,2.099032703823124,9.114000000000003,1.048408736926677,0.005428179816651025,0.1952253834434584,0.02829115406149564,-0.1216778919907566,0.08906072481123344,78600.02211945187,3.02657871877774
5.10,2,bcr4bp_strict,883,2.101412559496392,9.124333333333334,1.048475747891802,0.005138402602651073,0.1954361113410506,0.02802401824839629,-0.1218467818817219,0.08803245810744789,78682.11580891379,3.026573809848639
5.10,2,bcr4bp_strict,884,2.103792415169661,9.134666666666668,1.048542123268021,0.00484822600648107,0.1956443933700086,0.02775701317332529,-0.1220135286661938,0.0870052463030931,78763.39947056476,3.026568895546859
5.10,2,bcr4bp_strict,885,2.10617227084293,9.145000000000003,1.048607863365253,0.004557655120953577,0.1958502320261329,0.02749013781751108,-0.1221781386035572,0.08597907706016315,78843.87415473619,3.026563975933657
5.10,2,bcr4bp_strict,886,2.108552126516199,9.155333333333335,1.048672968491024,0.004266695024124648,0.1960536297760196,0.02722339118652503,-0.1223406178358634,0.08495393817343901,78923.54090108823,3.026559051070705
5.10,2,bcr4bp_strict,887,2.110931982189468,9.165666666666668,1.04873743895052,0.003975350779571078,0.1962545890573744,0.02695677230996823,-0.12250097238936,0.0839298175683099,79002.40073872298,3.026554121020075
5.10,2,bcr4bp_strict,888,2.113311837862736,9.176,1.048801275046648,0.003683627436664586,0.19645311227932,0.0266902802411666,-0.122659208175988,0.08290670329863412,79080.45468629588,3.026549185844242
5.10,2,bcr4bp_strict,889,2.115691693536006,9.186333333333335,1.048864477080088,0.003391530030841671,0.1966492018227002,0.02642391405687255,-0.122815330994847,0.08188458354463336,79157.70375212572,3.026544245606075
5.10,2,bcr4bp_strict,890,2.118071549209274,9.196666666666667,1.048927045349352,0.003099063583870878,0.1968428600403775,0.02615767285697462,-0.1229693465336293,0.08086344661082601,79234.14893430207,3.026539300368837
5.10,2,bcr4bp_strict,891,2.120451404882543,9.207000000000001,1.048988980150836,0.002806233104115816,0.1970340892575266,0.02589155576421359,-0.1231212603700236,0.07984328092399229,79309.79122079203,3.026534350196176
5.10,2,bcr4bp_strict,892,2.122831260555812,9.217333333333336,1.049050281778876,0.002513043586795699,0.1972228917719235,0.02562556192390595,-0.1232710779730875,0.0788240750311766,79384.63158954449,3.026529395152128
5.10,2,bcr4bp_strict,893,2.125211116229081,9.227666666666668,1.0491109505258,0.002219500014242099,0.1974092698542286,0.02535969050367399,-0.1234188047045923,0.07780581759772133,79458.67100859307,3.026524435301103
5.10,2,bcr4bp_strict,894,2.12759097190235,9.238000000000001,1.049170986681982,0.001925607356152536,0.1975932257482665,0.02509394069318196,-0.1235644458203386,0.07678849740533361,79531.91043615744,3.02651947070789
5.10,2,bcr4bp_strict,895,2.129970827575618,9.248333333333335,1.049230390535892,0.001631370569841525,0.1977747616713003,0.02482831170387966,-0.1237080064714426,0.07577210335018594,79604.35082074284,3.026514501437644
5.10,2,bcr4bp_strict,896,2.132350683248887,9.258666666666668,1.049289162374151,0.001336794600487758,0.1979538798143022,0.02456280276875117,-0.1238494917055971,0.07475662444104553,79675.99310123833,3.026509527555892
5.10,2,bcr4bp_strict,897,2.134730538922156,9.269,1.049347302481578,0.001041884381379213,0.1981305823422188,0.02429741314207069,-0.1239889064683032,0.07374204979743722,79746.83820701321,3.026504549128519
5.10,2,bcr4bp_strict,898,2.137110394595425,9.279333333333335,1.049404811141245,0.0007466448341544674,0.1983048713942328,0.02403214209916344,-0.1241262556040777,0.07272836864783361,79816.88705801197,3.026499566221769
5.10,2,bcr4bp_strict,899,2.139490250268694,9.289666666666669,1.049461688634521,0.0004510808690420046,0.19847674908402,0.02376698893617326,-0.1242615438576331,0.07171557032787744,79886.14056484793,3.026494578902241
5.10,2,bcr4bp_strict,900,2.141870105941963,9.300000000000001,1.049517935241127,0.0001551973850961888,0.1986462175000025,0.02350195296983528,-0.1243947758750332,0.07070364427863092,79954.59962889514,3.026489587236882
5.10,2,bcr4bp_strict,901,2.144249961615232,9.310333333333336,1.049573551239181,-0.0001410007295694804,0.1988132787055973,0.02323703353725427,-0.1245259562048237,0.06969258004485319,80022.26514237902,3.026484591292986
5.10,2,bcr4bp_strict,902,2.1466298172885,9.320666666666668,1.049628536905248,-0.0004375085975512251,0.1989779347394612,0.02297222999568877,-0.1246550892991379,0.06868236727330745,80089.13798846556,3.026479591138186
5.10,2,bcr4bp_strict,903,2.149009672961769,9.331000000000001,1.049682892514387,-0.0007343213519272756,0.1991401876157315,0.02270754172233997,-0.1247821795147799,0.06767299571109221,80155.2190413489,3.026474586840454
5.10,2,bcr4bp_strict,904,2.151389528635038,9.341333333333335,1.049736618340198,-0.001031434136031823,0.1993000393242627,0.02244296811414641,-0.1249072311142828,0.06666445520400199,80220.50916633781,3.026469578468094
5.10,2,bcr4bp_strict,905,2.153769384308307,9.351666666666668,1.049789714654869,-0.001328842103232346,0.1994574918308598,0.02217850858758304,-0.1250302482669455,0.06565673569491105,80285.00921994069,3.026464566089738
5.10,2,bcr4bp_strict,906,2.156149239981576,9.362000000000002,1.049842181729223,-0.001626540416708556,0.1996125470775071,0.02191416257846595,-0.1251512350498462,0.06464982722218518,80348.72004994922,3.026459549774345
5.10,2,bcr4bp_strict,907,2.158529095654845,9.372333333333335,1.049894019832762,-0.001924524249234266,0.1997652069825937,0.02164992954176139,-0.1252701954488339,0.06364371991811661,80411.64249552066,3.026454529591191
5.10,2,bcr4bp_strict,908,2.160908951328114,9.382666666666669,1.049945229233716,-0.002222788782961616,0.1999154734411354,0.02138580895139962,-0.125387133359499,0.0626384040073831,80473.77738725908,3.026449505609871
5.10,2,bcr4bp_strict,909,2.163288807001382,9.393000000000001,1.049995810199082,-0.002521329209207001,0.2000633483249924,0.02112180030009384,-0.1255020525881222,0.06163386980553283,80535.1255472948,3.02644447790029
5.10,2,bcr4bp_strict,910,2.165668662674651,9.403333333333336,1.050045762994675,-0.002820140728240094,0.200208833483084,0.02085790309916277,-0.1256149568526025,0.06063010771748971,80595.68778936336,3.026439446532662
5.10,2,bcr4bp_strict,911,2.16804851834792,9.413666666666668,1.050095087885167,-0.003119218549074138,0.2003519307415994,0.02059411687835855,-0.1257258497833653,0.05962710823608463,80655.46491888243,3.026434411577504
5.10,2,bcr4bp_strict,912,2.170428374021189,9.424000000000001,1.050143785134133,-0.003418557889259286,0.2004926419042055,0.02033044118569824,-0.1258347349242502,0.05862486194060597,80714.45773302809,3.026429373105634
5.10,2,bcr4bp_strict,913,2.172808229694458,9.434333333333337,1.050191855004094,-0.003718153974677181,0.2006309687522505,0.02006687558730008,-0.1259416157333794,0.05762335949537491,80772.66702080966,3.026424331188167
5.10,2,bcr4bp_strict,914,2.175188085367727,9.444666666666668,1.050239297756561,-0.004018002039338143,0.200766913044965,0.01980341966722352,-0.1260464955840066,0.05662259164834019,80830.09356314338,3.026419285896503
5.10,2,bcr4bp_strict,915,2.177567941040996,9.455000000000002,1.050286113652074,-0.004318097325180355,0.200900476519659,0.0195400730273132,-0.1261493777653473,0.055622549229694,80886.73813292496,3.026414237302335
5.10,2,bcr4bp_strict,916,2.179947796714264,9.465333333333334,1.050332302950249,-0.004618435081870442,0.2010316608919163,0.01927683528704749,-0.1262502654833902,0.05462322315051022,80942.60149510104,3.026409185477638
5.10,2,bcr4bp_strict,917,2.182327652387533,9.475666666666669,1.050377865909816,-0.0049190105666068,0.2011604678557854,0.01901370608338987,-0.1263491618616907,0.05362460440139998,80997.68440673938,3.026404130494666
5.10,2,bcr4bp_strict,918,2.184707508060802,9.486000000000001,1.05042280278866,-0.005219819043923888,0.2012868990839667,0.01875068507064529,-0.1264460699421464,0.05262668405118998,81051.98761709804,3.026399072425947
5.10,2,bcr4bp_strict,919,2.187087363734071,9.496333333333334,1.050467113843867,-0.005520855785499258,0.201410956227998,0.01848777192031899,-0.1265409926857547,0.05162945324561709,81105.51186769348,3.026394011344281
5.10,2,bcr4bp_strict,920,2.18946721940734,9.506666666666669,1.050510799331759,-0.005822116069961507,0.2015326409184351,0.01822496632097996,-0.1266339329733538,0.05063290320604466,81158.25789236762,3.026388947322733
5.10,2,bcr4bp_strict,921,2.191847075080608,9.517000000000001,1.05055385950794,-0.006123595182700548,0.2016519547650307,0.0179622679781273,-0.126724893606346,0.04963702522819553,81210.22641735367,3.026383880434634
5.10,2,bcr4bp_strict,922,2.194226930753878,9.527333333333335,1.050596294627329,-0.006425288415679578,0.2017688993569099,0.0176996766140601,-0.126813877307405,0.0486418106809031,81261.41816134108,3.02637881075357
5.10,2,bcr4bp_strict,923,2.196606786427146,9.537666666666668,1.050638104944207,-0.006727191067248139,0.2018834762627426,0.01743719196775108,-0.1269008867211658,0.04764725100488203,81311.83383553938,3.026373738353383
5.10,2,bcr4bp_strict,924,2.198986642100415,9.548000000000002,1.050679290712253,-0.007029298441957663,0.2019956870309131,0.01717481379472293,-0.1269859244149,0.04665333771151366,81361.47414374117,3.026368663308167
5.10,2,bcr4bp_strict,925,2.201366497773684,9.558333333333334,1.050719852184583,-0.007331605850377686,0.2021055331896871,0.01691254186692853,-0.1270689928791735,0.04566006238165125,81410.33978238373,3.02636358569226
5.10,2,bcr4bp_strict,926,2.203746353446953,9.568666666666669,1.05075978961379,-0.007634108608914525,0.2022130162473753,0.01665037597263372,-0.1271500945284901,0.04466741666443904,81458.43144061022,3.026358505580241
5.10,2,bcr4bp_strict,927,2.206126209120222,9.579000000000002,1.050799103251983,-0.007936802039630613,0.2023181376924947,0.01638831591630367,-0.1272292317019188,0.04367539227615043,81505.74980032929,3.026353423046934
5.10,2,bcr4bp_strict,928,2.20850606479349,9.589333333333334,1.050837793350824,-0.008239681470065874,0.202420898993927,0.01612636151849198,-0.1273064066637062,0.04268398099904024,81552.29553627427,3.026348338167388
5.10,2,bcr4bp_strict,929,2.210885920466759,9.599666666666669,1.050875860161568,-0.008542742233060546,0.202521301601074,0.01586451261573263,-0.1273816216038745,0.04169317468021268,81598.06931606095,3.02634325101689
5.10,2,bcr4bp_strict,930,2.213265776140028,9.610000000000001,1.050913303935099,-0.008845979666578834,0.2026193469440113,0.01560276906043541,-0.1274548786388044,0.04070296523050648,81643.07180024491,3.026338161670947
5.10,2,bcr4bp_strict,931,2.215645631813297,9.620333333333335,1.050950124921968,-0.009149389113534787,0.2027150364336379,0.01534113072078331,-0.1275261798118034,0.0397133446233923,81687.30364237758,3.026333070205292
5.10,2,bcr4bp_strict,932,2.218025487486566,9.630666666666668,1.050986323372433,-0.009452965921618605,0.2028083714618243,0.01507959748063371,-0.1275955270936609,0.03872430489388777,81730.76548906132,3.026327976695874
5.10,2,bcr4bp_strict,933,2.220405343159835,9.641000000000002,1.051021899536491,-0.00975670544312515,0.2028993534015577,0.01481816923942122,-0.127662922383188,0.03773583813748396,81773.45798000426,3.026322881218857
5.10,2,bcr4bp_strict,934,2.222785198833104,9.651333333333335,1.051056853663923,-0.01006060303478289,0.2029879836070845,0.0145568459120641,-0.1277283675077449,0.0367479365090888,81815.38174807333,3.026317783850613
5.10,2,bcr4bp_strict,935,2.225165054506372,9.661666666666669,1.05109118600432,-0.01036465405758464,0.2030742634140509,0.01429562742887278,-0.1277918642237535,0.03576059222198233,81856.53741934717,3.026312684667721
5.10,2,bcr4bp_strict,936,2.227544910179641,9.672000000000002,1.05112489680713,-0.01066885387661949,0.2031581941396399,0.01403451373546091,-0.1278534142171975,0.03477379754678563,81896.92561316783,3.026307583746963
5.10,2,bcr4bp_strict,937,2.22992476585291,9.682333333333334,1.051157986321686,-0.01097319786090538,0.2032397770827072,0.01377350479265934,-0.127913019104109,0.03378754481044464,81936.54694219169,3.026302481165316
5.10,2,bcr4bp_strict,938,2.232304621526179,9.692666666666669,1.05119045479725,-0.01127768138322362,0.2033190135239135,0.01351260057643195,-0.1279706804310425,0.03280182639522439,81975.40201243971,3.026297376999954
5.10,2,bcr4bp_strict,939,2.234684477199448,9.703000000000001,1.051222302483042,-0.01158229981995366,0.2033959047258554,0.01325180107779449,-0.1280263996755349,0.03181663473771865,82013.4914233465,3.026292271328237
5.10,2,bcr4bp_strict,940,2.237064332872717,9.713333333333335,1.051253529628278,-0.01188704855090983,0.2034704519331933,0.01299110630273514,-0.128080178246555,0.03083196232786919,82050.81576780902,3.026287164227713
5.10,2,bcr4bp_strict,941,2.239444188545986,9.723666666666668,1.051284136482207,-0.01219192295917827,0.2035426563727774,0.01273051627213804,-0.1281320174849379,0.02984780170799992,82087.37563223418,3.026282055776111
5.10,2,bcr4bp_strict,942,2.241824044219254,9.734000000000002,1.051314123294146,-0.01249691843095545,0.2036125192537709,0.01247003102170855,-0.1281819186638098,0.02886414547186103,82123.17159658573,3.026276946051336
5.10,2,bcr4bp_strict,943,2.244203899892523,9.744333333333335,1.051343490313513,-0.01280203035538773,0.2036800417677716,0.01220965060190078,-0.1282298829889983,0.02788098626368491,82158.20423443039,3.026271835131468
5.10,2,bcr4bp_strict,944,2.246583755565792,9.754666666666667,1.051372237789865,-0.01310725412441123,0.2037452250889306,0.01194937507784772,-0.1282759115994324,0.02689831677725518,82192.47411298327,3.026266723094759
5.10,2,bcr4bp_strict,945,2.248963611239061,9.765000000000002,1.05140036597293,-0.01341258513259357,0.2038080703740695,0.01168920452929279,-0.12832000556753,0.02591612975498413,82225.98179315246,3.026261610019622
5.10,2,bcr4bp_strict,946,2.25134346691233,9.775333333333334,1.051427875112645,-0.0137180187769756,0.2038685787627947,0.01142913905052423,-0.1283621658995734,0.02493441798700414,82258.72782958279,3.026256495984633
5.10,2,bcr4bp_strict,947,2.253723322585599,9.785666666666668,1.051454765459186,-0.01402355045691483,0.2039267513776102,0.01116917875031076,-0.1284023935360739,0.02395317431026665,82290.71277069916,3.026251381068526
5.10,2,bcr4bp_strict,948,2.256103178258868,9.796000000000003,1.051481037263008,-0.014329175573929,0.2039825893240277,0.01090932375183996,-0.1284406893521245,0.02297239160765452,82321.93715874865,3.026246265350189
5.10,2,bcr4bp_strict,949,2.258483033932136,9.806333333333335,1.051506690774874,-0.01463488953154092,0.2040360936906749,0.01064957419265803,-0.1284770541577419,0.02199206280710268,82352.40152984264,3.026241148908658
5.10,2,bcr4bp_strict,950,2.260862889605405,9.816666666666668,1.051531726245892,-0.0149406877351242,0.204087265549402,0.01038993022461168,-0.1285114886981966,0.02101218088072877,82382.1064139972,3.026236031823115
5.10,2,bcr4bp_strict,951,2.263242745278674,9.827000000000002,1.051556143927549,-0.01524656559174914,0.2041361059553852,0.01013039201379218,-0.1285439936543321,0.02003273884397547,82411.05233517388,3.026230914172884
5.10,2,bcr4bp_strict,952,2.265622600951943,9.837333333333335,1.051579944071743,-0.01555251851003019,0.2041826159472296,0.009870959740480533,-0.1285745696428743,0.01905372975475961,82439.23981131898,3.026225796037426
5.10,2,bcr4bp_strict,953,2.268002456625211,9.847666666666667,1.051603126930819,-0.01585854189997332,0.2042267965470686,0.009611633599095361,-0.1286032172167282,0.01807514671263356,82466.66935440258,3.026220677496334
5.10,2,bcr4bp_strict,954,2.270382312298481,9.858000000000002,1.051625692757602,-0.0161646311728249,0.2042686487606622,0.009352413798141661,-0.1286299368652655,0.01709698285795291,82493.34147045678,3.026215558629334
5.10,2,bcr4bp_strict,955,2.27276216797175,9.868333333333336,1.051647641805427,-0.01647078174092043,0.2043081735774934,0.009093300560162059,-0.1286547290146012,0.01611923137105573,82519.25665961311,3.026210439516272
5.10,2,bcr4bp_strict,956,2.275142023645018,9.878666666666668,1.051668974328178,-0.0167769890175345,0.2043453719708619,0.008834294121689323,-0.1286775940278588,0.01514188547144884,82544.41541613959,3.026205320237121
5.10,2,bcr4bp_strict,957,2.277521879318287,9.889000000000003,1.051689690580317,-0.01708324841673136,0.2043802448979768,0.008575394733200434,-0.1286985322054268,0.01416493841700265,82568.81822847686,3.026200200871967
5.10,2,bcr4bp_strict,958,2.279901734991556,9.899333333333335,1.051709790816921,-0.01738955535321549,0.2044127933000467,0.008316602659072915,-0.1287175437852034,0.01318838350315614,82592.46557927391,3.026195081501013
5.10,2,bcr4bp_strict,959,2.282281590664825,9.909666666666668,1.05172927529371,-0.01769590524218366,0.2044430181023682,0.008057918177541893,-0.1287346289428316,0.01221221406212721,82615.35794542286,3.026189962204569
5.10,2,bcr4bp_strict,960,2.284661446338093,9.920000000000002,1.051748144267083,-0.01800229349917654,0.2044709202144126,0.007799341580659582,-0.1287497877919246,0.01123642346213411,82637.49579809349,3.026184843063052
5.10,2,bcr4bp_strict,961,2.287041302011362,9.930333333333335,1.051766397994152,-0.01830871553993182,0.2044965005299106,0.007540873174255551,-0.1287630203842802,0.01026100510662156,82658.87960276689,3.026179724156977
5.10,2,bcr4bp_strict,962,2.289421157684632,9.940666666666669,1.051784036732772,-0.01861516678023695,0.204519759926935,0.007282513277899166,-0.1287743267100864,0.009285952433497354,82679.5098192685,3.026174605566962
5.10,2,bcr4bp_strict,963,2.2918010133579,9.951000000000001,1.051801060741576,-0.01892164263578289,0.2045406992679824,0.007024262224863065,-0.128783706698116,0.008311258914374512,82699.38690180067,3.026169487373714
5.10,2,bcr4bp_strict,964,2.294180869031169,9.961333333333336,1.051817470280004,-0.01922813852201839,0.2045593194000518,0.006766120362088094,-0.1287911602159122,0.007336918053820728,82718.51129897463,3.026164369658031
5.10,2,bcr4bp_strict,965,2.296560724704438,9.971666666666668,1.05183326560834,-0.01953464985400404,0.2045756211547226,0.006508088050150107,-0.1287966870699642,0.006362923388616701,82736.8834538416,3.026159252500797
5.10,2,bcr4bp_strict,966,2.298940580377707,9.982000000000001,1.051848446987742,-0.01984117204626767,0.2045896053482304,0.006250165663227474,-0.1288002870058731,0.005389268487018715,82754.50380392373,3.026154135982978
5.10,2,bcr4bp_strict,967,2.301320436050975,9.992333333333335,1.051863014680274,-0.02014770051265912,0.2046012727815406,0.005992353589070709,-0.1288019597085083,0.004415946948030804,82771.37278124405,3.026149020185613
5.10,2,bcr4bp_strict,968,2.303700291724244,10.00266666666667,1.05187696894894,-0.02045423066620641,0.2046106242404215,0.00573465222897272,-0.128801704802154,0.003442952400680662,82787.49081235615,3.026143905189823
5.10,2,bcr4bp_strict,969,2.306080147397513,10.013,1.051890310057713,-0.02076075791897124,0.2046176604955139,0.005477061997741041,-0.128799521850647,0.002470278503304675,82802.85831837315,3.026138791076789
5.10,2,bcr4bp_strict,970,2.308460003070782,10.02333333333334,1.051903038271572,-0.02106727768190556,0.2046223823024008,0.005219583323670849,-0.1287954103575043,0.001497918942837407,82817.47571499615,3.026133677927765
5.10,2,bcr4bp_strict,971,2.310839858744051,10.03366666666667,1.05191515385653,-0.02137378536470823,0.2046247904016745,0.004962216648519378,-0.1287893697660414,0.0005258674341072037,82831.34341254202,3.026128565824063
5.10,2,bcr4bp_strict,972,2.31321971441732,10.044,1.051926657079666,-0.02168027637568153,0.2046248855190016,0.004704962427481953,-0.128781399459482,-0.0004458822808604458,82844.46181597085,3.026123454847055
5.10,2,bcr4bp_strict,973,2.315599570090589,10.05433333333334,1.051937548209161,-0.02198674612158876,0.2046226683651876,0.004447821129168484,-0.1287714987610572,-0.001417336433536465,82856.83132491258,3.026118345078162
5.10,2,bcr4bp_strict,974,2.317979425763857,10.06466666666667,1.051947827514324,-0.02229319000751104,0.2046181396362387,0.004190793235582041,-0.1287596669340967,-0.002388501229573187,82868.45233369345,3.026113236598861
5.10,2,bcr4bp_strict,975,2.320359281437126,10.075,1.05195749526563,-0.02259960343670539,0.2046113000134227,0.00393387924209781,-0.1287459031821099,-0.003359382849486782,82879.32523136154,3.026108129490672
5.10,2,bcr4bp_strict,976,2.322739137110395,10.08533333333334,1.051966551734747,-0.02290598181046198,0.2046021501633279,0.00367707965744381,-0.1287302066488578,-0.004329987449331556,82889.45040171198,3.026103023835153
5.10,2,bcr4bp_strict,977,2.325118992783664,10.09566666666667,1.05197499719457,-0.02321232052796226,0.2045906907379205,0.0034203950036824,-0.1287125764184169,-0.005300321161370919,82898.82822331165,3.026097919713906
5.10,2,bcr4bp_strict,978,2.327498848456933,10.106,1.051982831919253,-0.02351861498613709,0.2045769223746003,0.003163825816192786,-0.1286930115152322,-0.006270390094743253,82907.45906952332,3.026092817208562
5.10,2,bcr4bp_strict,979,2.329878704130202,10.11633333333334,1.051990056184239,-0.02382486057952451,0.2045608456962553,0.002907372643655261,-0.1286715109041625,-0.007240200336121018,82915.34330852923,3.026087716400786
5.10,2,bcr4bp_strict,980,2.332258559803471,10.12666666666667,1.051996670266292,-0.02413105270012848,0.204542461311314,0.002651036048035509,-0.1286480734905164,-0.008209757950367866,82922.48130335423,3.026082617372265
5.10,2,bcr4bp_strict,981,2.334638415476739,10.137,1.052002674443531,-0.02443718673727662,0.204521769813797,0.002394816604570999,-0.1286226981200781,-0.009179068981188121,82928.87341188845,3.026077520204712
5.10,2,bcr4bp_strict,982,2.337018271150008,10.14733333333334,1.052008068995459,-0.02474325807747915,0.204498771783366,0.002138714901757504,-0.1285953835791261,-0.01014813945177473,82934.51998690928,3.026072424979852
5.10,2,bcr4bp_strict,983,2.339398126823277,10.15766666666667,1.052012854202995,-0.02504926210428683,0.2044734677853722,0.001882731541337368,-0.1285661285944411,-0.01111697536545004,82939.42137610308,3.026067331779431
5.10,2,bcr4bp_strict,984,2.341777982496546,10.168,1.052017030348506,-0.02535519419814954,0.2044458583709028,0.001626867138288274,-0.1285349318333058,-0.01208558270630422,82943.57792208638,3.026062240685199
5.10,2,bcr4bp_strict,985,2.344157838169815,10.17833333333334,1.052020597715838,-0.02566104973627483,0.2044159440768261,0.001371122320812989,-0.1285017919034958,-0.01305396743982951,82946.98996242633,3.026057151778916
5.10,2,bcr4bp_strict,986,2.346537693843084,10.18866666666667,1.052023556590348,-0.02596682409248595,0.2043837254258347,0.001115497730330548,-0.1284667073532603,-0.01402213551354868,82949.65782966107,3.026052065142343
5.10,2,bcr4bp_strict,987,2.348917549516353,10.199,1.052025907258935,-0.0262725126370805,0.2043492029264878,0.0008599940214676191,-0.1284296766712958,-0.01499009285764237,82951.58185131929,3.026046980857238
5.10,2,bcr4bp_strict,988,2.351297405189621,10.20933333333333,1.052027650010073,-0.02657811073668833,0.2043123770732517,0.0006046118620516026,-0.1283906982867088,-0.01595784538556984,82952.76234993948,3.026041899005355
5.10,2,bcr4bp_strict,989,2.35367726086289,10.21966666666667,1.052028785133838,-0.02688361375413003,0.2042732483465387,0.0003493519331037953,-0.1283497705689706,-0.01692539899468891,82953.19964308864,3.026036819668436
5.10,2,bcr4bp_strict,990,2.356057116536159,10.23,1.052029312921946,-0.02718901704827459,0.2042318172127449,9.421492883417723e-05,-0.1283068918278631,-0.01789275956686977,82952.8940433806,3.026031742928211
5.10,2,bcr4bp_strict,991,2.358436972209428,10.24033333333333,1.052029233667779,-0.02749431597389743,0.2041880841242862,-0.0001607984433634124,-0.1282620603134149,-0.01885993296910729,82951.84585849386,3.026026668866391
5.10,2,bcr4bp_strict,992,2.360816827882697,10.25066666666667,1.052028547666418,-0.02779950588153831,0.2041420495196329,-0.0004156874629152355,-0.1282152742158288,-0.01982692505412994,82950.05539118887,3.026021597564668
5.10,2,bcr4bp_strict,993,2.363196683555965,10.261,1.052027255214674,-0.0281045821173584,0.204093713823343,-0.0006704513960703929,-0.1281665316654005,-0.02079374166100397,82947.52293932496,3.026016529104704
5.10,2,bcr4bp_strict,994,2.365576539229234,10.27133333333333,1.052025356611122,-0.02840954002299814,0.2040430774460942,-0.0009250894959033113,-0.1281158307324276,-0.02176038861573714,82944.24879587683,3.026011463568136
5.10,2,bcr4bp_strict,995,2.367956394902503,10.28166666666667,1.052022852156129,-0.02871437493543381,0.203990140784714,-0.001179601002314844,-0.12806316942711,-0.02272687173187679,82940.23324895056,3.026006401036563
5.10,2,bcr4bp_strict,996,2.370336250575772,10.292,1.052019742151885,-0.02901908218683487,0.2039349042222088,-0.00143398514203337,-0.1280085456994409,-0.023693196811108,82935.47658179906,3.02600134159155
5.10,2,bcr4bp_strict,997,2.372716106249041,10.30233333333334,1.052016026902439,-0.02932365710442012,0.2038773681277911,-0.001688241128614141,-0.1279519574390888,-0.02465936964384632,82929.97907283739,3.025996285314618
5.10,2,bcr4bp_strict,998,2.37509596192231,10.31266666666667,1.052011706713725,-0.0296280950103142,0.2038175328569061,-0.001942368162438675,-0.1278934024752702,-0.02562539600982992,82923.74099565722,3.025991232287245
5.10,2,bcr4bp_strict,999,2.377475817595579,10.323,1.052006781893598,-0.02993239122140366,0.2037553987512562,-0.002196365430713262,-0.1278328785766132,-0.02659128167870915,82916.76261904127,3.025986182590858
5.10,2,bcr4bp_strict,1000,2.379855673268847,10.33333333333333,1.05200125275186,-0.03023654104919227,0.2036909661388242,-0.002450232107466332,-0.1277703834510119,-0.02755703241063213,82909.04420697704,3.02598113630683
5.10,2,bcr4bp_strict,1001,2.382235528942116,10.34366666666667,1.051995119600296,-0.03054053979965672,0.2036242353338953,-0.002703967353545796,-0.1277059147454712,-0.02852265395683074,82900.58601867012,3.025976093516478
5.10,2,bcr4bp_strict,1002,2.384615384615385,10.354,1.051988382752704,-0.03084438277310105,0.2035552066370777,-0.002957570316614955,-0.1276394700459426,-0.0294881520602017,82891.38830855738,3.025971054301057
5.10,2,bcr4bp_strict,1003,2.386995240288654,10.36433333333333,1.051981042524926,-0.03114806526401163,0.2034838803353215,-0.003211040131148515,-0.1275710468771508,-0.03045353245588853,82881.45132631923,3.025966018741757
5.10,2,bcr4bp_strict,1004,2.389375095961923,10.37466666666667,1.051973099234879,-0.03145158256091084,0.2034102567019369,-0.00346437591842723,-0.1275006427024099,-0.03141880087185895,82870.77531689202,3.025960986919699
5.10,2,bcr4bp_strict,1005,2.391754951635192,10.385,1.051964553202587,-0.03175492994621083,0.2033343359966102,-0.003717576786532362,-0.1274282549234316,-0.03238396302948227,82859.3605204795,3.02595595891593
5.10,2,bcr4bp_strict,1006,2.394134807308461,10.39533333333334,1.051955404750214,-0.03205810269606688,0.2032561184654188,-0.003970641830339528,-0.1273538808801227,-0.03334902464410524,82847.20717256429,3.02595093481142
5.10,2,bcr4bp_strict,1007,2.396514662981729,10.40566666666667,1.05194565420209,-0.03236109608022965,0.2031756043408452,-0.00422357013151147,-0.1272775178503734,-0.03431399142562439,82834.31550391864,3.025945914687059
5.10,2,bcr4bp_strict,1008,2.398894518654998,10.416,1.05193530188475,-0.03266390536189778,0.2030927938417891,-0.004476360758490925,-0.1271991630498359,-0.03527886907905978,82820.68574061495,3.025940898623649
5.10,2,bcr4bp_strict,1009,2.401274374328267,10.42633333333333,1.051924348126961,-0.03296652579756904,0.2030076871735782,-0.004729012766492179,-0.127118813631694,-0.03624366330512443,82806.31810403586,3.025935886701907
5.10,2,bcr4bp_strict,1010,2.403654230001536,10.43666666666667,1.051912793259752,-0.03326895263689186,0.2029202845279779,-0.004981525197492691,-0.1270364666864213,-0.03720837980079545,82791.21281088379,3.025930879002454
5.10,2,bcr4bp_strict,1011,2.406034085674805,10.447,1.05190063761645,-0.03357118112251539,0.2028305860831995,-0.005233897080223688,-0.1269521192415315,-0.03817302425988131,82775.37007319035,3.025925875605816
5.10,2,bcr4bp_strict,1012,2.408413941348074,10.45733333333333,1.051887881532708,-0.03387320648993949,0.2027385920039072,-0.005486127430160483,-0.1268657682613173,-0.0391376023735899,82758.79009832509,3.025920876592414
5.10,2,bcr4bp_strict,1013,2.410793797021343,10.46766666666667,1.051874525346539,-0.03417502396736416,0.2026443024412233,-0.00573821524951232,-0.1267774106465801,-0.04010211983109567,82741.47308900392,3.02591588204257
5.10,2,bcr4bp_strict,1014,2.413173652694611,10.478,1.051860569398345,-0.03447662877553771,0.2025477175327327,-0.005990159527211278,-0.1266870432343494,-0.04106658232010411,82723.41924329726,3.025910892036492
5.10,2,bcr4bp_strict,1015,2.41555350836788,10.48833333333334,1.051846014030951,-0.03477801612760509,0.2024488374024853,-0.006241959238901355,-0.126594662797592,-0.04203099552741826,82704.62875463767,3.025905906654278
5.10,2,bcr4bp_strict,1016,2.417933364041149,10.49866666666667,1.051830859589636,-0.0350791812289546,0.202347662160998,-0.006493613346926328,-0.1265002660449112,-0.04299536513950174,82685.10181182706,3.025900925975907
5.10,2,bcr4bp_strict,1017,2.420313219714418,10.509,1.051815106422163,-0.03538011927706484,0.2022441919052546,-0.006745120800317845,-0.1264038496202352,-0.043959696843044,82664.83859904364,3.025895950081239
5.10,2,bcr4bp_strict,1018,2.422693075387687,10.51933333333334,1.051798754878812,-0.03568082546135001,0.2021384267187043,-0.006996480534782483,-0.1263054101024957,-0.04492399632552269,82643.83929584836,3.025890979050009
5.10,2,bcr4bp_strict,1019,2.425072931060956,10.52966666666667,1.051781805312413,-0.03598129496300498,0.2020303666712598,-0.0072476914726886,-0.1262049440052958,-0.04588826927576725,82622.104077191,3.025886012961821
5.10,2,bcr4bp_strict,1020,2.427452786734225,10.54,1.051764258078376,-0.03628152295484957,0.2019200118192928,-0.007498752523052992,-0.1261024477765671,-0.04685252138452246,82599.633113416,3.025881051896148
5.10,2,bcr4bp_strict,1021,2.429832642407493,10.55033333333333,1.051746113534724,-0.03658150460117151,0.201807362205629,-0.007749662581526555,-0.1259979177982161,-0.04781675834501007,82576.42657026762,3.025876095932328
5.10,2,bcr4bp_strict,1022,2.432212498080762,10.56066666666667,1.051727372042121,-0.03688123505756925,0.2016924178595416,-0.008000420530380291,-0.1258913503857598,-0.04878098585349293,82552.48460889496,3.025871145149552
5.10,2,bcr4bp_strict,1023,2.434592353754031,10.571,1.051708033963911,-0.03718070947079315,0.2015751787967434,-0.008251025238490124,-0.1257827417879512,-0.0497452096098366,82527.80738585658,3.025866199626874
5.10,2,bcr4bp_strict,1024,2.4369722094273,10.58133333333334,1.051688099666144,-0.0374799229785865,0.2014556450193775,-0.008501475561322126,-0.1256720881863922,-0.0507094353180737,82502.39505312462,3.025861259443195
5.10,2,bcr4bp_strict,1025,2.439352065100569,10.59166666666667,1.05166756951761,-0.03777887070952493,0.2013338165160065,-0.008751770340916678,-0.1255593856951367,-0.05167366868696614,82476.24775808858,3.025856324677263
5.10,2,bcr4bp_strict,1026,2.441731920773837,10.602,1.051646443889869,-0.03807754778285526,0.2012096932616011,-0.009001908405872743,-0.125444630360282,-0.05263791543056928,82449.36564355881,3.025851395407669
5.10,2,bcr4bp_strict,1027,2.444111776447107,10.61233333333334,1.051624723157289,-0.03837594930833349,0.2010832752175262,-0.009251888571331838,-0.1253278181595485,-0.05360218126879673,82421.74884776956,3.025846471712845
5.10,2,bcr4bp_strict,1028,2.446491632120375,10.62266666666667,1.051602407697069,-0.03867407038606118,0.2009545623315269,-0.009501709638961173,-0.1252089450018486,-0.05456647192798379,82393.39750438156,3.025841553671058
5.10,2,bcr4bp_strict,1029,2.448871487793644,10.633,1.05157949788928,-0.03897190610632159,0.200823554537712,-0.009751370396937242,-0.125088006726843,-0.05553079314145433,82364.3117424845,3.025836641360404
5.10,2,bcr4bp_strict,1030,2.451251343466913,10.64333333333333,1.051555994116889,-0.03926945154941389,0.2006902517565371,-0.0100008696199284,-0.1249649991044861,-0.05649515065008555,82334.49168659876,3.02583173485881
5.10,2,bcr4bp_strict,1031,2.453631199140182,10.65366666666667,1.0515318967658,-0.03956670178548716,0.2005546538947857,-0.01025020606907775,-0.1248399178345592,-0.05745955020287645,82303.93745667713,3.025826834244022
5.10,2,bcr4bp_strict,1032,2.456011054813451,10.664,1.051507206224877,-0.03986365187437248,0.2004167608455492,-0.01049937849198533,-0.1247127585461913,-0.05842399755751458,82272.64916810584,3.025821939593608
5.10,2,bcr4bp_strict,1033,2.458390910486719,10.67433333333334,1.051481922885984,-0.04016029686541427,0.200276572488206,-0.01074838562269029,-0.1245835167973682,-0.05938849848094562,82240.62693170558,3.025817050984951
5.10,2,bcr4bp_strict,1034,2.460770766159988,10.68466666666667,1.05145604714401,-0.04045663179730065,0.2001340886883979,-0.01099722618165298,-0.124452188074429,-0.06035305874994414,82207.87085373176,3.025812168495242
5.10,2,bcr4bp_strict,1035,2.463150621833257,10.695,1.051429579396911,-0.04075265169789188,0.1999893092980071,-0.01124589887573633,-0.1243187677915499,-0.06131768415168379,82174.38103587469,3.025807292201484
5.10,2,bcr4bp_strict,1036,2.465530477506526,10.70533333333334,1.051402520045731,-0.04104835158404847,0.1998422341551297,-0.01149440239818769,-0.1241832512902159,-0.06228238048431155,82140.15757525913,3.025802422180479
5.10,2,bcr4bp_strict,1037,2.467910333179795,10.71566666666667,1.051374869494643,-0.04134372646145706,0.1996928630840497,-0.01174273542861981,-0.1240456338386789,-0.06324715355752052,82105.20056444389,3.025797558508829
5.10,2,bcr4bp_strict,1038,2.470290188853064,10.726,1.051346628150978,-0.04163877132445594,0.1995411958952105,-0.01199089663299236,-0.1239059106314037,-0.06421200919312711,82069.51009142066,3.025792701262934
5.10,2,bcr4bp_strict,1039,2.472670044526333,10.73633333333334,1.051317796425259,-0.0419334811558584,0.1993872323851855,-0.01223888466359253,-0.1237640767884998,-0.06517695322564733,82033.08623961252,3.02578785051898
5.10,2,bcr4bp_strict,1040,2.475049900199601,10.74666666666667,1.051288374731232,-0.04222785092677526,0.1992309723366471,-0.01248669815901626,-0.1236201273551407,-0.06614199150287631,81995.92908787247,3.025783006352944
5.10,2,bcr4bp_strict,1041,2.47742975587287,10.757,1.051258363485898,-0.04252187559643596,0.1990724155183342,-0.0127343357441489,-0.1234740573009694,-0.06710712988646995,81958.03871048096,3.025778168840583
5.10,2,bcr4bp_strict,1042,2.479809611546139,10.76733333333333,1.051227763109548,-0.0428155501120077,0.1989115616850189,-0.01298179603014567,-0.1233258615194899,-0.06807237425252653,81919.41517714363,3.025773338057434
5.10,2,bcr4bp_strict,1043,2.482189467219408,10.77766666666667,1.051196574025796,-0.04310886940841398,0.1987484105774714,-0.01322907761441259,-0.1231755348274451,-0.06903773049217313,81880.05855298844,3.025768514078809
5.10,2,bcr4bp_strict,1044,2.484569322892677,10.788,1.051164796661607,-0.04340182840815072,0.1985829619224232,-0.01347617908058666,-0.1230230719641807,-0.07000320451215121,81839.96889856234,3.02576369697979
5.10,2,bcr4bp_strict,1045,2.486949178565946,10.79833333333334,1.051132431447337,-0.04369442202110171,0.1984152154325294,-0.01372309899851665,-0.1228684675909942,-0.07096880223540739,81799.14626982778,3.025758886835226
5.10,2,bcr4bp_strict,1046,2.489329034239215,10.80866666666667,1.051099478816759,-0.04398664514435169,0.1982451708063296,-0.01396983592424323,-0.1227117162904702,-0.07193452960168382,81757.59071815878,3.025754083719728
5.10,2,bcr4bp_strict,1047,2.491708889912483,10.819,1.0510659392071,-0.04427849266199842,0.1980728277282073,-0.01421638839997962,-0.1225528125658004,-0.07290039256811272,81715.30229033655,3.025749287707666
5.10,2,bcr4bp_strict,1048,2.494088745585752,10.82933333333334,1.051031813059073,-0.04456995944496303,0.1978981858683471,-0.01446275495409208,-0.1223917508400886,-0.07386639710981352,81672.28102854485,3.025744498873163
5.10,2,bcr4bp_strict,1049,2.496468601259021,10.83966666666667,1.05099710081691,-0.04486104035079825,0.1977212448826921,-0.01470893410108013,-0.122228525455641,-0.07483254922049078,81628.526970365,3.025739717290094
5.10,2,bcr4bp_strict,1050,2.49884845693229,10.85,1.050961802928393,-0.04515173022349565,0.1975420044128983,-0.01495492434155741,-0.1220631306732406,-0.07579885491303751,81584.04014877033,3.025734943032079
5.10,2,bcr4bp_strict,1051,2.501228312605559,10.86033333333333,1.050925919844892,-0.04544202389329034,0.1973604640862886,-0.01520072416223194,-0.1218955606714066,-0.07676532022013849,81538.82059212073,3.02573017617248
5.10,2,bcr4bp_strict,1052,2.503608168278828,10.87066666666667,1.050889452021391,-0.04573191617646474,0.1971766235158047,-0.01544633203588716,-0.121725809545637,-0.07773195119487938,81492.86832415608,3.025725416784396
5.10,2,bcr4bp_strict,1053,2.505988023952097,10.881,1.050852399916529,-0.04602140187514966,0.1969904822999582,-0.01569174642136239,-0.1215538713076361,-0.07869875391135606,81446.18336399016,3.025720664940662
5.10,2,bcr4bp_strict,1054,2.508367879625365,10.89133333333334,1.050814763992627,-0.04631047577712418,0.1968020400227792,-0.01593696576353391,-0.1213797398845249,-0.07966573446528902,81398.76572610356,3.025715920713841
5.10,2,bcr4bp_strict,1055,2.510747735298634,10.90166666666667,1.050776544715724,-0.0465991326556135,0.1966112962537649,-0.0161819884932962,-0.1212034091180351,-0.08063289897464089,81350.61542033656,3.025711184176221
5.10,2,bcr4bp_strict,1056,2.513127590971903,10.912,1.050737742555611,-0.04688736726908438,0.1964182505478255,-0.01642681302754285,-0.1210248727636862,-0.08160025358023555,81301.7324518815,3.025706455399813
5.10,2,bcr4bp_strict,1057,2.515507446645172,10.92233333333334,1.050698357985862,-0.04717517436103944,0.1962229024452288,-0.01667143776914841,-0.1208441244899457,-0.08256780444638334,81252.1168212748,3.025701734456343
5.10,2,bcr4bp_strict,1058,2.51788730231844,10.93266666666667,1.050658391483869,-0.04746254865980851,0.1960252514715442,-0.01691586110694963,-0.1206611578773713,-0.08353555776150692,81201.76852438881,3.02569702141725
5.10,2,bcr4bp_strict,1059,2.52026715799171,10.943,1.050617843530874,-0.04774948487833881,0.1958252971375841,-0.01716008141572782,-0.120475966417736,-0.08450351973877364,81150.68755242287,3.025692316353685
5.10,2,bcr4bp_strict,1060,2.522647013664979,10.95333333333334,1.050576714612006,-0.04803597771398222,0.1956230389393443,-0.0174040970561908,-0.1202885435131347,-0.08547169661672899,81098.87389189452,3.025687619336499
5.10,2,bcr4bp_strict,1061,2.525026869338247,10.96366666666667,1.050535005216311,-0.04832202184828097,0.1954184763579432,-0.01764790637495534,-0.1200988824750727,-0.08644009465993568,81046.32752462986,3.025682930436248
5.10,2,bcr4bp_strict,1062,2.527406725011516,10.974,1.050492715836785,-0.04860761194675107,0.1952116088595585,-0.01789150770453026,-0.1199069765235354,-0.08740872015961662,80993.04842775401,3.025678249723179
5.10,2,bcr4bp_strict,1063,2.529786580684785,10.98433333333334,1.050449846970412,-0.048892742658663,0.1950024358953636,-0.01813489936329922,-0.1197128187860395,-0.0883775794343002,80939.03657368074,3.025673577267236
5.10,2,bcr4bp_strict,1064,2.532166436358054,10.99466666666667,1.050406399118191,-0.04917740861682098,0.1947909569014614,-0.0183780796555046,-0.1195164022966646,-0.08934667883047245,80884.291930102,3.025668913138047
5.10,2,bcr4bp_strict,1065,2.534546292031322,11.005,1.050362372785178,-0.04946160443733896,0.1945771712988174,-0.01862104687123111,-0.1193177199950652,-0.09031602472323054,80828.81445997715,3.025664257404926
5.10,2,bcr4bp_strict,1066,2.536926147704591,11.01533333333334,1.050317768480511,-0.04974532471941512,0.1943610784931903,-0.0188637992863905,-0.1191167647254627,-0.09128562351694357,80772.60412152161,3.025659610136863
5.10,2,bcr4bp_strict,1067,2.53930600337786,11.02566666666667,1.050272586717452,-0.0500285640451032,0.194142677875062,-0.01910633516270607,-0.1189135292356177,-0.0922554816459151,80715.66086819526,3.025654971402527
5.10,2,bcr4bp_strict,1068,2.541685859051129,11.036,1.050226828013413,-0.05031131697908185,0.1939219688195654,-0.01934865274769813,-0.1187080061757812,-0.09322560557505215,80657.98464869038,3.025650341270255
5.10,2,bcr4bp_strict,1069,2.544065714724398,11.04633333333333,1.050180492889997,-0.05059357806842144,0.1936989506864108,-0.01959075027466999,-0.1185001880976247,-0.09419600180053882,80599.57540691935,3.025645719808051
5.10,2,bcr4bp_strict,1070,2.546445570397667,11.05666666666667,1.050133581873025,-0.05087534184234779,0.1934736228198105,-0.01983262596269396,-0.1182900674531495,-0.09516667685051293,80540.43308200194,3.025641107083581
5.10,2,bcr4bp_strict,1071,2.548825426070936,11.067,1.050086095492576,-0.05115660281200408,0.1932459845484021,-0.02007427801659878,-0.1180776365935736,-0.09613763728575038,80480.55760825195,3.025636503164169
5.10,2,bcr4bp_strict,1072,2.551205281744204,11.07733333333333,1.050038034283017,-0.05143735547020926,0.1930160351851701,-0.02031570462695675,-0.1178628877681975,-0.09710888970035148,80419.94891516416,3.025631908116793
5.10,2,bcr4bp_strict,1073,2.553585137417473,11.08766666666667,1.049989398783038,-0.05171759429121452,0.1927837740273656,-0.02055690397007244,-0.1176458131232463,-0.09808044072243548,80358.60692739996,3.025627322008078
5.10,2,bcr4bp_strict,1074,2.555964993090742,11.098,1.049940189535686,-0.05199731373045618,0.1925492003564246,-0.02079787420797118,-0.1174264047006898,-0.09905229701483755,80296.5315647735,3.025622744904296
5.10,2,bcr4bp_strict,1075,2.558344848764011,11.10833333333333,1.049890407088401,-0.0522765082243064,0.1923123134378844,-0.02103861348838893,-0.117204654437039,-0.100024465275813,80233.7227422368,3.025618176871359
5.10,2,bcr4bp_strict,1076,2.56072470443728,11.11866666666667,1.049840051993046,-0.05255517218982082,0.1920731125212986,-0.02127911994476283,-0.1169805541621187,-0.1009969522397469,80170.18036986487,3.025613617974814
5.10,2,bcr4bp_strict,1077,2.563104560110549,11.129,1.049789124805943,-0.05283330002448286,0.1918315968401503,-0.02151939169622196,-0.116754095597816,-0.1019697646778676,80105.90435284036,3.02560906827984
5.10,2,bcr4bp_strict,1078,2.565484415783818,11.13933333333333,1.049737626087909,-0.05311088610594574,0.1915877656117634,-0.02175942684757991,-0.1165252703568044,-0.1029429093989686,80040.89459143761,3.025604527851242
5.10,2,bcr4bp_strict,1079,2.567864271457086,11.14966666666667,1.049685556404288,-0.05338792479177059,0.1913416180372126,-0.02199922348932726,-0.116294069941243,-0.1039163932501331,79975.15098100682,3.025599996753453
5.10,2,bcr4bp_strict,1080,2.570244127130355,11.16,1.049632916324984,-0.0536644104191623,0.191093153301231,-0.02223877969762575,-0.1160604857414488,-0.1048902231174683,79908.67341195709,3.025595475050517
5.10,2,bcr4bp_strict,1081,2.572623982803624,11.17033333333334,1.049579706424498,-0.05394033730470138,0.1908423705721168,-0.02247809353430279,-0.1158245090345454,-0.1058644059268418,79841.46176973982,3.025590962806096
5.10,2,bcr4bp_strict,1082,2.575003838476893,11.18066666666667,1.049525927281959,-0.05421569974407309,0.1905892690016376,-0.02271716304684738,-0.1155861309830827,-0.1068389486446267,79773.5159348314,3.025586460083461
5.10,2,bcr4bp_strict,1083,2.577383694150162,11.191,1.049471579481161,-0.05449049201179327,0.1903338477249329,-0.02295598626840712,-0.1153453426336312,-0.1078138582784533,79704.83578271528,3.025581966945486
5.10,2,bcr4bp_strict,1084,2.579763549823431,11.20133333333333,1.049416663610596,-0.05476470836093025,0.1900761058604153,-0.02319456121778578,-0.1151021349153484,-0.1087891418779644,79635.42118386411,3.025577483454648
5.10,2,bcr4bp_strict,1085,2.5821434054967,11.21166666666667,1.049361180263488,-0.05503834302282413,0.1898160425096696,-0.02343288589944285,-0.1148564986385166,-0.1097648065355812,79565.27200372114,3.025573009673019
5.10,2,bcr4bp_strict,1086,2.584523261169968,11.222,1.049305130037826,-0.05531139020680165,0.1895536567573499,-0.02367095830349336,-0.1146084244930533,-0.1107408593872714,79494.38810268146,3.025568545662259
5.10,2,bcr4bp_strict,1087,2.586903116843237,11.23233333333333,1.049248513536401,-0.05558384409988838,0.1892889476710752,-0.02390877640570978,-0.1143579030469909,-0.1117173076133287,79422.76933607264,3.02556409148362
5.10,2,bcr4bp_strict,1088,2.589282972516506,11.24266666666667,1.049191331366837,-0.05585569886651645,0.1890219143013229,-0.02414633816752457,-0.1141049247449283,-0.1126941584391548,79350.41555413505,3.025559647197933
5.10,2,bcr4bp_strict,1089,2.591662828189775,11.253,1.049133584141627,-0.05612694864822908,0.1887525556813205,-0.02438364153603443,-0.1138494799064511,-0.1136714191360516,79277.32660200197,3.025555212865605
5.10,2,bcr4bp_strict,1090,2.594042683863044,11.26333333333334,1.049075272478167,-0.05639758756338131,0.1884808708269353,-0.02462068444400604,-0.1135915587245213,-0.1146490970220199,79203.50231967896,3.025550788546619
5.10,2,bcr4bp_strict,1091,2.596422539536313,11.27366666666667,1.04901639699879,-0.05666760970683632,0.1882068587365629,-0.02485746480988275,-0.1133311512638362,-0.1156271994625635,79128.94254202311,3.025546374300523
5.10,2,bcr4bp_strict,1092,2.598802395209582,11.284,1.048956958330798,-0.05693700914965864,0.1879305183910122,-0.02509398053779346,-0.1130682474591537,-0.1166057338715037,79053.64709872173,3.025541970186433
5.10,2,bcr4bp_strict,1093,2.60118225088285,11.29433333333333,1.048896957106501,-0.05720577993880246,0.1876518487533902,-0.02533022951756246,-0.1128028371135866,-0.1175847077117986,78977.61581427071,3.025537576263017
5.10,2,bcr4bp_strict,1094,2.603562106556119,11.30466666666667,1.048836393963245,-0.05747391609679668,0.187370848768984,-0.02556620962472152,-0.1125349098968622,-0.1185641284963722,78900.84850795256,3.025533192588502
5.10,2,bcr4bp_strict,1095,2.605941962229388,11.315,1.048775269543452,-0.05774141162142504,0.1870875173651406,-0.025801918720523,-0.1122644553435489,-0.1195440037889497,78823.34499381375,3.025528819220665
5.10,2,bcr4bp_strict,1096,2.608321817902657,11.32533333333333,1.048713584494646,-0.0580082604854024,0.186801853451145,-0.02603735465195532,-0.1119914628512474,-0.1205243412049014,78745.10508064191,3.025524456216822
5.10,2,bcr4bp_strict,1097,2.610701673575926,11.33566666666667,1.048651339469497,-0.05827445663604684,0.1865138559180966,-0.02627251525176011,-0.1117159216787464,-0.1215051484120953,78666.12857194274,3.025520103633833
5.10,2,bcr4bp_strict,1098,2.613081529249194,11.346,1.048588535125847,-0.05853999399494661,0.186223523638783,-0.0265073983384509,-0.1114378209441433,-0.1224864331317562,78586.41526591596,3.025515761528091
5.10,2,bcr4bp_strict,1099,2.615461384922463,11.35633333333334,1.048525172126747,-0.05880486645762354,0.1859308554675521,-0.02674200171633445,-0.1111571496229263,-0.1234682031393351,78505.96495543147,3.02551142995552
5.10,2,bcr4bp_strict,1100,2.617841240595732,11.36666666666667,1.04846125114049,-0.05906906789319087,0.185635850240182,-0.02697632317553347,-0.110873896546021,-0.1244504662653853,78424.77742800473,3.025507108971567
5.10,2,bcr4bp_strict,1101,2.620221096269001,11.377,1.048396772840646,-0.05933259214400725,0.1853385067737485,-0.02721036049201207,-0.1105880503977964,-0.1254332303964483,78342.85246577178,3.025502798631201
5.10,2,bcr4bp_strict,1102,2.62260095194227,11.38733333333334,1.048331737906094,-0.05959543302532521,0.1850388238664914,-0.02744411142760285,-0.1102995997140337,-0.1264165034759479,78260.18984546402,3.025498498988906
5.10,2,bcr4bp_strict,1103,2.624980807615539,11.39766666666667,1.048266147021057,-0.05985758432493526,0.1847368002976775,-0.02767757373003666,-0.1100085328798541,-0.1274002935050925,78176.78933838221,3.025494210098673
5.10,2,bcr4bp_strict,1104,2.627360663288808,11.408,1.048200000875133,-0.06011903980280493,0.1844324348274622,-0.02791074513297482,-0.1097148381276057,-0.1283846085437888,78092.65071037044,3.025489932014002
5.10,2,bcr4bp_strict,1105,2.629740518962076,11.41833333333333,1.048133300163332,-0.06037979319071234,0.184125726196749,-0.02814362335604329,-0.1094185035347098,-0.1293694567115606,78007.77372178952,3.02548566478789
5.10,2,bcr4bp_strict,1106,2.632120374635345,11.42866666666667,1.048066045586107,-0.06063983819187524,0.1838166731270459,-0.02837620610487009,-0.1091195170214633,-0.1303548461884813,77922.15812748973,3.025481408472831
5.10,2,bcr4bp_strict,1107,2.634500230308614,11.439,1.047998237849389,-0.06089916848057408,0.1835052743203207,-0.02860849107112462,-0.1088178663487992,-0.1313407852161118,77835.80367678362,3.025477163120807
5.10,2,bcr4bp_strict,1108,2.636880085981883,11.44933333333334,1.047929877664617,-0.06115777770177036,0.1831915284588534,-0.02884047593256045,-0.1085135391160017,-0.1323272820984515,77748.71011341779,3.025472928783286
5.10,2,bcr4bp_strict,1109,2.639259941655152,11.45966666666667,1.047860965748775,-0.06141565947071892,0.1828754342050863,-0.02907215835306029,-0.1082065227583765,-0.1333143452028957,77660.87717554488,3.025468705511212
5.10,2,bcr4bp_strict,1110,2.641639797328421,11.47,1.047791502824421,-0.06167280737257491,0.1825569902014722,-0.02930353598268435,-0.1078968045448751,-0.1343019829612051,77572.30459569448,3.025464493355008
5.10,2,bcr4bp_strict,1111,2.64401965300169,11.48033333333334,1.047721489619725,-0.06192921496199526,0.18223619507032,-0.02953460645772171,-0.1075843715756716,-0.1352902038704847,77482.99210074413,3.025460292364564
5.10,2,bcr4bp_strict,1112,2.646399508674958,11.49066666666667,1.047650926868496,-0.06218487576273368,0.181913047413638,-0.02976536740074436,-0.1072692107796918,-0.1362790164941714,77392.93941188963,3.025456102589231
5.10,2,bcr4bp_strict,1113,2.648779364348227,11.501,1.047579815310217,-0.06243978326723054,0.1815875458129746,-0.0299958164206653,-0.1069513089120925,-0.1372684294630348,77302.14624461487,3.025451924077821
5.10,2,bcr4bp_strict,1114,2.651159220021496,11.51133333333333,1.047508155690081,-0.06269393093619591,0.1812596888292574,-0.03022595111279916,-0.1066306525516912,-0.1382584514761843,77210.61230866147,3.025447756878597
5.10,2,bcr4bp_strict,1115,2.653539075694765,11.52166666666667,1.047435948759015,-0.06294731219818711,0.1809294750026288,-0.03045576905892709,-0.1063072280983442,-0.139249091302091,77118.33730799766,3.025443601039271
5.10,2,bcr4bp_strict,1116,2.655918931368034,11.532,1.047363195273722,-0.06319992044917937,0.1805969028522801,-0.03068526782736457,-0.1059810217702723,-0.1402403577796164,77025.32094078697,3.025439456606994
5.10,2,bcr4bp_strict,1117,2.658298787041303,11.54233333333334,1.047289895996704,-0.06345174905213043,0.1802619708762827,-0.03091444497303346,-0.1056520196013329,-0.1412322598190545,76931.56289935636,3.025435323628358
5.10,2,bcr4bp_strict,1118,2.660678642714572,11.55266666666667,1.0472160516963,-0.06370279133653863,0.1799246775514164,-0.03114329803753783,-0.1053202074382375,-0.1422248064031842,76837.06287016382,3.025431202149379
5.10,2,bcr4bp_strict,1119,2.66305849838784,11.563,1.047141663146716,-0.06395304059799385,0.1795850213329963,-0.0313718245492434,-0.1049855709377134,-0.1432180065883315,76741.82053376583,3.025427092215505
5.10,2,bcr4bp_strict,1120,2.665438354061109,11.57333333333334,1.047066731128052,-0.0642024900977223,0.1792430006546959,-0.03160002202336182,-0.1046480955636078,-0.1442118695054448,76645.83556478389,3.025422993871597
5.10,2,bcr4bp_strict,1121,2.667818209734378,11.58366666666667,1.046991256426342,-0.06445113306212363,0.1788986139283689,-0.03182788796203841,-0.1043077665839341,-0.1452064043611795,76549.1076318712,3.025418907161934
5.10,2,bcr4bp_strict,1122,2.670198065407647,11.594,1.046915239833577,-0.06469896268230166,0.1785518595438667,-0.03205541985444518,-0.1039645690678582,-0.1462016204389967,76451.63639767816,3.025414832130201
5.10,2,bcr4bp_strict,1123,2.672577921080916,11.60433333333334,1.046838682147738,-0.06494597211358716,0.1782027358688555,-0.03228261517687765,-0.1036184878826239,-0.1471975271002703,76353.42151881818,3.025410768819486
5.10,2,bcr4bp_strict,1124,2.674957776754185,11.61466666666667,1.046761584172831,-0.06519215447505376,0.1778512412486288,-0.03250947139285685,-0.1032695076904159,-0.148194133785408,76254.46264583257,3.025406717272272
5.10,2,bcr4bp_strict,1125,2.677337632427454,11.625,1.04668394671891,-0.0654375028490263,0.1774973740059179,-0.03273598595323633,-0.1029176129451591,-0.1491914500149849,76154.75942315483,3.025402677530432
5.10,2,bcr4bp_strict,1126,2.679717488100722,11.63533333333334,1.046605770602111,-0.06568201028058095,0.1771411324407001,-0.03296215629631373,-0.1025627878892529,-0.1501894853908857,76054.31148907503,3.025398649635224
5.10,2,bcr4bp_strict,1127,2.682097343773991,11.64566666666667,1.046527056644684,-0.06592566977703823,0.1767825148300038,-0.03318797984794814,-0.1022050165502383,-0.1511882495974631,75953.11847570323,3.025394633627284
5.10,2,bcr4bp_strict,1128,2.68447719944726,11.656,1.046447805675016,-0.06616847430744734,0.1764215194277108,-0.03341345402168237,-0.1018442827373982,-0.1521877524027053,75851.18000893274,3.025390629546619
5.10,2,bcr4bp_strict,1129,2.686857055120529,11.66633333333334,1.046368018527667,-0.0664104168020629,0.1760581444643554,-0.03363857621887135,-0.1014805700382862,-0.1531880036594183,75748.49570840274,3.025386637432603
5.10,2,bcr4bp_strict,1130,2.689236910793798,11.67666666666667,1.046287696043394,-0.06665149015181285,0.175692388146922,-0.03386334382881576,-0.1011138618151858,-0.1541890133064185,75645.06518746057,3.02538265732397
5.10,2,bcr4bp_strict,1131,2.691616766467066,11.687,1.046206839069183,-0.06689168720775809,0.1753242486586384,-0.03408775422890204,-0.1007441412014959,-0.1551907913697397,75540.88805312337,3.025378689258803
5.10,2,bcr4bp_strict,1132,2.693996622140336,11.69733333333334,1.046125448458272,-0.06713100078054358,0.1749537241587667,-0.03431180478474857,-0.100371391098042,-0.156193347963853,75435.96390603944,3.025374733274537
5.10,2,bcr4bp_strict,1133,2.696376477813604,11.70766666666667,1.046043525070186,-0.06736942363984008,0.1745808127823918,-0.03453549285035785,-0.09999559416931121,-0.1571966932928975,75330.29234044923,3.025370789407945
5.10,2,bcr4bp_strict,1134,2.698756333486873,11.718,1.04596106977076,-0.06760694851377747,0.1742055126402061,-0.03475881576827596,-0.09961673283960913,-0.1582008376519269,75223.87294414529,3.025366857695134
5.10,2,bcr4bp_strict,1135,2.701136189160142,11.72833333333334,1.045878083432165,-0.06784356808836815,0.1738278218182919,-0.03498177086975798,-0.09923478928913756,-0.1592057914281664,75116.70529843263,3.025362938171538
5.10,2,bcr4bp_strict,1136,2.703516044833411,11.73866666666667,1.045794566932938,-0.06807927500692172,0.1734477383779006,-0.03520435547494143,-0.09884974544998962,-0.1602115651022862,75008.78897808783,3.025359030871912
5.10,2,bcr4bp_strict,1137,2.70589590050668,11.749,1.045710521158007,-0.06831406186944938,0.1730652603552283,-0.03542656689302618,-0.09846158300206233,-0.1612181692496848,74900.12355131809,3.025355135830325
5.10,2,bcr4bp_strict,1138,2.708275756179948,11.75933333333334,1.045625946998715,-0.06854792123205887,0.1726803857611897,-0.03564840242246236,-0.09807028336888329,-0.1622256145417884,74790.70857971984,3.025351253080151
5.10,2,bcr4bp_strict,1139,2.710655611853217,11.76966666666667,1.045540845352849,-0.06878084560633951,0.172293112581187,-0.0358698593511461,-0.09767582771334968,-0.1632339117473634,74680.54361823649,3.025347382654068
5.10,2,bcr4bp_strict,1140,2.713035467526486,11.78,1.04545521712466,-0.06901282745873638,0.1719034387748774,-0.03609093495662289,-0.09727819693337861,-0.1642430717338416,74569.62821511627,3.025343524584043
5.10,2,bcr4bp_strict,1141,2.715415323199755,11.79033333333334,1.045369063224894,-0.06924385920991485,0.1715113622759362,-0.03631162650629995,-0.09687737165746486,-0.1652531054686609,74457.96191186912,3.025339678901331
5.10,2,bcr4bp_strict,1142,2.717795178873024,11.80066666666667,1.045282384570808,-0.06947393323411365,0.171116880991818,-0.03653193125766641,-0.09647333224014591,-0.1662640240206179,74345.54424322335,3.025335845636466
5.10,2,bcr4bp_strict,1143,2.720175034546293,11.811,1.0451951820862,-0.06970304185848772,0.1707199928035125,-0.03675184645852314,-0.09606605875736995,-0.1672758385612372,74232.37473708186,3.025332024819254
5.10,2,bcr4bp_strict,1144,2.722554890219562,11.82133333333334,1.045107456701429,-0.06993117736243937,0.1703206955652998,-0.03697136934722121,-0.09565553100176673,-0.1682885603661515,74118.45291447772,3.025328216478765
5.10,2,bcr4bp_strict,1145,2.72493474589283,11.83166666666667,1.045019209353435,-0.07015833197693833,0.1699189871045002,-0.03719049715291009,-0.09524172847781709,-0.169302200816499,74003.77828952951,3.025324420643322
5.10,2,bcr4bp_strict,1146,2.727314601566099,11.842,1.044930440985765,-0.07038449788383033,0.1695148652212214,-0.03740922709579594,-0.09482463039691938,-0.170316771400334,73888.35036939588,3.025320637340505
5.10,2,bcr4bp_strict,1147,2.729694457239368,11.85233333333333,1.044841152548592,-0.07060966721513338,0.1691083276881029,-0.03762755638740937,-0.09440421567235147,-0.1713322837140502,73772.16865423002,3.025316866597129
5.10,2,bcr4bp_strict,1148,2.732074312912637,11.86266666666667,1.044751344998735,-0.0708338320523224,0.1686993722500557,-0.03784548223088442,-0.09398046291412336,-0.1723487494638218,73655.23263713339,3.025313108439248
5.10,2,bcr4bp_strict,1149,2.734454168585906,11.873,1.044661019299677,-0.071056984425601,0.168287996624,-0.0380630018212478,-0.09355335042372057,-0.1733661804670555,73537.54180410916,3.025309362892135
5.10,2,bcr4bp_strict,1150,2.736834024259175,11.88333333333333,1.044570176421588,-0.07127911631316124,0.1678741984985985,-0.03828011234571992,-0.09312285618873294,-0.1743845886538603,73419.09563401502,3.025305629980291
5.10,2,bcr4bp_strict,1151,2.739213879932444,11.89366666666667,1.044478817341341,-0.07150021964042966,0.1674579755339861,-0.0384968109840268,-0.09268895787736868,-0.1754039860685291,73299.89359851564,3.025301909727419
5.10,2,bcr4bp_strict,1152,2.741593735605712,11.904,1.044386943042528,-0.07172028627930085,0.1670393253614971,-0.0387130949087246,-0.09225163283284865,-0.1764243848710368,73179.93516203488,3.025298202156427
5.10,2,bcr4bp_strict,1153,2.743973591278981,11.91433333333334,1.044294554515479,-0.07193930804735728,0.1666182455833872,-0.03892896128553631,-0.09181085806767893,-0.177445797338553,73059.21978170694,3.025294507289417
5.10,2,bcr4bp_strict,1154,2.74635344695225,11.92466666666667,1.044201652757277,-0.07215727670707495,0.1661947337725536,-0.03914440727370091,-0.09136661025779945,-0.1784682358669678,72937.74690732786,3.025290825147677
5.10,2,bcr4bp_strict,1155,2.748733302625519,11.935,1.044108238771772,-0.0723741839650158,0.16576878747225,-0.0393594300263364,-0.09091886573660354,-0.1794917129724347,72815.51598130594,3.025287155751671
5.10,2,bcr4bp_strict,1156,2.751113158298788,11.94533333333333,1.044014313569596,-0.0725900214710048,0.1653404041957991,-0.03957402669081575,-0.09046760048882795,-0.1805162412929253,72692.52643861201,3.02528349912103
5.10,2,bcr4bp_strict,1157,2.753493013972057,11.95566666666667,1.043919878168179,-0.07280478081729318,0.1649095814263002,-0.03978819440915774,-0.09001279014430705,-0.1815418335898024,72568.77770672925,3.025279855274546
5.10,2,bcr4bp_strict,1158,2.755872869645326,11.966,1.043824933591756,-0.07301845353770596,0.1644763166163344,-0.0400019303184317,-0.08955440997159091,-0.1825685027494038,72444.26920560256,3.025276224230161
5.10,2,bcr4bp_strict,1159,2.758252725318594,11.97633333333333,1.043729480871382,-0.07323103110677452,0.1640406071876647,-0.04021523155117789,-0.08909243487142142,-0.1835962617846438,72319.0003475874,3.025272606004958
5.10,2,bcr4bp_strict,1160,2.760632580991863,11.98666666666667,1.043633521044939,-0.07344250493885345,0.1636024505309327,-0.04042809523584322,-0.08862683937006406,-0.1846251238366282,72192.97053739836,3.025269000615155
5.10,2,bcr4bp_strict,1161,2.763012436665132,11.997,1.04353705515715,-0.07365286638722106,0.1631618440053526,-0.0406405184972331,-0.08815759761249199,-0.1856551021762832,72066.17917205719,3.025265408076089
5.10,2,bcr4bp_strict,1162,2.765392292338401,12.00733333333334,1.043440084259583,-0.07386210674316399,0.1627187849383988,-0.0408524984569802,-0.08768468335541731,-0.1866862102060005,71938.62564084052,3.025261828402213
5.10,2,bcr4bp_strict,1163,2.767772148011669,12.01766666666667,1.04334260941066,-0.07407021723504438,0.1622732706254925,-0.04106403223403002,-0.08720806996016767,-0.1877184614612946,71810.30932522721,3.025258261607084
5.10,2,bcr4bp_strict,1164,2.770152003684939,12.028,1.043244631675661,-0.07427718902735073,0.161825298329682,-0.04127511694514489,-0.08672773038540205,-0.1887518696124769,71681.22959884508,3.025254707703352
5.10,2,bcr4bp_strict,1165,2.772531859358208,12.03833333333334,1.043146152126732,-0.07448301321973033,0.1613748652813203,-0.04148574970542576,-0.08624363717966366,-0.1897864484663412,71551.38582741756,3.025251166702754
5.10,2,bcr4bp_strict,1166,2.774911715031476,12.04866666666667,1.043047171842884,-0.07468768084600448,0.1609219686777379,-0.04169592762885355,-0.08575576247376444,-0.1908222119678658,71420.77736870971,3.025247638616096
5.10,2,bcr4bp_strict,1167,2.777291570704745,12.059,1.042947691909998,-0.07489118287316517,0.1604666056829123,-0.0419056478288501,-0.085264077972997,-0.1918591742019284,71289.40357247392,3.025244123453254
5.10,2,bcr4bp_strict,1168,2.779671426378014,12.06933333333333,1.042847713420824,-0.07509351020035267,0.160008773427133,-0.04211490741885916,-0.08476855494917077,-0.1928973493950338,71157.26378039554,3.025240621223154
5.10,2,bcr4bp_strict,1169,2.782051282051283,12.07966666666667,1.042747237474982,-0.07529465365781461,0.1595484690066617,-0.04232370351294905,-0.08426916423246561,-0.1939367519170575,71024.3573260376,3.025237131933766
5.10,2,bcr4bp_strict,1170,2.784431137724551,12.09,1.042646265178959,-0.07549460400584476,0.1590856894833902,-0.0425320332264365,-0.08376587620310079,-0.1949773962829992,70890.68353478576,3.025233655592091
5.10,2,bcr4bp_strict,1171,2.78681099339782,12.10033333333334,1.042544797646103,-0.07569335193370234,0.1586204318844916,-0.04273989367653359,-0.08325866078281179,-0.1960192971547535,70756.24172379253,3.025230192204154
5.10,2,bcr4bp_strict,1172,2.789190849071089,12.11066666666667,1.042442835996622,-0.07589088805851041,0.1581526932020697,-0.04294728198301746,-0.08274748742613255,-0.1970624693428891,70621.03120192136,3.025226741774989
5.10,2,bcr4bp_strict,1173,2.791570704744358,12.121,1.042340381357572,-0.07608720292413339,0.1576824703928027,-0.04315419526892457,-0.08223232511147606,-0.1981069278084439,70485.05126969052,3.025223304308625
5.10,2,bcr4bp_strict,1174,2.793950560417627,12.13133333333334,1.042237434862855,-0.07628228700003341,0.1572097603775822,-0.04336063066126979,-0.08171314233200851,-0.1991526876647308,70348.3012192163,3.025219879808085
5.10,2,bcr4bp_strict,1175,2.796330416090896,12.14166666666667,1.042133997653202,-0.07647613068010405,0.1567345600411501,-0.04356658529179094,-0.08118990708631293,-0.2001997641791544,70210.7803341565,3.025216468275364
5.10,2,bcr4bp_strict,1176,2.798710271764165,12.152,1.042030070876165,-0.0766687242814823,0.1562568662317282,-0.04377205629772069,-0.08066258686883405,-0.2012481727750418,70072.48788965307,3.025213069711419
5.10,2,bcr4bp_strict,1177,2.801090127437433,12.16233333333333,1.041925655686099,-0.07686005804333695,0.1557766757606462,-0.0439770408225852,-0.08013114866010179,-0.2022979290334809,69933.42315227505,3.025209684116162
5.10,2,bcr4bp_strict,1178,2.803469983110702,12.17266666666667,1.041820753244153,-0.07705012212563392,0.155293985401963,-0.04418153601703222,-0.07959555891672404,-0.203349048695173,69793.58537996082,3.025206311488442
5.10,2,bcr4bp_strict,1179,2.805849838783971,12.183,1.041715364718244,-0.07723890660787701,0.1548087918920857,-0.04438553903968794,-0.07905578356114608,-0.204401547662292,69652.97382196058,3.025202951826033
5.10,2,bcr4bp_strict,1180,2.80822969445724,12.19333333333334,1.041609491283044,-0.07742640148782443,0.1543210919293822,-0.04458904705804485,-0.07851178797116749,-0.2054554420003551,69511.58771877822,3.025199605125627
5.10,2,bcr4bp_strict,1181,2.810609550130509,12.20366666666667,1.04150313411995,-0.07761259668017988,0.1538308821737904,-0.04479205724938127,-0.07796353696921117,-0.2065107479401031,69369.42630211322,3.025196271382814
5.10,2,bcr4bp_strict,1182,2.812989405803778,12.214,1.041396294417069,-0.07779748201525767,0.1533381592464232,-0.04499456680171316,-0.07741099481133878,-0.2075674818793864,69226.48879480272,3.025192950592069
5.10,2,bcr4bp_strict,1183,2.815369261477047,12.22433333333334,1.041288973369183,-0.07798104723762182,0.1528429197291682,-0.04519657291478036,-0.07685412517600326,-0.2086256603850618,69082.77441076265,3.025189642746744
5.10,2,bcr4bp_strict,1184,2.817749117150315,12.23466666666667,1.041181172177724,-0.0781632820046974,0.1523451601642831,-0.04539807280106733,-0.07629289115253422,-0.2096853001948932,68938.28235492966,3.025186347839051
5.10,2,bcr4bp_strict,1185,2.820128972823584,12.245,1.041072892050743,-0.0783441758853549,0.1518448770539871,-0.04559906368686063,-0.07572725522934598,-0.2107464182194619,68793.01182320241,3.025183065860045
5.10,2,bcr4bp_strict,1186,2.822508828496853,12.25533333333334,1.040964134202874,-0.07852371835846556,0.1513420668600469,-0.04579954281334352,-0.07515717928186338,-0.211809031544079,68646.96200238311,3.025179796799613
5.10,2,bcr4bp_strict,1187,2.824888684170122,12.26566666666667,1.040854899855296,-0.078701898811428,0.1508367260033592,-0.04599950743772969,-0.07458262456015548,-0.2128731574307043,68500.13207011885,3.025176540646461
5.10,2,bcr4bp_strict,1188,2.827268539843391,12.276,1.040745190235697,-0.07887870653866501,0.1503288508635271,-0.0461989548344372,-0.07400355167626983,-0.2139388133198692,68352.52119484289,3.025173297388093
5.10,2,bcr4bp_strict,1189,2.82964839551666,12.28633333333334,1.040635006578229,-0.0790541307400896,0.1498184377784338,-0.04639788229630368,-0.07341992059126015,-0.2150060168326,68204.12853571642,3.025170067010803
5.10,2,bcr4bp_strict,1190,2.832028251189929,12.29666666666667,1.040524350123465,-0.07922816051954018,0.1493054830438099,-0.04659628713584525,-0.07283169060189626,-0.2160747857723455,68054.95324256974,3.025166849499653
5.10,2,bcr4bp_strict,1191,2.834408106863197,12.307,1.040413222118347,-0.07940078488318333,0.1487899829127978,-0.04679416668655938,-0.07223882032705072,-0.2171451381269025,67904.99445584428,3.025163644838463
5.10,2,bcr4bp_strict,1192,2.836787962536466,12.31733333333334,1.040301623816138,-0.07957199273788422,0.14827193359551,-0.04699151830427457,-0.07164126769374973,-0.218217092070343,67754.25130653403,3.025160453009788
5.10,2,bcr4bp_strict,1193,2.839167818209735,12.32766666666667,1.040189556476364,-0.07974177288954289,0.1477513312585838,-0.04718833936854728,-0.071038989922882,-0.2192906659649369,67602.72291612785,3.025157273994907
5.10,2,bcr4bp_strict,1194,2.841547673883004,12.338,1.04007702136476,-0.07991011404139656,0.1472281720247313,-0.04738462728410887,-0.07043194351455351,-0.2203658783630729,67450.40839655156,3.025154107773806
5.10,2,bcr4bp_strict,1195,2.843927529556273,12.34833333333334,1.039964019753206,-0.08007700479228651,0.1467024519722842,-0.04758037948236366,-0.06982008423307898,-0.2214427480091751,67297.30685011034,3.025150954325158
5.10,2,bcr4bp_strict,1196,2.846307385229542,12.35866666666667,1.039850552919658,-0.08024243363488867,0.1461741671347349,-0.04777559342293994,-0.06920336709160109,-0.2225212938416105,67143.4173694317,3.025147813626305
5.10,2,bcr4bp_strict,1197,2.848687240902811,12.369,1.039736622148087,-0.08040638895390735,0.1456433135002725,-0.04797026659529644,-0.0685817463363239,-0.2236015349945921,66988.73903740851,3.025144685653244
5.10,2,bcr4bp_strict,1198,2.851067096576079,12.37933333333334,1.039622228728399,-0.08056885902423078,0.1451098870113147,-0.04816439652038527,-0.06795517543035276,-0.2246834908000688,66833.27092714272,3.025141570380604
5.10,2,bcr4bp_strict,1199,2.853446952249348,12.38966666666667,1.039507373956361,-0.08072983200904796,0.1445738835640345,-0.04835798075237443,-0.06732360703712628,-0.2257671807896068,66677.01210188928,3.025138467781632
5.10,2,bcr4bp_strict,1200,2.855826807922617,12.4,1.03939205913352,-0.08088929595792525,0.1440352990078835,-0.04855101688043105,-0.06668699300343159,-0.2268526246962544,66519.96161500091,3.025135377828169
5.10,2,cr3bp_seed,0,0,0,1.011112321021347,0.05086484602689147,0.1190812674584142,0.08194130986635817,-0.06803011142109669,0.2916132843330349,50572.70131678347,3.028773077129933
5.10,2,cr3bp_seed,1,0.005502556469985774,0.02389210019267823,1.011560621917422,0.05048405588907171,0.1206746951228715,0.08100009912645356,-0.07036346590496162,0.2875549943155102,51102.4247248169,3.028773077129932
5.10,2,cr3bp_seed,2,0.01100511293997155,0.04778420038535645,1.012003721668908,0.05009060924831561,0.1222459422068723,0.08005093228722325,-0.07263078465725907,0.2835509883768709,51625.03460576917,3.028773077129933
5.10,2,cr3bp_seed,3,0.01650766940995732,0.07167630057803467,1.012441577614539,0.04968486225888379,0.1237953012883893,0.07909421167352666,-0.07483465934078042,0.2795990607072877,52140.621121569,3.028773077129932
5.10,2,cr3bp_seed,4,0.0220102258799431,0.09556840077071291,1.012874149244324,0.04926715728507791,0.1253230531272501,0.07813031718805384,-0.07697751287383692,0.2756971203191388,52649.27101100232,3.028773077129933
5.10,2,cr3bp_seed,5,0.02751278234992887,0.1194605009633911,1.013301398081089,0.04883782379175775,0.1268294672762582,0.07715960806748792,-0.07906161301723291,0.2718431836226964,53151.06775465078,3.028773077129933
5.10,2,cr3bp_seed,6,0.03301533881991464,0.1433526011560693,1.013723287571201,0.04839717916371793,0.1283148026530282,0.07618242447265104,-0.08108908466952805,0.2680353675637316,53646.09172981197,3.028773077129933
5.10,2,cr3bp_seed,7,0.03851789528990042,0.1672447013487476,1.014139782983637,0.04794552946063631,0.1297793080754976,0.07519908893091964,-0.0830619210114206,0.2642718832750435,54134.42035609966,3.028773077129932
5.10,2,cr3bp_seed,8,0.04402045175988619,0.1911368015414258,1.014550851316617,0.04748317011357886,0.1312232227638163,0.07420990764690934,-0.08498199362282481,0.2605510301983773,54616.12823236901,3.028773077129933
5.10,2,cr3bp_seed,9,0.04952300822987196,0.215028901734104,1.014956461211124,0.0470103865684093,0.132646776811097,0.07321517169546542,-0.08685106168129669,0.2568711906372104,55091.28726556373,3.028773077129933
5.10,2,cr3bp_seed,10,0.05502556469985774,0.2389210019267823,1.015356582870682,0.04652745488088886,0.1340501916252923,0.07221515810929509,-0.08867078033753842,0.2532308247045243,55559.96679203601,3.028773077129932
5.10,2,cr3bp_seed,11,0.06052812116984351,0.2628131021194605,1.01575118798687,0.04603464226775757,0.1354336803442838,0.07121013087211106,-0.09044270835248788,0.2496284656329572,56022.2336918497,3.028773077129933
5.10,2,cr3bp_seed,12,0.06603067763982928,0.2867052023121387,1.016140249670051,0.04553220761764998,0.1367974482260935,0.07020034182688023,-0.09216831507073514,0.2460627154176987,56478.15249653767,3.028773077129932
5.10,2,cr3bp_seed,13,0.07153323410981506,0.310597302504817,1.016523742384889,0.04502040196531184,0.1381416930159729,0.06918603150766478,-0.09384898679649073,0.2425322407651631,56927.78549075013,3.028773077129933
5.10,2,cr3bp_seed,14,0.07703579057980084,0.3344894026974952,1.016901641890249,0.04449946893223981,0.1394666052919838,0.06816742990257749,-0.09548603263089146,0.2390357693228929,57371.19280819741,3.028773077129933
5.10,2,cr3bp_seed,15,0.0825383470497866,0.3583815028901734,1.017273925183125,0.04396964513656201,0.1407723687905563,0.067144757154531,-0.09708068982291398,0.235572086168332,57808.43252226082,3.028773077129932
5.10,2,cr3bp_seed,16,0.08804090351977238,0.3822736030828516,1.017640570446263,0.04343116057470511,0.1420591607133906,0.06611822420572273,-0.09863412868045328,0.2321400305360823,58239.56073161834,3.028773077129932
5.10,2,cr3bp_seed,17,0.09354345998975816,0.4061657032755299,1.018001556999188,0.04288423897715166,0.1433271520169637,0.06508803339115195,-0.1001474570831014,0.2287384927650417,58664.63164120557,3.028773077129932
5.10,2,cr3bp_seed,18,0.09904601645974392,0.4300578034682081,1.018356865252367,0.04232909814037554,0.1445765076858038,0.06405437898589693,-0.1016217246337413,0.2253664114484385,59083.69763880996,3.028773077129933
5.10,2,cr3bp_seed,19,0.1045485729297297,0.4539499036608863,1.018706476664272,0.04176595023684959,0.1458073869906039,0.06301744771038044,-0.1030579264821716,0.2220227707712453,59496.80936757378,3.028773077129933
5.10,2,cr3bp_seed,20,0.1100511293997155,0.4778420038535646,1.019050373701107,0.04119500210484711,0.1470199437321676,0.06197741919741187,-0.104457006850534,0.2187065980207728,59904.01579466254,3.028773077129932
5.10,2,cr3bp_seed,21,0.1155536858697012,0.5017341040462427,1.019388539799015,0.04061645551960277,0.1482143264721036,0.06093446642440394,-0.1058198622872663,0.2154169612574567,60305.36427633653,3.028773077129933
5.10,2,cr3bp_seed,22,0.121056242339687,0.525626204238921,1.019720959328569,0.04003050744725986,0.1493906787511156,0.05988875611381873,-0.1071473446736029,0.2121529671339333,60700.90061964674,3.028773077129932
5.10,2,cr3bp_seed,23,0.1265587988096728,0.5495183044315992,1.020047617561393,0.0394373502829048,0.1505491392956761,0.05884044910459103,-0.1084402640042463,0.2089137588514959,61090.6691409607,3.028773077129932
5.10,2,cr3bp_seed,24,0.1320613552796586,0.5734104046242774,1.020368500638745,0.03883717207387696,0.1516898422138084,0.05778970069700729,-0.1096993909616999,0.2056985142439202,61474.71272150934,3.028773077129933
5.10,2,cr3bp_seed,25,0.1375639117496444,0.5973025048169558,1.020683595541933,0.03823015672944013,0.1528129171806552,0.05673666097327593,-0.1109254593018534,0.2025064439794689,61853.07286013319,3.028773077129932
5.10,2,cr3bp_seed,26,0.1430664682196301,0.621194605009634,1.020992890064433,0.03761648421780957,0.1539184896144589,0.05568147509581114,-0.1121191680667195,0.1993367898726275,62225.78972339345,3.028773077129933
5.10,2,cr3bp_seed,27,0.1485690246896159,0.6450867052023121,1.021296372785591,0.03699633075144563,0.1550066808435359,0.05462428358505975,-0.1132811836387068,0.1961888232978034,62592.90219320262,3.028773077129933
5.10,2,cr3bp_seed,28,0.1540715811596017,0.6689788053949904,1.021594033045802,0.03636986896144945,0.1560776082647864,0.05356522257852981,-0.114412141649462,0.1930618436978376,62954.4479121188,3.028773077129933
5.10,2,cr3bp_seed,29,0.1595741376295874,0.6928709055876686,1.021885860923065,0.03573726806182789,0.1571313854942426,0.05250442407252671,-0.115512648755103,0.1899551771807444,63310.46332643777,3.028773077129932
5.10,2,cr3bp_seed,30,0.1650766940995732,0.7167630057803468,1.022171847210823,0.03509869400433285,0.1581681225101245,0.05144201614796437,-0.1165832842885781,0.186868175198605,63660.98372720891,3.028773077129933
5.10,2,cr3bp_seed,31,0.170579250569559,0.7406551059730251,1.022451983397005,0.03445430962452393,0.1591879257888389,0.05037812318149653,-0.1176246017989122,0.1838002133030155,64006.04328929153,3.028773077129933
5.10,2,cr3bp_seed,32,0.1760818070395448,0.7645472061657033,1.022726261644197,0.03380427477965194,0.1601908984343289,0.04931286604310259,-0.1186371304862219,0.1807506899719175,64345.67510856171,3.028773077129932
5.10,2,cr3bp_seed,33,0.1815843635095305,0.7884393063583814,1.022994674770857,0.03314874647891408,0.1611771403011538,0.04824636228116175,-0.1196213765405942,0.1777190255030323,64679.91123737172,3.028773077129932
5.10,2,cr3bp_seed,34,0.1870869199795163,0.8123314065510598,1.023257216233519,0.03248787900658955,0.1621467481116524,0.04717872629596086,-0.1205778243922115,0.1747046609694811,65008.78271835799,3.028773077129932
5.10,2,cr3bp_seed,35,0.1925894764495021,0.836223506743738,1.023513880109929,0.03182182403852455,0.1630998155675216,0.04611006950249906,-0.1215069378794631,0.1717070572335039,65332.31961668743,3.028773077129933
5.10,2,cr3bp_seed,36,0.1980920329194878,0.8601156069364162,1.023764661083038,0.03115073075240134,0.1640364334561191,0.04504050048338001,-0.1224091613412042,0.1687256940144886,65650.55105082598,3.028773077129933
5.10,2,cr3bp_seed,37,0.2035945893894736,0.8840077071290945,1.024009554425816,0.03047474593219253,0.164956689751779,0.04397012513251591,-0.1232849206387996,0.1657600690078067,65963.50522190807,3.028773077129933
5.10,2,cr3bp_seed,38,0.2090971458594594,0.9078998073217727,1.024248555986838,0.02979401406717294,0.1658606697124111,0.04289904679030829,-0.1241346241131125,0.1628096970511981,66271.20944178134,3.028773077129932
5.10,2,cr3bp_seed,39,0.2145997023294452,0.9317919075144508,1.02448166217658,0.02910867744583352,0.1667484559716367,0.04182736637091469,-0.1249586634811707,0.1598741093356897,66573.69015979495,3.028773077129932
5.10,2,cr3bp_seed,40,0.220102258799431,0.9556840077071291,1.024708869954409,0.0284188762450172,0.1676201286266992,0.04075518248216346,-0.1257574146768508,0.1569528526582426,66870.97298839745,3.028773077129932
5.10,2,cr3bp_seed,41,0.2256048152694167,0.9795761078998073,1.024930176816199,0.02772474861457378,0.1684757653223706,0.03968259153863164,-0.1265312386395666,0.1540454887135242,67163.08272760466,3.028773077129932
5.10,2,cr3bp_seed,42,0.2311073717394025,1.003468208092485,1.025145580782565,0.02702643075780946,0.169315441331063,0.03860968786836218,-0.1272804820546254,0.1511515934223817,67450.04338839492,3.028773077129933
5.10,2,cr3bp_seed,43,0.2366099282093883,1.027360308285164,1.025355080387657,0.02632405700798776,0.1701392296293411,0.03753656381365861,-0.1280054780486227,0.1482707562947647,67731.87821508599,3.028773077129932
5.10,2,cr3bp_seed,44,0.242112484679374,1.051252408477842,1.025558674668502,0.02561775990112054,0.1709472009710183,0.03646330982636177,-0.1287065468429778,0.145402579824997,68008.60970674377,3.028773077129933
5.10,2,cr3bp_seed,45,0.2476150411493598,1.07514450867052,1.025756363154849,0.02490767024527143,0.1717394239570113,0.03539001455798252,-0.1293839963684698,0.1425466789174426,68280.25963767091,3.028773077129932
5.10,2,cr3bp_seed,46,0.2531175976193456,1.099036608863198,1.0259481458595,0.02419391718657898,0.1725159651021117,0.03431676494503611,-0.1300381228434099,0.1397026803407421,68546.84907702012,3.028773077129932
5.10,2,cr3bp_seed,47,0.2586201540893314,1.122928709055877,1.0261340232691,0.02347662827219272,0.1732768888988311,0.03324364628989861,-0.1306692113178843,0.1368702222089204,68808.398407574,3.028773077129933
5.10,2,cr3bp_seed,48,0.2641227105593171,1.146820809248555,1.026313996335352,0.02275592951030281,0.17402225787846,0.03217074233748116,-0.1312775361863132,0.134048953487775,69064.92734373194,3.028773077129933
5.10,2,cr3bp_seed,49,0.2696252670293029,1.170712909441233,1.026488066466658,0.0220319454274315,0.1747521326694772,0.03109813534799788,-0.131863361670405,0.1312385335250647,69316.45494874085,3.028773077129932
5.10,2,cr3bp_seed,50,0.2751278234992887,1.194605009633912,1.026656235520131,0.02130479912314424,0.1754665720534362,0.03002590616608219,-0.1324269422744244,0.1284386316031087,69562.99965120557,3.028773077129933
5.10,2,cr3bp_seed,51,0.2806303799692745,1.21849710982659,1.026818505793997,0.02057461232232771,0.1761656330184485,0.02895413428648921,-0.1329685232145556,0.125648926512503,69804.57926091201,3.028773077129933
5.10,2,cr3bp_seed,52,0.2861329364392602,1.242389210019268,1.026974880020332,0.01984150542517262,0.1768493708103768,0.02788289791660433,-0.1334883408240044,0.1228691061457366,70041.21098399468,3.028773077129933
5.10,2,cr3bp_seed,53,0.291635492909246,1.266281310211946,1.027125361358153,0.01910559755499074,0.1775178389818432,0.02681227403596372,-0.1339866229353683,0.1200988671095738,70272.91143747805,3.028773077129932
5.10,2,cr3bp_seed,54,0.2971380493792318,1.290173410404624,1.02726995338681,0.01836700660398717,0.1781710894391551,0.02574233845297832,-0.1344635892416886,0.1173379143551359,70499.69666322003,3.028773077129933
5.10,2,cr3bp_seed,55,0.3026406058492175,1.314065510597302,1.027408660099696,0.01762584927710149,0.1788091724872404,0.02467316585903922,-0.1349194516374998,0.1145859608246833,70721.58214128367,3.028773077129932
5.10,2,cr3bp_seed,56,0.3081431623192034,1.337957610789981,1.027541485898245,0.01688224113402447,0.1794321368726849,0.02360482988017159,-0.1353544145410948,0.1118427271141623,70938.58280276263,3.028773077129933
5.10,2,cr3bp_seed,57,0.3136457187891891,1.361849710982659,1.027668435586203,0.01613629662949066,0.1800400298249519,0.02253740312639285,-0.1357686751991412,0.1091079411506355,71150.71304208318,3.028773077129933
5.10,2,cr3bp_seed,58,0.3191482752591749,1.385741811175337,1.027789514364171,0.01538812915194074,0.1806328970958677,0.02147095723892012,-0.1361624239747012,0.1063813378837696,71357.98672880614,3.028773077129932
5.10,2,cr3bp_seed,59,0.3246508317291606,1.409633911368015,1.0279047278244,0.01463785106064266,0.1812107829974454,0.02040556293536444,-0.1365358446196363,0.1036626589906046,71560.4172189487,3.028773077129933
5.10,2,cr3bp_seed,60,0.3301533881991464,1.433526011560694,1.028014081945824,0.01388557372135452,0.1817737304381195,0.01934129005303833,-0.136889114532309,0.1009516525928726,71758.01736584706,3.028773077129932
5.10,2,cr3bp_seed,61,0.3356559446691322,1.457418111753372,1.028117583089338,0.01313140754060802,0.1823217809574576,0.01827820759049768,-0.1372224050014307,0.09824807298617894,71950.79953057798,3.028773077129933
5.10,2,cr3bp_seed,62,0.341158501139118,1.48131021194605,1.028215237993286,0.01237546199868639,0.1828549747594135,0.0172163837474298,-0.1375358814368477,0.09555168038039816,72138.77559195766,3.028773077129933
5.10,2,cr3bp_seed,63,0.3466610576091038,1.505202312138728,1.028307053769178,0.01161784568136663,0.1833733507441806,0.01615588596299412,-0.1378297035880029,0.09286224065067428,72321.95695613434,3.028773077129932
5.10,2,cr3bp_seed,64,0.3521636140790895,1.529094412331407,1.028393037897603,0.01085866631049201,0.1838769465387041,0.01509678095271462,-0.1381040257507611,0.09017952509844938,72500.35456579119,3.028773077129932
5.10,2,cr3bp_seed,65,0.3576661705490753,1.552986512524085,1.028473198224345,0.01009803077343694,0.184365798525903,0.01403913474401852,-0.1383589969632389,0.08750331022197834,72673.9789089738,3.028773077129932
5.10,2,cr3bp_seed,66,0.3631687270190611,1.576878612716763,1.028547542956698,0.009336045151523304,0.184839941872656,0.01298301271050914,-0.1385947611912388,0.08483337749581581,72842.84002755737,3.028773077129932
5.10,2,cr3bp_seed,67,0.3686712834890469,1.600770712909442,1.02861608065995,0.008572814747443551,0.1852994105565963,0.01192847960505745,-0.1388114575038465,0.08216951315879151,73006.94752536631,3.028773077129932
5.10,2,cr3bp_seed,68,0.3741738399590326,1.62466281310212,1.028678820254066,0.007808444111743616,0.1857442373917623,0.01087559959179035,-0.1390092202397115,0.07951150801001547,73166.31057596006,3.028773077129933
5.10,2,cr3bp_seed,69,0.3796763964290184,1.648554913294798,1.028735771010524,0.007043037068415166,0.1861744540531477,0.00982443627705179,-0.1391881791645012,0.07685915721247942,73320.93793009614,3.028773077129933
5.10,2,cr3bp_seed,70,0.3851789528990042,1.672447013487476,1.028786942549338,0.006276696739644877,0.1865900911001897,0.008775052739406873,-0.1393484596199819,0.074212260103844,73470.83792288268,3.028773077129933
5.10,2,cr3bp_seed,71,0.3906815093689899,1.696339113680154,1.028832344836229,0.0055095255697653,0.1869911779992354,0.007727511558756743,-0.1394901826651527,0.07157062001402245,73616.0184806309,3.028773077129932
5.10,2,cr3bp_seed,72,0.3961840658389757,1.720231213872832,1.028871988179959,0.004741625348450145,0.1873777431450228,0.006681874844628564,-0.1396134652098307,0.06893404408919196,73756.48712741777,3.028773077129932
5.10,2,cr3bp_seed,73,0.4016866223089615,1.744123314065511,1.028905883229823,0.003973097233194384,0.1877498138812095,0.005638204263701272,-0.1397184201410583,0.06630234312188217,73892.25099136893,3.028773077129932
5.10,2,cr3bp_seed,74,0.4071891787789473,1.768015414258189,1.028934040973282,0.003204041771117788,0.1881074165199825,0.004596561066626005,-0.1398051564426805,0.06367533138680852,74023.31681067034,3.028773077129933
5.10,2,cr3bp_seed,75,0.412691735248933,1.791907514450867,1.028956472733747,0.002434558920128423,0.1884505763607806,0.003557006114195912,-0.1398737793084174,0.06105282648213313,74149.69093931795,3.028773077129933
5.10,2,cr3bp_seed,76,0.4181942917189188,1.815799614643545,1.028973190168507,0.001664748069481276,0.1887793177081564,0.002519599902919923,-0.1399243902487338,0.05843464917585348,74271.37935261312,3.028773077129933
5.10,2,cr3bp_seed,77,0.4236968481889046,1.839691714836224,1.028984205266791,0.00089470805976514,0.1890936638888072,0.001484402590050229,-0.1399570871917926,0.0558206232570307,74388.38765241175,3.028773077129932
5.10,2,cr3bp_seed,78,0.4291994046588903,1.863583815028902,1.028989530347969,0.0001245372023497297,0.1893936372678001,0.0004514740181135717,-0.1399719645787524,0.05321057539158519,74500.72107213426,3.028773077129933
5.10,2,cr3bp_seed,79,0.4347019611288762,1.88747591522158,1.028989178059887,-0.000645666701676651,0.1896792592640145,-0.0005791262610070096,-0.1399691134536618,0.05060433498239777,74608.38448154317,3.028773077129933
5.10,2,cr3bp_seed,80,0.4402045175988619,1.911368015414258,1.028983161377335,-0.00141580634304969,0.1899505503648278,-0.001607338962394019,-0.1399486215481769,0.04800173403346746,74711.38239129492,3.028773077129932
5.10,2,cr3bp_seed,81,0.4457070740688477,1.935260115606936,1.02897149360064,-0.002185784886324143,0.1902075301400624,-0.002633105044777357,-0.139910573361321,0.04540260701788706,74809.71895727194,3.028773077129933
5.10,2,cr3bp_seed,82,0.4512096305388335,1.959152215799615,1.028954188354388,-0.002955505952294566,0.1904502172552176,-0.003656365687533109,-0.1398550502344845,0.04280679074940847,74903.39798470042,3.028773077129933
5.10,2,cr3bp_seed,83,0.4567121870088192,1.983044315992293,1.028931259586275,-0.003724873600816066,0.1906786294840036,-0.004677062267958138,-0.1397821304218547,0.04021412425737844,74992.42293205939,3.028773077129933
5.10,2,cr3bp_seed,84,0.462214743478805,2.006936416184971,1.02890272156608,-0.004493792314000463,0.1908927837201958,-0.005695136338780145,-0.1396918891564471,0.03762444866483462,75076.79691478597,3.028773077129933
5.10,2,cr3bp_seed,85,0.4677172999487909,2.03082851637765,1.028868588884757,-0.005262166979764047,0.1910926959888273,-0.006710529605863905,-0.1395843987119019,0.03503760706955981,75156.52270878131,3.028773077129932
5.10,2,cr3bp_seed,86,0.4732198564187766,2.054720616570328,1.02882887645366,-0.006029902875704041,0.1912783814567338,-0.00772318390607516,-0.1394597284601951,0.03245344442790005,75231.60275372202,3.028773077129933
5.10,2,cr3bp_seed,87,0.4787224128887623,2.078612716763006,1.028783599503876,-0.006796905653281772,0.1914498544424672,-0.00873304118526496,-0.1393179449254026,0.02987180744115831,75302.03915618044,3.028773077129932
5.10,2,cr3bp_seed,88,0.4842249693587481,2.102504816955684,1.028732773585689,-0.007563081322291047,0.1916071284255896,-0.009740043476336896,-0.1391591118336473,0.02729254444438373,75367.83369255795,3.028773077129933
5.10,2,cr3bp_seed,89,0.4897275258287339,2.126396917148362,1.028676414568162,-0.008328336235591191,0.1917502160553631,-0.01074413287736104,-0.1389832901593461,0.02471550529738031,75428.98781183487,3.028773077129933
5.10,2,cr3bp_seed,90,0.4952300822987196,2.15028901734104,1.028614538638837,-0.009092577074084588,0.1918791291588441,-0.01174525152969881,-0.1387905381678666,0.02214054127776607,75485.50263813967,3.028773077129933
5.10,2,cr3bp_seed,91,0.5007326387687054,2.174181117533719,1.028547162303557,-0.009855710831919346,0.1919938787483951,-0.01274334159610283,-0.1385809114546928,0.01956750497591749,75537.37897314066,3.028773077129933
5.10,2,cr3bp_seed,92,0.5062351952386912,2.198073217726397,1.028474302386411,-0.01061764480189802,0.1920944750286235,-0.01373834523875633,-0.1383544629811912,0.01699625019163989,75584.61729826278,3.028773077129932
5.10,2,cr3bp_seed,93,0.511737751708677,2.221965317919075,1.028395976029794,-0.01137828656107404,0.1921809274027556,-0.01473020459721729,-0.1381112431070592,0.01442663183240699,75627.21777673188,3.028773077129933
5.10,2,cr3bp_seed,94,0.5172403081786627,2.245857418111753,1.028312200694595,-0.0121375439565177,0.192253244478455,-0.01571886176623151,-0.1378512996195302,0.01185850581301854,75665.18025544856,3.028773077129933
5.10,2,cr3bp_seed,95,0.5227428646486485,2.269749518304431,1.028222994160505,-0.01289532509123407,0.1923114340730926,-0.01670425877337985,-0.1375746777594021,0.009291728956526392,75698.5042666934,3.028773077129932
5.10,2,cr3bp_seed,96,0.5282454211186343,2.29364161849711,1.028128374526447,-0.01365153831021554,0.1923555032184738,-0.01768633755652418,-0.1372814202439483,0.006726158896283814,75727.18902966533,3.028773077129933
5.10,2,cr3bp_seed,97,0.53374797758862,2.317533718689788,1.028028360211134,-0.01440609218661201,0.1923854581650304,-0.01866503994101645,-0.1369715672867611,0.004161653978974659,75751.23345185429,3.028773077129932
5.10,2,cr3bp_seed,98,0.5392505340586058,2.341425818882466,1.02792296995375,-0.01515889550800184,0.1924013043854809,-0.01964030761663461,-0.1366451566145739,0.001598073168481775,75770.6361302498,3.028773077129932
5.10,2,cr3bp_seed,99,0.5447530905285917,2.365317919075145,1.027812222814762,-0.01590985726274726,0.1924030465779637,-0.02061208211420989,-0.1363022234810969,-0.0009647240495446576,75785.39535238591,3.028773077129932
5.10,2,cr3bp_seed,100,0.5502556469985774,2.389210019267823,1.027696138176858,-0.01665888662641765,0.192390688668647,-0.0215803047819079,-0.1359428006778986,-0.003526877762555739,75795.50909722324,3.028773077129933
5.10,2,cr3bp_seed,101,0.5557582034685632,2.413102119460501,1.027574735746017,-0.01740589294826473,0.1923642338138177,-0.02254491676112655,-0.1355669185423543,-0.00608852772554618,75800.97503586904,3.028773077129932
5.10,2,cr3bp_seed,102,0.561260759938549,2.43699421965318,1.027448035552718,-0.01815078573773337,0.1923236844014519,-0.02350585896197247,-0.13517460496268,-0.008649813455204915,75801.79053213476,3.028773077129932
5.10,2,cr3bp_seed,103,0.5667633164085347,2.460886319845858,1.027316057953278,-0.01889347465099214,0.1922690420522671,-0.02446307203827716,-0.1347658853800599,-0.01121087432390899,75797.95264293188,3.028773077129933
5.10,2,cr3bp_seed,104,0.5722658728785205,2.484778420038536,1.027178823631334,-0.01963386947746761,0.1922003076202584,-0.0254164963621133,-0.134340782787872,-0.01377184965369514,75789.45811850522,3.028773077129932
5.10,2,cr3bp_seed,105,0.5777684293485063,2.508670520231214,1.027036353599462,-0.02037188012636633,0.1921174811927159,-0.02636607199776968,-0.1338993177280067,-0.0163328788103434,75776.30340250362,3.028773077129933
5.10,2,cr3bp_seed,106,0.583270985818492,2.532562620423892,1.026888669200948,-0.02110741661316856,0.1920205620897255,-0.02731173867514391,-0.1334415082842698,-0.0188941012977077,75758.48463188688,3.028773077129933
5.10,2,cr3bp_seed,107,0.5887735422884778,2.55645472061657,1.026735792111696,-0.02184038904607772,0.1919095488631481,-0.02825343576250891,-0.1329673700728516,-0.02145565685242903,75735.99763666856,3.028773077129932
5.10,2,cr3bp_seed,108,0.5942760987584635,2.580346820809249,1.026577744342302,-0.02257070761240912,0.1917844392950773,-0.02919110223860916,-0.1324769162298385,-0.0240176855391677,75708.83793949315,3.028773077129932
5.10,2,cr3bp_seed,109,0.5997786552284493,2.604238921001927,1.02641454824027,-0.02329828256490186,0.1916452303957707,-0.03012467666404059,-0.1319701573957378,-0.0265803278464932,75677.00075504616,3.028773077129933
5.10,2,cr3bp_seed,110,0.6052812116984351,2.628131021194605,1.026246226492397,-0.02402302420793734,0.191491918401052,-0.03105409715186673,-0.1314471016969751,-0.02914372478357083,75640.4809892957,3.028773077129932
5.10,2,cr3bp_seed,111,0.6107837681684209,2.652023121387284,1.026072802127314,-0.02474484288364735,0.191324498769178,-0.03197930133742176,-0.1309077547243227,-0.03170801797778768,75599.27323856352,3.028773077129932
5.10,2,cr3bp_seed,112,0.6162863246384067,2.675915221579962,1.025894298518206,-0.02546364895789501,0.191142966177166,-0.03290022634724925,-0.1303521195082043,-0.03427334977346138,75553.37178842322,3.028773077129933
5.10,2,cr3bp_seed,113,0.6217888811083925,2.69980732177264,1.025710739385693,-0.02617935280611117,0.1909473145165742,-0.03381680876712401,-0.129780196490817,-0.03683986333178027,75502.7706124238,3.028773077129933
5.10,2,cr3bp_seed,114,0.6272914375783782,2.723699421965318,1.025522148800899,-0.02689186479896831,0.1907375368887289,-0.03472898460910079,-0.1291919834950038,-0.03940770273212345,75447.46337063494,3.028773077129932
5.10,2,cr3bp_seed,115,0.632793994048364,2.747591522157996,1.025328551188701,-0.02760109528787422,0.1905136255993898,-0.03563668927753338,-0.1285874756897998,-0.04197701307491626,75387.4434080121,3.028773077129932
5.10,2,cr3bp_seed,116,0.6382965505183498,2.771483622350674,1.025129971331172,-0.02830695459026662,0.1902755721528451,-0.03653985753400275,-0.1279666655525684,-0.04454794058617803,75322.70375257725,3.028773077129933
5.10,2,cr3bp_seed,117,0.6437991069883355,2.795375722543353,1.024926434371211,-0.02900935297468996,0.1900233672454254,-0.03743842346109267,-0.1273295428276364,-0.04712063272392502,75253.23711341253,3.028773077129932
5.10,2,cr3bp_seed,118,0.6493016634583213,2.819267822736031,1.024717965816387,-0.02970820064563464,0.1897570007584279,-0.03833232042494606,-0.1266760944813239,-0.0496952382865954,75179.03587846262,3.028773077129932
5.10,2,cr3bp_seed,119,0.6548042199283071,2.843159922928709,1.024504591542983,-0.03040340772811872,0.1894764617504366,-0.03922148103653395,-0.1260063046532601,-0.05227190752366868,75100.0921121415,3.028773077129932
5.10,2,cr3bp_seed,120,0.6603067763982928,2.867052023121387,1.024286337800267,-0.03109488425199111,0.189181738449029,-0.04010583711156467,-0.1253201546038632,-0.05485079224865799,75016.3975527399,3.028773077129933
5.10,2,cr3bp_seed,121,0.6658093328682786,2.890944123314065,1.024063231214974,-0.03178254013593503,0.1888728182418525,-0.04098531962895777,-0.1246176226578533,-0.0574320459546596,74927.94360962771,3.028773077129932
5.10,2,cr3bp_seed,122,0.6713118893382644,2.914836223506744,1.023835298796033,-0.03246628517114936,0.1885496876670586,-0.04185985868780309,-0.123898684143656,-0.06001582393265078,74834.72136024719,3.028773077129932
5.10,2,cr3bp_seed,123,0.6768144458082502,2.938728323699422,1.02360256793953,-0.03314602900468492,0.1882123324030776,-0.04272938346272172,-0.1231633113285442,-0.06260228339273505,74736.72154689083,3.028773077129933
5.10,2,cr3bp_seed,124,0.682317002278236,2.9626204238921,1.023365066433922,-0.0338216811224117,0.1878607372577179,-0.04359382215754069,-0.1224114733493508,-0.06519158358854067,74633.93457325823,3.028773077129932
5.10,2,cr3bp_seed,125,0.6878195587482218,2.986512524084779,1.023122822465507,-0.03449315083159236,0.1874948861565714,-0.04445310195718948,-0.1216431361385753,-0.06778388594498874,74526.35050078615,3.028773077129932
5.10,2,cr3bp_seed,126,0.6933221152182075,3.010404624277457,1.02287586462417,-0.0351603472430359,0.187114762130706,-0.04530714897772027,-0.1208582623456923,-0.0703793541896538,74413.95904474422,3.028773077129932
5.10,2,cr3bp_seed,127,0.6988246716881933,3.034296724470135,1.022624221909407,-0.03582317925280471,0.1867203473036251,-0.04615588821434944,-0.1200568112534547,-0.07297815448795208,74296.74957009043,3.028773077129933
5.10,2,cr3bp_seed,128,0.7043272281581791,3.058188824662813,1.022367923736639,-0.03648155552344681,0.1863116228774722,-0.0469992434874119,-0.1192387386889718,-0.07558045558240223,74174.7110870778,3.028773077129932
5.10,2,cr3bp_seed,129,0.7098297846281648,3.082080924855491,1.02210699994383,-0.03713538446472382,0.1858885691184568,-0.04783713738611381,-0.1184039969293231,-0.07818642893621462,74047.83224660502,3.028773077129932
5.10,2,cr3bp_seed,130,0.7153323410981506,3.105973025048169,1.021841480798422,-0.03778457421380405,0.1854511653414786,-0.04866949120996206,-0.1175525346014547,-0.08079624888147784,73916.10133530234,3.028773077129932
5.10,2,cr3bp_seed,131,0.7208348975681363,3.129865125240848,1.021571397004601,-0.03842903261488827,0.1849993898939221,-0.04949622490774303,-0.116684296576084,-0.08341009277222437,73779.50627034369,3.028773077129932
5.10,2,cr3bp_seed,132,0.7263374540381221,3.153757225433526,1.021296779710896,-0.03906866719823471,0.1845332201385955,-0.05031725701391455,-0.1157992238553213,-0.08602814114267095,73638.03459397552,3.028773077129933
5.10,2,cr3bp_seed,133,0.7318400105081079,3.177649325626204,1.021017660518154,-0.03970338515854752,0.1840526324357837,-0.05113250458226783,-0.114897253453694,-0.08865057787094484,73491.6734677528,3.028773077129933
5.10,2,cr3bp_seed,134,0.7373425669780937,3.201541425818883,1.020734071487863,-0.04033309333269175,0.1835576021243844,-0.05194188311670667,-0.1139783182722381,-0.09127759034862293,73340.40966647056,3.028773077129932
5.10,2,cr3bp_seed,135,0.7428451234480795,3.225433526011561,1.020446045150889,-0.04095769817669556,0.1830481035020946,-0.05274530649898284,-0.1130423469652983,-0.09390936965642822,73184.22957178076,3.028773077129933
5.10,2,cr3bp_seed,136,0.7483476799180653,3.249325626204239,1.020153614516604,-0.04157710574199865,0.1825241098046131,-0.05354268691321595,-0.1120892637996501,-0.09654611074644721,73023.11916548156,3.028773077129933
5.10,2,cr3bp_seed,137,0.753850236388051,3.273217726396918,1.01985681308244,-0.04219122165090332,0.1819855931838203,-0.05433393476701597,-0.1111189885055335,-0.09918801263125034,72857.06402246727,3.028773077129933
5.10,2,cr3bp_seed,138,0.7593527928580368,3.297109826589596,1.019555674843893,-0.04279995107118262,0.1814325246848987,-0.05511895860901454,-0.110131436119155,-0.1018352785803204,72686.04930332473,3.028773077129933
5.10,2,cr3bp_seed,139,0.7648553493280226,3.321001926782274,1.019250234304988,-0.04340319868979732,0.1808648742223508,-0.0558976650425997,-0.1091265168161854,-0.1044881163242162,72510.05974656258,3.028773077129933
5.10,2,cr3bp_seed,140,0.7703579057980083,3.344894026974952,1.018940526489228,-0.0440008686856708,0.1802826105548715,-0.05666995863563459,-0.1081041357357466,-0.1071467382669231,72329.07966045824,3.028773077129932
5.10,2,cr3bp_seed,141,0.7758604622679941,3.36878612716763,1.01862658695105,-0.04459286470146791,0.1796857012590279,-0.05743574182592718,-0.1070641927943435,-0.1098113617068679,72143.09291450639,3.028773077129933
5.10,2,cr3bp_seed,142,0.7813630187379799,3.392678227360308,1.018308451787821,-0.0451790898143211,0.179074112701699,-0.05819491482220229,-0.1060065824891583,-0.1124822090671055,71952.08293045282,3.028773077129933
5.10,2,cr3bp_seed,143,0.7868655752079656,3.416570327552987,1.017986157652387,-0.04575944650544338,0.1784478100112211,-0.05894737550031099,-0.1049311936900824,-0.1151595081352128,71756.03267289529,3.028773077129932
5.10,2,cr3bp_seed,144,0.7923681316779514,3.440462427745665,1.017659741766199,-0.04633383662856451,0.1778067570471865,-0.05969301929439409,-0.1038379094198156,-0.1178434923134587,71554.92463943279,3.028773077129932
5.10,2,cr3bp_seed,145,0.7978706881479372,3.464354527938343,1.017329241933071,-0.04690216137712259,0.1771509163688344,-0.0604317390826987,-0.102726606621312,-0.1205344008798553,71348.74085034328,3.028773077129933
5.10,2,cr3bp_seed,146,0.803373244617923,3.488246628131022,1.016994696553564,-0.0474643212501396,0.1764802492019754,-0.06116342506772389,-0.1015971559118016,-0.1232324792607297,71137.46283776894,3.028773077129932
5.10,2,cr3bp_seed,147,0.8088758010879088,3.5121387283237,1.016656144640054,-0.04802021601670435,0.1757947154043822,-0.06188796465035137,-0.1004494213225555,-0.1259379793154986,70921.07163438604,3.028773077129932
5.10,2,cr3bp_seed,148,0.8143783575578946,3.536030828516378,1.01631362583251,-0.04856974467898254,0.175094273429578,-0.06260524229759187,-0.09928326002350357,-0.1286511596343714,70699.54776153644,3.028773077129933
5.10,2,cr3bp_seed,149,0.8198809140278803,3.559922928709056,1.015967180415019,-0.04911280543366741,0.1743788802889499,-0.06331513940355141,-0.09809852203174554,-0.1313722858497501,70472.87121679519,3.028773077129932
5.10,2,cr3bp_seed,150,0.8253834704978661,3.583815028901734,1.015616849333089,-0.04964929563177985,0.1736484915121089,-0.06401753414319468,-0.09689504990292207,-0.1341016309621502,70241.02146094757,3.028773077129932
5.10,2,cr3bp_seed,151,0.8308860269678519,3.607707129094412,1.015262674211787,-0.05017911173672066,0.1729030611054144,-0.06471230131845099,-0.0956726784043358,-0.1368394756815149,70003.97740434755,3.028773077129932
5.10,2,cr3bp_seed,152,0.8363885834378376,3.631599229287091,1.014904697374736,-0.05070214928047109,0.172142541508577,-0.0653993121961757,-0.09443123416862514,-0.1395861087848568,69761.71739262767,3.028773077129933
5.10,2,cr3bp_seed,153,0.8418911399078234,3.655491329479769,1.01454296186404,-0.05121830281783136,0.1713668835492448,-0.06607843433744419,-0.09317053532670086,-0.1423418274912216,69514.21919172842,3.028773077129933
5.10,2,cr3bp_seed,154,0.8473936963778091,3.679383429672447,1.014177511461158,-0.05172746587857911,0.1705760363954776,-0.06674953141761544,-0.09189039111855475,-0.145106937855037,69261.45997221352,3.028773077129932
5.10,2,cr3bp_seed,155,0.8528962528477949,3.703275529865125,1.013808390708808,-0.05222953091742203,0.169769947506003,-0.06741246303656181,-0.09059060148043939,-0.1478817551789805,69003.41629283535,3.028773077129933
5.10,2,cr3bp_seed,156,0.8583988093177807,3.727167630057803,1.013435644933937,-0.05272438926161022,0.168948562578144,-0.06806708451841381,-0.08927095660679811,-0.150666604447581,68740.0640833122,3.028773077129932
5.10,2,cr3bp_seed,157,0.8639013657877664,3.751059730250482,1.013059320271826,-0.05321193105606464,0.168111825493301,-0.06871324670011894,-0.08793123648519419,-0.1534618207828516,68471.37862627716,3.028773077129933
5.10,2,cr3bp_seed,158,0.8694039222577523,3.77495183044316,1.012679463691387,-0.05369204520586776,0.1672596782598628,-0.06935079570805996,-0.08657121040234544,-0.1562677499233429,68197.33453835551,3.028773077129932
5.10,2,cr3bp_seed,159,0.8749064787277381,3.798843930635838,1.012296123021728,-0.05416461931595215,0.1663920609534139,-0.06997957272191759,-0.08519063641921548,-0.159084748728105,67917.90575032482,3.028773077129933
5.10,2,cr3bp_seed,160,0.8804090351977238,3.822736030828517,1.011909346980059,-0.05462953962781042,0.165508911654096,-0.07059941372489813,-0.08378926081294248,-0.1619131857071548,67633.06548630925,3.028773077129932
5.10,2,cr3bp_seed,161,0.8859115916677096,3.846628131021195,1.011519185200994,-0.0550866909530377,0.1646101663809746,-0.0712101492393758,-0.08236681748320156,-0.1647534415801578,67342.78624195591,3.028773077129932
5.10,2,cr3bp_seed,162,0.8914141481376954,3.870520231213873,1.011125688267376,-0.0555359566035038,0.1636957590232487,-0.07181160404692184,-0.08092302732039254,-0.167605909865163,67047.03976153843,3.028773077129933
5.10,2,cr3bp_seed,163,0.8969167046076811,3.894412331406551,1.010728907742664,-0.05597721831793728,0.1627656212681348,-0.07240359689160836,-0.07945759753282322,-0.1704709974993628,66745.79701392839,3.028773077129932
5.10,2,cr3bp_seed,164,0.9024192610776669,3.918304431599229,1.010328896205018,-0.05641035618468759,0.1618196825252412,-0.07298594016538178,-0.07797022092981322,-0.1733491254939976,66439.02816737231,3.028773077129933
5.10,2,cr3bp_seed,165,0.9079218175476527,3.942196531791907,1.009925707283158,-0.0568352485604135,0.1608578698472401,-0.07355843957419944,-0.07646057515737587,-0.1762407296256883,66126.70256300691,3.028773077129932
5.10,2,cr3bp_seed,166,0.9134243740176384,3.966088631984586,1.009519395694122,-0.0572517719844271,0.1598801078466297,-0.07412089378351108,-0.07492832188284107,-0.1791462611666491,65808.78868704115,3.028773077129933
5.10,2,cr3bp_seed,167,0.9189269304876242,3.989980732177264,1.00911001728303,-0.0576598010884017,0.1588863186083654,-0.07467309404154618,-0.07337310592445748,-0.1820661876564265,65485.25414152886,3.028773077129933
5.10,2,cr3bp_seed,168,0.92442948695761,4.013872832369942,1.008697629064991,-0.0580592085011291,0.1578764215981229,-0.07521482377873069,-0.07179455432165627,-0.1850009937180149,65156.06561364999,3.028773077129932
5.10,2,cr3bp_seed,169,0.9299320434275959,4.037764932562621,1.008282289269281,-0.05844986474798696,0.1568503335659431,-0.07574585818141193,-0.07019227534126479,-0.187951181921424,64821.18884341352,3.028773077129932
5.10,2,cr3bp_seed,170,0.9354345998975817,4.061657032755299,1.00786405738594,-0.05883163814474988,0.1558079684449853,-0.07626596373790541,-0.06856585741452499,-0.1909172736980169,64480.58858968822,3.028773077129932
5.10,2,cr3bp_seed,171,0.9409371563675675,4.085549132947977,1.007442994214953,-0.05920439468534831,0.1547492372451027,-0.07677489775469823,-0.06691486799929133,-0.1938998103092082,64134.22859446162,3.028773077129932
5.10,2,cr3bp_seed,172,0.9464397128375531,4.109441233140656,1.007019161918177,-0.05956799792314665,0.1536740479409283,-0.07727240784044485,-0.0652388523612535,-0.1968993538733964,63782.07154521946,3.028773077129932
5.10,2,cr3bp_seed,173,0.9519422693075389,4.133333333333334,1.006592624074202,-0.05992230884527697,0.152582305354141,-0.07775823135517193,-0.06353733226744142,-0.1999164884553309,63424.07903533116,3.028773077129932
5.10,2,cr3bp_seed,174,0.9574448257775247,4.157225433526012,1.006163445736346,-0.06026718573952553,0.1514739110295547,-0.07823209482186591,-0.0618098045846198,-0.2029518212224562,63060.21152231775,3.028773077129932
5.10,2,cr3bp_seed,175,0.9629473822475104,4.18111753371869,1.005731693494,-0.06060248405322673,0.1503487631046493,-0.07869371329734753,-0.0600557397744565,-0.2060059836731588,62690.42828386967,3.028773077129933
5.10,2,cr3bp_seed,176,0.9684499387174962,4.205009633911368,1.005297435537547,-0.06092805624357245,0.1492067561721337,-0.07914278969903919,-0.05827458027654705,-0.2090796329422617,62314.68737147268,3.028773077129932
5.10,2,cr3bp_seed,177,0.9739524951874819,4.228901734104046,1.004860741727127,-0.061243751618693,0.1480477811350984,-0.07957901408389893,-0.05646573876948415,-0.212173453189565,61932.94556148817,3.028773077129932
5.10,2,cr3bp_seed,178,0.9794550516574677,4.252793834296725,1.004421683665501,-0.06154941616880953,0.1468717250542859,-0.08000206287542612,-0.05462859629916586,-0.2152881570777364,61545.15830352407,3.028773077129932
5.10,2,cr3bp_seed,179,0.9849576081274535,4.276685934489403,1.003980334775324,-0.06184489238669498,0.1456784709869669,-0.0804115980342318,-0.05276250026242685,-0.2184244873464053,61151.27966591844,3.028773077129933
5.10,2,cr3bp_seed,180,0.9904601645974392,4.300578034682081,1.003536770381151,-0.06213001907661195,0.1444678978168737,-0.08080726616720932,-0.05086676223283643,-0.2215832184899212,60751.2622781453,3.028773077129932
5.10,2,cr3bp_seed,181,0.995962721067425,4.324470134874759,1.003091067796527,-0.06240463115081969,0.1432398800745973,-0.08118869756982695,-0.04894065561412078,-0.2247651585469027,60345.05726993622,3.028773077129932
5.10,2,cr3bp_seed,182,1.001465277537411,4.348362235067437,1.002643306416538,-0.06266855941265806,0.1419942877478107,-0.08155550519549221,-0.04698341310511275,-0.2279711510104391,59932.61420689588,3.028773077129932
5.10,2,cr3bp_seed,183,1.006967834007397,4.372254335260116,1.002193567816254,-0.06292163032512335,0.1407309860806261,-0.08190728354529435,-0.04499422395838914,-0.2312020768686172,59513.88102237084,3.028773077129932
5.10,2,cr3bp_seed,184,1.012470390477382,4.396146435452794,1.001741935855517,-0.06316366576374693,0.1394498353613427,-0.08224360747071188,-0.04297223101279803,-0.234458856785935,59088.80394531259,3.028773077129932
5.10,2,cr3bp_seed,185,1.017972946947368,4.420038535645472,1.001288496790577,-0.06339448275247332,0.1381506906977761,-0.08256403088106064,-0.04091652747787378,-0.2377424534371565,58657.3274238533,3.028773077129933
5.10,2,cr3bp_seed,186,1.023475503417354,4.44393063583815,1.000833339393116,-0.06361389318110609,0.136833401779298,-0.08286808534654755,-0.03882615344565427,-0.2410538740062478,58219.39404429055,3.028773077129932
5.10,2,cr3bp_seed,187,1.02897805988734,4.467822736030828,1.000376555077276,-0.06382170350274806,0.1354978126246402,-0.08315527858676636,-0.03670009210261069,-0.244394172864244,57774.94444515099,3.028773077129932
5.10,2,cr3bp_seed,188,1.034480616357325,4.491714836223506,0.9999182380353457,-0.0640177144095032,0.1341437613144354,-0.0834250928333104,-0.03453726561122987,-0.2477644544412315,57323.91722597537,3.028773077129933
5.10,2,cr3bp_seed,189,1.039983172827311,4.515606936416185,0.9994584853828229,-0.06420172048453078,0.1327710797073841,-0.08367698305386444,-0.03233653062719733,-0.2511658763091135,56866.24885043623,3.028773077129933
5.10,2,cr3bp_seed,190,1.045485729297297,4.539499036608863,0.9989973973136733,-0.06437350982834344,0.1313795931388362,-0.08391037502364729,-0.03009667341405501,-0.2545996524934696,56401.87354336653,3.028773077129933
5.10,2,cr3bp_seed,191,1.050988285767283,4.563391136801541,0.9985350772666498,-0.06453286365701925,0.1299691201004732,-0.08412466322838683,-0.02781640451257365,-0.2580670570346477,55930.72318123927,3.028773077129933
5.10,2,cr3bp_seed,192,1.056490842237269,4.587283236994219,0.9980716321036575,-0.06467955586974751,0.1285394718996593,-0.08431920858108416,-0.02549435291680581,-0.2615694278202563,55452.72717559842,3.028773077129933
5.10,2,cr3bp_seed,193,1.061993398707254,4.611175337186897,0.9976071723012383,-0.06481335258284847,0.1270904522969011,-0.08449333593263079,-0.02312905970276381,-0.2651081707134831,54967.81234889583,3.028773077129932
5.10,2,cr3bp_seed,194,1.06749595517724,4.635067437379575,0.9971418121563732,-0.06493401162709048,0.1256218571197173,-0.08464633135383662,-0.02071897104878493,-0.2686847640041858,54475.90280213912,3.028773077129932
5.10,2,cr3bp_seed,195,1.072998511647226,4.658959537572254,0.9966756700079251,-0.06504128200477167,0.1241334738510591,-0.08477743916355839,-0.01826243057876053,-0.2723007632125008,53976.91977370115,3.028773077129933
5.10,2,cr3bp_seed,196,1.078501068117212,4.682851637764932,0.9962088684751981,-0.0651349033026309,0.122625081190255,-0.08488585867432903,-0.01575767095035283,-0.2759578062778474,53470.78148858051,3.028773077129933
5.10,2,cr3bp_seed,197,1.084003624587197,4.706743737957611,0.9957415347152556,-0.06521460505619485,0.1210964485842592,-0.08497074062310385,-0.01320280459990782,-0.2796576191696982,52957.40299733605,3.028773077129933
5.10,2,cr3bp_seed,198,1.089506181057183,4.73063583815029,0.9952738007008265,-0.06528010606065181,0.1195473357267751,-0.08503118325038311,-0.01059581354376155,-0.2834020219603846,52436.69600384354,3.028773077129933
5.10,2,cr3bp_seed,199,1.095008737527169,4.754527938342968,0.9948058035208496,-0.06533111362275182,0.1179774920225905,-0.08506622798593408,-0.007934538121758934,-0.2871929354045736,51908.56868094099,3.028773077129933
5.10,2,cr3bp_seed,200,1.100511293997155,4.778420038535646,0.9943376857059464,-0.06536732274756275,0.1163866560142021,-0.08507485469350828,-0.005216664552717851,-0.2910323880749286,51372.92547293696,3.028773077129932
5.10,2,cr3bp_seed,201,1.106013850467141,4.802312138728325,0.993869595581397,-0.06538841525314396,0.1147745547675211,-0.08505597642018257,-0.002439711152903891,-0.2949225241089231,50829.6668838559,3.028773077129932
5.10,2,cr3bp_seed,202,1.111516406937126,4.826204238921003,0.9934016876505118,-0.06539405880532224,0.1131409032131309,-0.08500843358807925,0.0003989869531708924,-0.2988656116278897,50278.68925018067,3.028773077129932
5.10,2,cr3bp_seed,203,1.117018963407112,4.850096339113681,0.9929341230116587,-0.06538390586374684,0.1114854034392164,-0.08493098755703322,0.003302294825686095,-0.3028640518962248,49719.88449672766,3.028773077129933
5.10,2,cr3bp_seed,204,1.122521519877098,4.873988439306359,0.9924670698126289,-0.06535759252924225,0.1098077439318844,-0.08482231347602152,0.006273296631964553,-0.3069203892963183,49153.13987415038,3.028773077129933
5.10,2,cr3bp_seed,205,1.128024076347084,4.897880539499037,0.9920007037465089,-0.06531473728114201,0.1081075987581635,-0.0846809923285559,0.009315316759080521,-0.3110373222033407,48578.33767641123,3.028773077129933
5.10,2,cr3bp_seed,206,1.133526632817069,4.921772639691715,0.991535208593789,-0.06525493959174171,0.1063846266864747,-0.08450550206238865,0.01243194341832347,-0.3152177148535918,47995.35493638837,3.028773077129932
5.10,2,cr3bp_seed,207,1.139029189287055,4.945664739884394,0.9910707768160859,-0.06517777840322155,0.1046384702388271,-0.08429420767635117,0.01562705509168435,-0.3194646103107894,47404.06309759128,3.028773077129933
5.10,2,cr3bp_seed,208,1.144531745757041,4.969556840077072,0.9906076102076186,-0.06508281045030558,0.10286875466838,-0.08404535011637883,0.01890485022793984,-0.3237812446465926,46804.32765974198,3.028773077129933
5.10,2,cr3bp_seed,209,1.150034302227027,4.99344894026975,0.9901459206114476,-0.06496956840950381,0.1010750868553428,-0.08375703380810118,0.02226988066413134,-0.3281710624648761,46196.00779573991,3.028773077129933
5.10,2,cr3bp_seed,210,1.155536858697013,5.017341040462428,0.9896859307085266,-0.0648375588529434,0.09925705411342643,-0.08342721262394949,0.02572708932955551,-0.3326377339139473,45578.95593725839,3.028773077129932
5.10,2,cr3bp_seed,211,1.161039415166998,5.041233140655106,0.9892278748888097,-0.06468625998147473,0.09741422289822765,-0.08305367404752083,0.02928185288670286,-0.3371851733470525,44953.01732592291,3.028773077129932
5.10,2,cr3bp_seed,212,1.166541971636984,5.065125240847784,0.9887720002150878,-0.06451511910782128,0.09554613740799321,-0.08263402125563743,0.03294003008039403,-0.3418175598092429,44318.02952668743,3.028773077129933
5.10,2,cr3bp_seed,213,1.17204452810697,5.089017341040463,0.9883185674918916,-0.0643235498559267,0.09365231806618185,-0.08216565278753038,0.03670801670720648,-0.3465393595479061,43673.82189965544,3.028773077129932
5.10,2,cr3bp_seed,214,1.177547084576956,5.112909441233141,0.9878678524537888,-0.06411092903717712,0.09173225987409808,-0.08164573940882151,0.04059280828764376,-0.3513553507649178,43020.21502618057,3.028773077129933
5.10,2,cr3bp_seed,215,1.183049641046941,5.136801541425819,0.9874201470897584,-0.06387659315767073,0.08978543062061403,-0.08107119770288192,0.0446020717305334,-0.3562706508501575,42357.02008462835,3.028773077129932
5.10,2,cr3bp_seed,216,1.188552197516927,5.160693641618497,0.9869757611231416,-0.06361983450294162,0.08781126893461466,-0.08043865983045691,0.04874422753168603,-0.3612907463585162,41684.03817067997,3.028773077129932
5.10,2,cr3bp_seed,217,1.194054753986913,5.184585741811175,0.9865350236700464,-0.06333989673723045,0.08580918216429753,-0.07974443878593516,0.05302854435839195,-0.3664215260147248,41001.05955651057,3.028773077129932
5.10,2,cr3bp_seed,218,1.199557310456899,5.208477842003854,0.9860982851031397,-0.06303596994320729,0.08377854406583697,-0.07898448833999135,0.05746524825241321,-0.3716693170507964,40307.86288258333,3.028773077129933
5.10,2,cr3bp_seed,219,1.205059866926884,5.232369942196532,0.9856659191526875,-0.06270718501449693,0.08171869228219589,-0.07815435668651133,0.06206564915556768,-0.377040925197656,39604.21427515918,3.028773077129933
5.10,2,cr3bp_seed,220,1.21056242339687,5.25626204238921,0.9852383252826583,-0.06235260729694764,0.07962892559106979,-0.07724913259779383,0.06684228804825568,-0.3825436786619369,38889.86638195687,3.028773077129933
5.10,2,cr3bp_seed,221,1.216064979866856,5.280154142581888,0.984815931387012,-0.0619712293545129,0.0775085008991255,-0.07626338262411637,0.07180910872391431,-0.3881854764162522,38164.557317702,3.028773077129933
5.10,2,cr3bp_seed,222,1.221567536336842,5.304046242774567,0.984399196860227,-0.06156196271106886,0.07535662995794319,-0.07519107753637735,0.0769816591434723,-0.3939748411083573,37428.00951063028,3.028773077129932
5.10,2,cr3bp_seed,223,1.227070092806828,5.327938342967245,0.9839886161071776,-0.06112362838918479,0.07317247577552038,-0.07402550578309844,0.08237732847789966,-0.3999209768404197,36679.92844037754,3.028773077129933
5.10,2,cr3bp_seed,224,1.232572649276813,5.351830443159924,0.9835847225711563,-0.06065494602936254,0.07095514869607059,-0.07275917118804208,0.08801562742781918,-0.4060338319663551,35920.0012571918,3.028773077129933
5.10,2,cr3bp_seed,225,1.238075205746799,5.375722543352602,0.983188093375953,-0.06015452132650242,0.06870370212048293,-0.07138367141527853,0.09391852130400777,-0.4123241668772216,35147.89527213458,3.028773077129935
5.10,2,cr3bp_seed,226,1.243577762216785,5.39961464354528,0.982799354699405,-0.0596208314617138,0.06641712784071685,-0.06988955282437068,0.1001108277945682,-0.4188036264528747,34363.25630806961,3.028773077129931
5.10,2,cr3bp_seed,227,1.249080318686771,5.423506743737958,0.9824191880229641,-0.0590522081336965,0.06409435096434746,-0.06826613616142502,0.1066206945124035,-0.4254848163930954,33565.70690204838,3.028773077129935
5.10,2,cr3bp_seed,228,1.254582875156756,5.447398843930636,0.9820483374365395,-0.05844681769987195,0.06173422441168255,-0.06650130598713119,0.1134801755573977,-0.4323813819150414,32754.84435153109,3.028773077129926
5.10,2,cr3bp_seed,229,1.260085431626742,5.471290944123314,0.9816876182221486,-0.05780263781747205,0.05933552297903554,-0.06458125470012997,0.1207259317814372,-0.4395080861772447,31930.23860042683,3.028773077129932
5.10,2,cr3bp_seed,230,1.265587988096728,5.495183044315993,0.9813379269975291,-0.05711742981974932,0.05689693698074511,-0.06249016928805616,0.1284000866851062,-0.4468808840573786,31091.42996697233,3.028773077129919
5.10,2,cr3bp_seed,231,1.271090544566714,5.519075144508671,0.9810002537755486,-0.05638870586168488,0.05441706551334639,-0.06020984526860816,0.1365512795723257,-0.4545169842404577,30237.92672559073,3.02877307712993
5.10,2,cr3bp_seed,232,1.2765931010367,5.542967244701349,0.9806756963939703,-0.05561368960602854,0.05189440943462676,-0.05771920729458462,0.1452359706870654,-0.4624348884631056,29369.20257103916,3.02877307712993
5.10,2,cr3bp_seed,233,1.282095657506685,5.566859344894027,0.9803654779007261,-0.05478926887307629,0.04932736422784573,-0.05499370904643847,0.1545200709215442,-0.4706543903914751,28484.69401898779,3.028773077129932
5.10,2,cr3bp_seed,234,1.287598213976671,5.590751445086705,0.980070967655316,-0.05391193821396286,0.04671421304309476,-0.05200457553088539,0.1644809932764284,-0.4791965067007382,27583.79783777469,3.028773077129986
5.10,2,cr3bp_seed,235,1.293100770446657,5.614643545279383,0.9797937071445236,-0.05297772874363194,0.04405312039836923,-0.04871783756255646,0.1752102574625086,-0.4880832973627952,26665.86867005958,3.028773077129884
5.10,2,cr3bp_seed,236,1.298603326916643,5.638535645472062,0.9795354418356936,-0.05198212172242469,0.04134212732179686,-0.0450930892654968,0.1868168270959641,-0.4973375074798058,25730.21710399309,3.028773077130062
5.10,2,cr3bp_seed,237,1.304105883386628,5.66242774566474,0.9792981608425257,-0.05091994121000615,0.03857914918975112,-0.04108187219976839,0.1994314272087342,-0.5069819234431334,24776.10861315643,3.028773077129539
5.10,2,cr3bp_seed,238,1.309608439856614,5.686319845857418,0.9790841468093816,-0.04978521950114772,0.03576197826654567,-0.03662555007982994,0.2132121877725685,-0.5170382718717732,23802.76404001654,3.028773077129979
5.10,2,cr3bp_seed,239,1.3151109963266,5.710211946050096,0.978896039321301,-0.04857102678098523,0.03288829416514824,-0.03165247957609399,0.228352101020958,-0.5275253836990684,22809.36270894755,3.028773077128428
5.10,2,cr3bp_seed,240,1.320613552796586,5.734104046242774,0.9787369164381531,-0.0472692532221099,0.02995568741954283,-0.0260741952987,0.2450889883631254,-0.5384561676251334,21795.04992836764,3.028773077129874
5.10,2,cr3bp_seed,241,1.326116109266571,5.757996146435453,0.978610400844935,-0.04587032712260748,0.02696170463426141,-0.01978019478237921,0.2637189794667966,-0.5498326327392805,20758.95175700425,3.028773077130191
5.10,2,cr3bp_seed,242,1.331618665736557,5.781888246628131,0.9785207999026764,-0.04436284600466825,0.02390392917885865,-0.01263070667789585,0.2846149605604285,-0.5616376684899805,19700.2017936561,3.028773077129043
5.10,2,cr3bp_seed,243,1.337121222206543,5.805780346820809,0.978473293080124,-0.04273308784293375,0.02078012086210315,-0.004446512324723298,0.3082521201185157,-0.5738213417052993,18617.98799032443,3.028773077129939
5.10,2,cr3bp_seed,244,1.342623778676529,5.829672447013487,0.9784741866000348,-0.04096435536109898,0.01758845463283014,0.005005594537756869,0.3352436951168419,-0.5862777361211682,17511.63318824634,3.028773077129804
5.10,2,cr3bp_seed,245,1.348126335146515,5.853564547206166,0.9785312648308234,-0.0390360857211678,0.01432792821770017,0.01603387174258437,0.3663913717762533,-0.5988051088081303,16380.73333703414,3.02877307713021
5.10,2,cr3bp_seed,246,1.3536288916165,5.877456647398844,0.9786542827197656,-0.03692262896049003,0.01099906367529463,0.02905248852817706,0.4027564358521086,-0.6110358866660515,15225.39630309397,3.028773077132037
5.10,2,cr3bp_seed,247,1.359131448086486,5.901348747591523,0.9788556655356516,-0.03459156114875132,0.007605132009052446,0.04462694639009072,0.4457589468876114,-0.622310721617489,14046.66006619414,3.028773077127084
5.10,2,cr3bp_seed,248,1.364634004556472,5.925240847784201,0.9791515125678811,-0.03200136174315156,0.004154331776030183,0.06354021276659333,0.4973097954756613,-0.6314461981363336,12847.23874569792,3.02877307708849
5.10,2,cr3bp_seed,249,1.370136561026458,5.949132947976879,0.9795630341610891,-0.02909829331265477,0.0006637501114131492,0.08688438263428104,0.5599633438599811,-0.6362965745509324,11632.88232005402,3.028773077126456
5.10,2,cr3bp_seed,250,1.375639117496444,5.973025048169557,0.9801185487384593,-0.02581253952988921,-0.002833285140150302,0.1161680317221208,0.6370091964560554,-0.6329164227814046,10414.90628446297,3.028773077134218
5.10,2,cr3bp_seed,251,1.381141673966429,5.996917148362235,0.9808559709174498,-0.02205463455309379,-0.006273410051798069,0.1533631524937467,0.7321831154960314,-0.6139880738362139,9214.94942021777,3.028773077138033
5.10,2,cr3bp_seed,252,1.386644230436415,6.020809248554913,0.9818247734283641,-0.01771663837764864,-0.009537871207387449,0.2005763264128975,0.8479494305142038,-0.5661666740314183,8073.741273367767,3.028773077133909
5.10,2,cr3bp_seed,253,1.392146786906401,6.044701348747592,0.9830830823613039,-0.01269245318881381,-0.01241097814037947,0.2583578534708526,0.9796244984646366,-0.467309252846021,7065.525759702172,3.028773077135511
5.10,2,cr3bp_seed,254,1.397649343376387,6.06859344894027,0.9846775809647615,-0.006950526722164688,-0.01453760849956135,0.3208871888954162,1.102059136617298,-0.2912029281510947,6312.971718441728,3.028773077117056
5.10,2,cr3bp_seed,255,1.403151899846372,6.092485549132948,0.9865909764646272,-0.0006807072513955972,-0.01546917487778526,0.3704135642802859,1.161108052942634,-0.0377731166689857,5971.730394211832,3.028773077138044
5.10,2,cr3bp_seed,256,1.408654456316358,6.116377649325626,0.9886920633766383,0.005627571679036466,-0.01492545294548149,0.3870509812547068,1.114071275311669,0.2301015546805579,6140.166036502308,3.028773077136433
5.10,2,cr3bp_seed,257,1.414157012786344,6.140269749518304,0.9907914028553966,0.01143299921003077,-0.01305925635340975,0.3720559999681439,0.9881208250610427,0.4338581609901645,6767.110007177263,3.028773077137571
5.10,2,cr3bp_seed,258,1.41965956925633,6.164161849710982,0.9927606583324995,0.01646887151661585,-0.01030584236655237,0.3426804315706932,0.8429563131348263,0.5544790027229278,7702.923616338384,3.028773077139412
5.10,2,cr3bp_seed,259,1.425162125726315,6.188053949903661,0.9945606294578889,0.02073896721797355,-0.007067578077506343,0.3119194521512087,0.7127866371769973,0.6148218156110842,8808.514289608493,3.028773077135011
5.10,2,cr3bp_seed,260,1.430664682196301,6.211946050096339,0.9962001342959194,0.02435624562681153,-0.003603498328096469,0.2847214670007764,0.6057998547268253,0.6400200589695445,9994.003943169346,3.028773077136763
5.10,2,cr3bp_seed,261,1.436167238666287,6.235838150289017,0.9977022025392488,0.02744452007507469,-5.845500571613564e-05,0.2619461363085636,0.5198384997998737,0.6462408934597822,11208.95196221353,3.028773077135732
5.10,2,cr3bp_seed,262,1.441669795136273,6.259730250481695,0.9990901334001661,0.03010775746952356,0.003490374514986829,0.2431187277668134,0.4505969874092727,0.6424703299251943,12426.37161901267,3.028773077132582
5.10,2,cr3bp_seed,263,1.447172351606258,6.283622350674373,1.000383640722349,0.03242683530362128,0.007002654677121856,0.2275050614542295,0.3941682052842214,0.6335319994678025,13632.08169788981,3.028773077132082
5.10,2,cr3bp_seed,264,1.452674908076244,6.307514450867052,1.001598509570512,0.03446350924458665,0.01045781740835904,0.2144351421080347,0.3475172425264441,0.6220219030108389,14818.79216966944,3.02877307713058
5.10,2,cr3bp_seed,265,1.45817746454623,6.33140655105973,1.002747192882699,0.0362650670122236,0.01384599068242443,0.2033698037473792,0.3083907776179459,0.609354675059198,15982.95422418529,3.028773077129268
5.10,2,cr3bp_seed,266,1.463680021016216,6.355298651252408,1.00383952381388,0.03786811798061872,0.01716316117351714,0.1938923976576483,0.2751303683903021,0.5963092326113243,17123.07657833905,3.028773077134541
5.10,2,cr3bp_seed,267,1.469182577486202,6.379190751445086,1.0048833243337,0.039301397406054,0.02040854669601298,0.1856843487118583,0.2465086573986181,0.5833150625198074,18238.80866245118,3.028773077135029
5.10,2,cr3bp_seed,268,1.474685133956187,6.403082851637766,1.00588487830636,0.04058778352969713,0.0235831380120717,0.1785016250231083,0.2216070222071463,0.5706055435952998,19330.43042900485,3.028773077135682
5.10,2,cr3bp_seed,269,1.480187690426173,6.426974951830444,1.006849287628041,0.04174574325863389,0.02668887376853665,0.1721559310307607,0.1997286659574909,0.5583020940010093,20398.56275885147,3.02877307713367
5.10,2,cr3bp_seed,270,1.485690246896159,6.450867052023122,1.007780738097434,0.04279037529050452,0.02972816674520764,0.1665005792450397,0.1803377201037318,0.5464614766823773,21444.00053293409,3.028773077134958
5.10,2,cr3bp_seed,271,1.491192803366145,6.474759152215801,1.00868269830897,0.04373417120145731,0.03270362959894803,0.1614201048326492,0.1630165116939706,0.5351029739156049,22467.61552158849,3.028773077135075
5.10,2,cr3bp_seed,272,1.496695359836131,6.498651252408479,1.009558069470048,0.04458757793048595,0.03561791619075283,0.156822668457433,0.14743532934639,0.5242242844023184,23470.29983230751,3.028773077134892
5.10,2,cr3bp_seed,273,1.502197916306116,6.522543352601157,1.010409299282398,0.04535941902252818,0.03847363099487436,0.1526344817514643,0.1333307902083484,0.5138109559649382,24452.9333204543,3.028773077135406
5.10,2,cr3bp_seed,274,1.507700472776102,6.546435452793835,1.011238469373967,0.04605721421899695,0.04127327909908587,0.1487956884814861,0.1204901672931982,0.5038420362524401,25416.36533941916,3.028773077134744
5.10,2,cr3bp_seed,275,1.513203029246088,6.570327552986513,1.012047363108143,0.0466874249610081,0.04401924057592764,0.1452572944298848,0.1087398898326273,0.4942934714864888,26361.40514057417,3.02877307713504
5.10,2,cr3bp_seed,276,1.518705585716074,6.594219653179191,1.012837518700545,0.04725564520376613,0.04671375950544744,0.1419788569566206,0.09793699961267498,0.4851401445677577,27288.81750276103,3.028773077134893
5.10,2,cr3bp_seed,277,1.524208142186059,6.61811175337187,1.01361027122705,0.04776675136873107,0.04935894173793989,0.1389267291719894,0.08796272680685677,0.4763570815940137,28199.32150736904,3.028773077135021
5.10,2,cr3bp_seed,278,1.529710698656045,6.642003853564548,1.014366786150539,0.04822502139875724,0.05195675777452367,0.1360727126198937,0.07871760404240684,0.4679201461231758,29093.59117557994,3.028773077135001
5.10,2,cr3bp_seed,279,1.535213255126031,6.665895953757226,1.015108086310127,0.04863423019332053,0.05450904852639479,0.1333930136864427,0.07011771009693044,0.4598064166312767,29972.25717232326,3.028773077135026
5.10,2,cr3bp_seed,280,1.540715811596017,6.689788053949904,1.01583507382458,0.04899772679453619,0.05701753256953956,0.1308674279561998,0.06209175259630768,0.4519943682654566,30835.90908219069,3.02877307713504
5.10,2,cr3bp_seed,281,1.546218368066002,6.713680154142582,1.01654854800427,0.0493184973348984,0.05948381404217977,0.1284786972382516,0.05457878062612978,0.4444639346072476,31685.09795054863,3.028773077135024
5.10,2,cr3bp_seed,282,1.551720924535988,6.737572254335261,1.01724922010418,0.04959921677246928,0.06190939066594001,0.1262119985667889,0.04752637513268441,0.4371964971207891,32520.33890124362,3.028773077135039
5.10,2,cr3bp_seed,283,1.557223481005974,6.761464354527939,1.017937725556991,0.04984229171919411,0.06429566158207983,0.1240545349482076,0.04088920525469083,0.430174832410633,33342.11371719367,3.028773077135023
5.10,2,cr3bp_seed,284,1.56272603747596,6.785356454720617,1.018614634180791,0.05004989613646259,0.06664393482689468,0.1219952052004994,0.034627867483928,0.4233830363271459,34150.87331777767,3.028773077135029
5.10,2,cr3bp_seed,285,1.568228593945945,6.809248554913295,1.019280458747374,0.05022400127425884,0.0689554343545357,0.1200243357610261,0.02870794531892187,0.4168064368996078,34947.04009706005,3.028773077135023
5.10,2,cr3bp_seed,286,1.573731150415931,6.833140655105973,1.019935662214596,0.05036640093174942,0.07123130656782145,0.1181334614115153,0.02309924221722228,0.4104315035515771,35731.0101060481,3.028773077135026
5.10,2,cr3bp_seed,287,1.579233706885917,6.857032755298651,1.020580663863177,0.05047873288909347,0.07347262635022868,0.116315144893449,0.01777515180277602,0.4042457571477666,36503.15507400291,3.028773077135024
5.10,2,cr3bp_seed,288,1.584736263355903,6.88092485549133,1.021215844529709,0.05056249718626819,0.07568040261164062,0.1145628276523582,0.01271213757209392,0.3982376835488318,37263.82427115444,3.028773077135026
5.10,2,cr3bp_seed,289,1.590238819825889,6.904816955684008,1.021841551089801,0.05061907178959075,0.07785558337167402,0.1128707056586715,0.007889300555613901,0.3923966521508122,38013.34621940186,3.028773077135026
5.10,2,cr3bp_seed,290,1.595741376295874,6.928709055876686,1.022458100315783,0.05064972608175902,0.07999906041023479,0.1112336255533031,0.003288018088732295,0.3867128401197171,38752.03025995005,3.028773077135026
5.10,2,cr3bp_seed,291,1.60124393276586,6.952601156069365,1.023065782210049,0.05065563252873907,0.08211167351744574,0.1096469973620756,-0.001108359573664694,0.3811771625505951,39480.1679879235,3.028773077135027
5.10,2,cr3bp_seed,292,1.606746489235846,6.976493256262043,1.023664862896702,0.05063787681175164,0.08419421437546543,0.1081067207918113,-0.005314765316035213,0.3757812084840291,40198.03456433359,3.028773077135026
5.10,2,cr3bp_seed,293,1.612249045705832,7.000385356454721,1.024255587139406,0.0505974666608488,0.08624743010382083,0.1066091227178379,-0.009344632285446497,0.3705171825376345,40905.88991562184,3.028773077135026
5.10,2,cr3bp_seed,294,1.617751602175818,7.0242774566474,1.024838180541545,0.05053533958509823,0.08827202649824901,0.1051509039393882,-0.01321007881447813,0.3653778518133901,41603.9798305575,3.028773077135026
5.10,2,cr3bp_seed,295,1.623254158645803,7.048169556840078,1.025412851475266,0.05045236966110605,0.09026867099102948,0.1037290936464865,-0.01692206658128489,0.3603564976950502,42292.53696368242,3.028773077135026
5.10,2,cr3bp_seed,296,1.628756715115789,7.072061657032756,1.025979792778225,0.05034937351455127,0.09223799535861621,0.1023410103323357,-0.02049053642066126,0.3554468721357283,42971.78175381525,3.028773077135026
5.10,2,cr3bp_seed,297,1.634259271585775,7.095953757225434,1.026539183250563,0.05022711560749238,0.09418059820018546,0.100984228116382,-0.02392452538776772,0.3506431580410134,43641.92326544441,3.028773077135025
5.10,2,cr3bp_seed,298,1.639761828055761,7.119845857418112,1.027091188979487,0.05008631292619635,0.09609704720858707,0.09965654762807198,-0.02723226802813838,0.3459399333703176,44303.15996015178,3.028773077135026
5.10,2,cr3bp_seed,299,1.645264384525746,7.14373795761079,1.027635964514526,0.04992763914949719,0.09798788125317473,0.09835597075003351,-0.03042128428759926,0.3413321386027872,44955.68040456014,3.028773077135026
5.10,2,cr3bp_seed,300,1.650766940995732,7.167630057803469,1.028173653913095,0.04975172836547807,0.09985361229211639,0.097080678639518,-0.03349845607649658,0.3368150472409536,45599.66392068607,3.028773077135026
5.10,2,cr3bp_seed,301,1.656269497465718,7.191522157996147,1.028704391672992,0.04955917839416281,0.1016947271300652,0.09582901254451826,-0.03647009416278083,0.3323842390529876,46235.28118401463,3.028773077135026
5.10,2,cr3bp_seed,302,1.661772053935704,7.215414258188825,1.029228303566096,0.04935055376547253,0.1035116890354993,0.09459945701052125,-0.03934199679183575,0.3280355757816859,46862.69477409538,3.028773077135027
5.10,2,cr3bp_seed,303,1.667274610405689,7.239306358381503,1.029745507385438,0.04912638839465185,0.1053049392306169,0.09339062513904452,-0.0421195012045905,0.3237651790743534,47482.05968198694,3.028773077135026
5.10,2,cr3bp_seed,304,1.672777166875675,7.263198458574181,1.030256113616138,0.04888718799145769,0.1070748982653855,0.09220124561271936,-0.04480752903953261,0.3195694104120401,48093.52377845244,3.028773077135026
5.10,2,cr3bp_seed,305,1.678279723345661,7.28709055876686,1.030760226039248,0.04863343223440623,0.1088219672861906,0.09103015124596762,-0.04741062645084008,0.3154448528390549,48697.22824642218,3.028773077135026
5.10,2,cr3bp_seed,306,1.683782279815647,7.310982658959538,1.031257942276312,0.04836557673716468,0.110546529208489,0.08987626885704295,-0.04993299964780382,0.3113882943141076,49293.30798089388,3.028773077135026
5.10,2,cr3bp_seed,307,1.689284836285633,7.334874759152216,1.031749354281433,0.04808405483058487,0.1122489498019416,0.0887386102877578,-0.0523785464550765,0.307396712523008,49881.89195913039,3.028773077135026
5.10,2,cr3bp_seed,308,1.694787392755618,7.358766859344894,1.032234548786734,0.04778927918083331,0.1139295786956656,0.08761626442274817,-0.0547508844051173,0.3034672610095456,50463.10358373408,3.028773077135026
5.10,2,cr3bp_seed,309,1.700289949225604,7.382658959537572,1.03271360770636,0.04748164326146282,0.1155887503105004,0.08650839008150996,-0.05705337580037566,0.2995972564961931,51037.06100092863,3.028773077135026
5.10,2,cr3bp_seed,310,1.70579250569559,7.40655105973025,1.033186608503515,0.04716152269504199,0.1172267847245127,0.08541420967443275,-0.05928915012069803,0.2957841672797085,51603.87739615273,3.028773077135026
5.10,2,cr3bp_seed,311,1.711295062165576,7.430443159922929,1.033653624524481,0.04682927647803881,0.1188439884773658,0.0843330035292249,-0.0614611240991294,0.2920256025987247,52163.66126887022,3.028773077135026
5.10,2,cr3bp_seed,312,1.716797618635561,7.454335260115607,1.03411472530307,0.04648524810100225,0.1204406553186443,0.08326410480696406,-0.06357201974502376,0.2883193028811237,52716.51668831993,3.028773077135026
5.10,2,cr3bp_seed,313,1.722300175105547,7.478227360308285,1.034569976838555,0.04612976657465731,0.1220170669047437,0.08220689493790116,-0.06562438055583232,0.2846631307885534,53262.54353176701,3.028773077135026
5.10,2,cr3bp_seed,314,1.727802731575533,7.502119460500963,1.035019441849793,0.0457631473712901,0.1235734934485028,0.08116079951642076,-0.06762058612698743,0.2810550629839579,53801.83770667277,3.028773077135025
5.10,2,cr3bp_seed,315,1.733305288045519,7.526011560693642,1.035463180007878,0.04538569328972566,0.1251101943253722,0.08012528460247355,-0.06956286534203317,0.2774931825555755,54334.49135806807,3.028773077135026
5.10,2,cr3bp_seed,316,1.738807844515505,7.54990366088632,1.035901248149474,0.04499769525126312,0.1266274186395621,0.07909985338357152,-0.07145330830182116,0.2739756720376261,54860.59306230006,3.028773077135026
5.10,2,cr3bp_seed,317,1.74431040098549,7.573795761078999,1.036333700472668,0.04459943303311684,0.1281254057533043,0.07808404315724662,-0.07329387713156942,0.2705008069739271,55380.22800821526,3.028773077135026
5.10,2,cr3bp_seed,318,1.749812957455476,7.597687861271677,1.036760588717019,0.04419117594519589,0.1296043857820783,0.07707742259887319,-0.07508641578735908,0.267066949976059,55893.47816674709,3.028773077135026
5.10,2,cr3bp_seed,319,1.755315513925462,7.621579961464355,1.037181962329297,0.04377318345542793,0.1310645800584026,0.07607958928406422,-0.07683265896879173,0.263672545232489,56400.42244979167,3.028773077135026
5.10,2,cr3bp_seed,320,1.760818070395448,7.645472061657033,1.037597868616209,0.0433457057682819,0.1325062015665609,0.07509016743857666,-0.07853424023169052,0.260316113429343,56901.13685917678,3.028773077135027
5.10,2,cr3bp_seed,321,1.766320626865433,7.669364161849711,1.038008352885334,0.04290898436065885,0.1339294553504311,0.07410880589188831,-0.08019269938360217,0.2569962470473425,57395.69462646086,3.028773077135026
5.10,2,cr3bp_seed,322,1.771823183335419,7.693256262042389,1.038413458575291,0.0424632524788924,0.135334538896395,0.07313517621340998,-0.08180948923519468,0.2537116060028379,57884.166344235,3.028773077135026
5.10,2,cr3bp_seed,323,1.777325739805405,7.717148362235068,1.038813227376126,0.04200873560022105,0.1367216424931429,0.07216897101273401,-0.0833859817722367,0.2504609136039315,58366.62008954452,3.028773077135026
5.10,2,cr3bp_seed,324,1.782828296275391,7.741040462427746,1.039207699340747,0.0415456518617602,0.1380909495700319,0.07120990238744603,-0.08492347380550776,0.2472429527954252,58843.12153999486,3.028773077135026
5.10,2,cr3bp_seed,325,1.788330852745377,7.764932562620424,1.039596912988198,0.04107421245970322,0.1394426370155225,0.07025770050388185,-0.08642319214957894,0.2440565626687812,59313.73408306002,3.028773077135025
5.10,2,cr3bp_seed,326,1.793833409215362,7.788824662813102,1.039980905399455,0.0405946220212172,0.1407768754770886,0.06931211229783808,-0.08788629837578725,0.240900635215492,59778.5189190692,3.028773077135026
5.10,2,cr3bp_seed,327,1.799335965685348,7.81271676300578,1.040359712306377,0.04010707895126303,0.1420938296438883,0.06837290028366874,-0.08931389317980068,0.2377741123042355,60237.53515830932,3.028773077135026
5.10,2,cr3bp_seed,328,1.804838522155334,7.836608863198459,1.040733368174381,0.03961177575635948,0.1433936585133753,0.06743984146145285,-0.09070702039983865,0.2346759828639715,60690.83991264553,3.028773077135026
5.10,2,cr3bp_seed,329,1.81034107862532,7.860500963391137,1.041101906279347,0.03910889934712317,0.1446765156429388,0.06651272631302027,-0.09206667071779795,0.2316052802567376,61138.48838203001,3.028773077135026
5.10,2,cr3bp_seed,330,1.815843635095305,7.884393063583815,1.041465358779226,0.03859863132124834,0.1459425493875753,0.06559135787859385,-0.09339378507216685,0.2285610798253495,61580.53393624108,3.028773077135026
5.10,2,cr3bp_seed,331,1.821346191565291,7.908285163776493,1.041823756780773,0.03808114822843991,0.1471919031245162,0.06467555090666549,-0.09468925780863548,0.2255424966025084,62017.02819216744,3.028773077135026
5.10,2,cr3bp_seed,332,1.826848748035277,7.932177263969171,1.042177130401791,0.03755662181867771,0.148424715465665,0.06376513107048183,-0.09595393959167516,0.2225486831689986,62448.02108692826,3.028773077135026
5.10,2,cr3bp_seed,333,1.832351304505263,7.956069364161849,1.042525508829224,0.03702521927506885,0.149641120458634,0.06285993424518864,-0.09718864009802369,0.2195788276497155,62873.56094709863,3.028773077135025
5.10,2,cr3bp_seed,334,1.837853860975248,7.979961464354528,1.042868920373437,0.03648710343243535,0.1508412477771085,0.06195980584028028,-0.09839413051093744,0.2166321518372296,63293.69455428854,3.028773077135026
5.10,2,cr3bp_seed,335,1.843356417445234,8.003853564547207,1.043207392518957,0.03594243298268572,0.1520252229012152,0.06106460018253095,-0.09957114583222518,0.2137079094334586,63708.46720730597,3.028773077135026
5.10,2,cr3bp_seed,336,1.84885897391522,8.027745664739884,1.043540951971951,0.03539136266793026,0.1531931672885211,0.06017417994505695,-0.1007203870274334,0.2108053844008106,64117.92278111748,3.028773077135026
5.10,2,cr3bp_seed,337,1.854361530385206,8.051637764932563,1.043869624704679,0.03483404346221908,0.1543451985362407,0.05928841561858086,-0.1018425230180847,0.2079238894148737,64522.10378280435,3.028773077135026
5.10,2,cr3bp_seed,338,1.859864086855192,8.075529865125242,1.044193435997146,0.03427062274270957,0.1554814305351936,0.0584071850213438,-0.1029381925335583,0.2050627644113805,64921.05140469739,3.028773077135026
5.10,2,cr3bp_seed,339,1.865366643325177,8.099421965317919,1.044512410476153,0.03370124445100339,0.1566019736160083,0.05753037284444927,-0.1040080058340292,0.2022213752207627,65314.80557486186,3.028773077135026
5.10,2,cr3bp_seed,340,1.870869199795163,8.123314065510598,1.044826572151944,0.03312604924533363,0.1577069346880417,0.05665787022972085,-0.1050525463148296,0.1993991122841494,65703.40500509038,3.028773077135026
5.10,2,cr3bp_seed,341,1.876371756265149,8.147206165703276,1.045135944452604,0.03254517464422846,0.1587964173714426,0.05578957437742898,-0.106072372001651,0.1965953894451536,66086.88723655176,3.028773077135026
5.10,2,cr3bp_seed,342,1.881874312735135,8.171098265895955,1.045440550256385,0.03195875516222772,0.1598705221227643,0.0549253881814807,-0.1070680169451593,0.1938096428122327,66465.28868323304,3.028773077135026
5.10,2,cr3bp_seed,343,1.88737686920512,8.194990366088632,1.045740411922087,0.03136692243818428,0.1609293463544998,0.05406521988988648,-0.1080399925228318,0.1910413296868202,66838.64467330267,3.028773077135026
5.10,2,cr3bp_seed,344,1.892879425675106,8.218882466281311,1.04603555131764,0.03076980535664081,0.1619729845488899,0.05320898278851221,-0.1089887886551349,0.1882899275527933,67206.98948851405,3.028773077135026
5.10,2,cr3bp_seed,345,1.898381982145092,8.242774566473988,1.046325989847005,0.03016753016273499,0.1630015283663304,0.05235659490630191,-0.1099148749425458,0.1855549331231826,67570.35640176116,3.028773077135026
5.10,2,cr3bp_seed,346,1.903884538615078,8.266666666666667,1.046611748475506,0.0295602205710523,0.1640150667486821,0.05150797874031492,-0.1108187017293575,0.1828358614403392,67928.77771288957,3.028773077135026
5.10,2,cr3bp_seed,347,1.909387095085064,8.290558766859345,1.046892847753706,0.02894799786881402,0.1650136860177684,0.05066306099906551,-0.1117007010997035,0.1801322450260593,68282.28478286063,3.028773077135026
5.10,2,cr3bp_seed,348,1.914889651555049,8.314450867052024,1.047169307839908,0.02833098101375952,0.1659974699693267,0.0498217723627823,-0.1125612878107788,0.1774436330784259,68630.90806635917,3.028773077135026
5.10,2,cr3bp_seed,349,1.920392208025035,8.338342967244701,1.047441148521391,0.0277092867270557,0.1669664999626615,0.04898404725932209,-0.1134008601678191,0.1747695907123668,68974.67714292985,3.028773077135026
5.10,2,cr3bp_seed,350,1.925894764495021,8.36223506743738,1.047708389234447,0.02708302958154233,0.1679208550062333,0.04814982365457997,-0.1142198008450245,0.1721096982411463,69313.62074672144,3.028773077135026
5.10,2,cr3bp_seed,351,1.931397320965007,8.386127167630057,1.047971049083303,0.02645232208560009,0.1688606118393993,0.04731904285633268,-0.1150184776562719,0.1694635504962092,69647.76679491402,3.028773077135026
5.10,2,cr3bp_seed,352,1.936899877434992,8.410019267822737,1.048229146857996,0.0258172747629077,0.1697858450105126,0.04649164933054099,-0.1157972442791489,0.166830756182981,69977.14241489825,3.028773077135026
5.10,2,cr3bp_seed,353,1.942402433904978,8.433911368015414,1.048482701051281,0.02517799622833586,0.1706966269515701,0.04566759052921623,-0.1165564409355603,0.1642109372703989,70301.77397027284,3.028773077135026
5.10,2,cr3bp_seed,354,1.947904990374964,8.457803468208093,1.048731729874605,0.02453459326020876,0.1715930280495888,0.04484681672902712,-0.1172963950319005,0.1616037284121018,70621.68708572121,3.028773077135026
5.10,2,cr3bp_seed,355,1.953407546844949,8.48169556840077,1.048976251273231,0.02388717086914785,0.1724751167148804,0.04402928087989103,-0.1180174217615508,0.1590087763973565,70936.906670825,3.028773077135026
5.10,2,cr3bp_seed,356,1.958910103314935,8.505587668593449,1.049216282940554,0.02323583236369804,0.1733429594463824,0.04321493846285234,-0.118719824672245,0.1564257396299258,71247.45694286938,3.028773077135026
5.10,2,cr3bp_seed,357,1.964412659784921,8.529479768786127,1.049451842331658,0.02258067941292327,0.1741966208941938,0.04240374735660575,-0.1194038962006534,0.1538542876332089,71553.36144868996,3.028773077135026
5.10,2,cr3bp_seed,358,1.969915216254907,8.553371868978806,1.049682946676158,0.02192181210614563,0.1750361639194573,0.04159566771207243,-0.1200699181763543,0.1512941005800997,71854.64308561028,3.028773077135026
5.10,2,cr3bp_seed,359,1.975417772724892,8.577263969171483,1.049909612990377,0.02125932900999093,0.1758616496517189,0.0407906618344827,-0.1207181622971995,0.1487448688461075,72151.32412151442,3.028773077135025
5.10,2,cr3bp_seed,360,1.980920329194878,8.601156069364162,1.050131858088891,0.02059332722289297,0.1766731375438896,0.03998869407246008,-0.1213488905779303,0.1462062925843891,72443.42621409734,3.028773077135026
5.10,2,cr3bp_seed,361,1.986422885664864,8.625048169556841,1.050349698595486,0.01992390242719887,0.1774706854249256,0.03918973071364083,-0.1219623557737625,0.1436780813214233,72730.97042933304,3.028773077135025
5.10,2,cr3bp_seed,362,1.99192544213485,8.648940269749518,1.05056315095355,0.01925114893900894,0.1782543495503378,0.03839373988639722,-0.1225588017805339,0.141159953572149,73013.97725919809,3.028773077135026
5.10,2,cr3bp_seed,363,1.997427998604836,8.672832369942197,1.050772231435945,0.01857515975587548,0.1790241846506355,0.03760069146726483,-0.1231384640128904,0.1386516364734562,73292.46663868646,3.028773077135026
5.10,2,cr3bp_seed,364,2.002930555074822,8.696724470134875,1.050976956154388,0.01789602660247816,0.1797802439777999,0.03681055699370472,-0.1237015697618827,0.1361528654350005,73566.45796214865,3.028773077135026
5.10,2,cr3bp_seed,365,2.008433111544807,8.720616570327552,1.051177341068358,0.01721383997438525,0.1805225793498831,0.0360233095818571,-0.1242483385332443,0.1336633838063692,73835.97009898745,3.028773077135026
5.10,2,cr3bp_seed,366,2.013935668014793,8.744508670520231,1.051373401993571,0.01652868918000382,0.1812512411938177,0.03523892384896848,-0.1247789823675359,0.1311829425596921,74101.02140873965,3.028773077135026
5.10,2,cr3bp_seed,367,2.019438224484779,8.768400770712908,1.051565154610029,0.01584066238081602,0.1819662785865205,0.03445737584019787,-0.1252937061432537,0.1287112999868497,74361.62975557226,3.028773077135026
5.10,2,cr3bp_seed,368,2.024940780954765,8.792292870905587,1.051752614469695,0.01514984662999135,0.1826677392943687,0.03367864295952661,-0.1257927078639265,0.1262482214104757,74617.81252222025,3.028773077135026
5.10,2,cr3bp_seed,369,2.03044333742475,8.816184971098265,1.051935797003783,0.01445632790946186,0.1833556698111223,0.0329027039045189,-0.1262761789301523,0.1237934789080123,74869.58662339044,3.028773077135026
5.10,2,cr3bp_seed,370,2.035945893894736,8.840077071290944,1.052114717529704,0.01376019116553894,0.1840301153943616,0.03212953860469422,-0.1267443043974636,0.1213468510481101,75116.96851865597,3.028773077135026
5.10,2,cr3bp_seed,371,2.041448450364722,8.863969171483621,1.052289391257689,0.01306152034314915,0.1846911201005075,0.03135912816329336,-0.1271972632208476,0.118908122638718,75359.97422486366,3.028773077135025
5.10,2,cr3bp_seed,372,2.046951006834708,8.8878612716763,1.052459833297088,0.01236039841875864,0.1853387268184858,0.0305914548022307,-0.1276352284866923,0.1164770844862376,75598.61932807606,3.028773077135026
5.10,2,cr3bp_seed,373,2.052453563304694,8.911753371868979,1.052626058662385,0.01165690743205502,0.1859729773020956,0.02982650181004361,-0.1280583676328793,0.1140535331651649,75832.91899506806,3.028773077135026
5.10,2,cr3bp_seed,374,2.057956119774679,8.935645472061656,1.052788082278928,0.01095112851644868,0.1865939122011379,0.02906425349265949,-0.1284668426576952,0.1116372707976664,76062.88798439759,3.028773077135026
5.10,2,cr3bp_seed,375,2.063458676244665,8.959537572254336,1.052945918988401,0.01024314192845381,0.1872015710913569,0.02830469512681456,-0.1288608103181894,0.1092281048425737,76288.54065706862,3.028773077135026
5.10,2,cr3bp_seed,376,2.068961232714651,8.983429672447013,1.053099583554041,0.009533027076006324,0.1877959925032457,0.02754781291597026,-0.1292404223185646,0.1068258478933149,76509.89098680353,3.028773077135025
5.10,2,cr3bp_seed,377,2.074463789184637,9.007321772639692,1.053249090665621,0.008820862545770294,0.188377213949763,0.02679359394858073,-0.129605825489151,0.1044303174843175,76726.95256994176,3.028773077135026
5.10,2,cr3bp_seed,378,2.079966345654622,9.031213872832369,1.053394454944214,0.008106726129485344,0.1889452719530071,0.0260420261585783,-0.1299571619564747,0.1020413359054573,76939.7386349795,3.028773077135027
5.10,2,cr3bp_seed,379,2.085468902124608,9.055105973025048,1.053535690946737,0.007390694849400627,0.1895002020698906,0.02529309828794848,-0.1302945693049041,0.09965873002414176,77148.26205176639,3.028773077135026
5.10,2,cr3bp_seed,380,2.090971458594594,9.078998073217726,1.053672813170299,0.006672844982842411,0.1900420389168551,0.02454679985127802,-0.1306181807303222,0.09728233111464606,77352.53534037182,3.028773077135026
5.10,2,cr3bp_seed,381,2.09647401506458,9.102890173410405,1.053805836056365,0.005953252085956124,0.1905708161936672,0.02380312110216392,-0.1309281251862481,0.09491197469433627,77552.57067963561,3.028773077135026
5.10,2,cr3bp_seed,382,2.101976571534566,9.126782273603082,1.053934773994724,0.005231991016665123,0.1910865667063301,0.02306205300138148,-0.1312245275228024,0.09254750036644069,77748.3799154147,3.028773077135026
5.10,2,cr3bp_seed,383,2.107479128004552,9.150674373795761,1.054059641327308,0.004509135956882741,0.1915893223891487,0.02232358718671259,-0.1315075086188871,0.0901887516690399,77939.97456853854,3.028773077135025
5.10,2,cr3bp_seed,384,2.112981684474537,9.174566473988438,1.054180452351828,0.003784760434015752,0.1920791143259791,0.02158771594434521,-0.1317771855079286,0.08783557592997572,78127.36584248407,3.028773077135026
5.10,2,cr3bp_seed,385,2.118484240944523,9.198458574181119,1.054297221325273,0.003058937341792001,0.1925559727706961,0.0208544321817572,-0.1320336714975096,0.08548782412738251,78310.56463078212,3.028773077135026
5.10,2,cr3bp_seed,386,2.123986797414509,9.222350674373795,1.054409962467254,0.002331738960446757,0.1930199271669075,0.02012372940200624,-0.1322770762831963,0.08314535075557318,78489.58152416427,3.028773077135026
5.10,2,cr3bp_seed,387,2.129489353884495,9.246242774566475,1.054518689963215,0.001603236976297122,0.1934710061669447,0.01939560167934907,-0.1325075060568489,0.08080801369601384,78664.42681746156,3.028773077135025
5.10,2,cr3bp_seed,388,2.13499191035448,9.270134874759151,1.05462341796751,0.0008735025007359336,0.1939092376501573,0.01867004363612148,-0.1327250636096857,0.07847567409314726,78835.11051626317,3.028773077135026
5.10,2,cr3bp_seed,389,2.140494466824466,9.294026974951832,1.054724160606364,0.000142606088671456,0.1943346487405364,0.01794705042081125,-0.1329298484303544,0.07614819623482606,79001.64234334492,3.028773077135026
5.10,2,cr3bp_seed,390,2.145997023294452,9.317919075144507,1.0548209319807,-0.0005893822435584252,0.1947472658236927,0.01722661768726369,-0.1331219567982498,0.07382544743714026,79164.03174487538,3.028773077135026
5.10,2,cr3bp_seed,391,2.151499579764438,9.341811175337188,1.054913746168875,-0.001322393000773901,0.1951471145632125,0.01650874157495906,-0.1333014818723024,0.0715072979334237,79322.2878964085,3.028773077135026
5.10,2,cr3bp_seed,392,2.157002136234423,9.365703275529864,1.055002617229295,-0.002056357192016559,0.1955342199164134,0.01579341869030958,-0.1334685137754482,0.06919362076724608,79476.41970866987,3.028773077135026
5.10,2,cr3bp_seed,393,2.162504692704409,9.389595375722545,1.055087559202936,-0.002791206314067042,0.1959086061495224,0.01508064608892213,-0.1336231396749787,0.06688429168919573,79626.43583314432,3.028773077135026
5.10,2,cr3bp_seed,394,2.168007249174395,9.413487475915222,1.055168586115771,-0.003526872335392978,0.1962702968522957,0.01437042125877942,-0.1337654438589581,0.06457918905727919,79772.3446674718,3.028773077135025
5.10,2,cr3bp_seed,395,2.173509805644381,9.437379576107901,1.055245711981101,-0.004263287680507944,0.1966193149521,0.01366274210429266,-0.1338955078088823,0.06227819374076104,79914.15436065818,3.028773077135026
5.10,2,cr3bp_seed,396,2.179012362114367,9.46127167630058,1.055318950801808,-0.005000385214719358,0.196955682727474,0.01295760693118386,-0.1340134102687462,0.0599811890272875,80051.87281810759,3.028773077135025
5.10,2,cr3bp_seed,397,2.184514918584352,9.485163776493257,1.055388316572523,-0.005738098229247541,0.1972794218211873,0.01225501443215578,-0.1341192273106737,0.05768806053313416,80185.50770648215,3.028773077135026
5.10,2,cr3bp_seed,398,2.190017475054338,9.509055876685936,1.055453823281716,-0.006476360426696741,0.1975905532528134,0.01155496367331183,-0.134213032397257,0.05539869611643319,80315.06645839523,3.028773077135026
5.10,2,cr3bp_seed,399,2.195520031524324,9.532947976878614,1.055515484913715,-0.007215105906859898,0.1978890974308341,0.01085745408128984,-0.1342948964407427,0.05311298579324101,80440.55627694313,3.028773077135026
5.10,2,cr3bp_seed,400,2.20102258799431,9.556840077071293,1.055573315450659,-0.007954269152841548,0.1981750741642884,0.01016248543107503,-0.1343648878591946,0.0508308216563091,80561.98414008153,3.028773077135026
5.10,2,cr3bp_seed,401,2.206525144464295,9.58073217726397,1.055627328874379,-0.008693785017480827,0.1984485026739821,0.009470057834460465,-0.1344230726297542,0.04855209779643536,80679.35680485082,3.028773077135025
5.10,2,cr3bp_seed,402,2.212027700934281,9.604624277456649,1.055677539168222,-0.009433588710060739,0.1987094016032719,0.0087801717291237,-0.1344695143391136,0.04627671022626945,80792.68081145544,3.028773077135026
5.10,2,cr3bp_seed,403,2.217530257404267,9.628516377649326,1.055723960318819,-0.0101736157832868,0.1989577890284356,0.008092827868292185,-0.1345042742313083,0.0440045568064614,80901.96248720231,3.028773077135026
5.10,2,cr3bp_seed,404,2.223032813874253,9.652408477842005,1.055766606317789,-0.01091380212052247,0.1991936824686434,0.007408027310968347,-0.1345274112529314,0.041735537174037,81007.20795030169,3.028773077135025
5.10,2,cr3bp_seed,405,2.228535370344238,9.676300578034683,1.055805491163398,-0.01165408392326554,0.1994170988955398,0.00672577141269074,-0.1345389820958638,0.03946955267290021,81108.4231135359,3.028773077135026
5.10,2,cr3bp_seed,406,2.234037926814224,9.700192678227362,1.055840628862168,-0.01239439769885402,0.1996280547424497,0.00604606181680461,-0.1345390412376084,0.03720650628635479,81205.61368779898,3.028773077135026
5.10,2,cr3bp_seed,407,2.23954048328421,9.724084778420039,1.055872033430435,-0.0131346802483865,0.1998265659132178,0.005368900446221059,-0.1345276409793147,0.03494630257155488,81298.78518551133,3.028773077135026
5.10,2,cr3bp_seed,408,2.245043039754196,9.747976878612718,1.055899718895869,-0.01387486865484667,0.2000126477906928,0.004694289495640855,-0.1345048314815688,0.03268884759578496,81387.94292391345,3.028773077135026
5.10,2,cr3bp_seed,409,2.250545596224181,9.771868978805395,1.055923699298946,-0.01461490027141773,0.2001863152448655,0.00402223142422413,-0.1344706607980242,0.03043404887448717,81473.09202824143,3.028773077135025
5.10,2,cr3bp_seed,410,2.256048152694167,9.795761078998074,1.055943988694385,-0.01535471270997711,0.200347582640671,0.003352728948684399,-0.1344251749069419,0.02818181531094369,81554.23743478829,3.028773077135026
5.10,2,cr3bp_seed,411,2.261550709164153,9.819653179190752,1.055960601152549,-0.01609424382975809,0.2004964638454628,0.002685785036790215,-0.1343684177407022,0.02593205713753934,81631.38389385382,3.028773077135026
5.10,2,cr3bp_seed,412,2.267053265634139,9.843545279383431,1.055973550760806,-0.01683343172616942,0.2006329722361682,0.002021402901254994,-0.1343004312133505,0.02368468585851913,81704.53597258608,3.028773077135026
5.10,2,cr3bp_seed,413,2.272555822104124,9.867437379576108,1.055982851624864,-0.01757221471976019,0.2007571207061324,0.00135958599399962,-0.1342212552462302,0.02143961419417139,81773.69805771743,3.028773077135026
5.10,2,cr3bp_seed,414,2.27805837857411,9.891329479768787,1.055988517870072,-0.01831053134532165,0.2008689216716599,0.0007003380007706658,-0.1341309277917559,0.01919675602635828,81838.87435819808,3.028773077135025
5.10,2,cr3bp_seed,415,2.283560935044096,9.915221579961464,1.05599056364269,-0.01904832034111379,0.2009683870782586,4.36628361006122e-05,-0.1340294848553745,0.0169560263453293,81900.0689077292,3.028773077135026
5.10,2,cr3bp_seed,416,2.289063491514082,9.939113680154144,1.055989003111137,-0.01978552063820889,0.2010555284065955,-0.0006104353614064833,-0.1339169605157578,0.0147173411977447,81957.28556719869,3.028773077135026
5.10,2,cr3bp_seed,417,2.294566047984067,9.963005780346821,1.055983850467212,-0.02052207134994044,0.2011303566781694,-0.001261952233475412,-0.1337933869432683,0.01248061763584987,82010.52802702134,3.028773077135026
5.10,2,cr3bp_seed,418,2.300068604454053,9.9868978805395,1.055975119927289,-0.02125791176144996,0.2011928824607068,-0.001910883206261354,-0.1336587944167348,0.01024577366773215,82059.7998093864,3.028773077135026
5.10,2,cr3bp_seed,419,2.305571160924039,10.01078998073218,1.055962825733496,-0.02199298131932066,0.2012431158732868,-0.002557223494163423,-0.1335132113385722,0.008012728208605225,82105.1042704139,3.028773077135026
5.10,2,cr3bp_seed,420,2.311073717394025,10.03468208092486,1.055946982154867,-0.02272721962129043,0.2012810665912009,-0.003200968103363414,-0.133356664248277,0.005781401033058135,82146.44460222223,3.028773077135026
5.10,2,cr3bp_seed,421,2.316576273864011,10.05857418111754,1.05592760348848,-0.02346056640603462,0.2013067438505529,-0.003842111835100599,-0.1331891778343249,0.003551712728214075,82183.82383490885,3.028773077135026
5.10,2,cr3bp_seed,422,2.322078830333997,10.08246628131021,1.055904704060578,-0.02419296154300946,0.2013201564526021,-0.004480649288693131,-0.1330107749444981,0.001323584647745927,82217.24483844583,3.028773077135025
5.10,2,cr3bp_seed,423,2.327581386803983,10.10635838150289,1.05587829822767,-0.02492434502234885,0.2013213127678576,-0.00511657486431749,-0.1328214765946612,-0.0009030611333088806,82246.71032449191,3.028773077135026
5.10,2,cr3bp_seed,424,2.333083943273968,10.13025048169557,1.055848400377619,-0.02565465694480425,0.2013102207399245,-0.005749882765554814,-0.1326213019760081,-0.003128301862980672,82272.22284812295,3.028773077135026
5.10,2,cr3bp_seed,425,2.338586499743954,10.15414258188825,1.05581502493072,-0.02638383751172131,0.2012868878891082,-0.006380567001714972,-0.1324102684607942,-0.005352214156102368,82293.78480948204,3.028773077135026
5.10,2,cr3bp_seed,426,2.34408905621394,10.17803468208093,1.055778186340762,-0.02711182701504293,0.2012513213157798,-0.007008621389946156,-0.1321883916065688,-0.007574874037390279,82311.39845535095,3.028773077135026
5.10,2,cr3bp_seed,427,2.349591612683926,10.2019267822736,1.055737899096078,-0.02783856582733236,0.2012035277035064,-0.007634039557140617,-0.1319556851589193,-0.009796356983923952,82325.06588064418,3.028773077135026
5.10,2,cr3bp_seed,428,2.355094169153911,10.22581888246628,1.055694177720589,-0.02856399439180655,0.2011435133219483,-0.008256814941643527,-0.1317121610527344,-0.01201673796706591,82334.78902982679,3.028773077135026
5.10,2,cr3bp_seed,429,2.360596725623897,10.24971098265896,1.055647036774841,-0.02928805321237317,0.2010712840295284,-0.008876940794774345,-0.1314578294119945,-0.01423609149387194,82340.56969825756,3.028773077135026
5.10,2,cr3bp_seed,430,2.366099282093883,10.27360308285164,1.055596490857021,-0.03001068284366163,0.2009868452758734,-0.009494410182168071,-0.13119269854809,-0.01645449164803083,82342.40953345815,3.028773077135026
5.10,2,cr3bp_seed,431,2.371601838563869,10.29749518304432,1.055542554603985,-0.03073182388104162,0.2008902021040323,-0.01010921598494479,-0.1309167749566717,-0.01867201213038241,82340.31003630978,3.028773077135025
5.10,2,cr3bp_seed,432,2.377104395033854,10.32138728323699,1.055485242692263,-0.03145141695061944,0.2007813591524724,-0.01072135090071415,-0.1306300633130296,-0.02088872629905082,82334.27256217806,3.028773077135026
5.10,2,cr3bp_seed,433,2.38260695150384,10.34527938342967,1.055424569839073,-0.03216940269920569,0.200660320656855,-0.01133080744442348,-0.130332566465996,-0.02310470720924036,82324.29832196707,3.028773077135026
5.10,2,cr3bp_seed,434,2.388109507973826,10.36917148362235,1.055360550803319,-0.03288572178424451,0.2005270904515944,-0.01193757794905506,-0.1300242854303685,-0.02532002765272929,82310.3883831034,3.028773077135026
5.10,2,cr3bp_seed,435,2.393612064443812,10.39306358381503,1.055293200386593,-0.03360031486369781,0.2003816719711982,-0.01254165456618136,-0.1297052193778407,-0.02753476019710776,82292.54367045111,3.028773077135026
5.10,2,cr3bp_seed,436,2.399114620913797,10.41695568400771,1.05522253343417,-0.03431312258587473,0.2002240682513945,-0.01314302926638353,-0.1293753656264321,-0.02974897722479381,82270.76496715812,3.028773077135026
5.10,2,cr3bp_seed,437,2.404617177383783,10.44084778420039,1.055148564836007,-0.03502408557919954,0.200054281930043,-0.01374169383954128,-0.1290347196284012,-0.0319627509718728,82245.05291543486,3.028773077135026
5.10,2,cr3bp_seed,438,2.410119733853769,10.46473988439306,1.055071309527734,-0.03573314444190797,0.1998723152478345,-0.0143376398949999,-0.1286832749566244,-0.0341761535667932,82215.40801726546,3.028773077135026
5.10,2,cr3bp_seed,439,2.415622290323755,10.48863198458574,1.054990782491646,-0.03644023973166525,0.1996781700487764,-0.01493085886162167,-0.1283210232894246,-0.03638925706896316,82181.83063505236,3.028773077135026
5.10,2,cr3bp_seed,440,2.42112484679374,10.51252408477842,1.054906998757699,-0.03714531195509539,0.1994718477804666,-0.01552134198772787,-0.1279479543938231,-0.03860213350728035,82144.32099219458,3.028773077135026
5.10,2,cr3bp_seed,441,2.426627403263726,10.5364161849711,1.054819973404503,-0.03784830155721489,0.1992533494941559,-0.01610908034093846,-0.1275640561071933,-0.04081485491863889,82102.87917359988,3.028773077135026
5.10,2,cr3bp_seed,442,2.432129959733712,10.56030828516378,1.054729721560315,-0.03854914891076006,0.1990226758445975,-0.01669406480791497,-0.127169314317288,-0.04302749338644502,82057.50512613165,3.028773077135026
5.10,2,cr3bp_seed,443,2.437632516203698,10.58420038535646,1.05463625840404,-0.03924779430540083,0.1987798270896853,-0.01727628609401511,-0.1267637129406077,-0.04524012107918569,82008.19865899022,3.028773077135026
5.10,2,cr3bp_seed,444,2.443135072673684,10.60809248554913,1.054539599166224,-0.03994417793683008,0.1985248030898791,-0.01785573472286305,-0.1263472338990809,-0.04745281028908135,81954.95944402907,3.028773077135026
5.10,2,cr3bp_seed,445,2.448637629143669,10.63198458574181,1.05443975913006,-0.04063823989572039,0.1982576033074179,-0.01843240103584479,-0.1259198570950153,-0.04966563347086548,81897.78701600629,3.028773077135025
5.10,2,cr3bp_seed,446,2.454140185613655,10.65587668593449,1.054336753632393,-0.04132992015653829,0.1979782268053175,-0.01900627519153379,-0.1254815603842841,-0.05187866328072658,81836.68077277075,3.028773077135026
5.10,2,cr3bp_seed,447,2.459642742083641,10.67976878612717,1.05423059806472,-0.04201915856620519,0.1976866722461554,-0.01957734716505383,-0.1250323195477034,-0.05409197261544846,81771.63997538397,3.028773077135026
5.10,2,cr3bp_seed,448,2.465145298553627,10.70366088631985,1.054121307874212,-0.04270589483259683,0.197382937890638,-0.02014560674738707,-0.1245721082605547,-0.05630563465179134,81702.66374817654,3.028773077135026
5.10,2,cr3bp_seed,449,2.470647855023612,10.72755298651252,1.054008898564721,-0.04339006851286874,0.1970670215959514,-0.02071104354463334,-0.1241008980602034,-0.05851972288614611,81629.75107874002,3.028773077135026
5.10,2,cr3bp_seed,450,2.476150411493598,10.7514450867052,1.053893385697803,-0.0440716190015992,0.1967389208138928,-0.02127364697722935,-0.1236186583117612,-0.06073431117450607,81552.90081785369,3.028773077135026
5.10,2,cr3bp_seed,451,2.481652967963584,10.77533718689788,1.053774784893743,-0.04475048551873666,0.1963986325887807,-0.02183340627913389,-0.1231253561717349,-0.06294947377278874,81472.11167934565,3.028773077135026
5.10,2,cr3bp_seed,452,2.48715552443357,10.79922928709056,1.053653111832579,-0.04542660709734256,0.1960461535551427,-0.0223903104969887,-0.122620956549602,-0.06516528537755294,81387.38223988892,3.028773077135026
5.10,2,cr3bp_seed,453,2.492658080903555,10.82312138728324,1.05352838225514,-0.04609992257111579,0.1956814799351779,-0.02294434848926128,-0.1221054220672481,-0.06738182116714427,81298.71093873128,3.028773077135026
5.10,2,cr3bp_seed,454,2.498160637373541,10.84701348747592,1.053400611964081,-0.04677037056168896,0.1953046075359915,-0.02349550892537986,-0.121578713016199,-0.06959915684331527,81206.09607735917,3.028773077135026
5.10,2,cr3bp_seed,455,2.503663193843527,10.87090558766859,1.053269816824925,-0.04743788946568216,0.1949155317465989,-0.0240437802848678,-0.1210407873125732,-0.0718173686733546,81109.5358190947,3.028773077135026
5.10,2,cr3bp_seed,456,2.509165750313513,10.89479768786127,1.053136012767114,-0.04810241744150313,0.1945142475346968,-0.02458915085648799,-0.1204916004496782,-0.07403653353277198,81009.02818862573,3.028773077135025
5.10,2,cr3bp_seed,457,2.514668306783499,10.91868978805395,1.052999215785055,-0.04876389239587938,0.1941007494431977,-0.02513160873740546,-0.1199311054481694,-0.07625672894857519,80904.57107146835,3.028773077135026
5.10,2,cr3bp_seed,458,2.520170863253484,10.94258188824663,1.052859441939183,-0.04942225197010965,0.1936750315865242,-0.02567114183237981,-0.1193592528036831,-0.07847803314318692,80796.16221336089,3.028773077135026
5.10,2,cr3bp_seed,459,2.52567341972347,10.96647398843931,1.052716707357019,-0.05007743352601944,0.1932370876466603,-0.02620773785299648,-0.118775990431852,-0.08070052507903903,80683.79921958914,3.028773077135026
5.10,2,cr3bp_seed,460,2.531175976193456,10.99036608863199,1.052571028234232,-0.05072937413160734,0.1927869108689552,-0.02674138431694928,-0.1181812636106064,-0.08292428450389382,80567.479554242,3.028773077135026
5.10,2,cr3bp_seed,461,2.536678532663442,11.01425818882466,1.052422420835713,-0.05137801054636531,0.1923244940576752,-0.02727206854738493,-0.1175750149196563,-0.08514939199693153,80447.20053939664,3.028773077135026
5.10,2,cr3bp_seed,462,2.542181089133428,11.03815028901734,1.052270901496645,-0.05202327920625878,0.1918498295713004,-0.02779977767232286,-0.1169571841770457,-0.08737592901565547,80322.95935423265,3.028773077135026
5.10,2,cr3bp_seed,463,2.547683645603413,11.06204238921002,1.052116486623575,-0.05266511620834856,0.1913629093175606,-0.02832449862416237,-0.1163277083726634,-0.08960397794365586,80194.75303407364,3.028773077135026
5.10,2,cr3bp_seed,464,2.553186202073399,11.0859344894027,1.051959192695498,-0.05330345729503893,0.1908637247482056,-0.02884621813929205,-0.1156865215985871,-0.09183362213928559,80062.57846935622,3.028773077135026
5.10,2,cr3bp_seed,465,2.558688758543385,11.10982658959538,1.051799036264929,-0.05393823783793276,0.1903522668535064,-0.02936492275781491,-0.1150335549761326,-0.09406494598529162,79926.4324045247,3.028773077135026
5.10,2,cr3bp_seed,466,2.564191315013371,11.13371868978805,1.05163603395899,-0.05456939282127658,0.1898285261564783,-0.02988059882340626,-0.1143687365794687,-0.09629803493945722,79786.31143685055,3.028773077135026
5.10,2,cr3bp_seed,467,2.569693871483357,11.15761078998073,1.051470202480488,-0.0551968568249747,0.1892924927068246,-0.03039323248331923,-0.1136919913556559,-0.09853297558630114,79642.21201517577,3.028773077135026
5.10,2,cr3bp_seed,468,2.575196427953342,11.18150289017341,1.051301558608993,-0.05582056400715395,0.1887441560745916,-0.03090280968855676,-0.1130032410409536,-0.1007698556898907,79494.13043857834,3.028773077135026
5.10,2,cr3bp_seed,469,2.580698984423328,11.20539499036609,1.051130119201923,-0.05644044808625687,0.18818350534353,-0.03140931619422833,-0.1123024040732335,-0.1030087642478204,79342.06285495948,3.028773077135026
5.10,2,cr3bp_seed,470,2.586201540893314,11.22928709055877,1.050955901195615,-0.05705644232264168,0.1876105291041563,-0.0319127375601107,-0.111589395500331,-0.105249791546411,79186.00525955016,3.028773077135026
5.10,2,cr3bp_seed,471,2.5917040973633,11.25317919075145,1.0507789216064,-0.0576684794996669,0.1870252154465064,-0.03241305915143542,-0.1108641268841498,-0.107493029217188,79025.95349333651,3.028773077135025
5.10,2,cr3bp_seed,472,2.597206653833285,11.27707129094412,1.050599197531671,-0.05827649190423549,0.1864275519525757,-0.03291026613992337,-0.1101265062003304,-0.1097385702946947,78861.90324140202,3.028773077135026
5.10,2,cr3bp_seed,473,2.602709210303271,11.3009633911368,1.050416746150944,-0.05888041130677499,0.1858175256884356,-0.03340434350509349,-0.10937643773328,-0.1119865092757037,78693.85003118524,3.028773077135026
5.10,2,cr3bp_seed,474,2.608211766773257,11.32485549132948,1.05023158472691,-0.05948016894062601,0.1851951231960225,-0.03389527603586827,-0.1086138219663491,-0.1142369421798842,78521.78923065138,3.028773077135025
5.10,2,cr3bp_seed,475,2.613714323243243,11.34874759152216,1.050043730606482,-0.06007569548081338,0.1845603304845868,-0.03438304833250617,-0.1078385554669277,-0.1164899666119921,78345.71604637594,3.028773077135025
5.10,2,cr3bp_seed,476,2.619216879713228,11.37263969171484,1.049853201221823,-0.06066692102216968,0.1839131330217964,-0.0348676448088887,-0.107050530766224,-0.1187456818256445,78165.6255215389,3.028773077135026
5.10,2,cr3bp_seed,477,2.624719436183214,11.39653179190752,1.049660014091367,-0.06125377505678282,0.1832535157244843,-0.03534904969519478,-0.1062496362334685,-0.1210041887887492,77981.51253382735,3.028773077135026
5.10,2,cr3bp_seed,478,2.6302219926532,11.42042389210019,1.04946418682082,-0.06183618645073475,0.182581462949032,-0.03582724704099526,-0.1054357559442781,-0.123265590250654,77793.37179324499,3.028773077135026
5.10,2,cr3bp_seed,479,2.635724549123186,11.44431599229287,1.049265737104147,-0.06241408342009976,0.181896958481378,-0.03630222071880435,-0.1046087695428938,-0.1255299908110904,77601.19783982604,3.028773077135027
5.10,2,cr3bp_seed,480,2.641227105593171,11.46820809248555,1.049064682724531,-0.06298739350616664,0.1811999855266421,-0.03677395442812624,-0.1037685520979937,-0.1277974969909808,77404.98504125224,3.028773077135026
5.10,2,cr3bp_seed,481,2.646729662063157,11.49210019267823,1.048861041555316,-0.06355604354984956,0.1804905266983545,-0.03724243170003868,-0.1029149739517598,-0.1300682173051876,77204.7275903699,3.028773077135026
5.10,2,cr3bp_seed,482,2.652232218533143,11.51599229287091,1.04865483156092,-0.06411995966524857,0.1797685640072796,-0.03770763590235748,-0.1020479005618629,-0.1323422623372769,77000.41950260584,3.028773077135026
5.10,2,cr3bp_seed,483,2.657734775003129,11.53988439306358,1.048446070797714,-0.06467906721232086,0.179034078849822,-0.03816955024543056,-0.1011671923360073,-0.1346197448163803,76792.05461327889,3.028773077135026
5.10,2,cr3bp_seed,484,2.663237331473114,11.56377649325626,1.048234777414876,-0.06523329076861971,0.1782870519960043,-0.03862815778861148,-0.1002727044586558,-0.1369007796962318,76579.62657480552,3.028773077135026
5.10,2,cr3bp_seed,485,2.6687398879431,11.58766859344894,1.048020969655199,-0.06578255410005808,0.1775274635770031,-0.03908344144746873,-0.09936428670953276,-0.139185484236467,76363.12885379649,3.028773077135026
5.10,2,cr3bp_seed,486,2.674242444413086,11.61156069364162,1.047804665855862,-0.06632678013064942,0.1767552930722321,-0.03953538400178871,-0.09844178327347951,-0.1414739780862657,76142.55472804264,3.028773077135026
5.10,2,cr3bp_seed,487,2.679745000883072,11.6354527938343,1.047585884449151,-0.06686589091117787,0.1759705192959573,-0.03998396810443669,-0.09750503254120738,-0.1437663833704312,75917.89728338634,3.028773077135025
5.10,2,cr3bp_seed,488,2.685247557353057,11.65934489402697,1.047364643963134,-0.06739980758674538,0.1751731203834326,-0.04042917629114309,-0.09655386690047037,-0.1460628247779902,75689.1494104773,3.028773077135026
5.10,2,cr3bp_seed,489,2.690750113823043,11.68323699421965,1.047140963022275,-0.06792845036314291,0.17436307377654,-0.04087099099128949,-0.09558811251714458,-0.1483634296534112,75456.30380140844,3.028773077135026
5.10,2,cr3bp_seed,490,2.696252670293029,11.70712909441233,1.046914860347986,-0.06845173847198725,0.1735403562089206,-0.04130939453977195,-0.09460758910567461,-0.1506683280905321,75219.35294623044,3.028773077135025
5.10,2,cr3bp_seed,491,2.701755226763015,11.73102119460501,1.046686354759114,-0.06896959013456477,0.172704943690582,-0.04174436919002777,-0.09361210968830916,-0.1529776530292939,74978.28912934106,3.028773077135026
5.10,2,cr3bp_seed,492,2.707257783233001,11.75491329479769,1.046455465172348,-0.06948192252431791,0.1718568114919632,-0.04217589712831614,-0.09260148034251406,-0.1552915403553826,74733.1044257469,3.028773077135026
5.10,2,cr3bp_seed,493,2.712760339702986,11.77880539499037,1.046222210602547,-0.06998865172790743,0.1709959341274462,-0.04260396048935172,-0.09157549993591235,-0.1576101290028733,74483.79069719445,3.028773077135026
5.10,2,cr3bp_seed,494,2.718262896172972,11.80269749518305,1.04598661016298,-0.07048969270478096,0.1701222853382909,-0.0430285413733969,-0.09053395984805646,-0.1599335610599871,74230.33958816717,3.028773077135026
5.10,2,cr3bp_seed,495,2.723765452642958,11.82658959537572,1.045748683065461,-0.07098495924517194,0.1692358380749825,-0.04344962186492696,-0.08947664367829745,-0.1622619818780568,73972.74252174581,3.028773077135026
5.10,2,cr3bp_seed,496,2.729268009112944,11.8504816955684,1.045508448620381,-0.07147436392645169,0.1683365644789674,-0.04386718405299197,-0.08840332693896347,-0.1645955401838151,73710.99069532829,3.028773077135025
5.10,2,cr3bp_seed,497,2.73477056558293,11.87437379576108,1.045265926236626,-0.07195781806775028,0.1674244358637636,-0.04428121005340741,-0.0873137767330132,-0.1669343881951044,73445.07507620683,3.028773077135026
5.10,2,cr3bp_seed,498,2.740273122052916,11.89826589595376,1.045021135421363,-0.07243523168275946,0.1664994226954244,-0.04469168203291839,-0.08620775141527039,-0.1692786817401246,73174.98639699776,3.028773077135026
5.10,2,cr3bp_seed,499,2.745775678522901,11.92215799614644,1.044774095779684,-0.07290651343062371,0.1655614945723358,-0.04509858223549083,-0.08508500023629083,-0.171628580380319,72900.71515092207,3.028773077135026
5.10,2,cr3bp_seed,500,2.751278234992887,11.94605009633911,1.044524827014112,-0.07337157056482199,0.1646106202043267,-0.04550189301089862,-0.08394526296784557,-0.1739842475370172,72622.25158693235,3.028773077135026
5.10,2,cr3bp_seed,501,2.756780791462873,11.96994219653179,1.044273348923925,-0.07383030887993512,0.1636467673910737,-0.04590159684578599,-0.08278826950894004,-0.1763458506219341,72339.5857046834,3.028773077135026
5.10,2,cr3bp_seed,502,2.762283347932859,11.99383429672447,1.044019681404319,-0.07428263265618974,0.1626699029997743,-0.04629767639740227,-0.08161373947121091,-0.1787135611716431,72052.70724934268,3.028773077135026
5.10,2,cr3bp_seed,503,2.767785904402844,12.01772639691715,1.043763844445366,-0.07472844460166062,0.1616799929420715,-0.04669011453021878,-0.08042138174246881,-0.1810875549861226,71761.60570623814,3.028773077135026
5.10,2,cr3bp_seed,504,2.77328846087283,12.04161849710983,1.043505858130766,-0.07516764579200887,0.1606770021502026,-0.04707889435565858,-0.07921089402706416,-0.183468012271489,71466.27029533889,3.028773077135026
5.10,2,cr3bp_seed,505,2.778791017342816,12.0655105973025,1.043245742636373,-0.07560013560762346,0.159660894552352,-0.04746399927518488,-0.07798196236166799,-0.1858551177870108,71166.68996556669,3.028773077135026
5.10,2,cr3bp_seed,506,2.784293573812802,12.08940269749518,1.04298351822847,-0.07602581166802773,0.1586316330471828,-0.04784541302701832,-0.07673426060495481,-0.1882490609965119,70862.85338893432,3.028773077135026
5.10,2,cr3bp_seed,507,2.789796130282787,12.11329479768786,1.042719205261781,-0.07644456976340175,0.157589179477523,-0.04822311973677221,-0.07546744989957435,-0.1906500362242489,70554.74895450822,3.028773077135026
5.10,2,cr3bp_seed,508,2.795298686752773,12.13718689788054,1.042452824177188,-0.07685630378306468,0.1565334946031806,-0.04859710397232268,-0.07418117810467773,-0.1930582428153599,70242.36476219198,3.028773077135026
5.10,2,cr3bp_seed,509,2.800801243222759,12.16107899807322,1.042184395499138,-0.07726090564074871,0.1554645380728651,-0.04896735080325386,-0.07287507919714635,-0.1954738853009561,69925.68861632855,3.028773077135026
5.10,2,cr3bp_seed,510,2.806303799692745,12.1849710982659,1.041913939832706,-0.07765826519648801,0.1543822683951853,-0.04933384586525104,-0.07154877263953104,-0.1978971735679373,69604.70801911793,3.028773077135026
5.10,2,cr3bp_seed,511,2.81180635616273,12.20886319845857,1.041641477860292,-0.07804827017493302,0.1532866429087014,-0.04969657542984383,-0.07020186271257048,-0.2003283230335823,69279.41016384844,3.028773077135026
5.10,2,cr3bp_seed,512,2.817308912632716,12.23275529865125,1.041367030337915,-0.07843080607988946,0.1521776177510014,-0.05005552647993737,-0.06883393780999543,-0.202767554824969,68949.78192793921,3.028773077135026
5.10,2,cr3bp_seed,513,2.822811469102702,12.25664739884393,1.041090618091081,-0.07880575610486731,0.151055147826779,-0.05041068679160771,-0.0674445696931612,-0.2052150959632485,68615.8098657926,3.028773077135026
5.10,2,cr3bp_seed,514,2.828314025572688,12.28053949903661,1.040812262010173,-0.07917300103941209,0.1499191867748823,-0.0507620450226793,-0.06603331270286177,-0.2076711795527901,68277.48020145443,3.028773077135026
5.10,2,cr3bp_seed,515,2.833816582042674,12.30443159922929,1.040531983045341,-0.0795324191709747,0.148769686934309,-0.05110959080864775,-0.06459970292548332,-0.2101360449751852,67934.77882108184,3.028773077135026
5.10,2,cr3bp_seed,516,2.839319138512659,12.32832369942196,1.040249802200839,-0.07988388618206031,0.147606599309121,-0.05145331486656169,-0.06314325731043897,-0.2126099380880721,67587.69126521851,3.028773077135026
5.10,2,cr3bp_seed,517,2.844821694982645,12.35221579961464,1.039965740528773,-0.0802272750423796,0.1464298735322514,-0.05179320910753249,-0.06166347273558791,-0.2150931114287192,67236.20272087662,3.028773077135026
5.10,2,cr3bp_seed,518,2.850324251452631,12.37610789980732,1.039679819122193,-0.0805624558957059,0.1452394578281792,-0.05212926675860047,-0.06015982501709392,-0.217585824422259,66880.29801342775,3.028773077135026
5.10,2,cr3bp_seed,519,2.855826807922617,12.4,1.039392059107499,-0.08088929594112279,0.1440352989744444,-0.05246148249475342,-0.05863176785989426,-0.2200883435944353,66519.96159830365,3.028773077135026
