eigen_index,classification,real,imag,magnitude,angle_rad,target_jacobi,mean_jacobi,curve_jacobi_span,curve_residual_norm,spectral_samples,dg_dimension,mapping_time_days,rotation_angle_rad,determinant,max_multiplier,stability_index,paper_stability_index,stability_index_error,paper_implied_unstable_radius
0,unstable,187.32958668214403,103.22957531019566,213.88950246617122,0.5036555740435898,3.044,3.043999999999825,1.058200194137271e-09,1.1903675474996596e-09,93,558,14.535033977337037,0.6655211628675557,0.999999999968546,213.88950246617122,106.9470888887173,1.3837,105.5633888887173,2.3400606485003443
1,unstable,187.32958668214403,-103.22957531019566,213.88950246617122,-0.5036555740435898,3.044,3.043999999999825,1.058200194137271e-09,1.1903675474996596e-09,93,558,14.535033977337037,0.6655211628675557,0.999999999968546,213.88950246617122,106.9470888887173,1.3837,105.5633888887173,2.3400606485003443
2,unstable,140.95137105072203,-160.08963796164244,213.29786961844712,-0.8488863446593294,3.044,3.043999999999825,1.058200194137271e-09,1.1903675474996596e-09,93,558,14.535033977337037,0.6655211628675557,0.999999999968546,213.88950246617122,106.9470888887173,1.3837,105.5633888887173,2.3400606485003443
3,unstable,140.95137105072203,160.08963796164244,213.29786961844712,0.8488863446593294,3.044,3.043999999999825,1.058200194137271e-09,1.1903675474996596e-09,93,558,14.535033977337037,0.6655211628675557,0.999999999968546,213.88950246617122,106.9470888887173,1.3837,105.5633888887173,2.3400606485003443
4,unstable,71.67432290794738,198.61577796676897,211.15263631235482,1.2244714567850252,3.044,3.043999999999825,1.058200194137271e-09,1.1903675474996596e-09,93,558,14.535033977337037,0.6655211628675557,0.999999999968546,213.88950246617122,106.9470888887173,1.3837,105.5633888887173,2.3400606485003443
5,unstable,71.67432290794738,-198.61577796676897,211.15263631235482,-1.2244714567850252,3.044,3.043999999999825,1.058200194137271e-09,1.1903675474996596e-09,93,558,14.535033977337037,0.6655211628675557,0.999999999968546,213.88950246617122,106.9470888887173,1.3837,105.5633888887173,2.3400606485003443
6,unstable,205.16785463239177,-26.467811067367304,206.86805842651518,-0.12829704867487948,3.044,3.043999999999825,1.058200194137271e-09,1.1903675474996596e-09,93,558,14.535033977337037,0.6655211628675557,0.999999999968546,213.88950246617122,106.9470888887173,1.3837,105.5633888887173,2.3400606485003443
7,unstable,205.16785463239177,26.467811067367304,206.86805842651518,0.12829704867487948,3.044,3.043999999999825,1.058200194137271e-09,1.1903675474996596e-09,93,558,14.535033977337037,0.6655211628675557,0.999999999968546,213.88950246617122,106.9470888887173,1.3837,105.5633888887173,2.3400606485003443
8,unstable,92.63889391290124,182.2215576987407,204.4178582109725,1.1004624240433,3.044,3.043999999999825,1.058200194137271e-09,1.1903675474996596e-09,93,558,14.535033977337037,0.6655211628675557,0.999999999968546,213.88950246617122,106.9470888887173,1.3837,105.5633888887173,2.3400606485003443
9,unstable,92.63889391290124,-182.2215576987407,204.4178582109725,-1.1004624240433,3.044,3.043999999999825,1.058200194137271e-09,1.1903675474996596e-09,93,558,14.535033977337037,0.6655211628675557,0.999999999968546,213.88950246617122,106.9470888887173,1.3837,105.5633888887173,2.3400606485003443
10,unstable,-63.60064297780302,193.8730702456438,204.0387442464354,1.8877870801693597,3.044,3.043999999999825,1.058200194137271e-09,1.1903675474996596e-09,93,558,14.535033977337037,0.6655211628675557,0.999999999968546,213.88950246617122,106.9470888887173,1.3837,105.5633888887173,2.3400606485003443
11,unstable,-63.60064297780302,-193.8730702456438,204.0387442464354,-1.8877870801693597,3.044,3.043999999999825,1.058200194137271e-09,1.1903675474996596e-09,93,558,14.535033977337037,0.6655211628675557,0.999999999968546,213.88950246617122,106.9470888887173,1.3837,105.5633888887173,2.3400606485003443
12,unstable,198.11973301590822,45.946650666688065,203.37778472040995,0.22788503596655174,3.044,3.043999999999825,1.058200194137271e-09,1.1903675474996596e-09,93,558,14.535033977337037,0.6655211628675557,0.999999999968546,213.88950246617122,106.9470888887173,1.3837,105.5633888887173,2.3400606485003443
13,unstable,198.11973301590822,-45.946650666688065,203.37778472040995,-0.22788503596655174,3.044,3.043999999999825,1.058200194137271e-09,1.1903675474996596e-09,93,558,14.535033977337037,0.6655211628675557,0.999999999968546,213.88950246617122,106.9470888887173,1.3837,105.5633888887173,2.3400606485003443
14,unstable,3.7732626608518487,-202.90660071965928,202.94168159034018,-1.5522024131936434,3.044,3.043999999999825,1.058200194137271e-09,1.1903675474996596e-09,93,558,14.535033977337037,0.6655211628675557,0.999999999968546,213.88950246617122,106.9470888887173,1.3837,105.5633888887173,2.3400606485003443
15,unstable,3.7732626608518487,202.90660071965928,202.94168159034018,1.5522024131936434,3.044,3.043999999999825,1.058200194137271e-09,1.1903675474996596e-09,93,558,14.535033977337037,0.6655211628675557,0.999999999968546,213.88950246617122,106.9470888887173,1.3837,105.5633888887173,2.3400606485003443
16,unstable,-40.02164153337397,198.7584066354358,202.74771515181897,1.7694975380377118,3.044,3.043999999999825,1.058200194137271e-09,1.1903675474996596e-09,93,558,14.535033977337037,0.6655211628675557,0.999999999968546,213.88950246617122,106.9470888887173,1.3837,105.5633888887173,2.3400606485003443
17,unstable,-40.02164153337397,-198.7584066354358,202.74771515181897,-1.7694975380377118,3.044,3.043999999999825,1.058200194137271e-09,1.1903675474996596e-09,93,558,14.535033977337037,0.6655211628675557,0.999999999968546,213.88950246617122,106.9470888887173,1.3837,105.5633888887173,2.3400606485003443
18,unstable,-122.31231967597117,-161.65559697009485,202.71367880899086,-2.218522607328609,3.044,3.043999999999825,1.058200194137271e-09,1.1903675474996596e-09,93,558,14.535033977337037,0.6655211628675557,0.999999999968546,213.88950246617122,106.9470888887173,1.3837,105.5633888887173,2.3400606485003443
19,unstable,-122.31231967597117,161.65559697009485,202.71367880899086,2.218522607328609,3.044,3.043999999999825,1.058200194137271e-09,1.1903675474996596e-09,93,558,14.535033977337037,0.6655211628675557,0.999999999968546,213.88950246617122,106.9470888887173,1.3837,105.5633888887173,2.3400606485003443
20,unstable,183.66882225450453,85.68584764308963,202.67289102065808,0.4365097050543991,3.044,3.043999999999825,1.058200194137271e-09,1.1903675474996596e-09,93,558,14.535033977337037,0.6655211628675557,0.999999999968546,213.88950246617122,106.9470888887173,1.3837,105.5633888887173,2.3400606485003443
21,unstable,183.66882225450453,-85.68584764308963,202.67289102065808,-0.4365097050543991,3.044,3.043999999999825,1.058200194137271e-09,1.1903675474996596e-09,93,558,14.535033977337037,0.6655211628675557,0.999999999968546,213.88950246617122,106.9470888887173,1.3837,105.5633888887173,2.3400606485003443
22,unstable,-100.15527758657592,-176.16205898266807,202.64291414568905,-2.087762624579654,3.044,3.043999999999825,1.058200194137271e-09,1.1903675474996596e-09,93,558,14.535033977337037,0.6655211628675557,0.999999999968546,213.88950246617122,106.9470888887173,1.3837,105.5633888887173,2.3400606485003443
23,unstable,-100.15527758657592,176.16205898266807,202.64291414568905,2.087762624579654,3.044,3.043999999999825,1.058200194137271e-09,1.1903675474996596e-09,93,558,14.535033977337037,0.6655211628675557,0.999999999968546,213.88950246617122,106.9470888887173,1.3837,105.5633888887173,2.3400606485003443
24,unstable,30.503672295809096,-200.23887619077598,202.5489609000131,-1.4196221648344356,3.044,3.043999999999825,1.058200194137271e-09,1.1903675474996596e-09,93,558,14.535033977337037,0.6655211628675557,0.999999999968546,213.88950246617122,106.9470888887173,1.3837,105.5633888887173,2.3400606485003443
25,unstable,30.503672295809096,200.23887619077598,202.5489609000131,1.4196221648344356,3.044,3.043999999999825,1.058200194137271e-09,1.1903675474996596e-09,93,558,14.535033977337037,0.6655211628675557,0.999999999968546,213.88950246617122,106.9470888887173,1.3837,105.5633888887173,2.3400606485003443
26,unstable,59.37637885856843,-193.33848954661252,202.25065118936416,-1.2728285049418973,3.044,3.043999999999825,1.058200194137271e-09,1.1903675474996596e-09,93,558,14.535033977337037,0.6655211628675557,0.999999999968546,213.88950246617122,106.9470888887173,1.3837,105.5633888887173,2.3400606485003443
27,unstable,59.37637885856843,193.33848954661252,202.25065118936416,1.2728285049418973,3.044,3.043999999999825,1.058200194137271e-09,1.1903675474996596e-09,93,558,14.535033977337037,0.6655211628675557,0.999999999968546,213.88950246617122,106.9470888887173,1.3837,105.5633888887173,2.3400606485003443
28,unstable,-195.17351286625433,-51.54834115827981,201.86612296451415,-2.8833736077307766,3.044,3.043999999999825,1.058200194137271e-09,1.1903675474996596e-09,93,558,14.535033977337037,0.6655211628675557,0.999999999968546,213.88950246617122,106.9470888887173,1.3837,105.5633888887173,2.3400606485003443
29,unstable,-195.17351286625433,51.54834115827981,201.86612296451415,2.8833736077307766,3.044,3.043999999999825,1.058200194137271e-09,1.1903675474996596e-09,93,558,14.535033977337037,0.6655211628675557,0.999999999968546,213.88950246617122,106.9470888887173,1.3837,105.5633888887173,2.3400606485003443
30,unstable,125.8810742024743,157.1875516705527,201.3801659611778,0.8955472934094837,3.044,3.043999999999825,1.058200194137271e-09,1.1903675474996596e-09,93,558,14.535033977337037,0.6655211628675557,0.999999999968546,213.88950246617122,106.9470888887173,1.3837,105.5633888887173,2.3400606485003443
31,unstable,125.8810742024743,-157.1875516705527,201.3801659611778,-0.8955472934094837,3.044,3.043999999999825,1.058200194137271e-09,1.1903675474996596e-09,93,558,14.535033977337037,0.6655211628675557,0.999999999968546,213.88950246617122,106.9470888887173,1.3837,105.5633888887173,2.3400606485003443
32,unstable,166.45611587326772,-113.26481074954333,201.33692126816828,-0.5974832669411473,3.044,3.043999999999825,1.058200194137271e-09,1.1903675474996596e-09,93,558,14.535033977337037,0.6655211628675557,0.999999999968546,213.88950246617122,106.9470888887173,1.3837,105.5633888887173,2.3400606485003443
33,unstable,166.45611587326772,113.26481074954333,201.33692126816828,0.5974832669411473,3.044,3.043999999999825,1.058200194137271e-09,1.1903675474996596e-09,93,558,14.535033977337037,0.6655211628675557,0.999999999968546,213.88950246617122,106.9470888887173,1.3837,105.5633888887173,2.3400606485003443
34,unstable,-184.27181216677468,-80.94498789535945,201.26646969777897,-2.7276979528475453,3.044,3.043999999999825,1.058200194137271e-09,1.1903675474996596e-09,93,558,14.535033977337037,0.6655211628675557,0.999999999968546,213.88950246617122,106.9470888887173,1.3837,105.5633888887173,2.3400606485003443
35,unstable,-184.27181216677468,80.94498789535945,201.26646969777897,2.7276979528475453,3.044,3.043999999999825,1.058200194137271e-09,1.1903675474996596e-09,93,558,14.535033977337037,0.6655211628675557,0.999999999968546,213.88950246617122,106.9470888887173,1.3837,105.5633888887173,2.3400606485003443
36,unstable,149.0449239470429,-135.1416760773372,201.19061103185638,-0.736514185395818,3.044,3.043999999999825,1.058200194137271e-09,1.1903675474996596e-09,93,558,14.535033977337037,0.6655211628675557,0.999999999968546,213.88950246617122,106.9470888887173,1.3837,105.5633888887173,2.3400606485003443
37,unstable,149.0449239470429,135.1416760773372,201.19061103185638,0.736514185395818,3.044,3.043999999999825,1.058200194137271e-09,1.1903675474996596e-09,93,558,14.535033977337037,0.6655211628675557,0.999999999968546,213.88950246617122,106.9470888887173,1.3837,105.5633888887173,2.3400606485003443
38,unstable,-200.6252933810013,-8.886060060390781,200.8219868630169,-3.097329759555969,3.044,3.043999999999825,1.058200194137271e-09,1.1903675474996596e-09,93,558,14.535033977337037,0.6655211628675557,0.999999999968546,213.88950246617122,106.9470888887173,1.3837,105.5633888887173,2.3400606485003443
39,unstable,-200.6252933810013,8.886060060390781,200.8219868630169,3.097329759555969,3.044,3.043999999999825,1.058200194137271e-09,1.1903675474996596e-09,93,558,14.535033977337037,0.6655211628675557,0.999999999968546,213.88950246617122,106.9470888887173,1.3837,105.5633888887173,2.3400606485003443
40,unstable,-151.42551106257184,-131.12981095469758,200.3115391623153,-2.42790045885862,3.044,3.043999999999825,1.058200194137271e-09,1.1903675474996596e-09,93,558,14.535033977337037,0.6655211628675557,0.999999999968546,213.88950246617122,106.9470888887173,1.3837,105.5633888887173,2.3400606485003443
41,unstable,-151.42551106257184,131.12981095469758,200.3115391623153,2.42790045885862,3.044,3.043999999999825,1.058200194137271e-09,1.1903675474996596e-09,93,558,14.535033977337037,0.6655211628675557,0.999999999968546,213.88950246617122,106.9470888887173,1.3837,105.5633888887173,2.3400606485003443
42,unstable,-187.5886144819035,69.90487657424484,200.19035953836695,2.784883943856743,3.044,3.043999999999825,1.058200194137271e-09,1.1903675474996596e-09,93,558,14.535033977337037,0.6655211628675557,0.999999999968546,213.88950246617122,106.9470888887173,1.3837,105.5633888887173,2.3400606485003443
43,unstable,-187.5886144819035,-69.90487657424484,200.19035953836695,-2.784883943856743,3.044,3.043999999999825,1.058200194137271e-09,1.1903675474996596e-09,93,558,14.535033977337037,0.6655211628675557,0.999999999968546,213.88950246617122,106.9470888887173,1.3837,105.5633888887173,2.3400606485003443
44,unstable,102.63478431519584,171.4745478580223,199.84348754597923,1.0314492937746147,3.044,3.043999999999825,1.058200194137271e-09,1.1903675474996596e-09,93,558,14.535033977337037,0.6655211628675557,0.999999999968546,213.88950246617122,106.9470888887173,1.3837,105.5633888887173,2.3400606485003443
45,unstable,102.63478431519584,-171.4745478580223,199.84348754597923,-1.0314492937746147,3.044,3.043999999999825,1.058200194137271e-09,1.1903675474996596e-09,93,558,14.535033977337037,0.6655211628675557,0.999999999968546,213.88950246617122,106.9470888887173,1.3837,105.5633888887173,2.3400606485003443
46,unstable,190.64581713827857,58.64694415999561,199.46250688193908,0.2984351661857081,3.044,3.043999999999825,1.058200194137271e-09,1.1903675474996596e-09,93,558,14.535033977337037,0.6655211628675557,0.999999999968546,213.88950246617122,106.9470888887173,1.3837,105.5633888887173,2.3400606485003443
47,unstable,190.64581713827857,-58.64694415999561,199.46250688193908,-0.2984351661857081,3.044,3.043999999999825,1.058200194137271e-09,1.1903675474996596e-09,93,558,14.535033977337037,0.6655211628675557,0.999999999968546,213.88950246617122,106.9470888887173,1.3837,105.5633888887173,2.3400606485003443
48,unstable,198.9374150543676,-13.110103589456282,199.36892918566826,-0.06580549106943175,3.044,3.043999999999825,1.058200194137271e-09,1.1903675474996596e-09,93,558,14.535033977337037,0.6655211628675557,0.999999999968546,213.88950246617122,106.9470888887173,1.3837,105.5633888887173,2.3400606485003443
49,unstable,198.9374150543676,13.110103589456282,199.36892918566826,0.06580549106943175,3.044,3.043999999999825,1.058200194137271e-09,1.1903675474996596e-09,93,558,14.535033977337037,0.6655211628675557,0.999999999968546,213.88950246617122,106.9470888887173,1.3837,105.5633888887173,2.3400606485003443
50,unstable,185.94081976571124,71.48817510223152,199.20980807829727,0.367044873509449,3.044,3.043999999999825,1.058200194137271e-09,1.1903675474996596e-09,93,558,14.535033977337037,0.6655211628675557,0.999999999968546,213.88950246617122,106.9470888887173,1.3837,105.5633888887173,2.3400606485003443
51,unstable,185.94081976571124,-71.48817510223152,199.20980807829727,-0.367044873509449,3.044,3.043999999999825,1.058200194137271e-09,1.1903675474996596e-09,93,558,14.535033977337037,0.6655211628675557,0.999999999968546,213.88950246617122,106.9470888887173,1.3837,105.5633888887173,2.3400606485003443
52,unstable,-131.26222333110246,-149.75024342465326,199.13539785675255,-2.29049842084932,3.044,3.043999999999825,1.058200194137271e-09,1.1903675474996596e-09,93,558,14.535033977337037,0.6655211628675557,0.999999999968546,213.88950246617122,106.9470888887173,1.3837,105.5633888887173,2.3400606485003443
53,unstable,-131.26222333110246,149.75024342465326,199.13539785675255,2.29049842084932,3.044,3.043999999999825,1.058200194137271e-09,1.1903675474996596e-09,93,558,14.535033977337037,0.6655211628675557,0.999999999968546,213.88950246617122,106.9470888887173,1.3837,105.5633888887173,2.3400606485003443
54,unstable,47.121902414960914,193.4655735806206,199.12157554640737,1.3318809995240108,3.044,3.043999999999825,1.058200194137271e-09,1.1903675474996596e-09,93,558,14.535033977337037,0.6655211628675557,0.999999999968546,213.88950246617122,106.9470888887173,1.3837,105.5633888887173,2.3400606485003443
55,unstable,47.121902414960914,-193.4655735806206,199.12157554640737,-1.3318809995240108,3.044,3.043999999999825,1.058200194137271e-09,1.1903675474996596e-09,93,558,14.535033977337037,0.6655211628675557,0.999999999968546,213.88950246617122,106.9470888887173,1.3837,105.5633888887173,2.3400606485003443
56,unstable,-195.6558465704651,36.69812866922711,199.06773456547026,2.9561822090714136,3.044,3.043999999999825,1.058200194137271e-09,1.1903675474996596e-09,93,558,14.535033977337037,0.6655211628675557,0.999999999968546,213.88950246617122,106.9470888887173,1.3837,105.5633888887173,2.3400606485003443
57,unstable,-195.6558465704651,-36.69812866922711,199.06773456547026,-2.9561822090714136,3.044,3.043999999999825,1.058200194137271e-09,1.1903675474996596e-09,93,558,14.535033977337037,0.6655211628675557,0.999999999968546,213.88950246617122,106.9470888887173,1.3837,105.5633888887173,2.3400606485003443
58,unstable,199.0602286296765,0.0,199.0602286296765,0.0,3.044,3.043999999999825,1.058200194137271e-09,1.1903675474996596e-09,93,558,14.535033977337037,0.6655211628675557,0.999999999968546,213.88950246617122,106.9470888887173,1.3837,105.5633888887173,2.3400606485003443
59,unstable,156.56327702845084,122.88474677907371,199.02944682846433,0.6654585750557013,3.044,3.043999999999825,1.058200194137271e-09,1.1903675474996596e-09,93,558,14.535033977337037,0.6655211628675557,0.999999999968546,213.88950246617122,106.9470888887173,1.3837,105.5633888887173,2.3400606485003443
60,unstable,156.56327702845084,-122.88474677907371,199.02944682846433,-0.6654585750557013,3.044,3.043999999999825,1.058200194137271e-09,1.1903675474996596e-09,93,558,14.535033977337037,0.6655211628675557,0.999999999968546,213.88950246617122,106.9470888887173,1.3837,105.5633888887173,2.3400606485003443
61,unstable,-10.849910327822997,-198.7050115149118,199.00101043779412,-1.6253452608919907,3.044,3.043999999999825,1.058200194137271e-09,1.1903675474996596e-09,93,558,14.535033977337037,0.6655211628675557,0.999999999968546,213.88950246617122,106.9470888887173,1.3837,105.5633888887173,2.3400606485003443
62,unstable,-10.849910327822997,198.7050115149118,199.00101043779412,1.6253452608919907,3.044,3.043999999999825,1.058200194137271e-09,1.1903675474996596e-09,93,558,14.535033977337037,0.6655211628675557,0.999999999968546,213.88950246617122,106.9470888887173,1.3837,105.5633888887173,2.3400606485003443
63,unstable,-82.25824484293653,-181.20369484850247,199.00049716367468,-1.9969340028010623,3.044,3.043999999999825,1.058200194137271e-09,1.1903675474996596e-09,93,558,14.535033977337037,0.6655211628675557,0.999999999968546,213.88950246617122,106.9470888887173,1.3837,105.5633888887173,2.3400606485003443
64,unstable,-82.25824484293653,181.20369484850247,199.00049716367468,1.9969340028010623,3.044,3.043999999999825,1.058200194137271e-09,1.1903675474996596e-09,93,558,14.535033977337037,0.6655211628675557,0.999999999968546,213.88950246617122,106.9470888887173,1.3837,105.5633888887173,2.3400606485003443
65,unstable,-176.5227553517235,-91.76180543028292,198.94851618644842,-2.662207269466054,3.044,3.043999999999825,1.058200194137271e-09,1.1903675474996596e-09,93,558,14.535033977337037,0.6655211628675557,0.999999999968546,213.88950246617122,106.9470888887173,1.3837,105.5633888887173,2.3400606485003443
66,unstable,-176.5227553517235,91.76180543028292,198.94851618644842,2.662207269466054,3.044,3.043999999999825,1.058200194137271e-09,1.1903675474996596e-09,93,558,14.535033977337037,0.6655211628675557,0.999999999968546,213.88950246617122,106.9470888887173,1.3837,105.5633888887173,2.3400606485003443
67,unstable,-167.83107457577296,106.65809269555083,198.85476692981584,2.5754722503045655,3.044,3.043999999999825,1.058200194137271e-09,1.1903675474996596e-09,93,558,14.535033977337037,0.6655211628675557,0.999999999968546,213.88950246617122,106.9470888887173,1.3837,105.5633888887173,2.3400606485003443
68,unstable,-167.83107457577296,-106.65809269555083,198.85476692981584,-2.5754722503045655,3.044,3.043999999999825,1.058200194137271e-09,1.1903675474996596e-09,93,558,14.535033977337037,0.6655211628675557,0.999999999968546,213.88950246617122,106.9470888887173,1.3837,105.5633888887173,2.3400606485003443
69,unstable,113.4857431451386,163.28009254127988,198.84517222576287,0.9634088522165004,3.044,3.043999999999825,1.058200194137271e-09,1.1903675474996596e-09,93,558,14.535033977337037,0.6655211628675557,0.999999999968546,213.88950246617122,106.9470888887173,1.3837,105.5633888887173,2.3400606485003443
70,unstable,113.4857431451386,-163.28009254127988,198.84517222576287,-0.9634088522165004,3.044,3.043999999999825,1.058200194137271e-09,1.1903675474996596e-09,93,558,14.535033977337037,0.6655211628675557,0.999999999968546,213.88950246617122,106.9470888887173,1.3837,105.5633888887173,2.3400606485003443
71,unstable,-74.55598067979373,-184.0723551699552,198.59815254160824,-1.9556367645532964,3.044,3.043999999999825,1.058200194137271e-09,1.1903675474996596e-09,93,558,14.535033977337037,0.6655211628675557,0.999999999968546,213.88950246617122,106.9470888887173,1.3837,105.5633888887173,2.3400606485003443
72,unstable,-74.55598067979373,184.0723551699552,198.59815254160824,1.9556367645532964,3.044,3.043999999999825,1.058200194137271e-09,1.1903675474996596e-09,93,558,14.535033977337037,0.6655211628675557,0.999999999968546,213.88950246617122,106.9470888887173,1.3837,105.5633888887173,2.3400606485003443
73,unstable,-25.70153987735398,196.897823203735,198.56817956167222,1.700594819469381,3.044,3.043999999999825,1.058200194137271e-09,1.1903675474996596e-09,93,558,14.535033977337037,0.6655211628675557,0.999999999968546,213.88950246617122,106.9470888887173,1.3837,105.5633888887173,2.3400606485003443
74,unstable,-25.70153987735398,-196.897823203735,198.56817956167222,-1.700594819469381,3.044,3.043999999999825,1.058200194137271e-09,1.1903675474996596e-09,93,558,14.535033977337037,0.6655211628675557,0.999999999968546,213.88950246617122,106.9470888887173,1.3837,105.5633888887173,2.3400606485003443
75,unstable,-197.02363762080535,21.88923686474721,198.23585062206945,3.0309468556321604,3.044,3.043999999999825,1.058200194137271e-09,1.1903675474996596e-09,93,558,14.535033977337037,0.6655211628675557,0.999999999968546,213.88950246617122,106.9470888887173,1.3837,105.5633888887173,2.3400606485003443
76,unstable,-197.02363762080535,-21.88923686474721,198.23585062206945,-3.0309468556321604,3.044,3.043999999999825,1.058200194137271e-09,1.1903675474996596e-09,93,558,14.535033977337037,0.6655211628675557,0.999999999968546,213.88950246617122,106.9470888887173,1.3837,105.5633888887173,2.3400606485003443
77,unstable,-140.72491006573614,138.79914391391046,197.65804477491915,2.363083828182332,3.044,3.043999999999825,1.058200194137271e-09,1.1903675474996596e-09,93,558,14.535033977337037,0.6655211628675557,0.999999999968546,213.88950246617122,106.9470888887173,1.3837,105.5633888887173,2.3400606485003443
78,unstable,-140.72491006573614,-138.79914391391046,197.65804477491915,-2.363083828182332,3.044,3.043999999999825,1.058200194137271e-09,1.1903675474996596e-09,93,558,14.535033977337037,0.6655211628675557,0.999999999968546,213.88950246617122,106.9470888887173,1.3837,105.5633888887173,2.3400606485003443
79,unstable,-157.48763320119605,116.93841258253718,196.15541529266574,2.502893112330897,3.044,3.043999999999825,1.058200194137271e-09,1.1903675474996596e-09,93,558,14.535033977337037,0.6655211628675557,0.999999999968546,213.88950246617122,106.9470888887173,1.3837,105.5633888887173,2.3400606485003443
80,unstable,-157.48763320119605,-116.93841258253718,196.15541529266574,-2.502893112330897,3.044,3.043999999999825,1.058200194137271e-09,1.1903675474996596e-09,93,558,14.535033977337037,0.6655211628675557,0.999999999968546,213.88950246617122,106.9470888887173,1.3837,105.5633888887173,2.3400606485003443
81,unstable,-84.92472638066036,-167.61703300906646,187.90337651461326,-2.039757162093126,3.044,3.043999999999825,1.058200194137271e-09,1.1903675474996596e-09,93,558,14.535033977337037,0.6655211628675557,0.999999999968546,213.88950246617122,106.9470888887173,1.3837,105.5633888887173,2.3400606485003443
82,unstable,-84.92472638066036,167.61703300906646,187.90337651461326,2.039757162093126,3.044,3.043999999999825,1.058200194137271e-09,1.1903675474996596e-09,93,558,14.535033977337037,0.6655211628675557,0.999999999968546,213.88950246617122,106.9470888887173,1.3837,105.5633888887173,2.3400606485003443
83,unstable,29.711704027966285,-179.18282362295417,181.6294844945065,-1.406473674096037,3.044,3.043999999999825,1.058200194137271e-09,1.1903675474996596e-09,93,558,14.535033977337037,0.6655211628675557,0.999999999968546,213.88950246617122,106.9470888887173,1.3837,105.5633888887173,2.3400606485003443
84,unstable,29.711704027966285,179.18282362295417,181.6294844945065,1.406473674096037,3.044,3.043999999999825,1.058200194137271e-09,1.1903675474996596e-09,93,558,14.535033977337037,0.6655211628675557,0.999999999968546,213.88950246617122,106.9470888887173,1.3837,105.5633888887173,2.3400606485003443
85,unstable,-162.4299887872113,-74.77298306810087,178.81415003940847,-2.7101735213189313,3.044,3.043999999999825,1.058200194137271e-09,1.1903675474996596e-09,93,558,14.535033977337037,0.6655211628675557,0.999999999968546,213.88950246617122,106.9470888887173,1.3837,105.5633888887173,2.3400606485003443
86,unstable,-162.4299887872113,74.77298306810087,178.81415003940847,2.7101735213189313,3.044,3.043999999999825,1.058200194137271e-09,1.1903675474996596e-09,93,558,14.535033977337037,0.6655211628675557,0.999999999968546,213.88950246617122,106.9470888887173,1.3837,105.5633888887173,2.3400606485003443
87,unstable,-22.57065503842972,166.5089012064975,168.03168942154616,1.7055273735049779,3.044,3.043999999999825,1.058200194137271e-09,1.1903675474996596e-09,93,558,14.535033977337037,0.6655211628675557,0.999999999968546,213.88950246617122,106.9470888887173,1.3837,105.5633888887173,2.3400606485003443
88,unstable,-22.57065503842972,-166.5089012064975,168.03168942154616,-1.7055273735049779,3.044,3.043999999999825,1.058200194137271e-09,1.1903675474996596e-09,93,558,14.535033977337037,0.6655211628675557,0.999999999968546,213.88950246617122,106.9470888887173,1.3837,105.5633888887173,2.3400606485003443
89,unstable,84.89792966247609,122.1044496683836,148.7183750912898,0.9632388396479158,3.044,3.043999999999825,1.058200194137271e-09,1.1903675474996596e-09,93,558,14.535033977337037,0.6655211628675557,0.999999999968546,213.88950246617122,106.9470888887173,1.3837,105.5633888887173,2.3400606485003443
90,unstable,84.89792966247609,-122.1044496683836,148.7183750912898,-0.9632388396479158,3.044,3.043999999999825,1.058200194137271e-09,1.1903675474996596e-09,93,558,14.535033977337037,0.6655211628675557,0.999999999968546,213.88950246617122,106.9470888887173,1.3837,105.5633888887173,2.3400606485003443
91,unstable,-20.39217778750238,53.76429706180683,57.50165696279818,1.9333214374812289,3.044,3.043999999999825,1.058200194137271e-09,1.1903675474996596e-09,93,558,14.535033977337037,0.6655211628675557,0.999999999968546,213.88950246617122,106.9470888887173,1.3837,105.5633888887173,2.3400606485003443
92,unstable,-20.39217778750238,-53.76429706180683,57.50165696279818,-1.9333214374812289,3.044,3.043999999999825,1.058200194137271e-09,1.1903675474996596e-09,93,558,14.535033977337037,0.6655211628675557,0.999999999968546,213.88950246617122,106.9470888887173,1.3837,105.5633888887173,2.3400606485003443
93,unstable,-11.545922429774965,2.0784915189751207,11.731515321936554,2.963480799196456,3.044,3.043999999999825,1.058200194137271e-09,1.1903675474996596e-09,93,558,14.535033977337037,0.6655211628675557,0.999999999968546,213.88950246617122,106.9470888887173,1.3837,105.5633888887173,2.3400606485003443
94,unstable,-11.545922429774965,-2.0784915189751207,11.731515321936554,-2.963480799196456,3.044,3.043999999999825,1.058200194137271e-09,1.1903675474996596e-09,93,558,14.535033977337037,0.6655211628675557,0.999999999968546,213.88950246617122,106.9470888887173,1.3837,105.5633888887173,2.3400606485003443
95,unstable,0.7665391993495259,3.940855170963924,4.014713168166875,1.3786842970576278,3.044,3.043999999999825,1.058200194137271e-09,1.1903675474996596e-09,93,558,14.535033977337037,0.6655211628675557,0.999999999968546,213.88950246617122,106.9470888887173,1.3837,105.5633888887173,2.3400606485003443
96,unstable,0.7665391993495259,-3.940855170963924,4.014713168166875,-1.3786842970576278,3.044,3.043999999999825,1.058200194137271e-09,1.1903675474996596e-09,93,558,14.535033977337037,0.6655211628675557,0.999999999968546,213.88950246617122,106.9470888887173,1.3837,105.5633888887173,2.3400606485003443
97,unstable,-3.243638233655501,-1.310443164184685,3.4983496505338265,-2.75763923421018,3.044,3.043999999999825,1.058200194137271e-09,1.1903675474996596e-09,93,558,14.535033977337037,0.6655211628675557,0.999999999968546,213.88950246617122,106.9470888887173,1.3837,105.5633888887173,2.3400606485003443
98,unstable,-3.243638233655501,1.310443164184685,3.4983496505338265,2.75763923421018,3.044,3.043999999999825,1.058200194137271e-09,1.1903675474996596e-09,93,558,14.535033977337037,0.6655211628675557,0.999999999968546,213.88950246617122,106.9470888887173,1.3837,105.5633888887173,2.3400606485003443
99,unstable,-1.3585294610566963,-3.0595923242414025,3.3476420787049364,-1.9886687003828736,3.044,3.043999999999825,1.058200194137271e-09,1.1903675474996596e-09,93,558,14.535033977337037,0.6655211628675557,0.999999999968546,213.88950246617122,106.9470888887173,1.3837,105.5633888887173,2.3400606485003443
100,unstable,-1.3585294610566963,3.0595923242414025,3.3476420787049364,1.9886687003828736,3.044,3.043999999999825,1.058200194137271e-09,1.1903675474996596e-09,93,558,14.535033977337037,0.6655211628675557,0.999999999968546,213.88950246617122,106.9470888887173,1.3837,105.5633888887173,2.3400606485003443
101,unstable,2.298512765407291,-2.423719626501086,3.3402960588287436,-0.8119062897482022,3.044,3.043999999999825,1.058200194137271e-09,1.1903675474996596e-09,93,558,14.535033977337037,0.6655211628675557,0.999999999968546,213.88950246617122,106.9470888887173,1.3837,105.5633888887173,2.3400606485003443
102,unstable,2.298512765407291,2.423719626501086,3.3402960588287436,0.8119062897482022,3.044,3.043999999999825,1.058200194137271e-09,1.1903675474996596e-09,93,558,14.535033977337037,0.6655211628675557,0.999999999968546,213.88950246617122,106.9470888887173,1.3837,105.5633888887173,2.3400606485003443
103,unstable,-3.264911740591456,0.0,3.264911740591456,3.141592653589793,3.044,3.043999999999825,1.058200194137271e-09,1.1903675474996596e-09,93,558,14.535033977337037,0.6655211628675557,0.999999999968546,213.88950246617122,106.9470888887173,1.3837,105.5633888887173,2.3400606485003443
104,unstable,-2.43966566117846,-2.1247542509701227,3.2352046558678387,-2.42507798043879,3.044,3.043999999999825,1.058200194137271e-09,1.1903675474996596e-09,93,558,14.535033977337037,0.6655211628675557,0.999999999968546,213.88950246617122,106.9470888887173,1.3837,105.5633888887173,2.3400606485003443
105,unstable,-2.43966566117846,2.1247542509701227,3.2352046558678387,2.42507798043879,3.044,3.043999999999825,1.058200194137271e-09,1.1903675474996596e-09,93,558,14.535033977337037,0.6655211628675557,0.999999999968546,213.88950246617122,106.9470888887173,1.3837,105.5633888887173,2.3400606485003443
106,unstable,-0.3227524423098255,3.208540585765422,3.224732830719605,1.6710507526270122,3.044,3.043999999999825,1.058200194137271e-09,1.1903675474996596e-09,93,558,14.535033977337037,0.6655211628675557,0.999999999968546,213.88950246617122,106.9470888887173,1.3837,105.5633888887173,2.3400606485003443
107,unstable,-0.3227524423098255,-3.208540585765422,3.224732830719605,-1.6710507526270122,3.044,3.043999999999825,1.058200194137271e-09,1.1903675474996596e-09,93,558,14.535033977337037,0.6655211628675557,0.999999999968546,213.88950246617122,106.9470888887173,1.3837,105.5633888887173,2.3400606485003443
108,unstable,1.4760808614506231,2.835593185475044,3.1967801649555634,1.09084063814384,3.044,3.043999999999825,1.058200194137271e-09,1.1903675474996596e-09,93,558,14.535033977337037,0.6655211628675557,0.999999999968546,213.88950246617122,106.9470888887173,1.3837,105.5633888887173,2.3400606485003443
109,unstable,1.4760808614506231,-2.835593185475044,3.1967801649555634,-1.09084063814384,3.044,3.043999999999825,1.058200194137271e-09,1.1903675474996596e-09,93,558,14.535033977337037,0.6655211628675557,0.999999999968546,213.88950246617122,106.9470888887173,1.3837,105.5633888887173,2.3400606485003443
110,unstable,1.5972203186392093,2.7359443912963237,3.1680442639805,1.0423803095524644,3.044,3.043999999999825,1.058200194137271e-09,1.1903675474996596e-09,93,558,14.535033977337037,0.6655211628675557,0.999999999968546,213.88950246617122,106.9470888887173,1.3837,105.5633888887173,2.3400606485003443
111,unstable,1.5972203186392093,-2.7359443912963237,3.1680442639805,-1.0423803095524644,3.044,3.043999999999825,1.058200194137271e-09,1.1903675474996596e-09,93,558,14.535033977337037,0.6655211628675557,0.999999999968546,213.88950246617122,106.9470888887173,1.3837,105.5633888887173,2.3400606485003443
112,unstable,-2.260893728698491,2.216196825442637,3.165938853100323,2.3661776294272205,3.044,3.043999999999825,1.058200194137271e-09,1.1903675474996596e-09,93,558,14.535033977337037,0.6655211628675557,0.999999999968546,213.88950246617122,106.9470888887173,1.3837,105.5633888887173,2.3400606485003443
113,unstable,-2.260893728698491,-2.216196825442637,3.165938853100323,-2.3661776294272205,3.044,3.043999999999825,1.058200194137271e-09,1.1903675474996596e-09,93,558,14.535033977337037,0.6655211628675557,0.999999999968546,213.88950246617122,106.9470888887173,1.3837,105.5633888887173,2.3400606485003443
114,unstable,-2.8055479314502474,1.456790181890891,3.16122394488566,2.662661263892986,3.044,3.043999999999825,1.058200194137271e-09,1.1903675474996596e-09,93,558,14.535033977337037,0.6655211628675557,0.999999999968546,213.88950246617122,106.9470888887173,1.3837,105.5633888887173,2.3400606485003443
115,unstable,-2.8055479314502474,-1.456790181890891,3.16122394488566,-2.662661263892986,3.044,3.043999999999825,1.058200194137271e-09,1.1903675474996596e-09,93,558,14.535033977337037,0.6655211628675557,0.999999999968546,213.88950246617122,106.9470888887173,1.3837,105.5633888887173,2.3400606485003443
116,unstable,-3.104311631567284,-0.5839993480834739,3.1587665226233255,-2.955640773673815,3.044,3.043999999999825,1.058200194137271e-09,1.1903675474996596e-09,93,558,14.535033977337037,0.6655211628675557,0.999999999968546,213.88950246617122,106.9470888887173,1.3837,105.5633888887173,2.3400606485003443
117,unstable,-3.104311631567284,0.5839993480834739,3.1587665226233255,2.955640773673815,3.044,3.043999999999825,1.058200194137271e-09,1.1903675474996596e-09,93,558,14.535033977337037,0.6655211628675557,0.999999999968546,213.88950246617122,106.9470888887173,1.3837,105.5633888887173,2.3400606485003443
118,unstable,-1.3225614030089798,-2.8672414610389434,3.1575690428919865,-2.0029795804113695,3.044,3.043999999999825,1.058200194137271e-09,1.1903675474996596e-09,93,558,14.535033977337037,0.6655211628675557,0.999999999968546,213.88950246617122,106.9470888887173,1.3837,105.5633888887173,2.3400606485003443
119,unstable,-1.3225614030089798,2.8672414610389434,3.1575690428919865,2.0029795804113695,3.044,3.043999999999825,1.058200194137271e-09,1.1903675474996596e-09,93,558,14.535033977337037,0.6655211628675557,0.999999999968546,213.88950246617122,106.9470888887173,1.3837,105.5633888887173,2.3400606485003443
120,unstable,-0.16957479171062023,3.1516106092686513,3.1561693621284674,1.6245502492651402,3.044,3.043999999999825,1.058200194137271e-09,1.1903675474996596e-09,93,558,14.535033977337037,0.6655211628675557,0.999999999968546,213.88950246617122,106.9470888887173,1.3837,105.5633888887173,2.3400606485003443
121,unstable,-0.16957479171062023,-3.1516106092686513,3.1561693621284674,-1.6245502492651402,3.044,3.043999999999825,1.058200194137271e-09,1.1903675474996596e-09,93,558,14.535033977337037,0.6655211628675557,0.999999999968546,213.88950246617122,106.9470888887173,1.3837,105.5633888887173,2.3400606485003443
122,unstable,-2.081404152091774,-2.371446774216588,3.155313462603539,-2.291149988300201,3.044,3.043999999999825,1.058200194137271e-09,1.1903675474996596e-09,93,558,14.535033977337037,0.6655211628675557,0.999999999968546,213.88950246617122,106.9470888887173,1.3837,105.5633888887173,2.3400606485003443
123,unstable,-2.081404152091774,2.371446774216588,3.155313462603539,2.291149988300201,3.044,3.043999999999825,1.058200194137271e-09,1.1903675474996596e-09,93,558,14.535033977337037,0.6655211628675557,0.999999999968546,213.88950246617122,106.9470888887173,1.3837,105.5633888887173,2.3400606485003443
124,unstable,-3.1340795925851195,0.3431912776692625,3.1528138457141375,3.0325241610386904,3.044,3.043999999999825,1.058200194137271e-09,1.1903675474996596e-09,93,558,14.535033977337037,0.6655211628675557,0.999999999968546,213.88950246617122,106.9470888887173,1.3837,105.5633888887173,2.3400606485003443
125,unstable,-3.1340795925851195,-0.3431912776692625,3.1528138457141375,-3.0325241610386904,3.044,3.043999999999825,1.058200194137271e-09,1.1903675474996596e-09,93,558,14.535033977337037,0.6655211628675557,0.999999999968546,213.88950246617122,106.9470888887173,1.3837,105.5633888887173,2.3400606485003443
126,unstable,3.1498999148454483,0.0,3.1498999148454483,0.0,3.044,3.043999999999825,1.058200194137271e-09,1.1903675474996596e-09,93,558,14.535033977337037,0.6655211628675557,0.999999999968546,213.88950246617122,106.9470888887173,1.3837,105.5633888887173,2.3400606485003443
127,unstable,2.937416263884602,1.1347560807495667,3.1489816878051053,0.3686500627305817,3.044,3.043999999999825,1.058200194137271e-09,1.1903675474996596e-09,93,558,14.535033977337037,0.6655211628675557,0.999999999968546,213.88950246617122,106.9470888887173,1.3837,105.5633888887173,2.3400606485003443
128,unstable,2.937416263884602,-1.1347560807495667,3.1489816878051053,-0.3686500627305817,3.044,3.043999999999825,1.058200194137271e-09,1.1903675474996596e-09,93,558,14.535033977337037,0.6655211628675557,0.999999999968546,213.88950246617122,106.9470888887173,1.3837,105.5633888887173,2.3400606485003443
129,unstable,3.140600336593211,0.21601079426574757,3.148020193303834,0.06867194395922636,3.044,3.043999999999825,1.058200194137271e-09,1.1903675474996596e-09,93,558,14.535033977337037,0.6655211628675557,0.999999999968546,213.88950246617122,106.9470888887173,1.3837,105.5633888887173,2.3400606485003443
130,unstable,3.140600336593211,-0.21601079426574757,3.148020193303834,-0.06867194395922636,3.044,3.043999999999825,1.058200194137271e-09,1.1903675474996596e-09,93,558,14.535033977337037,0.6655211628675557,0.999999999968546,213.88950246617122,106.9470888887173,1.3837,105.5633888887173,2.3400606485003443
131,unstable,1.7998815800438879,-2.5825365260155517,3.1478673114325764,-0.9621247728988592,3.044,3.043999999999825,1.058200194137271e-09,1.1903675474996596e-09,93,558,14.535033977337037,0.6655211628675557,0.999999999968546,213.88950246617122,106.9470888887173,1.3837,105.5633888887173,2.3400606485003443
132,unstable,1.7998815800438879,2.5825365260155517,3.1478673114325764,0.9621247728988592,3.044,3.043999999999825,1.058200194137271e-09,1.1903675474996596e-09,93,558,14.535033977337037,0.6655211628675557,0.999999999968546,213.88950246617122,106.9470888887173,1.3837,105.5633888887173,2.3400606485003443
133,unstable,2.475383568818904,1.9436067018496754,3.147241780393363,0.6656350638122771,3.044,3.043999999999825,1.058200194137271e-09,1.1903675474996596e-09,93,558,14.535033977337037,0.6655211628675557,0.999999999968546,213.88950246617122,106.9470888887173,1.3837,105.5633888887173,2.3400606485003443
134,unstable,2.475383568818904,-1.9436067018496754,3.147241780393363,-0.6656350638122771,3.044,3.043999999999825,1.058200194137271e-09,1.1903675474996596e-09,93,558,14.535033977337037,0.6655211628675557,0.999999999968546,213.88950246617122,106.9470888887173,1.3837,105.5633888887173,2.3400606485003443
135,unstable,0.7376318009481722,3.0589914558088553,3.1466695728153007,1.33417785242917,3.044,3.043999999999825,1.058200194137271e-09,1.1903675474996596e-09,93,558,14.535033977337037,0.6655211628675557,0.999999999968546,213.88950246617122,106.9470888887173,1.3837,105.5633888887173,2.3400606485003443
136,unstable,0.7376318009481722,-3.0589914558088553,3.1466695728153007,-1.33417785242917,3.044,3.043999999999825,1.058200194137271e-09,1.1903675474996596e-09,93,558,14.535033977337037,0.6655211628675557,0.999999999968546,213.88950246617122,106.9470888887173,1.3837,105.5633888887173,2.3400606485003443
137,unstable,3.007196148951178,0.9221265197017495,3.145400768837583,0.2975373175163299,3.044,3.043999999999825,1.058200194137271e-09,1.1903675474996596e-09,93,558,14.535033977337037,0.6655211628675557,0.999999999968546,213.88950246617122,106.9470888887173,1.3837,105.5633888887173,2.3400606485003443
138,unstable,3.007196148951178,-0.9221265197017495,3.145400768837583,-0.2975373175163299,3.044,3.043999999999825,1.058200194137271e-09,1.1903675474996596e-09,93,558,14.535033977337037,0.6655211628675557,0.999999999968546,213.88950246617122,106.9470888887173,1.3837,105.5633888887173,2.3400606485003443
139,unstable,-2.6648725277212693,-1.6541988597339683,3.1365457842264486,-2.5860609811716366,3.044,3.043999999999825,1.058200194137271e-09,1.1903675474996596e-09,93,558,14.535033977337037,0.6655211628675557,0.999999999968546,213.88950246617122,106.9470888887173,1.3837,105.5633888887173,2.3400606485003443
140,unstable,-2.6648725277212693,1.6541988597339683,3.1365457842264486,2.5860609811716366,3.044,3.043999999999825,1.058200194137271e-09,1.1903675474996596e-09,93,558,14.535033977337037,0.6655211628675557,0.999999999968546,213.88950246617122,106.9470888887173,1.3837,105.5633888887173,2.3400606485003443
141,unstable,-1.0823505997958565,-2.9431231698996254,3.1358343090919956,-1.923200836623814,3.044,3.043999999999825,1.058200194137271e-09,1.1903675474996596e-09,93,558,14.535033977337037,0.6655211628675557,0.999999999968546,213.88950246617122,106.9470888887173,1.3837,105.5633888887173,2.3400606485003443
142,unstable,-1.0823505997958565,2.9431231698996254,3.1358343090919956,1.923200836623814,3.044,3.043999999999825,1.058200194137271e-09,1.1903675474996596e-09,93,558,14.535033977337037,0.6655211628675557,0.999999999968546,213.88950246617122,106.9470888887173,1.3837,105.5633888887173,2.3400606485003443
143,unstable,0.9524077239286423,-2.9798204224176987,3.128323867897397,-1.261438877699656,3.044,3.043999999999825,1.058200194137271e-09,1.1903675474996596e-09,93,558,14.535033977337037,0.6655211628675557,0.999999999968546,213.88950246617122,106.9470888887173,1.3837,105.5633888887173,2.3400606485003443
144,unstable,0.9524077239286423,2.9798204224176987,3.128323867897397,1.261438877699656,3.044,3.043999999999825,1.058200194137271e-09,1.1903675474996596e-09,93,558,14.535033977337037,0.6655211628675557,0.999999999968546,213.88950246617122,106.9470888887173,1.3837,105.5633888887173,2.3400606485003443
145,unstable,2.5789133039585224,1.7540247781455056,3.1188774826342014,0.5972730963724273,3.044,3.043999999999825,1.058200194137271e-09,1.1903675474996596e-09,93,558,14.535033977337037,0.6655211628675557,0.999999999968546,213.88950246617122,106.9470888887173,1.3837,105.5633888887173,2.3400606485003443
146,unstable,2.5789133039585224,-1.7540247781455056,3.1188774826342014,-0.5972730963724273,3.044,3.043999999999825,1.058200194137271e-09,1.1903675474996596e-09,93,558,14.535033977337037,0.6655211628675557,0.999999999968546,213.88950246617122,106.9470888887173,1.3837,105.5633888887173,2.3400606485003443
147,unstable,2.280744800629636,2.126766512694101,3.118482426616534,0.7504769391177929,3.044,3.043999999999825,1.058200194137271e-09,1.1903675474996596e-09,93,558,14.535033977337037,0.6655211628675557,0.999999999968546,213.88950246617122,106.9470888887173,1.3837,105.5633888887173,2.3400606485003443
148,unstable,2.280744800629636,-2.126766512694101,3.118482426616534,-0.7504769391177929,3.044,3.043999999999825,1.058200194137271e-09,1.1903675474996596e-09,93,558,14.535033977337037,0.6655211628675557,0.999999999968546,213.88950246617122,106.9470888887173,1.3837,105.5633888887173,2.3400606485003443
149,unstable,-0.48085774736996184,-3.0781348913094226,3.115467634609961,-1.725761092569692,3.044,3.043999999999825,1.058200194137271e-09,1.1903675474996596e-09,93,558,14.535033977337037,0.6655211628675557,0.999999999968546,213.88950246617122,106.9470888887173,1.3837,105.5633888887173,2.3400606485003443
150,unstable,-0.48085774736996184,3.0781348913094226,3.115467634609961,1.725761092569692,3.044,3.043999999999825,1.058200194137271e-09,1.1903675474996596e-09,93,558,14.535033977337037,0.6655211628675557,0.999999999968546,213.88950246617122,106.9470888887173,1.3837,105.5633888887173,2.3400606485003443
151,unstable,2.81825009496719,-1.324347144112189,3.1139089511256888,-0.4392939238835777,3.044,3.043999999999825,1.058200194137271e-09,1.1903675474996596e-09,93,558,14.535033977337037,0.6655211628675557,0.999999999968546,213.88950246617122,106.9470888887173,1.3837,105.5633888887173,2.3400606485003443
152,unstable,2.81825009496719,1.324347144112189,3.1139089511256888,0.4392939238835777,3.044,3.043999999999825,1.058200194137271e-09,1.1903675474996596e-09,93,558,14.535033977337037,0.6655211628675557,0.999999999968546,213.88950246617122,106.9470888887173,1.3837,105.5633888887173,2.3400606485003443
153,unstable,0.4716000684596172,3.0771876627528454,3.113115888682822,1.418722733870681,3.044,3.043999999999825,1.058200194137271e-09,1.1903675474996596e-09,93,558,14.535033977337037,0.6655211628675557,0.999999999968546,213.88950246617122,106.9470888887173,1.3837,105.5633888887173,2.3400606485003443
154,unstable,0.4716000684596172,-3.0771876627528454,3.113115888682822,-1.418722733870681,3.044,3.043999999999825,1.058200194137271e-09,1.1903675474996596e-09,93,558,14.535033977337037,0.6655211628675557,0.999999999968546,213.88950246617122,106.9470888887173,1.3837,105.5633888887173,2.3400606485003443
155,unstable,1.9469388864268062,2.423523886371732,3.1087037580469445,0.8940157932350024,3.044,3.043999999999825,1.058200194137271e-09,1.1903675474996596e-09,93,558,14.535033977337037,0.6655211628675557,0.999999999968546,213.88950246617122,106.9470888887173,1.3837,105.5633888887173,2.3400606485003443
156,unstable,1.9469388864268062,-2.423523886371732,3.1087037580469445,-0.8940157932350024,3.044,3.043999999999825,1.058200194137271e-09,1.1903675474996596e-09,93,558,14.535033977337037,0.6655211628675557,0.999999999968546,213.88950246617122,106.9470888887173,1.3837,105.5633888887173,2.3400606485003443
157,unstable,3.020281419983209,-0.6959637154291803,3.099429842582306,-0.22647682967641597,3.044,3.043999999999825,1.058200194137271e-09,1.1903675474996596e-09,93,558,14.535033977337037,0.6655211628675557,0.999999999968546,213.88950246617122,106.9470888887173,1.3837,105.5633888887173,2.3400606485003443
158,unstable,3.020281419983209,0.6959637154291803,3.099429842582306,0.22647682967641597,3.044,3.043999999999825,1.058200194137271e-09,1.1903675474996596e-09,93,558,14.535033977337037,0.6655211628675557,0.999999999968546,213.88950246617122,106.9470888887173,1.3837,105.5633888887173,2.3400606485003443
159,unstable,0.024762974979843033,3.0904840192429917,3.0905832262092807,1.5627838456117145,3.044,3.043999999999825,1.058200194137271e-09,1.1903675474996596e-09,93,558,14.535033977337037,0.6655211628675557,0.999999999968546,213.88950246617122,106.9470888887173,1.3837,105.5633888887173,2.3400606485003443
160,unstable,0.024762974979843033,-3.0904840192429917,3.0905832262092807,-1.5627838456117145,3.044,3.043999999999825,1.058200194137271e-09,1.1903675474996596e-09,93,558,14.535033977337037,0.6655211628675557,0.999999999968546,213.88950246617122,106.9470888887173,1.3837,105.5633888887173,2.3400606485003443
161,unstable,-2.980058059624104,-0.8065439709755583,3.0872737513618067,-2.877277817185749,3.044,3.043999999999825,1.058200194137271e-09,1.1903675474996596e-09,93,558,14.535033977337037,0.6655211628675557,0.999999999968546,213.88950246617122,106.9470888887173,1.3837,105.5633888887173,2.3400606485003443
162,unstable,-2.980058059624104,0.8065439709755583,3.0872737513618067,2.877277817185749,3.044,3.043999999999825,1.058200194137271e-09,1.1903675474996596e-09,93,558,14.535033977337037,0.6655211628675557,0.999999999968546,213.88950246617122,106.9470888887173,1.3837,105.5633888887173,2.3400606485003443
163,unstable,-2.854695619633965,-1.1721363746306672,3.0859667466597354,-2.7519823697250057,3.044,3.043999999999825,1.058200194137271e-09,1.1903675474996596e-09,93,558,14.535033977337037,0.6655211628675557,0.999999999968546,213.88950246617122,106.9470888887173,1.3837,105.5633888887173,2.3400606485003443
164,unstable,-2.854695619633965,1.1721363746306672,3.0859667466597354,2.7519823697250057,3.044,3.043999999999825,1.058200194137271e-09,1.1903675474996596e-09,93,558,14.535033977337037,0.6655211628675557,0.999999999968546,213.88950246617122,106.9470888887173,1.3837,105.5633888887173,2.3400606485003443
165,unstable,-1.8558915881612137,-2.4536133924255603,3.076451245590871,-2.2183752736037534,3.044,3.043999999999825,1.058200194137271e-09,1.1903675474996596e-09,93,558,14.535033977337037,0.6655211628675557,0.999999999968546,213.88950246617122,106.9470888887173,1.3837,105.5633888887173,2.3400606485003443
166,unstable,-1.8558915881612137,2.4536133924255603,3.076451245590871,2.2183752736037534,3.044,3.043999999999825,1.058200194137271e-09,1.1903675474996596e-09,93,558,14.535033977337037,0.6655211628675557,0.999999999968546,213.88950246617122,106.9470888887173,1.3837,105.5633888887173,2.3400606485003443
167,unstable,3.038327014094712,-0.40729237170868665,3.06550454585045,-0.13325711328152642,3.044,3.043999999999825,1.058200194137271e-09,1.1903675474996596e-09,93,558,14.535033977337037,0.6655211628675557,0.999999999968546,213.88950246617122,106.9470888887173,1.3837,105.5633888887173,2.3400606485003443
168,unstable,3.038327014094712,0.40729237170868665,3.06550454585045,0.13325711328152642,3.044,3.043999999999825,1.058200194137271e-09,1.1903675474996596e-09,93,558,14.535033977337037,0.6655211628675557,0.999999999968546,213.88950246617122,106.9470888887173,1.3837,105.5633888887173,2.3400606485003443
169,unstable,-1.5196582297179675,-2.65152633848433,3.056133678166854,-2.091220976341518,3.044,3.043999999999825,1.058200194137271e-09,1.1903675474996596e-09,93,558,14.535033977337037,0.6655211628675557,0.999999999968546,213.88950246617122,106.9470888887173,1.3837,105.5633888887173,2.3400606485003443
170,unstable,-1.5196582297179675,2.65152633848433,3.056133678166854,2.091220976341518,3.044,3.043999999999825,1.058200194137271e-09,1.1903675474996596e-09,93,558,14.535033977337037,0.6655211628675557,0.999999999968546,213.88950246617122,106.9470888887173,1.3837,105.5633888887173,2.3400606485003443
171,unstable,-3.0381371037815956,0.0,3.0381371037815956,3.141592653589793,3.044,3.043999999999825,1.058200194137271e-09,1.1903675474996596e-09,93,558,14.535033977337037,0.6655211628675557,0.999999999968546,213.88950246617122,106.9470888887173,1.3837,105.5633888887173,2.3400606485003443
172,unstable,1.1412755253775306,2.7828215781294157,3.0077575967036387,1.1816010633229883,3.044,3.043999999999825,1.058200194137271e-09,1.1903675474996596e-09,93,558,14.535033977337037,0.6655211628675557,0.999999999968546,213.88950246617122,106.9470888887173,1.3837,105.5633888887173,2.3400606485003443
173,unstable,1.1412755253775306,-2.7828215781294157,3.0077575967036387,-1.1816010633229883,3.044,3.043999999999825,1.058200194137271e-09,1.1903675474996596e-09,93,558,14.535033977337037,0.6655211628675557,0.999999999968546,213.88950246617122,106.9470888887173,1.3837,105.5633888887173,2.3400606485003443
174,unstable,-0.8323079866564732,2.88153757327721,2.9993324875479317,1.8519849022045842,3.044,3.043999999999825,1.058200194137271e-09,1.1903675474996596e-09,93,558,14.535033977337037,0.6655211628675557,0.999999999968546,213.88950246617122,106.9470888887173,1.3837,105.5633888887173,2.3400606485003443
175,unstable,-0.8323079866564732,-2.88153757327721,2.9993324875479317,-1.8519849022045842,3.044,3.043999999999825,1.058200194137271e-09,1.1903675474996596e-09,93,558,14.535033977337037,0.6655211628675557,0.999999999968546,213.88950246617122,106.9470888887173,1.3837,105.5633888887173,2.3400606485003443
176,unstable,-2.365248824728152,1.819061336366915,2.9838542438166926,2.4859928791036783,3.044,3.043999999999825,1.058200194137271e-09,1.1903675474996596e-09,93,558,14.535033977337037,0.6655211628675557,0.999999999968546,213.88950246617122,106.9470888887173,1.3837,105.5633888887173,2.3400606485003443
177,unstable,-2.365248824728152,-1.819061336366915,2.9838542438166926,-2.4859928791036783,3.044,3.043999999999825,1.058200194137271e-09,1.1903675474996596e-09,93,558,14.535033977337037,0.6655211628675557,0.999999999968546,213.88950246617122,106.9470888887173,1.3837,105.5633888887173,2.3400606485003443
178,unstable,2.5870887736212893,1.478169241610901,2.9795994075448893,0.5190973927133323,3.044,3.043999999999825,1.058200194137271e-09,1.1903675474996596e-09,93,558,14.535033977337037,0.6655211628675557,0.999999999968546,213.88950246617122,106.9470888887173,1.3837,105.5633888887173,2.3400606485003443
179,unstable,2.5870887736212893,-1.478169241610901,2.9795994075448893,-0.5190973927133323,3.044,3.043999999999825,1.058200194137271e-09,1.1903675474996596e-09,93,558,14.535033977337037,0.6655211628675557,0.999999999968546,213.88950246617122,106.9470888887173,1.3837,105.5633888887173,2.3400606485003443
180,unstable,0.5355386951513215,2.7690824393834195,2.8203934566131035,1.3797555437686626,3.044,3.043999999999825,1.058200194137271e-09,1.1903675474996596e-09,93,558,14.535033977337037,0.6655211628675557,0.999999999968546,213.88950246617122,106.9470888887173,1.3837,105.5633888887173,2.3400606485003443
181,unstable,0.5355386951513215,-2.7690824393834195,2.8203934566131035,-1.3797555437686626,3.044,3.043999999999825,1.058200194137271e-09,1.1903675474996596e-09,93,558,14.535033977337037,0.6655211628675557,0.999999999968546,213.88950246617122,106.9470888887173,1.3837,105.5633888887173,2.3400606485003443
182,unstable,-2.540221532135887,0.9653279887351757,2.7174590260319094,2.7784305745593967,3.044,3.043999999999825,1.058200194137271e-09,1.1903675474996596e-09,93,558,14.535033977337037,0.6655211628675557,0.999999999968546,213.88950246617122,106.9470888887173,1.3837,105.5633888887173,2.3400606485003443
183,unstable,-2.540221532135887,-0.9653279887351757,2.7174590260319094,-2.7784305745593967,3.044,3.043999999999825,1.058200194137271e-09,1.1903675474996596e-09,93,558,14.535033977337037,0.6655211628675557,0.999999999968546,213.88950246617122,106.9470888887173,1.3837,105.5633888887173,2.3400606485003443
184,unstable,-1.4052092834217977,2.1869209314350675,2.5994684630831024,2.1419174959963523,3.044,3.043999999999825,1.058200194137271e-09,1.1903675474996596e-09,93,558,14.535033977337037,0.6655211628675557,0.999999999968546,213.88950246617122,106.9470888887173,1.3837,105.5633888887173,2.3400606485003443
185,unstable,-1.4052092834217977,-2.1869209314350675,2.5994684630831024,-2.1419174959963523,3.044,3.043999999999825,1.058200194137271e-09,1.1903675474996596e-09,93,558,14.535033977337037,0.6655211628675557,0.999999999968546,213.88950246617122,106.9470888887173,1.3837,105.5633888887173,2.3400606485003443
186,unstable,1.480507217941612,0.0,1.480507217941612,0.0,3.044,3.043999999999825,1.058200194137271e-09,1.1903675474996596e-09,93,558,14.535033977337037,0.6655211628675557,0.999999999968546,213.88950246617122,106.9470888887173,1.3837,105.5633888887173,2.3400606485003443
187,unstable,0.39702992033421763,1.3711313037136514,1.4274571130734868,1.288941360436038,3.044,3.043999999999825,1.058200194137271e-09,1.1903675474996596e-09,93,558,14.535033977337037,0.6655211628675557,0.999999999968546,213.88950246617122,106.9470888887173,1.3837,105.5633888887173,2.3400606485003443
188,unstable,0.39702992033421763,-1.3711313037136514,1.4274571130734868,-1.288941360436038,3.044,3.043999999999825,1.058200194137271e-09,1.1903675474996596e-09,93,558,14.535033977337037,0.6655211628675557,0.999999999968546,213.88950246617122,106.9470888887173,1.3837,105.5633888887173,2.3400606485003443
189,unstable,-1.3558010687550626,0.0,1.3558010687550626,3.141592653589793,3.044,3.043999999999825,1.058200194137271e-09,1.1903675474996596e-09,93,558,14.535033977337037,0.6655211628675557,0.999999999968546,213.88950246617122,106.9470888887173,1.3837,105.5633888887173,2.3400606485003443
190,unstable,-1.0499641577675356,0.6931474601708576,1.2581248483905725,2.558106132376214,3.044,3.043999999999825,1.058200194137271e-09,1.1903675474996596e-09,93,558,14.535033977337037,0.6655211628675557,0.999999999968546,213.88950246617122,106.9470888887173,1.3837,105.5633888887173,2.3400606485003443
191,unstable,-1.0499641577675356,-0.6931474601708576,1.2581248483905725,-2.558106132376214,3.044,3.043999999999825,1.058200194137271e-09,1.1903675474996596e-09,93,558,14.535033977337037,0.6655211628675557,0.999999999968546,213.88950246617122,106.9470888887173,1.3837,105.5633888887173,2.3400606485003443
192,unstable,0.0969179827682583,1.2467998296100757,1.2505610382942458,1.4932189348084304,3.044,3.043999999999825,1.058200194137271e-09,1.1903675474996596e-09,93,558,14.535033977337037,0.6655211628675557,0.999999999968546,213.88950246617122,106.9470888887173,1.3837,105.5633888887173,2.3400606485003443
193,unstable,0.0969179827682583,-1.2467998296100757,1.2505610382942458,-1.4932189348084304,3.044,3.043999999999825,1.058200194137271e-09,1.1903675474996596e-09,93,558,14.535033977337037,0.6655211628675557,0.999999999968546,213.88950246617122,106.9470888887173,1.3837,105.5633888887173,2.3400606485003443
194,unstable,0.15107629844192674,1.2216163061354444,1.2309226000715567,1.4477518826623819,3.044,3.043999999999825,1.058200194137271e-09,1.1903675474996596e-09,93,558,14.535033977337037,0.6655211628675557,0.999999999968546,213.88950246617122,106.9470888887173,1.3837,105.5633888887173,2.3400606485003443
195,unstable,0.15107629844192674,-1.2216163061354444,1.2309226000715567,-1.4477518826623819,3.044,3.043999999999825,1.058200194137271e-09,1.1903675474996596e-09,93,558,14.535033977337037,0.6655211628675557,0.999999999968546,213.88950246617122,106.9470888887173,1.3837,105.5633888887173,2.3400606485003443
196,unstable,-1.173483990723974,-0.3684222104608443,1.2299591869839903,-2.8373819732976977,3.044,3.043999999999825,1.058200194137271e-09,1.1903675474996596e-09,93,558,14.535033977337037,0.6655211628675557,0.999999999968546,213.88950246617122,106.9470888887173,1.3837,105.5633888887173,2.3400606485003443
197,unstable,-1.173483990723974,0.3684222104608443,1.2299591869839903,2.8373819732976977,3.044,3.043999999999825,1.058200194137271e-09,1.1903675474996596e-09,93,558,14.535033977337037,0.6655211628675557,0.999999999968546,213.88950246617122,106.9470888887173,1.3837,105.5633888887173,2.3400606485003443
198,unstable,-1.0167904295993324,-0.6917404866782669,1.2297835901631964,-2.5441988087024217,3.044,3.043999999999825,1.058200194137271e-09,1.1903675474996596e-09,93,558,14.535033977337037,0.6655211628675557,0.999999999968546,213.88950246617122,106.9470888887173,1.3837,105.5633888887173,2.3400606485003443
199,unstable,-1.0167904295993324,0.6917404866782669,1.2297835901631964,2.5441988087024217,3.044,3.043999999999825,1.058200194137271e-09,1.1903675474996596e-09,93,558,14.535033977337037,0.6655211628675557,0.999999999968546,213.88950246617122,106.9470888887173,1.3837,105.5633888887173,2.3400606485003443
200,unstable,-0.6952165335162825,1.0142547122443597,1.22964980778443,2.171687373944144,3.044,3.043999999999825,1.058200194137271e-09,1.1903675474996596e-09,93,558,14.535033977337037,0.6655211628675557,0.999999999968546,213.88950246617122,106.9470888887173,1.3837,105.5633888887173,2.3400606485003443
201,unstable,-0.6952165335162825,-1.0142547122443597,1.22964980778443,-2.171687373944144,3.044,3.043999999999825,1.058200194137271e-09,1.1903675474996596e-09,93,558,14.535033977337037,0.6655211628675557,0.999999999968546,213.88950246617122,106.9470888887173,1.3837,105.5633888887173,2.3400606485003443
202,unstable,1.1900753180893704,-0.3090726972260293,1.2295548767322624,-0.2540950137444139,3.044,3.043999999999825,1.058200194137271e-09,1.1903675474996596e-09,93,558,14.535033977337037,0.6655211628675557,0.999999999968546,213.88950246617122,106.9470888887173,1.3837,105.5633888887173,2.3400606485003443
203,unstable,1.1900753180893704,0.3090726972260293,1.2295548767322624,0.2540950137444139,3.044,3.043999999999825,1.058200194137271e-09,1.1903675474996596e-09,93,558,14.535033977337037,0.6655211628675557,0.999999999968546,213.88950246617122,106.9470888887173,1.3837,105.5633888887173,2.3400606485003443
204,unstable,-1.2266356045611886,-0.08395321664021561,1.2295052049346646,-3.0732573659731344,3.044,3.043999999999825,1.058200194137271e-09,1.1903675474996596e-09,93,558,14.535033977337037,0.6655211628675557,0.999999999968546,213.88950246617122,106.9470888887173,1.3837,105.5633888887173,2.3400606485003443
205,unstable,-1.2266356045611886,0.08395321664021561,1.2295052049346646,3.0732573659731344,3.044,3.043999999999825,1.058200194137271e-09,1.1903675474996596e-09,93,558,14.535033977337037,0.6655211628675557,0.999999999968546,213.88950246617122,106.9470888887173,1.3837,105.5633888887173,2.3400606485003443
206,unstable,0.8712556923270265,-0.8675189847936132,1.229502204304485,-0.7832491202637631,3.044,3.043999999999825,1.058200194137271e-09,1.1903675474996596e-09,93,558,14.535033977337037,0.6655211628675557,0.999999999968546,213.88950246617122,106.9470888887173,1.3837,105.5633888887173,2.3400606485003443
207,unstable,0.8712556923270265,0.8675189847936132,1.229502204304485,0.7832491202637631,3.044,3.043999999999825,1.058200194137271e-09,1.1903675474996596e-09,93,558,14.535033977337037,0.6655211628675557,0.999999999968546,213.88950246617122,106.9470888887173,1.3837,105.5633888887173,2.3400606485003443
208,unstable,1.2209910122517926,0.1443748685146078,1.2294971145384066,0.11769750139069114,3.044,3.043999999999825,1.058200194137271e-09,1.1903675474996596e-09,93,558,14.535033977337037,0.6655211628675557,0.999999999968546,213.88950246617122,106.9470888887173,1.3837,105.5633888887173,2.3400606485003443
209,unstable,1.2209910122517926,-0.1443748685146078,1.2294971145384066,-0.11769750139069114,3.044,3.043999999999825,1.058200194137271e-09,1.1903675474996596e-09,93,558,14.535033977337037,0.6655211628675557,0.999999999968546,213.88950246617122,106.9470888887173,1.3837,105.5633888887173,2.3400606485003443
210,unstable,-0.6358626995819046,1.05227630763118,1.2294741966879572,2.1143521914845613,3.044,3.043999999999825,1.058200194137271e-09,1.1903675474996596e-09,93,558,14.535033977337037,0.6655211628675557,0.999999999968546,213.88950246617122,106.9470888887173,1.3837,105.5633888887173,2.3400606485003443
211,unstable,-0.6358626995819046,-1.05227630763118,1.2294741966879572,-2.1143521914845613,3.044,3.043999999999825,1.058200194137271e-09,1.1903675474996596e-09,93,558,14.535033977337037,0.6655211628675557,0.999999999968546,213.88950246617122,106.9470888887173,1.3837,105.5633888887173,2.3400606485003443
212,unstable,1.0495491594807436,0.6403283745402145,1.2294608027131442,0.5478118029704793,3.044,3.043999999999825,1.058200194137271e-09,1.1903675474996596e-09,93,558,14.535033977337037,0.6655211628675557,0.999999999968546,213.88950246617122,106.9470888887173,1.3837,105.5633888887173,2.3400606485003443
213,unstable,1.0495491594807436,-0.6403283745402145,1.2294608027131442,-0.5478118029704793,3.044,3.043999999999825,1.058200194137271e-09,1.1903675474996596e-09,93,558,14.535033977337037,0.6655211628675557,0.999999999968546,213.88950246617122,106.9470888887173,1.3837,105.5633888887173,2.3400606485003443
214,unstable,-0.3728073147583887,-1.1715591408574508,1.2294454499749097,-1.878878946463874,3.044,3.043999999999825,1.058200194137271e-09,1.1903675474996596e-09,93,558,14.535033977337037,0.6655211628675557,0.999999999968546,213.88950246617122,106.9470888887173,1.3837,105.5633888887173,2.3400606485003443
215,unstable,-0.3728073147583887,1.1715591408574508,1.2294454499749097,1.878878946463874,3.044,3.043999999999825,1.058200194137271e-09,1.1903675474996596e-09,93,558,14.535033977337037,0.6655211628675557,0.999999999968546,213.88950246617122,106.9470888887173,1.3837,105.5633888887173,2.3400606485003443
216,unstable,-0.20984457990483774,1.2113789465404747,1.229420066469125,1.742321994356002,3.044,3.043999999999825,1.058200194137271e-09,1.1903675474996596e-09,93,558,14.535033977337037,0.6655211628675557,0.999999999968546,213.88950246617122,106.9470888887173,1.3837,105.5633888887173,2.3400606485003443
217,unstable,-0.20984457990483774,-1.2113789465404747,1.229420066469125,-1.742321994356002,3.044,3.043999999999825,1.058200194137271e-09,1.1903675474996596e-09,93,558,14.535033977337037,0.6655211628675557,0.999999999968546,213.88950246617122,106.9470888887173,1.3837,105.5633888887173,2.3400606485003443
218,unstable,-0.9129752782635143,0.8233567794065993,1.2294064604170376,2.4077624175422514,3.044,3.043999999999825,1.058200194137271e-09,1.1903675474996596e-09,93,558,14.535033977337037,0.6655211628675557,0.999999999968546,213.88950246617122,106.9470888887173,1.3837,105.5633888887173,2.3400606485003443
219,unstable,-0.9129752782635143,-0.8233567794065993,1.2294064604170376,-2.4077624175422514,3.044,3.043999999999825,1.058200194137271e-09,1.1903675474996596e-09,93,558,14.535033977337037,0.6655211628675557,0.999999999968546,213.88950246617122,106.9470888887173,1.3837,105.5633888887173,2.3400606485003443
220,unstable,0.5829570588549513,-1.082399587485705,1.229401398835238,-1.076764352856056,3.044,3.043999999999825,1.058200194137271e-09,1.1903675474996596e-09,93,558,14.535033977337037,0.6655211628675557,0.999999999968546,213.88950246617122,106.9470888887173,1.3837,105.5633888887173,2.3400606485003443
221,unstable,0.5829570588549513,1.082399587485705,1.229401398835238,1.076764352856056,3.044,3.043999999999825,1.058200194137271e-09,1.1903675474996596e-09,93,558,14.535033977337037,0.6655211628675557,0.999999999968546,213.88950246617122,106.9470888887173,1.3837,105.5633888887173,2.3400606485003443
222,unstable,1.1268589508122475,-0.49153537596741403,1.2293974625210133,-0.41131840178068313,3.044,3.043999999999825,1.058200194137271e-09,1.1903675474996596e-09,93,558,14.535033977337037,0.6655211628675557,0.999999999968546,213.88950246617122,106.9470888887173,1.3837,105.5633888887173,2.3400606485003443
223,unstable,1.1268589508122475,0.49153537596741403,1.2293974625210133,0.41131840178068313,3.044,3.043999999999825,1.058200194137271e-09,1.1903675474996596e-09,93,558,14.535033977337037,0.6655211628675557,0.999999999968546,213.88950246617122,106.9470888887173,1.3837,105.5633888887173,2.3400606485003443
224,unstable,0.7450224039490323,0.97793620340478,1.2293972508167368,0.9197660905670059,3.044,3.043999999999825,1.058200194137271e-09,1.1903675474996596e-09,93,558,14.535033977337037,0.6655211628675557,0.999999999968546,213.88950246617122,106.9470888887173,1.3837,105.5633888887173,2.3400606485003443
225,unstable,0.7450224039490323,-0.97793620340478,1.2293972508167368,-0.9197660905670059,3.044,3.043999999999825,1.058200194137271e-09,1.1903675474996596e-09,93,558,14.535033977337037,0.6655211628675557,0.999999999968546,213.88950246617122,106.9470888887173,1.3837,105.5633888887173,2.3400606485003443
226,unstable,0.43020666248529593,1.1516595129178684,1.2293890377504426,1.2132942554906274,3.044,3.043999999999825,1.058200194137271e-09,1.1903675474996596e-09,93,558,14.535033977337037,0.6655211628675557,0.999999999968546,213.88950246617122,106.9470888887173,1.3837,105.5633888887173,2.3400606485003443
227,unstable,0.43020666248529593,-1.1516595129178684,1.2293890377504426,-1.2132942554906274,3.044,3.043999999999825,1.058200194137271e-09,1.1903675474996596e-09,93,558,14.535033977337037,0.6655211628675557,0.999999999968546,213.88950246617122,106.9470888887173,1.3837,105.5633888887173,2.3400606485003443
228,unstable,-1.1983239590756343,0.2746214355253552,1.229388971702898,2.916311491262194,3.044,3.043999999999825,1.058200194137271e-09,1.1903675474996596e-09,93,558,14.535033977337037,0.6655211628675557,0.999999999968546,213.88950246617122,106.9470888887173,1.3837,105.5633888887173,2.3400606485003443
229,unstable,-1.1983239590756343,-0.2746214355253552,1.229388971702898,-2.916311491262194,3.044,3.043999999999825,1.058200194137271e-09,1.1903675474996596e-09,93,558,14.535033977337037,0.6655211628675557,0.999999999968546,213.88950246617122,106.9470888887173,1.3837,105.5633888887173,2.3400606485003443
230,unstable,0.33858998077888436,1.181843206769665,1.229388685677337,1.2917767357818741,3.044,3.043999999999825,1.058200194137271e-09,1.1903675474996596e-09,93,558,14.535033977337037,0.6655211628675557,0.999999999968546,213.88950246617122,106.9470888887173,1.3837,105.5633888887173,2.3400606485003443
231,unstable,0.33858998077888436,-1.181843206769665,1.229388685677337,-1.2917767357818741,3.044,3.043999999999825,1.058200194137271e-09,1.1903675474996596e-09,93,558,14.535033977337037,0.6655211628675557,0.999999999968546,213.88950246617122,106.9470888887173,1.3837,105.5633888887173,2.3400606485003443
232,unstable,-1.0676352459481961,0.6095496804239908,1.229388397251192,2.6228191536256356,3.044,3.043999999999825,1.058200194137271e-09,1.1903675474996596e-09,93,558,14.535033977337037,0.6655211628675557,0.999999999968546,213.88950246617122,106.9470888887173,1.3837,105.5633888887173,2.3400606485003443
233,unstable,-1.0676352459481961,-0.6095496804239908,1.229388397251192,-2.6228191536256356,3.044,3.043999999999825,1.058200194137271e-09,1.1903675474996596e-09,93,558,14.535033977337037,0.6655211628675557,0.999999999968546,213.88950246617122,106.9470888887173,1.3837,105.5633888887173,2.3400606485003443
234,unstable,-1.2161747822416011,0.17976296062273392,1.2293883938659322,2.9948450666930473,3.044,3.043999999999825,1.058200194137271e-09,1.1903675474996596e-09,93,558,14.535033977337037,0.6655211628675557,0.999999999968546,213.88950246617122,106.9470888887173,1.3837,105.5633888887173,2.3400606485003443
235,unstable,-1.2161747822416011,-0.17976296062273392,1.2293883938659322,-2.9948450666930473,3.044,3.043999999999825,1.058200194137271e-09,1.1903675474996596e-09,93,558,14.535033977337037,0.6655211628675557,0.999999999968546,213.88950246617122,106.9470888887173,1.3837,105.5633888887173,2.3400606485003443
236,unstable,-0.4634184156485732,1.1387006274727858,1.22938836295499,1.9572979168349762,3.044,3.043999999999825,1.058200194137271e-09,1.1903675474996596e-09,93,558,14.535033977337037,0.6655211628675557,0.999999999968546,213.88950246617122,106.9470888887173,1.3837,105.5633888887173,2.3400606485003443
237,unstable,-0.4634184156485732,-1.1387006274727858,1.22938836295499,-1.9572979168349762,3.044,3.043999999999825,1.058200194137271e-09,1.1903675474996596e-09,93,558,14.535033977337037,0.6655211628675557,0.999999999968546,213.88950246617122,106.9470888887173,1.3837,105.5633888887173,2.3400606485003443
238,unstable,-0.11417649848783504,1.2240749168357612,1.2293883336169324,1.6638029631422502,3.044,3.043999999999825,1.058200194137271e-09,1.1903675474996596e-09,93,558,14.535033977337037,0.6655211628675557,0.999999999968546,213.88950246617122,106.9470888887173,1.3837,105.5633888887173,2.3400606485003443
239,unstable,-0.11417649848783504,-1.2240749168357612,1.2293883336169324,-1.6638029631422502,3.044,3.043999999999825,1.058200194137271e-09,1.1903675474996596e-09,93,558,14.535033977337037,0.6655211628675557,0.999999999968546,213.88950246617122,106.9470888887173,1.3837,105.5633888887173,2.3400606485003443
240,unstable,1.1619492105149174,-0.4015839489724237,1.2293883177777987,-0.3327606277485567,3.044,3.043999999999825,1.058200194137271e-09,1.1903675474996596e-09,93,558,14.535033977337037,0.6655211628675557,0.999999999968546,213.88950246617122,106.9470888887173,1.3837,105.5633888887173,2.3400606485003443
241,unstable,1.1619492105149174,0.4015839489724237,1.2293883177777987,0.3327606277485567,3.044,3.043999999999825,1.058200194137271e-09,1.1903675474996596e-09,93,558,14.535033977337037,0.6655211628675557,0.999999999968546,213.88950246617122,106.9470888887173,1.3837,105.5633888887173,2.3400606485003443
242,unstable,-0.8456390046978908,-0.892350978219418,1.229388300983701,-2.3293239494986553,3.044,3.043999999999825,1.058200194137271e-09,1.1903675474996596e-09,93,558,14.535033977337037,0.6655211628675557,0.999999999968546,213.88950246617122,106.9470888887173,1.3837,105.5633888887173,2.3400606485003443
243,unstable,-0.8456390046978908,0.892350978219418,1.229388300983701,2.3293239494986553,3.044,3.043999999999825,1.058200194137271e-09,1.1903675474996596e-09,93,558,14.535033977337037,0.6655211628675557,0.999999999968546,213.88950246617122,106.9470888887173,1.3837,105.5633888887173,2.3400606485003443
244,unstable,0.6660179159468393,1.0333516945873014,1.2293882987358464,0.9982817069961499,3.044,3.043999999999825,1.058200194137271e-09,1.1903675474996596e-09,93,558,14.535033977337037,0.6655211628675557,0.999999999968546,213.88950246617122,106.9470888887173,1.3837,105.5633888887173,2.3400606485003443
245,unstable,0.6660179159468393,-1.0333516945873014,1.2293882987358464,-0.9982817069961499,3.044,3.043999999999825,1.058200194137271e-09,1.1903675474996596e-09,93,558,14.535033977337037,0.6655211628675557,0.999999999968546,213.88950246617122,106.9470888887173,1.3837,105.5633888887173,2.3400606485003443
246,unstable,0.9364858323966396,0.7964857510061716,1.2293881672748814,0.7047870879982426,3.044,3.043999999999825,1.058200194137271e-09,1.1903675474996596e-09,93,558,14.535033977337037,0.6655211628675557,0.999999999968546,213.88950246617122,106.9470888887173,1.3837,105.5633888887173,2.3400606485003443
247,unstable,0.9364858323966396,-0.7964857510061716,1.2293881672748814,-0.7047870879982426,3.044,3.043999999999825,1.058200194137271e-09,1.1903675474996596e-09,93,558,14.535033977337037,0.6655211628675557,0.999999999968546,213.88950246617122,106.9470888887173,1.3837,105.5633888887173,2.3400606485003443
248,unstable,-1.1121666247018345,0.5239089785123386,1.2293881481722984,2.701355248911435,3.044,3.043999999999825,1.058200194137271e-09,1.1903675474996596e-09,93,558,14.535033977337037,0.6655211628675557,0.999999999968546,213.88950246617122,106.9470888887173,1.3837,105.5633888887173,2.3400606485003443
249,unstable,-1.1121666247018345,-0.5239089785123386,1.2293881481722984,-2.701355248911435,3.044,3.043999999999825,1.058200194137271e-09,1.1903675474996596e-09,93,558,14.535033977337037,0.6655211628675557,0.999999999968546,213.88950246617122,106.9470888887173,1.3837,105.5633888887173,2.3400606485003443
250,unstable,-0.5513231862717591,-1.0988346269994989,1.2293879750566834,-2.035830532224742,3.044,3.043999999999825,1.058200194137271e-09,1.1903675474996596e-09,93,558,14.535033977337037,0.6655211628675557,0.999999999968546,213.88950246617122,106.9470888887173,1.3837,105.5633888887173,2.3400606485003443
251,unstable,-0.5513231862717591,1.0988346269994989,1.2293879750566834,2.035830532224742,3.044,3.043999999999825,1.058200194137271e-09,1.1903675474996596e-09,93,558,14.535033977337037,0.6655211628675557,0.999999999968546,213.88950246617122,106.9470888887173,1.3837,105.5633888887173,2.3400606485003443
252,unstable,1.2284404024317446,0.048259286939396046,1.2293879701308963,0.039264813689934945,3.044,3.043999999999825,1.058200194137271e-09,1.1903675474996596e-09,93,558,14.535033977337037,0.6655211628675557,0.999999999968546,213.88950246617122,106.9470888887173,1.3837,105.5633888887173,2.3400606485003443
253,unstable,1.2284404024317446,-0.048259286939396046,1.2293879701308963,-0.039264813689934945,3.044,3.043999999999825,1.058200194137271e-09,1.1903675474996596e-09,93,558,14.535033977337037,0.6655211628675557,0.999999999968546,213.88950246617122,106.9470888887173,1.3837,105.5633888887173,2.3400606485003443
254,unstable,0.996084562960785,-0.7205625048506178,1.2293879696683934,-0.6262553040773833,3.044,3.043999999999825,1.058200194137271e-09,1.1903675474996596e-09,93,558,14.535033977337037,0.6655211628675557,0.999999999968546,213.88950246617122,106.9470888887173,1.3837,105.5633888887173,2.3400606485003443
255,unstable,0.996084562960785,0.7205625048506178,1.2293879696683934,0.6262553040773833,3.044,3.043999999999825,1.058200194137271e-09,1.1903675474996596e-09,93,558,14.535033977337037,0.6655211628675557,0.999999999968546,213.88950246617122,106.9470888887173,1.3837,105.5633888887173,2.3400606485003443
256,unstable,0.2448391072970291,-1.2047603672727807,1.2293875430527397,-1.3703003968464882,3.044,3.043999999999825,1.058200194137271e-09,1.1903675474996596e-09,93,558,14.535033977337037,0.6655211628675557,0.999999999968546,213.88950246617122,106.9470888887173,1.3837,105.5633888887173,2.3400606485003443
257,unstable,0.2448391072970291,1.2047603672727807,1.2293875430527397,1.3703003968464882,3.044,3.043999999999825,1.058200194137271e-09,1.1903675474996596e-09,93,558,14.535033977337037,0.6655211628675557,0.999999999968546,213.88950246617122,106.9470888887173,1.3837,105.5633888887173,2.3400606485003443
258,unstable,-0.7730275128239215,-0.9559404381779826,1.2293875129212317,-2.250793419584866,3.044,3.043999999999825,1.058200194137271e-09,1.1903675474996596e-09,93,558,14.535033977337037,0.6655211628675557,0.999999999968546,213.88950246617122,106.9470888887173,1.3837,105.5633888887173,2.3400606485003443
259,unstable,-0.7730275128239215,0.9559404381779826,1.2293875129212317,2.250793419584866,3.044,3.043999999999825,1.058200194137271e-09,1.1903675474996596e-09,93,558,14.535033977337037,0.6655211628675557,0.999999999968546,213.88950246617122,106.9470888887173,1.3837,105.5633888887173,2.3400606485003443
260,unstable,-0.017830106286560954,1.2292540141395019,1.2293833185659666,1.5853001281373302,3.044,3.043999999999825,1.058200194137271e-09,1.1903675474996596e-09,93,558,14.535033977337037,0.6655211628675557,0.999999999968546,213.88950246617122,106.9470888887173,1.3837,105.5633888887173,2.3400606485003443
261,unstable,-0.017830106286560954,-1.2292540141395019,1.2293833185659666,-1.5853001281373302,3.044,3.043999999999825,1.058200194137271e-09,1.1903675474996596e-09,93,558,14.535033977337037,0.6655211628675557,0.999999999968546,213.88950246617122,106.9470888887173,1.3837,105.5633888887173,2.3400606485003443
262,unstable,-1.1498349085201527,0.4346879555840694,1.2292574732664454,2.780156122369877,3.044,3.043999999999825,1.058200194137271e-09,1.1903675474996596e-09,93,558,14.535033977337037,0.6655211628675557,0.999999999968546,213.88950246617122,106.9470888887173,1.3837,105.5633888887173,2.3400606485003443
263,unstable,-1.1498349085201527,-0.4346879555840694,1.2292574732664454,-2.780156122369877,3.044,3.043999999999825,1.058200194137271e-09,1.1903675474996596e-09,93,558,14.535033977337037,0.6655211628675557,0.999999999968546,213.88950246617122,106.9470888887173,1.3837,105.5633888887173,2.3400606485003443
264,unstable,1.0861831431953735,0.5746532317114567,1.2288287745972595,0.4866224051595284,3.044,3.043999999999825,1.058200194137271e-09,1.1903675474996596e-09,93,558,14.535033977337037,0.6655211628675557,0.999999999968546,213.88950246617122,106.9470888887173,1.3837,105.5633888887173,2.3400606485003443
265,unstable,1.0861831431953735,-0.5746532317114567,1.2288287745972595,-0.4866224051595284,3.044,3.043999999999825,1.058200194137271e-09,1.1903675474996596e-09,93,558,14.535033977337037,0.6655211628675557,0.999999999968546,213.88950246617122,106.9470888887173,1.3837,105.5633888887173,2.3400606485003443
266,unstable,0.8276888313261139,-0.8996389048106876,1.222464298272535,-0.827028076948918,3.044,3.043999999999825,1.058200194137271e-09,1.1903675474996596e-09,93,558,14.535033977337037,0.6655211628675557,0.999999999968546,213.88950246617122,106.9470888887173,1.3837,105.5633888887173,2.3400606485003443
267,unstable,0.8276888313261139,0.8996389048106876,1.222464298272535,0.827028076948918,3.044,3.043999999999825,1.058200194137271e-09,1.1903675474996596e-09,93,558,14.535033977337037,0.6655211628675557,0.999999999968546,213.88950246617122,106.9470888887173,1.3837,105.5633888887173,2.3400606485003443
268,unstable,-0.3417261216966577,1.1716151568350188,1.2204338646462514,1.8545943960006697,3.044,3.043999999999825,1.058200194137271e-09,1.1903675474996596e-09,93,558,14.535033977337037,0.6655211628675557,0.999999999968546,213.88950246617122,106.9470888887173,1.3837,105.5633888887173,2.3400606485003443
269,unstable,-0.3417261216966577,-1.1716151568350188,1.2204338646462514,-1.8545943960006697,3.044,3.043999999999825,1.058200194137271e-09,1.1903675474996596e-09,93,558,14.535033977337037,0.6655211628675557,0.999999999968546,213.88950246617122,106.9470888887173,1.3837,105.5633888887173,2.3400606485003443
270,unstable,-0.9604988171660631,0.7503676717630081,1.2188558653936254,2.4784039033433976,3.044,3.043999999999825,1.058200194137271e-09,1.1903675474996596e-09,93,558,14.535033977337037,0.6655211628675557,0.999999999968546,213.88950246617122,106.9470888887173,1.3837,105.5633888887173,2.3400606485003443
271,unstable,-0.9604988171660631,-0.7503676717630081,1.2188558653936254,-2.4784039033433976,3.044,3.043999999999825,1.058200194137271e-09,1.1903675474996596e-09,93,558,14.535033977337037,0.6655211628675557,0.999999999968546,213.88950246617122,106.9470888887173,1.3837,105.5633888887173,2.3400606485003443
272,unstable,-1.2144502188572757,0.0,1.2144502188572757,3.141592653589793,3.044,3.043999999999825,1.058200194137271e-09,1.1903675474996596e-09,93,558,14.535033977337037,0.6655211628675557,0.999999999968546,213.88950246617122,106.9470888887173,1.3837,105.5633888887173,2.3400606485003443
273,unstable,1.176772516915701,0.2921301486704062,1.2124906516465632,0.2433280227504548,3.044,3.043999999999825,1.058200194137271e-09,1.1903675474996596e-09,93,558,14.535033977337037,0.6655211628675557,0.999999999968546,213.88950246617122,106.9470888887173,1.3837,105.5633888887173,2.3400606485003443
274,unstable,1.176772516915701,-0.2921301486704062,1.2124906516465632,-0.2433280227504548,3.044,3.043999999999825,1.058200194137271e-09,1.1903675474996596e-09,93,558,14.535033977337037,0.6655211628675557,0.999999999968546,213.88950246617122,106.9470888887173,1.3837,105.5633888887173,2.3400606485003443
275,unit,0.36802716740029084,0.9298150375507326,1.000000000000076,1.1939099467253138,3.044,3.043999999999825,1.058200194137271e-09,1.1903675474996596e-09,93,558,14.535033977337037,0.6655211628675557,0.999999999968546,213.88950246617122,106.9470888887173,1.3837,105.5633888887173,2.3400606485003443
276,unit,0.36802716740029084,-0.9298150375507326,1.000000000000076,-1.1939099467253138,3.044,3.043999999999825,1.058200194137271e-09,1.1903675474996596e-09,93,558,14.535033977337037,0.6655211628675557,0.999999999968546,213.88950246617122,106.9470888887173,1.3837,105.5633888887173,2.3400606485003443
277,unit,0.023960141515238925,-0.9997129146001938,0.9999999999999224,-1.546833892147389,3.044,3.043999999999825,1.058200194137271e-09,1.1903675474996596e-09,93,558,14.535033977337037,0.6655211628675557,0.999999999968546,213.88950246617122,106.9470888887173,1.3837,105.5633888887173,2.3400606485003443
278,unit,0.023960141515238925,0.9997129146001938,0.9999999999999224,1.546833892147389,3.044,3.043999999999825,1.058200194137271e-09,1.1903675474996596e-09,93,558,14.535033977337037,0.6655211628675557,0.999999999968546,213.88950246617122,106.9470888887173,1.3837,105.5633888887173,2.3400606485003443
279,unit,0.9799232162878221,0.19937524966710568,0.9999999999998451,0.2007203290993312,3.044,3.043999999999825,1.058200194137271e-09,1.1903675474996596e-09,93,558,14.535033977337037,0.6655211628675557,0.999999999968546,213.88950246617122,106.9470888887173,1.3837,105.5633888887173,2.3400606485003443
280,unit,0.9799232162878221,-0.19937524966710568,0.9999999999998451,-0.2007203290993312,3.044,3.043999999999825,1.058200194137271e-09,1.1903675474996596e-09,93,558,14.535033977337037,0.6655211628675557,0.999999999968546,213.88950246617122,106.9470888887173,1.3837,105.5633888887173,2.3400606485003443
281,unit,0.30776015355103803,0.9514639708815447,0.9999999999997177,1.2579582988674805,3.044,3.043999999999825,1.058200194137271e-09,1.1903675474996596e-09,93,558,14.535033977337037,0.6655211628675557,0.999999999968546,213.88950246617122,106.9470888887173,1.3837,105.5633888887173,2.3400606485003443
282,unit,0.30776015355103803,-0.9514639708815447,0.9999999999997177,-1.2579582988674805,3.044,3.043999999999825,1.058200194137271e-09,1.1903675474996596e-09,93,558,14.535033977337037,0.6655211628675557,0.999999999968546,213.88950246617122,106.9470888887173,1.3837,105.5633888887173,2.3400606485003443
283,stable,0.8004527837879838,0.1987099353275955,0.8247486268384021,0.24332802275044133,3.044,3.043999999999825,1.058200194137271e-09,1.1903675474996596e-09,93,558,14.535033977337037,0.6655211628675557,0.999999999968546,213.88950246617122,106.9470888887173,1.3837,105.5633888887173,2.3400606485003443
284,stable,0.8004527837879838,-0.1987099353275955,0.8247486268384021,-0.24332802275044133,3.044,3.043999999999825,1.058200194137271e-09,1.1903675474996596e-09,93,558,14.535033977337037,0.6655211628675557,0.999999999968546,213.88950246617122,106.9470888887173,1.3837,105.5633888887173,2.3400606485003443
285,stable,-0.8234178597626342,0.0,0.8234178597626342,3.141592653589793,3.044,3.043999999999825,1.058200194137271e-09,1.1903675474996596e-09,93,558,14.535033977337037,0.6655211628675557,0.999999999968546,213.88950246617122,106.9470888887173,1.3837,105.5633888887173,2.3400606485003443
286,stable,-0.6465351353708484,-0.5050907461528642,0.8204415537491129,-2.4784039033432523,3.044,3.043999999999825,1.058200194137271e-09,1.1903675474996596e-09,93,558,14.535033977337037,0.6655211628675557,0.999999999968546,213.88950246617122,106.9470888887173,1.3837,105.5633888887173,2.3400606485003443
287,stable,-0.6465351353708484,0.5050907461528642,0.8204415537491129,2.4784039033432523,3.044,3.043999999999825,1.058200194137271e-09,1.1903675474996596e-09,93,558,14.535033977337037,0.6655211628675557,0.999999999968546,213.88950246617122,106.9470888887173,1.3837,105.5633888887173,2.3400606485003443
288,stable,-0.22942972143473134,0.7866045993989403,0.819380737431132,1.8545943960006843,3.044,3.043999999999825,1.058200194137271e-09,1.1903675474996596e-09,93,558,14.535033977337037,0.6655211628675557,0.999999999968546,213.88950246617122,106.9470888887173,1.3837,105.5633888887173,2.3400606485003443
289,stable,-0.22942972143473134,-0.7866045993989403,0.819380737431132,-1.8545943960006843,3.044,3.043999999999825,1.058200194137271e-09,1.1903675474996596e-09,93,558,14.535033977337037,0.6655211628675557,0.999999999968546,213.88950246617122,106.9470888887173,1.3837,105.5633888887173,2.3400606485003443
290,stable,0.55385327219143,-0.6019991237791662,0.8180197993618724,-0.8270280769489269,3.044,3.043999999999825,1.058200194137271e-09,1.1903675474996596e-09,93,558,14.535033977337037,0.6655211628675557,0.999999999968546,213.88950246617122,106.9470888887173,1.3837,105.5633888887173,2.3400606485003443
291,stable,0.55385327219143,0.6019991237791662,0.8180197993618724,0.8270280769489269,3.044,3.043999999999825,1.058200194137271e-09,1.1903675474996596e-09,93,558,14.535033977337037,0.6655211628675557,0.999999999968546,213.88950246617122,106.9470888887173,1.3837,105.5633888887173,2.3400606485003443
292,stable,0.7193169825977668,0.3805599739457617,0.8137830271166601,0.486622405159545,3.044,3.043999999999825,1.058200194137271e-09,1.1903675474996596e-09,93,558,14.535033977337037,0.6655211628675557,0.999999999968546,213.88950246617122,106.9470888887173,1.3837,105.5633888887173,2.3400606485003443
293,stable,0.7193169825977668,-0.3805599739457617,0.8137830271166601,-0.486622405159545,3.044,3.043999999999825,1.058200194137271e-09,1.1903675474996596e-09,93,558,14.535033977337037,0.6655211628675557,0.999999999968546,213.88950246617122,106.9470888887173,1.3837,105.5633888887173,2.3400606485003443
294,stable,-0.7609388802524277,-0.2876682241341417,0.813499223513034,-2.7801561223698004,3.044,3.043999999999825,1.058200194137271e-09,1.1903675474996596e-09,93,558,14.535033977337037,0.6655211628675557,0.999999999968546,213.88950246617122,106.9470888887173,1.3837,105.5633888887173,2.3400606485003443
295,stable,-0.7609388802524277,0.2876682241341417,0.813499223513034,2.7801561223698004,3.044,3.043999999999825,1.058200194137271e-09,1.1903675474996596e-09,93,558,14.535033977337037,0.6655211628675557,0.999999999968546,213.88950246617122,106.9470888887173,1.3837,105.5633888887173,2.3400606485003443
296,stable,-0.011797209726880697,0.8133303963188396,0.8134159500117396,1.5853001281372883,3.044,3.043999999999825,1.058200194137271e-09,1.1903675474996596e-09,93,558,14.535033977337037,0.6655211628675557,0.999999999968546,213.88950246617122,106.9470888887173,1.3837,105.5633888887173,2.3400606485003443
297,stable,-0.011797209726880697,-0.8133303963188396,0.8134159500117396,-1.5853001281372883,3.044,3.043999999999825,1.058200194137271e-09,1.1903675474996596e-09,93,558,14.535033977337037,0.6655211628675557,0.999999999968546,213.88950246617122,106.9470888887173,1.3837,105.5633888887173,2.3400606485003443
298,stable,-0.511466691209921,-0.6324893807756885,0.813413174844887,-2.250793419584948,3.044,3.043999999999825,1.058200194137271e-09,1.1903675474996596e-09,93,558,14.535033977337037,0.6655211628675557,0.999999999968546,213.88950246617122,106.9470888887173,1.3837,105.5633888887173,2.3400606485003443
299,stable,-0.511466691209921,0.6324893807756885,0.813413174844887,2.250793419584948,3.044,3.043999999999825,1.058200194137271e-09,1.1903675474996596e-09,93,558,14.535033977337037,0.6655211628675557,0.999999999968546,213.88950246617122,106.9470888887173,1.3837,105.5633888887173,2.3400606485003443
300,stable,0.16199558213920895,0.7971188066692283,0.8134131549086208,1.3703003968464538,3.044,3.043999999999825,1.058200194137271e-09,1.1903675474996596e-09,93,558,14.535033977337037,0.6655211628675557,0.999999999968546,213.88950246617122,106.9470888887173,1.3837,105.5633888887173,2.3400606485003443
301,stable,0.16199558213920895,-0.7971188066692283,0.8134131549086208,-1.3703003968464538,3.044,3.043999999999825,1.058200194137271e-09,1.1903675474996596e-09,93,558,14.535033977337037,0.6655211628675557,0.999999999968546,213.88950246617122,106.9470888887173,1.3837,105.5633888887173,2.3400606485003443
302,stable,0.6590498896545929,0.4767533369852057,0.8134128726423379,0.6262553040773511,3.044,3.043999999999825,1.058200194137271e-09,1.1903675474996596e-09,93,558,14.535033977337037,0.6655211628675557,0.999999999968546,213.88950246617122,106.9470888887173,1.3837,105.5633888887173,2.3400606485003443
303,stable,0.6590498896545929,-0.4767533369852057,0.8134128726423379,-0.6262553040773511,3.044,3.043999999999825,1.058200194137271e-09,1.1903675474996596e-09,93,558,14.535033977337037,0.6655211628675557,0.999999999968546,213.88950246617122,106.9470888887173,1.3837,105.5633888887173,2.3400606485003443
304,stable,0.8127859231691892,-0.03193029878284463,0.8134128723362772,-0.03926481368997464,3.044,3.043999999999825,1.058200194137271e-09,1.1903675474996596e-09,93,558,14.535033977337037,0.6655211628675557,0.999999999968546,213.88950246617122,106.9470888887173,1.3837,105.5633888887173,2.3400606485003443
305,stable,0.8127859231691892,0.03193029878284463,0.8134128723362772,0.03926481368997464,3.044,3.043999999999825,1.058200194137271e-09,1.1903675474996596e-09,93,558,14.535033977337037,0.6655211628675557,0.999999999968546,213.88950246617122,106.9470888887173,1.3837,105.5633888887173,2.3400606485003443
306,stable,-0.3647777461899123,0.7270334871690183,0.8134128690772818,2.035830532224761,3.044,3.043999999999825,1.058200194137271e-09,1.1903675474996596e-09,93,558,14.535033977337037,0.6655211628675557,0.999999999968546,213.88950246617122,106.9470888887173,1.3837,105.5633888887173,2.3400606485003443
307,stable,-0.3647777461899123,-0.7270334871690183,0.8134128690772818,-2.035830532224761,3.044,3.043999999999825,1.058200194137271e-09,1.1903675474996596e-09,93,558,14.535033977337037,0.6655211628675557,0.999999999968546,213.88950246617122,106.9470888887173,1.3837,105.5633888887173,2.3400606485003443
308,stable,-0.7358542694979986,-0.3466392985583385,0.8134127545369878,-2.701355248911436,3.044,3.043999999999825,1.058200194137271e-09,1.1903675474996596e-09,93,558,14.535033977337037,0.6655211628675557,0.999999999968546,213.88950246617122,106.9470888887173,1.3837,105.5633888887173,2.3400606485003443
309,stable,-0.7358542694979986,0.3466392985583385,0.8134127545369878,2.701355248911436,3.044,3.043999999999825,1.058200194137271e-09,1.1903675474996596e-09,93,558,14.535033977337037,0.6655211628675557,0.999999999968546,213.88950246617122,106.9470888887173,1.3837,105.5633888887173,2.3400606485003443
310,stable,0.6196167564934194,0.5269870622267243,0.8134127418978503,0.704787087998227,3.044,3.043999999999825,1.058200194137271e-09,1.1903675474996596e-09,93,558,14.535033977337037,0.6655211628675557,0.999999999968546,213.88950246617122,106.9470888887173,1.3837,105.5633888887173,2.3400606485003443
311,stable,0.6196167564934194,-0.5269870622267243,0.8134127418978503,-0.704787087998227,3.044,3.043999999999825,1.058200194137271e-09,1.1903675474996596e-09,93,558,14.535033977337037,0.6655211628675557,0.999999999968546,213.88950246617122,106.9470888887173,1.3837,105.5633888887173,2.3400606485003443
312,stable,0.44066419193216366,-0.6837069672963136,0.813412654918,-0.9982817069961294,3.044,3.043999999999825,1.058200194137271e-09,1.1903675474996596e-09,93,558,14.535033977337037,0.6655211628675557,0.999999999968546,213.88950246617122,106.9470888887173,1.3837,105.5633888887173,2.3400606485003443
313,stable,0.44066419193216366,0.6837069672963136,0.813412654918,0.9982817069961294,3.044,3.043999999999825,1.058200194137271e-09,1.1903675474996596e-09,93,558,14.535033977337037,0.6655211628675557,0.999999999968546,213.88950246617122,106.9470888887173,1.3837,105.5633888887173,2.3400606485003443
314,stable,-0.5595087134841281,0.5904152304070343,0.8134126534307513,2.3293239494986246,3.044,3.043999999999825,1.058200194137271e-09,1.1903675474996596e-09,93,558,14.535033977337037,0.6655211628675557,0.999999999968546,213.88950246617122,106.9470888887173,1.3837,105.5633888887173,2.3400606485003443
315,stable,-0.5595087134841281,-0.5904152304070343,0.8134126534307513,-2.3293239494986246,3.044,3.043999999999825,1.058200194137271e-09,1.1903675474996596e-09,93,558,14.535033977337037,0.6655211628675557,0.999999999968546,213.88950246617122,106.9470888887173,1.3837,105.5633888887173,2.3400606485003443
316,stable,0.7687922228462263,-0.26570405487266097,0.8134126423191465,-0.3327606277485822,3.044,3.043999999999825,1.058200194137271e-09,1.1903675474996596e-09,93,558,14.535033977337037,0.6655211628675557,0.999999999968546,213.88950246617122,106.9470888887173,1.3837,105.5633888887173,2.3400606485003443
317,stable,0.7687922228462263,0.26570405487266097,0.8134126423191465,0.3327606277485822,3.044,3.043999999999825,1.058200194137271e-09,1.1903675474996596e-09,93,558,14.535033977337037,0.6655211628675557,0.999999999968546,213.88950246617122,106.9470888887173,1.3837,105.5633888887173,2.3400606485003443
318,stable,-0.07554375097729227,-0.8098970621777116,0.8134126318393434,-1.663802963142205,3.044,3.043999999999825,1.058200194137271e-09,1.1903675474996596e-09,93,558,14.535033977337037,0.6655211628675557,0.999999999968546,213.88950246617122,106.9470888887173,1.3837,105.5633888887173,2.3400606485003443
319,stable,-0.07554375097729227,0.8098970621777116,0.8134126318393434,1.663802963142205,3.044,3.043999999999825,1.058200194137271e-09,1.1903675474996596e-09,93,558,14.535033977337037,0.6655211628675557,0.999999999968546,213.88950246617122,106.9470888887173,1.3837,105.5633888887173,2.3400606485003443
320,stable,-0.30661619670282425,-0.7534099720447449,0.8134126124280151,-1.9572979168349898,3.044,3.043999999999825,1.058200194137271e-09,1.1903675474996596e-09,93,558,14.535033977337037,0.6655211628675557,0.999999999968546,213.88950246617122,106.9470888887173,1.3837,105.5633888887173,2.3400606485003443
321,stable,-0.30661619670282425,0.7534099720447449,0.8134126124280151,1.9572979168349898,3.044,3.043999999999825,1.058200194137271e-09,1.1903675474996596e-09,93,558,14.535033977337037,0.6655211628675557,0.999999999968546,213.88950246617122,106.9470888887173,1.3837,105.5633888887173,2.3400606485003443
322,stable,-0.8046699373892601,0.11893837331719664,0.8134125919761609,2.994845066693039,3.044,3.043999999999825,1.058200194137271e-09,1.1903675474996596e-09,93,558,14.535033977337037,0.6655211628675557,0.999999999968546,213.88950246617122,106.9470888887173,1.3837,105.5633888887173,2.3400606485003443
323,stable,-0.8046699373892601,-0.11893837331719664,0.8134125919761609,-2.994845066693039,3.044,3.043999999999825,1.058200194137271e-09,1.1903675474996596e-09,93,558,14.535033977337037,0.6655211628675557,0.999999999968546,213.88950246617122,106.9470888887173,1.3837,105.5633888887173,2.3400606485003443
324,stable,-0.7063902280533905,-0.4033024756336305,0.8134125897363135,-2.6228191536255823,3.044,3.043999999999825,1.058200194137271e-09,1.1903675474996596e-09,93,558,14.535033977337037,0.6655211628675557,0.999999999968546,213.88950246617122,106.9470888887173,1.3837,105.5633888887173,2.3400606485003443
325,stable,-0.7063902280533905,0.4033024756336305,0.8134125897363135,2.6228191536255823,3.044,3.043999999999825,1.058200194137271e-09,1.1903675474996596e-09,93,558,14.535033977337037,0.6655211628675557,0.999999999968546,213.88950246617122,106.9470888887173,1.3837,105.5633888887173,2.3400606485003443
326,stable,0.2240245836960597,-0.781954421042208,0.8134123989020867,-1.2917767357819285,3.044,3.043999999999825,1.058200194137271e-09,1.1903675474996596e-09,93,558,14.535033977337037,0.6655211628675557,0.999999999968546,213.88950246617122,106.9470888887173,1.3837,105.5633888887173,2.3400606485003443
327,stable,0.2240245836960597,0.781954421042208,0.8134123989020867,1.2917767357819285,3.044,3.043999999999825,1.058200194137271e-09,1.1903675474996596e-09,93,558,14.535033977337037,0.6655211628675557,0.999999999968546,213.88950246617122,106.9470888887173,1.3837,105.5633888887173,2.3400606485003443
328,stable,-0.7928583726316549,0.18170036809438125,0.8134122096561802,2.916311491262237,3.044,3.043999999999825,1.058200194137271e-09,1.1903675474996596e-09,93,558,14.535033977337037,0.6655211628675557,0.999999999968546,213.88950246617122,106.9470888887173,1.3837,105.5633888887173,2.3400606485003443
329,stable,-0.7928583726316549,-0.18170036809438125,0.8134122096561802,-2.916311491262237,3.044,3.043999999999825,1.058200194137271e-09,1.1903675474996596e-09,93,558,14.535033977337037,0.6655211628675557,0.999999999968546,213.88950246617122,106.9470888887173,1.3837,105.5633888887173,2.3400606485003443
330,stable,0.28464165727505597,0.7619832535363735,0.8134121659565757,1.213294255490672,3.044,3.043999999999825,1.058200194137271e-09,1.1903675474996596e-09,93,558,14.535033977337037,0.6655211628675557,0.999999999968546,213.88950246617122,106.9470888887173,1.3837,105.5633888887173,2.3400606485003443
331,stable,0.28464165727505597,-0.7619832535363735,0.8134121659565757,-1.213294255490672,3.044,3.043999999999825,1.058200194137271e-09,1.1903675474996596e-09,93,558,14.535033977337037,0.6655211628675557,0.999999999968546,213.88950246617122,106.9470888887173,1.3837,105.5633888887173,2.3400606485003443
332,stable,0.492929554210087,0.6470324304813561,0.813406731904996,0.9197660905669877,3.044,3.043999999999825,1.058200194137271e-09,1.1903675474996596e-09,93,558,14.535033977337037,0.6655211628675557,0.999999999968546,213.88950246617122,106.9470888887173,1.3837,105.5633888887173,2.3400606485003443
333,stable,0.492929554210087,-0.6470324304813561,0.813406731904996,-0.9197660905669877,3.044,3.043999999999825,1.058200194137271e-09,1.1903675474996596e-09,93,558,14.535033977337037,0.6655211628675557,0.999999999968546,213.88950246617122,106.9470888887173,1.3837,105.5633888887173,2.3400606485003443
334,stable,0.7455640072491159,0.3252146902208214,0.8134065918350949,0.411318401780682,3.044,3.043999999999825,1.058200194137271e-09,1.1903675474996596e-09,93,558,14.535033977337037,0.6655211628675557,0.999999999968546,213.88950246617122,106.9470888887173,1.3837,105.5633888887173,2.3400606485003443
335,stable,0.7455640072491159,-0.3252146902208214,0.8134065918350949,-0.411318401780682,3.044,3.043999999999825,1.058200194137271e-09,1.1903675474996596e-09,93,558,14.535033977337037,0.6655211628675557,0.999999999968546,213.88950246617122,106.9470888887173,1.3837,105.5633888887173,2.3400606485003443
336,stable,0.3856995743124553,0.7161437601410272,0.8134039874587156,1.0767643528559814,3.044,3.043999999999825,1.058200194137271e-09,1.1903675474996596e-09,93,558,14.535033977337037,0.6655211628675557,0.999999999968546,213.88950246617122,106.9470888887173,1.3837,105.5633888887173,2.3400606485003443
337,stable,0.3856995743124553,-0.7161437601410272,0.8134039874587156,-1.0767643528559814,3.044,3.043999999999825,1.058200194137271e-09,1.1903675474996596e-09,93,558,14.535033977337037,0.6655211628675557,0.999999999968546,213.88950246617122,106.9470888887173,1.3837,105.5633888887173,2.3400606485003443
338,stable,-0.6040432503599791,-0.5447498054762245,0.8134006385981222,-2.407762417542287,3.044,3.043999999999825,1.058200194137271e-09,1.1903675474996596e-09,93,558,14.535033977337037,0.6655211628675557,0.999999999968546,213.88950246617122,106.9470888887173,1.3837,105.5633888887173,2.3400606485003443
339,stable,-0.6040432503599791,0.5447498054762245,0.8134006385981222,2.407762417542287,3.044,3.043999999999825,1.058200194137271e-09,1.1903675474996596e-09,93,558,14.535033977337037,0.6655211628675557,0.999999999968546,213.88950246617122,106.9470888887173,1.3837,105.5633888887173,2.3400606485003443
340,stable,-0.13883442360090947,0.8014555242813973,0.8133916366534427,1.7423219943559844,3.044,3.043999999999825,1.058200194137271e-09,1.1903675474996596e-09,93,558,14.535033977337037,0.6655211628675557,0.999999999968546,213.88950246617122,106.9470888887173,1.3837,105.5633888887173,2.3400606485003443
341,stable,-0.13883442360090947,-0.8014555242813973,0.8133916366534427,-1.7423219943559844,3.044,3.043999999999825,1.058200194137271e-09,1.1903675474996596e-09,93,558,14.535033977337037,0.6655211628675557,0.999999999968546,213.88950246617122,106.9470888887173,1.3837,105.5633888887173,2.3400606485003443
342,stable,-0.24664135457356845,-0.7750784977259549,0.8133748431215511,-1.8788789464638225,3.044,3.043999999999825,1.058200194137271e-09,1.1903675474996596e-09,93,558,14.535033977337037,0.6655211628675557,0.999999999968546,213.88950246617122,106.9470888887173,1.3837,105.5633888887173,2.3400606485003443
343,stable,-0.24664135457356845,0.7750784977259549,0.8133748431215511,1.8788789464638225,3.044,3.043999999999825,1.058200194137271e-09,1.1903675474996596e-09,93,558,14.535033977337037,0.6655211628675557,0.999999999968546,213.88950246617122,106.9470888887173,1.3837,105.5633888887173,2.3400606485003443
344,stable,0.6943419593969066,-0.4236169923242272,0.8133646862047553,-0.5478118029704437,3.044,3.043999999999825,1.058200194137271e-09,1.1903675474996596e-09,93,558,14.535033977337037,0.6655211628675557,0.999999999968546,213.88950246617122,106.9470888887173,1.3837,105.5633888887173,2.3400606485003443
345,stable,0.6943419593969066,0.4236169923242272,0.8133646862047553,0.5478118029704437,3.044,3.043999999999825,1.058200194137271e-09,1.1903675474996596e-09,93,558,14.535033977337037,0.6655211628675557,0.999999999968546,213.88950246617122,106.9470888887173,1.3837,105.5633888887173,2.3400606485003443
346,stable,-0.42065350555882003,0.6961309696457322,0.8133558253549499,2.1143521914846044,3.044,3.043999999999825,1.058200194137271e-09,1.1903675474996596e-09,93,558,14.535033977337037,0.6655211628675557,0.999999999968546,213.88950246617122,106.9470888887173,1.3837,105.5633888887173,2.3400606485003443
347,stable,-0.42065350555882003,-0.6961309696457322,0.8133558253549499,-2.1143521914846044,3.044,3.043999999999825,1.058200194137271e-09,1.1903675474996596e-09,93,558,14.535033977337037,0.6655211628675557,0.999999999968546,213.88950246617122,106.9470888887173,1.3837,105.5633888887173,2.3400606485003443
348,stable,0.8077136817743094,0.09550730139173016,0.8133406643864187,0.11769750139080112,3.044,3.043999999999825,1.058200194137271e-09,1.1903675474996596e-09,93,558,14.535033977337037,0.6655211628675557,0.999999999968546,213.88950246617122,106.9470888887173,1.3837,105.5633888887173,2.3400606485003443
349,stable,0.8077136817743094,-0.09550730139173016,0.8133406643864187,-0.11769750139080112,3.044,3.043999999999825,1.058200194137271e-09,1.1903675474996596e-09,93,558,14.535033977337037,0.6655211628675557,0.999999999968546,213.88950246617122,106.9470888887173,1.3837,105.5633888887173,2.3400606485003443
350,stable,0.5763509391549989,0.5738790415075349,0.8133372974027788,0.7832491202637906,3.044,3.043999999999825,1.058200194137271e-09,1.1903675474996596e-09,93,558,14.535033977337037,0.6655211628675557,0.999999999968546,213.88950246617122,106.9470888887173,1.3837,105.5633888887173,2.3400606485003443
351,stable,0.5763509391549989,-0.5738790415075349,0.8133372974027788,-0.7832491202637906,3.044,3.043999999999825,1.058200194137271e-09,1.1903675474996596e-09,93,558,14.535033977337037,0.6655211628675557,0.999999999968546,213.88950246617122,106.9470888887173,1.3837,105.5633888887173,2.3400606485003443
352,stable,-0.8114370306683969,-0.05553625589561487,0.8133353124381407,-3.073257365973149,3.044,3.043999999999825,1.058200194137271e-09,1.1903675474996596e-09,93,558,14.535033977337037,0.6655211628675557,0.999999999968546,213.88950246617122,106.9470888887173,1.3837,105.5633888887173,2.3400606485003443
353,stable,-0.8114370306683969,0.05553625589561487,0.8133353124381407,3.073257365973149,3.044,3.043999999999825,1.058200194137271e-09,1.1903675474996596e-09,93,558,14.535033977337037,0.6655211628675557,0.999999999968546,213.88950246617122,106.9470888887173,1.3837,105.5633888887173,2.3400606485003443
354,stable,0.7871882714168374,-0.20443949939416106,0.8133024551596802,-0.25409501374445415,3.044,3.043999999999825,1.058200194137271e-09,1.1903675474996596e-09,93,558,14.535033977337037,0.6655211628675557,0.999999999968546,213.88950246617122,106.9470888887173,1.3837,105.5633888887173,2.3400606485003443
355,stable,0.7871882714168374,0.20443949939416106,0.8133024551596802,0.25409501374445415,3.044,3.043999999999825,1.058200194137271e-09,1.1903675474996596e-09,93,558,14.535033977337037,0.6655211628675557,0.999999999968546,213.88950246617122,106.9470888887173,1.3837,105.5633888887173,2.3400606485003443
356,stable,-0.4597875415520898,0.670786234458369,0.8132396668297438,2.1716873739440126,3.044,3.043999999999825,1.058200194137271e-09,1.1903675474996596e-09,93,558,14.535033977337037,0.6655211628675557,0.999999999968546,213.88950246617122,106.9470888887173,1.3837,105.5633888887173,2.3400606485003443
357,stable,-0.4597875415520898,-0.670786234458369,0.8132396668297438,-2.1716873739440126,3.044,3.043999999999825,1.058200194137271e-09,1.1903675474996596e-09,93,558,14.535033977337037,0.6655211628675557,0.999999999968546,213.88950246617122,106.9470888887173,1.3837,105.5633888887173,2.3400606485003443
358,stable,-0.672316953055436,-0.4573890968779854,0.813151198307304,-2.544198808702421,3.044,3.043999999999825,1.058200194137271e-09,1.1903675474996596e-09,93,558,14.535033977337037,0.6655211628675557,0.999999999968546,213.88950246617122,106.9470888887173,1.3837,105.5633888887173,2.3400606485003443
359,stable,-0.672316953055436,0.4573890968779854,0.813151198307304,2.544198808702421,3.044,3.043999999999825,1.058200194137271e-09,1.1903675474996596e-09,93,558,14.535033977337037,0.6655211628675557,0.999999999968546,213.88950246617122,106.9470888887173,1.3837,105.5633888887173,2.3400606485003443
360,stable,-0.7757035296986992,-0.24353669187905927,0.813035107654286,-2.837381973297618,3.044,3.043999999999825,1.058200194137271e-09,1.1903675474996596e-09,93,558,14.535033977337037,0.6655211628675557,0.999999999968546,213.88950246617122,106.9470888887173,1.3837,105.5633888887173,2.3400606485003443
361,stable,-0.7757035296986992,0.24353669187905927,0.813035107654286,2.837381973297618,3.044,3.043999999999825,1.058200194137271e-09,1.1903675474996596e-09,93,558,14.535033977337037,0.6655211628675557,0.999999999968546,213.88950246617122,106.9470888887173,1.3837,105.5633888887173,2.3400606485003443
362,stable,0.0997091110801476,-0.8062566876606257,0.8123987649115901,-1.4477518826624194,3.044,3.043999999999825,1.058200194137271e-09,1.1903675474996596e-09,93,558,14.535033977337037,0.6655211628675557,0.999999999968546,213.88950246617122,106.9470888887173,1.3837,105.5633888887173,2.3400606485003443
363,stable,0.0997091110801476,0.8062566876606257,0.8123987649115901,1.4477518826624194,3.044,3.043999999999825,1.058200194137271e-09,1.1903675474996596e-09,93,558,14.535033977337037,0.6655211628675557,0.999999999968546,213.88950246617122,106.9470888887173,1.3837,105.5633888887173,2.3400606485003443
364,stable,0.06197186674273497,0.7972360823930468,0.7996410965783289,1.4932189348085732,3.044,3.043999999999825,1.058200194137271e-09,1.1903675474996596e-09,93,558,14.535033977337037,0.6655211628675557,0.999999999968546,213.88950246617122,106.9470888887173,1.3837,105.5633888887173,2.3400606485003443
365,stable,0.06197186674273497,-0.7972360823930468,0.7996410965783289,-1.4932189348085732,3.044,3.043999999999825,1.058200194137271e-09,1.1903675474996596e-09,93,558,14.535033977337037,0.6655211628675557,0.999999999968546,213.88950246617122,106.9470888887173,1.3837,105.5633888887173,2.3400606485003443
366,stable,-0.6633259599227007,0.4379032379195903,0.7948336774997858,2.5581061323761105,3.044,3.043999999999825,1.058200194137271e-09,1.1903675474996596e-09,93,558,14.535033977337037,0.6655211628675557,0.999999999968546,213.88950246617122,106.9470888887173,1.3837,105.5633888887173,2.3400606485003443
367,stable,-0.6633259599227007,-0.4379032379195903,0.7948336774997858,-2.5581061323761105,3.044,3.043999999999825,1.058200194137271e-09,1.1903675474996596e-09,93,558,14.535033977337037,0.6655211628675557,0.999999999968546,213.88950246617122,106.9470888887173,1.3837,105.5633888887173,2.3400606485003443
368,stable,-0.7375713318464787,0.0,0.7375713318464787,3.141592653589793,3.044,3.043999999999825,1.058200194137271e-09,1.1903675474996596e-09,93,558,14.535033977337037,0.6655211628675557,0.999999999968546,213.88950246617122,106.9470888887173,1.3837,105.5633888887173,2.3400606485003443
369,stable,0.194848514218242,-0.6729036872133098,0.7005464408291033,-1.2889413604362137,3.044,3.043999999999825,1.058200194137271e-09,1.1903675474996596e-09,93,558,14.535033977337037,0.6655211628675557,0.999999999968546,213.88950246617122,106.9470888887173,1.3837,105.5633888887173,2.3400606485003443
370,stable,0.194848514218242,0.6729036872133098,0.7005464408291033,1.2889413604362137,3.044,3.043999999999825,1.058200194137271e-09,1.1903675474996596e-09,93,558,14.535033977337037,0.6655211628675557,0.999999999968546,213.88950246617122,106.9470888887173,1.3837,105.5633888887173,2.3400606485003443
371,stable,0.675444190937827,0.0,0.675444190937827,0.0,3.044,3.043999999999825,1.058200194137271e-09,1.1903675474996596e-09,93,558,14.535033977337037,0.6655211628675557,0.999999999968546,213.88950246617122,106.9470888887173,1.3837,105.5633888887173,2.3400606485003443
372,stable,-0.207956215085075,-0.3236413287024516,0.3846940304148198,-2.1419174959962652,3.044,3.043999999999825,1.058200194137271e-09,1.1903675474996596e-09,93,558,14.535033977337037,0.6655211628675557,0.999999999968546,213.88950246617122,106.9470888887173,1.3837,105.5633888887173,2.3400606485003443
373,stable,-0.207956215085075,0.3236413287024516,0.3846940304148198,2.1419174959962652,3.044,3.043999999999825,1.058200194137271e-09,1.1903675474996596e-09,93,558,14.535033977337037,0.6655211628675557,0.999999999968546,213.88950246617122,106.9470888887173,1.3837,105.5633888887173,2.3400606485003443
374,stable,-0.34398981501508696,-0.13072206186456192,0.3679908290871338,-2.778430574559736,3.044,3.043999999999825,1.058200194137271e-09,1.1903675474996596e-09,93,558,14.535033977337037,0.6655211628675557,0.999999999968546,213.88950246617122,106.9470888887173,1.3837,105.5633888887173,2.3400606485003443
375,stable,-0.34398981501508696,0.13072206186456192,0.3679908290871338,2.778430574559736,3.044,3.043999999999825,1.058200194137271e-09,1.1903675474996596e-09,93,558,14.535033977337037,0.6655211628675557,0.999999999968546,213.88950246617122,106.9470888887173,1.3837,105.5633888887173,2.3400606485003443
376,stable,0.0673242399558643,-0.3481099914802691,0.3545604595185817,-1.3797555437685243,3.044,3.043999999999825,1.058200194137271e-09,1.1903675474996596e-09,93,558,14.535033977337037,0.6655211628675557,0.999999999968546,213.88950246617122,106.9470888887173,1.3837,105.5633888887173,2.3400606485003443
377,stable,0.0673242399558643,0.3481099914802691,0.3545604595185817,1.3797555437685243,3.044,3.043999999999825,1.058200194137271e-09,1.1903675474996596e-09,93,558,14.535033977337037,0.6655211628675557,0.999999999968546,213.88950246617122,106.9470888887173,1.3837,105.5633888887173,2.3400606485003443
378,stable,0.29140404295453126,0.1664977628787364,0.3356155855943973,0.5190973927135208,3.044,3.043999999999825,1.058200194137271e-09,1.1903675474996596e-09,93,558,14.535033977337037,0.6655211628675557,0.999999999968546,213.88950246617122,106.9470888887173,1.3837,105.5633888887173,2.3400606485003443
379,stable,0.29140404295453126,-0.1664977628787364,0.3356155855943973,-0.5190973927135208,3.044,3.043999999999825,1.058200194137271e-09,1.1903675474996596e-09,93,558,14.535033977337037,0.6655211628675557,0.999999999968546,213.88950246617122,106.9470888887173,1.3837,105.5633888887173,2.3400606485003443
380,stable,-0.26565722134469705,0.20431118071906906,0.33513701350254566,2.4859928791038852,3.044,3.043999999999825,1.058200194137271e-09,1.1903675474996596e-09,93,558,14.535033977337037,0.6655211628675557,0.999999999968546,213.88950246617122,106.9470888887173,1.3837,105.5633888887173,2.3400606485003443
381,stable,-0.26565722134469705,-0.20431118071906906,0.33513701350254566,-2.4859928791038852,3.044,3.043999999999825,1.058200194137271e-09,1.1903675474996596e-09,93,558,14.535033977337037,0.6655211628675557,0.999999999968546,213.88950246617122,106.9470888887173,1.3837,105.5633888887173,2.3400606485003443
382,stable,-0.09251983269716837,-0.3203133677248325,0.3334075178899477,-1.8519849022045864,3.044,3.043999999999825,1.058200194137271e-09,1.1903675474996596e-09,93,558,14.535033977337037,0.6655211628675557,0.999999999968546,213.88950246617122,106.9470888887173,1.3837,105.5633888887173,2.3400606485003443
383,stable,-0.09251983269716837,0.3203133677248325,0.3334075178899477,1.8519849022045864,3.044,3.043999999999825,1.058200194137271e-09,1.1903675474996596e-09,93,558,14.535033977337037,0.6655211628675557,0.999999999968546,213.88950246617122,106.9470888887173,1.3837,105.5633888887173,2.3400606485003443
384,stable,0.12615510784791711,0.30760946721819715,0.3324736012954754,1.181601063323111,3.044,3.043999999999825,1.058200194137271e-09,1.1903675474996596e-09,93,558,14.535033977337037,0.6655211628675557,0.999999999968546,213.88950246617122,106.9470888887173,1.3837,105.5633888887173,2.3400606485003443
385,stable,0.12615510784791711,-0.30760946721819715,0.3324736012954754,-1.181601063323111,3.044,3.043999999999825,1.058200194137271e-09,1.1903675474996596e-09,93,558,14.535033977337037,0.6655211628675557,0.999999999968546,213.88950246617122,106.9470888887173,1.3837,105.5633888887173,2.3400606485003443
386,stable,-0.3291490692621059,0.0,0.3291490692621059,3.141592653589793,3.044,3.043999999999825,1.058200194137271e-09,1.1903675474996596e-09,93,558,14.535033977337037,0.6655211628675557,0.999999999968546,213.88950246617122,106.9470888887173,1.3837,105.5633888887173,2.3400606485003443
387,stable,-0.16270512497725292,-0.2838907563865117,0.32721081775450095,-2.0912209763414675,3.044,3.043999999999825,1.058200194137271e-09,1.1903675474996596e-09,93,558,14.535033977337037,0.6655211628675557,0.999999999968546,213.88950246617122,106.9470888887173,1.3837,105.5633888887173,2.3400606485003443
388,stable,-0.16270512497725292,0.2838907563865117,0.32721081775450095,2.0912209763414675,3.044,3.043999999999825,1.058200194137271e-09,1.1903675474996596e-09,93,558,14.535033977337037,0.6655211628675557,0.999999999968546,213.88950246617122,106.9470888887173,1.3837,105.5633888887173,2.3400606485003443
389,stable,0.323318522911734,0.04334134127210933,0.326210574814936,0.13325711328160475,3.044,3.043999999999825,1.058200194137271e-09,1.1903675474996596e-09,93,558,14.535033977337037,0.6655211628675557,0.999999999968546,213.88950246617122,106.9470888887173,1.3837,105.5633888887173,2.3400606485003443
390,stable,0.323318522911734,-0.04334134127210933,0.326210574814936,-0.13325711328160475,3.044,3.043999999999825,1.058200194137271e-09,1.1903675474996596e-09,93,558,14.535033977337037,0.6655211628675557,0.999999999968546,213.88950246617122,106.9470888887173,1.3837,105.5633888887173,2.3400606485003443
391,stable,-0.19608868289853698,0.259242415630086,0.32504984482784366,2.218375273604223,3.044,3.043999999999825,1.058200194137271e-09,1.1903675474996596e-09,93,558,14.535033977337037,0.6655211628675557,0.999999999968546,213.88950246617122,106.9470888887173,1.3837,105.5633888887173,2.3400606485003443
392,stable,-0.19608868289853698,-0.259242415630086,0.32504984482784366,-2.218375273604223,3.044,3.043999999999825,1.058200194137271e-09,1.1903675474996596e-09,93,558,14.535033977337037,0.6655211628675557,0.999999999968546,213.88950246617122,106.9470888887173,1.3837,105.5633888887173,2.3400606485003443
393,stable,-0.2997625156450835,-0.12308231599967472,0.32404756178331706,-2.751982369724727,3.044,3.043999999999825,1.058200194137271e-09,1.1903675474996596e-09,93,558,14.535033977337037,0.6655211628675557,0.999999999968546,213.88950246617122,106.9470888887173,1.3837,105.5633888887173,2.3400606485003443
394,stable,-0.2997625156450835,0.12308231599967472,0.32404756178331706,2.751982369724727,3.044,3.043999999999825,1.058200194137271e-09,1.1903675474996596e-09,93,558,14.535033977337037,0.6655211628675557,0.999999999968546,213.88950246617122,106.9470888887173,1.3837,105.5633888887173,2.3400606485003443
395,stable,-0.312661526891303,0.08462092497023128,0.3239103754757148,2.8772778171855578,3.044,3.043999999999825,1.058200194137271e-09,1.1903675474996596e-09,93,558,14.535033977337037,0.6655211628675557,0.999999999968546,213.88950246617122,106.9470888887173,1.3837,105.5633888887173,2.3400606485003443
396,stable,-0.312661526891303,-0.08462092497023128,0.3239103754757148,-2.8772778171855578,3.044,3.043999999999825,1.058200194137271e-09,1.1903675474996596e-09,93,558,14.535033977337037,0.6655211628675557,0.999999999968546,213.88950246617122,106.9470888887173,1.3837,105.5633888887173,2.3400606485003443
397,stable,0.002592518907781862,-0.32355313772633904,0.32356352403638844,-1.5627838456117964,3.044,3.043999999999825,1.058200194137271e-09,1.1903675474996596e-09,93,558,14.535033977337037,0.6655211628675557,0.999999999968546,213.88950246617122,106.9470888887173,1.3837,105.5633888887173,2.3400606485003443
398,stable,0.002592518907781862,0.32355313772633904,0.32356352403638844,1.5627838456117964,3.044,3.043999999999825,1.058200194137271e-09,1.1903675474996596e-09,93,558,14.535033977337037,0.6655211628675557,0.999999999968546,213.88950246617122,106.9470888887173,1.3837,105.5633888887173,2.3400606485003443
399,stable,0.31440090712128793,0.07244742890765228,0.32263998567136415,0.2264768296773164,3.044,3.043999999999825,1.058200194137271e-09,1.1903675474996596e-09,93,558,14.535033977337037,0.6655211628675557,0.999999999968546,213.88950246617122,106.9470888887173,1.3837,105.5633888887173,2.3400606485003443
400,stable,0.31440090712128793,-0.07244742890765228,0.32263998567136415,-0.2264768296773164,3.044,3.043999999999825,1.058200194137271e-09,1.1903675474996596e-09,93,558,14.535033977337037,0.6655211628675557,0.999999999968546,213.88950246617122,106.9470888887173,1.3837,105.5633888887173,2.3400606485003443
401,stable,0.2014622328497367,0.2507775343728492,0.3216774829093997,0.8940157932346169,3.044,3.043999999999825,1.058200194137271e-09,1.1903675474996596e-09,93,558,14.535033977337037,0.6655211628675557,0.999999999968546,213.88950246617122,106.9470888887173,1.3837,105.5633888887173,2.3400606485003443
402,stable,0.2014622328497367,-0.2507775343728492,0.3216774829093997,-0.8940157932346169,3.044,3.043999999999825,1.058200194137271e-09,1.1903675474996596e-09,93,558,14.535033977337037,0.6655211628675557,0.999999999968546,213.88950246617122,106.9470888887173,1.3837,105.5633888887173,2.3400606485003443
403,stable,0.04866125253771301,-0.3175143855533627,0.32122157855889527,-1.418722733871409,3.044,3.043999999999825,1.058200194137271e-09,1.1903675474996596e-09,93,558,14.535033977337037,0.6655211628675557,0.999999999968546,213.88950246617122,106.9470888887173,1.3837,105.5633888887173,2.3400606485003443
404,stable,0.04866125253771301,0.3175143855533627,0.32122157855889527,1.418722733871409,3.044,3.043999999999825,1.058200194137271e-09,1.1903675474996596e-09,93,558,14.535033977337037,0.6655211628675557,0.999999999968546,213.88950246617122,106.9470888887173,1.3837,105.5633888887173,2.3400606485003443
405,stable,0.2906482487298478,-0.13658091552424884,0.3211397685979883,-0.43929392388391464,3.044,3.043999999999825,1.058200194137271e-09,1.1903675474996596e-09,93,558,14.535033977337037,0.6655211628675557,0.999999999968546,213.88950246617122,106.9470888887173,1.3837,105.5633888887173,2.3400606485003443
406,stable,0.2906482487298478,0.13658091552424884,0.3211397685979883,0.43929392388391464,3.044,3.043999999999825,1.058200194137271e-09,1.1903675474996596e-09,93,558,14.535033977337037,0.6655211628675557,0.999999999968546,213.88950246617122,106.9470888887173,1.3837,105.5633888887173,2.3400606485003443
407,stable,-0.04954161155777452,0.31713279850786175,0.3209791008230434,1.7257610925697535,3.044,3.043999999999825,1.058200194137271e-09,1.1903675474996596e-09,93,558,14.535033977337037,0.6655211628675557,0.999999999968546,213.88950246617122,106.9470888887173,1.3837,105.5633888887173,2.3400606485003443
408,stable,-0.04954161155777452,-0.31713279850786175,0.3209791008230434,-1.7257610925697535,3.044,3.043999999999825,1.058200194137271e-09,1.1903675474996596e-09,93,558,14.535033977337037,0.6655211628675557,0.999999999968546,213.88950246617122,106.9470888887173,1.3837,105.5633888887173,2.3400606485003443
409,stable,0.2345255112669483,-0.21869215863022132,0.3206687943679106,-0.750476939117133,3.044,3.043999999999825,1.058200194137271e-09,1.1903675474996596e-09,93,558,14.535033977337037,0.6655211628675557,0.999999999968546,213.88950246617122,106.9470888887173,1.3837,105.5633888887173,2.3400606485003443
410,stable,0.2345255112669483,0.21869215863022132,0.3206687943679106,0.750476939117133,3.044,3.043999999999825,1.058200194137271e-09,1.1903675474996596e-09,93,558,14.535033977337037,0.6655211628675557,0.999999999968546,213.88950246617122,106.9470888887173,1.3837,105.5633888887173,2.3400606485003443
411,stable,0.2651185481367896,0.18031800520956812,0.3206281765049932,0.5972730963727538,3.044,3.043999999999825,1.058200194137271e-09,1.1903675474996596e-09,93,558,14.535033977337037,0.6655211628675557,0.999999999968546,213.88950246617122,106.9470888887173,1.3837,105.5633888887173,2.3400606485003443
412,stable,0.2651185481367896,-0.18031800520956812,0.3206281765049932,-0.5972730963727538,3.044,3.043999999999825,1.058200194137271e-09,1.1903675474996596e-09,93,558,14.535033977337037,0.6655211628675557,0.999999999968546,213.88950246617122,106.9470888887173,1.3837,105.5633888887173,2.3400606485003443
413,stable,0.09731941562645562,0.30448554216338275,0.31965999756679586,1.2614388776991934,3.044,3.043999999999825,1.058200194137271e-09,1.1903675474996596e-09,93,558,14.535033977337037,0.6655211628675557,0.999999999968546,213.88950246617122,106.9470888887173,1.3837,105.5633888887173,2.3400606485003443
414,stable,0.09731941562645562,-0.30448554216338275,0.31965999756679586,-1.2614388776991934,3.044,3.043999999999825,1.058200194137271e-09,1.1903675474996596e-09,93,558,14.535033977337037,0.6655211628675557,0.999999999968546,213.88950246617122,106.9470888887173,1.3837,105.5633888887173,2.3400606485003443
415,stable,-0.11006817035581347,-0.29929690296559963,0.3188943998415086,-1.9232008366246087,3.044,3.043999999999825,1.058200194137271e-09,1.1903675474996596e-09,93,558,14.535033977337037,0.6655211628675557,0.999999999968546,213.88950246617122,106.9470888887173,1.3837,105.5633888887173,2.3400606485003443
416,stable,-0.11006817035581347,0.29929690296559963,0.3188943998415086,1.9232008366246087,3.044,3.043999999999825,1.058200194137271e-09,1.1903675474996596e-09,93,558,14.535033977337037,0.6655211628675557,0.999999999968546,213.88950246617122,106.9470888887173,1.3837,105.5633888887173,2.3400606485003443
417,stable,-0.27087765248422135,-0.1681451923894771,0.31882206375822997,-2.5860609811713244,3.044,3.043999999999825,1.058200194137271e-09,1.1903675474996596e-09,93,558,14.535033977337037,0.6655211628675557,0.999999999968546,213.88950246617122,106.9470888887173,1.3837,105.5633888887173,2.3400606485003443
418,stable,-0.27087765248422135,0.1681451923894771,0.31882206375822997,2.5860609811713244,3.044,3.043999999999825,1.058200194137271e-09,1.1903675474996596e-09,93,558,14.535033977337037,0.6655211628675557,0.999999999968546,213.88950246617122,106.9470888887173,1.3837,105.5633888887173,2.3400606485003443
419,stable,0.3039553411872161,0.09320485496467047,0.3179245105763666,0.29753731751591456,3.044,3.043999999999825,1.058200194137271e-09,1.1903675474996596e-09,93,558,14.535033977337037,0.6655211628675557,0.999999999968546,213.88950246617122,106.9470888887173,1.3837,105.5633888887173,2.3400606485003443
420,stable,0.3039553411872161,-0.09320485496467047,0.3179245105763666,-0.29753731751591456,3.044,3.043999999999825,1.058200194137271e-09,1.1903675474996596e-09,93,558,14.535033977337037,0.6655211628675557,0.999999999968546,213.88950246617122,106.9470888887173,1.3837,105.5633888887173,2.3400606485003443
421,stable,0.07449675409850473,0.3089413091741511,0.31779631666438724,1.3341778524297658,3.044,3.043999999999825,1.058200194137271e-09,1.1903675474996596e-09,93,558,14.535033977337037,0.6655211628675557,0.999999999968546,213.88950246617122,106.9470888887173,1.3837,105.5633888887173,2.3400606485003443
422,stable,0.07449675409850473,-0.3089413091741511,0.31779631666438724,-1.3341778524297658,3.044,3.043999999999825,1.058200194137271e-09,1.1903675474996596e-09,93,558,14.535033977337037,0.6655211628675557,0.999999999968546,213.88950246617122,106.9470888887173,1.3837,105.5633888887173,2.3400606485003443
423,stable,0.24990922510182018,0.19622221415674831,0.31773853735354324,0.6656350638111991,3.044,3.043999999999825,1.058200194137271e-09,1.1903675474996596e-09,93,558,14.535033977337037,0.6655211628675557,0.999999999968546,213.88950246617122,106.9470888887173,1.3837,105.5633888887173,2.3400606485003443
424,stable,0.24990922510182018,-0.19622221415674831,0.31773853735354324,-0.6656350638111991,3.044,3.043999999999825,1.058200194137271e-09,1.1903675474996596e-09,93,558,14.535033977337037,0.6655211628675557,0.999999999968546,213.88950246617122,106.9470888887173,1.3837,105.5633888887173,2.3400606485003443
425,stable,0.18163983425860775,-0.26062353865520765,0.31767539767923014,-0.9621247728979583,3.044,3.043999999999825,1.058200194137271e-09,1.1903675474996596e-09,93,558,14.535033977337037,0.6655211628675557,0.999999999968546,213.88950246617122,106.9470888887173,1.3837,105.5633888887173,2.3400606485003443
426,stable,0.18163983425860775,0.26062353865520765,0.31767539767923014,0.9621247728979583,3.044,3.043999999999825,1.058200194137271e-09,1.1903675474996596e-09,93,558,14.535033977337037,0.6655211628675557,0.999999999968546,213.88950246617122,106.9470888887173,1.3837,105.5633888887173,2.3400606485003443
427,stable,0.3169112481116111,-0.021797186231618155,0.3176599699478594,-0.06867194395869275,3.044,3.043999999999825,1.058200194137271e-09,1.1903675474996596e-09,93,558,14.535033977337037,0.6655211628675557,0.999999999968546,213.88950246617122,106.9470888887173,1.3837,105.5633888887173,2.3400606485003443
428,stable,0.3169112481116111,0.021797186231618155,0.3176599699478594,0.06867194395869275,3.044,3.043999999999825,1.058200194137271e-09,1.1903675474996596e-09,93,558,14.535033977337037,0.6655211628675557,0.999999999968546,213.88950246617122,106.9470888887173,1.3837,105.5633888887173,2.3400606485003443
429,stable,0.29622739875413373,-0.11443588917008204,0.31756297722308224,-0.3686500627299966,3.044,3.043999999999825,1.058200194137271e-09,1.1903675474996596e-09,93,558,14.535033977337037,0.6655211628675557,0.999999999968546,213.88950246617122,106.9470888887173,1.3837,105.5633888887173,2.3400606485003443
430,stable,0.29622739875413373,0.11443588917008204,0.31756297722308224,0.3686500627299966,3.044,3.043999999999825,1.058200194137271e-09,1.1903675474996596e-09,93,558,14.535033977337037,0.6655211628675557,0.999999999968546,213.88950246617122,106.9470888887173,1.3837,105.5633888887173,2.3400606485003443
431,stable,0.31747040446786073,0.0,0.31747040446786073,0.0,3.044,3.043999999999825,1.058200194137271e-09,1.1903675474996596e-09,93,558,14.535033977337037,0.6655211628675557,0.999999999968546,213.88950246617122,106.9470888887173,1.3837,105.5633888887173,2.3400606485003443
432,stable,-0.3152922990900684,-0.0345254687276093,0.31717698822008233,-3.0325241610390545,3.044,3.043999999999825,1.058200194137271e-09,1.1903675474996596e-09,93,558,14.535033977337037,0.6655211628675557,0.999999999968546,213.88950246617122,106.9470888887173,1.3837,105.5633888887173,2.3400606485003443
433,stable,-0.3152922990900684,0.0345254687276093,0.31717698822008233,3.0325241610390545,3.044,3.043999999999825,1.058200194137271e-09,1.1903675474996596e-09,93,558,14.535033977337037,0.6655211628675557,0.999999999968546,213.88950246617122,106.9470888887173,1.3837,105.5633888887173,2.3400606485003443
434,stable,-0.2090602164546682,-0.2381926525084854,0.3169257228643658,-2.2911499882997313,3.044,3.043999999999825,1.058200194137271e-09,1.1903675474996596e-09,93,558,14.535033977337037,0.6655211628675557,0.999999999968546,213.88950246617122,106.9470888887173,1.3837,105.5633888887173,2.3400606485003443
435,stable,-0.2090602164546682,0.2381926525084854,0.3169257228643658,2.2911499882997313,3.044,3.043999999999825,1.058200194137271e-09,1.1903675474996596e-09,93,558,14.535033977337037,0.6655211628675557,0.999999999968546,213.88950246617122,106.9470888887173,1.3837,105.5633888887173,2.3400606485003443
436,stable,-0.017023180062321615,0.31638213643972407,0.3168397779913349,1.6245502492653163,3.044,3.043999999999825,1.058200194137271e-09,1.1903675474996596e-09,93,558,14.535033977337037,0.6655211628675557,0.999999999968546,213.88950246617122,106.9470888887173,1.3837,105.5633888887173,2.3400606485003443
437,stable,-0.017023180062321615,-0.31638213643972407,0.3168397779913349,-1.6245502492653163,3.044,3.043999999999825,1.058200194137271e-09,1.1903675474996596e-09,93,558,14.535033977337037,0.6655211628675557,0.999999999968546,213.88950246617122,106.9470888887173,1.3837,105.5633888887173,2.3400606485003443
438,stable,-0.13265087933049252,-0.2875799189308696,0.31669932990052,-2.002979580412612,3.044,3.043999999999825,1.058200194137271e-09,1.1903675474996596e-09,93,558,14.535033977337037,0.6655211628675557,0.999999999968546,213.88950246617122,106.9470888887173,1.3837,105.5633888887173,2.3400606485003443
439,stable,-0.13265087933049252,0.2875799189308696,0.31669932990052,2.002979580412612,3.044,3.043999999999825,1.058200194137271e-09,1.1903675474996596e-09,93,558,14.535033977337037,0.6655211628675557,0.999999999968546,213.88950246617122,106.9470888887173,1.3837,105.5633888887173,2.3400606485003443
440,stable,-0.31112166831610155,0.05852983625274852,0.3165792700534384,2.9556407736719255,3.044,3.043999999999825,1.058200194137271e-09,1.1903675474996596e-09,93,558,14.535033977337037,0.6655211628675557,0.999999999968546,213.88950246617122,106.9470888887173,1.3837,105.5633888887173,2.3400606485003443
441,stable,-0.31112166831610155,-0.05852983625274852,0.3165792700534384,-2.9556407736719255,3.044,3.043999999999825,1.058200194137271e-09,1.1903675474996596e-09,93,558,14.535033977337037,0.6655211628675557,0.999999999968546,213.88950246617122,106.9470888887173,1.3837,105.5633888887173,2.3400606485003443
442,stable,-0.28074185622390857,0.14577615132103794,0.31633317266771105,2.662661263892284,3.044,3.043999999999825,1.058200194137271e-09,1.1903675474996596e-09,93,558,14.535033977337037,0.6655211628675557,0.999999999968546,213.88950246617122,106.9470888887173,1.3837,105.5633888887173,2.3400606485003443
443,stable,-0.28074185622390857,-0.14577615132103794,0.31633317266771105,-2.662661263892284,3.044,3.043999999999825,1.058200194137271e-09,1.1903675474996596e-09,93,558,14.535033977337037,0.6655211628675557,0.999999999968546,213.88950246617122,106.9470888887173,1.3837,105.5633888887173,2.3400606485003443
444,stable,-0.22556676126515213,0.2211074027481145,0.31586207011552847,2.3661776294264043,3.044,3.043999999999825,1.058200194137271e-09,1.1903675474996596e-09,93,558,14.535033977337037,0.6655211628675557,0.999999999968546,213.88950246617122,106.9470888887173,1.3837,105.5633888887173,2.3400606485003443
445,stable,-0.22556676126515213,-0.2211074027481145,0.31586207011552847,-2.3661776294264043,3.044,3.043999999999825,1.058200194137271e-09,1.1903675474996596e-09,93,558,14.535033977337037,0.6655211628675557,0.999999999968546,213.88950246617122,106.9470888887173,1.3837,105.5633888887173,2.3400606485003443
446,stable,0.15914109591012077,-0.2725993300362654,0.31565215529708496,-1.042380309553778,3.044,3.043999999999825,1.058200194137271e-09,1.1903675474996596e-09,93,558,14.535033977337037,0.6655211628675557,0.999999999968546,213.88950246617122,106.9470888887173,1.3837,105.5633888887173,2.3400606485003443
447,stable,0.15914109591012077,0.2725993300362654,0.31565215529708496,1.042380309553778,3.044,3.043999999999825,1.058200194137271e-09,1.1903675474996596e-09,93,558,14.535033977337037,0.6655211628675557,0.999999999968546,213.88950246617122,106.9470888887173,1.3837,105.5633888887173,2.3400606485003443
448,stable,0.14443904407512329,-0.2774714988817639,0.312814753720198,-1.0908406381452806,3.044,3.043999999999825,1.058200194137271e-09,1.1903675474996596e-09,93,558,14.535033977337037,0.6655211628675557,0.999999999968546,213.88950246617122,106.9470888887173,1.3837,105.5633888887173,2.3400606485003443
449,stable,0.14443904407512329,0.2774714988817639,0.312814753720198,1.0908406381452806,3.044,3.043999999999825,1.058200194137271e-09,1.1903675474996596e-09,93,558,14.535033977337037,0.6655211628675557,0.999999999968546,213.88950246617122,106.9470888887173,1.3837,105.5633888887173,2.3400606485003443
450,stable,-0.031037166000319347,0.3085460982674523,0.31010320931812313,1.6710507526251879,3.044,3.043999999999825,1.058200194137271e-09,1.1903675474996596e-09,93,558,14.535033977337037,0.6655211628675557,0.999999999968546,213.88950246617122,106.9470888887173,1.3837,105.5633888887173,2.3400606485003443
451,stable,-0.031037166000319347,-0.3085460982674523,0.31010320931812313,-1.6710507526251879,3.044,3.043999999999825,1.058200194137271e-09,1.1903675474996596e-09,93,558,14.535033977337037,0.6655211628675557,0.999999999968546,213.88950246617122,106.9470888887173,1.3837,105.5633888887173,2.3400606485003443
452,stable,-0.2330916926524062,0.20300427747562577,0.30909945625472174,2.4250779804381835,3.044,3.043999999999825,1.058200194137271e-09,1.1903675474996596e-09,93,558,14.535033977337037,0.6655211628675557,0.999999999968546,213.88950246617122,106.9470888887173,1.3837,105.5633888887173,2.3400606485003443
453,stable,-0.2330916926524062,-0.20300427747562577,0.30909945625472174,-2.4250779804381835,3.044,3.043999999999825,1.058200194137271e-09,1.1903675474996596e-09,93,558,14.535033977337037,0.6655211628675557,0.999999999968546,213.88950246617122,106.9470888887173,1.3837,105.5633888887173,2.3400606485003443
454,stable,-0.30628699317355246,0.0,0.30628699317355246,3.141592653589793,3.044,3.043999999999825,1.058200194137271e-09,1.1903675474996596e-09,93,558,14.535033977337037,0.6655211628675557,0.999999999968546,213.88950246617122,106.9470888887173,1.3837,105.5633888887173,2.3400606485003443
455,stable,0.20600463780905584,0.2172263262248316,0.2993746609250309,0.81190628975045,3.044,3.043999999999825,1.058200194137271e-09,1.1903675474996596e-09,93,558,14.535033977337037,0.6655211628675557,0.999999999968546,213.88950246617122,106.9470888887173,1.3837,105.5633888887173,2.3400606485003443
456,stable,0.20600463780905584,-0.2172263262248316,0.2993746609250309,-0.81190628975045,3.044,3.043999999999825,1.058200194137271e-09,1.1903675474996596e-09,93,558,14.535033977337037,0.6655211628675557,0.999999999968546,213.88950246617122,106.9470888887173,1.3837,105.5633888887173,2.3400606485003443
457,stable,-0.12122467393849626,-0.2730143824822632,0.2987177172744634,-1.988668700379408,3.044,3.043999999999825,1.058200194137271e-09,1.1903675474996596e-09,93,558,14.535033977337037,0.6655211628675557,0.999999999968546,213.88950246617122,106.9470888887173,1.3837,105.5633888887173,2.3400606485003443
458,stable,-0.12122467393849626,0.2730143824822632,0.2987177172744634,1.988668700379408,3.044,3.043999999999825,1.058200194137271e-09,1.1903675474996596e-09,93,558,14.535033977337037,0.6655211628675557,0.999999999968546,213.88950246617122,106.9470888887173,1.3837,105.5633888887173,2.3400606485003443
459,stable,-0.265036680311201,-0.10707590703898459,0.2858490716770006,-2.7576392342072023,3.044,3.043999999999825,1.058200194137271e-09,1.1903675474996596e-09,93,558,14.535033977337037,0.6655211628675557,0.999999999968546,213.88950246617122,106.9470888887173,1.3837,105.5633888887173,2.3400606485003443
460,stable,-0.265036680311201,0.10707590703898459,0.2858490716770006,2.7576392342072023,3.044,3.043999999999825,1.058200194137271e-09,1.1903675474996596e-09,93,558,14.535033977337037,0.6655211628675557,0.999999999968546,213.88950246617122,106.9470888887173,1.3837,105.5633888887173,2.3400606485003443
461,stable,0.04755819067678183,-0.24450144468367116,0.2490837970500117,-1.3786842970549675,3.044,3.043999999999825,1.058200194137271e-09,1.1903675474996596e-09,93,558,14.535033977337037,0.6655211628675557,0.999999999968546,213.88950246617122,106.9470888887173,1.3837,105.5633888887173,2.3400606485003443
462,stable,0.04755819067678183,0.24450144468367116,0.2490837970500117,1.3786842970549675,3.044,3.043999999999825,1.058200194137271e-09,1.1903675474996596e-09,93,558,14.535033977337037,0.6655211628675557,0.999999999968546,213.88950246617122,106.9470888887173,1.3837,105.5633888887173,2.3400606485003443
463,stable,-0.083891973518991,-0.015102193577473026,0.08524048024127125,-2.963480799100815,3.044,3.043999999999825,1.058200194137271e-09,1.1903675474996596e-09,93,558,14.535033977337037,0.6655211628675557,0.999999999968546,213.88950246617122,106.9470888887173,1.3837,105.5633888887173,2.3400606485003443
464,stable,-0.083891973518991,0.015102193577473026,0.08524048024127125,2.963480799100815,3.044,3.043999999999825,1.058200194137271e-09,1.1903675474996596e-09,93,558,14.535033977337037,0.6655211628675557,0.999999999968546,213.88950246617122,106.9470888887173,1.3837,105.5633888887173,2.3400606485003443
465,stable,-0.0061674109840051524,0.016260475938389477,0.01739080320136395,1.9333214374824894,3.044,3.043999999999825,1.058200194137271e-09,1.1903675474996596e-09,93,558,14.535033977337037,0.6655211628675557,0.999999999968546,213.88950246617122,106.9470888887173,1.3837,105.5633888887173,2.3400606485003443
466,stable,-0.0061674109840051524,-0.016260475938389477,0.01739080320136395,-1.9333214374824894,3.044,3.043999999999825,1.058200194137271e-09,1.1903675474996596e-09,93,558,14.535033977337037,0.6655211628675557,0.999999999968546,213.88950246617122,106.9470888887173,1.3837,105.5633888887173,2.3400606485003443
467,stable,0.0038385556059068048,-0.005520802705979029,0.006724118652878154,-0.963238839679792,3.044,3.043999999999825,1.058200194137271e-09,1.1903675474996596e-09,93,558,14.535033977337037,0.6655211628675557,0.999999999968546,213.88950246617122,106.9470888887173,1.3837,105.5633888887173,2.3400606485003443
468,stable,0.0038385556059068048,0.005520802705979029,0.006724118652878154,0.963238839679792,3.044,3.043999999999825,1.058200194137271e-09,1.1903675474996596e-09,93,558,14.535033977337037,0.6655211628675557,0.999999999968546,213.88950246617122,106.9470888887173,1.3837,105.5633888887173,2.3400606485003443
469,stable,-0.0007993956407444354,0.005897325066472602,0.005951258382064022,1.70552737354976,3.044,3.043999999999825,1.058200194137271e-09,1.1903675474996596e-09,93,558,14.535033977337037,0.6655211628675557,0.999999999968546,213.88950246617122,106.9470888887173,1.3837,105.5633888887173,2.3400606485003443
470,stable,-0.0007993956407444354,-0.005897325066472602,0.005951258382064022,-1.70552737354976,3.044,3.043999999999825,1.058200194137271e-09,1.1903675474996596e-09,93,558,14.535033977337037,0.6655211628675557,0.999999999968546,213.88950246617122,106.9470888887173,1.3837,105.5633888887173,2.3400606485003443
471,stable,-0.005079985222538991,0.0023385192088566644,0.0055923985866000395,2.7101735214767757,3.044,3.043999999999825,1.058200194137271e-09,1.1903675474996596e-09,93,558,14.535033977337037,0.6655211628675557,0.999999999968546,213.88950246617122,106.9470888887173,1.3837,105.5633888887173,2.3400606485003443
472,stable,-0.005079985222538991,-0.0023385192088566644,0.0055923985866000395,-2.7101735214767757,3.044,3.043999999999825,1.058200194137271e-09,1.1903675474996596e-09,93,558,14.535033977337037,0.6655211628675557,0.999999999968546,213.88950246617122,106.9470888887173,1.3837,105.5633888887173,2.3400606485003443
473,stable,0.000900647524265019,0.005431548669466494,0.005505714023789099,1.4064736740898904,3.044,3.043999999999825,1.058200194137271e-09,1.1903675474996596e-09,93,558,14.535033977337037,0.6655211628675557,0.999999999968546,213.88950246617122,106.9470888887173,1.3837,105.5633888887173,2.3400606485003443
474,stable,0.000900647524265019,-0.005431548669466494,0.005505714023789099,-1.4064736740898904,3.044,3.043999999999825,1.058200194137271e-09,1.1903675474996596e-09,93,558,14.535033977337037,0.6655211628675557,0.999999999968546,213.88950246617122,106.9470888887173,1.3837,105.5633888887173,2.3400606485003443
475,stable,-0.0024052763872226407,-0.004747325177038601,0.005321884143372099,-2.039757161986128,3.044,3.043999999999825,1.058200194137271e-09,1.1903675474996596e-09,93,558,14.535033977337037,0.6655211628675557,0.999999999968546,213.88950246617122,106.9470888887173,1.3837,105.5633888887173,2.3400606485003443
476,stable,-0.0024052763872226407,0.004747325177038601,0.005321884143372099,2.039757161986128,3.044,3.043999999999825,1.058200194137271e-09,1.1903675474996596e-09,93,558,14.535033977337037,0.6655211628675557,0.999999999968546,213.88950246617122,106.9470888887173,1.3837,105.5633888887173,2.3400606485003443
477,stable,-0.0040930387074567184,-0.0030391811685312434,0.005097998434277309,-2.5028931123181346,3.044,3.043999999999825,1.058200194137271e-09,1.1903675474996596e-09,93,558,14.535033977337037,0.6655211628675557,0.999999999968546,213.88950246617122,106.9470888887173,1.3837,105.5633888887173,2.3400606485003443
478,stable,-0.0040930387074567184,0.0030391811685312434,0.005097998434277309,2.5028931123181346,3.044,3.043999999999825,1.058200194137271e-09,1.1903675474996596e-09,93,558,14.535033977337037,0.6655211628675557,0.999999999968546,213.88950246617122,106.9470888887173,1.3837,105.5633888887173,2.3400606485003443
479,stable,-0.0036019857446343445,0.0035526939584539364,0.0050592425981548,2.363083828133174,3.044,3.043999999999825,1.058200194137271e-09,1.1903675474996596e-09,93,558,14.535033977337037,0.6655211628675557,0.999999999968546,213.88950246617122,106.9470888887173,1.3837,105.5633888887173,2.3400606485003443
480,stable,-0.0036019857446343445,-0.0035526939584539364,0.0050592425981548,-2.363083828133174,3.044,3.043999999999825,1.058200194137271e-09,1.1903675474996596e-09,93,558,14.535033977337037,0.6655211628675557,0.999999999968546,213.88950246617122,106.9470888887173,1.3837,105.5633888887173,2.3400606485003443
481,stable,-0.005013649110547327,-0.0005570141444585405,0.005044496224680804,-3.0309468556221977,3.044,3.043999999999825,1.058200194137271e-09,1.1903675474996596e-09,93,558,14.535033977337037,0.6655211628675557,0.999999999968546,213.88950246617122,106.9470888887173,1.3837,105.5633888887173,2.3400606485003443
482,stable,-0.005013649110547327,0.0005570141444585405,0.005044496224680804,3.0309468556221977,3.044,3.043999999999825,1.058200194137271e-09,1.1903675474996596e-09,93,558,14.535033977337037,0.6655211628675557,0.999999999968546,213.88950246617122,106.9470888887173,1.3837,105.5633888887173,2.3400606485003443
483,stable,-0.0006518382416087888,0.004993690318181969,0.005036053622344381,1.7005948194751914,3.044,3.043999999999825,1.058200194137271e-09,1.1903675474996596e-09,93,558,14.535033977337037,0.6655211628675557,0.999999999968546,213.88950246617122,106.9470888887173,1.3837,105.5633888887173,2.3400606485003443
484,stable,-0.0006518382416087888,-0.004993690318181969,0.005036053622344381,-1.7005948194751914,3.044,3.043999999999825,1.058200194137271e-09,1.1903675474996596e-09,93,558,14.535033977337037,0.6655211628675557,0.999999999968546,213.88950246617122,106.9470888887173,1.3837,105.5633888887173,2.3400606485003443
485,stable,-0.0018903058518199094,0.004667003867406763,0.005035293567590104,1.9556367645184343,3.044,3.043999999999825,1.058200194137271e-09,1.1903675474996596e-09,93,558,14.535033977337037,0.6655211628675557,0.999999999968546,213.88950246617122,106.9470888887173,1.3837,105.5633888887173,2.3400606485003443
486,stable,-0.0018903058518199094,-0.004667003867406763,0.005035293567590104,-1.9556367645184343,3.044,3.043999999999825,1.058200194137271e-09,1.1903675474996596e-09,93,558,14.535033977337037,0.6655211628675557,0.999999999968546,213.88950246617122,106.9470888887173,1.3837,105.5633888887173,2.3400606485003443
487,stable,0.0028701936781987962,-0.00412955386641149,0.005029038365927071,-0.9634088522163927,3.044,3.043999999999825,1.058200194137271e-09,1.1903675474996596e-09,93,558,14.535033977337037,0.6655211628675557,0.999999999968546,213.88950246617122,106.9470888887173,1.3837,105.5633888887173,2.3400606485003443
488,stable,0.0028701936781987962,0.00412955386641149,0.005029038365927071,0.9634088522163927,3.044,3.043999999999825,1.058200194137271e-09,1.1903675474996596e-09,93,558,14.535033977337037,0.6655211628675557,0.999999999968546,213.88950246617122,106.9470888887173,1.3837,105.5633888887173,2.3400606485003443
489,stable,-0.004244244187682027,0.0026972537188405033,0.005028795715523907,2.5754722502604066,3.044,3.043999999999825,1.058200194137271e-09,1.1903675474996596e-09,93,558,14.535033977337037,0.6655211628675557,0.999999999968546,213.88950246617122,106.9470888887173,1.3837,105.5633888887173,2.3400606485003443
490,stable,-0.004244244187682027,-0.0026972537188405033,0.005028795715523907,-2.5754722502604066,3.044,3.043999999999825,1.058200194137271e-09,1.1903675474996596e-09,93,558,14.535033977337037,0.6655211628675557,0.999999999968546,213.88950246617122,106.9470888887173,1.3837,105.5633888887173,2.3400606485003443
491,stable,-0.004459840108456728,0.00231835821666757,0.005026426027883963,2.6622072694499646,3.044,3.043999999999825,1.058200194137271e-09,1.1903675474996596e-09,93,558,14.535033977337037,0.6655211628675557,0.999999999968546,213.88950246617122,106.9470888887173,1.3837,105.5633888887173,2.3400606485003443
492,stable,-0.004459840108456728,-0.00231835821666757,0.005026426027883963,-2.6622072694499646,3.044,3.043999999999825,1.058200194137271e-09,1.1903675474996596e-09,93,558,14.535033977337037,0.6655211628675557,0.999999999968546,213.88950246617122,106.9470888887173,1.3837,105.5633888887173,2.3400606485003443
493,stable,-0.002077165572501145,-0.004575712467809195,0.005025113073717697,-1.9969340028424485,3.044,3.043999999999825,1.058200194137271e-09,1.1903675474996596e-09,93,558,14.535033977337037,0.6655211628675557,0.999999999968546,213.88950246617122,106.9470888887173,1.3837,105.5633888887173,2.3400606485003443
494,stable,-0.002077165572501145,0.004575712467809195,0.005025113073717697,1.9969340028424485,3.044,3.043999999999825,1.058200194137271e-09,1.1903675474996596e-09,93,558,14.535033977337037,0.6655211628675557,0.999999999968546,213.88950246617122,106.9470888887173,1.3837,105.5633888887173,2.3400606485003443
495,stable,-0.00027397793342658126,-0.005017625657071935,0.0050251001126854445,-1.6253452608705368,3.044,3.043999999999825,1.058200194137271e-09,1.1903675474996596e-09,93,558,14.535033977337037,0.6655211628675557,0.999999999968546,213.88950246617122,106.9470888887173,1.3837,105.5633888887173,2.3400606485003443
496,stable,-0.00027397793342658126,0.005017625657071935,0.0050251001126854445,1.6253452608705368,3.044,3.043999999999825,1.058200194137271e-09,1.1903675474996596e-09,93,558,14.535033977337037,0.6655211628675557,0.999999999968546,213.88950246617122,106.9470888887173,1.3837,105.5633888887173,2.3400606485003443
497,stable,0.003952348494262843,0.003102153666594847,0.005024382150202114,0.6654585750434721,3.044,3.043999999999825,1.058200194137271e-09,1.1903675474996596e-09,93,558,14.535033977337037,0.6655211628675557,0.999999999968546,213.88950246617122,106.9470888887173,1.3837,105.5633888887173,2.3400606485003443
498,stable,0.003952348494262843,-0.003102153666594847,0.005024382150202114,-0.6654585750434721,3.044,3.043999999999825,1.058200194137271e-09,1.1903675474996596e-09,93,558,14.535033977337037,0.6655211628675557,0.999999999968546,213.88950246617122,106.9470888887173,1.3837,105.5633888887173,2.3400606485003443
499,stable,0.0050236052015026345,0.0,0.0050236052015026345,0.0,3.044,3.043999999999825,1.058200194137271e-09,1.1903675474996596e-09,93,558,14.535033977337037,0.6655211628675557,0.999999999968546,213.88950246617122,106.9470888887173,1.3837,105.5633888887173,2.3400606485003443
500,stable,-0.004937317793572895,0.0009260664927896467,0.0050234157844836255,2.9561822091135164,3.044,3.043999999999825,1.058200194137271e-09,1.1903675474996596e-09,93,558,14.535033977337037,0.6655211628675557,0.999999999968546,213.88950246617122,106.9470888887173,1.3837,105.5633888887173,2.3400606485003443
501,stable,-0.004937317793572895,-0.0009260664927896467,0.0050234157844836255,-2.9561822091135164,3.044,3.043999999999825,1.058200194137271e-09,1.1903675474996596e-09,93,558,14.535033977337037,0.6655211628675557,0.999999999968546,213.88950246617122,106.9470888887173,1.3837,105.5633888887173,2.3400606485003443
502,stable,0.0011884643956768886,0.004879407117566929,0.005022057490586347,1.3318809995710905,3.044,3.043999999999825,1.058200194137271e-09,1.1903675474996596e-09,93,558,14.535033977337037,0.6655211628675557,0.999999999968546,213.88950246617122,106.9470888887173,1.3837,105.5633888887173,2.3400606485003443
503,stable,0.0011884643956768886,-0.004879407117566929,0.005022057490586347,-1.3318809995710905,3.044,3.043999999999825,1.058200194137271e-09,1.1903675474996596e-09,93,558,14.535033977337037,0.6655211628675557,0.999999999968546,213.88950246617122,106.9470888887173,1.3837,105.5633888887173,2.3400606485003443
504,stable,-0.0033101130306849385,0.0037763357922298967,0.00502170890151817,2.29049842082459,3.044,3.043999999999825,1.058200194137271e-09,1.1903675474996596e-09,93,558,14.535033977337037,0.6655211628675557,0.999999999968546,213.88950246617122,106.9470888887173,1.3837,105.5633888887173,2.3400606485003443
505,stable,-0.0033101130306849385,-0.0037763357922298967,0.00502170890151817,-2.29049842082459,3.044,3.043999999999825,1.058200194137271e-09,1.1903675474996596e-09,93,558,14.535033977337037,0.6655211628675557,0.999999999968546,213.88950246617122,106.9470888887173,1.3837,105.5633888887173,2.3400606485003443
506,stable,0.004685471571439665,0.0018014108606801726,0.005019833158158323,0.367044873543569,3.044,3.043999999999825,1.058200194137271e-09,1.1903675474996596e-09,93,558,14.535033977337037,0.6655211628675557,0.999999999968546,213.88950246617122,106.9470888887173,1.3837,105.5633888887173,2.3400606485003443
507,stable,0.004685471571439665,-0.0018014108606801726,0.005019833158158323,-0.367044873543569,3.044,3.043999999999825,1.058200194137271e-09,1.1903675474996596e-09,93,558,14.535033977337037,0.6655211628675557,0.999999999968546,213.88950246617122,106.9470888887173,1.3837,105.5633888887173,2.3400606485003443
508,stable,0.005004970453278525,0.00032983077168787216,0.0050158267091421,0.06580549108975489,3.044,3.043999999999825,1.058200194137271e-09,1.1903675474996596e-09,93,558,14.535033977337037,0.6655211628675557,0.999999999968546,213.88950246617122,106.9470888887173,1.3837,105.5633888887173,2.3400606485003443
509,stable,0.005004970453278525,-0.00032983077168787216,0.0050158267091421,-0.06580549108975489,3.044,3.043999999999825,1.058200194137271e-09,1.1903675474996596e-09,93,558,14.535033977337037,0.6655211628675557,0.999999999968546,213.88950246617122,106.9470888887173,1.3837,105.5633888887173,2.3400606485003443
510,stable,0.0047918667735503614,0.0014740860686907969,0.005013473537714569,0.2984351661928713,3.044,3.043999999999825,1.058200194137271e-09,1.1903675474996596e-09,93,558,14.535033977337037,0.6655211628675557,0.999999999968546,213.88950246617122,106.9470888887173,1.3837,105.5633888887173,2.3400606485003443
511,stable,0.0047918667735503614,-0.0014740860686907969,0.005013473537714569,-0.2984351661928713,3.044,3.043999999999825,1.058200194137271e-09,1.1903675474996596e-09,93,558,14.535033977337037,0.6655211628675557,0.999999999968546,213.88950246617122,106.9470888887173,1.3837,105.5633888887173,2.3400606485003443
512,stable,0.0025698902322371284,-0.004293581056036919,0.005003915875642486,-1.031449293783165,3.044,3.043999999999825,1.058200194137271e-09,1.1903675474996596e-09,93,558,14.535033977337037,0.6655211628675557,0.999999999968546,213.88950246617122,106.9470888887173,1.3837,105.5633888887173,2.3400606485003443
513,stable,0.0025698902322371284,0.004293581056036919,0.005003915875642486,1.031449293783165,3.044,3.043999999999825,1.058200194137271e-09,1.1903675474996596e-09,93,558,14.535033977337037,0.6655211628675557,0.999999999968546,213.88950246617122,106.9470888887173,1.3837,105.5633888887173,2.3400606485003443
514,stable,-0.004680800770898634,0.0017442998930962221,0.004995245536898135,2.784883943828189,3.044,3.043999999999825,1.058200194137271e-09,1.1903675474996596e-09,93,558,14.535033977337037,0.6655211628675557,0.999999999968546,213.88950246617122,106.9470888887173,1.3837,105.5633888887173,2.3400606485003443
515,stable,-0.004680800770898634,-0.0017442998930962221,0.004995245536898135,-2.784883943828189,3.044,3.043999999999825,1.058200194137271e-09,1.1903675474996596e-09,93,558,14.535033977337037,0.6655211628675557,0.999999999968546,213.88950246617122,106.9470888887173,1.3837,105.5633888887173,2.3400606485003443
516,stable,-0.003773871531725417,-0.00326805606958489,0.00499222363400501,-2.427900458863057,3.044,3.043999999999825,1.058200194137271e-09,1.1903675474996596e-09,93,558,14.535033977337037,0.6655211628675557,0.999999999968546,213.88950246617122,106.9470888887173,1.3837,105.5633888887173,2.3400606485003443
517,stable,-0.003773871531725417,0.00326805606958489,0.00499222363400501,2.427900458863057,3.044,3.043999999999825,1.058200194137271e-09,1.1903675474996596e-09,93,558,14.535033977337037,0.6655211628675557,0.999999999968546,213.88950246617122,106.9470888887173,1.3837,105.5633888887173,2.3400606485003443
518,stable,-0.004974657275401572,0.0002203366414406686,0.0049795344404137964,3.097329759553429,3.044,3.043999999999825,1.058200194137271e-09,1.1903675474996596e-09,93,558,14.535033977337037,0.6655211628675557,0.999999999968546,213.88950246617122,106.9470888887173,1.3837,105.5633888887173,2.3400606485003443
519,stable,-0.004974657275401572,-0.0002203366414406686,0.0049795344404137964,-3.097329759553429,3.044,3.043999999999825,1.058200194137271e-09,1.1903675474996596e-09,93,558,14.535033977337037,0.6655211628675557,0.999999999968546,213.88950246617122,106.9470888887173,1.3837,105.5633888887173,2.3400606485003443
520,stable,0.0036821524935581,0.0033386729743890824,0.004970410869911277,0.7365141853958981,3.044,3.043999999999825,1.058200194137271e-09,1.1903675474996596e-09,93,558,14.535033977337037,0.6655211628675557,0.999999999968546,213.88950246617122,106.9470888887173,1.3837,105.5633888887173,2.3400606485003443
521,stable,0.0036821524935581,-0.0033386729743890824,0.004970410869911277,-0.7365141853958981,3.044,3.043999999999825,1.058200194137271e-09,1.1903675474996596e-09,93,558,14.535033977337037,0.6655211628675557,0.999999999968546,213.88950246617122,106.9470888887173,1.3837,105.5633888887173,2.3400606485003443
522,stable,-0.004549001174096649,0.0019982374985099897,0.004968537489280337,2.7276979528307357,3.044,3.043999999999825,1.058200194137271e-09,1.1903675474996596e-09,93,558,14.535033977337037,0.6655211628675557,0.999999999968546,213.88950246617122,106.9470888887173,1.3837,105.5633888887173,2.3400606485003443
523,stable,-0.004549001174096649,-0.0019982374985099897,0.004968537489280337,-2.7276979528307357,3.044,3.043999999999825,1.058200194137271e-09,1.1903675474996596e-09,93,558,14.535033977337037,0.6655211628675557,0.999999999968546,213.88950246617122,106.9470888887173,1.3837,105.5633888887173,2.3400606485003443
524,stable,0.004106321129658395,-0.00279413996400929,0.004966798904561451,-0.5974832669287967,3.044,3.043999999999825,1.058200194137271e-09,1.1903675474996596e-09,93,558,14.535033977337037,0.6655211628675557,0.999999999968546,213.88950246617122,106.9470888887173,1.3837,105.5633888887173,2.3400606485003443
525,stable,0.004106321129658395,0.00279413996400929,0.004966798904561451,0.5974832669287967,3.044,3.043999999999825,1.058200194137271e-09,1.1903675474996596e-09,93,558,14.535033977337037,0.6655211628675557,0.999999999968546,213.88950246617122,106.9470888887173,1.3837,105.5633888887173,2.3400606485003443
526,stable,0.0031040381582911353,-0.0038760088557134,0.0049657323264243845,-0.8955472933912346,3.044,3.043999999999825,1.058200194137271e-09,1.1903675474996596e-09,93,558,14.535033977337037,0.6655211628675557,0.999999999968546,213.88950246617122,106.9470888887173,1.3837,105.5633888887173,2.3400606485003443
527,stable,0.0031040381582911353,0.0038760088557134,0.0049657323264243845,0.8955472933912346,3.044,3.043999999999825,1.058200194137271e-09,1.1903675474996596e-09,93,558,14.535033977337037,0.6655211628675557,0.999999999968546,213.88950246617122,106.9470888887173,1.3837,105.5633888887173,2.3400606485003443
528,stable,-0.004789542097255383,-0.0012649920904851035,0.004953778203590807,-2.8833736077040357,3.044,3.043999999999825,1.058200194137271e-09,1.1903675474996596e-09,93,558,14.535033977337037,0.6655211628675557,0.999999999968546,213.88950246617122,106.9470888887173,1.3837,105.5633888887173,2.3400606485003443
529,stable,-0.004789542097255383,0.0012649920904851035,0.004953778203590807,2.8833736077040357,3.044,3.043999999999825,1.058200194137271e-09,1.1903675474996596e-09,93,558,14.535033977337037,0.6655211628675557,0.999999999968546,213.88950246617122,106.9470888887173,1.3837,105.5633888887173,2.3400606485003443
530,stable,0.0014515561860244783,0.004726486961295842,0.004944359853053328,1.2728285049278687,3.044,3.043999999999825,1.058200194137271e-09,1.1903675474996596e-09,93,558,14.535033977337037,0.6655211628675557,0.999999999968546,213.88950246617122,106.9470888887173,1.3837,105.5633888887173,2.3400606485003443
531,stable,0.0014515561860244783,-0.004726486961295842,0.004944359853053328,-1.2728285049278687,3.044,3.043999999999825,1.058200194137271e-09,1.1903675474996596e-09,93,558,14.535033977337037,0.6655211628675557,0.999999999968546,213.88950246617122,106.9470888887173,1.3837,105.5633888887173,2.3400606485003443
532,stable,0.0007435190282840826,-0.004880770197283922,0.00493707790743831,-1.4196221648334735,3.044,3.043999999999825,1.058200194137271e-09,1.1903675474996596e-09,93,558,14.535033977337037,0.6655211628675557,0.999999999968546,213.88950246617122,106.9470888887173,1.3837,105.5633888887173,2.3400606485003443
533,stable,0.0007435190282840826,0.004880770197283922,0.00493707790743831,1.4196221648334735,3.044,3.043999999999825,1.058200194137271e-09,1.1903675474996596e-09,93,558,14.535033977337037,0.6655211628675557,0.999999999968546,213.88950246617122,106.9470888887173,1.3837,105.5633888887173,2.3400606485003443
534,stable,-0.0024389954740560806,0.004289923355988831,0.004934788883298303,2.087762624594585,3.044,3.043999999999825,1.058200194137271e-09,1.1903675474996596e-09,93,558,14.535033977337037,0.6655211628675557,0.999999999968546,213.88950246617122,106.9470888887173,1.3837,105.5633888887173,2.3400606485003443
535,stable,-0.0024389954740560806,-0.004289923355988831,0.004934788883298303,-2.087762624594585,3.044,3.043999999999825,1.058200194137271e-09,1.1903675474996596e-09,93,558,14.535033977337037,0.6655211628675557,0.999999999968546,213.88950246617122,106.9470888887173,1.3837,105.5633888887173,2.3400606485003443
536,stable,0.0044714061120299685,0.0020860166584513343,0.004934058990125213,0.4365097050496531,3.044,3.043999999999825,1.058200194137271e-09,1.1903675474996596e-09,93,558,14.535033977337037,0.6655211628675557,0.999999999968546,213.88950246617122,106.9470888887173,1.3837,105.5633888887173,2.3400606485003443
537,stable,0.0044714061120299685,-0.0020860166584513343,0.004934058990125213,-0.4365097050496531,3.044,3.043999999999825,1.058200194137271e-09,1.1903675474996596e-09,93,558,14.535033977337037,0.6655211628675557,0.999999999968546,213.88950246617122,106.9470888887173,1.3837,105.5633888887173,2.3400606485003443
538,stable,-0.002976487700608033,-0.0039339119508013795,0.004933066213677738,-2.218522607341004,3.044,3.043999999999825,1.058200194137271e-09,1.1903675474996596e-09,93,558,14.535033977337037,0.6655211628675557,0.999999999968546,213.88950246617122,106.9470888887173,1.3837,105.5633888887173,2.3400606485003443
539,stable,-0.002976487700608033,0.0039339119508013795,0.004933066213677738,2.218522607341004,3.044,3.043999999999825,1.058200194137271e-09,1.1903675474996596e-09,93,558,14.535033977337037,0.6655211628675557,0.999999999968546,213.88950246617122,106.9470888887173,1.3837,105.5633888887173,2.3400606485003443
540,stable,-0.0009736053696554061,-0.004835190275278912,0.0049322380735294605,-1.7694975380592564,3.044,3.043999999999825,1.058200194137271e-09,1.1903675474996596e-09,93,558,14.535033977337037,0.6655211628675557,0.999999999968546,213.88950246617122,106.9470888887173,1.3837,105.5633888887173,2.3400606485003443
541,stable,-0.0009736053696554061,0.004835190275278912,0.0049322380735294605,1.7694975380592564,3.044,3.043999999999825,1.058200194137271e-09,1.1903675474996596e-09,93,558,14.535033977337037,0.6655211628675557,0.999999999968546,213.88950246617122,106.9470888887173,1.3837,105.5633888887173,2.3400606485003443
542,stable,9.161667555990412e-05,0.004926672186549783,0.004927523967365747,1.5522024131903132,3.044,3.043999999999825,1.058200194137271e-09,1.1903675474996596e-09,93,558,14.535033977337037,0.6655211628675557,0.999999999968546,213.88950246617122,106.9470888887173,1.3837,105.5633888887173,2.3400606485003443
543,stable,9.161667555990412e-05,-0.004926672186549783,0.004927523967365747,-1.5522024131903132,3.044,3.043999999999825,1.058200194137271e-09,1.1903675474996596e-09,93,558,14.535033977337037,0.6655211628675557,0.999999999968546,213.88950246617122,106.9470888887173,1.3837,105.5633888887173,2.3400606485003443
544,stable,0.004789836719919612,0.0011108280389526947,0.004916957874093875,0.2278850359498231,3.044,3.043999999999825,1.058200194137271e-09,1.1903675474996596e-09,93,558,14.535033977337037,0.6655211628675557,0.999999999968546,213.88950246617122,106.9470888887173,1.3837,105.5633888887173,2.3400606485003443
545,stable,0.004789836719919612,-0.0011108280389526947,0.004916957874093875,-0.2278850359498231,3.044,3.043999999999825,1.058200194137271e-09,1.1903675474996596e-09,93,558,14.535033977337037,0.6655211628675557,0.999999999968546,213.88950246617122,106.9470888887173,1.3837,105.5633888887173,2.3400606485003443
546,stable,-0.0015276934698496961,-0.004656849514616965,0.004901029967222162,-1.8877870801828323,3.044,3.043999999999825,1.058200194137271e-09,1.1903675474996596e-09,93,558,14.535033977337037,0.6655211628675557,0.999999999968546,213.88950246617122,106.9470888887173,1.3837,105.5633888887173,2.3400606485003443
547,stable,-0.0015276934698496961,0.004656849514616965,0.004901029967222162,1.8877870801828323,3.044,3.043999999999825,1.058200194137271e-09,1.1903675474996596e-09,93,558,14.535033977337037,0.6655211628675557,0.999999999968546,213.88950246617122,106.9470888887173,1.3837,105.5633888887173,2.3400606485003443
548,stable,0.0022169489554484884,0.004360759017490121,0.004891940502467865,1.1004624240438752,3.044,3.043999999999825,1.058200194137271e-09,1.1903675474996596e-09,93,558,14.535033977337037,0.6655211628675557,0.999999999968546,213.88950246617122,106.9470888887173,1.3837,105.5633888887173,2.3400606485003443
549,stable,0.0022169489554484884,-0.004360759017490121,0.004891940502467865,-1.1004624240438752,3.044,3.043999999999825,1.058200194137271e-09,1.1903675474996596e-09,93,558,14.535033977337037,0.6655211628675557,0.999999999968546,213.88950246617122,106.9470888887173,1.3837,105.5633888887173,2.3400606485003443
550,stable,0.004794269468265236,0.0006184878168236988,0.004833999060188114,0.1282970486767777,3.044,3.043999999999825,1.058200194137271e-09,1.1903675474996596e-09,93,558,14.535033977337037,0.6655211628675557,0.999999999968546,213.88950246617122,106.9470888887173,1.3837,105.5633888887173,2.3400606485003443
551,stable,0.004794269468265236,-0.0006184878168236988,0.004833999060188114,-0.1282970486767777,3.044,3.043999999999825,1.058200194137271e-09,1.1903675474996596e-09,93,558,14.535033977337037,0.6655211628675557,0.999999999968546,213.88950246617122,106.9470888887173,1.3837,105.5633888887173,2.3400606485003443
552,stable,0.0016075725534383618,-0.004454723259021885,0.004735910559653646,-1.2244714567785182,3.044,3.043999999999825,1.058200194137271e-09,1.1903675474996596e-09,93,558,14.535033977337037,0.6655211628675557,0.999999999968546,213.88950246617122,106.9470888887173,1.3837,105.5633888887173,2.3400606485003443
553,stable,0.0016075725534383618,0.004454723259021885,0.004735910559653646,1.2244714567785182,3.044,3.043999999999825,1.058200194137271e-09,1.1903675474996596e-09,93,558,14.535033977337037,0.6655211628675557,0.999999999968546,213.88950246617122,106.9470888887173,1.3837,105.5633888887173,2.3400606485003443
554,stable,0.0030981059729520205,-0.003518764378686153,0.004688279361594351,-0.8488863446628938,3.044,3.043999999999825,1.058200194137271e-09,1.1903675474996596e-09,93,558,14.535033977337037,0.6655211628675557,0.999999999968546,213.88950246617122,106.9470888887173,1.3837,105.5633888887173,2.3400606485003443
555,stable,0.0030981059729520205,0.003518764378686153,0.004688279361594351,0.8488863446628938,3.044,3.043999999999825,1.058200194137271e-09,1.1903675474996596e-09,93,558,14.535033977337037,0.6655211628675557,0.999999999968546,213.88950246617122,106.9470888887173,1.3837,105.5633888887173,2.3400606485003443
556,stable,0.004094750403703817,-0.0022564473271943783,0.004675311263331591,-0.5036555740413441,3.044,3.043999999999825,1.058200194137271e-09,1.1903675474996596e-09,93,558,14.535033977337037,0.6655211628675557,0.999999999968546,213.88950246617122,106.9470888887173,1.3837,105.5633888887173,2.3400606485003443
557,stable,0.004094750403703817,0.0022564473271943783,0.004675311263331591,0.5036555740413441,3.044,3.043999999999825,1.058200194137271e-09,1.1903675474996596e-09,93,558,14.535033977337037,0.6655211628675557,0.999999999968546,213.88950246617122,106.9470888887173,1.3837,105.5633888887173,2.3400606485003443
