kind,sample,phase,time_days,x_nd,y_nd,z_nd,xdot_nd,ydot_nd,zdot_nd,jacobi,departure_phase,arrival_phase,time_of_flight_days,departure_delta_v_m_s,arrival_delta_v_m_s,total_delta_v_m_s,endpoint_position_error_km,maximum_continuity_error,minimum_moon_radius_km,jacobi_span,boundary_jacobi_difference,halo_stability_index,halo_periodicity_error,lyapunov_periodicity_error
summary,,,,,,,,,,,0.25,0.353212004846832,186.9,91.21208572669219,203.4124214500917,294.6245071767839,2.083434735432931e-06,9.280132972015876e-12,37879.3807442718,2.470912363605748e-12,0,183.2829961442394,1.163127264480456e-12,3.117207787501045e-11
halo_orbit,0,0,,1.071616100976025,0,-0.07000000000000001,0,0.3115821078206473,0,3.093090539868627,,,,,,,,,,,,,,
halo_orbit,1,0.00558659217877095,,1.071628907221789,0.005690970354492663,-0.0698818874996191,0.001403682580854519,0.3110831297985389,0.01291832371580469,3.093090539868627,,,,,,,,,,,,,,
halo_orbit,2,0.0111731843575419,,1.07166755966681,0.01136375000067507,-0.06952844088175993,0.002832848004610711,0.3095938093093434,0.02573938689201645,3.093090539868627,,,,,,,,,,,,,,
halo_orbit,3,0.01675977653631285,,1.071732749139793,0.01700042427476446,-0.06894230671131894,0.004311859622842395,0.3071366230966004,0.03836876743301267,3.093090539868635,,,,,,,,,,,,,,
halo_orbit,4,0.0223463687150838,,1.071825593481784,0.02258361750800814,-0.06812781075046792,0.005862925696430901,0.3037478532981175,0.05071752833628448,3.093090539868631,,,,,,,,,,,,,,
halo_orbit,5,0.02793296089385475,,1.071947589850311,0.02809673100668226,-0.06709083617400431,0.007505221066773712,0.2994759332381425,0.06270450364138143,3.093090539868623,,,,,,,,,,,,,,
halo_orbit,6,0.0335195530726257,,1.072100552840744,0.03352414643656693,-0.06583866431376777,0.00925422043543221,0.2943793427849759,0.07425809635232673,3.093090539868626,,,,,,,,,,,,,,
halo_orbit,7,0.03910614525139665,,1.072286542606677,0.0388513879450325,-0.06437978761523842,0.01112127346803966,0.2885242272887822,0.0853175139626749,3.093090539868632,,,,,,,,,,,,,,
halo_orbit,8,0.0446927374301676,,1.072507787481985,0.04406523961741133,-0.0627237053372649,0.01311342677939292,0.2819819195600122,0.09583342291745088,3.093090539868619,,,,,,,,,,,,,,
halo_orbit,9,0.05027932960893855,,1.072766605487776,0.04915381803499662,-0.06088071239289831,0.01523347538206685,0.2748265294020474,0.1057680537885581,3.093090539868626,,,,,,,,,,,,,,
halo_orbit,10,0.05586592178770949,,1.07306532862312,0.05410660245163194,-0.05886169076916997,0.01748020907851845,0.2671327350933169,0.1150948282281056,3.093090539868615,,,,,,,,,,,,,,
halo_orbit,11,0.06145251396648044,,1.073406233102171,0.05891442721642883,-0.05667791141342102,0.01984880885080981,0.2589738726104646,0.1237976038727698,3.093090539868625,,,,,,,,,,,,,,
halo_orbit,12,0.0670391061452514,,1.073791477834835,0.06356944244930651,-0.05434085259789972,0.02233134453925651,0.2504203778951709,0.1318696440936103,3.093090539868567,,,,,,,,,,,,,,
halo_orbit,13,0.07262569832402235,,1.074223052567356,0.0680650496399695,-0.0518620388173641,0.02491732697698588,0.2415386004192523,0.1393124177887093,3.093090539868633,,,,,,,,,,,,,,
halo_orbit,14,0.0782122905027933,,1.074702736293004,0.0723958188861812,-0.04925290244495337,0.02759427362909643,0.2323899761585624,0.1461343235544232,3.093090539868549,,,,,,,,,,,,,,
halo_orbit,15,0.08379888268156424,,1.075232065866982,0.07655739405958216,-0.04652466878485567,0.03034825502310562,0.2230305264289758,0.1523494161190881,3.093090539868634,,,,,,,,,,,,,,
halo_orbit,16,0.0893854748603352,,1.075812314243702,0.08054639144070141,-0.04368826391535664,0.0331643982067256,0.2135106358280646,0.1579761942158506,3.093090539868583,,,,,,,,,,,,,,
halo_orbit,17,0.09497206703910614,,1.076444477400724,0.08436029644715633,-0.04075424379630817,0.03602733207937069,0.2038750566968148,0.1630364906195105,3.09309053986863,,,,,,,,,,,,,,
halo_orbit,18,0.1005586592178771,,1.077129268805535,0.08799736211008878,-0.03773274253222683,0.03892156685610811,0.1941630874221863,0.1675544886544494,3.093090539868619,,,,,,,,,,,,,,
halo_orbit,19,0.106145251396648,,1.077867120197827,0.09145651202136069,-0.03463343736097624,0.04183180585708677,0.1844088757708257,0.1715558759572092,3.093090539868668,,,,,,,,,,,,,,
halo_orbit,20,0.111731843575419,,1.078658187467574,0.09473724963697136,-0.03146552784326469,0.04474319214277452,0.1746418046813532,0.1750671359796666,3.093090539868605,,,,,,,,,,,,,,
halo_orbit,21,0.1173184357541899,,1.079502360484725,0.09783957510961483,-0.02823772678825549,0.04764149539291014,0.16488692522087,0.1781149704576024,3.093090539868664,,,,,,,,,,,,,,
halo_orbit,22,0.1229050279329609,,1.080399275850589,0.1007639102463519,-0.02495826062091354,0.0505132460777804,0.1551654088081635,0.1807258414606213,3.093090539868557,,,,,,,,,,,,,,
halo_orbit,23,0.1284916201117318,,1.081348331678742,0.1035110317416448,-0.02163487713026276,0.05334582466235654,0.1454949976621321,0.1829256191419358,3.093090539868623,,,,,,,,,,,,,,
halo_orbit,24,0.1340782122905028,,1.082348703653979,0.1060820125069971,-0.01827485880118216,0.05612751359611717,0.1358904384543158,0.1847393204199109,3.093090539868698,,,,,,,,,,,,,,
halo_orbit,25,0.1396648044692737,,1.083399361757832,0.1084781706925305,-0.01488504020238756,0.0588475193843498,0.1263638891241654,0.1861909240328621,3.093090539868597,,,,,,,,,,,,,,
halo_orbit,26,0.1452513966480447,,1.084499087174555,0.1107010258491885,-0.01147182816110657,0.06149597131863265,0.1169252928103661,0.1873032483613804,3.093090539868629,,,,,,,,,,,,,,
halo_orbit,27,0.1508379888268156,,1.085646489004873,0.1127522615985037,-0.008041223690761282,0.06406390259271486,0.1075827159078177,0.1880978797673401,3.093090539868641,,,,,,,,,,,,,,
halo_orbit,28,0.1564245810055866,,1.086840020511268,0.1146336941461891,-0.004598844850186098,0.06654321864028075,0.09834264949419359,0.1885951407331618,3.093090539868622,,,,,,,,,,,,,,
halo_orbit,29,0.1620111731843575,,1.088077994698939,0.1163472459741731,-0.001149949891687309,0.06892665668921248,0.08921027496337484,0.1888140886660029,3.093090539868631,,,,,,,,,,,,,,
halo_orbit,30,0.1675977653631285,,1.089358599102346,0.1178949240738963,0.002300539789886955,0.0712077397446324,0.0801896957417586,0.1887725377242642,3.093090539868633,,,,,,,,,,,,,,
halo_orbit,31,0.1731843575418995,,1.090679909699497,0.1192788021233518,0.005748017268342649,0.07338072753138064,0.07128413760205446,0.1884870973933473,3.093090539868622,,,,,,,,,,,,,,
halo_orbit,32,0.1787709497206704,,1.092039903917605,0.1205010060584741,0.009188168516357474,0.07544056634141597,0.06249612042312842,0.1879732227500483,3.093090539868622,,,,,,,,,,,,,,
halo_orbit,33,0.1843575418994413,,1.09343647272318,0.1215637025458959,0.01261695182935639,0.07738283923994874,0.05382760435473627,0.187245272392435,3.093090539868642,,,,,,,,,,,,,,
halo_orbit,34,0.1899441340782123,,1.094867431813713,0.1224690899151296,0.01603057835363939,0.07920371768663152,0.04528011330939971,0.1863165708947709,3.093090539868621,,,,,,,,,,,,,,
halo_orbit,35,0.1955307262569832,,1.096330531944626,0.1232193911608151,0.0194254937785646,0.08089991530516459,0.03685483856419036,0.1851994733767184,3.093090539868616,,,,,,,,,,,,,,
halo_orbit,36,0.2011173184357542,,1.097823468434079,0.1238168486774432,0.02279836121349631,0.08246864428007369,0.02855272505907885,0.1839054303703317,3.093090539868645,,,,,,,,,,,,,,
halo_orbit,37,0.2067039106145251,,1.099343889897405,0.1242637204308111,0.02614604524256255,0.08390757466495147,0.02037454274863225,0.1824450516514319,3.093090539868621,,,,,,,,,,,,,,
halo_orbit,38,0.2122905027932961,,1.100889406266216,0.1245622773125156,0.02946559712897606,0.08521479673574937,0.01232094512161539,0.1808281680838939,3.093090539868614,,,,,,,,,,,,,,
halo_orbit,39,0.217877094972067,,1.102457596146829,0.124714801461972,0.03275424112612341,0.08638878641143483,0.004392516767231878,0.1790638908257243,3.093090539868633,,,,,,,,,,,,,,
halo_orbit,40,0.223463687150838,,1.104046013574713,0.1247235853699076,0.03600936184326487,0.08742837368493281,-0.003410188364047252,0.1771606674796624,3.093090539868624,,,,,,,,,,,,,,
halo_orbit,41,0.2290502793296089,,1.105652194218964,0.1245909316069422,0.03922849260743898,0.08833271395004733,-0.01108661656876069,0.1751263349491008,3.093090539868617,,,,,,,,,,,,,,
halo_orbit,42,0.2346368715083799,,1.107273661087655,0.1243191530456272,0.04240930476036027,0.08910126207242811,-0.01863619062328453,0.1729681688949661,3.093090539868602,,,,,,,,,,,,,,
halo_orbit,43,0.2402234636871508,,1.10890792978358,0.1239105734642329,0.04554959782788656,0.08973374903005578,-0.02605829157275776,0.1706929297875924,3.093090539868669,,,,,,,,,,,,,,
halo_orbit,44,0.2458100558659218,,1.110552513354345,0.1233675284402252,0.04864729050057522,0.09023016093531554,-0.03335224515807631,0.1683069056206372,3.093090539868619,,,,,,,,,,,,,,
halo_orbit,45,0.2513966480446927,,1.112204926780815,0.1226923664543386,0.05170041236483146,0.09059072024699197,-0.04051731210486374,0.1658159514014853,3.093090539868611,,,,,,,,,,,,,,
halo_orbit,46,0.2569832402234637,,1.11386269113925,0.1218874501432106,0.05470709632778571,0.09081586898130198,-0.04755268160665641,0.1632255255700155,3.093090539868623,,,,,,,,,,,,,,
halo_orbit,47,0.2625698324022346,,1.115523337474388,0.1209551576454612,0.05766557168069232,0.09090625373671332,-0.05445746744595352,0.1605407235139823,3.093090539868643,,,,,,,,,,,,,,
halo_orbit,48,0.2681564245810056,,1.117184410413779,0.1198978839985026,0.06057415774971932,0.09086271235535889,-0.06123070627910614,0.1577663083631843,3.093090539868616,,,,,,,,,,,,,,
halo_orbit,49,0.2737430167597765,,1.118843471552262,0.1187180425497831,0.06343125808593666,0.09068626205340063,-0.06787135768867815,0.1549067392472452,3.093090539868596,,,,,,,,,,,,,,
halo_orbit,50,0.2793296089385475,,1.120498102631471,0.1174180663537966,0.06623535515007803,0.09037808886414776,-0.07437830566972982,0.1519661972015877,3.093090539868615,,,,,,,,,,,,,,
halo_orbit,51,0.2849162011173184,,1.122145908537402,0.1160004095307842,0.06898500545055057,0.08993953824803159,-0.08075036127209467,0.1489486089007466,3.093090539868685,,,,,,,,,,,,,,
halo_orbit,52,0.2905027932960894,,1.123784520135863,0.1144675485685624,0.07167883509672644,0.08937210673596112,-0.08698626616673205,0.1458576683909155,3.093090539868618,,,,,,,,,,,,,,
halo_orbit,53,0.2960893854748604,,1.125411596964422,0.1128219835517542,0.07431553573181945,0.08867743448260716,-0.09308469694428252,0.1426968569831914,3.093090539868612,,,,,,,,,,,,,,
halo_orbit,54,0.3016759776536313,,1.127024829794582,0.1110662393077539,0.07689386081455865,0.08785729861745056,-0.09904426998267297,0.1394694614644331,3.093090539868599,,,,,,,,,,,,,,
halo_orbit,55,0.3072625698324022,,1.1286219430799,0.1092028664589497,0.07941262221859305,0.08691360729122065,-0.1048635467544402,0.1361785907639531,3.093090539868667,,,,,,,,,,,,,,
halo_orbit,56,0.3128491620111732,,1.130200697300288,0.1072344423752171,0.08187068712401614,0.08584839432471221,-0.1105410394615584,0.1328271912123182,3.093090539868621,,,,,,,,,,,,,,
halo_orbit,57,0.3184357541899441,,1.131758891214085,0.1051635720206869,0.0842669751750019,0.08466381437627174,-0.116075216909404,0.1294180605098527,3.093090539868617,,,,,,,,,,,,,,
halo_orbit,58,0.3240223463687151,,1.13329436402523,0.1029928886920709,0.08660045588269352,0.08336213855139918,-0.1214645105432129,0.1259538605222321,3.09309053986859,,,,,,,,,,,,,,
halo_orbit,59,0.329608938547486,,1.134804997474234,0.1007250546452743,0.08887014625130855,0.08194575038672407,-0.1267073205871927,0.1224371290007118,3.093090539868614,,,,,,,,,,,,,,
halo_orbit,60,0.335195530726257,,1.136288717858471,0.09836276160951933,0.09107510860971349,0.08041714214596413,-0.1318020222349342,0.1188702903245945,3.093090539868688,,,,,,,,,,,,,,
halo_orbit,61,0.3407821229050279,,1.137743497987195,0.09590873118814539,0.0932144486309706,0.07877891137336669,-0.13674697184981,0.1152556653490169,3.09309053986862,,,,,,,,,,,,,,
halo_orbit,62,0.3463687150837989,,1.139167359075821,0.09336571514596896,0.09528731352379446,0.07703375765470047,-0.141540513140816,0.111595480435091,3.093090539868617,,,,,,,,,,,,,,
halo_orbit,63,0.3519553072625698,,1.14055837258216,0.09073649558481255,0.09729289038297283,0.07518447954127805,-0.1461809832858119,0.1078918757368862,3.093090539868591,,,,,,,,,,,,,,
halo_orbit,64,0.3575418994413408,,1.141914661987918,0.0880238850072276,0.09923040468418479,0.07323397159821637,-0.1506667189777526,0.1041469128041351,3.093090539868617,,,,,,,,,,,,,,
halo_orbit,65,0.3631284916201117,,1.143234404527033,0.08523072627101105,0.1010991189123212,0.07118522154102129,-0.1549960623750718,0.1003625815629511,3.093090539868677,,,,,,,,,,,,,,
halo_orbit,66,0.3687150837988827,,1.144515832862214,0.08235989243581576,0.102898331312035,0.06904130743017727,-0.1591673669386018,0.09654080672488698,3.093090539868621,,,,,,,,,,,,,,
halo_orbit,67,0.3743016759776536,,1.145757236710605,0.07941428650391892,0.104627374750327,0.06680539489593176,-0.1631790031404056,0.09268345367216425,3.093090539868619,,,,,,,,,,,,,,
halo_orbit,68,0.3798882681564246,,1.146956964418778,0.07639684105866162,0.1062856156826412,0.06448073436905528,-0.1670293640337761,0.08879233386496592,3.0930905398686,,,,,,,,,,,,,,
halo_orbit,69,0.3854748603351955,,1.148113424486988,0.07331051780171938,0.1078724532134039,0.06207065829722728,-0.1707168706706928,0.08486920980694508,3.09309053986861,,,,,,,,,,,,,,
halo_orbit,70,0.3910614525139665,,1.149225087042367,0.07015830699334864,0.1093873182436146,0.05957857832835603,-0.1742399773591057,0.08091579960742468,3.093090539868663,,,,,,,,,,,,,,
halo_orbit,71,0.3966480446927375,,1.150290485260176,0.06694322679801225,0.1108296726984153,0.05700798244588576,-0.1775971767497154,0.07693378117196188,3.093090539868622,,,,,,,,,,,,,,
halo_orbit,72,0.4022346368715084,,1.151308216732091,0.06366832253805366,0.1121990088280901,0.05436243204291335,-0.1807870047428104,0.07292479605088464,3.093090539868621,,,,,,,,,,,,,,
halo_orbit,73,0.4078212290502793,,1.15227694478056,0.06033666586049658,0.1134948485763749,0.05164555892424121,-0.1838080452102371,0.06889045297485823,3.09309053986861,,,,,,,,,,,,,,
halo_orbit,74,0.4134078212290503,,1.153195399717458,0.05695135381835571,0.1147167430108662,0.04886106222816947,-0.1866589345209296,0.06483233110104022,3.093090539868609,,,,,,,,,,,,,,
halo_orbit,75,0.4189944134078212,,1.154062380045827,0.05351550787157731,0.1158642718101465,0.04601270526107355,-0.1893383658652938,0.0607519829942481,3.093090539868644,,,,,,,,,,,,,,
halo_orbit,76,0.4245810055865922,,1.154876753602948,0.05003227281096366,0.1169370428031015,0.0431043122402409,-0.191845093370431,0.05665093736450245,3.093090539868624,,,,,,,,,,,,,,
halo_orbit,77,0.4301675977653631,,1.155637458642836,0.04650481560803842,0.1179346915565599,0.04013976494177744,-0.1941779359974605,0.05253070158089163,3.093090539868621,,,,,,,,,,,,,,
halo_orbit,78,0.4357541899441341,,1.156343504856881,0.04293632419689436,0.1188568810063995,0.03712299925218078,-0.196335781217671,0.04839276398108151,3.093090539868615,,,,,,,,,,,,,,
halo_orbit,79,0.441340782122905,,1.156993974330365,0.03933000619008546,0.1197033011295874,0.03405800162370468,-0.1983175884570936,0.04423859599392053,3.093090539868601,,,,,,,,,,,,,,
halo_orbit,80,0.446927374301676,,1.157588022433386,0.03568908753393695,0.1204736686533195,0.03094880543486745,-0.2001223923049574,0.04006965409203515,3.093090539868628,,,,,,,,,,,,,,
halo_orbit,81,0.4525139664804469,,1.158124878644612,0.03201681110791343,0.1211677267980259,0.02779948725898284,-0.2017493054804556,0.03588738159040171,3.093090539868647,,,,,,,,,,,,,,
halo_orbit,82,0.4581005586592179,,1.158603847305746,0.02831643527124261,0.1217852450526316,0.02461416304456674,-0.2031975215492258,0.03169321030623634,3.093090539868622,,,,,,,,,,,,,,
halo_orbit,83,0.4636871508379888,,1.159024308305469,0.02459123236242365,0.1223260189787435,0.02139698421253891,-0.2044663173859257,0.02748856209477794,3.093090539868623,,,,,,,,,,,,,,
halo_orbit,84,0.4692737430167598,,1.159385717691656,0.02084448715681409,0.1227898700413266,0.0181521336766143,-0.2055550553789051,0.02327485027511601,3.093090539868612,,,,,,,,,,,,,,
halo_orbit,85,0.4748603351955307,,1.159687608209772,0.01707949528533123,0.1231766454654573,0.01488382179338837,-0.2064631853682767,0.01905348096009076,3.093090539868607,,,,,,,,,,,,,,
halo_orbit,86,0.4804469273743017,,1.159929589766976,0.01329956162079883,0.1234862181159237,0.0115962822500994,-0.2071902463168826,0.01482585430336197,3.093090539868636,,,,,,,,,,,,,,
halo_orbit,87,0.4860335195530726,,1.160111349820668,0.009507998636320375,0.1237184863988479,0.00829376789848011,-0.2077358677092265,0.0105933656769251,3.093090539868634,,,,,,,,,,,,,,
halo_orbit,88,0.4916201117318436,,1.160232653689948,0.005708124739832903,0.1238733741854346,0.004980546543468049,-0.2080997706722607,0.00635740679228157,3.093090539868623,,,,,,,,,,,,,,
halo_orbit,89,0.4972067039106145,,1.160293344790304,0.00190326259159085,0.1239508307544099,0.00166089669655538,-0.2082817688206134,0.002119366777395369,3.093090539868622,,,,,,,,,,,,,,
halo_orbit,90,0.5027932960893855,,1.160293344790329,-0.001903262591563518,0.1239508307543714,-0.001660896696480941,-0.2082817688207071,-0.002119366777426926,3.093090539868613,,,,,,,,,,,,,,
halo_orbit,91,0.5083798882681564,,1.160232653689964,-0.005708124739814016,0.1238733741854462,-0.004980546543394969,-0.2080997706722808,-0.006357406792303573,3.093090539868617,,,,,,,,,,,,,,
halo_orbit,92,0.5139664804469274,,1.160111349820659,-0.009507998636348335,0.123718486398898,-0.008293767898414791,-0.2077358677091549,-0.01059336567691782,3.093090539868637,,,,,,,,,,,,,,
halo_orbit,93,0.5195530726256983,,1.159929589767006,-0.01329956162083831,0.1234862181158263,-0.01159628225003123,-0.2071902463170575,-0.01482585430335474,3.093090539868624,,,,,,,,,,,,,,
halo_orbit,94,0.5251396648044693,,1.159687608209746,-0.01707949528528662,0.1231766454654847,-0.01488382179330628,-0.2064631853681862,-0.01905348096011261,3.093090539868623,,,,,,,,,,,,,,
halo_orbit,95,0.5307262569832403,,1.159385717691652,-0.02084448715677592,0.1227898700413416,-0.01815213367653905,-0.205555055378876,-0.02327485027514851,3.093090539868617,,,,,,,,,,,,,,
halo_orbit,96,0.5363128491620112,,1.159024308305512,-0.0245912323624269,0.1223260189786926,-0.02139698421247533,-0.2044663173860725,-0.02748856209481203,3.093090539868606,,,,,,,,,,,,,,
halo_orbit,97,0.5418994413407822,,1.158603847305755,-0.02831643527120922,0.1217852450526893,-0.02461416304449764,-0.2031975215491714,-0.03169321030625919,3.093090539868626,,,,,,,,,,,,,,
halo_orbit,98,0.5474860335195531,,1.158124878644618,-0.03201681110793714,0.1211677267980599,-0.02779948725890936,-0.2017493054804401,-0.03588738159039941,3.093090539868643,,,,,,,,,,,,,,
halo_orbit,99,0.553072625698324,,1.157588022433404,-0.03568908753395968,0.1204736686532748,-0.0309488054347895,-0.2001223923050515,-0.04006965409203685,3.093090539868622,,,,,,,,,,,,,,
halo_orbit,100,0.5586592178770949,,1.156993974330353,-0.03933000619002161,0.1197033011296176,-0.03405800162362473,-0.1983175884570146,-0.04423859599393364,3.093090539868622,,,,,,,,,,,,,,
halo_orbit,101,0.5642458100558659,,1.156343504856903,-0.04293632419689476,0.118856881006373,-0.03712299925211247,-0.1963357812177554,-0.04839276398111864,3.093090539868605,,,,,,,,,,,,,,
halo_orbit,102,0.5698324022346368,,1.15563745864288,-0.04650481560806819,0.1179346915565178,-0.04013976494172367,-0.1941779359976209,-0.05253070158094186,3.093090539868594,,,,,,,,,,,,,,
halo_orbit,103,0.5754189944134078,,1.154876753602961,-0.05003227281088921,0.1169370428031843,-0.04310431224017188,-0.1918450933703263,-0.05665093736452379,3.093090539868643,,,,,,,,,,,,,,
halo_orbit,104,0.5810055865921788,,1.154062380045841,-0.053515507871552,0.1158642718101886,-0.04601270526098193,-0.1893383658652691,-0.06075198299426028,3.093090539868651,,,,,,,,,,,,,,
halo_orbit,105,0.5865921787709497,,1.153195399717472,-0.05695135381832788,0.1147167430108635,-0.04886106222809326,-0.1866589345209454,-0.06483233110104543,3.093090539868619,,,,,,,,,,,,,,
halo_orbit,106,0.5921787709497207,,1.152276944780573,-0.06033666586046502,0.1134948485763794,-0.05164555892417303,-0.1838080452102476,-0.06889045297486975,3.093090539868618,,,,,,,,,,,,,,
halo_orbit,107,0.5977653631284916,,1.151308216732123,-0.06366832253809654,0.1121990088280518,-0.05436243204284295,-0.1807870047429676,-0.07292479605096269,3.093090539868586,,,,,,,,,,,,,,
halo_orbit,108,0.6033519553072626,,1.150290485260212,-0.06694322679804277,0.1108296726983965,-0.05700798244583403,-0.1775971767498511,-0.07693378117204376,3.093090539868587,,,,,,,,,,,,,,
halo_orbit,109,0.6089385474860335,,1.149225087042401,-0.07015830699329,0.1093873182436788,-0.05957857832827945,-0.1742399773590718,-0.0809157996074458,3.093090539868675,,,,,,,,,,,,,,
halo_orbit,110,0.6145251396648045,,1.148113424487013,-0.07331051780165476,0.1078724532134225,-0.06207065829714846,-0.1707168706706572,-0.08486920980691132,3.093090539868649,,,,,,,,,,,,,,
halo_orbit,111,0.6201117318435754,,1.146956964418799,-0.0763968410586307,0.1062856156826379,-0.06448073436899876,-0.1670293640337988,-0.08879233386495067,3.093090539868617,,,,,,,,,,,,,,
halo_orbit,112,0.6256983240223464,,1.145757236710632,-0.07941428650391917,0.1046273747503193,-0.06680539489586433,-0.1631790031404822,-0.09268345367220167,3.093090539868611,,,,,,,,,,,,,,
halo_orbit,113,0.6312849162011173,,1.144515832862242,-0.08235989243586164,0.1028983313120206,-0.06904130743010298,-0.1591673669387491,-0.096540806725031,3.093090539868566,,,,,,,,,,,,,,
halo_orbit,114,0.6368715083798883,,1.143234404527065,-0.08523072627104739,0.1010991189123451,-0.07118522154095189,-0.1549960623752095,-0.1003625815630971,3.093090539868611,,,,,,,,,,,,,,
halo_orbit,115,0.6424581005586593,,1.141914661987964,-0.08802388500712365,0.0992304046841937,-0.07323397159815533,-0.1506667189776673,-0.1041469128039996,3.093090539868713,,,,,,,,,,,,,,
halo_orbit,116,0.6480446927374302,,1.140558372582196,-0.09073649558478794,0.09729289038295137,-0.07518447954123547,-0.1461809832858731,-0.1078918757368183,3.093090539868621,,,,,,,,,,,,,,
halo_orbit,117,0.6536312849162011,,1.139167359075854,-0.09336571514596786,0.09528731352378675,-0.07703375765464522,-0.1415405131408975,-0.1115954804351016,3.093090539868617,,,,,,,,,,,,,,
halo_orbit,118,0.659217877094972,,1.137743497987223,-0.09590873118816345,0.09321444863097182,-0.07877891137329848,-0.1367469718498985,-0.1152556653491221,3.093090539868588,,,,,,,,,,,,,,
halo_orbit,119,0.664804469273743,,1.136288717858479,-0.09836276160957506,0.09107510860976548,-0.08041714214588325,-0.1318020222350465,-0.118870290324867,3.093090539868576,,,,,,,,,,,,,,
halo_orbit,120,0.6703910614525139,,1.134804997474294,-0.1007250546452269,0.08887014625127175,-0.08194575038667687,-0.1267073205872344,-0.1224371290005486,3.093090539868698,,,,,,,,,,,,,,
halo_orbit,121,0.6759776536312849,,1.133294364025286,-0.1029928886920461,0.08660045588265232,-0.08336213855136067,-0.1214645105433115,-0.1259538605221006,3.093090539868646,,,,,,,,,,,,,,
halo_orbit,122,0.6815642458100558,,1.131758891214125,-0.1051635720206941,0.0842669751749914,-0.08466381437622147,-0.1160752169095038,-0.129418060509861,3.093090539868615,,,,,,,,,,,,,,
halo_orbit,123,0.6871508379888268,,1.130200697300319,-0.1072344423752356,0.08187068712402003,-0.08584839432465809,-0.1105410394616314,-0.132827191212396,3.093090539868597,,,,,,,,,,,,,,
halo_orbit,124,0.6927374301675978,,1.128621943079896,-0.1092028664589943,0.0794126222186405,-0.08691360729115709,-0.1048635467544689,-0.1361785907641797,3.093090539868579,,,,,,,,,,,,,,
halo_orbit,125,0.6983240223463687,,1.127024829794669,-0.1110662393077234,0.07689386081448943,-0.08785729861740597,-0.09904426998281883,-0.1394694614642128,3.0930905398687,,,,,,,,,,,,,,
halo_orbit,126,0.7039106145251397,,1.125411596964476,-0.1128219835517582,0.07431553573179497,-0.08867743448255833,-0.09308469694441752,-0.142696856983149,3.09309053986863,,,,,,,,,,,,,,
halo_orbit,127,0.7094972067039106,,1.123784520135908,-0.1144675485685809,0.07167883509671723,-0.08937210673592406,-0.08698626616685205,-0.1458576683909109,3.093090539868615,,,,,,,,,,,,,,
halo_orbit,128,0.7150837988826816,,1.122145908537368,-0.1160004095308518,0.06898500545060517,-0.08993953824798409,-0.08075036127205862,-0.1489486089009615,3.093090539868586,,,,,,,,,,,,,,
halo_orbit,129,0.7206703910614525,,1.12049810263152,-0.117418066353814,0.06623535515006823,-0.09037808886410444,-0.07437830566985229,-0.1519661972015902,3.093090539868613,,,,,,,,,,,,,,
halo_orbit,130,0.7262569832402235,,1.118843471552384,-0.1187180425497516,0.06343125808585713,-0.09068626205334315,-0.06787135768893594,-0.1549067392470081,3.093090539868711,,,,,,,,,,,,,,
halo_orbit,131,0.7318435754189944,,1.117184410413826,-0.1198978839985251,0.06057415774970641,-0.09086271235531435,-0.06123070627923661,-0.1577663083631768,3.093090539868617,,,,,,,,,,,,,,
halo_orbit,132,0.7374301675977654,,1.115523337474403,-0.1209551576455151,0.05766557168070144,-0.09090625373668471,-0.05445746744601727,-0.1605407235140311,3.093090539868606,,,,,,,,,,,,,,
halo_orbit,133,0.7430167597765364,,1.113862691139265,-0.121887450143263,0.05470709632779677,-0.0908158689812719,-0.04755268160668416,-0.163225525570089,3.09309053986858,,,,,,,,,,,,,,
halo_orbit,134,0.7486033519553073,,1.112204926780944,-0.1226923664543088,0.05170041236477273,-0.09059072024693682,-0.04051731210514045,-0.1658159514012965,3.093090539868715,,,,,,,,,,,,,,
halo_orbit,135,0.7541899441340782,,1.110552513354397,-0.1233675284402563,0.04864729050056404,-0.09023016093527354,-0.03335224515823292,-0.168306905620618,3.093090539868622,,,,,,,,,,,,,,
halo_orbit,136,0.7597765363128491,,1.108907929783568,-0.1239105734643268,0.04554959782789681,-0.08973374903002733,-0.02605829157281269,-0.1706929297876347,3.093090539868611,,,,,,,,,,,,,,
halo_orbit,137,0.7653631284916201,,1.107273661087686,-0.1243191530456855,0.0424093047603606,-0.08910126207240933,-0.01863619062335584,-0.1729681688949888,3.093090539868573,,,,,,,,,,,,,,
halo_orbit,138,0.770949720670391,,1.105652194219103,-0.1245909316069028,0.03922849260740024,-0.08833271394999734,-0.01108661656904703,-0.1751263349489395,3.093090539868722,,,,,,,,,,,,,,
halo_orbit,139,0.776536312849162,,1.104046013574765,-0.1247235853699543,0.03600936184325734,-0.08742837368489614,-0.003410188364219003,-0.1771606674796374,3.093090539868622,,,,,,,,,,,,,,
halo_orbit,140,0.7821229050279329,,1.10245759614686,-0.1247148014620501,0.03275424112611985,-0.08638878641140942,0.004392516767089179,-0.1790638908257099,3.093090539868608,,,,,,,,,,,,,,
halo_orbit,141,0.7877094972067039,,1.100889406266227,-0.1245622773126143,0.0294655971289694,-0.08521479673574187,0.01232094512157503,-0.1808281680838693,3.093090539868574,,,,,,,,,,,,,,
halo_orbit,142,0.7932960893854749,,1.099343889897581,-0.1242637204307285,0.02614604524254936,-0.08390757466492975,0.0203745427483008,-0.1824450516512672,3.093090539868758,,,,,,,,,,,,,,
halo_orbit,143,0.7988826815642458,,1.0978234684341,-0.1238168486775471,0.02279836121348662,-0.08246864428002661,0.02855272505891182,-0.1839054303702982,3.093090539868617,,,,,,,,,,,,,,
halo_orbit,144,0.8044692737430168,,1.096330531944667,-0.1232193911609107,0.01942549377855229,-0.08089991530515347,0.03685483856401765,-0.185199473376656,3.0930905398686,,,,,,,,,,,,,,
halo_orbit,145,0.8100558659217877,,1.094867431813726,-0.122469089915257,0.01603057835361546,-0.07920371768663424,0.04528011330930823,-0.1863165708946368,3.093090539868604,,,,,,,,,,,,,,
halo_orbit,146,0.8156424581005587,,1.093436472723357,-0.1215637025457812,0.01261695182939055,-0.0773828392399661,0.05382760435443352,-0.1872452723922839,3.093090539868796,,,,,,,,,,,,,,
halo_orbit,147,0.8212290502793296,,1.092039903917683,-0.1205010060585705,0.00918816851633894,-0.07544056634143098,0.06249612042284694,-0.1879732227500077,3.093090539868607,,,,,,,,,,,,,,
halo_orbit,148,0.8268156424581006,,1.090679909699458,-0.1192788021236449,0.005748017268244311,-0.0733807275313286,0.0712841376017537,-0.1884870973929265,3.093090539868639,,,,,,,,,,,,,,
halo_orbit,149,0.8324022346368715,,1.089358599102343,-0.1178949240741079,0.002300539789798672,-0.071207739744633,0.08018969574146599,-0.1887725377238045,3.093090539868709,,,,,,,,,,,,,,
halo_orbit,150,0.8379888268156425,,1.088077994699279,-0.116347245973615,-0.001149949891401365,-0.06892665668973506,0.08921027496334236,-0.1888140886660047,3.093090539868932,,,,,,,,,,,,,,
halo_orbit,151,0.8435754189944135,,1.086840020511319,-0.1146336941462767,-0.004598844850171357,-0.06654321864019638,0.09834264949393169,-0.1885951407331741,3.093090539868609,,,,,,,,,,,,,,
halo_orbit,152,0.8491620111731844,,1.085646489004913,-0.1127522615986228,-0.008041223690755059,-0.06406390259259427,0.1075827159075298,-0.1880978797673211,3.09309053986863,,,,,,,,,,,,,,
halo_orbit,153,0.8547486033519553,,1.084499087174612,-0.1107010258492573,-0.01147182816107047,-0.06149597131857329,0.1169252928101293,-0.1873032483614319,3.093090539868612,,,,,,,,,,,,,,
halo_orbit,154,0.8603351955307262,,1.08339936175789,-0.1084781706926579,-0.01488504020239063,-0.05884751938418963,0.1263638891237841,-0.1861909240328129,3.093090539868615,,,,,,,,,,,,,,
halo_orbit,155,0.8659217877094972,,1.082348703654028,-0.1060820125070688,-0.01827485880113354,-0.05612751359610813,0.1358904384542211,-0.1847393204200693,3.093090539868605,,,,,,,,,,,,,,
halo_orbit,156,0.8715083798882681,,1.081348331678798,-0.1035110317417567,-0.02163487713024291,-0.05334582466224994,0.1454949976618082,-0.1829256191419707,3.09309053986861,,,,,,,,,,,,,,
halo_orbit,157,0.8770949720670391,,1.080399275850666,-0.1007639102464924,-0.02495826062090588,-0.05051324607761223,0.1551654088077044,-0.1807258414605271,3.093090539868608,,,,,,,,,,,,,,
halo_orbit,158,0.88268156424581,,1.079502360484781,-0.09783957510973323,-0.02823772678823657,-0.04764149539281645,0.164886925220597,-0.178114970457693,3.093090539868614,,,,,,,,,,,,,,
halo_orbit,159,0.888268156424581,,1.078658187467642,-0.09473724963710084,-0.0314655278432505,-0.04474319214264121,0.1746418046809514,-0.1750671359797022,3.093090539868609,,,,,,,,,,,,,,
halo_orbit,160,0.8938547486033519,,1.077867120197883,-0.09145651202149596,-0.03463343736096538,-0.04183180585698112,0.18440887577053,-0.1715558759573139,3.093090539868609,,,,,,,,,,,,,,
halo_orbit,161,0.8994413407821229,,1.077129268805605,-0.08799736211023183,-0.03773274253221577,-0.03892156685596036,0.1941630874217654,-0.1675544886545321,3.093090539868609,,,,,,,,,,,,,,
halo_orbit,162,0.9050279329608939,,1.076444477400792,-0.08436029644730775,-0.04075424379630153,-0.03602733207922022,0.2038750566964081,-0.1630364906196224,3.093090539868601,,,,,,,,,,,,,,
halo_orbit,163,0.9106145251396648,,1.075812314243787,-0.08054639144085733,-0.0436882639153301,-0.0331643982065899,0.2135106358275612,-0.1579761942159056,3.093090539868617,,,,,,,,,,,,,,
halo_orbit,164,0.9162011173184358,,1.075232065867057,-0.07655739405975123,-0.04652466878485597,-0.03034825502292068,0.2230305264285164,-0.1523494161192255,3.09309053986861,,,,,,,,,,,,,,
halo_orbit,165,0.9217877094972067,,1.074702736293093,-0.07239581888635324,-0.04925290244489802,-0.02759427362904649,0.2323899761580495,-0.1461343235544704,3.093090539868604,,,,,,,,,,,,,,
halo_orbit,166,0.9273743016759777,,1.074223052567438,-0.06806504964015579,-0.05186203881737367,-0.02491732697674989,0.2415386004187408,-0.1393124177888949,3.093090539868612,,,,,,,,,,,,,,
halo_orbit,167,0.9329608938547486,,1.07379147783491,-0.06356944244950297,-0.0543408525978622,-0.02233134453917526,0.2504203778947212,-0.1318696440937826,3.093090539868558,,,,,,,,,,,,,,
halo_orbit,168,0.9385474860335196,,1.073406233102263,-0.05891442721663421,-0.05667791141342998,-0.01984880885054159,0.2589738726099084,-0.1237976038730125,3.093090539868614,,,,,,,,,,,,,,
halo_orbit,169,0.9441340782122905,,1.073065328623203,-0.05410660245183167,-0.0588616907692251,-0.01748020907803189,0.267132735092833,-0.1150948282285241,3.093090539868512,,,,,,,,,,,,,,
halo_orbit,170,0.9497206703910615,,1.072766605487878,-0.04915381803522578,-0.06088071239290904,-0.01523347538179261,0.2748265294014763,-0.1057680537888572,3.093090539868614,,,,,,,,,,,,,,
halo_orbit,171,0.9553072625698324,,1.072507787482114,-0.04406523961759561,-0.06272370533738471,-0.01311342677847131,0.2819819195593099,-0.09583342291802381,3.09309053986855,,,,,,,,,,,,,,
halo_orbit,172,0.9608938547486033,,1.072286542606787,-0.03885138794529123,-0.0643797876152567,-0.01112127346778137,0.2885242272882169,-0.08531751396303058,3.093090539868613,,,,,,,,,,,,,,
halo_orbit,173,0.9664804469273743,,1.072100552840886,-0.0335241464367969,-0.06583866431383917,-0.00925422043477999,0.2943793427842705,-0.07425809635283666,3.093090539868621,,,,,,,,,,,,,,
halo_orbit,174,0.9720670391061452,,1.071947589850427,-0.02809673100697889,-0.06709083617403598,-0.007505221066586212,0.2994759332376146,-0.06270450364175821,3.093090539868594,,,,,,,,,,,,,,
halo_orbit,175,0.9776536312849162,,1.071825593481925,-0.0225836175082909,-0.06812781075052426,-0.005862925695971197,0.3037478532974945,-0.05071752833682363,3.093090539868626,,,,,,,,,,,,,,
halo_orbit,176,0.9832402234636871,,1.071732749139842,-0.0170004242751597,-0.06894230671137359,-0.004311859623218615,0.3071366230963608,-0.03836876743318908,3.093090539868519,,,,,,,,,,,,,,
halo_orbit,177,0.9888268156424581,,1.071667559666994,-0.01136375000096654,-0.06952844088183996,-0.00283284800394666,0.3095938093086071,-0.02573938689267969,3.093090539868682,,,,,,,,,,,,,,
halo_orbit,178,0.994413407821229,,1.071628907221893,-0.005690970354846406,-0.06988188749972547,-0.001403682580558694,0.3110831297981368,-0.01291832371637112,3.093090539868564,,,,,,,,,,,,,,
halo_orbit,179,1,,1.07161610097621,-3.38751596218323e-13,-0.0700000000001014,5.797163964149643e-13,0.3115821078200801,-7.321088180134439e-13,3.093090539868635,,,,,,,,,,,,,,
lyapunov_orbit,0,0,,1.075054991595494,0,0,0,0.3981765533887675,0,3.093090539868627,,,,,,,,,,,,,,
lyapunov_orbit,1,0.00558659217877095,,1.074940808789615,0.008033612884157382,0,-0.01126193586054663,0.3969430519303778,0,3.093090539868627,,,,,,,,,,,,,,
lyapunov_orbit,2,0.0111731843575419,,1.074603654820878,0.01601790433472589,0,-0.02199472227893313,0.3933170250009345,0,3.093090539868617,,,,,,,,,,,,,,
lyapunov_orbit,3,0.01675977653631285,,1.074059117587361,0.02390647430841746,0,-0.03172697131448134,0.3875091209537194,0,3.093090539868585,,,,,,,,,,,,,,
lyapunov_orbit,4,0.0223463687150838,,1.073331331786738,0.03165827698573408,0,-0.04008947121029733,0.3798318684817125,0,3.093090539868565,,,,,,,,,,,,,,
lyapunov_orbit,5,0.02793296089385475,,1.072450644846798,0.03923922666485275,0,-0.04683809379592063,0.370654054269639,0,3.093090539868543,,,,,,,,,,,,,,
lyapunov_orbit,6,0.0335195530726257,,1.071451049597038,0.04662286721067223,0,-0.05185445043398469,0.3603554202455255,0,3.09309053986857,,,,,,,,,,,,,,
lyapunov_orbit,7,0.03910614525139665,,1.070367787506137,0.05379020757568544,0,-0.05512954902673655,0.3492904645206051,0,3.093090539868617,,,,,,,,,,,,,,
lyapunov_orbit,8,0.0446927374301676,,1.069235388074533,0.06072895546506731,0,-0.0567382777136772,0.3377652954266069,0,3.093090539868601,,,,,,,,,,,,,,
lyapunov_orbit,9,0.05027932960893855,,1.068086253868679,0.06743241499224559,0,-0.05681192301715807,0.3260271715417055,0,3.093090539868509,,,,,,,,,,,,,,
lyapunov_orbit,10,0.05586592178770949,,1.066949777093751,0.07389827797112369,0,-0.05551360741749584,0.3142638411281345,0,3.093090539868722,,,,,,,,,,,,,,
lyapunov_orbit,11,0.06145251396648044,,1.065851901193972,0.08012747036963518,0,-0.05301898744885654,0.302609077481381,0,3.093090539868652,,,,,,,,,,,,,,
lyapunov_orbit,12,0.0670391061452514,,1.064815014486897,0.08612314580678491,0,-0.04950262973216809,0.2911512474760768,0,3.09309053986858,,,,,,,,,,,,,,
lyapunov_orbit,13,0.07262569832402235,,1.063858066836475,0.0918898629216135,0,-0.04512938218379192,0.2799426543551586,0,3.093090539868967,,,,,,,,,,,,,,
lyapunov_orbit,14,0.0782122905027933,,1.062996819432053,0.09743294719602653,0,-0.04004962571745219,0.2690083008283197,0,3.09309053986862,,,,,,,,,,,,,,
lyapunov_orbit,15,0.08379888268156424,,1.062244160937881,0.1027580179530522,0,-0.03439727279108673,0.2583534185493239,0,3.093090539868607,,,,,,,,,,,,,,
lyapunov_orbit,16,0.0893854748603352,,1.061610444570544,0.1078706530516179,0,-0.02828955598957004,0.2479695682228504,0,3.093090539868618,,,,,,,,,,,,,,
lyapunov_orbit,17,0.09497206703910614,,1.061103817655229,0.1127761627397703,0,-0.0218278829396986,0.2378393725739671,0,3.093090539868614,,,,,,,,,,,,,,
lyapunov_orbit,18,0.1005586592178771,,1.060730527567667,0.1174794467780055,0,-0.01509925146983596,0.2279400643212011,0,3.093090539868606,,,,,,,,,,,,,,
lyapunov_orbit,19,0.106145251396648,,1.06049519634676,0.1219849130880713,0,-0.008177893616291974,0.218246067538721,0,3.093090539868615,,,,,,,,,,,,,,
lyapunov_orbit,20,0.111731843575419,,1.060401061588106,0.126296440566265,0,-0.001126945220094759,0.2087308226028497,0,3.09309053986862,,,,,,,,,,,,,,
lyapunov_orbit,21,0.1173184357541899,,1.060450184383512,0.1304173726778999,0,0.005999974006389049,0.1993680370493899,0,3.093090539868609,,,,,,,,,,,,,,
lyapunov_orbit,22,0.1229050279329609,,1.060643626772588,0.1343505317980365,0,0.01315732754069699,0.1901325111140296,0,3.093090539868633,,,,,,,,,,,,,,
lyapunov_orbit,23,0.1284916201117318,,1.060981601944302,0.1380982469374333,0,0.02030639812862957,0.1810006545987518,0,3.093090539868601,,,,,,,,,,,,,,
lyapunov_orbit,24,0.1340782122905028,,1.061463600638468,0.1416623895585885,0,0.02741419382708443,0.1719507839793619,0,3.093090539868538,,,,,,,,,,,,,,
lyapunov_orbit,25,0.1396648044692737,,1.062088497086787,0.1450444137487042,0,0.03445251359460118,0.162963266122661,0,3.093090539868605,,,,,,,,,,,,,,
lyapunov_orbit,26,0.1452513966480447,,1.062854637562313,0.1482453981684309,0,0.0413971566285999,0.1540205573420082,0,3.09309053986847,,,,,,,,,,,,,,
lyapunov_orbit,27,0.1508379888268156,,1.063759914264646,0.1512660880387671,0,0.04822725783672999,0.1451071730524294,0,3.093090539868683,,,,,,,,,,,,,,
lyapunov_orbit,28,0.1564245810055866,,1.064801826907482,0.1541069360331444,0,0.05492473204200302,0.1362096132458928,0,3.093090539868579,,,,,,,,,,,,,,
lyapunov_orbit,29,0.1620111731843575,,1.065977534046111,0.1567681413733673,0,0.06147381078916669,0.1273162615371246,0,3.093090539868488,,,,,,,,,,,,,,
lyapunov_orbit,30,0.1675977653631285,,1.067283895858159,0.1592496867271681,0,0.06786065735230878,0.1184172701656586,0,3.09309053986861,,,,,,,,,,,,,,
lyapunov_orbit,31,0.1731843575418995,,1.068717509832277,0.16155137271405,0,0.07407304740296648,0.109504439391894,0,3.093090539868589,,,,,,,,,,,,,,
lyapunov_orbit,32,0.1787709497206704,,1.070274740580964,0.1636728499704707,0,0.08010010460215942,0.1005710969199205,0,3.09309053986857,,,,,,,,,,,,,,
lyapunov_orbit,33,0.1843575418994413,,1.071951744786825,0.1656136488096184,0,0.08593208202199529,0.09161198102731627,0,3.093090539868567,,,,,,,,,,,,,,
lyapunov_orbit,34,0.1899441340782123,,1.073744492133587,0.1673732065797094,0,0.09156018176004037,0.08262312964095052,0,3.093090539868608,,,,,,,,,,,,,,
lyapunov_orbit,35,0.1955307262569832,,1.075648782923653,0.168950892852185,0,0.09697640636718854,0.07360177665477678,0,3.093090539868577,,,,,,,,,,,,,,
lyapunov_orbit,36,0.2011173184357542,,1.077660262972677,0.170346032596516,0,0.1021734367846096,0.06454625609080644,0,3.093090539868606,,,,,,,,,,,,,,
lyapunov_orbit,37,0.2067039106145251,,1.079774436266736,0.1715579274986674,0,0.1071445323834545,0.05545591428534764,0,3.093090539868565,,,,,,,,,,,,,,
lyapunov_orbit,38,0.2122905027932961,,1.081986675793063,0.1725858755849214,0,0.1118834494587152,0.04633102995980672,0,3.093090539868583,,,,,,,,,,,,,,
lyapunov_orbit,39,0.217877094972067,,1.084292232886656,0.1734291893128729,0,0.1163843751631126,0.0371727418404543,0,3.093090539868607,,,,,,,,,,,,,,
lyapunov_orbit,40,0.223463687150838,,1.086686245374818,0.1740872122681742,0,0.1206418743805589,0.02798298341761031,0,3.093090539868576,,,,,,,,,,,,,,
lyapunov_orbit,41,0.2290502793296089,,1.08916374476313,0.1745593346139397,0,0.1246508474788522,0.01876442432213685,0,3.09309053986858,,,,,,,,,,,,,,
lyapunov_orbit,42,0.2346368715083799,,1.091719662663031,0.1748450074190379,0,0.1284064972375113,0.009520417799866336,0,3.093090539868583,,,,,,,,,,,,,,
lyapunov_orbit,43,0.2402234636871508,,1.094348836632045,0.1749437559811017,0,0.1319043035428885,0.0002549537547076909,0,3.093090539868671,,,,,,,,,,,,,,
lyapunov_orbit,44,0.2458100558659218,,1.097046015571297,0.1748551922547735,0,0.1351400046890916,-0.009027383168034288,0,3.093090539868521,,,,,,,,,,,,,,
lyapunov_orbit,45,0.2513966480446927,,1.099805864804059,0.1745790264766871,0,0.1381095843245994,-0.01832145095359913,0,3.093090539868582,,,,,,,,,,,,,,
lyapunov_orbit,46,0.2569832402234637,,1.102622970940679,0.1741150780828674,0,0.1408092632568674,-0.02762158354130941,0,3.093090539868586,,,,,,,,,,,,,,
lyapunov_orbit,47,0.2625698324022346,,1.105491846621699,0.1734632859845278,0,0.1432354954616928,-0.03692162053722134,0,3.093090539868649,,,,,,,,,,,,,,
lyapunov_orbit,48,0.2681564245810056,,1.108406935217942,0.172623718280543,0,0.1453849677622716,-0.04621493376456394,0,3.093090539868533,,,,,,,,,,,,,,
lyapunov_orbit,49,0.2737430167597765,,1.11136261555783,0.171596581459028,0,0.1472546027367966,-0.05549445104948168,0,3.093090539868582,,,,,,,,,,,,,,
lyapunov_orbit,50,0.2793296089385475,,1.11435320674232,0.170382229146836,0,0.1488415644928324,-0.06475267763980541,0,3.093090539868586,,,,,,,,,,,,,,
lyapunov_orbit,51,0.2849162011173184,,1.117372973103479,0.1689811704435756,0,0.1501432670094064,-0.07398171561588156,0,3.09309053986862,,,,,,,,,,,,,,
lyapunov_orbit,52,0.2905027932960894,,1.12041612935491,0.16739407788342,0,0.151157384799637,-0.08317328165565285,0,3.093090539868548,,,,,,,,,,,,,,
lyapunov_orbit,53,0.2960893854748604,,1.123476845979455,0.1656217950500291,0,0.1518818656881157,-0.09231872348840763,0,3.093090539868583,,,,,,,,,,,,,,
lyapunov_orbit,54,0.3016759776536313,,1.126549254894649,0.1636653438716678,0,0.1523149455292507,-0.1014090353724636,0,3.09309053986859,,,,,,,,,,,,,,
lyapunov_orbit,55,0.3072625698324022,,1.1296274554339,0.161525931608774,0,0.1524551647152428,-0.1104348729131763,0,3.093090539868641,,,,,,,,,,,,,,
lyapunov_orbit,56,0.3128491620111732,,1.132705520678071,0.15920495754792,0,0.1523013863391728,-0.1193865675427584,0,3.093090539868553,,,,,,,,,,,,,,
lyapunov_orbit,57,0.3184357541899441,,1.135777504169,0.1567040194024628,0,0.1518528158863188,-0.1282541409678563,0,3.093090539868549,,,,,,,,,,,,,,
lyapunov_orbit,58,0.3240223463687151,,1.138837447036071,0.154024919420966,0,0.1511090223319296,-0.1370273199007646,0,3.09309053986859,,,,,,,,,,,,,,
lyapunov_orbit,59,0.329608938547486,,1.141879385561212,0.1511696701914009,0,0.1500699605165058,-0.1456955513733015,0,3.093090539868623,,,,,,,,,,,,,,
lyapunov_orbit,60,0.335195530726257,,1.144897359208119,0.1481405001278437,0,0.1487359946628957,-0.1542480189414552,0,3.093090539868615,,,,,,,,,,,,,,
lyapunov_orbit,61,0.3407821229050279,,1.147885419136231,0.144939858618646,0,0.1471079228837203,-0.1626736600790807,0,3.093090539868459,,,,,,,,,,,,,,
lyapunov_orbit,62,0.3463687150837989,,1.150837637217629,0.1415704208081475,0,0.1451870025067352,-0.1709611850551885,0,3.093090539868589,,,,,,,,,,,,,,
lyapunov_orbit,63,0.3519553072625698,,1.153748115575452,0.1380350919810976,0,0.1429749760257005,-0.1790990975921231,0,3.093090539868596,,,,,,,,,,,,,,
lyapunov_orbit,64,0.3575418994413408,,1.156610996645598,0.1343370115078074,0,0.1404740974441131,-0.1870757175646013,0,3.093090539868632,,,,,,,,,,,,,,
lyapunov_orbit,65,0.3631284916201117,,1.159420473777367,0.1304795563090465,0,0.1376871587615774,-0.194879206023583,0,3.093090539868492,,,,,,,,,,,,,,
lyapunov_orbit,66,0.3687150837988827,,1.162170802362332,0.1264663437900835,0,0.1346175163019383,-0.2024975927684703,0,3.093090539868591,,,,,,,,,,,,,,
lyapunov_orbit,67,0.3743016759776536,,1.16485631149896,0.1223012341892182,0,0.1312691165582833,-0.2099188067097529,0,3.093090539868594,,,,,,,,,,,,,,
lyapunov_orbit,68,0.3798882681564246,,1.167471416162019,0.1179883322847956,0,0.1276465211750272,-0.217130709177321,0,3.093090539868609,,,,,,,,,,,,,,
lyapunov_orbit,69,0.3854748603351955,,1.170010629871578,0.1135319883968707,0,0.1237549306657532,-0.2241211303462245,0,3.093090539868548,,,,,,,,,,,,,,
lyapunov_orbit,70,0.3910614525139665,,1.172468577818489,0.1089367986231116,0,0.1196002064151852,-0.2308779088549063,0,3.093090539868582,,,,,,,,,,,,,,
lyapunov_orbit,71,0.3966480446927375,,1.174840010419902,0.1042076042386839,0,0.115188890489963,-0.2373889346749219,0,3.093090539868597,,,,,,,,,,,,,,
lyapunov_orbit,72,0.4022346368715084,,1.177119817241952,0.09934949020089107,0,0.1105282227481969,-0.243642195185492,0,3.093090539868594,,,,,,,,,,,,,,
lyapunov_orbit,73,0.4078212290502793,,1.179303041240793,0.09436778268898205,0,0.1056261547245102,-0.2496258243695015,0,3.093090539868579,,,,,,,,,,,,,,
lyapunov_orbit,74,0.4134078212290503,,1.1813848932428,0.08926804562361873,0,0.1004913597530678,-0.2553281549384182,0,3.093090539868594,,,,,,,,,,,,,,
lyapunov_orbit,75,0.4189944134078212,,1.183360766592432,0.08405607610134379,0,0.09513323879454917,-0.2607377731323569,0,3.0930905398686,,,,,,,,,,,,,,
lyapunov_orbit,76,0.4245810055865922,,1.18522625186441,0.07873789870304884,0,0.08956192144807262,-0.2658435758223331,0,3.093090539868563,,,,,,,,,,,,,,
lyapunov_orbit,77,0.4301675977653631,,1.186977151547684,0.07331975862525378,0,0.08378826166037952,-0.2706348294768747,0,3.093090539868619,,,,,,,,,,,,,,
lyapunov_orbit,78,0.4357541899441341,,1.188609494581409,0.0678081136116714,0,0.07782382769234841,-0.2751012304414903,0,3.093090539868623,,,,,,,,,,,,,,
lyapunov_orbit,79,0.441340782122905,,1.190119550630631,0.06220962465409286,0,0.07168088596646661,-0.2792329659085797,0,3.093090539868609,,,,,,,,,,,,,,
lyapunov_orbit,80,0.446927374301676,,1.191503843971811,0.05653114546015033,0,0.06537237850005698,-0.2830207748666536,0,3.093090539868576,,,,,,,,,,,,,,
lyapunov_orbit,81,0.4525139664804469,,1.19275916685144,0.05077971070328497,0,0.05891189373473996,-0.2864560082412676,0,3.093090539868626,,,,,,,,,,,,,,
lyapunov_orbit,82,0.4581005586592179,,1.193882592192482,0.04496252306722466,0,0.05231363067437438,-0.2895306874088537,0,3.093090539868756,,,,,,,,,,,,,,
lyapunov_orbit,83,0.4636871508379888,,1.194871485506891,0.03908693913684619,0,0.04559235638232753,-0.2922375602049237,0,3.093090539868617,,,,,,,,,,,,,,
lyapunov_orbit,84,0.4692737430167598,,1.19572351588633,0.03316045418245856,0,0.03876335701129383,-0.2945701535489076,0,3.093090539868594,,,,,,,,,,,,,,
lyapunov_orbit,85,0.4748603351955307,,1.196436665937944,0.0271906859340807,0,0.0318423826982853,-0.296522821808577,0,3.093090539868657,,,,,,,,,,,,,,
lyapunov_orbit,86,0.4804469273743017,,1.197009240551513,0.02118535742100881,0,0.02484558677674494,-0.2980907900678304,0,3.093090539868719,,,,,,,,,,,,,,
lyapunov_orbit,87,0.4860335195530726,,1.197439874385582,0.01515227899852746,0,0.01778945991245836,-0.299270191515503,0,3.093090539868621,,,,,,,,,,,,,,
lyapunov_orbit,88,0.4916201117318436,,1.197727537977864,0.00909932968303627,0,0.01069075988719735,-0.3000580982601715,0,3.09309053986858,,,,,,,,,,,,,,
lyapunov_orbit,89,0.4972067039106145,,1.197871542400771,0.003034437938693381,0,0.003566437873102794,-0.3004525449854869,0,3.093090539868739,,,,,,,,,,,,,,
lyapunov_orbit,90,0.5027932960893855,,1.197871542400802,-0.003034437938737408,0,-0.003566437872242374,-0.300452544985686,0,3.093090539868641,,,,,,,,,,,,,,
lyapunov_orbit,91,0.5083798882681564,,1.197727537977842,-0.009099329682965876,0,-0.01069075988629677,-0.3000580982601185,0,3.093090539868621,,,,,,,,,,,,,,
lyapunov_orbit,92,0.5139664804469274,,1.197439874385704,-0.01515227899854877,0,-0.01778945991158089,-0.299270191515756,0,3.093090539868561,,,,,,,,,,,,,,
lyapunov_orbit,93,0.5195530726256983,,1.197009240551508,-0.021185357421104,0,-0.02484558677588848,-0.2980907900676998,0,3.093090539868833,,,,,,,,,,,,,,
lyapunov_orbit,94,0.5251396648044693,,1.196436665938008,-0.02719068593407015,0,-0.0318423826974096,-0.2965228218087798,0,3.093090539868625,,,,,,,,,,,,,,
lyapunov_orbit,95,0.5307262569832403,,1.195723515886421,-0.03316045418238204,0,-0.03876335701039329,-0.2945701535490756,0,3.093090539868615,,,,,,,,,,,,,,
lyapunov_orbit,96,0.5363128491620112,,1.194871485507052,-0.0390869391370143,0,-0.045592356381493,-0.2922375602053073,0,3.093090539868539,,,,,,,,,,,,,,
lyapunov_orbit,97,0.5418994413407822,,1.193882592192421,-0.04496252306750005,0,-0.05231363067355789,-0.2895306874086932,0,3.093090539868881,,,,,,,,,,,,,,
lyapunov_orbit,98,0.5474860335195531,,1.192759166851599,-0.05077971070320104,0,-0.05891189373382907,-0.2864560082416124,0,3.093090539868622,,,,,,,,,,,,,,
lyapunov_orbit,99,0.553072625698324,,1.191503843972026,-0.05653114545999476,0,-0.0653723784991343,-0.2830207748670187,0,3.093090539868612,,,,,,,,,,,,,,
lyapunov_orbit,100,0.5586592178770949,,1.190119550630732,-0.06220962465446181,0,-0.07168088596568202,-0.2792329659090015,0,3.093090539868497,,,,,,,,,,,,,,
lyapunov_orbit,101,0.5642458100558659,,1.188609494581401,-0.06780811361179528,0,-0.07782382769137797,-0.2751012304413524,0,3.093090539868832,,,,,,,,,,,,,,
lyapunov_orbit,102,0.5698324022346368,,1.186977151547836,-0.07331975862534466,0,-0.08378826165946204,-0.2706348294772348,0,3.093090539868642,,,,,,,,,,,,,,
lyapunov_orbit,103,0.5754189944134078,,1.185226251864872,-0.07873789870275984,0,-0.08956192144712365,-0.2658435758230591,0,3.093090539868616,,,,,,,,,,,,,,
lyapunov_orbit,104,0.5810055865921788,,1.183360766592363,-0.08405607610185833,0,-0.09513323879375761,-0.2607377731326543,0,3.09309053986849,,,,,,,,,,,,,,
lyapunov_orbit,105,0.5865921787709497,,1.181384893243018,-0.0892680456238034,0,-0.1004913597522015,-0.2553281549389106,0,3.093090539868598,,,,,,,,,,,,,,
lyapunov_orbit,106,0.5921787709497207,,1.179303041241735,-0.09436778268813453,0,-0.1056261547231642,-0.2496258243707367,0,3.093090539868852,,,,,,,,,,,,,,
lyapunov_orbit,107,0.5977653631284916,,1.177119817242358,-0.0993494902008943,0,-0.1105282227472916,-0.2436421951863151,0,3.093090539868596,,,,,,,,,,,,,,
lyapunov_orbit,108,0.6033519553072626,,1.174840010420097,-0.1042076042388616,0,-0.1151888904890773,-0.2373889346754859,0,3.093090539868601,,,,,,,,,,,,,,
lyapunov_orbit,109,0.6089385474860335,,1.172468577817533,-0.1089367986241589,0,-0.1196002064143571,-0.2308779088541525,0,3.093090539868464,,,,,,,,,,,,,,
lyapunov_orbit,110,0.6145251396648045,,1.170010629871968,-0.1135319883969925,0,-0.1237549306649643,-0.2241211303470103,0,3.093090539868563,,,,,,,,,,,,,,
lyapunov_orbit,111,0.6201117318435754,,1.16747141616505,-0.1179883322832117,0,-0.1276465211743468,-0.2171307091817794,0,3.093090539868658,,,,,,,,,,,,,,
lyapunov_orbit,112,0.6256983240223464,,1.164856311499273,-0.122301234189434,0,-0.131269116557399,-0.2099188067106174,0,3.093090539868575,,,,,,,,,,,,,,
lyapunov_orbit,113,0.6312849162011173,,1.162170802362604,-0.1264663437902627,0,-0.1346175163009954,-0.2024975927692561,0,3.093090539868623,,,,,,,,,,,,,,
lyapunov_orbit,114,0.6368715083798883,,1.159420473775667,-0.1304795563098187,0,-0.1376871587600685,-0.1948792060215609,0,3.093090539868699,,,,,,,,,,,,,,
lyapunov_orbit,115,0.6424581005586593,,1.156610996643888,-0.1343370115086884,0,-0.1404740974428496,-0.1870757175625707,0,3.093090539868721,,,,,,,,,,,,,,
lyapunov_orbit,116,0.6480446927374302,,1.15374811557948,-0.1380350919803859,0,-0.1429749760267486,-0.1790990975983761,0,3.093090539868163,,,,,,,,,,,,,,
lyapunov_orbit,117,0.6536312849162011,,1.150837637221674,-0.1415704208075499,0,-0.1451870025077228,-0.1709611850618198,0,3.093090539868113,,,,,,,,,,,,,,
lyapunov_orbit,118,0.659217877094972,,1.147885419136419,-0.1449398586189619,0,-0.1471079228827272,-0.1626736600799127,0,3.093090539868495,,,,,,,,,,,,,,
lyapunov_orbit,119,0.664804469273743,,1.144897359208566,-0.1481405001282915,0,-0.1487359946621166,-0.1542480189428696,0,3.09309053986851,,,,,,,,,,,,,,
lyapunov_orbit,120,0.6703910614525139,,1.141879385561548,-0.1511696701918461,0,-0.1500699605156689,-0.1456955513745191,0,3.093090539868562,,,,,,,,,,,,,,
lyapunov_orbit,121,0.6759776536312849,,1.138837447036945,-0.1540249194214951,0,-0.1511090223315087,-0.1370273199029207,0,3.093090539868391,,,,,,,,,,,,,,
lyapunov_orbit,122,0.6815642458100558,,1.13577750416957,-0.1567040194029508,0,-0.1518528158856492,-0.1282541409695055,0,3.093090539868458,,,,,,,,,,,,,,
lyapunov_orbit,123,0.6871508379888268,,1.13270552067856,-0.1592049575484182,0,-0.1523013863384401,-0.1193865675443005,0,3.09309053986849,,,,,,,,,,,,,,
lyapunov_orbit,124,0.6927374301675978,,1.129627455434406,-0.1615259316093666,0,-0.1524551647145211,-0.1104348729148582,0,3.093090539868546,,,,,,,,,,,,,,
lyapunov_orbit,125,0.6983240223463687,,1.126549254895173,-0.1636653438722419,0,-0.1523149455285186,-0.101409035374144,0,3.093090539868533,,,,,,,,,,,,,,
lyapunov_orbit,126,0.7039106145251397,,1.123476845980227,-0.165621795050878,0,-0.151881865687691,-0.09231872349080102,0,3.093090539868349,,,,,,,,,,,,,,
lyapunov_orbit,127,0.7094972067039106,,1.120416129355498,-0.1673940778840544,0,-0.1511573847990273,-0.08317328165749982,0,3.09309053986848,,,,,,,,,,,,,,
lyapunov_orbit,128,0.7150837988826816,,1.11737297310407,-0.1689811704443617,0,-0.1501432670088285,-0.07398171561794503,0,3.093090539868486,,,,,,,,,,,,,,
lyapunov_orbit,129,0.7206703910614525,,1.114353206742927,-0.1703822291476043,0,-0.1488415644922326,-0.0647526776418651,0,3.093090539868495,,,,,,,,,,,,,,
lyapunov_orbit,130,0.7262569832402235,,1.111362615558453,-0.1715965814599056,0,-0.1472546027362465,-0.05549445105171961,0,3.093090539868452,,,,,,,,,,,,,,
lyapunov_orbit,131,0.7318435754189944,,1.108406935218591,-0.1726237182812948,0,-0.1453849677617789,-0.04621493376663346,0,3.09309053986848,,,,,,,,,,,,,,
lyapunov_orbit,132,0.7374301675977654,,1.105491846622331,-0.1734632859855127,0,-0.1432354954612208,-0.03692162053962726,0,3.093090539868501,,,,,,,,,,,,,,
lyapunov_orbit,133,0.7430167597765364,,1.102622970941327,-0.1741150780838436,0,-0.1408092632563575,-0.0276215835437283,0,3.093090539868483,,,,,,,,,,,,,,
lyapunov_orbit,134,0.7486033519553073,,1.099805864804714,-0.1745790264777398,0,-0.1381095843241334,-0.01832145095613918,0,3.093090539868462,,,,,,,,,,,,,,
lyapunov_orbit,135,0.7541899441340782,,1.097046015571973,-0.1748551922556591,0,-0.1351400046887156,-0.009027383170301643,0,3.093090539868478,,,,,,,,,,,,,,
lyapunov_orbit,136,0.7597765363128491,,1.094348836632725,-0.1749437559823313,0,-0.1319043035425739,0.0002549537518457823,0,3.093090539868501,,,,,,,,,,,,,,
lyapunov_orbit,137,0.7653631284916201,,1.091719662663718,-0.1748450074202756,0,-0.1284064972371316,0.00952041779698376,0,3.093090539868458,,,,,,,,,,,,,,
lyapunov_orbit,138,0.770949720670391,,1.089163744763816,-0.1745593346151593,0,-0.1246508474785062,0.01876442431931347,0,3.093090539868478,,,,,,,,,,,,,,
lyapunov_orbit,139,0.776536312849162,,1.086686245375512,-0.1740872122694044,0,-0.1206418743802754,0.02798298341476582,0,3.093090539868483,,,,,,,,,,,,,,
lyapunov_orbit,140,0.7821229050279329,,1.08429223288737,-0.1734291893142959,0,-0.11638437516289,0.03717274183722484,0,3.093090539868473,,,,,,,,,,,,,,
lyapunov_orbit,141,0.7877094972067039,,1.081986675793772,-0.172585875586336,0,-0.1118834494584724,0.04633102995663175,0,3.093090539868477,,,,,,,,,,,,,,
lyapunov_orbit,142,0.7932960893854749,,1.079774436267362,-0.171557927499927,0,-0.1071445323832195,0.0554559142826376,0,3.093090539868482,,,,,,,,,,,,,,
lyapunov_orbit,143,0.7988826815642458,,1.077660262973445,-0.1703460325981822,0,-0.1021734367845714,0.06454625608701342,0,3.093090539868476,,,,,,,,,,,,,,
lyapunov_orbit,144,0.8044692737430168,,1.075648782924376,-0.1689508928537931,0,-0.09697640636703767,0.07360177665124756,0,3.093090539868478,,,,,,,,,,,,,,
lyapunov_orbit,145,0.8100558659217877,,1.07374449213422,-0.1673732065812917,0,-0.09156018175992817,0.08262312963766266,0,3.093090539868477,,,,,,,,,,,,,,
lyapunov_orbit,146,0.8156424581005587,,1.071951744787591,-0.1656136488114163,0,-0.08593208202205248,0.09161198102324777,0,3.093090539868477,,,,,,,,,,,,,,
lyapunov_orbit,147,0.8212290502793296,,1.070274740581709,-0.1636728499723278,0,-0.08010010460214968,0.1005710969158629,0,3.093090539868475,,,,,,,,,,,,,,
lyapunov_orbit,148,0.8268156424581006,,1.068717509832994,-0.1615513727159688,0,-0.07407304740295791,0.1095044393878122,0,3.093090539868478,,,,,,,,,,,,,,
lyapunov_orbit,149,0.8324022346368715,,1.067283895858781,-0.1592496867290754,0,-0.06786065735240449,0.1184172701616505,0,3.093090539868477,,,,,,,,,,,,,,
lyapunov_orbit,150,0.8379888268156425,,1.065977534046939,-0.1567681413755281,0,-0.06147381078935683,0.1273162615321128,0,3.093090539868478,,,,,,,,,,,,,,
lyapunov_orbit,151,0.8435754189944135,,1.064801826908208,-0.1541069360353297,0,-0.05492473204209997,0.1362096132412219,0,3.093090539868477,,,,,,,,,,,,,,
lyapunov_orbit,152,0.8491620111731844,,1.063759914265195,-0.1512660880410032,0,-0.04822725783685734,0.1451071730479557,0,3.093090539868478,,,,,,,,,,,,,,
lyapunov_orbit,153,0.8547486033519553,,1.062854637563113,-0.1482453981708224,0,-0.04139715662878292,0.1540205573365273,0,3.093090539868478,,,,,,,,,,,,,,
lyapunov_orbit,154,0.8603351955307262,,1.062088497087491,-0.1450444137511905,0,-0.03445251359475692,0.1629632661173871,0,3.093090539868478,,,,,,,,,,,,,,
lyapunov_orbit,155,0.8659217877094972,,1.061463600639193,-0.1416623895611717,0,-0.0274141938272259,0.1719507839736618,0,3.093090539868477,,,,,,,,,,,,,,
lyapunov_orbit,156,0.8715083798882681,,1.060981601945001,-0.1380982469401355,0,-0.02030639812876394,0.1810006545929342,0,3.093090539868477,,,,,,,,,,,,,,
lyapunov_orbit,157,0.8770949720670391,,1.060643626773251,-0.1343505318008935,0,-0.01315732754080442,0.1901325111079049,0,3.093090539868478,,,,,,,,,,,,,,
lyapunov_orbit,158,0.88268156424581,,1.060450184384204,-0.1304173726808547,0,-0.005999974006466247,0.1993680370429184,0,3.093090539868478,,,,,,,,,,,,,,
lyapunov_orbit,159,0.888268156424581,,1.06040106158879,-0.1262964405693711,0,0.001126945220088765,0.2087308225959841,0,3.093090539868479,,,,,,,,,,,,,,
lyapunov_orbit,160,0.8938547486033519,,1.060495196347448,-0.1219849130913122,0,0.008177893616357561,0.2182460675314652,0,3.09309053986847,,,,,,,,,,,,,,
lyapunov_orbit,161,0.8994413407821229,,1.060730527568363,-0.1174794467813809,0,0.01509925147005757,0.2279400643134881,0,3.093090539868476,,,,,,,,,,,,,,
lyapunov_orbit,162,0.9050279329608939,,1.061103817655934,-0.1127761627433562,0,0.02182788294004049,0.2378393725656809,0,3.093090539868464,,,,,,,,,,,,,,
lyapunov_orbit,163,0.9106145251396648,,1.061610444571254,-0.107870653055334,0,0.02828955599019685,0.2479695682140807,0,3.093090539868477,,,,,,,,,,,,,,
lyapunov_orbit,164,0.9162011173184358,,1.062244160938602,-0.1027580179569532,0,0.03439727279202473,0.2583534185399502,0,3.093090539868463,,,,,,,,,,,,,,
lyapunov_orbit,165,0.9217877094972067,,1.062996819432803,-0.09743294720013622,0,0.04004962571877481,0.2690083008181936,0,3.093090539868504,,,,,,,,,,,,,,
lyapunov_orbit,166,0.9273743016759777,,1.063858066837172,-0.09188986292584042,0,0.04512938218562987,0.2799426543452904,0,3.093090539868474,,,,,,,,,,,,,,
lyapunov_orbit,167,0.9329608938547486,,1.064815014487733,-0.0861231458113276,0,0.04950262973465639,0.2911512474644266,0,3.093090539868472,,,,,,,,,,,,,,
lyapunov_orbit,168,0.9385474860335196,,1.065851901194827,-0.0801274703743959,0,0.05301898745206653,0.3026090774691897,0,3.093090539868448,,,,,,,,,,,,,,
lyapunov_orbit,169,0.9441340782122905,,1.066949777094694,-0.07389827797615782,0,0.05551360742168004,0.3142638411150921,0,3.093090539868486,,,,,,,,,,,,,,
lyapunov_orbit,170,0.9497206703910615,,1.068086253869737,-0.06743241499755009,0,0.05681192302253406,0.3260271715274255,0,3.093090539868505,,,,,,,,,,,,,,
lyapunov_orbit,171,0.9553072625698324,,1.069235388075713,-0.06072895547066807,0,0.05673827772070104,0.3377652954115958,0,3.093090539868513,,,,,,,,,,,,,,
lyapunov_orbit,172,0.9608938547486033,,1.070367787507471,-0.05379020758160079,0,0.05512954903548353,0.3492904645049117,0,3.093090539868485,,,,,,,,,,,,,,
lyapunov_orbit,173,0.9664804469273743,,1.071451049598584,-0.04662286721690742,0,0.05185445044487075,0.3603554202291284,0,3.093090539868474,,,,,,,,,,,,,,
lyapunov_orbit,174,0.9720670391061452,,1.07245064484867,-0.03923922667139804,0,0.04683809380988142,0.3706540542527383,0,3.093090539868318,,,,,,,,,,,,,,
lyapunov_orbit,175,0.9776536312849162,,1.073331331788873,-0.03165827699259236,0,0.04008947122703451,0.3798318684649419,0,3.093090539868249,,,,,,,,,,,,,,
lyapunov_orbit,176,0.9832402234636871,,1.074059117589677,-0.02390647431575944,0,0.03172697133113905,0.3875091209379039,0,3.093090539868232,,,,,,,,,,,,,,
lyapunov_orbit,177,0.9888268156424581,,1.074603654823711,-0.01601790434229961,0,0.0219947223004031,0.3933170249850821,0,3.09309053986856,,,,,,,,,,,,,,
lyapunov_orbit,178,0.994413407821229,,1.074940808792904,-0.008033612892034973,0,0.01126193588482068,0.3969430519157779,0,3.09309053986857,,,,,,,,,,,,,,
lyapunov_orbit,179,1,,1.0750549915993,-8.157599595826071e-12,0,2.690838003804874e-11,0.3981765533758599,0,3.093090539868566,,,,,,,,,,,,,,
transfer,0,,0,1.111791225082911,0.122873413963621,0.05094141421707923,0.1413636253571369,-0.05801717807489917,0.09597428250893558,3.097928122803908,,,,,,,,,,,,,,
transfer,1,,0.5840624999999999,1.130378809814201,0.1108290000760547,0.0625666250656272,0.1332283432223269,-0.1194672727036693,0.07660546544733934,3.097928122803908,,,,,,,,,,,,,,
transfer,2,,1.168125,1.147173529463462,0.09118628490536812,0.07148902085301605,0.1148625192717248,-0.1707869059210169,0.05586193259697957,3.097928122803908,,,,,,,,,,,,,,
transfer,3,,1.7521875,1.16088112857392,0.06540286960890185,0.07755250069930363,0.08762402267646266,-0.2104936182376739,0.03416929503527392,3.097928122803908,,,,,,,,,,,,,,
transfer,4,,2.33625,1.17044536034529,0.03515075844693821,0.08065936641054268,0.0536833057876866,-0.236979177512623,0.01198454800899793,3.097928122803907,,,,,,,,,,,,,,
transfer,5,,2.9203125,1.17515113062561,0.002297239557338916,0.08077855094704756,0.01591389903002331,-0.2490235305125717,-0.01015651822096531,3.097928122803908,,,,,,,,,,,,,,
transfer,6,,3.504375,1.174704109919245,-0.03117460136571352,0.07795577572178942,-0.02235585634183218,-0.2461748919006821,-0.03165476651808749,3.097928122803908,,,,,,,,,,,,,,
transfer,7,,4.0884375,1.169267492678512,-0.06328458295317449,0.07231863476828024,-0.05772120313689442,-0.2289407586642156,-0.05190271516294425,3.097928122803908,,,,,,,,,,,,,,
transfer,8,,4.672499999999999,1.159444495845639,-0.09218407075750373,0.06407363046344118,-0.08710745231582001,-0.1987428290291668,-0.07034226536522147,3.097928122803908,,,,,,,,,,,,,,
transfer,9,,5.256562499999999,1.146211580914876,-0.1162642349212211,0.0534974579940917,-0.1080779544889946,-0.157672720772136,-0.0864873541341892,3.0979281228039,,,,,,,,,,,,,,
transfer,10,,5.840624999999999,1.130821142875752,-0.1342238335959177,0.04092878783362144,-0.1189766908194991,-0.108153995688919,-0.09989277771051945,3.097928122803901,,,,,,,,,,,,,,
transfer,11,,6.4246875,1.114695279701794,-0.1450910981616076,0.02676788455932447,-0.1189286028645373,-0.05261006091866983,-0.110069554677528,3.0979281228039,,,,,,,,,,,,,,
transfer,12,,7.008749999999999,1.099324510730592,-0.1482039115475277,0.01149123509809777,-0.1077832000560225,0.006823072736180349,-0.1163440626973409,3.0979281228039,,,,,,,,,,,,,,
transfer,13,,7.5928125,1.086171190431727,-0.1431535366208848,-0.004309293898276908,-0.08612600518420764,0.0685568032043566,-0.1176230432370492,3.0979281228039,,,,,,,,,,,,,,
transfer,14,,8.176874999999999,1.076556069119633,-0.1296942930980431,-0.01984365436979285,-0.0555653729016192,0.131788607286777,-0.1119525406987176,3.0979281228039,,,,,,,,,,,,,,
transfer,15,,8.760937500000001,1.071465172175765,-0.10763311295114,-0.03395618120339511,-0.01973369749808008,0.1964692929497366,-0.09566148411393986,3.0979281228039,,,,,,,,,,,,,,
transfer,16,,9.344999999999999,1.071132696359568,-0.07680885732637986,-0.04481096109798898,0.0132747299319681,0.2615586910876548,-0.0621274263948039,3.0979281228039,,,,,,,,,,,,,,
transfer,17,,9.929062499999999,1.074236833779769,-0.03765660956064966,-0.04951651466018856,0.0284368984556913,0.3171002989188427,-0.003243930821174938,3.097928122803874,,,,,,,,,,,,,,
transfer,18,,10.513125,1.077460455770852,0.006719202567890718,-0.0447601952920082,0.01558442510191885,0.333029973578831,0.0748262820648479,3.097928122803882,,,,,,,,,,,,,,
transfer,19,,11.0971875,1.078213343790877,0.04920995310678315,-0.03014631802237953,-0.001941987903836581,0.2905798578442879,0.1366589829832973,3.097928122803876,,,,,,,,,,,,,,
transfer,20,,11.68125,1.077989044233707,0.0837071778936319,-0.009710283275401934,0.002529494802252923,0.2211689273378717,0.1615551546421479,3.097928122803876,,,,,,,,,,,,,,
transfer,21,,12.2653125,1.079657479267564,0.1088377562938628,0.01218649498194725,0.02394024733698939,0.1536922609081084,0.1611230480312021,3.097928122803876,,,,,,,,,,,,,,
transfer,22,,12.849375,1.084625785358129,0.1253856666530376,0.03310463752300991,0.04994087924097553,0.09341301485700586,0.1485773053617114,3.097928122803876,,,,,,,,,,,,,,
transfer,23,,13.4334375,1.092972854221933,0.1341965890252543,0.05190921811373807,0.07338333385032629,0.03824814314235499,0.1303634851347471,3.097928122803876,,,,,,,,,,,,,,
transfer,24,,14.0175,1.104100522647278,0.1358201516619187,0.06804497236315388,0.09091298087068564,-0.0136438727757281,0.1091769007940266,3.097928122803876,,,,,,,,,,,,,,
transfer,25,,14.6015625,1.117093151384301,0.1306482690985331,0.08120137320212575,0.1009313514150362,-0.0627737652013883,0.08619687115358635,3.09792812280401,,,,,,,,,,,,,,
transfer,26,,15.185625,1.130882607385056,0.1190793657858822,0.09118089250936459,0.1026838351228364,-0.1085976800818672,0.06201566992132884,3.09792812280401,,,,,,,,,,,,,,
transfer,27,,15.7696875,1.144337328776601,0.1016360557496976,0.09784829419843356,0.09596047338067069,-0.149862899662551,0.03700526798401785,3.09792812280401,,,,,,,,,,,,,,
transfer,28,,16.35375,1.15633104446444,0.07904224316102385,0.1011133632911418,0.08105430151956992,-0.1848671757435288,0.0114827206925527,3.09792812280401,,,,,,,,,,,,,,
transfer,29,,16.9378125,1.165813701529396,0.05226878304401062,0.1009303840923411,0.05881845077576929,-0.2116773551507484,-0.01419453179955126,3.09792812280401,,,,,,,,,,,,,,
transfer,30,,17.521875,1.171891926129647,0.02254918937923268,0.0973081792731345,0.03073935270968855,-0.2283637599416355,-0.03956456422092906,3.097928122804009,,,,,,,,,,,,,,
transfer,31,,18.1059375,1.173916678950278,-0.008639007992112382,0.09032686983472168,-0.001040431532557101,-0.2332775036942306,-0.06402645853518897,3.09792812280401,,,,,,,,,,,,,,
transfer,32,,18.69,1.171567075982991,-0.03963221250588306,0.08015673917756015,-0.03381087813868242,-0.2253493730744623,-0.08684491055071981,3.09792812280401,,,,,,,,,,,,,,
transfer,33,,19.2740625,1.164912734341905,-0.06867650158870696,0.06707373448961136,-0.06452582505300804,-0.2043375986621713,-0.107193862178532,3.097928122803998,,,,,,,,,,,,,,
transfer,34,,19.858125,1.154436779516764,-0.09404809023947298,0.05146764496009004,-0.09014527931773615,-0.1709344001447788,-0.1242158620671045,3.097928122803999,,,,,,,,,,,,,,
transfer,35,,20.4421875,1.141010320321157,-0.1141755903382336,0.03384352361924402,-0.107996608661202,-0.1266848840303111,-0.1370558226117109,3.097928122803998,,,,,,,,,,,,,,
transfer,36,,21.02625,1.125822791709911,-0.1277402302493874,0.014822516370517,-0.1160565743407523,-0.07375247388170497,-0.1448310950833041,3.097928122803999,,,,,,,,,,,,,,
transfer,37,,21.6103125,1.110282273575304,-0.133739191038713,-0.004847759624404765,-0.1131168395703165,-0.01462213610128018,-0.1465172819027941,3.097928122803998,,,,,,,,,,,,,,
transfer,38,,22.194375,1.095898888367587,-0.1315103731228373,-0.02426114074428473,-0.0988867015488442,0.04816114952268781,-0.1407372457205711,3.097928122803998,,,,,,,,,,,,,,
transfer,39,,22.7784375,1.084150952746436,-0.1207296495810191,-0.04228475160142636,-0.07417913504211975,0.1121199409455799,-0.1254310913609071,3.097928122803999,,,,,,,,,,,,,,
transfer,40,,23.3625,1.076307101403988,-0.1014103168721515,-0.0574381004847932,-0.04143063414927399,0.1746274205334226,-0.0974143265304902,3.097928122803998,,,,,,,,,,,,,,
transfer,41,,23.9465625,1.073138229421793,-0.07398547040328347,-0.06772047688716734,-0.005856942126819057,0.2317367073639558,-0.05218370465463495,3.097928122803919,,,,,,,,,,,,,,
transfer,42,,24.530625,1.074444096663236,-0.03967429390867945,-0.07052066079593076,0.02320770963887785,0.2749785855342526,0.01410144356237903,3.097928122803919,,,,,,,,,,,,,,
transfer,43,,25.1146875,1.078593368647677,-0.001355140991093391,-0.06319285143191078,0.03508188238526719,0.2881667995139699,0.09596891495899706,3.097928122803919,,,,,,,,,,,,,,
transfer,44,,25.69875,1.083110831463508,0.0358707187035851,-0.04510330111657458,0.03043629795467959,0.2582827110242824,0.1687851196759594,3.097928122803921,,,,,,,,,,,,,,
transfer,45,,26.2828125,1.086757013743392,0.06675054378570033,-0.01936862638324661,0.02491740867362684,0.198095289474413,0.2074144945088718,3.097928122803919,,,,,,,,,,,,,,
transfer,46,,26.866875,1.0902332412786,0.088969704667288,0.009180688439804185,0.02827997091639798,0.1329600394950678,0.2126144199951261,3.097928122803919,,,,,,,,,,,,,,
transfer,47,,27.4509375,1.094666134726779,0.1028627364325282,0.03695509253554743,0.03830615589717283,0.07507843626510273,0.1980919493293989,3.097928122803919,,,,,,,,,,,,,,
transfer,48,,28.035,1.1006156689569,0.1095396318504674,0.06205258343653165,0.0501131988130379,0.02541404222832943,0.1740104622061766,3.097928122803919,,,,,,,,,,,,,,
transfer,49,,28.6190625,1.108074326417895,0.1099799137146254,0.0835703860634535,0.06032602796085731,-0.01798330934196611,0.1454121021159152,3.097928122804235,,,,,,,,,,,,,,
transfer,50,,29.20312499999999,1.11668766401278,0.1049096348547727,0.101073442744263,0.06705472598198287,-0.05670919128002012,0.1145630409177858,3.097928122804234,,,,,,,,,,,,,,
transfer,51,,29.78718749999999,1.125911514325661,0.09490041108808499,0.1143380445674835,0.06928329190482663,-0.09146391697714387,0.08251334042396938,3.097928122804235,,,,,,,,,,,,,,
transfer,52,,30.37125,1.135101706256705,0.08048289822005733,0.1232429801023168,0.06650090956935141,-0.1221920927662293,0.04981187674200662,3.097928122804235,,,,,,,,,,,,,,
transfer,53,,30.9553125,1.143569973143983,0.06223424150484869,0.1277258058152593,0.05854960056370651,-0.1482892657379446,0.0168173196002333,3.097928122804234,,,,,,,,,,,,,,
transfer,54,,31.53937499999999,1.150628157948694,0.04084035555251769,0.1277683924119256,0.04558918021337818,-0.1687666038329359,-0.01615175822301297,3.097928122804234,,,,,,,,,,,,,,
transfer,55,,32.12343749999999,1.155632020260739,0.01713852270571304,0.1233981026100057,0.02811921415078339,-0.182383213877402,-0.04872421561679876,3.097928122804234,,,,,,,,,,,,,,
transfer,56,,32.7075,1.15802987247127,-0.007857227594199493,0.1147000085907339,0.007024425881943607,-0.1877746230995712,-0.08040121230742393,3.097928122804234,,,,,,,,,,,,,,
transfer,57,,33.2915625,1.157417491295041,-0.03294923717848131,0.1018387804206577,-0.0163815909679411,-0.1836028902563144,-0.1104870777358422,3.097928122804312,,,,,,,,,,,,,,
transfer,58,,33.87562499999999,1.153597286541318,-0.05677189774730278,0.0850893803634374,-0.04034179194217399,-0.1687431188931367,-0.138028627447899,3.097928122804312,,,,,,,,,,,,,,
transfer,59,,34.45968749999999,1.146635711002397,-0.07783482085735675,0.06487491097546623,-0.06270172569659381,-0.1425034160710655,-0.1617707773212489,3.097928122804311,,,,,,,,,,,,,,
transfer,60,,35.04375,1.136908772305599,-0.09459661087781111,0.04180905308880791,-0.08104404249927641,-0.1048545096279037,-0.1801325546999363,3.097928122804312,,,,,,,,,,,,,,
transfer,61,,35.62781249999999,1.125122730305683,-0.1055682306447468,0.01674070644436485,-0.09292296565921999,-0.05663481876658655,-0.191195997285751,3.097928122804312,,,,,,,,,,,,,,
transfer,62,,36.21187499999999,1.112296991952669,-0.1094411562719727,-0.009199829152406119,-0.09618892702599012,0.0002853241653562317,-0.1926919274490816,3.097928122804311,,,,,,,,,,,,,,
transfer,63,,36.79593749999999,1.099698242160552,-0.1052365317018567,-0.03455242808810552,-0.08938727095992352,0.0628437995143226,-0.1819857246883479,3.097928122804311,,,,,,,,,,,,,,
transfer,64,,37.38,1.088715882629583,-0.09248101331868443,-0.05748101261068965,-0.07223540131295753,0.1265284503500388,-0.156154054090503,3.097928122804312,,,,,,,,,,,,,,
transfer,65,,37.9640625,1.080666959728775,-0.07143042652083899,-0.0757593856355283,-0.04619247771348889,0.1849171564224621,-0.1124623831710329,3.097928122804182,,,,,,,,,,,,,,
transfer,66,,38.548125,1.076523578684565,-0.04336161202720034,-0.08688365503461278,-0.01499111574304628,0.2292147897839313,-0.04990695730376657,3.097928122804182,,,,,,,,,,,,,,
transfer,67,,39.1321875,1.076603175653998,-0.01086662775672228,-0.08850292721003257,0.01551023322967644,0.2490143609934338,0.02758549888617462,3.097928122804182,,,,,,,,,,,,,,
transfer,68,,39.71625,1.080389190711868,0.02217127469303632,-0.07931946142346004,0.0392782171702734,0.2366182646035467,0.108050251547597,3.097928122804182,,,,,,,,,,,,,,
transfer,69,,40.3003125,1.086732203228456,0.05141856948197875,-0.06007669823742917,0.05344062817751186,0.1940341087668933,0.1743810220836321,3.097928122804182,,,,,,,,,,,,,,
transfer,70,,40.884375,1.094395213618893,0.07358727141495151,-0.03359375369656187,0.0593789807025309,0.1340039281233385,0.2146525725155539,3.097928122804182,,,,,,,,,,,,,,
transfer,71,,41.46843749999999,1.10247559462108,0.08736067463675742,-0.003534087387473831,0.06011976311832667,0.07131917377002903,0.2282844537704962,3.097928122804182,,,,,,,,,,,,,,
transfer,72,,42.05249999999999,1.11043602725233,0.09307414465384259,0.02691839400218345,0.05784987050189223,0.01511280215425613,0.221779928788405,3.097928122804182,,,,,,,,,,,,,,
transfer,73,,42.6365625,1.117951320409849,0.09186147775110612,0.05555485891620999,0.05360818301976258,-0.03149327248203584,0.2023457403281131,3.097928122804157,,,,,,,,,,,,,,
transfer,74,,43.220625,1.124790016887902,0.08502992055049528,0.08101344632609499,0.04784032709135465,-0.06857495602024408,0.1752184873500248,3.097928122804157,,,,,,,,,,,,,,
transfer,75,,43.8046875,1.130764465925815,0.07378973228879374,0.1024958374590856,0.04079325860145749,-0.09725000209218415,0.1436329117147449,3.097928122804156,,,,,,,,,,,,,,
transfer,76,,44.38874999999999,1.135716128370208,0.05919037682810656,0.119540703011874,0.03266498109079916,-0.1186997194735849,0.109475114547881,3.097928122804158,,,,,,,,,,,,,,
transfer,77,,44.9728125,1.139512244457334,0.04213795048693728,0.1318824306632252,0.02364326542474771,-0.1338514157013119,0.07384469285475169,3.097928122804158,,,,,,,,,,,,,,
transfer,78,,45.556875,1.142045112087987,0.02343480609976776,0.1393714402980228,0.01391360590125861,-0.1433200994899211,0.03741233308998412,3.097928122804157,,,,,,,,,,,,,,
transfer,79,,46.1409375,1.143232089847439,0.003820707081754182,0.1419318943504696,0.003664167268500861,-0.1474260851236931,0.0006303659192492209,3.097928122804156,,,,,,,,,,,,,,
transfer,80,,46.72499999999999,1.143016463600089,-0.01598938231267917,0.1395416228436779,-0.006906068700753137,-0.1462215121322439,-0.03613814808165516,3.097928122804157,,,,,,,,,,,,,,
transfer,81,,47.3090625,1.141369631079975,-0.03527041032093987,0.1322266390619797,-0.01757603501852472,-0.1395055393821475,-0.07252517409395334,3.097928122804289,,,,,,,,,,,,,,
transfer,82,,47.893125,1.13829494483634,-0.05325341072555172,0.1200679259173139,-0.0280893762605103,-0.1268252141361474,-0.1080643277665849,3.097928122804289,,,,,,,,,,,,,,
transfer,83,,48.4771875,1.133833416637494,-0.06909113566709478,0.1032224901309306,-0.03813999688954289,-0.1074685835613881,-0.142066429057878,3.097928122804289,,,,,,,,,,,,,,
transfer,84,,49.06124999999999,1.128071489350775,-0.0818233488562433,0.08196537548712111,-0.04735536269226454,-0.08047249385358243,-0.173424858238036,3.09792812280429,,,,,,,,,,,,,,
transfer,85,,49.6453125,1.121151470284093,-0.09034725678919453,0.05676530761641067,-0.05527206325471934,-0.04470697311188132,-0.200301693033256,3.09792812280429,,,,,,,,,,,,,,
transfer,86,,50.229375,1.113286607116306,-0.09341220051992725,0.02841277914723205,-0.06128698664557834,0.000811825625075696,-0.2196617572373605,3.097928122804289,,,,,,,,,,,,,,
transfer,87,,50.8134375,1.10478631404167,-0.08968806956801784,-0.001783269651267422,-0.06454733907621364,0.05607315371436285,-0.2267621147824085,3.097928122804289,,,,,,,,,,,,,,
transfer,88,,51.3975,1.096102737768641,-0.07800620007779219,-0.03175548249243792,-0.06374159889342278,0.118309918622986,-0.2151824295386496,3.097928122804289,,,,,,,,,,,,,,
transfer,89,,51.9815625,1.087907552872196,-0.0578903533728993,-0.05855439986666233,-0.05690940452655511,0.1796444001723594,-0.1788151287055602,3.097928122804134,,,,,,,,,,,,,,
transfer,90,,52.565625,1.081162602034334,-0.03031272493325655,-0.07869825585215068,-0.04187012744335118,0.2267746690593574,-0.1168585518791124,3.097928122804134,,,,,,,,,,,,,,
transfer,91,,53.1496875,1.077046466495774,0.001873540615675487,-0.08923815278997559,-0.01796415966783914,0.2464500943381854,-0.03832836502373887,3.097928122804134,,,,,,,,,,,,,,
transfer,92,,53.73374999999999,1.076609537375805,0.03452428810470964,-0.0889767259246204,0.01208004461375805,0.2338237649835496,0.0410397401951806,3.097928122804134,,,,,,,,,,,,,,
transfer,93,,54.3178125,1.080325060098108,0.06356574267476324,-0.07877307695758552,0.04276656596767814,0.1942932022692319,0.1078396283309273,3.097928122804134,,,,,,,,,,,,,,
transfer,94,,54.901875,1.087890393856965,0.0860468080259945,-0.06081081739269641,0.0685142151836161,0.1380476056455099,0.1559685163972294,3.097928122804134,,,,,,,,,,,,,,
transfer,95,,55.4859375,1.098366700236848,0.1003947292677775,-0.0376651285329462,0.0856264470068432,0.07480591054200154,0.1851762382142058,3.097928122804134,,,,,,,,,,,,,,
transfer,96,,56.07,1.11047150409407,0.1061918914298612,-0.01173231323569636,0.0926526786624662,0.01193511531493368,0.1979132649564013,3.097928122804134,,,,,,,,,,,,,,
transfer,97,,56.65406249999999,1.122853741795161,0.1038523003351558,0.01498166628363991,0.08992131735697903,-0.04549430111500005,0.1973138953263952,3.097928122804141,,,,,,,,,,,,,,
transfer,98,,57.238125,1.134291595724311,0.0943444472223165,0.04088738342044948,0.07892826470531096,-0.09423142812767775,0.186363166143405,3.09792812280414,,,,,,,,,,,,,,
transfer,99,,57.82218749999999,1.143812682171461,0.07897471479832091,0.06477135585440633,0.06180735235183378,-0.1324473922505369,0.1676484829256312,3.09792812280414,,,,,,,,,,,,,,
transfer,100,,58.40624999999999,1.150750504944424,0.05921687952307227,0.08573843013838224,0.04091224437165809,-0.1594370114000957,0.1433148222718301,3.09792812280414,,,,,,,,,,,,,,
transfer,101,,58.99031249999999,1.154752064493146,0.03657881262065658,0.1031527762903723,0.01850825251285133,-0.1753553116748817,0.1150770394168103,3.09792812280414,,,,,,,,,,,,,,
transfer,102,,59.57437499999999,1.155751391279446,0.01250412139547471,0.1165821166198455,-0.00342665127160955,-0.1809606360692206,0.08425397173660368,3.09792812280414,,,,,,,,,,,,,,
transfer,103,,60.15843749999999,1.153923191122683,-0.01169247820666239,0.1257477773910794,-0.02330137252361815,-0.1773731094442285,0.05182075666508705,3.097928122804141,,,,,,,,,,,,,,
transfer,104,,60.74249999999999,1.149628550215506,-0.03485939640359186,0.1304828497537593,-0.03993491597149127,-0.1658668740191188,0.01847609781272105,3.09792812280414,,,,,,,,,,,,,,
transfer,105,,61.32656249999999,1.143360991521017,-0.05601728032102402,0.1306999958931655,-0.05253289185232038,-0.1477043970361932,-0.01528294126704001,3.097928122804227,,,,,,,,,,,,,,
transfer,106,,61.910625,1.135697269031083,-0.07434836583463168,0.1263694369872396,-0.06064465803055667,-0.1240061654238016,-0.04908498644263539,3.097928122804228,,,,,,,,,,,,,,
transfer,107,,62.4946875,1.127253977695665,-0.08916972205428311,0.1175072160792896,-0.06412300384192006,-0.09563787265860234,-0.08260652437914093,3.097928122804228,,,,,,,,,,,,,,
transfer,108,,63.07874999999999,1.118648306467898,-0.09989117215625191,0.1041747465944295,-0.06310648338654806,-0.06309114290691777,-0.1154779310648752,3.097928122804228,,,,,,,,,,,,,,
transfer,109,,63.66281249999999,1.110458179638206,-0.1059553441610421,0.08649414097798724,-0.05805212119154408,-0.02633365572433899,-0.1471325650373932,3.097928122804227,,,,,,,,,,,,,,
transfer,110,,64.24687499999999,1.103172031678397,-0.1067549925493279,0.06469271223464439,-0.04986747160193512,0.01537510513040895,-0.1764995809178631,3.097928122804228,,,,,,,,,,,,,,
transfer,111,,64.83093749999999,1.09711002206164,-0.1015278901595378,0.03921082916201641,-0.04021565301108957,0.06359439548466389,-0.201317263588829,3.097928122804228,,,,,,,,,,,,,,
transfer,112,,65.41499999999999,1.092291421601649,-0.08926802831144535,0.01094879891286002,-0.03198314812032842,0.1201839105567984,-0.2166852389027433,3.097928122804227,,,,,,,,,,,,,,
transfer,113,,65.99906249999999,1.088260070937579,-0.06883858345793289,-0.01823552663869366,-0.02917801004299339,0.184391000365921,-0.2129579591297834,3.097928122804281,,,,,,,,,,,,,,
transfer,114,,66.583125,1.084108674382187,-0.03977428960926558,-0.04488586204333556,-0.03342295299490536,0.2455199884419231,-0.1770508069482949,3.097928122804281,,,,,,,,,,,,,,
transfer,115,,67.1671875,1.079311221321601,-0.003984932011637795,-0.0642787664893643,-0.0364190491303245,0.2802128970218622,-0.1067533188684926,3.097928122804282,,,,,,,,,,,,,,
transfer,116,,67.75124999999998,1.075008832940745,0.03371609957582097,-0.07305069732384871,-0.02440247463846064,0.2736655317112528,-0.02414708483780099,3.097928122804281,,,,,,,,,,,,,,
transfer,117,,68.33531249999999,1.073499136266455,0.06820057637962174,-0.07137992954984571,0.00400634261818944,0.2351684840816292,0.04569694443044089,3.097928122804282,,,,,,,,,,,,,,
transfer,118,,68.91937499999999,1.076386268112924,0.09626184388594748,-0.06169331388490067,0.03916186910827289,0.1803154019776477,0.0949860218038468,3.097928122804282,,,,,,,,,,,,,,
transfer,119,,69.5034375,1.083918254144586,0.1164066945427704,-0.04662918542866912,0.07185833832595807,0.1185299194614045,0.1263857273520888,3.097928122804281,,,,,,,,,,,,,,
transfer,120,,70.08749999999999,1.095362110043707,0.1280543271971299,-0.02829978173573521,0.09670419922728782,0.05456598297900207,0.1441856218755637,3.097928122804281,,,,,,,,,,,,,,
transfer,121,,70.67156250000001,1.109464950753109,0.1311273204072503,-0.008300010649473995,0.1111323657891662,-0.008497259289744957,0.1516679092292802,3.09792812280434,,,,,,,,,,,,,,
transfer,122,,71.25562500000001,1.124752976326022,0.1259301285854486,0.01214065879848422,0.1142910804639351,-0.0679523298378214,0.1510391028547152,3.09792812280434,,,,,,,,,,,,,,
transfer,123,,71.8396875,1.139720032402022,0.113126843998248,0.03203846374683222,0.1064957191310824,-0.1211516441771407,0.1438088025700089,3.09792812280434,,,,,,,,,,,,,,
transfer,124,,72.42375,1.152967592173184,0.09373008980819884,0.05058462130214539,0.08900716610051908,-0.1655921474893039,0.1311137083586369,3.09792812280434,,,,,,,,,,,,,,
transfer,125,,73.0078125,1.163322814777615,0.06906645153943204,0.06711074942541748,0.06389548134663792,-0.1991548319814646,0.1139316494445405,3.09792812280434,,,,,,,,,,,,,,
transfer,126,,73.591875,1.169935471132424,0.04070616772195047,0.0810762443766873,0.03384636745251628,-0.2203790801508587,0.09319600290692144,3.09792812280434,,,,,,,,,,,,,,
transfer,127,,74.1759375,1.172341878369581,0.01035945559274002,0.09206503379873519,0.001864481229873656,-0.2286674021183312,0.06982333290425902,3.09792812280434,,,,,,,,,,,,,,
transfer,128,,74.75999999999999,1.170484008002074,-0.02024498619569189,0.09978147653668282,-0.0290830771862785,-0.2243355198687432,0.04467868887413912,3.09792812280434,,,,,,,,,,,,,,
transfer,129,,75.34406249999999,1.16468185619895,-0.04947609815949184,0.1040396224475094,-0.05638855530786278,-0.2084853952029494,0.01851902192269487,3.097928122804354,,,,,,,,,,,,,,
transfer,130,,75.92812499999999,1.155569656524198,-0.07589022987072577,0.1047457261694548,-0.07801030121027397,-0.182753857111071,-0.008045070824485599,3.097928122804354,,,,,,,,,,,,,,
transfer,131,,76.5121875,1.144013540197558,-0.09828360280464124,0.1018781340836957,-0.09254386946676937,-0.1490232667730243,-0.03454884825711153,3.097928122804354,,,,,,,,,,,,,,
transfer,132,,77.09625,1.131026995551739,-0.115707158473246,0.09546982660362169,-0.09919244434077491,-0.1091584038243404,-0.06063598354708021,3.097928122804354,,,,,,,,,,,,,,
transfer,133,,77.6803125,1.117693825084121,-0.1274488967993767,0.08559791544407946,-0.09769515033970143,-0.06478459966708375,-0.08599382765620248,3.097928122804354,,,,,,,,,,,,,,
transfer,134,,78.264375,1.105100143485097,-0.1329877201269925,0.07238367436715747,-0.08827492878771147,-0.01707840326817052,-0.1102590143984464,3.097928122804353,,,,,,,,,,,,,,
transfer,135,,78.84843749999999,1.094267972262573,-0.13191699041385,0.05600913131171371,-0.07168326535485646,0.03348324012204703,-0.1328539069221381,3.097928122804354,,,,,,,,,,,,,,
transfer,136,,79.43249999999999,1.08606870313008,-0.1238288661846617,0.03676677846279613,-0.0494905219100533,0.08745614193020307,-0.1526229518467286,3.097928122804354,,,,,,,,,,,,,,
transfer,137,,80.01656249999999,1.081064135135328,-0.1081542023714911,0.01518965370586613,-0.02494674109256971,0.146687738544045,-0.1669115298658901,3.097928122804329,,,,,,,,,,,,,,
transfer,138,,80.60062499999999,1.079167049024163,-0.08402866146833163,-0.007617296032880795,-0.004841294088747082,0.2132631923339907,-0.1693536659677483,3.09792812280433,,,,,,,,,,,,,,
transfer,139,,81.1846875,1.079045339090905,-0.05062977211351075,-0.02925766031836876,-0.0006127711480613874,0.2823547597553322,-0.1468173792898927,3.097928122804329,,,,,,,,,,,,,,
transfer,140,,81.76875,1.078032168162136,-0.009147326642508795,-0.04538802492599011,-0.01670069890311197,0.3268237932393218,-0.08698271354371261,3.097928122804341,,,,,,,,,,,,,,
transfer,141,,82.35281249999998,1.074759243936393,0.03468879817029027,-0.05177361283215073,-0.02826335902875596,0.3154167436865057,-0.008246599787887162,3.097928122804329,,,,,,,,,,,,,,
transfer,142,,82.93687499999999,1.07170079862936,0.07387530980604815,-0.04841197495899205,-0.01286025665725101,0.2633823362426445,0.05385676086338517,3.09792812280433,,,,,,,,,,,,,,
transfer,143,,83.52093749999999,1.072096272689603,0.1050625008986497,-0.03842663210526701,0.0202884907491303,0.1997691416750265,0.0909381890094671,3.097928122804329,,,,,,,,,,,,,,
transfer,144,,84.10499999999998,1.077283542814345,0.1275964825306323,-0.02474310492637062,0.05647535794545529,0.1353890963516102,0.1101847581454764,3.097928122804329,,,,,,,,,,,,,,
transfer,145,,84.68906249999999,1.087053032296948,0.1415278590072084,-0.009283408046139292,0.08752445008905929,0.07191801074109745,0.1181880661033039,3.097928122804219,,,,,,,,,,,,,,
transfer,146,,85.27312499999999,1.100430210775644,0.146999747673466,0.006722153266181022,0.1097169531430237,0.00970340341513971,0.1187582906024833,3.097928122804219,,,,,,,,,,,,,,
transfer,147,,85.85718749999999,1.116098205202102,0.1442358317518597,0.02242717518244395,0.1214183437548758,-0.05031280789166609,0.113972980798999,3.097928122804219,,,,,,,,,,,,,,
transfer,148,,86.44125,1.132598755407313,0.1336361122291717,0.03719788275889188,0.1220707210388977,-0.1064768428876896,0.1050181013266644,3.097928122804219,,,,,,,,,,,,,,
transfer,149,,87.0253125,1.148452233659852,0.115859150547406,0.05052698590467465,0.1118966000367188,-0.1566404344151063,0.09264205502056777,3.097928122804219,,,,,,,,,,,,,,
transfer,150,,87.609375,1.162259559484173,0.09187088088393058,0.06199297900439723,0.09187702286599563,-0.1984291465755284,0.07740281491789341,3.097928122804219,,,,,,,,,,,,,,
transfer,151,,88.1934375,1.172806843527687,0.06295487629172132,0.07124523580930717,0.0637876815246423,-0.2295500487109006,0.05981513663783278,3.097928122804219,,,,,,,,,,,,,,
transfer,152,,88.77749999999999,1.179171222162771,0.03067818879138803,0.07800449863830695,0.03016272729595981,-0.2481410744899253,0.04043447831104906,3.09792812280422,,,,,,,,,,,,,,
transfer,153,,89.36156249999999,1.180812119856593,-0.003189902359453817,0.08207065963912269,-0.005893859255602667,-0.2531071649662365,0.01988121398090564,3.097928122804259,,,,,,,,,,,,,,
transfer,154,,89.94562499999999,1.17762612312617,-0.03679761662124326,0.08332990837195209,-0.04105326719080284,-0.2443371302019271,-0.001190888956952506,3.097928122804259,,,,,,,,,,,,,,
transfer,155,,90.52968749999999,1.169949493148339,-0.06834609095578448,0.08175514998189685,-0.07217427808294016,-0.222710928994022,-0.02215722107578685,3.097928122804258,,,,,,,,,,,,,,
transfer,156,,91.11375,1.158508236068944,-0.0962109794149482,0.07739815472729994,-0.09664926798578326,-0.189895554794907,-0.04247603565631516,3.097928122804259,,,,,,,,,,,,,,
transfer,157,,91.6978125,1.144331706892717,-0.1190270608483255,0.07037694528419568,-0.1125923437277951,-0.1480182581090941,-0.06170225184424941,3.097928122804258,,,,,,,,,,,,,,
transfer,158,,92.281875,1.12865212135917,-0.1357268980172091,0.06086455845175163,-0.118867382934947,-0.09932542981166927,-0.07945371321009075,3.097928122804259,,,,,,,,,,,,,,
transfer,159,,92.86593749999997,1.112807622968496,-0.1455362848794148,0.04908519600021798,-0.1150211117256413,-0.04588482377664162,-0.09533603789077796,3.097928122804258,,,,,,,,,,,,,,
transfer,160,,93.44999999999997,1.098155686317455,-0.1479322367539242,0.03532336895745208,-0.1012128281961863,0.01068047458457374,-0.1088213726058594,3.097928122804259,,,,,,,,,,,,,,
transfer,161,,94.03406249999999,1.085989894711546,-0.1425642113810448,0.01995473528143957,-0.07825915361666196,0.06948382882498397,-0.1190331688261198,3.097928122804273,,,,,,,,,,,,,,
transfer,162,,94.61812499999999,1.077431482534665,-0.1291316298246753,0.003519656208348602,-0.04801948603543372,0.1307295426209804,-0.1242878737882905,3.097928122804273,,,,,,,,,,,,,,
transfer,163,,95.20218749999999,1.073219132830119,-0.1072204298697954,-0.01310668334453722,-0.01464938319135585,0.1958548337240955,-0.1210346528504112,3.097928122804273,,,,,,,,,,,,,,
transfer,164,,95.78625,1.073223415720129,-0.07622390882738352,-0.02833327567002536,0.01246202256349494,0.2655039263084921,-0.1017665235822886,3.097928122804273,,,,,,,,,,,,,,
transfer,165,,96.3703125,1.075545850845249,-0.03603488260749586,-0.03922718196543264,0.0169147278583688,0.3285701392929979,-0.0547472740890503,3.097928122804273,,,,,,,,,,,,,,
transfer,166,,96.954375,1.076498731369351,0.01016611663476791,-0.04181375758808258,-0.005111626744926975,0.3473721466293206,0.01843874251881757,3.097928122804271,,,,,,,,,,,,,,
transfer,167,,97.53843749999999,1.074609754318284,0.05448593288291742,-0.03471509414512904,-0.01824293627920284,0.3035204456103415,0.08239651538905647,3.097928122804274,,,,,,,,,,,,,,
transfer,168,,98.12249999999999,1.072954215548055,0.09072947309874121,-0.02109611416738693,-0.002307989195903337,0.2343651459524177,0.1152234497732582,3.097928122804275,,,,,,,,,,,,,,
transfer,169,,98.70656249999999,1.074661464735215,0.1176254644923172,-0.004725523331417299,0.02881854065706605,0.1663938162538349,0.1254662472543414,3.09792812280483,,,,,,,,,,,,,,
transfer,170,,99.29062499999999,1.080759274001436,0.1357181297933741,0.01212774674990568,0.06136059920075339,0.1033004389840362,0.1236951317087244,3.09792812280483,,,,,,,,,,,,,,
transfer,171,,99.87468749999999,1.090928564854277,0.1455593546678956,0.02826375020896874,0.08864995979478883,0.04343543198789324,0.1154005317671609,3.09792812280483,,,,,,,,,,,,,,
transfer,172,,100.45875,1.104239744893122,0.1475018130745791,0.04299675043933585,0.1077586495432405,-0.01419349724298921,0.1031161909530438,3.09792812280483,,,,,,,,,,,,,,
transfer,173,,101.0428125,1.119491181273237,0.1418520429483055,0.0558822971361617,0.1173554514297951,-0.06931233625533477,0.08807768676909067,3.09792812280483,,,,,,,,,,,,,,
transfer,174,,101.626875,1.135360980544416,0.1290209181709476,0.06659946804127462,0.1169175394439524,-0.120705593987171,0.07096323868794352,3.09792812280483,,,,,,,,,,,,,,
transfer,175,,102.2109375,1.150498385322749,0.1096270547752164,0.07490041437693069,0.1065304906804634,-0.1665488565012176,0.05221700468954619,3.09792812280483,,,,,,,,,,,,,,
transfer,176,,102.795,1.163605716047453,0.08456007196647893,0.08059087510108237,0.0869099915617083,-0.2046805027789719,0.0322118408960024,3.09792812280483,,,,,,,,,,,,,,
transfer,177,,103.3790625,1.173528551625167,0.05500801605398906,0.08352767520933262,0.05948326274276497,-0.2328733705088032,0.01134731081010432,3.097928122805005,,,,,,,,,,,,,,
transfer,178,,103.963125,1.179355089540692,0.02244551341994581,0.08362664926689822,0.02642882980692763,-0.2491502326717814,-0.009892524028520377,3.097928122805004,,,,,,,,,,,,,,
transfer,179,,104.5471875,1.180513243937074,-0.01142304160872637,0.08087548958940309,-0.009408822727617162,-0.2521284436956277,-0.0309250118864447,3.097928122805005,,,,,,,,,,,,,,
transfer,180,,105.13125,1.176845007745722,-0.04476429143908092,0.07534528777299863,-0.04477346887402786,-0.2413111959707136,-0.05110164160800162,3.097928122805005,,,,,,,,,,,,,,
transfer,181,,105.7153125,1.168636838140255,-0.07574600206042986,0.06719535267710218,-0.07638270699845603,-0.217215038555449,-0.06977028911230393,3.097928122805004,,,,,,,,,,,,,,
transfer,182,,106.299375,1.156595638803931,-0.1026694559990613,0.05666973005199032,-0.1013282209067902,-0.181274933882915,-0.08632936398486303,3.097928122805005,,,,,,,,,,,,,,
transfer,183,,106.8834375,1.141777224810563,-0.1240759133596925,0.04408911429092774,-0.1173652703077712,-0.1355682128008527,-0.1002375725469546,3.097928122805004,,,,,,,,,,,,,,
transfer,184,,107.4675,1.125486875152915,-0.1388096315638071,0.02984543256247114,-0.1230373586084264,-0.08246346702192368,-0.110963665042824,3.097928122805004,,,,,,,,,,,,,,
transfer,185,,108.0515625,1.109172490393802,-0.1460340212564591,0.01440726410362447,-0.1176742337006667,-0.02428537370996372,-0.1178754412519336,3.097928122804993,,,,,,,,,,,,,,
transfer,186,,108.635625,1.094321083422528,-0.1452058216089233,-0.001655166896759606,-0.1013652946147855,0.03697417543068784,-0.1200545944123644,3.097928122804992,,,,,,,,,,,,,,
transfer,187,,109.2196875,1.082352099291205,-0.1360130815450956,-0.01761204854460714,-0.07506674830778183,0.09990537047629729,-0.1159756769495615,3.097928122804992,,,,,,,,,,,,,,
transfer,188,,109.80375,1.074472345821401,-0.1182853995029205,-0.032456247296693,-0.04113252758954671,0.1638079599276341,-0.1029079326835542,3.097928122804993,,,,,,,,,,,,,,
transfer,189,,110.3878125,1.071400995124054,-0.09192364953560191,-0.0446777381733626,-0.004833593365955936,0.228071870399714,-0.07591534391531828,3.097928122804993,,,,,,,,,,,,,,
transfer,190,,110.971875,1.07279592410487,-0.05708635087918072,-0.05191548748122876,0.0228364538855061,0.288310930274745,-0.02747425698424943,3.097928122804994,,,,,,,,,,,,,,
transfer,191,,111.5559375,1.076448500172608,-0.01534619301543248,-0.05092806006572448,0.02661174354428473,0.3258382425238654,0.04546702326679661,3.097928122804994,,,,,,,,,,,,,,
transfer,192,,112.14,1.078943601352392,0.02815405596165571,-0.03954459057233594,0.009228342929234159,0.310978206244508,0.1207491563594059,3.097928122804995,,,,,,,,,,,,,,
transfer,193,,112.7240625,1.079379933372573,0.06623184669269397,-0.0199625280854263,0.000816506152837404,0.2508302674164665,0.1637590976731344,3.097928122806342,,,,,,,,,,,,,,
transfer,194,,113.308125,1.080117707041709,0.09526205009390809,0.002972377898658511,0.01292990439005606,0.1813314431508727,0.1729200212525773,3.097928122806345,,,,,,,,,,,,,,
transfer,195,,113.8921875,1.083322193758794,0.1153274429803863,0.02574361153931672,0.03550972690530471,0.1183058426972056,0.163641080334992,3.097928122806344,,,,,,,,,,,,,,
transfer,196,,114.47625,1.089708217424141,0.1273930204426889,0.04662800981344705,0.0590855784115175,0.06199956778919104,0.1459539159917175,3.097928122806344,,,,,,,,,,,,,,
transfer,197,,115.0603125,1.099038244741608,0.132201926405655,0.06483285524688047,0.07873444217894861,0.01008142723222993,0.1242498662401187,3.097928122806344,,,,,,,,,,,,,,
transfer,198,,115.644375,1.110606856960747,0.1302414195268623,0.0799583937798107,0.09210332938438404,-0.03875766265456247,0.1003645591090287,3.097928122806344,,,,,,,,,,,,,,
transfer,199,,116.2284375,1.123482451661578,0.1219074809267155,0.09177410407637729,0.09803694835400591,-0.08461284982368021,0.07513512169948236,3.097928122806345,,,,,,,,,,,,,,
transfer,200,,116.8125,1.136624640838408,0.1076460715164575,0.1001322556108215,0.09602367168681042,-0.1267024962574206,0.04901674505181837,3.097928122806344,,,,,,,,,,,,,,
transfer,201,,117.3965625,1.148957373926564,0.08805026952398598,0.1049357778907717,0.08603663173156126,-0.1636625831203691,0.0223349052666954,3.097928122806196,,,,,,,,,,,,,,
transfer,202,,117.980625,1.15943347838189,0.06392308460071496,0.1061300023408672,0.06854041444593824,-0.193769786875308,-0.0045895816329295,3.097928122806196,,,,,,,,,,,,,,
transfer,203,,118.5646875,1.167104965024641,0.03631208752246762,0.1037077225964872,0.04455759389783868,-0.2151467366185033,-0.03136072303700363,3.097928122806196,,,,,,,,,,,,,,
transfer,204,,119.14875,1.171202612834848,0.006514931495779295,0.09772326614545022,0.01573028704833691,-0.2259950084018682,-0.05745267378417622,3.097928122806196,,,,,,,,,,,,,,
transfer,205,,119.7328125,1.17122016919644,-0.02394931976707735,0.08831201075502067,-0.0156826253765025,-0.2248691096060467,-0.08218521323220142,3.097928122806196,,,,,,,,,,,,,,
transfer,206,,120.316875,1.166990802538066,-0.05340686071326076,0.07571062523030217,-0.04692474570317084,-0.2109576221743723,-0.1047382762074894,3.097928122806196,,,,,,,,,,,,,,
transfer,207,,120.9009375,1.158738412568497,-0.08012997072928921,0.06027291305460592,-0.07499488215940633,-0.1842952645776712,-0.1241999031760985,3.097928122806196,,,,,,,,,,,,,,
transfer,208,,121.485,1.147088073744657,-0.1024570934523805,0.04247848388299351,-0.0969895100675684,-0.1458267805564989,-0.1396182941453022,3.097928122806196,,,,,,,,,,,,,,
transfer,209,,122.0690625,1.133029366946255,-0.1189096306791672,0.02293656102162983,-0.1104444636898954,-0.09729630274889309,-0.1500148943352934,3.097928122806234,,,,,,,,,,,,,,
transfer,210,,122.653125,1.117838573788776,-0.1282845299336532,0.002392752952262793,-0.1135960104502469,-0.04101172629690827,-0.1543227314839186,3.097928122806233,,,,,,,,,,,,,,
transfer,211,,123.2371875,1.102972272238268,-0.1297121176763095,-0.01824971995050174,-0.1055508946907938,0.02041856202976907,-0.1512310759050632,3.097928122806233,,,,,,,,,,,,,,
transfer,212,,123.82125,1.089940012642336,-0.1226828134450114,-0.03788099678256097,-0.08644948946439872,0.084265206820371,-0.1389259975513911,3.097928122806233,,,,,,,,,,,,,,
transfer,213,,124.4053125,1.080145827244329,-0.1070636011924937,-0.05509381695361217,-0.05780480458409904,0.1476136440547516,-0.1147368769450131,3.097928122806234,,,,,,,,,,,,,,
transfer,214,,124.989375,1.074657746372133,-0.08315811842146861,-0.06804727375592268,-0.02327712271329003,0.2066885719120815,-0.07488483139468723,3.097928122806233,,,,,,,,,,,,,,
transfer,215,,125.5734375,1.073838495662735,-0.05193810378076327,-0.07435363489123713,0.01011196315209703,0.2548515938905194,-0.01539644643822268,3.097928122806234,,,,,,,,,,,,,,
transfer,216,,126.1575,1.076868839149795,-0.01563710519580361,-0.07132990383140173,0.03223911311720491,0.279616528649494,0.06271286849524431,3.097928122806234,,,,,,,,,,,,,,
transfer,217,,126.7415625,1.081708741660239,0.02154951739660317,-0.05734526051539499,0.03703547600493498,0.2662277993770136,0.1433300896140399,3.097928122806253,,,,,,,,,,,,,,
transfer,218,,127.325625,1.086400281164988,0.05430390121384748,-0.03390979879417973,0.0323864254607867,0.2162039242782661,0.1992198732563666,3.09792812280625,,,,,,,,,,,,,,
transfer,219,,127.9096875,1.090588460755989,0.07907052015552858,-0.005392046552652514,0.03102728370057933,0.1515579253517088,0.2192671501387903,3.097928122806249,,,,,,,,,,,,,,
transfer,220,,128.49375,1.095048855654136,0.09526045742414242,0.02389827303337726,0.03618342579608443,0.0904933608822187,0.2129793499237985,3.09792812280625,,,,,,,,,,,,,,
transfer,221,,129.0778125,1.100473869611681,0.1038139210358937,0.05127804767881411,0.04472086390357466,0.03812408983349594,0.1925025452185345,3.09792812280625,,,,,,,,,,,,,,
transfer,222,,129.661875,1.107076658985011,0.1058635108325499,0.07538292793765575,0.05322830195767508,-0.006530243229138765,0.165117920687598,3.09792812280625,,,,,,,,,,,,,,
transfer,223,,130.2459375,1.11469335440132,0.1023185744241156,0.09555010936204834,0.0595260796620925,-0.04532712107904303,0.1343407354798568,3.09792812280625,,,,,,,,,,,,,,
transfer,224,,130.83,1.122935984020142,0.093876152199726,0.1114469854429664,0.06238667399389482,-0.07948166491341008,0.1018090175384262,3.097928122806249,,,,,,,,,,,,,,
transfer,225,,131.4140625,1.13129303441511,0.08112318247512099,0.1228978533597787,0.06115160005048519,-0.1094341168724479,0.06833310979838701,3.097928122805813,,,,,,,,,,,,,,
transfer,226,,131.998125,1.139190179616914,0.06463071791383838,0.1298092257089838,0.05552381325490244,-0.1350106891223172,0.03437692959540892,3.097928122805813,,,,,,,,,,,,,,
transfer,227,,132.5821875,1.14603259349924,0.04502498653676646,0.1321399515582357,0.04548988599016493,-0.1555892630458139,0.0002801709586386852,3.097928122805813,,,,,,,,,,,,,,
transfer,228,,133.16625,1.151242066472771,0.02303863836272356,0.1298931936090123,0.03131283551761842,-0.170228739553567,-0.03362224491007232,3.097928122805813,,,,,,,,,,,,,,
transfer,229,,133.7503125,1.154295823493154,-0.0004537357144009497,0.123121664986735,0.01356027110936134,-0.17777736657502,-0.06691545246568902,3.097928122805813,,,,,,,,,,,,,,
transfer,230,,134.334375,1.154770279087183,-0.02441458220585125,0.1119436127633325,-0.006853349973424016,-0.1769839134764022,-0.09902691439418798,3.097928122805813,,,,,,,,,,,,,,
transfer,231,,134.9184375,1.152390418055664,-0.04763876225273838,0.09656934565937314,-0.02862855547401444,-0.1666335823623526,-0.129146959303052,3.097928122805813,,,,,,,,,,,,,,
transfer,232,,135.5025,1.147082828026557,-0.06876980494940368,0.07733851071750882,-0.05006893631641231,-0.1457243488530594,-0.1561493215879705,3.097928122805813,,,,,,,,,,,,,,
transfer,233,,136.0865625,1.139027029753652,-0.08634295524062897,0.05476766293471774,-0.06912337187699363,-0.1136887706255061,-0.1785189903759589,3.097928122805836,,,,,,,,,,,,,,
transfer,234,,136.670625,1.12869581782774,-0.09886076411200112,0.02960658234537496,-0.08351181159669856,-0.07065402984593219,-0.194295538133768,3.097928122805836,,,,,,,,,,,,,,
transfer,235,,137.2546875,1.116871713815237,-0.104905566340473,0.0029007553438853,-0.09095759326839106,-0.01772916737922827,-0.2010398023350425,3.097928122805837,,,,,,,,,,,,,,
transfer,236,,137.83875,1.104624263793622,-0.10329258970494,-0.02394428311610755,-0.08953860119812371,0.04267428762751072,-0.1958464962688486,3.097928122805837,,,,,,,,,,,,,,
transfer,237,,138.4228125,1.093231760992669,-0.0932705029167427,-0.04910770476791659,-0.0781630701715471,0.1064490668985352,-0.1754920489255435,3.097928122805837,,,,,,,,,,,,,,
transfer,238,,139.006875,1.084030779698581,-0.07478160498232957,-0.07034024401521209,-0.05716221560747626,0.1673052430502492,-0.1369764642734966,3.097928122805837,,,,,,,,,,,,,,
transfer,239,,139.5909375,1.078182898767927,-0.04878319741063981,-0.08507773299812486,-0.02889263526582357,0.2164356957651472,-0.07896388575493486,3.097928122805837,,,,,,,,,,,,,,
transfer,240,,140.175,1.07638109220826,-0.01755231425206292,-0.09083465599869046,0.002080194845812066,0.2433572623079967,-0.004494223350577939,3.097928122805837,,,,,,,,,,,,,,
transfer,241,,140.7590625,1.078604820040467,0.01530038413298513,-0.08599035514898276,0.03002555724368735,0.2396376055967618,0.07637603520966665,3.097928122805389,,,,,,,,,,,,,,
transfer,242,,141.343125,1.084117596055897,0.04550936907415486,-0.07069462867730822,0.05047884241586423,0.2049012879023591,0.1482486263450555,3.097928122805389,,,,,,,,,,,,,,
transfer,243,,141.9271875,1.091787018475028,0.06946687049648101,-0.04710537161611132,0.06214562694913659,0.1489465436741244,0.198202837568637,3.097928122805389,,,,,,,,,,,,,,
transfer,244,,142.51125,1.100499826494737,0.08526378054355005,-0.01853945842642242,0.0663215071026609,0.08579371989000005,0.2223994310515326,3.097928122805389,,,,,,,,,,,,,,
transfer,245,,143.0953125,1.109385396543286,0.09271531784073692,0.0117437249557918,0.06503918256628964,0.02617417663495572,0.2247482093380296,3.097928122805389,,,,,,,,,,,,,,
transfer,246,,143.679375,1.117829159719314,0.09270217811888465,0.04123477293412482,0.05999048564544651,-0.02472578550342724,0.2116770118725077,3.097928122805389,,,,,,,,,,,,,,
transfer,247,,144.2634375,1.125410146834435,0.08651483296377727,0.06825156785862783,0.05237820177088664,-0.06561299814517844,0.188743606209581,3.097928122805389,,,,,,,,,,,,,,
transfer,248,,144.8475,1.131844366324208,0.07547691596962001,0.09174458326832369,0.04306268094059273,-0.097002754001432,0.1597910433944234,3.097928122805389,,,,,,,,,,,,,,
transfer,249,,145.4315625,1.136948096528902,0.06079603830061762,0.1110798938241293,0.03269050952865503,-0.119965814046725,0.1272360649345574,3.097928122805554,,,,,,,,,,,,,,
transfer,250,,146.015625,1.140614451847639,0.04353198478764002,0.1258801012709111,0.0217658825495763,-0.1355760112114511,0.09255054249800013,3.097928122805554,,,,,,,,,,,,,,
transfer,251,,146.5996875,1.142797041606299,0.02461185150656398,0.1359241547226956,0.01068887090072496,-0.1447164652397386,0.05663822982817648,3.097928122805554,,,,,,,,,,,,,,
transfer,252,,147.18375,1.143497681393598,0.004859936014062578,0.1410887673161769,-0.0002204454130915108,-0.1480297208111505,0.02008105640307553,3.097928122805554,,,,,,,,,,,,,,
transfer,253,,147.7678125,1.142756916750147,-0.01496933649224936,0.1413163554228254,-0.01070348985410627,-0.1459122424489769,-0.01670534427951677,3.097928122805554,,,,,,,,,,,,,,
transfer,254,,148.351875,1.140646827751901,-0.0341582851969424,0.1366001539129528,-0.02054758130256711,-0.1385129879226314,-0.05336563688385668,3.097928122805554,,,,,,,,,,,,,,
transfer,255,,148.9359375,1.137265755875367,-0.05199200975420327,0.1269821569272712,-0.02957307502122048,-0.1257210355203853,-0.08951496919888571,3.097928122805554,,,,,,,,,,,,,,
transfer,256,,149.52,1.132734512925726,-0.06772176279814267,0.1125637848942731,-0.03762445809654164,-0.1071384383609703,-0.1246340212784343,3.097928122805554,,,,,,,,,,,,,,
transfer,257,,150.1040625,1.127193428026543,-0.0805239816978208,0.09353381014568596,-0.04456700773864208,-0.08204544580402877,-0.1579094865422462,3.097928122805563,,,,,,,,,,,,,,
transfer,258,,150.688125,1.120799477883185,-0.08945577550831341,0.0702245651300428,-0.05028822765852177,-0.04939238002920646,-0.1879612383247241,3.097928122805563,,,,,,,,,,,,,,
transfer,259,,151.2721875,1.113723498137633,-0.09341652530795921,0.04321684672604792,-0.05469089283032411,-0.007927620879649348,-0.2123780004754758,3.097928122805563,,,,,,,,,,,,,,
transfer,260,,151.85625,1.106151508186761,-0.09115041168978637,0.0135227502544935,-0.05762405857689454,0.04325254972133612,-0.2270325456356684,3.097928122805563,,,,,,,,,,,,,,
transfer,261,,152.4403125,1.098306746807396,-0.08138096860398912,-0.01713889995940643,-0.05861266519736251,0.103183321301679,-0.2255085759292712,3.097928122805563,,,,,,,,,,,,,,
transfer,262,,153.024375,1.090531574216453,-0.06324162610224232,-0.04606804811649619,-0.05623020303039796,0.1661904981518269,-0.2000505256097362,3.097928122805563,,,,,,,,,,,,,,
transfer,263,,153.6084375,1.08346032746427,-0.03709079762025154,-0.0696766590759611,-0.04755704942327327,0.2196968740050447,-0.1463943692359337,3.097928122805563,,,,,,,,,,,,,,
transfer,264,,154.1925,1.078164702754612,-0.005269179257299115,-0.08445330179638379,-0.02947230042583223,0.2482259846606099,-0.07084871779841298,3.097928122805563,,,,,,,,,,,,,,
transfer,265,,154.7765625,1.075954150876566,0.02818895020458751,-0.0884915147386446,-0.002136341302457259,0.2437470778649941,0.01021605854958656,3.097928122805013,,,,,,,,,,,,,,
transfer,266,,155.360625,1.077793014811048,0.05899216489193611,-0.08217767329370831,0.02967201350999659,0.2101677738972924,0.081052123188692,3.097928122805013,,,,,,,,,,,,,,
transfer,267,,155.9446875,1.083842783570652,0.08387684096443238,-0.06749628053474958,0.05944174198341527,0.1575249033671875,0.1340545749739367,3.097928122805013,,,,,,,,,,,,,,
transfer,268,,156.52875,1.093460662570216,0.1009577185219185,-0.04695033448860798,0.08207183302444788,0.09557859105950163,0.1684753850388422,3.097928122805014,,,,,,,,,,,,,,
transfer,269,,157.1128125,1.105477737764213,0.1095081409296786,-0.02290438122423247,0.09485175796385202,0.03172963883602626,0.1865663130122348,3.097928122805014,,,,,,,,,,,,,,
transfer,270,,157.696875,1.118505666321469,0.1096478435307838,0.002639956434024687,0.09713374062611357,-0.02873697433063042,0.1912336949384537,3.097928122805014,,,,,,,,,,,,,,
transfer,271,,158.2809375,1.131174537520523,0.1020978714171872,0.02806372038261879,0.08974560335558437,-0.0820885039403836,0.1851978771539599,3.097928122805014,,,,,,,,,,,,,,
transfer,272,,158.865,1.142295844745969,0.08799695527609294,0.05209021596547675,0.07447988449523128,-0.1258113264485614,0.1708233349384516,3.097928122805014,,,,,,,,,,,,,,
transfer,273,,159.4490625,1.15096291107408,0.06874906749677824,0.07373752414355982,0.0536687893414913,-0.1584567389554759,0.1501342278639825,3.09792812280536,,,,,,,,,,,,,,
transfer,274,,160.033125,1.156598272296902,0.04588764310312449,0.09227474460170078,0.02981908582935831,-0.1795275716063419,0.1248413256447125,3.09792812280536,,,,,,,,,,,,,,
transfer,275,,160.6171875,1.158956306752472,0.02095732141805488,0.1071805399892464,0.00531552466462579,-0.1893237295433623,0.09635021611649006,3.09792812280536,,,,,,,,,,,,,,
transfer,276,,161.20125,1.15809191244605,-0.004579798929368195,0.1181024247731136,-0.0177841759832695,-0.1887349290835003,0.06576801631459273,3.09792812280536,,,,,,,,,,,,,,
transfer,277,,161.7853125,1.154308339579018,-0.02940810859837102,0.1248179734326916,-0.03785507964406882,-0.1790116663870777,0.03392726013552765,3.097928122805359,,,,,,,,,,,,,,
transfer,278,,162.369375,1.148096656134285,-0.05239233210099688,0.1272007392234316,-0.05372809999350523,-0.161551862708219,0.001431651414249984,3.097928122805359,,,,,,,,,,,,,,
transfer,279,,162.9534375,1.140075966462123,-0.07258497822402057,0.1251934745760658,-0.06466129690001211,-0.1377231360142017,-0.0312825726564154,3.097928122805359,,,,,,,,,,,,,,
transfer,280,,163.5375,1.130939159036104,-0.08921223639195462,0.1187902182226959,-0.07029133543259494,-0.1087179442245776,-0.06387694107999059,3.09792812280536,,,,,,,,,,,,,,
transfer,281,,164.1215625,1.121404950285709,-0.101641562502829,0.1080283108220094,-0.07059280643060113,-0.07542192275014199,-0.09603142654552342,3.097928122805384,,,,,,,,,,,,,,
transfer,282,,164.705625,1.11217330746815,-0.1093308462165318,0.09299270317134634,-0.06587421086273226,-0.03826652325363843,-0.1273352181903685,3.097928122805384,,,,,,,,,,,,,,
transfer,283,,165.2896875,1.103876590508245,-0.1117550862052373,0.07384000500623297,-0.05685562499118799,0.002961218677717898,-0.1570869048148731,3.097928122805384,,,,,,,,,,,,,,
transfer,284,,165.87375,1.09701036179342,-0.1083049301540731,0.05086327299835412,-0.04491138818813212,0.04933443971585769,-0.1838506156949385,3.097928122805384,,,,,,,,,,,,,,
transfer,285,,166.4578125,1.091813875651979,-0.09816568039666611,0.02465072724565691,-0.03259102844871324,0.1027765900592754,-0.2044259043846316,3.097928122805384,,,,,,,,,,,,,,
transfer,286,,167.041875,1.088065755178249,-0.08026727739130302,-0.003550050502079741,-0.02426226977193154,0.1646909926303252,-0.2117757184864344,3.097928122805384,,,,,,,,,,,,,,
transfer,287,,167.6259375,1.084872211423367,-0.05366670187848451,-0.03116168790842508,-0.02497013020102755,0.2303230952666316,-0.1931733731863124,3.097928122805384,,,,,,,,,,,,,,
transfer,288,,168.21,1.081002666227707,-0.01900878695322319,-0.05381703282954516,-0.03276971609578729,0.2798990693529266,-0.1374911622837689,3.097928122805384,,,,,,,,,,,,,,
transfer,289,,168.7940625,1.076442704656271,0.01977253220006674,-0.06698301955334386,-0.0321217390059944,0.2890672183467297,-0.05657055422897821,3.097928122805951,,,,,,,,,,,,,,
transfer,290,,169.378125,1.073274488855544,0.05695929557131839,-0.06928047570407636,-0.01184895932271224,0.2587112655791678,0.01960648712985195,3.09792812280595,,,,,,,,,,,,,,
transfer,291,,169.9621875,1.073850072130561,0.08842511568733324,-0.06265211034840062,0.02159260569663239,0.2069046540330227,0.07531575054711211,3.09792812280595,,,,,,,,,,,,,,
transfer,292,,170.54625,1.079161565268784,0.1122431511256265,-0.04990732400785861,0.05693592242463801,0.1463886381814813,0.1112919119241782,3.09792812280595,,,,,,,,,,,,,,
transfer,293,,171.1303125,1.088912114626225,0.1276747738622548,-0.03337579350522135,0.08670748265587709,0.08282383696553731,0.1324037560091348,3.09792812280595,,,,,,,,,,,,,,
transfer,294,,171.714375,1.102065683873207,0.134520117641545,-0.0147730202163368,0.1071199832589809,0.01913394447053509,0.1426248622513422,3.09792812280595,,,,,,,,,,,,,,
transfer,295,,172.2984375,1.117236473296181,0.1329235475093857,0.004624150866029263,0.1165557025324719,-0.04229517654431559,0.1445566002501392,3.09792812280595,,,,,,,,,,,,,,
transfer,296,,172.8825,1.132915324029776,0.1233526183232826,0.02382102858206046,0.1147105290655087,-0.09901229681478829,0.1398722653310459,3.09792812280595,,,,,,,,,,,,,,
transfer,297,,173.4665625,1.147620379370963,0.1066108734665917,0.04200939187187239,0.1022654476722912,-0.1484959237634872,0.129727543378748,3.097928122805767,,,,,,,,,,,,,,
transfer,298,,174.050625,1.160020804178712,0.08383468560263743,0.05851772480611785,0.08077102195317547,-0.18836348204373,0.1150352307691778,3.097928122805767,,,,,,,,,,,,,,
transfer,299,,174.6346875,1.169047255904419,0.05645527379908213,0.07279081503349831,0.05254045549260743,-0.2166653291741102,0.09663171227593903,3.097928122805767,,,,,,,,,,,,,,
transfer,300,,175.21875,1.173981981195074,0.02612031844537345,0.0843855869789709,0.02044300407334623,-0.2321757229349888,0.07535374219617899,3.097928122805767,,,,,,,,,,,,,,
transfer,301,,175.8028125,1.174512959405235,-0.005417778780567877,0.09297188745560563,-0.01241896507630182,-0.2345813343092411,0.05203818342077811,3.097928122805767,,,,,,,,,,,,,,
transfer,302,,176.386875,1.170740275328675,-0.03642748382235599,0.09832946549340457,-0.04308052530090994,-0.2244909940104317,0.02747185339275818,3.097928122805767,,,,,,,,,,,,,,
transfer,303,,176.9709375,1.163135488186542,-0.06531237899129194,0.1003371815834472,-0.06902538203114696,-0.203264189406133,0.002333420368533737,3.097928122805767,,,,,,,,,,,,,,
transfer,304,,177.555,1.152467692226223,-0.09069393950353845,0.0989560150225799,-0.08836304092335666,-0.1727304294470372,-0.02283630298249805,3.097928122805767,,,,,,,,,,,,,,
transfer,305,,178.1390625,1.13971542111672,-0.1114545205546959,0.09421088091273973,-0.09986678532911523,-0.1348919326222636,-0.0476221528758627,3.097928122805727,,,,,,,,,,,,,,
transfer,306,,178.723125,1.12598028957294,-0.1267427185932264,0.08617661363024053,-0.1029201866343826,-0.09166643266262288,-0.07168671211751326,3.097928122805728,,,,,,,,,,,,,,
transfer,307,,179.3071875,1.112410370976079,-0.1359472965772544,0.07497226790834907,-0.09743664968963908,-0.04467359609971115,-0.0946950209879001,3.097928122805728,,,,,,,,,,,,,,
transfer,308,,179.89125,1.100132551241322,-0.1386434438106909,0.06076778762048558,-0.08381812313174185,0.004970697305049981,-0.1162014677032891,3.097928122805728,,,,,,,,,,,,,,
transfer,309,,180.4753125,1.090183073079505,-0.1345091655924151,0.04381122589615322,-0.06304301957041317,0.05689924572616119,-0.1354414775580866,3.097928122805728,,,,,,,,,,,,,,
transfer,310,,181.059375,1.083408409183467,-0.1232059617332554,0.02449866913526547,-0.03706116920192434,0.111762551048051,-0.1508630359066234,3.097928122805728,,,,,,,,,,,,,,
transfer,311,,181.6434375,1.080274459739275,-0.1042391357021202,0.003544463347501733,-0.009825755314270322,0.1711228501617866,-0.1590192572460089,3.097928122805728,,,,,,,,,,,,,,
transfer,312,,182.2275,1.080485218266423,-0.07695116542086958,-0.0176312190990284,0.01103640639524744,0.2350135986732948,-0.1524603130669187,3.097928122805728,,,,,,,,,,,,,,
transfer,313,,182.8115625,1.082507243026524,-0.04125475769807325,-0.03627896934084797,0.0158990277324332,0.2927099097555271,-0.1195419031410067,3.09792812280529,,,,,,,,,,,,,,
transfer,314,,183.395625,1.084179524064618,0.0002195963399686278,-0.04848191815991797,0.008793744228574891,0.3157285945801774,-0.05862644599481609,3.09792812280529,,,,,,,,,,,,,,
transfer,315,,183.9796875,1.085471311914051,0.04144464329882504,-0.0519071593502271,0.01426614592063262,0.2903522257678723,0.005724820122062272,3.09792812280529,,,,,,,,,,,,,,
transfer,316,,184.56375,1.08905515237298,0.0771195828182297,-0.04779884599462519,0.0421277573381385,0.2375937946437225,0.05183610038341425,3.097928122805289,,,,,,,,,,,,,,
transfer,317,,185.1478125,1.097344985378211,0.1050105797009924,-0.03880438760442875,0.08212616246626898,0.1764577826497539,0.07930126815166103,3.097928122805289,,,,,,,,,,,,,,
transfer,318,,185.731875,1.111218541078172,0.1244846761542738,-0.0270229009515404,0.1238393123338864,0.1127958119482874,0.09423747326343042,3.09792812280529,,,,,,,,,,,,,,
transfer,319,,186.3159375,1.130479856079011,0.1352847078112027,-0.01380224262796716,0.1616007476072832,0.04753724510232655,0.1012925739491254,3.09792812280529,,,,,,,,,,,,,,
transfer,320,,186.9,1.154396174427472,0.1372162895998212,-3.354933084814826e-12,0.192772013810579,-0.01898660929442301,0.1032330687904785,3.09792812280529,,,,,,,,,,,,,,
