schema_version,run_id,case_id,source_case_id,method,perturbation_sign,phase_index,phase_rad,local_exit_crossed,local_exit_elapsed_days,global_exit_crossed,global_exit_elapsed_days,far_field_crossed,far_field_elapsed_days,primary_min_distance_km,primary_min_distance_elapsed_days,secondary_min_distance_km,secondary_min_distance_elapsed_days,secondary_radius_crossed,final_separation_nd,max_separation_nd,source_git_commit
submission_candidate_long_propagation_v1,FADC844A73E7210CA55B,h4_long_stable_em_halo_12p40_n45,em_halo_12p40_n45,ordered_partial_real_schur_tracking,-1,0,0,true,11.46813335947551,true,19.83677121639008,true,23.55616581946322,100805.5308675587,29.75515682458511,50561.18000012177,10.53828470870723,false,1.548198752265155,2.415802007912101,f7b966f56334eac5b522813fd19d7da8b1ab91bc
submission_candidate_long_propagation_v1,FADC844A73E7210CA55B,h4_long_stable_em_halo_12p40_n45,em_halo_12p40_n45,ordered_partial_real_schur_tracking,-1,1,0.1396263401595464,true,11.46813335947551,true,19.83677121639008,true,23.55616581946322,102752.8072370431,29.75515682458511,52307.33605432179,10.84823425896332,false,1.547840907511606,2.360056137888131,f7b966f56334eac5b522813fd19d7da8b1ab91bc
submission_candidate_long_propagation_v1,FADC844A73E7210CA55B,h4_long_stable_em_halo_12p40_n45,em_halo_12p40_n45,ordered_partial_real_schur_tracking,-1,2,0.2792526803190927,true,11.77808290973161,true,19.83677121639008,true,23.55616581946322,105908.8038369354,29.75515682458511,52428.01288781991,1.549747751280475,false,1.545144067599767,2.342375036685984,f7b966f56334eac5b522813fd19d7da8b1ab91bc
submission_candidate_long_propagation_v1,FADC844A73E7210CA55B,h4_long_stable_em_halo_12p40_n45,em_halo_12p40_n45,ordered_partial_real_schur_tracking,-1,3,0.4188790204786391,true,11.77808290973161,true,19.83677121639008,true,23.55616581946322,107529.9802934051,30.06510637484121,50625.92631612826,1.549747751280475,false,1.552378570913051,2.302557719304187,f7b966f56334eac5b522813fd19d7da8b1ab91bc
submission_candidate_long_propagation_v1,FADC844A73E7210CA55B,h4_long_stable_em_halo_12p40_n45,em_halo_12p40_n45,ordered_partial_real_schur_tracking,-1,4,0.5585053606381855,true,11.77808290973161,true,19.83677121639008,true,23.55616581946322,109367.9071733055,30.06510637484121,49025.49707269351,1.549747751280475,false,1.548370079559936,2.270643697876733,f7b966f56334eac5b522813fd19d7da8b1ab91bc
submission_candidate_long_propagation_v1,FADC844A73E7210CA55B,h4_long_stable_em_halo_12p40_n45,em_halo_12p40_n45,ordered_partial_real_schur_tracking,-1,5,0.6981317007977318,true,11.77808290973161,true,19.83677121639008,true,23.55616581946322,110663.9561598219,30.3750559250973,47666.42239716482,1.549747751280475,false,1.561643093683434,2.251706195384383,f7b966f56334eac5b522813fd19d7da8b1ab91bc
submission_candidate_long_propagation_v1,FADC844A73E7210CA55B,h4_long_stable_em_halo_12p40_n45,em_halo_12p40_n45,ordered_partial_real_schur_tracking,-1,6,0.8377580409572782,true,11.77808290973161,true,19.83677121639008,true,23.55616581946322,110667.7514231371,30.3750559250973,46565.0065979764,1.549747751280475,false,1.556277415860655,2.235982627126026,f7b966f56334eac5b522813fd19d7da8b1ab91bc
submission_candidate_long_propagation_v1,FADC844A73E7210CA55B,h4_long_stable_em_halo_12p40_n45,em_halo_12p40_n45,ordered_partial_real_schur_tracking,-1,7,0.9773843811168246,true,11.77808290973161,true,19.83677121639008,true,23.55616581946322,111345.7941345595,30.6850054753534,45722.91813517979,1.549747751280475,false,1.570103934572808,2.248756213817098,f7b966f56334eac5b522813fd19d7da8b1ab91bc
submission_candidate_long_propagation_v1,FADC844A73E7210CA55B,h4_long_stable_em_halo_12p40_n45,em_halo_12p40_n45,ordered_partial_real_schur_tracking,-1,8,1.117010721276371,true,11.77808290973161,true,19.83677121639008,true,23.55616581946322,108977.0503733851,30.6850054753534,45132.40504974383,1.23979820102438,false,1.562941193907896,2.25837741340571,f7b966f56334eac5b522813fd19d7da8b1ab91bc
submission_candidate_long_propagation_v1,FADC844A73E7210CA55B,h4_long_stable_em_halo_12p40_n45,em_halo_12p40_n45,ordered_partial_real_schur_tracking,-1,9,1.256637061435917,true,11.77808290973161,true,19.83677121639008,true,23.86611536971931,106711.4705040622,30.6850054753534,44544.73019759992,1.23979820102438,false,1.57375218180996,2.276608002431481,f7b966f56334eac5b522813fd19d7da8b1ab91bc
submission_candidate_long_propagation_v1,FADC844A73E7210CA55B,h4_long_stable_em_halo_12p40_n45,em_halo_12p40_n45,ordered_partial_real_schur_tracking,-1,10,1.396263401595464,true,12.0880324599877,true,19.83677121639008,true,23.86611536971931,104246.3050563332,30.6850054753534,44139.90925536847,1.23979820102438,false,1.564980692342741,2.306496157628711,f7b966f56334eac5b522813fd19d7da8b1ab91bc
submission_candidate_long_propagation_v1,FADC844A73E7210CA55B,h4_long_stable_em_halo_12p40_n45,em_halo_12p40_n45,ordered_partial_real_schur_tracking,-1,11,1.53588974175501,true,12.0880324599877,true,19.83677121639008,true,23.86611536971931,101532.2416482604,30.6850054753534,43914.4676435479,1.23979820102438,false,1.572470090735227,2.348011618528663,f7b966f56334eac5b522813fd19d7da8b1ab91bc
submission_candidate_long_propagation_v1,FADC844A73E7210CA55B,h4_long_stable_em_halo_12p40_n45,em_halo_12p40_n45,ordered_partial_real_schur_tracking,-1,12,1.675516081914556,true,12.0880324599877,true,19.83677121639008,true,23.86611536971931,98757.97288036266,30.6850054753534,43739.23903183571,0.9298486507682848,false,1.563026910747629,2.398685413305268,f7b966f56334eac5b522813fd19d7da8b1ab91bc
submission_candidate_long_propagation_v1,FADC844A73E7210CA55B,h4_long_stable_em_halo_12p40_n45,em_halo_12p40_n45,ordered_partial_real_schur_tracking,-1,13,1.815142422074103,true,12.0880324599877,true,19.83677121639008,true,23.86611536971931,96182.41822479792,30.6850054753534,43519.67276516187,0.9298486507682848,false,1.568510159321953,2.454397341910585,f7b966f56334eac5b522813fd19d7da8b1ab91bc
submission_candidate_long_propagation_v1,FADC844A73E7210CA55B,h4_long_stable_em_halo_12p40_n45,em_halo_12p40_n45,ordered_partial_real_schur_tracking,-1,14,1.954768762233649,true,12.0880324599877,true,19.83677121639008,true,24.17606491997541,94105.77665344828,30.6850054753534,43445.82012820611,0.9298486507682848,false,1.559922198047982,2.506487800927648,f7b966f56334eac5b522813fd19d7da8b1ab91bc
submission_candidate_long_propagation_v1,FADC844A73E7210CA55B,h4_long_stable_em_halo_12p40_n45,em_halo_12p40_n45,ordered_partial_real_schur_tracking,-1,15,2.094395102393195,true,12.0880324599877,true,19.83677121639008,true,24.17606491997541,92739.58842028936,30.6850054753534,43433.32375152753,0.6198991005121899,false,1.564867111769831,2.550733815530532,f7b966f56334eac5b522813fd19d7da8b1ab91bc
submission_candidate_long_propagation_v1,FADC844A73E7210CA55B,h4_long_stable_em_halo_12p40_n45,em_halo_12p40_n45,ordered_partial_real_schur_tracking,-1,16,2.234021442552742,true,12.0880324599877,true,20.14672076664617,true,24.17606491997541,89751.53281338121,30.3750559250973,43287.11842026628,0.6198991005121899,false,1.558543441805088,2.581019153084966,f7b966f56334eac5b522813fd19d7da8b1ab91bc
submission_candidate_long_propagation_v1,FADC844A73E7210CA55B,h4_long_stable_em_halo_12p40_n45,em_halo_12p40_n45,ordered_partial_real_schur_tracking,-1,17,2.373647782712288,true,12.0880324599877,true,20.14672076664617,true,24.17606491997541,86818.86064718808,30.3750559250973,43273.89838875111,0.6198991005121899,false,1.563667455533454,2.596830416404061,f7b966f56334eac5b522813fd19d7da8b1ab91bc
submission_candidate_long_propagation_v1,FADC844A73E7210CA55B,h4_long_stable_em_halo_12p40_n45,em_halo_12p40_n45,ordered_partial_real_schur_tracking,-1,18,2.513274122871834,true,12.0880324599877,true,20.14672076664617,true,24.17606491997541,84589.84299269489,30.3750559250973,43289.75677804204,13.01788111075599,false,1.56029165289091,2.642597993151827,f7b966f56334eac5b522813fd19d7da8b1ab91bc
submission_candidate_long_propagation_v1,FADC844A73E7210CA55B,h4_long_stable_em_halo_12p40_n45,em_halo_12p40_n45,ordered_partial_real_schur_tracking,-1,19,2.652900463031381,true,12.0880324599877,true,20.14672076664617,true,24.17606491997541,83126.03675266863,30.3750559250973,43202.15304191331,0.3099495502560949,false,1.565397197222061,2.694272927436803,f7b966f56334eac5b522813fd19d7da8b1ab91bc
submission_candidate_long_propagation_v1,FADC844A73E7210CA55B,h4_long_stable_em_halo_12p40_n45,em_halo_12p40_n45,ordered_partial_real_schur_tracking,-1,20,2.792526803190927,true,12.0880324599877,true,20.14672076664617,true,24.17606491997541,82433.20192926894,30.3750559250973,43214.95673856068,0.3099495502560949,false,1.564754459210077,2.730291327779922,f7b966f56334eac5b522813fd19d7da8b1ab91bc
submission_candidate_long_propagation_v1,FADC844A73E7210CA55B,h4_long_stable_em_halo_12p40_n45,em_halo_12p40_n45,ordered_partial_real_schur_tracking,-1,21,2.932153143350474,true,12.0880324599877,true,20.14672076664617,true,24.17606491997541,82460.9778756976,30.3750559250973,43208.02095015974,12.70793156049989,false,1.569097347950332,2.751114495390538,f7b966f56334eac5b522813fd19d7da8b1ab91bc
submission_candidate_long_propagation_v1,FADC844A73E7210CA55B,h4_long_stable_em_halo_12p40_n45,em_halo_12p40_n45,ordered_partial_real_schur_tracking,-1,22,3.07177948351002,true,12.0880324599877,true,20.14672076664617,true,24.17606491997541,83141.62657650447,30.3750559250973,43174.86375163061,0,false,1.570283720577632,2.757368479810885,f7b966f56334eac5b522813fd19d7da8b1ab91bc
submission_candidate_long_propagation_v1,FADC844A73E7210CA55B,h4_long_stable_em_halo_12p40_n45,em_halo_12p40_n45,ordered_partial_real_schur_tracking,-1,23,3.211405823669566,true,12.0880324599877,true,20.14672076664617,true,24.17606491997541,81642.79722311828,30.06510637484121,43201.72873103625,0,false,1.573177881094192,2.751222271046254,f7b966f56334eac5b522813fd19d7da8b1ab91bc
submission_candidate_long_propagation_v1,FADC844A73E7210CA55B,h4_long_stable_em_halo_12p40_n45,em_halo_12p40_n45,ordered_partial_real_schur_tracking,-1,24,3.351032163829113,true,12.0880324599877,true,20.14672076664617,true,24.17606491997541,80354.05768717235,30.06510637484121,43181.64111820255,12.3979820102438,false,1.574996237934684,2.734617485644916,f7b966f56334eac5b522813fd19d7da8b1ab91bc
submission_candidate_long_propagation_v1,FADC844A73E7210CA55B,h4_long_stable_em_halo_12p40_n45,em_halo_12p40_n45,ordered_partial_real_schur_tracking,-1,25,3.490658503988659,true,12.0880324599877,true,20.14672076664617,true,24.17606491997541,79615.38572352218,30.06510637484121,43241.60883914005,12.3979820102438,false,1.576268787781753,2.744686653604906,f7b966f56334eac5b522813fd19d7da8b1ab91bc
submission_candidate_long_propagation_v1,FADC844A73E7210CA55B,h4_long_stable_em_halo_12p40_n45,em_halo_12p40_n45,ordered_partial_real_schur_tracking,-1,26,3.630284844148206,true,12.0880324599877,true,20.14672076664617,true,24.17606491997541,79424.92890603282,30.06510637484121,43239.9614550585,12.0880324599877,false,1.577612654432072,2.770029308470244,f7b966f56334eac5b522813fd19d7da8b1ab91bc
submission_candidate_long_propagation_v1,FADC844A73E7210CA55B,h4_long_stable_em_halo_12p40_n45,em_halo_12p40_n45,ordered_partial_real_schur_tracking,-1,27,3.769911184307752,true,12.0880324599877,true,20.14672076664617,true,24.17606491997541,79774.23137147115,30.06510637484121,43184.87923466708,12.0880324599877,false,1.577669304983868,2.783580907819859,f7b966f56334eac5b522813fd19d7da8b1ab91bc
submission_candidate_long_propagation_v1,FADC844A73E7210CA55B,h4_long_stable_em_halo_12p40_n45,em_halo_12p40_n45,ordered_partial_real_schur_tracking,-1,28,3.909537524467298,true,12.0880324599877,true,20.14672076664617,true,24.17606491997541,80645.34067872564,30.06510637484121,43257.24870997743,12.0880324599877,false,1.577722255645026,2.785787882011203,f7b966f56334eac5b522813fd19d7da8b1ab91bc
submission_candidate_long_propagation_v1,FADC844A73E7210CA55B,h4_long_stable_em_halo_12p40_n45,em_halo_12p40_n45,ordered_partial_real_schur_tracking,-1,29,4.049163864626845,true,11.77808290973161,true,20.14672076664617,true,24.17606491997541,82009.71823565978,30.06510637484121,43261.56664149756,11.77808290973161,false,1.5772930997301,2.777073076800959,f7b966f56334eac5b522813fd19d7da8b1ab91bc
submission_candidate_long_propagation_v1,FADC844A73E7210CA55B,h4_long_stable_em_halo_12p40_n45,em_halo_12p40_n45,ordered_partial_real_schur_tracking,-1,30,4.188790204786391,true,11.77808290973161,true,20.14672076664617,true,23.86611536971931,83817.33908238157,30.06510637484121,43223.22635154949,11.77808290973161,false,1.575652127002673,2.759122658605717,f7b966f56334eac5b522813fd19d7da8b1ab91bc
submission_candidate_long_propagation_v1,FADC844A73E7210CA55B,h4_long_stable_em_halo_12p40_n45,em_halo_12p40_n45,ordered_partial_real_schur_tracking,-1,31,4.328416544945937,true,11.77808290973161,true,20.14672076664617,true,23.86611536971931,83405.54517225204,29.75515682458511,43314.62777501864,11.77808290973161,false,1.57547697490265,2.733067504549708,f7b966f56334eac5b522813fd19d7da8b1ab91bc
submission_candidate_long_propagation_v1,FADC844A73E7210CA55B,h4_long_stable_em_halo_12p40_n45,em_halo_12p40_n45,ordered_partial_real_schur_tracking,-1,32,4.468042885105484,true,11.77808290973161,true,20.14672076664617,true,23.86611536971931,83085.71666549919,29.75515682458511,43343.72576783438,11.46813335947551,false,1.572131438797392,2.701375315472733,f7b966f56334eac5b522813fd19d7da8b1ab91bc
submission_candidate_long_propagation_v1,FADC844A73E7210CA55B,h4_long_stable_em_halo_12p40_n45,em_halo_12p40_n45,ordered_partial_real_schur_tracking,-1,33,4.60766922526503,true,11.77808290973161,true,20.14672076664617,true,23.86611536971931,83258.03819842392,29.75515682458511,43339.60242544359,11.46813335947551,false,1.572746280998697,2.680833142636454,f7b966f56334eac5b522813fd19d7da8b1ab91bc
submission_candidate_long_propagation_v1,FADC844A73E7210CA55B,h4_long_stable_em_halo_12p40_n45,em_halo_12p40_n45,ordered_partial_real_schur_tracking,-1,34,4.747295565424577,true,11.77808290973161,true,20.14672076664617,true,23.86611536971931,83909.31960558517,29.75515682458511,43471.98780064382,11.46813335947551,false,1.567949912939954,2.688218886176337,f7b966f56334eac5b522813fd19d7da8b1ab91bc
submission_candidate_long_propagation_v1,FADC844A73E7210CA55B,h4_long_stable_em_halo_12p40_n45,em_halo_12p40_n45,ordered_partial_real_schur_tracking,-1,35,4.886921905584122,true,11.77808290973161,true,20.14672076664617,true,23.86611536971931,84980.61261849877,29.75515682458511,43580.59884175822,11.15818380921942,false,1.569580246757126,2.6854439359644,f7b966f56334eac5b522813fd19d7da8b1ab91bc
submission_candidate_long_propagation_v1,FADC844A73E7210CA55B,h4_long_stable_em_halo_12p40_n45,em_halo_12p40_n45,ordered_partial_real_schur_tracking,-1,36,5.026548245743669,true,11.77808290973161,true,20.14672076664617,true,23.86611536971931,86403.44762319274,29.75515682458511,43659.0762661683,11.15818380921942,false,1.563692026646627,2.674421625962876,f7b966f56334eac5b522813fd19d7da8b1ab91bc
submission_candidate_long_propagation_v1,FADC844A73E7210CA55B,h4_long_stable_em_halo_12p40_n45,em_halo_12p40_n45,ordered_partial_real_schur_tracking,-1,37,5.166174585903216,true,11.77808290973161,true,20.14672076664617,true,23.86611536971931,88087.50447235677,29.75515682458511,43892.44411732414,11.15818380921942,false,1.566238248806923,2.656301387663822,f7b966f56334eac5b522813fd19d7da8b1ab91bc
submission_candidate_long_propagation_v1,FADC844A73E7210CA55B,h4_long_stable_em_halo_12p40_n45,em_halo_12p40_n45,ordered_partial_real_schur_tracking,-1,38,5.305800926062762,true,11.77808290973161,true,19.83677121639008,true,23.55616581946322,89930.70841759976,29.75515682458511,44221.15707036456,10.84823425896332,false,1.559654980506601,2.633674881312692,f7b966f56334eac5b522813fd19d7da8b1ab91bc
submission_candidate_long_propagation_v1,FADC844A73E7210CA55B,h4_long_stable_em_halo_12p40_n45,em_halo_12p40_n45,ordered_partial_real_schur_tracking,-1,39,5.445427266222308,true,11.77808290973161,true,19.83677121639008,true,23.55616581946322,91836.73949049792,29.75515682458511,44505.7077007248,10.84823425896332,false,1.562712788776245,2.607453602596689,f7b966f56334eac5b522813fd19d7da8b1ab91bc
submission_candidate_long_propagation_v1,FADC844A73E7210CA55B,h4_long_stable_em_halo_12p40_n45,em_halo_12p40_n45,ordered_partial_real_schur_tracking,-1,40,5.585053606381854,true,11.46813335947551,true,19.83677121639008,true,23.55616581946322,93008.75865883814,29.44520727432902,44991.51955624735,10.84823425896332,false,1.55580321269048,2.5800363001303,f7b966f56334eac5b522813fd19d7da8b1ab91bc
submission_candidate_long_propagation_v1,FADC844A73E7210CA55B,h4_long_stable_em_halo_12p40_n45,em_halo_12p40_n45,ordered_partial_real_schur_tracking,-1,41,5.724679946541401,true,11.46813335947551,true,19.83677121639008,true,23.55616581946322,94296.55552647385,29.44520727432902,45685.76383060609,10.84823425896332,false,1.558664458189341,2.551344715121593,f7b966f56334eac5b522813fd19d7da8b1ab91bc
submission_candidate_long_propagation_v1,FADC844A73E7210CA55B,h4_long_stable_em_halo_12p40_n45,em_halo_12p40_n45,ordered_partial_real_schur_tracking,-1,42,5.864306286700947,true,11.46813335947551,true,19.83677121639008,true,23.55616581946322,96010.40907941209,29.44520727432902,46592.95930557886,10.84823425896332,false,1.552025705338282,2.522851315979707,f7b966f56334eac5b522813fd19d7da8b1ab91bc
submission_candidate_long_propagation_v1,FADC844A73E7210CA55B,h4_long_stable_em_halo_12p40_n45,em_halo_12p40_n45,ordered_partial_real_schur_tracking,-1,43,6.003932626860494,true,11.46813335947551,true,19.83677121639008,true,23.55616581946322,98173.64170229285,29.44520727432902,47645.22047875103,10.53828470870723,false,1.553684575980165,2.492410939834603,f7b966f56334eac5b522813fd19d7da8b1ab91bc
submission_candidate_long_propagation_v1,FADC844A73E7210CA55B,h4_long_stable_em_halo_12p40_n45,em_halo_12p40_n45,ordered_partial_real_schur_tracking,-1,44,6.14355896702004,true,11.46813335947551,true,19.83677121639008,true,23.55616581946322,99465.76323714138,29.75515682458511,48969.68112825262,10.53828470870723,false,1.548720859806911,2.458925299488248,f7b966f56334eac5b522813fd19d7da8b1ab91bc
submission_candidate_long_propagation_v1,FADC844A73E7210CA55B,h4_long_stable_em_halo_12p40_n45,em_halo_12p40_n45,ordered_partial_real_schur_tracking,1,0,0,true,11.46813335947551,true,19.83677121639008,true,22.93626671895102,323977.6997230548,16.73727571382913,14551.00648181406,31.61485412612168,false,0.3904248792925465,0.7605347768460018,f7b966f56334eac5b522813fd19d7da8b1ab91bc
submission_candidate_long_propagation_v1,FADC844A73E7210CA55B,h4_long_stable_em_halo_12p40_n45,em_halo_12p40_n45,ordered_partial_real_schur_tracking,1,1,0.1396263401595464,true,11.46813335947551,true,19.83677121639008,true,22.93626671895102,325628.66300726,16.73727571382913,16361.10557607792,31.30490457586559,false,0.3364467026756074,0.6873309777314602,f7b966f56334eac5b522813fd19d7da8b1ab91bc
submission_candidate_long_propagation_v1,FADC844A73E7210CA55B,h4_long_stable_em_halo_12p40_n45,em_halo_12p40_n45,ordered_partial_real_schur_tracking,1,2,0.2792526803190927,true,11.77808290973161,true,19.83677121639008,true,22.93626671895102,327440.1159025971,16.73727571382913,17074.40356362329,30.99495502560949,false,0.3575131998218946,0.6561798861692435,f7b966f56334eac5b522813fd19d7da8b1ab91bc
submission_candidate_long_propagation_v1,FADC844A73E7210CA55B,h4_long_stable_em_halo_12p40_n45,em_halo_12p40_n45,ordered_partial_real_schur_tracking,1,3,0.4188790204786391,true,11.77808290973161,true,19.83677121639008,true,22.93626671895102,326777.0818062692,7.748738756402373,16152.50406588985,30.6850054753534,false,0.3009194517006931,0.6608029356937966,f7b966f56334eac5b522813fd19d7da8b1ab91bc
submission_candidate_long_propagation_v1,FADC844A73E7210CA55B,h4_long_stable_em_halo_12p40_n45,em_halo_12p40_n45,ordered_partial_real_schur_tracking,1,4,0.5585053606381855,true,11.77808290973161,true,19.83677121639008,true,22.93626671895102,325026.2308907964,7.748738756402373,14035.87078688746,30.3750559250973,false,0.317246373753735,0.7138032629933992,f7b966f56334eac5b522813fd19d7da8b1ab91bc
submission_candidate_long_propagation_v1,FADC844A73E7210CA55B,h4_long_stable_em_halo_12p40_n45,em_halo_12p40_n45,ordered_partial_real_schur_tracking,1,5,0.6981317007977318,true,11.77808290973161,true,19.83677121639008,true,22.93626671895102,323431.5937029892,7.748738756402373,12132.24453995924,30.06510637484121,false,0.2894044641364285,0.7807481931261565,f7b966f56334eac5b522813fd19d7da8b1ab91bc
submission_candidate_long_propagation_v1,FADC844A73E7210CA55B,h4_long_stable_em_halo_12p40_n45,em_halo_12p40_n45,ordered_partial_real_schur_tracking,1,6,0.8377580409572782,true,11.77808290973161,true,19.83677121639008,true,23.24621626920712,322053.5838353963,7.748738756402373,9403.057040433476,30.06510637484121,false,0.3125052698183131,0.8957035151598037,f7b966f56334eac5b522813fd19d7da8b1ab91bc
submission_candidate_long_propagation_v1,FADC844A73E7210CA55B,h4_long_stable_em_halo_12p40_n45,em_halo_12p40_n45,ordered_partial_real_schur_tracking,1,7,0.9773843811168246,true,11.77808290973161,true,19.83677121639008,true,23.24621626920712,320921.1552522596,7.748738756402373,9119.093395511882,30.06510637484121,false,0.3202659647573171,0.9211928508514677,f7b966f56334eac5b522813fd19d7da8b1ab91bc
submission_candidate_long_propagation_v1,FADC844A73E7210CA55B,h4_long_stable_em_halo_12p40_n45,em_halo_12p40_n45,ordered_partial_real_schur_tracking,1,8,1.117010721276371,true,11.77808290973161,true,19.83677121639008,true,23.24621626920712,320037.7583017108,7.748738756402373,7015.74338115654,30.06510637484121,false,0.3363723158737307,1.087695150820139,f7b966f56334eac5b522813fd19d7da8b1ab91bc
submission_candidate_long_propagation_v1,FADC844A73E7210CA55B,h4_long_stable_em_halo_12p40_n45,em_halo_12p40_n45,ordered_partial_real_schur_tracking,1,9,1.256637061435917,true,11.77808290973161,true,19.83677121639008,true,23.24621626920712,319389.8704842749,7.748738756402373,5699.334661949942,30.06510637484121,false,0.3565295272333235,1.221552117791155,f7b966f56334eac5b522813fd19d7da8b1ab91bc
submission_candidate_long_propagation_v1,FADC844A73E7210CA55B,h4_long_stable_em_halo_12p40_n45,em_halo_12p40_n45,ordered_partial_real_schur_tracking,1,10,1.396263401595464,true,12.0880324599877,true,19.83677121639008,true,23.24621626920712,318822.3382830022,7.438789206146279,5074.633692155707,30.3750559250973,false,0.3636996389556081,1.328507331371987,f7b966f56334eac5b522813fd19d7da8b1ab91bc
submission_candidate_long_propagation_v1,FADC844A73E7210CA55B,h4_long_stable_em_halo_12p40_n45,em_halo_12p40_n45,ordered_partial_real_schur_tracking,1,11,1.53588974175501,true,12.0880324599877,true,19.83677121639008,true,23.55616581946322,318413.6586377389,7.438789206146279,2531.755293461785,30.6850054753534,false,0.3975046153844806,1.918511874371372,f7b966f56334eac5b522813fd19d7da8b1ab91bc
submission_candidate_long_propagation_v1,FADC844A73E7210CA55B,h4_long_stable_em_halo_12p40_n45,em_halo_12p40_n45,ordered_partial_real_schur_tracking,1,12,1.675516081914556,true,12.0880324599877,true,19.83677121639008,true,23.55616581946322,318156.0448685345,7.438789206146279,10992.3843008311,25.10591357074369,false,0.4117206062909702,0.83007776437598,f7b966f56334eac5b522813fd19d7da8b1ab91bc
submission_candidate_long_propagation_v1,FADC844A73E7210CA55B,h4_long_stable_em_halo_12p40_n45,em_halo_12p40_n45,ordered_partial_real_schur_tracking,1,13,1.815142422074103,true,12.0880324599877,true,19.83677121639008,true,23.55616581946322,317950.1960690305,7.128839655890183,5842.752283214819,31.92480367637778,false,0.4645907885657423,1.212850801393055,f7b966f56334eac5b522813fd19d7da8b1ab91bc
submission_candidate_long_propagation_v1,FADC844A73E7210CA55B,h4_long_stable_em_halo_12p40_n45,em_halo_12p40_n45,ordered_partial_real_schur_tracking,1,14,1.954768762233649,true,12.0880324599877,true,19.83677121639008,true,23.55616581946322,317761.4655377561,7.128839655890183,9648.114473803802,33.47455142765826,false,0.422694911460573,0.9531769383840135,f7b966f56334eac5b522813fd19d7da8b1ab91bc
submission_candidate_long_propagation_v1,FADC844A73E7210CA55B,h4_long_stable_em_halo_12p40_n45,em_halo_12p40_n45,ordered_partial_real_schur_tracking,1,15,2.094395102393195,true,12.0880324599877,true,19.83677121639008,true,23.55616581946322,317674.2353535399,7.128839655890183,12906.367381996,25.10591357074369,false,0.4143036204819526,0.8008121543877946,f7b966f56334eac5b522813fd19d7da8b1ab91bc
submission_candidate_long_propagation_v1,FADC844A73E7210CA55B,h4_long_stable_em_halo_12p40_n45,em_halo_12p40_n45,ordered_partial_real_schur_tracking,1,16,2.234021442552742,true,12.0880324599877,true,19.83677121639008,true,23.55616581946322,317614.3273077009,6.818890105634089,13847.73606083014,25.10591357074369,false,0.6881904796180582,0.7776961440411857,f7b966f56334eac5b522813fd19d7da8b1ab91bc
submission_candidate_long_propagation_v1,FADC844A73E7210CA55B,h4_long_stable_em_halo_12p40_n45,em_halo_12p40_n45,ordered_partial_real_schur_tracking,1,17,2.373647782712288,true,12.0880324599877,true,20.14672076664617,true,23.55616581946322,317514.9212392425,6.818890105634089,14867.41170227705,25.10591357074369,false,0.9281650861542737,0.9281650861542737,f7b966f56334eac5b522813fd19d7da8b1ab91bc
submission_candidate_long_propagation_v1,FADC844A73E7210CA55B,h4_long_stable_em_halo_12p40_n45,em_halo_12p40_n45,ordered_partial_real_schur_tracking,1,18,2.513274122871834,true,12.0880324599877,true,20.14672076664617,true,23.55616581946322,317495.7898930403,6.818890105634089,15945.85713766604,25.10591357074369,false,1.121191424218526,1.121191424218526,f7b966f56334eac5b522813fd19d7da8b1ab91bc
submission_candidate_long_propagation_v1,FADC844A73E7210CA55B,h4_long_stable_em_halo_12p40_n45,em_halo_12p40_n45,ordered_partial_real_schur_tracking,1,19,2.652900463031381,true,12.0880324599877,true,20.14672076664617,true,23.86611536971931,317488.9001474502,6.508940555377993,17057.01843355968,25.10591357074369,false,1.237556413983098,1.237556413983098,f7b966f56334eac5b522813fd19d7da8b1ab91bc
submission_candidate_long_propagation_v1,FADC844A73E7210CA55B,h4_long_stable_em_halo_12p40_n45,em_halo_12p40_n45,ordered_partial_real_schur_tracking,1,20,2.792526803190927,true,12.0880324599877,true,20.14672076664617,true,23.86611536971931,317425.2998592727,6.508940555377993,18191.70633544361,25.10591357074369,false,1.339250100407722,1.339250100407722,f7b966f56334eac5b522813fd19d7da8b1ab91bc
submission_candidate_long_propagation_v1,FADC844A73E7210CA55B,h4_long_stable_em_halo_12p40_n45,em_halo_12p40_n45,ordered_partial_real_schur_tracking,1,21,2.932153143350474,true,12.0880324599877,true,20.14672076664617,true,23.86611536971931,317433.9368533144,6.508940555377993,19336.13094580613,25.10591357074369,false,1.397748167985169,1.397748167985169,f7b966f56334eac5b522813fd19d7da8b1ab91bc
submission_candidate_long_propagation_v1,FADC844A73E7210CA55B,h4_long_stable_em_halo_12p40_n45,em_halo_12p40_n45,ordered_partial_real_schur_tracking,1,22,3.07177948351002,true,12.0880324599877,true,20.14672076664617,true,23.86611536971931,317444.8007266372,6.198991005121899,20486.23846210831,25.10591357074369,false,1.447630610089715,1.447630610089715,f7b966f56334eac5b522813fd19d7da8b1ab91bc
submission_candidate_long_propagation_v1,FADC844A73E7210CA55B,h4_long_stable_em_halo_12p40_n45,em_halo_12p40_n45,ordered_partial_real_schur_tracking,1,23,3.211405823669566,true,12.0880324599877,true,20.14672076664617,true,23.86611536971931,317397.4861804564,6.198991005121899,21635.42379630855,25.10591357074369,false,1.474840286360608,1.474840286360608,f7b966f56334eac5b522813fd19d7da8b1ab91bc
submission_candidate_long_propagation_v1,FADC844A73E7210CA55B,h4_long_stable_em_halo_12p40_n45,em_halo_12p40_n45,ordered_partial_real_schur_tracking,1,24,3.351032163829113,true,12.0880324599877,true,20.14672076664617,true,23.86611536971931,317419.9081490218,6.198991005121899,22781.13042096055,25.10591357074369,false,1.493413273088903,1.493413273088903,f7b966f56334eac5b522813fd19d7da8b1ab91bc
submission_candidate_long_propagation_v1,FADC844A73E7210CA55B,h4_long_stable_em_halo_12p40_n45,em_halo_12p40_n45,ordered_partial_real_schur_tracking,1,25,3.490658503988659,true,12.0880324599877,true,20.14672076664617,true,23.55616581946322,317437.5139030809,5.889041454865804,23920.23295576913,25.10591357074369,false,1.504029815970403,1.504029815970403,f7b966f56334eac5b522813fd19d7da8b1ab91bc
submission_candidate_long_propagation_v1,FADC844A73E7210CA55B,h4_long_stable_em_halo_12p40_n45,em_halo_12p40_n45,ordered_partial_real_schur_tracking,1,26,3.630284844148206,true,12.0880324599877,true,20.14672076664617,true,23.55616581946322,317401.7284491532,5.889041454865804,24761.1940609091,24.7959640204876,false,1.503761433938487,1.503761433938487,f7b966f56334eac5b522813fd19d7da8b1ab91bc
submission_candidate_long_propagation_v1,FADC844A73E7210CA55B,h4_long_stable_em_halo_12p40_n45,em_halo_12p40_n45,ordered_partial_real_schur_tracking,1,27,3.769911184307752,true,12.0880324599877,true,20.14672076664617,true,23.55616581946322,317436.1200558351,5.889041454865804,25566.84071080148,24.7959640204876,false,1.505871374319282,1.505871374319282,f7b966f56334eac5b522813fd19d7da8b1ab91bc
submission_candidate_long_propagation_v1,FADC844A73E7210CA55B,h4_long_stable_em_halo_12p40_n45,em_halo_12p40_n45,ordered_partial_real_schur_tracking,1,28,3.909537524467298,true,12.0880324599877,true,20.14672076664617,true,23.55616581946322,317462.2871849848,5.579091904609708,26413.51531073083,24.7959640204876,false,1.494080131974509,1.494080131974509,f7b966f56334eac5b522813fd19d7da8b1ab91bc
submission_candidate_long_propagation_v1,FADC844A73E7210CA55B,h4_long_stable_em_halo_12p40_n45,em_halo_12p40_n45,ordered_partial_real_schur_tracking,1,29,4.049163864626845,true,11.77808290973161,true,20.14672076664617,true,23.55616581946322,317443.06790143,5.579091904609708,27297.21651956105,24.7959640204876,false,1.491265335597786,1.491265335597786,f7b966f56334eac5b522813fd19d7da8b1ab91bc
submission_candidate_long_propagation_v1,FADC844A73E7210CA55B,h4_long_stable_em_halo_12p40_n45,em_halo_12p40_n45,ordered_partial_real_schur_tracking,1,30,4.188790204786391,true,11.77808290973161,true,20.14672076664617,true,23.55616581946322,317497.8707977123,5.579091904609708,28053.7143559281,24.4860144702315,false,1.471222039528815,1.471222039528815,f7b966f56334eac5b522813fd19d7da8b1ab91bc
submission_candidate_long_propagation_v1,FADC844A73E7210CA55B,h4_long_stable_em_halo_12p40_n45,em_halo_12p40_n45,ordered_partial_real_schur_tracking,1,31,4.328416544945937,true,11.77808290973161,true,20.14672076664617,true,23.55616581946322,317549.1767351013,5.269142354353614,28673.45701916883,24.4860144702315,false,1.463660647760825,1.463660647760825,f7b966f56334eac5b522813fd19d7da8b1ab91bc
submission_candidate_long_propagation_v1,FADC844A73E7210CA55B,h4_long_stable_em_halo_12p40_n45,em_halo_12p40_n45,ordered_partial_real_schur_tracking,1,32,4.468042885105484,true,11.77808290973161,true,20.14672076664617,true,23.55616581946322,317566.6337374959,5.269142354353614,29362.33935012886,24.4860144702315,false,1.43507246551639,1.43507246551639,f7b966f56334eac5b522813fd19d7da8b1ab91bc
submission_candidate_long_propagation_v1,FADC844A73E7210CA55B,h4_long_stable_em_halo_12p40_n45,em_halo_12p40_n45,ordered_partial_real_schur_tracking,1,33,4.60766922526503,true,11.77808290973161,true,20.14672076664617,true,23.55616581946322,317669.2841386719,5.269142354353614,30108.08910715866,24.17606491997541,false,1.420182184513842,1.420182184513842,f7b966f56334eac5b522813fd19d7da8b1ab91bc
submission_candidate_long_propagation_v1,FADC844A73E7210CA55B,h4_long_stable_em_halo_12p40_n45,em_halo_12p40_n45,ordered_partial_real_schur_tracking,1,34,4.747295565424577,true,11.77808290973161,true,20.14672076664617,true,23.24621626920712,317793.9649770645,4.959192804097519,30588.47371407484,24.17606491997541,false,1.378600257998339,1.378600257998339,f7b966f56334eac5b522813fd19d7da8b1ab91bc
submission_candidate_long_propagation_v1,FADC844A73E7210CA55B,h4_long_stable_em_halo_12p40_n45,em_halo_12p40_n45,ordered_partial_real_schur_tracking,1,35,4.886921905584122,true,11.77808290973161,true,20.14672076664617,true,23.24621626920712,317903.1198502337,4.959192804097519,31158.28450532721,24.17606491997541,false,1.349789095430825,1.349789095430825,f7b966f56334eac5b522813fd19d7da8b1ab91bc
submission_candidate_long_propagation_v1,FADC844A73E7210CA55B,h4_long_stable_em_halo_12p40_n45,em_halo_12p40_n45,ordered_partial_real_schur_tracking,1,36,5.026548245743669,true,11.77808290973161,true,19.83677121639008,true,23.24621626920712,318097.6924878475,17.35717481434132,31793.58284429484,24.17606491997541,false,1.283962255607102,1.283962255607102,f7b966f56334eac5b522813fd19d7da8b1ab91bc
submission_candidate_long_propagation_v1,FADC844A73E7210CA55B,h4_long_stable_em_halo_12p40_n45,em_halo_12p40_n45,ordered_partial_real_schur_tracking,1,37,5.166174585903216,true,11.77808290973161,true,19.83677121639008,true,23.24621626920712,318240.3573342412,17.35717481434132,32279.45859658292,23.86611536971931,false,1.226050106348996,1.226050106348996,f7b966f56334eac5b522813fd19d7da8b1ab91bc
submission_candidate_long_propagation_v1,FADC844A73E7210CA55B,h4_long_stable_em_halo_12p40_n45,em_halo_12p40_n45,ordered_partial_real_schur_tracking,1,38,5.305800926062762,true,11.77808290973161,true,19.83677121639008,true,23.24621626920712,318500.4057657312,17.35717481434132,32773.20250192105,23.86611536971931,false,1.108869531322606,1.108869531322606,f7b966f56334eac5b522813fd19d7da8b1ab91bc
submission_candidate_long_propagation_v1,FADC844A73E7210CA55B,h4_long_stable_em_halo_12p40_n45,em_halo_12p40_n45,ordered_partial_real_schur_tracking,1,39,5.445427266222308,true,11.77808290973161,true,19.83677121639008,true,23.24621626920712,318770.9375887187,17.04722526408522,33330.31702681361,23.86611536971931,false,0.9811314049152783,0.9811314049152783,f7b966f56334eac5b522813fd19d7da8b1ab91bc
submission_candidate_long_propagation_v1,FADC844A73E7210CA55B,h4_long_stable_em_halo_12p40_n45,em_halo_12p40_n45,ordered_partial_real_schur_tracking,1,40,5.585053606381854,true,11.46813335947551,true,19.83677121639008,true,23.24621626920712,319155.5232982808,17.04722526408522,33914.05173146107,23.86611536971931,false,0.7296245893619679,0.7296245893619679,f7b966f56334eac5b522813fd19d7da8b1ab91bc
submission_candidate_long_propagation_v1,FADC844A73E7210CA55B,h4_long_stable_em_halo_12p40_n45,em_halo_12p40_n45,ordered_partial_real_schur_tracking,1,41,5.724679946541401,true,11.46813335947551,true,19.83677121639008,true,22.93626671895102,319722.6177390303,17.04722526408522,34432.85534277127,23.55616581946322,false,0.3651505055046562,0.3888380712916165,f7b966f56334eac5b522813fd19d7da8b1ab91bc
submission_candidate_long_propagation_v1,FADC844A73E7210CA55B,h4_long_stable_em_halo_12p40_n45,em_halo_12p40_n45,ordered_partial_real_schur_tracking,1,42,5.864306286700947,true,11.46813335947551,true,19.83677121639008,true,22.93626671895102,320493.1626861102,17.04722526408522,997.6718270579602,34.40440007842653,true,0.2547312429675175,2.97510249305041,f7b966f56334eac5b522813fd19d7da8b1ab91bc
submission_candidate_long_propagation_v1,FADC844A73E7210CA55B,h4_long_stable_em_halo_12p40_n45,em_halo_12p40_n45,ordered_partial_real_schur_tracking,1,43,6.003932626860494,true,11.46813335947551,true,19.83677121639008,true,22.93626671895102,321391.4416572734,16.73727571382913,9497.695703534224,32.85465232714606,false,0.3436523759017193,0.9534161516375826,f7b966f56334eac5b522813fd19d7da8b1ab91bc
submission_candidate_long_propagation_v1,FADC844A73E7210CA55B,h4_long_stable_em_halo_12p40_n45,em_halo_12p40_n45,ordered_partial_real_schur_tracking,1,44,6.14355896702004,true,11.46813335947551,true,19.83677121639008,true,22.93626671895102,322554.3130552314,16.73727571382913,9752.672098669029,32.23475322663387,false,0.3390533990627617,0.918551164949914,f7b966f56334eac5b522813fd19d7da8b1ab91bc
submission_candidate_long_propagation_v1,FADC844A73E7210CA55B,h4_long_stable_em_halo_12p40_n45,em_halo_12p40_n45,qr_svd_shifted_cocycle_iteration,-1,0,0,true,11.46813335947551,true,19.83677121639008,true,23.55616581946322,100805.5308675587,29.75515682458511,50561.18000012177,10.53828470870723,false,1.548198752265155,2.415802007912101,f7b966f56334eac5b522813fd19d7da8b1ab91bc
submission_candidate_long_propagation_v1,FADC844A73E7210CA55B,h4_long_stable_em_halo_12p40_n45,em_halo_12p40_n45,qr_svd_shifted_cocycle_iteration,-1,1,0.1396263401595464,true,11.46813335947551,true,19.83677121639008,true,23.55616581946322,102752.8072370431,29.75515682458511,52307.33605432179,10.84823425896332,false,1.547840907511606,2.360056137888131,f7b966f56334eac5b522813fd19d7da8b1ab91bc
submission_candidate_long_propagation_v1,FADC844A73E7210CA55B,h4_long_stable_em_halo_12p40_n45,em_halo_12p40_n45,qr_svd_shifted_cocycle_iteration,-1,2,0.2792526803190927,true,11.77808290973161,true,19.83677121639008,true,23.55616581946322,105908.8038369354,29.75515682458511,52428.01288781991,1.549747751280475,false,1.545144067599767,2.342375036685984,f7b966f56334eac5b522813fd19d7da8b1ab91bc
submission_candidate_long_propagation_v1,FADC844A73E7210CA55B,h4_long_stable_em_halo_12p40_n45,em_halo_12p40_n45,qr_svd_shifted_cocycle_iteration,-1,3,0.4188790204786391,true,11.77808290973161,true,19.83677121639008,true,23.55616581946322,107529.9802934051,30.06510637484121,50625.92631612826,1.549747751280475,false,1.552378570913051,2.302557719304187,f7b966f56334eac5b522813fd19d7da8b1ab91bc
submission_candidate_long_propagation_v1,FADC844A73E7210CA55B,h4_long_stable_em_halo_12p40_n45,em_halo_12p40_n45,qr_svd_shifted_cocycle_iteration,-1,4,0.5585053606381855,true,11.77808290973161,true,19.83677121639008,true,23.55616581946322,109367.9071733055,30.06510637484121,49025.49707269351,1.549747751280475,false,1.548370079559936,2.270643697876733,f7b966f56334eac5b522813fd19d7da8b1ab91bc
submission_candidate_long_propagation_v1,FADC844A73E7210CA55B,h4_long_stable_em_halo_12p40_n45,em_halo_12p40_n45,qr_svd_shifted_cocycle_iteration,-1,5,0.6981317007977318,true,11.77808290973161,true,19.83677121639008,true,23.55616581946322,110663.9561598219,30.3750559250973,47666.42239716482,1.549747751280475,false,1.561643093683434,2.251706195384383,f7b966f56334eac5b522813fd19d7da8b1ab91bc
submission_candidate_long_propagation_v1,FADC844A73E7210CA55B,h4_long_stable_em_halo_12p40_n45,em_halo_12p40_n45,qr_svd_shifted_cocycle_iteration,-1,6,0.8377580409572782,true,11.77808290973161,true,19.83677121639008,true,23.55616581946322,110667.7514231371,30.3750559250973,46565.0065979764,1.549747751280475,false,1.556277415860655,2.235982627126026,f7b966f56334eac5b522813fd19d7da8b1ab91bc
submission_candidate_long_propagation_v1,FADC844A73E7210CA55B,h4_long_stable_em_halo_12p40_n45,em_halo_12p40_n45,qr_svd_shifted_cocycle_iteration,-1,7,0.9773843811168246,true,11.77808290973161,true,19.83677121639008,true,23.55616581946322,111345.7941345595,30.6850054753534,45722.91813517979,1.549747751280475,false,1.570103934572808,2.248756213817098,f7b966f56334eac5b522813fd19d7da8b1ab91bc
submission_candidate_long_propagation_v1,FADC844A73E7210CA55B,h4_long_stable_em_halo_12p40_n45,em_halo_12p40_n45,qr_svd_shifted_cocycle_iteration,-1,8,1.117010721276371,true,11.77808290973161,true,19.83677121639008,true,23.55616581946322,108977.0503733851,30.6850054753534,45132.40504974383,1.23979820102438,false,1.562941193907896,2.25837741340571,f7b966f56334eac5b522813fd19d7da8b1ab91bc
submission_candidate_long_propagation_v1,FADC844A73E7210CA55B,h4_long_stable_em_halo_12p40_n45,em_halo_12p40_n45,qr_svd_shifted_cocycle_iteration,-1,9,1.256637061435917,true,11.77808290973161,true,19.83677121639008,true,23.86611536971931,106711.4705040622,30.6850054753534,44544.73019759992,1.23979820102438,false,1.57375218180996,2.276608002431481,f7b966f56334eac5b522813fd19d7da8b1ab91bc
submission_candidate_long_propagation_v1,FADC844A73E7210CA55B,h4_long_stable_em_halo_12p40_n45,em_halo_12p40_n45,qr_svd_shifted_cocycle_iteration,-1,10,1.396263401595464,true,12.0880324599877,true,19.83677121639008,true,23.86611536971931,104246.3050563332,30.6850054753534,44139.90925536847,1.23979820102438,false,1.564980692342741,2.306496157628711,f7b966f56334eac5b522813fd19d7da8b1ab91bc
submission_candidate_long_propagation_v1,FADC844A73E7210CA55B,h4_long_stable_em_halo_12p40_n45,em_halo_12p40_n45,qr_svd_shifted_cocycle_iteration,-1,11,1.53588974175501,true,12.0880324599877,true,19.83677121639008,true,23.86611536971931,101532.2416482604,30.6850054753534,43914.4676435479,1.23979820102438,false,1.572470090735227,2.348011618528663,f7b966f56334eac5b522813fd19d7da8b1ab91bc
submission_candidate_long_propagation_v1,FADC844A73E7210CA55B,h4_long_stable_em_halo_12p40_n45,em_halo_12p40_n45,qr_svd_shifted_cocycle_iteration,-1,12,1.675516081914556,true,12.0880324599877,true,19.83677121639008,true,23.86611536971931,98757.97288036266,30.6850054753534,43739.23903183571,0.9298486507682848,false,1.563026910747629,2.398685413305268,f7b966f56334eac5b522813fd19d7da8b1ab91bc
submission_candidate_long_propagation_v1,FADC844A73E7210CA55B,h4_long_stable_em_halo_12p40_n45,em_halo_12p40_n45,qr_svd_shifted_cocycle_iteration,-1,13,1.815142422074103,true,12.0880324599877,true,19.83677121639008,true,23.86611536971931,96182.41822479792,30.6850054753534,43519.67276516187,0.9298486507682848,false,1.568510159321953,2.454397341910585,f7b966f56334eac5b522813fd19d7da8b1ab91bc
submission_candidate_long_propagation_v1,FADC844A73E7210CA55B,h4_long_stable_em_halo_12p40_n45,em_halo_12p40_n45,qr_svd_shifted_cocycle_iteration,-1,14,1.954768762233649,true,12.0880324599877,true,19.83677121639008,true,24.17606491997541,94105.77665344828,30.6850054753534,43445.82012820611,0.9298486507682848,false,1.559922198047982,2.506487800927648,f7b966f56334eac5b522813fd19d7da8b1ab91bc
submission_candidate_long_propagation_v1,FADC844A73E7210CA55B,h4_long_stable_em_halo_12p40_n45,em_halo_12p40_n45,qr_svd_shifted_cocycle_iteration,-1,15,2.094395102393195,true,12.0880324599877,true,19.83677121639008,true,24.17606491997541,92739.58842028936,30.6850054753534,43433.32375152753,0.6198991005121899,false,1.564867111769831,2.550733815530532,f7b966f56334eac5b522813fd19d7da8b1ab91bc
submission_candidate_long_propagation_v1,FADC844A73E7210CA55B,h4_long_stable_em_halo_12p40_n45,em_halo_12p40_n45,qr_svd_shifted_cocycle_iteration,-1,16,2.234021442552742,true,12.0880324599877,true,20.14672076664617,true,24.17606491997541,89751.53281338121,30.3750559250973,43287.11842026628,0.6198991005121899,false,1.558543441805088,2.581019153084966,f7b966f56334eac5b522813fd19d7da8b1ab91bc
submission_candidate_long_propagation_v1,FADC844A73E7210CA55B,h4_long_stable_em_halo_12p40_n45,em_halo_12p40_n45,qr_svd_shifted_cocycle_iteration,-1,17,2.373647782712288,true,12.0880324599877,true,20.14672076664617,true,24.17606491997541,86818.86064718808,30.3750559250973,43273.89838875111,0.6198991005121899,false,1.563667455533454,2.596830416404061,f7b966f56334eac5b522813fd19d7da8b1ab91bc
submission_candidate_long_propagation_v1,FADC844A73E7210CA55B,h4_long_stable_em_halo_12p40_n45,em_halo_12p40_n45,qr_svd_shifted_cocycle_iteration,-1,18,2.513274122871834,true,12.0880324599877,true,20.14672076664617,true,24.17606491997541,84589.84299269489,30.3750559250973,43289.75677804204,13.01788111075599,false,1.56029165289091,2.642597993151827,f7b966f56334eac5b522813fd19d7da8b1ab91bc
submission_candidate_long_propagation_v1,FADC844A73E7210CA55B,h4_long_stable_em_halo_12p40_n45,em_halo_12p40_n45,qr_svd_shifted_cocycle_iteration,-1,19,2.652900463031381,true,12.0880324599877,true,20.14672076664617,true,24.17606491997541,83126.03675266863,30.3750559250973,43202.15304191331,0.3099495502560949,false,1.565397197222061,2.694272927436803,f7b966f56334eac5b522813fd19d7da8b1ab91bc
submission_candidate_long_propagation_v1,FADC844A73E7210CA55B,h4_long_stable_em_halo_12p40_n45,em_halo_12p40_n45,qr_svd_shifted_cocycle_iteration,-1,20,2.792526803190927,true,12.0880324599877,true,20.14672076664617,true,24.17606491997541,82433.20192926894,30.3750559250973,43214.95673856068,0.3099495502560949,false,1.564754459210077,2.730291327779922,f7b966f56334eac5b522813fd19d7da8b1ab91bc
submission_candidate_long_propagation_v1,FADC844A73E7210CA55B,h4_long_stable_em_halo_12p40_n45,em_halo_12p40_n45,qr_svd_shifted_cocycle_iteration,-1,21,2.932153143350474,true,12.0880324599877,true,20.14672076664617,true,24.17606491997541,82460.9778756976,30.3750559250973,43208.02095015974,12.70793156049989,false,1.569097347950332,2.751114495390538,f7b966f56334eac5b522813fd19d7da8b1ab91bc
submission_candidate_long_propagation_v1,FADC844A73E7210CA55B,h4_long_stable_em_halo_12p40_n45,em_halo_12p40_n45,qr_svd_shifted_cocycle_iteration,-1,22,3.07177948351002,true,12.0880324599877,true,20.14672076664617,true,24.17606491997541,83141.62657650447,30.3750559250973,43174.86375163061,0,false,1.570283720577632,2.757368479810885,f7b966f56334eac5b522813fd19d7da8b1ab91bc
submission_candidate_long_propagation_v1,FADC844A73E7210CA55B,h4_long_stable_em_halo_12p40_n45,em_halo_12p40_n45,qr_svd_shifted_cocycle_iteration,-1,23,3.211405823669566,true,12.0880324599877,true,20.14672076664617,true,24.17606491997541,81642.79722311828,30.06510637484121,43201.72873103625,0,false,1.573177881094192,2.751222271046254,f7b966f56334eac5b522813fd19d7da8b1ab91bc
submission_candidate_long_propagation_v1,FADC844A73E7210CA55B,h4_long_stable_em_halo_12p40_n45,em_halo_12p40_n45,qr_svd_shifted_cocycle_iteration,-1,24,3.351032163829113,true,12.0880324599877,true,20.14672076664617,true,24.17606491997541,80354.05768717235,30.06510637484121,43181.64111820255,12.3979820102438,false,1.574996237934684,2.734617485644916,f7b966f56334eac5b522813fd19d7da8b1ab91bc
submission_candidate_long_propagation_v1,FADC844A73E7210CA55B,h4_long_stable_em_halo_12p40_n45,em_halo_12p40_n45,qr_svd_shifted_cocycle_iteration,-1,25,3.490658503988659,true,12.0880324599877,true,20.14672076664617,true,24.17606491997541,79615.38572352218,30.06510637484121,43241.60883914005,12.3979820102438,false,1.576268787781753,2.744686653604906,f7b966f56334eac5b522813fd19d7da8b1ab91bc
submission_candidate_long_propagation_v1,FADC844A73E7210CA55B,h4_long_stable_em_halo_12p40_n45,em_halo_12p40_n45,qr_svd_shifted_cocycle_iteration,-1,26,3.630284844148206,true,12.0880324599877,true,20.14672076664617,true,24.17606491997541,79424.92890603282,30.06510637484121,43239.9614550585,12.0880324599877,false,1.577612654432072,2.770029308470244,f7b966f56334eac5b522813fd19d7da8b1ab91bc
submission_candidate_long_propagation_v1,FADC844A73E7210CA55B,h4_long_stable_em_halo_12p40_n45,em_halo_12p40_n45,qr_svd_shifted_cocycle_iteration,-1,27,3.769911184307752,true,12.0880324599877,true,20.14672076664617,true,24.17606491997541,79774.23137147115,30.06510637484121,43184.87923466708,12.0880324599877,false,1.577669304983868,2.783580907819859,f7b966f56334eac5b522813fd19d7da8b1ab91bc
submission_candidate_long_propagation_v1,FADC844A73E7210CA55B,h4_long_stable_em_halo_12p40_n45,em_halo_12p40_n45,qr_svd_shifted_cocycle_iteration,-1,28,3.909537524467298,true,12.0880324599877,true,20.14672076664617,true,24.17606491997541,80645.34067872564,30.06510637484121,43257.24870997743,12.0880324599877,false,1.577722255645026,2.785787882011203,f7b966f56334eac5b522813fd19d7da8b1ab91bc
submission_candidate_long_propagation_v1,FADC844A73E7210CA55B,h4_long_stable_em_halo_12p40_n45,em_halo_12p40_n45,qr_svd_shifted_cocycle_iteration,-1,29,4.049163864626845,true,11.77808290973161,true,20.14672076664617,true,24.17606491997541,82009.71823565978,30.06510637484121,43261.56664149756,11.77808290973161,false,1.5772930997301,2.777073076800959,f7b966f56334eac5b522813fd19d7da8b1ab91bc
submission_candidate_long_propagation_v1,FADC844A73E7210CA55B,h4_long_stable_em_halo_12p40_n45,em_halo_12p40_n45,qr_svd_shifted_cocycle_iteration,-1,30,4.188790204786391,true,11.77808290973161,true,20.14672076664617,true,23.86611536971931,83817.33908238157,30.06510637484121,43223.22635154949,11.77808290973161,false,1.575652127002673,2.759122658605717,f7b966f56334eac5b522813fd19d7da8b1ab91bc
submission_candidate_long_propagation_v1,FADC844A73E7210CA55B,h4_long_stable_em_halo_12p40_n45,em_halo_12p40_n45,qr_svd_shifted_cocycle_iteration,-1,31,4.328416544945937,true,11.77808290973161,true,20.14672076664617,true,23.86611536971931,83405.54517225204,29.75515682458511,43314.62777501864,11.77808290973161,false,1.57547697490265,2.733067504549708,f7b966f56334eac5b522813fd19d7da8b1ab91bc
submission_candidate_long_propagation_v1,FADC844A73E7210CA55B,h4_long_stable_em_halo_12p40_n45,em_halo_12p40_n45,qr_svd_shifted_cocycle_iteration,-1,32,4.468042885105484,true,11.77808290973161,true,20.14672076664617,true,23.86611536971931,83085.71666549919,29.75515682458511,43343.72576783438,11.46813335947551,false,1.572131438797392,2.701375315472733,f7b966f56334eac5b522813fd19d7da8b1ab91bc
submission_candidate_long_propagation_v1,FADC844A73E7210CA55B,h4_long_stable_em_halo_12p40_n45,em_halo_12p40_n45,qr_svd_shifted_cocycle_iteration,-1,33,4.60766922526503,true,11.77808290973161,true,20.14672076664617,true,23.86611536971931,83258.03819842392,29.75515682458511,43339.60242544359,11.46813335947551,false,1.572746280998697,2.680833142636454,f7b966f56334eac5b522813fd19d7da8b1ab91bc
submission_candidate_long_propagation_v1,FADC844A73E7210CA55B,h4_long_stable_em_halo_12p40_n45,em_halo_12p40_n45,qr_svd_shifted_cocycle_iteration,-1,34,4.747295565424577,true,11.77808290973161,true,20.14672076664617,true,23.86611536971931,83909.31960558517,29.75515682458511,43471.98780064382,11.46813335947551,false,1.567949912939954,2.688218886176337,f7b966f56334eac5b522813fd19d7da8b1ab91bc
submission_candidate_long_propagation_v1,FADC844A73E7210CA55B,h4_long_stable_em_halo_12p40_n45,em_halo_12p40_n45,qr_svd_shifted_cocycle_iteration,-1,35,4.886921905584122,true,11.77808290973161,true,20.14672076664617,true,23.86611536971931,84980.61261849877,29.75515682458511,43580.59884175822,11.15818380921942,false,1.569580246757126,2.6854439359644,f7b966f56334eac5b522813fd19d7da8b1ab91bc
submission_candidate_long_propagation_v1,FADC844A73E7210CA55B,h4_long_stable_em_halo_12p40_n45,em_halo_12p40_n45,qr_svd_shifted_cocycle_iteration,-1,36,5.026548245743669,true,11.77808290973161,true,20.14672076664617,true,23.86611536971931,86403.44762319274,29.75515682458511,43659.0762661683,11.15818380921942,false,1.563692026646627,2.674421625962876,f7b966f56334eac5b522813fd19d7da8b1ab91bc
submission_candidate_long_propagation_v1,FADC844A73E7210CA55B,h4_long_stable_em_halo_12p40_n45,em_halo_12p40_n45,qr_svd_shifted_cocycle_iteration,-1,37,5.166174585903216,true,11.77808290973161,true,20.14672076664617,true,23.86611536971931,88087.50447235677,29.75515682458511,43892.44411732414,11.15818380921942,false,1.566238248806923,2.656301387663822,f7b966f56334eac5b522813fd19d7da8b1ab91bc
submission_candidate_long_propagation_v1,FADC844A73E7210CA55B,h4_long_stable_em_halo_12p40_n45,em_halo_12p40_n45,qr_svd_shifted_cocycle_iteration,-1,38,5.305800926062762,true,11.77808290973161,true,19.83677121639008,true,23.55616581946322,89930.70841759976,29.75515682458511,44221.15707036456,10.84823425896332,false,1.559654980506601,2.633674881312692,f7b966f56334eac5b522813fd19d7da8b1ab91bc
submission_candidate_long_propagation_v1,FADC844A73E7210CA55B,h4_long_stable_em_halo_12p40_n45,em_halo_12p40_n45,qr_svd_shifted_cocycle_iteration,-1,39,5.445427266222308,true,11.77808290973161,true,19.83677121639008,true,23.55616581946322,91836.73949049792,29.75515682458511,44505.7077007248,10.84823425896332,false,1.562712788776245,2.607453602596689,f7b966f56334eac5b522813fd19d7da8b1ab91bc
submission_candidate_long_propagation_v1,FADC844A73E7210CA55B,h4_long_stable_em_halo_12p40_n45,em_halo_12p40_n45,qr_svd_shifted_cocycle_iteration,-1,40,5.585053606381854,true,11.46813335947551,true,19.83677121639008,true,23.55616581946322,93008.75865883814,29.44520727432902,44991.51955624735,10.84823425896332,false,1.55580321269048,2.5800363001303,f7b966f56334eac5b522813fd19d7da8b1ab91bc
submission_candidate_long_propagation_v1,FADC844A73E7210CA55B,h4_long_stable_em_halo_12p40_n45,em_halo_12p40_n45,qr_svd_shifted_cocycle_iteration,-1,41,5.724679946541401,true,11.46813335947551,true,19.83677121639008,true,23.55616581946322,94296.55552647385,29.44520727432902,45685.76383060609,10.84823425896332,false,1.558664458189341,2.551344715121593,f7b966f56334eac5b522813fd19d7da8b1ab91bc
submission_candidate_long_propagation_v1,FADC844A73E7210CA55B,h4_long_stable_em_halo_12p40_n45,em_halo_12p40_n45,qr_svd_shifted_cocycle_iteration,-1,42,5.864306286700947,true,11.46813335947551,true,19.83677121639008,true,23.55616581946322,96010.40907941209,29.44520727432902,46592.95930557886,10.84823425896332,false,1.552025705338282,2.522851315979707,f7b966f56334eac5b522813fd19d7da8b1ab91bc
submission_candidate_long_propagation_v1,FADC844A73E7210CA55B,h4_long_stable_em_halo_12p40_n45,em_halo_12p40_n45,qr_svd_shifted_cocycle_iteration,-1,43,6.003932626860494,true,11.46813335947551,true,19.83677121639008,true,23.55616581946322,98173.64170229285,29.44520727432902,47645.22047875103,10.53828470870723,false,1.553684575980165,2.492410939834603,f7b966f56334eac5b522813fd19d7da8b1ab91bc
submission_candidate_long_propagation_v1,FADC844A73E7210CA55B,h4_long_stable_em_halo_12p40_n45,em_halo_12p40_n45,qr_svd_shifted_cocycle_iteration,-1,44,6.14355896702004,true,11.46813335947551,true,19.83677121639008,true,23.55616581946322,99465.76323714138,29.75515682458511,48969.68112825262,10.53828470870723,false,1.548720859806911,2.458925299488248,f7b966f56334eac5b522813fd19d7da8b1ab91bc
submission_candidate_long_propagation_v1,FADC844A73E7210CA55B,h4_long_stable_em_halo_12p40_n45,em_halo_12p40_n45,qr_svd_shifted_cocycle_iteration,1,0,0,true,11.46813335947551,true,19.83677121639008,true,22.93626671895102,323977.6997230548,16.73727571382913,14551.00648181406,31.61485412612168,false,0.3904248792925465,0.7605347768460018,f7b966f56334eac5b522813fd19d7da8b1ab91bc
submission_candidate_long_propagation_v1,FADC844A73E7210CA55B,h4_long_stable_em_halo_12p40_n45,em_halo_12p40_n45,qr_svd_shifted_cocycle_iteration,1,1,0.1396263401595464,true,11.46813335947551,true,19.83677121639008,true,22.93626671895102,325628.66300726,16.73727571382913,16361.10557607792,31.30490457586559,false,0.3364467026756074,0.6873309777314602,f7b966f56334eac5b522813fd19d7da8b1ab91bc
submission_candidate_long_propagation_v1,FADC844A73E7210CA55B,h4_long_stable_em_halo_12p40_n45,em_halo_12p40_n45,qr_svd_shifted_cocycle_iteration,1,2,0.2792526803190927,true,11.77808290973161,true,19.83677121639008,true,22.93626671895102,327440.1159025971,16.73727571382913,17074.40356362329,30.99495502560949,false,0.3575131998218946,0.6561798861692435,f7b966f56334eac5b522813fd19d7da8b1ab91bc
submission_candidate_long_propagation_v1,FADC844A73E7210CA55B,h4_long_stable_em_halo_12p40_n45,em_halo_12p40_n45,qr_svd_shifted_cocycle_iteration,1,3,0.4188790204786391,true,11.77808290973161,true,19.83677121639008,true,22.93626671895102,326777.0818062692,7.748738756402373,16152.50406588985,30.6850054753534,false,0.3009194517006931,0.6608029356937966,f7b966f56334eac5b522813fd19d7da8b1ab91bc
submission_candidate_long_propagation_v1,FADC844A73E7210CA55B,h4_long_stable_em_halo_12p40_n45,em_halo_12p40_n45,qr_svd_shifted_cocycle_iteration,1,4,0.5585053606381855,true,11.77808290973161,true,19.83677121639008,true,22.93626671895102,325026.2308907964,7.748738756402373,14035.87078688746,30.3750559250973,false,0.317246373753735,0.7138032629933992,f7b966f56334eac5b522813fd19d7da8b1ab91bc
submission_candidate_long_propagation_v1,FADC844A73E7210CA55B,h4_long_stable_em_halo_12p40_n45,em_halo_12p40_n45,qr_svd_shifted_cocycle_iteration,1,5,0.6981317007977318,true,11.77808290973161,true,19.83677121639008,true,22.93626671895102,323431.5937029892,7.748738756402373,12132.24453995924,30.06510637484121,false,0.2894044641364285,0.7807481931261565,f7b966f56334eac5b522813fd19d7da8b1ab91bc
submission_candidate_long_propagation_v1,FADC844A73E7210CA55B,h4_long_stable_em_halo_12p40_n45,em_halo_12p40_n45,qr_svd_shifted_cocycle_iteration,1,6,0.8377580409572782,true,11.77808290973161,true,19.83677121639008,true,23.24621626920712,322053.5838353963,7.748738756402373,9403.057040433476,30.06510637484121,false,0.3125052698183131,0.8957035151598037,f7b966f56334eac5b522813fd19d7da8b1ab91bc
submission_candidate_long_propagation_v1,FADC844A73E7210CA55B,h4_long_stable_em_halo_12p40_n45,em_halo_12p40_n45,qr_svd_shifted_cocycle_iteration,1,7,0.9773843811168246,true,11.77808290973161,true,19.83677121639008,true,23.24621626920712,320921.1552522596,7.748738756402373,9119.093395511882,30.06510637484121,false,0.3202659647573171,0.9211928508514677,f7b966f56334eac5b522813fd19d7da8b1ab91bc
submission_candidate_long_propagation_v1,FADC844A73E7210CA55B,h4_long_stable_em_halo_12p40_n45,em_halo_12p40_n45,qr_svd_shifted_cocycle_iteration,1,8,1.117010721276371,true,11.77808290973161,true,19.83677121639008,true,23.24621626920712,320037.7583017108,7.748738756402373,7015.74338115654,30.06510637484121,false,0.3363723158737307,1.087695150820139,f7b966f56334eac5b522813fd19d7da8b1ab91bc
submission_candidate_long_propagation_v1,FADC844A73E7210CA55B,h4_long_stable_em_halo_12p40_n45,em_halo_12p40_n45,qr_svd_shifted_cocycle_iteration,1,9,1.256637061435917,true,11.77808290973161,true,19.83677121639008,true,23.24621626920712,319389.8704842749,7.748738756402373,5699.334661949942,30.06510637484121,false,0.3565295272333235,1.221552117791155,f7b966f56334eac5b522813fd19d7da8b1ab91bc
submission_candidate_long_propagation_v1,FADC844A73E7210CA55B,h4_long_stable_em_halo_12p40_n45,em_halo_12p40_n45,qr_svd_shifted_cocycle_iteration,1,10,1.396263401595464,true,12.0880324599877,true,19.83677121639008,true,23.24621626920712,318822.3382830022,7.438789206146279,5074.633692155707,30.3750559250973,false,0.3636996389556081,1.328507331371987,f7b966f56334eac5b522813fd19d7da8b1ab91bc
submission_candidate_long_propagation_v1,FADC844A73E7210CA55B,h4_long_stable_em_halo_12p40_n45,em_halo_12p40_n45,qr_svd_shifted_cocycle_iteration,1,11,1.53588974175501,true,12.0880324599877,true,19.83677121639008,true,23.55616581946322,318413.6586377389,7.438789206146279,2531.755293461785,30.6850054753534,false,0.3975046153844806,1.918511874371372,f7b966f56334eac5b522813fd19d7da8b1ab91bc
submission_candidate_long_propagation_v1,FADC844A73E7210CA55B,h4_long_stable_em_halo_12p40_n45,em_halo_12p40_n45,qr_svd_shifted_cocycle_iteration,1,12,1.675516081914556,true,12.0880324599877,true,19.83677121639008,true,23.55616581946322,318156.0448685345,7.438789206146279,10992.3843008311,25.10591357074369,false,0.4117206062909702,0.83007776437598,f7b966f56334eac5b522813fd19d7da8b1ab91bc
submission_candidate_long_propagation_v1,FADC844A73E7210CA55B,h4_long_stable_em_halo_12p40_n45,em_halo_12p40_n45,qr_svd_shifted_cocycle_iteration,1,13,1.815142422074103,true,12.0880324599877,true,19.83677121639008,true,23.55616581946322,317950.1960690305,7.128839655890183,5842.752283214819,31.92480367637778,false,0.4645907885657423,1.212850801393055,f7b966f56334eac5b522813fd19d7da8b1ab91bc
submission_candidate_long_propagation_v1,FADC844A73E7210CA55B,h4_long_stable_em_halo_12p40_n45,em_halo_12p40_n45,qr_svd_shifted_cocycle_iteration,1,14,1.954768762233649,true,12.0880324599877,true,19.83677121639008,true,23.55616581946322,317761.4655377561,7.128839655890183,9648.114473803802,33.47455142765826,false,0.422694911460573,0.9531769383840135,f7b966f56334eac5b522813fd19d7da8b1ab91bc
submission_candidate_long_propagation_v1,FADC844A73E7210CA55B,h4_long_stable_em_halo_12p40_n45,em_halo_12p40_n45,qr_svd_shifted_cocycle_iteration,1,15,2.094395102393195,true,12.0880324599877,true,19.83677121639008,true,23.55616581946322,317674.2353535399,7.128839655890183,12906.367381996,25.10591357074369,false,0.4143036204819526,0.8008121543877946,f7b966f56334eac5b522813fd19d7da8b1ab91bc
submission_candidate_long_propagation_v1,FADC844A73E7210CA55B,h4_long_stable_em_halo_12p40_n45,em_halo_12p40_n45,qr_svd_shifted_cocycle_iteration,1,16,2.234021442552742,true,12.0880324599877,true,19.83677121639008,true,23.55616581946322,317614.3273077009,6.818890105634089,13847.73606083014,25.10591357074369,false,0.6881904796180582,0.7776961440411857,f7b966f56334eac5b522813fd19d7da8b1ab91bc
submission_candidate_long_propagation_v1,FADC844A73E7210CA55B,h4_long_stable_em_halo_12p40_n45,em_halo_12p40_n45,qr_svd_shifted_cocycle_iteration,1,17,2.373647782712288,true,12.0880324599877,true,20.14672076664617,true,23.55616581946322,317514.9212392425,6.818890105634089,14867.41170227705,25.10591357074369,false,0.9281650861542737,0.9281650861542737,f7b966f56334eac5b522813fd19d7da8b1ab91bc
submission_candidate_long_propagation_v1,FADC844A73E7210CA55B,h4_long_stable_em_halo_12p40_n45,em_halo_12p40_n45,qr_svd_shifted_cocycle_iteration,1,18,2.513274122871834,true,12.0880324599877,true,20.14672076664617,true,23.55616581946322,317495.7898930403,6.818890105634089,15945.85713766604,25.10591357074369,false,1.121191424218526,1.121191424218526,f7b966f56334eac5b522813fd19d7da8b1ab91bc
submission_candidate_long_propagation_v1,FADC844A73E7210CA55B,h4_long_stable_em_halo_12p40_n45,em_halo_12p40_n45,qr_svd_shifted_cocycle_iteration,1,19,2.652900463031381,true,12.0880324599877,true,20.14672076664617,true,23.86611536971931,317488.9001474502,6.508940555377993,17057.01843355968,25.10591357074369,false,1.237556413983098,1.237556413983098,f7b966f56334eac5b522813fd19d7da8b1ab91bc
submission_candidate_long_propagation_v1,FADC844A73E7210CA55B,h4_long_stable_em_halo_12p40_n45,em_halo_12p40_n45,qr_svd_shifted_cocycle_iteration,1,20,2.792526803190927,true,12.0880324599877,true,20.14672076664617,true,23.86611536971931,317425.2998592727,6.508940555377993,18191.70633544361,25.10591357074369,false,1.339250100407722,1.339250100407722,f7b966f56334eac5b522813fd19d7da8b1ab91bc
submission_candidate_long_propagation_v1,FADC844A73E7210CA55B,h4_long_stable_em_halo_12p40_n45,em_halo_12p40_n45,qr_svd_shifted_cocycle_iteration,1,21,2.932153143350474,true,12.0880324599877,true,20.14672076664617,true,23.86611536971931,317433.9368533144,6.508940555377993,19336.13094580613,25.10591357074369,false,1.397748167985169,1.397748167985169,f7b966f56334eac5b522813fd19d7da8b1ab91bc
submission_candidate_long_propagation_v1,FADC844A73E7210CA55B,h4_long_stable_em_halo_12p40_n45,em_halo_12p40_n45,qr_svd_shifted_cocycle_iteration,1,22,3.07177948351002,true,12.0880324599877,true,20.14672076664617,true,23.86611536971931,317444.8007266372,6.198991005121899,20486.23846210831,25.10591357074369,false,1.447630610089715,1.447630610089715,f7b966f56334eac5b522813fd19d7da8b1ab91bc
submission_candidate_long_propagation_v1,FADC844A73E7210CA55B,h4_long_stable_em_halo_12p40_n45,em_halo_12p40_n45,qr_svd_shifted_cocycle_iteration,1,23,3.211405823669566,true,12.0880324599877,true,20.14672076664617,true,23.86611536971931,317397.4861804564,6.198991005121899,21635.42379630855,25.10591357074369,false,1.474840286360608,1.474840286360608,f7b966f56334eac5b522813fd19d7da8b1ab91bc
submission_candidate_long_propagation_v1,FADC844A73E7210CA55B,h4_long_stable_em_halo_12p40_n45,em_halo_12p40_n45,qr_svd_shifted_cocycle_iteration,1,24,3.351032163829113,true,12.0880324599877,true,20.14672076664617,true,23.86611536971931,317419.9081490218,6.198991005121899,22781.13042096055,25.10591357074369,false,1.493413273088903,1.493413273088903,f7b966f56334eac5b522813fd19d7da8b1ab91bc
submission_candidate_long_propagation_v1,FADC844A73E7210CA55B,h4_long_stable_em_halo_12p40_n45,em_halo_12p40_n45,qr_svd_shifted_cocycle_iteration,1,25,3.490658503988659,true,12.0880324599877,true,20.14672076664617,true,23.55616581946322,317437.5139030809,5.889041454865804,23920.23295576913,25.10591357074369,false,1.504029815970403,1.504029815970403,f7b966f56334eac5b522813fd19d7da8b1ab91bc
submission_candidate_long_propagation_v1,FADC844A73E7210CA55B,h4_long_stable_em_halo_12p40_n45,em_halo_12p40_n45,qr_svd_shifted_cocycle_iteration,1,26,3.630284844148206,true,12.0880324599877,true,20.14672076664617,true,23.55616581946322,317401.7284491532,5.889041454865804,24761.1940609091,24.7959640204876,false,1.503761433938487,1.503761433938487,f7b966f56334eac5b522813fd19d7da8b1ab91bc
submission_candidate_long_propagation_v1,FADC844A73E7210CA55B,h4_long_stable_em_halo_12p40_n45,em_halo_12p40_n45,qr_svd_shifted_cocycle_iteration,1,27,3.769911184307752,true,12.0880324599877,true,20.14672076664617,true,23.55616581946322,317436.1200558351,5.889041454865804,25566.84071080148,24.7959640204876,false,1.505871374319282,1.505871374319282,f7b966f56334eac5b522813fd19d7da8b1ab91bc
submission_candidate_long_propagation_v1,FADC844A73E7210CA55B,h4_long_stable_em_halo_12p40_n45,em_halo_12p40_n45,qr_svd_shifted_cocycle_iteration,1,28,3.909537524467298,true,12.0880324599877,true,20.14672076664617,true,23.55616581946322,317462.2871849848,5.579091904609708,26413.51531073083,24.7959640204876,false,1.494080131974509,1.494080131974509,f7b966f56334eac5b522813fd19d7da8b1ab91bc
submission_candidate_long_propagation_v1,FADC844A73E7210CA55B,h4_long_stable_em_halo_12p40_n45,em_halo_12p40_n45,qr_svd_shifted_cocycle_iteration,1,29,4.049163864626845,true,11.77808290973161,true,20.14672076664617,true,23.55616581946322,317443.06790143,5.579091904609708,27297.21651956105,24.7959640204876,false,1.491265335597786,1.491265335597786,f7b966f56334eac5b522813fd19d7da8b1ab91bc
submission_candidate_long_propagation_v1,FADC844A73E7210CA55B,h4_long_stable_em_halo_12p40_n45,em_halo_12p40_n45,qr_svd_shifted_cocycle_iteration,1,30,4.188790204786391,true,11.77808290973161,true,20.14672076664617,true,23.55616581946322,317497.8707977123,5.579091904609708,28053.7143559281,24.4860144702315,false,1.471222039528815,1.471222039528815,f7b966f56334eac5b522813fd19d7da8b1ab91bc
submission_candidate_long_propagation_v1,FADC844A73E7210CA55B,h4_long_stable_em_halo_12p40_n45,em_halo_12p40_n45,qr_svd_shifted_cocycle_iteration,1,31,4.328416544945937,true,11.77808290973161,true,20.14672076664617,true,23.55616581946322,317549.1767351013,5.269142354353614,28673.45701916883,24.4860144702315,false,1.463660647760825,1.463660647760825,f7b966f56334eac5b522813fd19d7da8b1ab91bc
submission_candidate_long_propagation_v1,FADC844A73E7210CA55B,h4_long_stable_em_halo_12p40_n45,em_halo_12p40_n45,qr_svd_shifted_cocycle_iteration,1,32,4.468042885105484,true,11.77808290973161,true,20.14672076664617,true,23.55616581946322,317566.6337374959,5.269142354353614,29362.33935012886,24.4860144702315,false,1.43507246551639,1.43507246551639,f7b966f56334eac5b522813fd19d7da8b1ab91bc
submission_candidate_long_propagation_v1,FADC844A73E7210CA55B,h4_long_stable_em_halo_12p40_n45,em_halo_12p40_n45,qr_svd_shifted_cocycle_iteration,1,33,4.60766922526503,true,11.77808290973161,true,20.14672076664617,true,23.55616581946322,317669.2841386719,5.269142354353614,30108.08910715866,24.17606491997541,false,1.420182184513842,1.420182184513842,f7b966f56334eac5b522813fd19d7da8b1ab91bc
submission_candidate_long_propagation_v1,FADC844A73E7210CA55B,h4_long_stable_em_halo_12p40_n45,em_halo_12p40_n45,qr_svd_shifted_cocycle_iteration,1,34,4.747295565424577,true,11.77808290973161,true,20.14672076664617,true,23.24621626920712,317793.9649770645,4.959192804097519,30588.47371407484,24.17606491997541,false,1.378600257998339,1.378600257998339,f7b966f56334eac5b522813fd19d7da8b1ab91bc
submission_candidate_long_propagation_v1,FADC844A73E7210CA55B,h4_long_stable_em_halo_12p40_n45,em_halo_12p40_n45,qr_svd_shifted_cocycle_iteration,1,35,4.886921905584122,true,11.77808290973161,true,20.14672076664617,true,23.24621626920712,317903.1198502337,4.959192804097519,31158.28450532721,24.17606491997541,false,1.349789095430825,1.349789095430825,f7b966f56334eac5b522813fd19d7da8b1ab91bc
submission_candidate_long_propagation_v1,FADC844A73E7210CA55B,h4_long_stable_em_halo_12p40_n45,em_halo_12p40_n45,qr_svd_shifted_cocycle_iteration,1,36,5.026548245743669,true,11.77808290973161,true,19.83677121639008,true,23.24621626920712,318097.6924878475,17.35717481434132,31793.58284429484,24.17606491997541,false,1.283962255607102,1.283962255607102,f7b966f56334eac5b522813fd19d7da8b1ab91bc
submission_candidate_long_propagation_v1,FADC844A73E7210CA55B,h4_long_stable_em_halo_12p40_n45,em_halo_12p40_n45,qr_svd_shifted_cocycle_iteration,1,37,5.166174585903216,true,11.77808290973161,true,19.83677121639008,true,23.24621626920712,318240.3573342412,17.35717481434132,32279.45859658292,23.86611536971931,false,1.226050106348996,1.226050106348996,f7b966f56334eac5b522813fd19d7da8b1ab91bc
submission_candidate_long_propagation_v1,FADC844A73E7210CA55B,h4_long_stable_em_halo_12p40_n45,em_halo_12p40_n45,qr_svd_shifted_cocycle_iteration,1,38,5.305800926062762,true,11.77808290973161,true,19.83677121639008,true,23.24621626920712,318500.4057657312,17.35717481434132,32773.20250192105,23.86611536971931,false,1.108869531322606,1.108869531322606,f7b966f56334eac5b522813fd19d7da8b1ab91bc
submission_candidate_long_propagation_v1,FADC844A73E7210CA55B,h4_long_stable_em_halo_12p40_n45,em_halo_12p40_n45,qr_svd_shifted_cocycle_iteration,1,39,5.445427266222308,true,11.77808290973161,true,19.83677121639008,true,23.24621626920712,318770.9375887187,17.04722526408522,33330.31702681361,23.86611536971931,false,0.9811314049152783,0.9811314049152783,f7b966f56334eac5b522813fd19d7da8b1ab91bc
submission_candidate_long_propagation_v1,FADC844A73E7210CA55B,h4_long_stable_em_halo_12p40_n45,em_halo_12p40_n45,qr_svd_shifted_cocycle_iteration,1,40,5.585053606381854,true,11.46813335947551,true,19.83677121639008,true,23.24621626920712,319155.5232982808,17.04722526408522,33914.05173146107,23.86611536971931,false,0.7296245893619679,0.7296245893619679,f7b966f56334eac5b522813fd19d7da8b1ab91bc
submission_candidate_long_propagation_v1,FADC844A73E7210CA55B,h4_long_stable_em_halo_12p40_n45,em_halo_12p40_n45,qr_svd_shifted_cocycle_iteration,1,41,5.724679946541401,true,11.46813335947551,true,19.83677121639008,true,22.93626671895102,319722.6177390303,17.04722526408522,34432.85534277127,23.55616581946322,false,0.3651505055046562,0.3888380712916165,f7b966f56334eac5b522813fd19d7da8b1ab91bc
submission_candidate_long_propagation_v1,FADC844A73E7210CA55B,h4_long_stable_em_halo_12p40_n45,em_halo_12p40_n45,qr_svd_shifted_cocycle_iteration,1,42,5.864306286700947,true,11.46813335947551,true,19.83677121639008,true,22.93626671895102,320493.1626861102,17.04722526408522,997.6718270579602,34.40440007842653,true,0.2547312429675175,2.97510249305041,f7b966f56334eac5b522813fd19d7da8b1ab91bc
submission_candidate_long_propagation_v1,FADC844A73E7210CA55B,h4_long_stable_em_halo_12p40_n45,em_halo_12p40_n45,qr_svd_shifted_cocycle_iteration,1,43,6.003932626860494,true,11.46813335947551,true,19.83677121639008,true,22.93626671895102,321391.4416572734,16.73727571382913,9497.695703534224,32.85465232714606,false,0.3436523759017193,0.9534161516375826,f7b966f56334eac5b522813fd19d7da8b1ab91bc
submission_candidate_long_propagation_v1,FADC844A73E7210CA55B,h4_long_stable_em_halo_12p40_n45,em_halo_12p40_n45,qr_svd_shifted_cocycle_iteration,1,44,6.14355896702004,true,11.46813335947551,true,19.83677121639008,true,22.93626671895102,322554.3130552314,16.73727571382913,9752.672098669029,32.23475322663387,false,0.3390533990627617,0.918551164949914,f7b966f56334eac5b522813fd19d7da8b1ab91bc
submission_candidate_long_propagation_v1,FADC844A73E7210CA55B,h4_long_stable_em_vertical_12p66_n57,em_vertical_12p66_n57,ordered_partial_real_schur_tracking,-1,0,0,true,11.71806515361976,true,19.63567674390339,true,22.80272138001684,100455.7763726231,36.73771777891601,20555.46624252246,26.91987940696432,false,1.979111737387774,2.912073956987281,f7b966f56334eac5b522813fd19d7da8b1ab91bc
submission_candidate_long_propagation_v1,FADC844A73E7210CA55B,h4_long_stable_em_vertical_12p66_n57,em_vertical_12p66_n57,ordered_partial_real_schur_tracking,-1,1,0.1102313211785892,true,11.71806515361976,true,19.63567674390339,true,22.80272138001684,99386.946208925,36.73771777891601,20760.48987835031,26.91987940696432,false,1.759417290420715,1.885810998413118,f7b966f56334eac5b522813fd19d7da8b1ab91bc
submission_candidate_long_propagation_v1,FADC844A73E7210CA55B,h4_long_stable_em_vertical_12p66_n57,em_vertical_12p66_n57,ordered_partial_real_schur_tracking,-1,2,0.2204626423571785,true,11.71806515361976,true,19.63567674390339,true,22.80272138001684,93953.69362895275,37.3711267061387,22697.9836583756,26.91987940696432,false,2.254283895335472,2.734912783402521,f7b966f56334eac5b522813fd19d7da8b1ab91bc
submission_candidate_long_propagation_v1,FADC844A73E7210CA55B,h4_long_stable_em_vertical_12p66_n57,em_vertical_12p66_n57,ordered_partial_real_schur_tracking,-1,3,0.3306939635357677,true,11.71806515361976,true,19.63567674390339,true,22.80272138001684,93949.11809697685,37.3711267061387,22818.05520993198,26.91987940696432,false,1.727414052815477,1.773310100593603,f7b966f56334eac5b522813fd19d7da8b1ab91bc
submission_candidate_long_propagation_v1,FADC844A73E7210CA55B,h4_long_stable_em_vertical_12p66_n57,em_vertical_12p66_n57,ordered_partial_real_schur_tracking,-1,4,0.4409252847143569,true,11.40136069000842,true,19.63567674390339,true,22.80272138001684,141188.9012662306,38.0045356333614,24821.53836587217,26.91987940696432,false,1.896106972114176,1.896106972114176,f7b966f56334eac5b522813fd19d7da8b1ab91bc
submission_candidate_long_propagation_v1,FADC844A73E7210CA55B,h4_long_stable_em_vertical_12p66_n57,em_vertical_12p66_n57,ordered_partial_real_schur_tracking,-1,5,0.5511566058929461,true,11.40136069000842,true,19.63567674390339,true,22.80272138001684,121221.2359116973,38.0045356333614,24420.85564529792,27.23658387057567,false,0.663764917408444,0.663764917408444,f7b966f56334eac5b522813fd19d7da8b1ab91bc
submission_candidate_long_propagation_v1,FADC844A73E7210CA55B,h4_long_stable_em_vertical_12p66_n57,em_vertical_12p66_n57,ordered_partial_real_schur_tracking,-1,6,0.6613879270715354,true,11.40136069000842,true,19.63567674390339,true,22.80272138001684,318195.8994578461,15.83522318056725,12987.31531798173,37.3711267061387,false,0.5043937481822657,0.8976495471274031,f7b966f56334eac5b522813fd19d7da8b1ab91bc
submission_candidate_long_propagation_v1,FADC844A73E7210CA55B,h4_long_stable_em_vertical_12p66_n57,em_vertical_12p66_n57,ordered_partial_real_schur_tracking,-1,7,0.7716192482501246,true,11.40136069000842,true,19.63567674390339,true,22.80272138001684,318456.6387286703,16.15192764417859,12539.26357790012,37.68783116975005,false,1.17564349318496,1.982698281450524,f7b966f56334eac5b522813fd19d7da8b1ab91bc
submission_candidate_long_propagation_v1,FADC844A73E7210CA55B,h4_long_stable_em_vertical_12p66_n57,em_vertical_12p66_n57,ordered_partial_real_schur_tracking,-1,8,0.8818505694287139,true,11.40136069000842,true,19.63567674390339,true,22.80272138001684,318817.1146136458,16.15192764417859,23579.49807043737,32.30385528835718,false,0.2281439062640307,1.030910000752435,f7b966f56334eac5b522813fd19d7da8b1ab91bc
submission_candidate_long_propagation_v1,FADC844A73E7210CA55B,h4_long_stable_em_vertical_12p66_n57,em_vertical_12p66_n57,ordered_partial_real_schur_tracking,-1,9,0.9920818906073031,true,11.40136069000842,true,19.63567674390339,true,22.80272138001684,319351.6896600503,16.15192764417859,27687.62196314181,26.91987940696432,false,1.720941936664551,1.720941936664551,f7b966f56334eac5b522813fd19d7da8b1ab91bc
submission_candidate_long_propagation_v1,FADC844A73E7210CA55B,h4_long_stable_em_vertical_12p66_n57,em_vertical_12p66_n57,ordered_partial_real_schur_tracking,-1,10,1.102313211785892,true,11.40136069000842,true,19.63567674390339,true,22.80272138001684,320159.7079118376,16.15192764417859,17999.20139572662,32.30385528835718,false,0.3115244201030366,0.9539031098658002,f7b966f56334eac5b522813fd19d7da8b1ab91bc
submission_candidate_long_propagation_v1,FADC844A73E7210CA55B,h4_long_stable_em_vertical_12p66_n57,em_vertical_12p66_n57,ordered_partial_real_schur_tracking,-1,11,1.212544532964482,true,11.40136069000842,true,19.63567674390339,true,22.80272138001684,321205.206511311,16.46863210778994,21943.14632591551,31.98715082474584,false,1.880501725347017,1.880501725347017,f7b966f56334eac5b522813fd19d7da8b1ab91bc
submission_candidate_long_propagation_v1,FADC844A73E7210CA55B,h4_long_stable_em_vertical_12p66_n57,em_vertical_12p66_n57,ordered_partial_real_schur_tracking,-1,12,1.322775854143071,true,11.71806515361976,true,19.63567674390339,true,22.80272138001684,322559.8683530171,16.46863210778994,16564.20113388165,31.67044636113449,false,0.3648069293512491,0.9690609496613037,f7b966f56334eac5b522813fd19d7da8b1ab91bc
submission_candidate_long_propagation_v1,FADC844A73E7210CA55B,h4_long_stable_em_vertical_12p66_n57,em_vertical_12p66_n57,ordered_partial_real_schur_tracking,-1,13,1.43300717532166,true,11.71806515361976,true,19.63567674390339,true,22.80272138001684,324302.8567894076,16.46863210778994,18833.97426831369,31.67044636113449,false,1.923837071110422,1.923837071110422,f7b966f56334eac5b522813fd19d7da8b1ab91bc
submission_candidate_long_propagation_v1,FADC844A73E7210CA55B,h4_long_stable_em_vertical_12p66_n57,em_vertical_12p66_n57,ordered_partial_real_schur_tracking,-1,14,1.543238496500249,true,11.71806515361976,true,19.63567674390339,true,23.11942584362818,326308.5126925556,16.78533657140128,16266.38759697837,31.03703743391181,false,0.4031799609258538,1.05351132470673,f7b966f56334eac5b522813fd19d7da8b1ab91bc
submission_candidate_long_propagation_v1,FADC844A73E7210CA55B,h4_long_stable_em_vertical_12p66_n57,em_vertical_12p66_n57,ordered_partial_real_schur_tracking,-1,15,1.653469817678838,true,11.71806515361976,true,19.63567674390339,true,23.11942584362818,327739.3688758896,7.917611590283624,16129.06769762684,30.72033297030046,false,1.89023293579562,1.89023293579562,f7b966f56334eac5b522813fd19d7da8b1ab91bc
submission_candidate_long_propagation_v1,FADC844A73E7210CA55B,h4_long_stable_em_vertical_12p66_n57,em_vertical_12p66_n57,ordered_partial_real_schur_tracking,-1,16,1.763701138857428,true,11.71806515361976,true,19.63567674390339,true,23.11942584362818,325634.8768975373,8.234316053894968,15346.36284382755,30.08692404307777,false,0.5473037897541779,1.122635072384131,f7b966f56334eac5b522813fd19d7da8b1ab91bc
submission_candidate_long_propagation_v1,FADC844A73E7210CA55B,h4_long_stable_em_vertical_12p66_n57,em_vertical_12p66_n57,ordered_partial_real_schur_tracking,-1,17,1.873932460036017,true,11.71806515361976,true,19.63567674390339,true,23.11942584362818,323723.9712174231,8.551020517506315,14197.79214335792,30.08692404307777,false,1.472072464076625,1.472072464076625,f7b966f56334eac5b522813fd19d7da8b1ab91bc
submission_candidate_long_propagation_v1,FADC844A73E7210CA55B,h4_long_stable_em_vertical_12p66_n57,em_vertical_12p66_n57,ordered_partial_real_schur_tracking,-1,18,1.984163781214606,true,11.71806515361976,true,19.63567674390339,true,23.11942584362818,322060.2988302843,8.551020517506315,6612.088799459074,37.05442224252737,false,0.2873772115982774,1.001879638130641,f7b966f56334eac5b522813fd19d7da8b1ab91bc
submission_candidate_long_propagation_v1,FADC844A73E7210CA55B,h4_long_stable_em_vertical_12p66_n57,em_vertical_12p66_n57,ordered_partial_real_schur_tracking,-1,19,2.094395102393195,true,11.71806515361976,true,19.63567674390339,true,23.11942584362818,320809.4119280307,8.551020517506315,8570.191107236473,29.45351511585508,false,0.9589794420788439,1.086792329175818,f7b966f56334eac5b522813fd19d7da8b1ab91bc
submission_candidate_long_propagation_v1,FADC844A73E7210CA55B,h4_long_stable_em_vertical_12p66_n57,em_vertical_12p66_n57,ordered_partial_real_schur_tracking,-1,20,2.204626423571785,true,11.71806515361976,true,19.63567674390339,true,23.11942584362818,319799.7902293011,8.867724981117659,10531.36394629137,25.3363570889076,false,0.492190089262826,0.9583288951130894,f7b966f56334eac5b522813fd19d7da8b1ab91bc
submission_candidate_long_propagation_v1,FADC844A73E7210CA55B,h4_long_stable_em_vertical_12p66_n57,em_vertical_12p66_n57,ordered_partial_real_schur_tracking,-1,21,2.314857744750374,true,11.71806515361976,true,19.63567674390339,true,23.11942584362818,319064.1968349111,8.867724981117659,7171.569580972929,29.13681065224374,false,0.3127312051241411,1.28251035819921,f7b966f56334eac5b522813fd19d7da8b1ab91bc
submission_candidate_long_propagation_v1,FADC844A73E7210CA55B,h4_long_stable_em_vertical_12p66_n57,em_vertical_12p66_n57,ordered_partial_real_schur_tracking,-1,22,2.425089065928963,true,11.71806515361976,true,19.63567674390339,true,23.11942584362818,318569.0938560189,8.867724981117659,4215.864604941112,29.13681065224374,false,0.7578704274777348,1.281391003089918,f7b966f56334eac5b522813fd19d7da8b1ab91bc
submission_candidate_long_propagation_v1,FADC844A73E7210CA55B,h4_long_stable_em_vertical_12p66_n57,em_vertical_12p66_n57,ordered_partial_real_schur_tracking,-1,23,2.535320387107552,true,11.71806515361976,true,19.63567674390339,true,23.11942584362818,318255.7770297326,8.867724981117659,4230.44639552617,29.13681065224374,false,0.3363737678873886,1.417942663144504,f7b966f56334eac5b522813fd19d7da8b1ab91bc
submission_candidate_long_propagation_v1,FADC844A73E7210CA55B,h4_long_stable_em_vertical_12p66_n57,em_vertical_12p66_n57,ordered_partial_real_schur_tracking,-1,24,2.645551708286142,true,11.71806515361976,true,19.63567674390339,true,23.11942584362818,317986.5360563626,9.184429444729004,4729.175888574599,29.13681065224374,false,1.031686687722711,1.413812708360288,f7b966f56334eac5b522813fd19d7da8b1ab91bc
submission_candidate_long_propagation_v1,FADC844A73E7210CA55B,h4_long_stable_em_vertical_12p66_n57,em_vertical_12p66_n57,ordered_partial_real_schur_tracking,-1,25,2.755783029464731,true,11.71806515361976,true,19.63567674390339,true,23.11942584362818,317792.8000767159,9.184429444729004,4838.624612565546,34.5207865336366,false,0.3408311852825314,1.22456177828883,f7b966f56334eac5b522813fd19d7da8b1ab91bc
submission_candidate_long_propagation_v1,FADC844A73E7210CA55B,h4_long_stable_em_vertical_12p66_n57,em_vertical_12p66_n57,ordered_partial_real_schur_tracking,-1,26,2.86601435064332,true,11.71806515361976,true,19.63567674390339,true,23.43613030723953,317677.9622955452,9.184429444729004,5764.37645882828,29.13681065224374,false,1.170635076997374,1.343996066721079,f7b966f56334eac5b522813fd19d7da8b1ab91bc
submission_candidate_long_propagation_v1,FADC844A73E7210CA55B,h4_long_stable_em_vertical_12p66_n57,em_vertical_12p66_n57,ordered_partial_real_schur_tracking,-1,27,2.976245671821909,true,11.71806515361976,true,19.63567674390339,true,23.43613030723953,317625.3143696947,9.184429444729004,6663.010337423144,29.13681065224374,false,0.3510813699217331,1.256231689900218,f7b966f56334eac5b522813fd19d7da8b1ab91bc
submission_candidate_long_propagation_v1,FADC844A73E7210CA55B,h4_long_stable_em_vertical_12p66_n57,em_vertical_12p66_n57,ordered_partial_real_schur_tracking,-1,28,3.086476993000498,true,11.71806515361976,true,19.63567674390339,true,23.43613030723953,317624.220237041,9.184429444729004,4705.158826855704,29.13681065224374,false,1.253481036736155,1.504843060325848,f7b966f56334eac5b522813fd19d7da8b1ab91bc
submission_candidate_long_propagation_v1,FADC844A73E7210CA55B,h4_long_stable_em_vertical_12p66_n57,em_vertical_12p66_n57,ordered_partial_real_schur_tracking,-1,29,3.196708314179088,true,11.71806515361976,true,19.63567674390339,true,23.43613030723953,317626.8361238539,9.50113390834035,3292.655145867007,34.20408207002526,false,0.3625816777823587,1.925612800505218,f7b966f56334eac5b522813fd19d7da8b1ab91bc
submission_candidate_long_propagation_v1,FADC844A73E7210CA55B,h4_long_stable_em_vertical_12p66_n57,em_vertical_12p66_n57,ordered_partial_real_schur_tracking,-1,30,3.306939635357677,true,11.71806515361976,true,19.63567674390339,true,23.43613030723953,317608.2245100165,9.50113390834035,1873.104869596834,29.13681065224374,false,1.313453527504252,2.287155903432277,f7b966f56334eac5b522813fd19d7da8b1ab91bc
submission_candidate_long_propagation_v1,FADC844A73E7210CA55B,h4_long_stable_em_vertical_12p66_n57,em_vertical_12p66_n57,ordered_partial_real_schur_tracking,-1,31,3.417170956536266,true,11.71806515361976,true,19.63567674390339,true,23.43613030723953,317637.6829259621,9.50113390834035,1481.300648088839,29.13681065224374,true,0.3745291096378362,2.479563343755395,f7b966f56334eac5b522813fd19d7da8b1ab91bc
submission_candidate_long_propagation_v1,FADC844A73E7210CA55B,h4_long_stable_em_vertical_12p66_n57,em_vertical_12p66_n57,ordered_partial_real_schur_tracking,-1,32,3.527402277714855,true,11.71806515361976,true,19.63567674390339,true,23.43613030723953,317722.6032324185,9.50113390834035,4133.367954698086,29.13681065224374,false,1.36857063130392,1.375852043141119,f7b966f56334eac5b522813fd19d7da8b1ab91bc
submission_candidate_long_propagation_v1,FADC844A73E7210CA55B,h4_long_stable_em_vertical_12p66_n57,em_vertical_12p66_n57,ordered_partial_real_schur_tracking,-1,33,3.637633598893445,true,11.71806515361976,true,19.63567674390339,true,23.43613030723953,317876.189345026,9.50113390834035,5223.13546888924,29.13681065224374,false,0.3884222639743487,1.033231530386951,f7b966f56334eac5b522813fd19d7da8b1ab91bc
submission_candidate_long_propagation_v1,FADC844A73E7210CA55B,h4_long_stable_em_vertical_12p66_n57,em_vertical_12p66_n57,ordered_partial_real_schur_tracking,-1,34,3.747864920072034,true,11.71806515361976,true,19.63567674390339,true,23.43613030723953,318118.3200096295,9.50113390834035,6191.68394523467,25.3363570889076,false,1.432364997607421,1.432364997607421,f7b966f56334eac5b522813fd19d7da8b1ab91bc
submission_candidate_long_propagation_v1,FADC844A73E7210CA55B,h4_long_stable_em_vertical_12p66_n57,em_vertical_12p66_n57,ordered_partial_real_schur_tracking,-1,35,3.858096241250623,true,11.71806515361976,true,19.63567674390339,true,23.43613030723953,318360.8288254261,9.817838371951693,7412.563382987925,25.3363570889076,false,0.40687231784797,1.08376695483042,f7b966f56334eac5b522813fd19d7da8b1ab91bc
submission_candidate_long_propagation_v1,FADC844A73E7210CA55B,h4_long_stable_em_vertical_12p66_n57,em_vertical_12p66_n57,ordered_partial_real_schur_tracking,-1,36,3.968327562429212,true,11.71806515361976,true,19.63567674390339,true,23.43613030723953,318754.2918042819,9.817838371951693,5461.098567711756,25.3363570889076,false,1.520700843712061,1.520700843712061,f7b966f56334eac5b522813fd19d7da8b1ab91bc
submission_candidate_long_propagation_v1,FADC844A73E7210CA55B,h4_long_stable_em_vertical_12p66_n57,em_vertical_12p66_n57,ordered_partial_real_schur_tracking,-1,37,4.078558883607801,true,11.71806515361976,true,19.63567674390339,true,23.43613030723953,319353.8959937655,9.817838371951693,4155.779821739093,34.20408207002526,false,0.4328741801407603,1.108335009956204,f7b966f56334eac5b522813fd19d7da8b1ab91bc
submission_candidate_long_propagation_v1,FADC844A73E7210CA55B,h4_long_stable_em_vertical_12p66_n57,em_vertical_12p66_n57,ordered_partial_real_schur_tracking,-1,38,4.188790204786391,true,11.71806515361976,true,19.63567674390339,true,23.43613030723953,320222.2702443494,9.817838371951693,4297.243269651955,29.45351511585508,false,1.656133438917591,1.656133438917591,f7b966f56334eac5b522813fd19d7da8b1ab91bc
submission_candidate_long_propagation_v1,FADC844A73E7210CA55B,h4_long_stable_em_vertical_12p66_n57,em_vertical_12p66_n57,ordered_partial_real_schur_tracking,-1,39,4.29902152596498,true,11.71806515361976,true,19.63567674390339,true,23.11942584362818,321294.1965757086,10.13454283556304,6836.942898689159,25.3363570889076,false,0.4627759723744422,1.576338211110908,f7b966f56334eac5b522813fd19d7da8b1ab91bc
submission_candidate_long_propagation_v1,FADC844A73E7210CA55B,h4_long_stable_em_vertical_12p66_n57,em_vertical_12p66_n57,ordered_partial_real_schur_tracking,-1,40,4.409252847143569,true,11.71806515361976,true,19.63567674390339,true,23.11942584362818,322731.1168476911,10.13454283556304,4195.756887258695,25.3363570889076,false,1.857612878187182,1.857612878187182,f7b966f56334eac5b522813fd19d7da8b1ab91bc
submission_candidate_long_propagation_v1,FADC844A73E7210CA55B,h4_long_stable_em_vertical_12p66_n57,em_vertical_12p66_n57,ordered_partial_real_schur_tracking,-1,41,4.519484168322158,true,11.71806515361976,true,19.31897228029204,true,23.11942584362818,324515.4314452476,10.45124729917438,4152.580742642266,25.3363570889076,false,0.4606003385318205,1.456390289890476,f7b966f56334eac5b522813fd19d7da8b1ab91bc
submission_candidate_long_propagation_v1,FADC844A73E7210CA55B,h4_long_stable_em_vertical_12p66_n57,em_vertical_12p66_n57,ordered_partial_real_schur_tracking,-1,42,4.629715489500748,true,11.71806515361976,true,19.31897228029204,true,23.11942584362818,326568.2767459652,10.45124729917438,3847.278657789073,25.3363570889076,false,2.13524486838869,2.150495169916244,f7b966f56334eac5b522813fd19d7da8b1ab91bc
submission_candidate_long_propagation_v1,FADC844A73E7210CA55B,h4_long_stable_em_vertical_12p66_n57,em_vertical_12p66_n57,ordered_partial_real_schur_tracking,-1,43,4.739946810679337,true,11.71806515361976,true,19.31897228029204,true,23.11942584362818,327234.1068862099,1.583522318056725,7347.353135723291,25.3363570889076,false,0.4383830218109323,1.018957489330645,f7b966f56334eac5b522813fd19d7da8b1ab91bc
submission_candidate_long_propagation_v1,FADC844A73E7210CA55B,h4_long_stable_em_vertical_12p66_n57,em_vertical_12p66_n57,ordered_partial_real_schur_tracking,-1,44,4.850178131857926,true,11.71806515361976,true,19.31897228029204,true,23.11942584362818,325147.7610083768,1.90022678166807,10232.64020586344,25.65306155251894,false,2.010313004457221,2.022639688622448,f7b966f56334eac5b522813fd19d7da8b1ab91bc
submission_candidate_long_propagation_v1,FADC844A73E7210CA55B,h4_long_stable_em_vertical_12p66_n57,em_vertical_12p66_n57,ordered_partial_real_schur_tracking,-1,45,4.960409453036515,true,11.71806515361976,true,19.31897228029204,true,23.11942584362818,114764.7738856524,37.3711267061387,5273.8801449339,25.65306155251894,false,1.881987344312028,1.997193792957988,f7b966f56334eac5b522813fd19d7da8b1ab91bc
submission_candidate_long_propagation_v1,FADC844A73E7210CA55B,h4_long_stable_em_vertical_12p66_n57,em_vertical_12p66_n57,ordered_partial_real_schur_tracking,-1,46,5.070640774215105,true,11.71806515361976,true,19.31897228029204,true,23.11942584362818,127514.4118221706,36.42101331530467,11405.98370156336,25.96976601613029,false,1.264024227254311,1.553917566027408,f7b966f56334eac5b522813fd19d7da8b1ab91bc
submission_candidate_long_propagation_v1,FADC844A73E7210CA55B,h4_long_stable_em_vertical_12p66_n57,em_vertical_12p66_n57,ordered_partial_real_schur_tracking,-1,47,5.180872095393694,true,11.71806515361976,true,19.31897228029204,true,23.11942584362818,133414.4328870811,35.78760438808198,8165.783389121088,25.96976601613029,false,1.658344521157071,1.978150770722578,f7b966f56334eac5b522813fd19d7da8b1ab91bc
submission_candidate_long_propagation_v1,FADC844A73E7210CA55B,h4_long_stable_em_vertical_12p66_n57,em_vertical_12p66_n57,ordered_partial_real_schur_tracking,-1,48,5.291103416572283,true,11.71806515361976,true,19.31897228029204,true,22.80272138001684,133985.3253991671,35.78760438808198,11745.69627679244,26.28647047974163,false,1.665173403486133,1.743191257192329,f7b966f56334eac5b522813fd19d7da8b1ab91bc
submission_candidate_long_propagation_v1,FADC844A73E7210CA55B,h4_long_stable_em_vertical_12p66_n57,em_vertical_12p66_n57,ordered_partial_real_schur_tracking,-1,49,5.401334737750872,true,11.71806515361976,true,19.31897228029204,true,22.80272138001684,130248.4439450016,35.47089992447064,11195.47021541149,26.28647047974163,false,2.25193671873045,2.25193671873045,f7b966f56334eac5b522813fd19d7da8b1ab91bc
submission_candidate_long_propagation_v1,FADC844A73E7210CA55B,h4_long_stable_em_vertical_12p66_n57,em_vertical_12p66_n57,ordered_partial_real_schur_tracking,-1,50,5.511566058929461,true,11.71806515361976,true,19.63567674390339,true,22.80272138001684,128285.7285648302,35.47089992447064,13823.79546406411,26.28647047974163,false,1.798287010485774,1.798287010485774,f7b966f56334eac5b522813fd19d7da8b1ab91bc
submission_candidate_long_propagation_v1,FADC844A73E7210CA55B,h4_long_stable_em_vertical_12p66_n57,em_vertical_12p66_n57,ordered_partial_real_schur_tracking,-1,51,5.621797380108051,true,11.71806515361976,true,19.63567674390339,true,22.80272138001684,123659.3196907223,35.47089992447064,14159.64890405567,26.60317494335298,false,1.996807857634306,2.768204478003765,f7b966f56334eac5b522813fd19d7da8b1ab91bc
submission_candidate_long_propagation_v1,FADC844A73E7210CA55B,h4_long_stable_em_vertical_12p66_n57,em_vertical_12p66_n57,ordered_partial_real_schur_tracking,-1,52,5.73202870128664,true,11.71806515361976,true,19.63567674390339,true,22.80272138001684,122709.0461775244,35.47089992447064,14783.81669117432,26.60317494335298,false,1.789086412291889,1.789086412291889,f7b966f56334eac5b522813fd19d7da8b1ab91bc
submission_candidate_long_propagation_v1,FADC844A73E7210CA55B,h4_long_stable_em_vertical_12p66_n57,em_vertical_12p66_n57,ordered_partial_real_schur_tracking,-1,53,5.842260022465229,true,11.71806515361976,true,19.63567674390339,true,22.80272138001684,116021.6058863363,35.78760438808198,16881.3425046803,26.60317494335298,false,1.924819739925151,2.366581219037283,f7b966f56334eac5b522813fd19d7da8b1ab91bc
submission_candidate_long_propagation_v1,FADC844A73E7210CA55B,h4_long_stable_em_vertical_12p66_n57,em_vertical_12p66_n57,ordered_partial_real_schur_tracking,-1,54,5.952491343643818,true,11.71806515361976,true,19.63567674390339,true,22.80272138001684,115484.2005038864,35.78760438808198,17240.836874176,26.91987940696432,false,1.762382610151719,1.774021431779062,f7b966f56334eac5b522813fd19d7da8b1ab91bc
submission_candidate_long_propagation_v1,FADC844A73E7210CA55B,h4_long_stable_em_vertical_12p66_n57,em_vertical_12p66_n57,ordered_partial_real_schur_tracking,-1,55,6.062722664822408,true,11.71806515361976,true,19.63567674390339,true,22.80272138001684,108229.1396998432,36.10430885169333,18631.18393424676,26.91987940696432,false,1.921744248470999,2.522502285252801,f7b966f56334eac5b522813fd19d7da8b1ab91bc
submission_candidate_long_propagation_v1,FADC844A73E7210CA55B,h4_long_stable_em_vertical_12p66_n57,em_vertical_12p66_n57,ordered_partial_real_schur_tracking,-1,56,6.172953986000997,true,11.71806515361976,true,19.63567674390339,true,22.80272138001684,108589.890224988,36.42101331530467,18744.62557164742,26.91987940696432,false,1.751584318755718,1.841858503906978,f7b966f56334eac5b522813fd19d7da8b1ab91bc
submission_candidate_long_propagation_v1,FADC844A73E7210CA55B,h4_long_stable_em_vertical_12p66_n57,em_vertical_12p66_n57,ordered_partial_real_schur_tracking,1,0,0,true,11.71806515361976,true,19.63567674390339,true,23.11942584362818,113042.8733337335,29.13681065224374,43471.28677848854,9.184429444729004,false,1.739830994222383,2.283255203168252,f7b966f56334eac5b522813fd19d7da8b1ab91bc
submission_candidate_long_propagation_v1,FADC844A73E7210CA55B,h4_long_stable_em_vertical_12p66_n57,em_vertical_12p66_n57,ordered_partial_real_schur_tracking,1,1,0.1102313211785892,true,11.71806515361976,true,19.63567674390339,true,23.11942584362818,110209.9362481774,29.13681065224374,43410.7965660492,9.50113390834035,false,2.420599876988191,2.420599876988191,f7b966f56334eac5b522813fd19d7da8b1ab91bc
submission_candidate_long_propagation_v1,FADC844A73E7210CA55B,h4_long_stable_em_vertical_12p66_n57,em_vertical_12p66_n57,ordered_partial_real_schur_tracking,1,2,0.2204626423571785,true,11.71806515361976,true,19.63567674390339,true,23.11942584362818,110650.6053553833,29.13681065224374,43389.02081410593,9.50113390834035,false,1.750827155331527,2.324500842601778,f7b966f56334eac5b522813fd19d7da8b1ab91bc
submission_candidate_long_propagation_v1,FADC844A73E7210CA55B,h4_long_stable_em_vertical_12p66_n57,em_vertical_12p66_n57,ordered_partial_real_schur_tracking,1,3,0.3306939635357677,true,11.71806515361976,true,19.63567674390339,true,23.11942584362818,107738.6824853845,29.13681065224374,43433.4917877023,9.50113390834035,false,2.374415004970068,2.374415004970068,f7b966f56334eac5b522813fd19d7da8b1ab91bc
submission_candidate_long_propagation_v1,FADC844A73E7210CA55B,h4_long_stable_em_vertical_12p66_n57,em_vertical_12p66_n57,ordered_partial_real_schur_tracking,1,4,0.4409252847143569,true,11.40136069000842,true,19.63567674390339,true,23.11942584362818,108716.1690485239,29.13681065224374,43554.08712901747,9.50113390834035,false,1.757955428119646,2.364642023112501,f7b966f56334eac5b522813fd19d7da8b1ab91bc
submission_candidate_long_propagation_v1,FADC844A73E7210CA55B,h4_long_stable_em_vertical_12p66_n57,em_vertical_12p66_n57,ordered_partial_real_schur_tracking,1,5,0.5511566058929461,true,11.40136069000842,true,19.63567674390339,true,23.11942584362818,105542.9033230277,29.13681065224374,43767.54451358877,9.50113390834035,false,2.32992001018831,2.32992001018831,f7b966f56334eac5b522813fd19d7da8b1ab91bc
submission_candidate_long_propagation_v1,FADC844A73E7210CA55B,h4_long_stable_em_vertical_12p66_n57,em_vertical_12p66_n57,ordered_partial_real_schur_tracking,1,6,0.6613879270715354,true,11.40136069000842,true,19.63567674390339,true,23.11942584362818,107283.7196018468,29.13681065224374,43971.95970522465,9.817838371951693,false,1.761533143088563,2.405539692234204,f7b966f56334eac5b522813fd19d7da8b1ab91bc
submission_candidate_long_propagation_v1,FADC844A73E7210CA55B,h4_long_stable_em_vertical_12p66_n57,em_vertical_12p66_n57,ordered_partial_real_schur_tracking,1,7,0.7716192482501246,true,11.40136069000842,true,19.63567674390339,true,23.43613030723953,103721.3097504069,29.13681065224374,44226.50745157893,9.817838371951693,false,2.2833451467373,2.341020373566017,f7b966f56334eac5b522813fd19d7da8b1ab91bc
submission_candidate_long_propagation_v1,FADC844A73E7210CA55B,h4_long_stable_em_vertical_12p66_n57,em_vertical_12p66_n57,ordered_partial_real_schur_tracking,1,8,0.8818505694287139,true,11.40136069000842,true,19.63567674390339,true,23.11942584362818,104775.0669177022,29.45351511585508,44676.89459372108,9.817838371951693,false,1.75946312271878,2.445724276778976,f7b966f56334eac5b522813fd19d7da8b1ab91bc
submission_candidate_long_propagation_v1,FADC844A73E7210CA55B,h4_long_stable_em_vertical_12p66_n57,em_vertical_12p66_n57,ordered_partial_real_schur_tracking,1,9,0.9920818906073031,true,11.40136069000842,true,19.63567674390339,true,23.43613030723953,102944.6980410642,29.13681065224374,45386.09244865311,9.817838371951693,false,2.2244893550363,2.358801505649362,f7b966f56334eac5b522813fd19d7da8b1ab91bc
submission_candidate_long_propagation_v1,FADC844A73E7210CA55B,h4_long_stable_em_vertical_12p66_n57,em_vertical_12p66_n57,ordered_partial_real_schur_tracking,1,10,1.102313211785892,true,11.40136069000842,true,19.63567674390339,true,23.43613030723953,102668.7307782759,29.45351511585508,46263.53005372309,10.13454283556304,false,1.747036379041328,2.469764176008382,f7b966f56334eac5b522813fd19d7da8b1ab91bc
submission_candidate_long_propagation_v1,FADC844A73E7210CA55B,h4_long_stable_em_vertical_12p66_n57,em_vertical_12p66_n57,ordered_partial_real_schur_tracking,1,11,1.212544532964482,true,11.40136069000842,true,19.95238120751473,true,23.43613030723953,100725.8412093817,29.45351511585508,47433.1844639671,10.13454283556304,false,2.136548047045753,2.339920244720375,f7b966f56334eac5b522813fd19d7da8b1ab91bc
submission_candidate_long_propagation_v1,FADC844A73E7210CA55B,h4_long_stable_em_vertical_12p66_n57,em_vertical_12p66_n57,ordered_partial_real_schur_tracking,1,12,1.322775854143071,true,11.71806515361976,true,19.95238120751473,true,23.43613030723953,103788.1083581148,29.45351511585508,49038.80260358465,10.45124729917438,false,1.724373426308544,2.516538802640983,f7b966f56334eac5b522813fd19d7da8b1ab91bc
submission_candidate_long_propagation_v1,FADC844A73E7210CA55B,h4_long_stable_em_vertical_12p66_n57,em_vertical_12p66_n57,ordered_partial_real_schur_tracking,1,13,1.43300717532166,true,11.71806515361976,true,19.95238120751473,true,23.43613030723953,103433.8953341708,29.77021957946642,50885.69826140344,10.45124729917438,false,2.029530517097983,2.32331424586589,f7b966f56334eac5b522813fd19d7da8b1ab91bc
submission_candidate_long_propagation_v1,FADC844A73E7210CA55B,h4_long_stable_em_vertical_12p66_n57,em_vertical_12p66_n57,ordered_partial_real_schur_tracking,1,14,1.543238496500249,true,11.71806515361976,true,19.95238120751473,true,23.43613030723953,104616.4137215953,29.77021957946642,53022.9896446054,10.76795176278573,false,1.692660890070284,2.471668707840533,f7b966f56334eac5b522813fd19d7da8b1ab91bc
submission_candidate_long_propagation_v1,FADC844A73E7210CA55B,h4_long_stable_em_vertical_12p66_n57,em_vertical_12p66_n57,ordered_partial_real_schur_tracking,1,15,1.653469817678838,true,11.71806515361976,true,19.63567674390339,true,23.43613030723953,107697.2093827936,30.08692404307777,51589.05410005032,1.90022678166807,false,1.968253146796599,2.235548592781507,f7b966f56334eac5b522813fd19d7da8b1ab91bc
submission_candidate_long_propagation_v1,FADC844A73E7210CA55B,h4_long_stable_em_vertical_12p66_n57,em_vertical_12p66_n57,ordered_partial_real_schur_tracking,1,16,1.763701138857428,true,11.71806515361976,true,19.63567674390339,true,23.43613030723953,112225.7522445978,30.40362850668912,49594.73029538724,1.90022678166807,false,1.620103173230698,2.33739809750397,f7b966f56334eac5b522813fd19d7da8b1ab91bc
submission_candidate_long_propagation_v1,FADC844A73E7210CA55B,h4_long_stable_em_vertical_12p66_n57,em_vertical_12p66_n57,ordered_partial_real_schur_tracking,1,17,1.873932460036017,true,11.71806515361976,true,19.63567674390339,true,23.43613030723953,117527.4822184691,30.40362850668912,47909.13723549781,2.216931245279415,false,1.918707697244701,2.114499313330679,f7b966f56334eac5b522813fd19d7da8b1ab91bc
submission_candidate_long_propagation_v1,FADC844A73E7210CA55B,h4_long_stable_em_vertical_12p66_n57,em_vertical_12p66_n57,ordered_partial_real_schur_tracking,1,18,1.984163781214606,true,11.71806515361976,true,19.63567674390339,true,23.43613030723953,122800.1244349284,30.72033297030046,46607.28370063137,2.216931245279415,false,1.658433200210764,2.142777169881252,f7b966f56334eac5b522813fd19d7da8b1ab91bc
submission_candidate_long_propagation_v1,FADC844A73E7210CA55B,h4_long_stable_em_vertical_12p66_n57,em_vertical_12p66_n57,ordered_partial_real_schur_tracking,1,19,2.094395102393195,true,11.71806515361976,true,19.63567674390339,true,23.43613030723953,128569.8835948955,31.03703743391181,45659.97493970356,2.53363570889076,false,1.618000386132488,2.008300999838626,f7b966f56334eac5b522813fd19d7da8b1ab91bc
submission_candidate_long_propagation_v1,FADC844A73E7210CA55B,h4_long_stable_em_vertical_12p66_n57,em_vertical_12p66_n57,ordered_partial_real_schur_tracking,1,20,2.204626423571785,true,11.71806515361976,true,19.63567674390339,true,23.43613030723953,133572.1234922635,31.35374189752315,44866.6366470014,2.53363570889076,false,1.794038838801099,1.987980067397453,f7b966f56334eac5b522813fd19d7da8b1ab91bc
submission_candidate_long_propagation_v1,FADC844A73E7210CA55B,h4_long_stable_em_vertical_12p66_n57,em_vertical_12p66_n57,ordered_partial_real_schur_tracking,1,21,2.314857744750374,true,11.71806515361976,true,19.63567674390339,true,23.43613030723953,138564.5768900553,31.67044636113449,44354.71940918788,2.53363570889076,false,1.719083676962392,2.12469107849809,f7b966f56334eac5b522813fd19d7da8b1ab91bc
submission_candidate_long_propagation_v1,FADC844A73E7210CA55B,h4_long_stable_em_vertical_12p66_n57,em_vertical_12p66_n57,ordered_partial_real_schur_tracking,1,22,2.425089065928963,true,11.71806515361976,true,19.63567674390339,true,23.43613030723953,141967.2933676782,31.67044636113449,44057.70309108046,2.53363570889076,false,1.587887618307533,1.888111744968471,f7b966f56334eac5b522813fd19d7da8b1ab91bc
submission_candidate_long_propagation_v1,FADC844A73E7210CA55B,h4_long_stable_em_vertical_12p66_n57,em_vertical_12p66_n57,ordered_partial_real_schur_tracking,1,23,2.535320387107552,true,11.71806515361976,true,19.63567674390339,true,23.43613030723953,145471.3450135547,31.98715082474584,43827.74340937273,2.850340172502105,false,1.648533108614805,1.933549917805991,f7b966f56334eac5b522813fd19d7da8b1ab91bc
submission_candidate_long_propagation_v1,FADC844A73E7210CA55B,h4_long_stable_em_vertical_12p66_n57,em_vertical_12p66_n57,ordered_partial_real_schur_tracking,1,24,2.645551708286142,true,11.71806515361976,true,19.63567674390339,true,23.43613030723953,148129.0229061875,31.98715082474584,43592.6312479238,2.850340172502105,false,1.623608338841822,1.829693125145095,f7b966f56334eac5b522813fd19d7da8b1ab91bc
submission_candidate_long_propagation_v1,FADC844A73E7210CA55B,h4_long_stable_em_vertical_12p66_n57,em_vertical_12p66_n57,ordered_partial_real_schur_tracking,1,25,2.755783029464731,true,11.71806515361976,true,19.63567674390339,true,23.43613030723953,150175.2553003397,31.98715082474584,43457.13641018285,2.850340172502105,false,1.63045108839007,1.984690059928854,f7b966f56334eac5b522813fd19d7da8b1ab91bc
submission_candidate_long_propagation_v1,FADC844A73E7210CA55B,h4_long_stable_em_vertical_12p66_n57,em_vertical_12p66_n57,ordered_partial_real_schur_tracking,1,26,2.86601435064332,true,11.71806515361976,true,19.63567674390339,true,23.43613030723953,153107.0207386186,31.98715082474584,43402.50430990529,2.850340172502105,false,1.641236743152004,1.788226989053306,f7b966f56334eac5b522813fd19d7da8b1ab91bc
submission_candidate_long_propagation_v1,FADC844A73E7210CA55B,h4_long_stable_em_vertical_12p66_n57,em_vertical_12p66_n57,ordered_partial_real_schur_tracking,1,27,2.976245671821909,true,11.71806515361976,true,19.63567674390339,true,23.43613030723953,154758.7631040164,32.30385528835718,43416.55714015049,2.850340172502105,false,1.622496046518457,2.196192930552326,f7b966f56334eac5b522813fd19d7da8b1ab91bc
submission_candidate_long_propagation_v1,FADC844A73E7210CA55B,h4_long_stable_em_vertical_12p66_n57,em_vertical_12p66_n57,ordered_partial_real_schur_tracking,1,28,3.086476993000498,true,11.71806515361976,true,19.63567674390339,true,23.43613030723953,157028.5201418794,32.30385528835718,43464.98571679283,3.16704463611345,false,1.649959701283034,1.755062015360092,f7b966f56334eac5b522813fd19d7da8b1ab91bc
submission_candidate_long_propagation_v1,FADC844A73E7210CA55B,h4_long_stable_em_vertical_12p66_n57,em_vertical_12p66_n57,ordered_partial_real_schur_tracking,1,29,3.196708314179088,true,11.71806515361976,true,19.63567674390339,true,23.43613030723953,158224.1224333723,32.30385528835718,43396.93189131285,3.16704463611345,false,1.619062644231845,2.364466593601836,f7b966f56334eac5b522813fd19d7da8b1ab91bc
submission_candidate_long_propagation_v1,FADC844A73E7210CA55B,h4_long_stable_em_vertical_12p66_n57,em_vertical_12p66_n57,ordered_partial_real_schur_tracking,1,30,3.306939635357677,true,11.71806515361976,true,19.63567674390339,true,23.43613030723953,160596.3479877142,32.30385528835718,43390.41372223083,3.16704463611345,false,1.65577077262882,1.728663846091609,f7b966f56334eac5b522813fd19d7da8b1ab91bc
submission_candidate_long_propagation_v1,FADC844A73E7210CA55B,h4_long_stable_em_vertical_12p66_n57,em_vertical_12p66_n57,ordered_partial_real_schur_tracking,1,31,3.417170956536266,true,11.71806515361976,true,19.63567674390339,true,23.43613030723953,161869.7187085021,32.30385528835718,43451.93965102045,3.16704463611345,false,1.617445134601635,2.417896256757993,f7b966f56334eac5b522813fd19d7da8b1ab91bc
submission_candidate_long_propagation_v1,FADC844A73E7210CA55B,h4_long_stable_em_vertical_12p66_n57,em_vertical_12p66_n57,ordered_partial_real_schur_tracking,1,32,3.527402277714855,true,11.71806515361976,true,19.63567674390339,true,23.43613030723953,164321.6191495627,32.30385528835718,43543.20053001446,15.83522318056725,false,1.661307918225877,1.702561484276247,f7b966f56334eac5b522813fd19d7da8b1ab91bc
submission_candidate_long_propagation_v1,FADC844A73E7210CA55B,h4_long_stable_em_vertical_12p66_n57,em_vertical_12p66_n57,ordered_partial_real_schur_tracking,1,33,3.637633598893445,true,11.71806515361976,true,19.63567674390339,true,23.43613030723953,165702.7051410081,32.30385528835718,43644.75401285337,15.83522318056725,false,1.616417603681954,2.420687504864399,f7b966f56334eac5b522813fd19d7da8b1ab91bc
submission_candidate_long_propagation_v1,FADC844A73E7210CA55B,h4_long_stable_em_vertical_12p66_n57,em_vertical_12p66_n57,ordered_partial_real_schur_tracking,1,34,3.747864920072034,true,11.71806515361976,true,19.63567674390339,true,23.43613030723953,168268.4394871666,32.30385528835718,43837.4940071793,15.83522318056725,false,1.668198409871169,1.675065672311361,f7b966f56334eac5b522813fd19d7da8b1ab91bc
submission_candidate_long_propagation_v1,FADC844A73E7210CA55B,h4_long_stable_em_vertical_12p66_n57,em_vertical_12p66_n57,ordered_partial_real_schur_tracking,1,35,3.858096241250623,true,11.71806515361976,true,19.63567674390339,true,23.43613030723953,169810.5706708022,32.30385528835718,44083.15830179332,16.15192764417859,false,1.615459808089054,2.448828676712206,f7b966f56334eac5b522813fd19d7da8b1ab91bc
submission_candidate_long_propagation_v1,FADC844A73E7210CA55B,h4_long_stable_em_vertical_12p66_n57,em_vertical_12p66_n57,ordered_partial_real_schur_tracking,1,36,3.968327562429212,true,11.71806515361976,true,19.63567674390339,true,23.43613030723953,172552.3873797428,32.30385528835718,44303.79052439551,16.15192764417859,false,1.678607401977957,1.686110946015068,f7b966f56334eac5b522813fd19d7da8b1ab91bc
submission_candidate_long_propagation_v1,FADC844A73E7210CA55B,h4_long_stable_em_vertical_12p66_n57,em_vertical_12p66_n57,ordered_partial_real_schur_tracking,1,37,4.078558883607801,true,11.71806515361976,true,19.63567674390339,true,23.43613030723953,174315.8313022651,32.30385528835718,44704.73640574819,16.15192764417859,false,1.614608241638809,2.561107023345734,f7b966f56334eac5b522813fd19d7da8b1ab91bc
submission_candidate_long_propagation_v1,FADC844A73E7210CA55B,h4_long_stable_em_vertical_12p66_n57,em_vertical_12p66_n57,ordered_partial_real_schur_tracking,1,38,4.188790204786391,true,11.71806515361976,true,19.63567674390339,true,23.43613030723953,177320.8183957259,32.30385528835718,45352.7729789431,16.15192764417859,false,1.697009251956589,1.712701557237918,f7b966f56334eac5b522813fd19d7da8b1ab91bc
submission_candidate_long_propagation_v1,FADC844A73E7210CA55B,h4_long_stable_em_vertical_12p66_n57,em_vertical_12p66_n57,ordered_partial_real_schur_tracking,1,39,4.29902152596498,true,11.71806515361976,true,19.63567674390339,true,23.43613030723953,179392.2542888832,32.30385528835718,46241.37074658996,16.46863210778994,false,1.615389664236975,2.536003310697148,f7b966f56334eac5b522813fd19d7da8b1ab91bc
submission_candidate_long_propagation_v1,FADC844A73E7210CA55B,h4_long_stable_em_vertical_12p66_n57,em_vertical_12p66_n57,ordered_partial_real_schur_tracking,1,40,4.409252847143569,true,11.71806515361976,true,19.63567674390339,true,23.43613030723953,181510.0140542382,31.98715082474584,47316.55610152294,16.46863210778994,false,1.732584387528209,1.769797909310034,f7b966f56334eac5b522813fd19d7da8b1ab91bc
submission_candidate_long_propagation_v1,FADC844A73E7210CA55B,h4_long_stable_em_vertical_12p66_n57,em_vertical_12p66_n57,ordered_partial_real_schur_tracking,1,41,4.519484168322158,true,11.71806515361976,true,19.31897228029204,true,23.43613030723953,181932.2487894958,31.67044636113449,48852.21572517077,16.46863210778994,false,1.624344340719809,2.121433980960389,f7b966f56334eac5b522813fd19d7da8b1ab91bc
submission_candidate_long_propagation_v1,FADC844A73E7210CA55B,h4_long_stable_em_vertical_12p66_n57,em_vertical_12p66_n57,ordered_partial_real_schur_tracking,1,42,4.629715489500748,true,11.71806515361976,true,19.31897228029204,true,23.43613030723953,181329.8497102328,31.35374189752315,50661.68129592926,16.78533657140128,false,1.801835869850546,1.892832040700456,f7b966f56334eac5b522813fd19d7da8b1ab91bc
submission_candidate_long_propagation_v1,FADC844A73E7210CA55B,h4_long_stable_em_vertical_12p66_n57,em_vertical_12p66_n57,ordered_partial_real_schur_tracking,1,43,4.739946810679337,true,11.71806515361976,true,19.31897228029204,true,23.43613030723953,177997.5499291745,31.03703743391181,52821.567509345,17.10204103501263,false,1.65419420561829,2.082117132102757,f7b966f56334eac5b522813fd19d7da8b1ab91bc
submission_candidate_long_propagation_v1,FADC844A73E7210CA55B,h4_long_stable_em_vertical_12p66_n57,em_vertical_12p66_n57,ordered_partial_real_schur_tracking,1,44,4.850178131857926,true,11.71806515361976,true,19.31897228029204,true,23.43613030723953,172574.8535920983,30.40362850668912,52100.25735913575,7.917611590283624,false,1.947773062316,2.08789877042146,f7b966f56334eac5b522813fd19d7da8b1ab91bc
submission_candidate_long_propagation_v1,FADC844A73E7210CA55B,h4_long_stable_em_vertical_12p66_n57,em_vertical_12p66_n57,ordered_partial_real_schur_tracking,1,45,4.960409453036515,true,11.71806515361976,true,19.31897228029204,true,23.43613030723953,165394.0775459432,30.08692404307777,50028.24738048017,8.234316053894968,false,1.712022758697196,2.006598054917513,f7b966f56334eac5b522813fd19d7da8b1ab91bc
submission_candidate_long_propagation_v1,FADC844A73E7210CA55B,h4_long_stable_em_vertical_12p66_n57,em_vertical_12p66_n57,ordered_partial_real_schur_tracking,1,46,5.070640774215105,true,11.71806515361976,true,19.31897228029204,true,23.43613030723953,156798.8033261499,29.77021957946642,48295.38513900806,8.551020517506315,false,2.228916639659198,2.328510883361422,f7b966f56334eac5b522813fd19d7da8b1ab91bc
submission_candidate_long_propagation_v1,FADC844A73E7210CA55B,h4_long_stable_em_vertical_12p66_n57,em_vertical_12p66_n57,ordered_partial_real_schur_tracking,1,47,5.180872095393694,true,11.71806515361976,true,19.31897228029204,true,23.43613030723953,148740.3516124245,29.77021957946642,46878.67148124606,8.551020517506315,false,1.831837795429712,1.976938802108995,f7b966f56334eac5b522813fd19d7da8b1ab91bc
submission_candidate_long_propagation_v1,FADC844A73E7210CA55B,h4_long_stable_em_vertical_12p66_n57,em_vertical_12p66_n57,ordered_partial_real_schur_tracking,1,48,5.291103416572283,true,11.71806515361976,true,19.31897228029204,true,23.11942584362818,140851.2461729607,29.45351511585508,45902.41529969293,8.867724981117659,false,2.526227333026304,2.526227333026304,f7b966f56334eac5b522813fd19d7da8b1ab91bc
submission_candidate_long_propagation_v1,FADC844A73E7210CA55B,h4_long_stable_em_vertical_12p66_n57,em_vertical_12p66_n57,ordered_partial_real_schur_tracking,1,49,5.401334737750872,true,11.71806515361976,true,19.63567674390339,true,23.11942584362818,135092.6721762677,29.45351511585508,45030.77408002146,8.867724981117659,false,2.098919121095255,2.098919121095255,f7b966f56334eac5b522813fd19d7da8b1ab91bc
submission_candidate_long_propagation_v1,FADC844A73E7210CA55B,h4_long_stable_em_vertical_12p66_n57,em_vertical_12p66_n57,ordered_partial_real_schur_tracking,1,50,5.511566058929461,true,11.71806515361976,true,19.63567674390339,true,23.11942584362818,129788.6053448032,29.45351511585508,44457.84464736527,8.867724981117659,false,2.621681374327119,2.621681374327119,f7b966f56334eac5b522813fd19d7da8b1ab91bc
submission_candidate_long_propagation_v1,FADC844A73E7210CA55B,h4_long_stable_em_vertical_12p66_n57,em_vertical_12p66_n57,ordered_partial_real_schur_tracking,1,51,5.621797380108051,true,11.71806515361976,true,19.63567674390339,true,23.11942584362818,126697.8517734039,29.45351511585508,44114.67521321626,8.867724981117659,false,1.677629170064547,2.492834467764871,f7b966f56334eac5b522813fd19d7da8b1ab91bc
submission_candidate_long_propagation_v1,FADC844A73E7210CA55B,h4_long_stable_em_vertical_12p66_n57,em_vertical_12p66_n57,ordered_partial_real_schur_tracking,1,52,5.73202870128664,true,11.71806515361976,true,19.63567674390339,true,23.11942584362818,121975.2442625237,29.13681065224374,43904.32894171571,9.184429444729004,false,2.585256358801928,2.585256358801928,f7b966f56334eac5b522813fd19d7da8b1ab91bc
submission_candidate_long_propagation_v1,FADC844A73E7210CA55B,h4_long_stable_em_vertical_12p66_n57,em_vertical_12p66_n57,ordered_partial_real_schur_tracking,1,53,5.842260022465229,true,11.71806515361976,true,19.63567674390339,true,23.11942584362818,120332.5606103203,29.13681065224374,43641.6004551865,9.184429444729004,false,1.700237108676307,2.178885648308681,f7b966f56334eac5b522813fd19d7da8b1ab91bc
submission_candidate_long_propagation_v1,FADC844A73E7210CA55B,h4_long_stable_em_vertical_12p66_n57,em_vertical_12p66_n57,ordered_partial_real_schur_tracking,1,54,5.952491343643818,true,11.71806515361976,true,19.63567674390339,true,23.11942584362818,116747.468228871,29.13681065224374,43484.27277536522,9.184429444729004,false,2.525822349588659,2.525822349588659,f7b966f56334eac5b522813fd19d7da8b1ab91bc
submission_candidate_long_propagation_v1,FADC844A73E7210CA55B,h4_long_stable_em_vertical_12p66_n57,em_vertical_12p66_n57,ordered_partial_real_schur_tracking,1,55,6.062722664822408,true,11.71806515361976,true,19.63567674390339,true,23.11942584362818,116093.9625793557,29.13681065224374,43411.52638045509,9.184429444729004,false,1.723444818766114,2.245157901655225,f7b966f56334eac5b522813fd19d7da8b1ab91bc
submission_candidate_long_propagation_v1,FADC844A73E7210CA55B,h4_long_stable_em_vertical_12p66_n57,em_vertical_12p66_n57,ordered_partial_real_schur_tracking,1,56,6.172953986000997,true,11.71806515361976,true,19.63567674390339,true,23.11942584362818,113091.000426126,29.13681065224374,43409.99381033702,9.184429444729004,false,2.470449696353353,2.470449696353353,f7b966f56334eac5b522813fd19d7da8b1ab91bc
submission_candidate_long_propagation_v1,FADC844A73E7210CA55B,h4_long_stable_em_vertical_12p66_n57,em_vertical_12p66_n57,qr_svd_shifted_cocycle_iteration,-1,0,0,true,11.71806515361976,true,19.63567674390339,true,22.80272138001684,100455.7763726229,36.73771777891601,20555.46624252319,26.91987940696432,false,1.979111737387803,2.912073956987265,f7b966f56334eac5b522813fd19d7da8b1ab91bc
submission_candidate_long_propagation_v1,FADC844A73E7210CA55B,h4_long_stable_em_vertical_12p66_n57,em_vertical_12p66_n57,qr_svd_shifted_cocycle_iteration,-1,1,0.1102313211785892,true,11.71806515361976,true,19.63567674390339,true,22.80272138001684,99386.94620893075,36.73771777891601,20760.48987834953,26.91987940696432,false,1.759417290420682,1.885810998413089,f7b966f56334eac5b522813fd19d7da8b1ab91bc
submission_candidate_long_propagation_v1,FADC844A73E7210CA55B,h4_long_stable_em_vertical_12p66_n57,em_vertical_12p66_n57,qr_svd_shifted_cocycle_iteration,-1,2,0.2204626423571785,true,11.71806515361976,true,19.63567674390339,true,22.80272138001684,93953.69362892213,37.3711267061387,22697.98365837809,26.91987940696432,false,2.254283895336175,2.734912783402889,f7b966f56334eac5b522813fd19d7da8b1ab91bc
submission_candidate_long_propagation_v1,FADC844A73E7210CA55B,h4_long_stable_em_vertical_12p66_n57,em_vertical_12p66_n57,qr_svd_shifted_cocycle_iteration,-1,3,0.3306939635357677,true,11.71806515361976,true,19.63567674390339,true,22.80272138001684,93949.11809696768,37.3711267061387,22818.05520993288,26.91987940696432,false,1.727414052815653,1.773310100593779,f7b966f56334eac5b522813fd19d7da8b1ab91bc
submission_candidate_long_propagation_v1,FADC844A73E7210CA55B,h4_long_stable_em_vertical_12p66_n57,em_vertical_12p66_n57,qr_svd_shifted_cocycle_iteration,-1,4,0.4409252847143569,true,11.40136069000842,true,19.63567674390339,true,22.80272138001684,141188.9012662365,38.0045356333614,24821.53836587186,26.91987940696432,false,1.896106972114102,1.896106972114102,f7b966f56334eac5b522813fd19d7da8b1ab91bc
submission_candidate_long_propagation_v1,FADC844A73E7210CA55B,h4_long_stable_em_vertical_12p66_n57,em_vertical_12p66_n57,qr_svd_shifted_cocycle_iteration,-1,5,0.5511566058929461,true,11.40136069000842,true,19.63567674390339,true,22.80272138001684,121221.2359117358,38.0045356333614,24420.85564529844,27.23658387057567,false,0.6637649174083321,0.6637649174083321,f7b966f56334eac5b522813fd19d7da8b1ab91bc
submission_candidate_long_propagation_v1,FADC844A73E7210CA55B,h4_long_stable_em_vertical_12p66_n57,em_vertical_12p66_n57,qr_svd_shifted_cocycle_iteration,-1,6,0.6613879270715354,true,11.40136069000842,true,19.63567674390339,true,22.80272138001684,318195.8994578461,15.83522318056725,12987.31531800017,37.3711267061387,false,0.5043937481822369,0.8976495471274385,f7b966f56334eac5b522813fd19d7da8b1ab91bc
submission_candidate_long_propagation_v1,FADC844A73E7210CA55B,h4_long_stable_em_vertical_12p66_n57,em_vertical_12p66_n57,qr_svd_shifted_cocycle_iteration,-1,7,0.7716192482501246,true,11.40136069000842,true,19.63567674390339,true,22.80272138001684,318456.6387286703,16.15192764417859,12539.26357767231,37.68783116975005,false,1.17564349318661,1.982698281456647,f7b966f56334eac5b522813fd19d7da8b1ab91bc
submission_candidate_long_propagation_v1,FADC844A73E7210CA55B,h4_long_stable_em_vertical_12p66_n57,em_vertical_12p66_n57,qr_svd_shifted_cocycle_iteration,-1,8,0.8818505694287139,true,11.40136069000842,true,19.63567674390339,true,22.80272138001684,318817.1146136458,16.15192764417859,23579.49807043954,32.30385528835718,false,0.2281439062640309,1.030910000752449,f7b966f56334eac5b522813fd19d7da8b1ab91bc
submission_candidate_long_propagation_v1,FADC844A73E7210CA55B,h4_long_stable_em_vertical_12p66_n57,em_vertical_12p66_n57,qr_svd_shifted_cocycle_iteration,-1,9,0.9920818906073031,true,11.40136069000842,true,19.63567674390339,true,22.80272138001684,319351.6896600511,16.15192764417859,27687.62196325443,26.91987940696432,false,1.720941936692669,1.720941936692669,f7b966f56334eac5b522813fd19d7da8b1ab91bc
submission_candidate_long_propagation_v1,FADC844A73E7210CA55B,h4_long_stable_em_vertical_12p66_n57,em_vertical_12p66_n57,qr_svd_shifted_cocycle_iteration,-1,10,1.102313211785892,true,11.40136069000842,true,19.63567674390339,true,22.80272138001684,320159.7079118376,16.15192764417859,17999.20139572899,32.30385528835718,false,0.3115244201029926,0.9539031098658307,f7b966f56334eac5b522813fd19d7da8b1ab91bc
submission_candidate_long_propagation_v1,FADC844A73E7210CA55B,h4_long_stable_em_vertical_12p66_n57,em_vertical_12p66_n57,qr_svd_shifted_cocycle_iteration,-1,11,1.212544532964482,true,11.40136069000842,true,19.63567674390339,true,22.80272138001684,321205.206511311,16.46863210778994,21943.1463259061,31.98715082474584,false,1.880501725347146,1.880501725347146,f7b966f56334eac5b522813fd19d7da8b1ab91bc
submission_candidate_long_propagation_v1,FADC844A73E7210CA55B,h4_long_stable_em_vertical_12p66_n57,em_vertical_12p66_n57,qr_svd_shifted_cocycle_iteration,-1,12,1.322775854143071,true,11.71806515361976,true,19.63567674390339,true,22.80272138001684,322559.8683530171,16.46863210778994,16564.20113387984,31.67044636113449,false,0.3648069293511798,0.9690609496613231,f7b966f56334eac5b522813fd19d7da8b1ab91bc
submission_candidate_long_propagation_v1,FADC844A73E7210CA55B,h4_long_stable_em_vertical_12p66_n57,em_vertical_12p66_n57,qr_svd_shifted_cocycle_iteration,-1,13,1.43300717532166,true,11.71806515361976,true,19.63567674390339,true,22.80272138001684,324302.8567894305,16.46863210778994,18833.97426477166,31.67044636113449,false,1.92383707113884,1.92383707113884,f7b966f56334eac5b522813fd19d7da8b1ab91bc
submission_candidate_long_propagation_v1,FADC844A73E7210CA55B,h4_long_stable_em_vertical_12p66_n57,em_vertical_12p66_n57,qr_svd_shifted_cocycle_iteration,-1,14,1.543238496500249,true,11.71806515361976,true,19.63567674390339,true,23.11942584362818,326308.5126925559,16.78533657140128,16266.38759693558,31.03703743391181,false,0.403179960926179,1.053511324706183,f7b966f56334eac5b522813fd19d7da8b1ab91bc
submission_candidate_long_propagation_v1,FADC844A73E7210CA55B,h4_long_stable_em_vertical_12p66_n57,em_vertical_12p66_n57,qr_svd_shifted_cocycle_iteration,-1,15,1.653469817678838,true,11.71806515361976,true,19.63567674390339,true,23.11942584362818,327739.3688758896,7.917611590283624,16129.06769726412,30.72033297030046,false,1.890232935793446,1.890232935793446,f7b966f56334eac5b522813fd19d7da8b1ab91bc
submission_candidate_long_propagation_v1,FADC844A73E7210CA55B,h4_long_stable_em_vertical_12p66_n57,em_vertical_12p66_n57,qr_svd_shifted_cocycle_iteration,-1,16,1.763701138857428,true,11.71806515361976,true,19.63567674390339,true,23.11942584362818,325634.8768975373,8.234316053894968,15346.36284383186,30.08692404307777,false,0.5473037897541599,1.122635072384128,f7b966f56334eac5b522813fd19d7da8b1ab91bc
submission_candidate_long_propagation_v1,FADC844A73E7210CA55B,h4_long_stable_em_vertical_12p66_n57,em_vertical_12p66_n57,qr_svd_shifted_cocycle_iteration,-1,17,1.873932460036017,true,11.71806515361976,true,19.63567674390339,true,23.11942584362818,323723.971217423,8.551020517506315,14197.7921397113,30.08692404307777,false,1.472072464270585,1.472072464270585,f7b966f56334eac5b522813fd19d7da8b1ab91bc
submission_candidate_long_propagation_v1,FADC844A73E7210CA55B,h4_long_stable_em_vertical_12p66_n57,em_vertical_12p66_n57,qr_svd_shifted_cocycle_iteration,-1,18,1.984163781214606,true,11.71806515361976,true,19.63567674390339,true,23.11942584362818,322060.2988302843,8.551020517506315,6612.088798823054,37.05442224252737,false,0.2873772115964039,1.001879638197002,f7b966f56334eac5b522813fd19d7da8b1ab91bc
submission_candidate_long_propagation_v1,FADC844A73E7210CA55B,h4_long_stable_em_vertical_12p66_n57,em_vertical_12p66_n57,qr_svd_shifted_cocycle_iteration,-1,19,2.094395102393195,true,11.71806515361976,true,19.63567674390339,true,23.11942584362818,320809.4119280307,8.551020517506315,8570.191107220375,29.45351511585508,false,0.9589794420804577,1.086792329202162,f7b966f56334eac5b522813fd19d7da8b1ab91bc
submission_candidate_long_propagation_v1,FADC844A73E7210CA55B,h4_long_stable_em_vertical_12p66_n57,em_vertical_12p66_n57,qr_svd_shifted_cocycle_iteration,-1,20,2.204626423571785,true,11.71806515361976,true,19.63567674390339,true,23.11942584362818,319799.7902292937,8.867724981117659,10531.3637544134,25.3363570889076,false,0.4921900904514968,0.9583289038984228,f7b966f56334eac5b522813fd19d7da8b1ab91bc
submission_candidate_long_propagation_v1,FADC844A73E7210CA55B,h4_long_stable_em_vertical_12p66_n57,em_vertical_12p66_n57,qr_svd_shifted_cocycle_iteration,-1,21,2.314857744750374,true,11.71806515361976,true,19.63567674390339,true,23.11942584362818,319064.1968349111,8.867724981117659,7171.569580967661,29.13681065224374,false,0.3127312051253532,1.282510358199383,f7b966f56334eac5b522813fd19d7da8b1ab91bc
submission_candidate_long_propagation_v1,FADC844A73E7210CA55B,h4_long_stable_em_vertical_12p66_n57,em_vertical_12p66_n57,qr_svd_shifted_cocycle_iteration,-1,22,2.425089065928963,true,11.71806515361976,true,19.63567674390339,true,23.11942584362818,318569.0938560189,8.867724981117659,4215.864605521646,29.13681065224374,false,0.7578704274781022,1.281391002952701,f7b966f56334eac5b522813fd19d7da8b1ab91bc
submission_candidate_long_propagation_v1,FADC844A73E7210CA55B,h4_long_stable_em_vertical_12p66_n57,em_vertical_12p66_n57,qr_svd_shifted_cocycle_iteration,-1,23,2.535320387107552,true,11.71806515361976,true,19.63567674390339,true,23.11942584362818,318255.7770297325,8.867724981117659,4230.446384419474,29.13681065224374,false,0.3363737678842105,1.417942664704992,f7b966f56334eac5b522813fd19d7da8b1ab91bc
submission_candidate_long_propagation_v1,FADC844A73E7210CA55B,h4_long_stable_em_vertical_12p66_n57,em_vertical_12p66_n57,qr_svd_shifted_cocycle_iteration,-1,24,2.645551708286142,true,11.71806515361976,true,19.63567674390339,true,23.11942584362818,317986.5360563626,9.184429444729004,4729.175888605954,29.13681065224374,false,1.031686687718572,1.413812708356094,f7b966f56334eac5b522813fd19d7da8b1ab91bc
submission_candidate_long_propagation_v1,FADC844A73E7210CA55B,h4_long_stable_em_vertical_12p66_n57,em_vertical_12p66_n57,qr_svd_shifted_cocycle_iteration,-1,25,2.755783029464731,true,11.71806515361976,true,19.63567674390339,true,23.11942584362818,317792.8000767159,9.184429444729004,4838.62461026953,34.5207865336366,false,0.3408311852825053,1.224561778318525,f7b966f56334eac5b522813fd19d7da8b1ab91bc
submission_candidate_long_propagation_v1,FADC844A73E7210CA55B,h4_long_stable_em_vertical_12p66_n57,em_vertical_12p66_n57,qr_svd_shifted_cocycle_iteration,-1,26,2.86601435064332,true,11.71806515361976,true,19.63567674390339,true,23.43613030723953,317677.9622955452,9.184429444729004,5764.376459740077,29.13681065224374,false,1.170635076988867,1.343996066623814,f7b966f56334eac5b522813fd19d7da8b1ab91bc
submission_candidate_long_propagation_v1,FADC844A73E7210CA55B,h4_long_stable_em_vertical_12p66_n57,em_vertical_12p66_n57,qr_svd_shifted_cocycle_iteration,-1,27,2.976245671821909,true,11.71806515361976,true,19.63567674390339,true,23.43613030723953,317625.3143696947,9.184429444729004,6663.010338289675,29.13681065224374,false,0.3510813699239908,1.256231689824877,f7b966f56334eac5b522813fd19d7da8b1ab91bc
submission_candidate_long_propagation_v1,FADC844A73E7210CA55B,h4_long_stable_em_vertical_12p66_n57,em_vertical_12p66_n57,qr_svd_shifted_cocycle_iteration,-1,28,3.086476993000498,true,11.71806515361976,true,19.63567674390339,true,23.43613030723953,317624.220237041,9.184429444729004,4705.15882561769,29.13681065224374,false,1.253481036732883,1.504843060505328,f7b966f56334eac5b522813fd19d7da8b1ab91bc
submission_candidate_long_propagation_v1,FADC844A73E7210CA55B,h4_long_stable_em_vertical_12p66_n57,em_vertical_12p66_n57,qr_svd_shifted_cocycle_iteration,-1,29,3.196708314179088,true,11.71806515361976,true,19.63567674390339,true,23.43613030723953,317626.8361238539,9.50113390834035,3292.655181757409,34.20408207002526,false,0.3625816777966453,1.925612792200669,f7b966f56334eac5b522813fd19d7da8b1ab91bc
submission_candidate_long_propagation_v1,FADC844A73E7210CA55B,h4_long_stable_em_vertical_12p66_n57,em_vertical_12p66_n57,qr_svd_shifted_cocycle_iteration,-1,30,3.306939635357677,true,11.71806515361976,true,19.63567674390339,true,23.43613030723953,317608.2245100165,9.50113390834035,1873.104880824398,29.13681065224374,false,1.313453527443853,2.287155897645932,f7b966f56334eac5b522813fd19d7da8b1ab91bc
submission_candidate_long_propagation_v1,FADC844A73E7210CA55B,h4_long_stable_em_vertical_12p66_n57,em_vertical_12p66_n57,qr_svd_shifted_cocycle_iteration,-1,31,3.417170956536266,true,11.71806515361976,true,19.63567674390339,true,23.43613030723953,317637.682925962,9.50113390834035,1481.300638180259,29.13681065224374,true,0.3745291096896372,2.479563349507396,f7b966f56334eac5b522813fd19d7da8b1ab91bc
submission_candidate_long_propagation_v1,FADC844A73E7210CA55B,h4_long_stable_em_vertical_12p66_n57,em_vertical_12p66_n57,qr_svd_shifted_cocycle_iteration,-1,32,3.527402277714855,true,11.71806515361976,true,19.63567674390339,true,23.43613030723953,317722.6032324185,9.50113390834035,4133.367968577436,29.13681065224374,false,1.368570631362043,1.375852048786345,f7b966f56334eac5b522813fd19d7da8b1ab91bc
submission_candidate_long_propagation_v1,FADC844A73E7210CA55B,h4_long_stable_em_vertical_12p66_n57,em_vertical_12p66_n57,qr_svd_shifted_cocycle_iteration,-1,33,3.637633598893445,true,11.71806515361976,true,19.63567674390339,true,23.43613030723953,317876.189345026,9.50113390834035,5223.13549660967,29.13681065224374,false,0.3884222640955624,1.033231526562067,f7b966f56334eac5b522813fd19d7da8b1ab91bc
submission_candidate_long_propagation_v1,FADC844A73E7210CA55B,h4_long_stable_em_vertical_12p66_n57,em_vertical_12p66_n57,qr_svd_shifted_cocycle_iteration,-1,34,3.747864920072034,true,11.71806515361976,true,19.63567674390339,true,23.43613030723953,318118.3200096296,9.50113390834035,6191.683947173004,25.3363570889076,false,1.432364997367438,1.432364997367438,f7b966f56334eac5b522813fd19d7da8b1ab91bc
submission_candidate_long_propagation_v1,FADC844A73E7210CA55B,h4_long_stable_em_vertical_12p66_n57,em_vertical_12p66_n57,qr_svd_shifted_cocycle_iteration,-1,35,3.858096241250623,true,11.71806515361976,true,19.63567674390339,true,23.43613030723953,318360.8288254261,9.817838371951693,7412.563382406021,25.3363570889076,false,0.4068723181219314,1.08376695488785,f7b966f56334eac5b522813fd19d7da8b1ab91bc
submission_candidate_long_propagation_v1,FADC844A73E7210CA55B,h4_long_stable_em_vertical_12p66_n57,em_vertical_12p66_n57,qr_svd_shifted_cocycle_iteration,-1,36,3.968327562429212,true,11.71806515361976,true,19.63567674390339,true,23.43613030723953,318754.2918042819,9.817838371951693,5461.098567718142,25.3363570889076,false,1.520700843785589,1.520700843785589,f7b966f56334eac5b522813fd19d7da8b1ab91bc
submission_candidate_long_propagation_v1,FADC844A73E7210CA55B,h4_long_stable_em_vertical_12p66_n57,em_vertical_12p66_n57,qr_svd_shifted_cocycle_iteration,-1,37,4.078558883607801,true,11.71806515361976,true,19.63567674390339,true,23.43613030723953,319353.8959937655,9.817838371951693,4155.77985520629,34.20408207002526,false,0.4328741801213089,1.108335009955477,f7b966f56334eac5b522813fd19d7da8b1ab91bc
submission_candidate_long_propagation_v1,FADC844A73E7210CA55B,h4_long_stable_em_vertical_12p66_n57,em_vertical_12p66_n57,qr_svd_shifted_cocycle_iteration,-1,38,4.188790204786391,true,11.71806515361976,true,19.63567674390339,true,23.43613030723953,320222.2702443494,9.817838371951693,4297.243277521248,29.45351511585508,false,1.656133438834575,1.656133438834575,f7b966f56334eac5b522813fd19d7da8b1ab91bc
submission_candidate_long_propagation_v1,FADC844A73E7210CA55B,h4_long_stable_em_vertical_12p66_n57,em_vertical_12p66_n57,qr_svd_shifted_cocycle_iteration,-1,39,4.29902152596498,true,11.71806515361976,true,19.63567674390339,true,23.11942584362818,321294.1965757086,10.13454283556304,6836.942898687157,25.3363570889076,false,0.4627759724059775,1.576338211226767,f7b966f56334eac5b522813fd19d7da8b1ab91bc
submission_candidate_long_propagation_v1,FADC844A73E7210CA55B,h4_long_stable_em_vertical_12p66_n57,em_vertical_12p66_n57,qr_svd_shifted_cocycle_iteration,-1,40,4.409252847143569,true,11.71806515361976,true,19.63567674390339,true,23.11942584362818,322731.1168476911,10.13454283556304,4195.75688725931,25.3363570889076,false,1.857612877750776,1.857612877750776,f7b966f56334eac5b522813fd19d7da8b1ab91bc
submission_candidate_long_propagation_v1,FADC844A73E7210CA55B,h4_long_stable_em_vertical_12p66_n57,em_vertical_12p66_n57,qr_svd_shifted_cocycle_iteration,-1,41,4.519484168322158,true,11.71806515361976,true,19.31897228029204,true,23.11942584362818,324515.4314452489,10.45124729917438,4152.580769753095,25.3363570889076,false,0.46060033853008,1.456390284897865,f7b966f56334eac5b522813fd19d7da8b1ab91bc
submission_candidate_long_propagation_v1,FADC844A73E7210CA55B,h4_long_stable_em_vertical_12p66_n57,em_vertical_12p66_n57,qr_svd_shifted_cocycle_iteration,-1,42,4.629715489500748,true,11.71806515361976,true,19.31897228029204,true,23.11942584362818,326568.2767459652,10.45124729917438,3847.278657788913,25.3363570889076,false,2.135244868385954,2.150495169912272,f7b966f56334eac5b522813fd19d7da8b1ab91bc
submission_candidate_long_propagation_v1,FADC844A73E7210CA55B,h4_long_stable_em_vertical_12p66_n57,em_vertical_12p66_n57,qr_svd_shifted_cocycle_iteration,-1,43,4.739946810679337,true,11.71806515361976,true,19.31897228029204,true,23.11942584362818,327234.1068862099,1.583522318056725,7347.353135723249,25.3363570889076,false,0.4383830218114248,1.01895748933065,f7b966f56334eac5b522813fd19d7da8b1ab91bc
submission_candidate_long_propagation_v1,FADC844A73E7210CA55B,h4_long_stable_em_vertical_12p66_n57,em_vertical_12p66_n57,qr_svd_shifted_cocycle_iteration,-1,44,4.850178131857926,true,11.71806515361976,true,19.31897228029204,true,23.11942584362818,325147.7610083768,1.90022678166807,10232.64020586332,25.65306155251894,false,2.010313004455288,2.022639688619953,f7b966f56334eac5b522813fd19d7da8b1ab91bc
submission_candidate_long_propagation_v1,FADC844A73E7210CA55B,h4_long_stable_em_vertical_12p66_n57,em_vertical_12p66_n57,qr_svd_shifted_cocycle_iteration,-1,45,4.960409453036515,true,11.71806515361976,true,19.31897228029204,true,23.11942584362818,114764.7738856085,37.3711267061387,5273.880144933691,25.65306155251894,false,1.881987344313363,1.99719379295811,f7b966f56334eac5b522813fd19d7da8b1ab91bc
submission_candidate_long_propagation_v1,FADC844A73E7210CA55B,h4_long_stable_em_vertical_12p66_n57,em_vertical_12p66_n57,qr_svd_shifted_cocycle_iteration,-1,46,5.070640774215105,true,11.71806515361976,true,19.31897228029204,true,23.11942584362818,127514.4118221923,36.42101331530467,11405.9837015636,25.96976601613029,false,1.264024227254621,1.553917566027704,f7b966f56334eac5b522813fd19d7da8b1ab91bc
submission_candidate_long_propagation_v1,FADC844A73E7210CA55B,h4_long_stable_em_vertical_12p66_n57,em_vertical_12p66_n57,qr_svd_shifted_cocycle_iteration,-1,47,5.180872095393694,true,11.71806515361976,true,19.31897228029204,true,23.11942584362818,133414.4328870536,35.78760438808198,8165.783389120651,25.96976601613029,false,1.658344521157029,1.978150770722882,f7b966f56334eac5b522813fd19d7da8b1ab91bc
submission_candidate_long_propagation_v1,FADC844A73E7210CA55B,h4_long_stable_em_vertical_12p66_n57,em_vertical_12p66_n57,qr_svd_shifted_cocycle_iteration,-1,48,5.291103416572283,true,11.71806515361976,true,19.31897228029204,true,22.80272138001684,133985.3253991605,35.78760438808198,11745.6962767924,26.28647047974163,false,1.66517340348614,1.743191257192352,f7b966f56334eac5b522813fd19d7da8b1ab91bc
submission_candidate_long_propagation_v1,FADC844A73E7210CA55B,h4_long_stable_em_vertical_12p66_n57,em_vertical_12p66_n57,qr_svd_shifted_cocycle_iteration,-1,49,5.401334737750872,true,11.71806515361976,true,19.31897228029204,true,22.80272138001684,130248.4439449914,35.47089992447064,11195.47021541174,26.28647047974163,false,2.251936718730428,2.251936718730428,f7b966f56334eac5b522813fd19d7da8b1ab91bc
submission_candidate_long_propagation_v1,FADC844A73E7210CA55B,h4_long_stable_em_vertical_12p66_n57,em_vertical_12p66_n57,qr_svd_shifted_cocycle_iteration,-1,50,5.511566058929461,true,11.71806515361976,true,19.63567674390339,true,22.80272138001684,128285.7285648441,35.47089992447064,13823.79546406388,26.28647047974163,false,1.798287010485727,1.798287010485727,f7b966f56334eac5b522813fd19d7da8b1ab91bc
submission_candidate_long_propagation_v1,FADC844A73E7210CA55B,h4_long_stable_em_vertical_12p66_n57,em_vertical_12p66_n57,qr_svd_shifted_cocycle_iteration,-1,51,5.621797380108051,true,11.71806515361976,true,19.63567674390339,true,22.80272138001684,123659.3196907348,35.47089992447064,14159.64890405607,26.60317494335298,false,1.996807857634341,2.768204478003809,f7b966f56334eac5b522813fd19d7da8b1ab91bc
submission_candidate_long_propagation_v1,FADC844A73E7210CA55B,h4_long_stable_em_vertical_12p66_n57,em_vertical_12p66_n57,qr_svd_shifted_cocycle_iteration,-1,52,5.73202870128664,true,11.71806515361976,true,19.63567674390339,true,22.80272138001684,122709.0461772807,35.47089992447064,14783.81669126019,26.60317494335298,false,1.789086412293285,1.789086412293285,f7b966f56334eac5b522813fd19d7da8b1ab91bc
submission_candidate_long_propagation_v1,FADC844A73E7210CA55B,h4_long_stable_em_vertical_12p66_n57,em_vertical_12p66_n57,qr_svd_shifted_cocycle_iteration,-1,53,5.842260022465229,true,11.71806515361976,true,19.63567674390339,true,22.80272138001684,116021.6058863412,35.78760438808198,16881.34250467966,26.60317494335298,false,1.924819739925136,2.366581219037216,f7b966f56334eac5b522813fd19d7da8b1ab91bc
submission_candidate_long_propagation_v1,FADC844A73E7210CA55B,h4_long_stable_em_vertical_12p66_n57,em_vertical_12p66_n57,qr_svd_shifted_cocycle_iteration,-1,54,5.952491343643818,true,11.71806515361976,true,19.63567674390339,true,22.80272138001684,115484.2005038739,35.78760438808198,17240.83687417495,26.91987940696432,false,1.762382610151776,1.774021431779151,f7b966f56334eac5b522813fd19d7da8b1ab91bc
submission_candidate_long_propagation_v1,FADC844A73E7210CA55B,h4_long_stable_em_vertical_12p66_n57,em_vertical_12p66_n57,qr_svd_shifted_cocycle_iteration,-1,55,6.062722664822408,true,11.71806515361976,true,19.63567674390339,true,22.80272138001684,108229.1396998472,36.10430885169333,18631.18393424631,26.91987940696432,false,1.921744248470984,2.5225022852527,f7b966f56334eac5b522813fd19d7da8b1ab91bc
submission_candidate_long_propagation_v1,FADC844A73E7210CA55B,h4_long_stable_em_vertical_12p66_n57,em_vertical_12p66_n57,qr_svd_shifted_cocycle_iteration,-1,56,6.172953986000997,true,11.71806515361976,true,19.63567674390339,true,22.80272138001684,108589.8902237123,36.42101331530467,18744.62557183219,26.91987940696432,false,1.751584318760822,1.841858503916842,f7b966f56334eac5b522813fd19d7da8b1ab91bc
submission_candidate_long_propagation_v1,FADC844A73E7210CA55B,h4_long_stable_em_vertical_12p66_n57,em_vertical_12p66_n57,qr_svd_shifted_cocycle_iteration,1,0,0,true,11.71806515361976,true,19.63567674390339,true,23.11942584362818,113042.8733337335,29.13681065224374,43471.28677848854,9.184429444729004,false,1.739830994222383,2.283255203168252,f7b966f56334eac5b522813fd19d7da8b1ab91bc
submission_candidate_long_propagation_v1,FADC844A73E7210CA55B,h4_long_stable_em_vertical_12p66_n57,em_vertical_12p66_n57,qr_svd_shifted_cocycle_iteration,1,1,0.1102313211785892,true,11.71806515361976,true,19.63567674390339,true,23.11942584362818,110209.9362481774,29.13681065224374,43410.7965660492,9.50113390834035,false,2.420599876988191,2.420599876988191,f7b966f56334eac5b522813fd19d7da8b1ab91bc
submission_candidate_long_propagation_v1,FADC844A73E7210CA55B,h4_long_stable_em_vertical_12p66_n57,em_vertical_12p66_n57,qr_svd_shifted_cocycle_iteration,1,2,0.2204626423571785,true,11.71806515361976,true,19.63567674390339,true,23.11942584362818,110650.6053553833,29.13681065224374,43389.02081410593,9.50113390834035,false,1.750827155331527,2.324500842601778,f7b966f56334eac5b522813fd19d7da8b1ab91bc
submission_candidate_long_propagation_v1,FADC844A73E7210CA55B,h4_long_stable_em_vertical_12p66_n57,em_vertical_12p66_n57,qr_svd_shifted_cocycle_iteration,1,3,0.3306939635357677,true,11.71806515361976,true,19.63567674390339,true,23.11942584362818,107738.6824853845,29.13681065224374,43433.4917877023,9.50113390834035,false,2.374415004970068,2.374415004970068,f7b966f56334eac5b522813fd19d7da8b1ab91bc
submission_candidate_long_propagation_v1,FADC844A73E7210CA55B,h4_long_stable_em_vertical_12p66_n57,em_vertical_12p66_n57,qr_svd_shifted_cocycle_iteration,1,4,0.4409252847143569,true,11.40136069000842,true,19.63567674390339,true,23.11942584362818,108716.1690485239,29.13681065224374,43554.08712901747,9.50113390834035,false,1.757955428119646,2.364642023112501,f7b966f56334eac5b522813fd19d7da8b1ab91bc
submission_candidate_long_propagation_v1,FADC844A73E7210CA55B,h4_long_stable_em_vertical_12p66_n57,em_vertical_12p66_n57,qr_svd_shifted_cocycle_iteration,1,5,0.5511566058929461,true,11.40136069000842,true,19.63567674390339,true,23.11942584362818,105542.9033230277,29.13681065224374,43767.54451358877,9.50113390834035,false,2.32992001018831,2.32992001018831,f7b966f56334eac5b522813fd19d7da8b1ab91bc
submission_candidate_long_propagation_v1,FADC844A73E7210CA55B,h4_long_stable_em_vertical_12p66_n57,em_vertical_12p66_n57,qr_svd_shifted_cocycle_iteration,1,6,0.6613879270715354,true,11.40136069000842,true,19.63567674390339,true,23.11942584362818,107283.7196018468,29.13681065224374,43971.95970522465,9.817838371951693,false,1.761533143088563,2.405539692234204,f7b966f56334eac5b522813fd19d7da8b1ab91bc
submission_candidate_long_propagation_v1,FADC844A73E7210CA55B,h4_long_stable_em_vertical_12p66_n57,em_vertical_12p66_n57,qr_svd_shifted_cocycle_iteration,1,7,0.7716192482501246,true,11.40136069000842,true,19.63567674390339,true,23.43613030723953,103721.3097504069,29.13681065224374,44226.50745157893,9.817838371951693,false,2.2833451467373,2.341020373566017,f7b966f56334eac5b522813fd19d7da8b1ab91bc
submission_candidate_long_propagation_v1,FADC844A73E7210CA55B,h4_long_stable_em_vertical_12p66_n57,em_vertical_12p66_n57,qr_svd_shifted_cocycle_iteration,1,8,0.8818505694287139,true,11.40136069000842,true,19.63567674390339,true,23.11942584362818,104775.0669177022,29.45351511585508,44676.89459372108,9.817838371951693,false,1.75946312271878,2.445724276778976,f7b966f56334eac5b522813fd19d7da8b1ab91bc
submission_candidate_long_propagation_v1,FADC844A73E7210CA55B,h4_long_stable_em_vertical_12p66_n57,em_vertical_12p66_n57,qr_svd_shifted_cocycle_iteration,1,9,0.9920818906073031,true,11.40136069000842,true,19.63567674390339,true,23.43613030723953,102944.6980410639,29.13681065224374,45386.09244865311,9.817838371951693,false,2.224489355036268,2.358801505649364,f7b966f56334eac5b522813fd19d7da8b1ab91bc
submission_candidate_long_propagation_v1,FADC844A73E7210CA55B,h4_long_stable_em_vertical_12p66_n57,em_vertical_12p66_n57,qr_svd_shifted_cocycle_iteration,1,10,1.102313211785892,true,11.40136069000842,true,19.63567674390339,true,23.43613030723953,102668.7307782759,29.45351511585508,46263.53005372309,10.13454283556304,false,1.747036379041328,2.469764176008382,f7b966f56334eac5b522813fd19d7da8b1ab91bc
submission_candidate_long_propagation_v1,FADC844A73E7210CA55B,h4_long_stable_em_vertical_12p66_n57,em_vertical_12p66_n57,qr_svd_shifted_cocycle_iteration,1,11,1.212544532964482,true,11.40136069000842,true,19.95238120751473,true,23.43613030723953,100725.8412093817,29.45351511585508,47433.1844639671,10.13454283556304,false,2.136548047045753,2.339920244720375,f7b966f56334eac5b522813fd19d7da8b1ab91bc
submission_candidate_long_propagation_v1,FADC844A73E7210CA55B,h4_long_stable_em_vertical_12p66_n57,em_vertical_12p66_n57,qr_svd_shifted_cocycle_iteration,1,12,1.322775854143071,true,11.71806515361976,true,19.95238120751473,true,23.43613030723953,103788.1083581148,29.45351511585508,49038.80260358465,10.45124729917438,false,1.724373426308544,2.516538802640983,f7b966f56334eac5b522813fd19d7da8b1ab91bc
submission_candidate_long_propagation_v1,FADC844A73E7210CA55B,h4_long_stable_em_vertical_12p66_n57,em_vertical_12p66_n57,qr_svd_shifted_cocycle_iteration,1,13,1.43300717532166,true,11.71806515361976,true,19.95238120751473,true,23.43613030723953,103433.895333909,29.77021957946642,50885.69826140331,10.45124729917438,false,2.02953051708722,2.323314245860924,f7b966f56334eac5b522813fd19d7da8b1ab91bc
submission_candidate_long_propagation_v1,FADC844A73E7210CA55B,h4_long_stable_em_vertical_12p66_n57,em_vertical_12p66_n57,qr_svd_shifted_cocycle_iteration,1,14,1.543238496500249,true,11.71806515361976,true,19.95238120751473,true,23.43613030723953,104616.4137215745,29.77021957946642,53022.9896446054,10.76795176278573,false,1.692660890070195,2.471668707840267,f7b966f56334eac5b522813fd19d7da8b1ab91bc
submission_candidate_long_propagation_v1,FADC844A73E7210CA55B,h4_long_stable_em_vertical_12p66_n57,em_vertical_12p66_n57,qr_svd_shifted_cocycle_iteration,1,15,1.653469817678838,true,11.71806515361976,true,19.63567674390339,true,23.43613030723953,107697.2093829931,30.08692404307777,51589.05410005031,1.90022678166807,false,1.968253146800093,2.235548592783141,f7b966f56334eac5b522813fd19d7da8b1ab91bc
submission_candidate_long_propagation_v1,FADC844A73E7210CA55B,h4_long_stable_em_vertical_12p66_n57,em_vertical_12p66_n57,qr_svd_shifted_cocycle_iteration,1,16,1.763701138857428,true,11.71806515361976,true,19.63567674390339,true,23.43613030723953,112225.7522466755,30.40362850668912,49594.73029538724,1.90022678166807,false,1.620103173223486,2.337398097489269,f7b966f56334eac5b522813fd19d7da8b1ab91bc
submission_candidate_long_propagation_v1,FADC844A73E7210CA55B,h4_long_stable_em_vertical_12p66_n57,em_vertical_12p66_n57,qr_svd_shifted_cocycle_iteration,1,17,1.873932460036017,true,11.71806515361976,true,19.63567674390339,true,23.43613030723953,117527.4822145279,30.40362850668912,47909.1372354978,2.216931245279415,false,1.918707697215081,2.114499313410077,f7b966f56334eac5b522813fd19d7da8b1ab91bc
submission_candidate_long_propagation_v1,FADC844A73E7210CA55B,h4_long_stable_em_vertical_12p66_n57,em_vertical_12p66_n57,qr_svd_shifted_cocycle_iteration,1,18,1.984163781214606,true,11.71806515361976,true,19.63567674390339,true,23.43613030723953,122800.1244349284,30.72033297030046,46607.28370063137,2.216931245279415,false,1.658433200210764,2.142777169881252,f7b966f56334eac5b522813fd19d7da8b1ab91bc
submission_candidate_long_propagation_v1,FADC844A73E7210CA55B,h4_long_stable_em_vertical_12p66_n57,em_vertical_12p66_n57,qr_svd_shifted_cocycle_iteration,1,19,2.094395102393195,true,11.71806515361976,true,19.63567674390339,true,23.43613030723953,128569.8835948955,31.03703743391181,45659.97493970356,2.53363570889076,false,1.618000386132488,2.008300999838626,f7b966f56334eac5b522813fd19d7da8b1ab91bc
submission_candidate_long_propagation_v1,FADC844A73E7210CA55B,h4_long_stable_em_vertical_12p66_n57,em_vertical_12p66_n57,qr_svd_shifted_cocycle_iteration,1,20,2.204626423571785,true,11.71806515361976,true,19.63567674390339,true,23.43613030723953,133572.1234941786,31.35374189752315,44866.6366470014,2.53363570889076,false,1.794038838805264,1.987980067379859,f7b966f56334eac5b522813fd19d7da8b1ab91bc
submission_candidate_long_propagation_v1,FADC844A73E7210CA55B,h4_long_stable_em_vertical_12p66_n57,em_vertical_12p66_n57,qr_svd_shifted_cocycle_iteration,1,21,2.314857744750374,true,11.71806515361976,true,19.63567674390339,true,23.43613030723953,138564.5768900553,31.67044636113449,44354.71940918788,2.53363570889076,false,1.719083676962392,2.12469107849809,f7b966f56334eac5b522813fd19d7da8b1ab91bc
submission_candidate_long_propagation_v1,FADC844A73E7210CA55B,h4_long_stable_em_vertical_12p66_n57,em_vertical_12p66_n57,qr_svd_shifted_cocycle_iteration,1,22,2.425089065928963,true,11.71806515361976,true,19.63567674390339,true,23.43613030723953,141967.2933613797,31.67044636113449,44057.70309108046,2.53363570889076,false,1.58788761830163,1.888111745019858,f7b966f56334eac5b522813fd19d7da8b1ab91bc
submission_candidate_long_propagation_v1,FADC844A73E7210CA55B,h4_long_stable_em_vertical_12p66_n57,em_vertical_12p66_n57,qr_svd_shifted_cocycle_iteration,1,23,2.535320387107552,true,11.71806515361976,true,19.63567674390339,true,23.43613030723953,145471.3450135299,31.98715082474584,43827.74340937273,2.850340172502105,false,1.64853310861478,1.933549917806172,f7b966f56334eac5b522813fd19d7da8b1ab91bc
submission_candidate_long_propagation_v1,FADC844A73E7210CA55B,h4_long_stable_em_vertical_12p66_n57,em_vertical_12p66_n57,qr_svd_shifted_cocycle_iteration,1,24,2.645551708286142,true,11.71806515361976,true,19.63567674390339,true,23.43613030723953,148129.0229061875,31.98715082474584,43592.6312479238,2.850340172502105,false,1.623608338841822,1.829693125145095,f7b966f56334eac5b522813fd19d7da8b1ab91bc
submission_candidate_long_propagation_v1,FADC844A73E7210CA55B,h4_long_stable_em_vertical_12p66_n57,em_vertical_12p66_n57,qr_svd_shifted_cocycle_iteration,1,25,2.755783029464731,true,11.71806515361976,true,19.63567674390339,true,23.43613030723953,150175.2553008325,31.98715082474584,43457.13641018285,2.850340172502105,false,1.630451088390662,1.984690059929161,f7b966f56334eac5b522813fd19d7da8b1ab91bc
submission_candidate_long_propagation_v1,FADC844A73E7210CA55B,h4_long_stable_em_vertical_12p66_n57,em_vertical_12p66_n57,qr_svd_shifted_cocycle_iteration,1,26,2.86601435064332,true,11.71806515361976,true,19.63567674390339,true,23.43613030723953,153107.0207386186,31.98715082474584,43402.50430990529,2.850340172502105,false,1.641236743152004,1.788226989053306,f7b966f56334eac5b522813fd19d7da8b1ab91bc
submission_candidate_long_propagation_v1,FADC844A73E7210CA55B,h4_long_stable_em_vertical_12p66_n57,em_vertical_12p66_n57,qr_svd_shifted_cocycle_iteration,1,27,2.976245671821909,true,11.71806515361976,true,19.63567674390339,true,23.43613030723953,154758.7631043931,32.30385528835718,43416.55714015049,2.850340172502105,false,1.622496046518855,2.196192930552346,f7b966f56334eac5b522813fd19d7da8b1ab91bc
submission_candidate_long_propagation_v1,FADC844A73E7210CA55B,h4_long_stable_em_vertical_12p66_n57,em_vertical_12p66_n57,qr_svd_shifted_cocycle_iteration,1,28,3.086476993000498,true,11.71806515361976,true,19.63567674390339,true,23.43613030723953,157028.5201418794,32.30385528835718,43464.98571679283,3.16704463611345,false,1.649959701283034,1.755062015360092,f7b966f56334eac5b522813fd19d7da8b1ab91bc
submission_candidate_long_propagation_v1,FADC844A73E7210CA55B,h4_long_stable_em_vertical_12p66_n57,em_vertical_12p66_n57,qr_svd_shifted_cocycle_iteration,1,29,3.196708314179088,true,11.71806515361976,true,19.63567674390339,true,23.43613030723953,158224.1224333723,32.30385528835718,43396.93189131285,3.16704463611345,false,1.619062644231845,2.364466593601836,f7b966f56334eac5b522813fd19d7da8b1ab91bc
submission_candidate_long_propagation_v1,FADC844A73E7210CA55B,h4_long_stable_em_vertical_12p66_n57,em_vertical_12p66_n57,qr_svd_shifted_cocycle_iteration,1,30,3.306939635357677,true,11.71806515361976,true,19.63567674390339,true,23.43613030723953,160596.3479877142,32.30385528835718,43390.41372223083,3.16704463611345,false,1.65577077262882,1.728663846091609,f7b966f56334eac5b522813fd19d7da8b1ab91bc
submission_candidate_long_propagation_v1,FADC844A73E7210CA55B,h4_long_stable_em_vertical_12p66_n57,em_vertical_12p66_n57,qr_svd_shifted_cocycle_iteration,1,31,3.417170956536266,true,11.71806515361976,true,19.63567674390339,true,23.43613030723953,161869.7187085021,32.30385528835718,43451.93965102045,3.16704463611345,false,1.617445134601635,2.417896256757993,f7b966f56334eac5b522813fd19d7da8b1ab91bc
submission_candidate_long_propagation_v1,FADC844A73E7210CA55B,h4_long_stable_em_vertical_12p66_n57,em_vertical_12p66_n57,qr_svd_shifted_cocycle_iteration,1,32,3.527402277714855,true,11.71806515361976,true,19.63567674390339,true,23.43613030723953,164321.6191495627,32.30385528835718,43543.20053001446,15.83522318056725,false,1.661307918225877,1.702561484276247,f7b966f56334eac5b522813fd19d7da8b1ab91bc
submission_candidate_long_propagation_v1,FADC844A73E7210CA55B,h4_long_stable_em_vertical_12p66_n57,em_vertical_12p66_n57,qr_svd_shifted_cocycle_iteration,1,33,3.637633598893445,true,11.71806515361976,true,19.63567674390339,true,23.43613030723953,165702.7051410081,32.30385528835718,43644.75401285337,15.83522318056725,false,1.616417603681954,2.420687504864399,f7b966f56334eac5b522813fd19d7da8b1ab91bc
submission_candidate_long_propagation_v1,FADC844A73E7210CA55B,h4_long_stable_em_vertical_12p66_n57,em_vertical_12p66_n57,qr_svd_shifted_cocycle_iteration,1,34,3.747864920072034,true,11.71806515361976,true,19.63567674390339,true,23.43613030723953,168268.4394871868,32.30385528835718,43837.49400717935,15.83522318056725,false,1.668198409871162,1.675065672311262,f7b966f56334eac5b522813fd19d7da8b1ab91bc
submission_candidate_long_propagation_v1,FADC844A73E7210CA55B,h4_long_stable_em_vertical_12p66_n57,em_vertical_12p66_n57,qr_svd_shifted_cocycle_iteration,1,35,3.858096241250623,true,11.71806515361976,true,19.63567674390339,true,23.43613030723953,169810.5706708022,32.30385528835718,44083.15830179332,16.15192764417859,false,1.615459808089054,2.448828676712206,f7b966f56334eac5b522813fd19d7da8b1ab91bc
submission_candidate_long_propagation_v1,FADC844A73E7210CA55B,h4_long_stable_em_vertical_12p66_n57,em_vertical_12p66_n57,qr_svd_shifted_cocycle_iteration,1,36,3.968327562429212,true,11.71806515361976,true,19.63567674390339,true,23.43613030723953,172552.3873797428,32.30385528835718,44303.79052439551,16.15192764417859,false,1.678607401977957,1.686110946015068,f7b966f56334eac5b522813fd19d7da8b1ab91bc
submission_candidate_long_propagation_v1,FADC844A73E7210CA55B,h4_long_stable_em_vertical_12p66_n57,em_vertical_12p66_n57,qr_svd_shifted_cocycle_iteration,1,37,4.078558883607801,true,11.71806515361976,true,19.63567674390339,true,23.43613030723953,174315.8313022649,32.30385528835718,44704.73640574819,16.15192764417859,false,1.614608241638808,2.561107023345733,f7b966f56334eac5b522813fd19d7da8b1ab91bc
submission_candidate_long_propagation_v1,FADC844A73E7210CA55B,h4_long_stable_em_vertical_12p66_n57,em_vertical_12p66_n57,qr_svd_shifted_cocycle_iteration,1,38,4.188790204786391,true,11.71806515361976,true,19.63567674390339,true,23.43613030723953,177320.8183957259,32.30385528835718,45352.7729789431,16.15192764417859,false,1.697009251956589,1.712701557237918,f7b966f56334eac5b522813fd19d7da8b1ab91bc
submission_candidate_long_propagation_v1,FADC844A73E7210CA55B,h4_long_stable_em_vertical_12p66_n57,em_vertical_12p66_n57,qr_svd_shifted_cocycle_iteration,1,39,4.29902152596498,true,11.71806515361976,true,19.63567674390339,true,23.43613030723953,179392.254288504,32.30385528835718,46241.37074658841,16.46863210778994,false,1.61538966423676,2.536003310698802,f7b966f56334eac5b522813fd19d7da8b1ab91bc
submission_candidate_long_propagation_v1,FADC844A73E7210CA55B,h4_long_stable_em_vertical_12p66_n57,em_vertical_12p66_n57,qr_svd_shifted_cocycle_iteration,1,40,4.409252847143569,true,11.71806515361976,true,19.63567674390339,true,23.43613030723953,181510.0140542382,31.98715082474584,47316.55610152294,16.46863210778994,false,1.732584387528209,1.769797909310034,f7b966f56334eac5b522813fd19d7da8b1ab91bc
submission_candidate_long_propagation_v1,FADC844A73E7210CA55B,h4_long_stable_em_vertical_12p66_n57,em_vertical_12p66_n57,qr_svd_shifted_cocycle_iteration,1,41,4.519484168322158,true,11.71806515361976,true,19.31897228029204,true,23.43613030723953,181932.2487914673,31.67044636113449,48852.2157251872,16.46863210778994,false,1.624344340721214,2.121433980954523,f7b966f56334eac5b522813fd19d7da8b1ab91bc
submission_candidate_long_propagation_v1,FADC844A73E7210CA55B,h4_long_stable_em_vertical_12p66_n57,em_vertical_12p66_n57,qr_svd_shifted_cocycle_iteration,1,42,4.629715489500748,true,11.71806515361976,true,19.31897228029204,true,23.43613030723953,181329.8497102347,31.35374189752315,50661.68129592927,16.78533657140128,false,1.801835869850557,1.892832040700467,f7b966f56334eac5b522813fd19d7da8b1ab91bc
submission_candidate_long_propagation_v1,FADC844A73E7210CA55B,h4_long_stable_em_vertical_12p66_n57,em_vertical_12p66_n57,qr_svd_shifted_cocycle_iteration,1,43,4.739946810679337,true,11.71806515361976,true,19.31897228029204,true,23.43613030723953,177997.5499291745,31.03703743391181,52821.567509345,17.10204103501263,false,1.65419420561829,2.082117132102757,f7b966f56334eac5b522813fd19d7da8b1ab91bc
submission_candidate_long_propagation_v1,FADC844A73E7210CA55B,h4_long_stable_em_vertical_12p66_n57,em_vertical_12p66_n57,qr_svd_shifted_cocycle_iteration,1,44,4.850178131857926,true,11.71806515361976,true,19.31897228029204,true,23.43613030723953,172574.8535920983,30.40362850668912,52100.25735913575,7.917611590283624,false,1.947773062316,2.08789877042146,f7b966f56334eac5b522813fd19d7da8b1ab91bc
submission_candidate_long_propagation_v1,FADC844A73E7210CA55B,h4_long_stable_em_vertical_12p66_n57,em_vertical_12p66_n57,qr_svd_shifted_cocycle_iteration,1,45,4.960409453036515,true,11.71806515361976,true,19.31897228029204,true,23.43613030723953,165394.0775459432,30.08692404307777,50028.24738048017,8.234316053894968,false,1.712022758697196,2.006598054917513,f7b966f56334eac5b522813fd19d7da8b1ab91bc
submission_candidate_long_propagation_v1,FADC844A73E7210CA55B,h4_long_stable_em_vertical_12p66_n57,em_vertical_12p66_n57,qr_svd_shifted_cocycle_iteration,1,46,5.070640774215105,true,11.71806515361976,true,19.31897228029204,true,23.43613030723953,156798.8033261499,29.77021957946642,48295.38513900806,8.551020517506315,false,2.228916639659198,2.328510883361422,f7b966f56334eac5b522813fd19d7da8b1ab91bc
submission_candidate_long_propagation_v1,FADC844A73E7210CA55B,h4_long_stable_em_vertical_12p66_n57,em_vertical_12p66_n57,qr_svd_shifted_cocycle_iteration,1,47,5.180872095393694,true,11.71806515361976,true,19.31897228029204,true,23.43613030723953,148740.3516124245,29.77021957946642,46878.67148124606,8.551020517506315,false,1.831837795429712,1.976938802108995,f7b966f56334eac5b522813fd19d7da8b1ab91bc
submission_candidate_long_propagation_v1,FADC844A73E7210CA55B,h4_long_stable_em_vertical_12p66_n57,em_vertical_12p66_n57,qr_svd_shifted_cocycle_iteration,1,48,5.291103416572283,true,11.71806515361976,true,19.31897228029204,true,23.11942584362818,140851.2461729607,29.45351511585508,45902.41529969293,8.867724981117659,false,2.526227333026304,2.526227333026304,f7b966f56334eac5b522813fd19d7da8b1ab91bc
submission_candidate_long_propagation_v1,FADC844A73E7210CA55B,h4_long_stable_em_vertical_12p66_n57,em_vertical_12p66_n57,qr_svd_shifted_cocycle_iteration,1,49,5.401334737750872,true,11.71806515361976,true,19.63567674390339,true,23.11942584362818,135092.6721762677,29.45351511585508,45030.77408002146,8.867724981117659,false,2.098919121095255,2.098919121095255,f7b966f56334eac5b522813fd19d7da8b1ab91bc
submission_candidate_long_propagation_v1,FADC844A73E7210CA55B,h4_long_stable_em_vertical_12p66_n57,em_vertical_12p66_n57,qr_svd_shifted_cocycle_iteration,1,50,5.511566058929461,true,11.71806515361976,true,19.63567674390339,true,23.11942584362818,129788.6053448032,29.45351511585508,44457.84464736527,8.867724981117659,false,2.621681374327119,2.621681374327119,f7b966f56334eac5b522813fd19d7da8b1ab91bc
submission_candidate_long_propagation_v1,FADC844A73E7210CA55B,h4_long_stable_em_vertical_12p66_n57,em_vertical_12p66_n57,qr_svd_shifted_cocycle_iteration,1,51,5.621797380108051,true,11.71806515361976,true,19.63567674390339,true,23.11942584362818,126697.8517734039,29.45351511585508,44114.67521321626,8.867724981117659,false,1.677629170064547,2.492834467764871,f7b966f56334eac5b522813fd19d7da8b1ab91bc
submission_candidate_long_propagation_v1,FADC844A73E7210CA55B,h4_long_stable_em_vertical_12p66_n57,em_vertical_12p66_n57,qr_svd_shifted_cocycle_iteration,1,52,5.73202870128664,true,11.71806515361976,true,19.63567674390339,true,23.11942584362818,121975.2442625237,29.13681065224374,43904.32894171571,9.184429444729004,false,2.585256358801928,2.585256358801928,f7b966f56334eac5b522813fd19d7da8b1ab91bc
submission_candidate_long_propagation_v1,FADC844A73E7210CA55B,h4_long_stable_em_vertical_12p66_n57,em_vertical_12p66_n57,qr_svd_shifted_cocycle_iteration,1,53,5.842260022465229,true,11.71806515361976,true,19.63567674390339,true,23.11942584362818,120332.5606103188,29.13681065224374,43641.6004551865,9.184429444729004,false,1.700237108676301,2.178885648308696,f7b966f56334eac5b522813fd19d7da8b1ab91bc
submission_candidate_long_propagation_v1,FADC844A73E7210CA55B,h4_long_stable_em_vertical_12p66_n57,em_vertical_12p66_n57,qr_svd_shifted_cocycle_iteration,1,54,5.952491343643818,true,11.71806515361976,true,19.63567674390339,true,23.11942584362818,116747.4682290993,29.13681065224374,43484.27277536522,9.184429444729004,false,2.525822349584165,2.525822349584165,f7b966f56334eac5b522813fd19d7da8b1ab91bc
submission_candidate_long_propagation_v1,FADC844A73E7210CA55B,h4_long_stable_em_vertical_12p66_n57,em_vertical_12p66_n57,qr_svd_shifted_cocycle_iteration,1,55,6.062722664822408,true,11.71806515361976,true,19.63567674390339,true,23.11942584362818,116093.9625792903,29.13681065224374,43411.52638045509,9.184429444729004,false,1.723444818765868,2.245157901654863,f7b966f56334eac5b522813fd19d7da8b1ab91bc
submission_candidate_long_propagation_v1,FADC844A73E7210CA55B,h4_long_stable_em_vertical_12p66_n57,em_vertical_12p66_n57,qr_svd_shifted_cocycle_iteration,1,56,6.172953986000997,true,11.71806515361976,true,19.63567674390339,true,23.11942584362818,113091.0004266155,29.13681065224374,43409.99381033696,9.184429444729004,false,2.470449696342837,2.470449696342837,f7b966f56334eac5b522813fd19d7da8b1ab91bc
submission_candidate_long_propagation_v1,FADC844A73E7210CA55B,h4_long_stable_se_active_geometry_member_468,se_active_geometry_member_468,ordered_partial_real_schur_tracking,-1,0,0,true,173.014494965195,true,283.9212225069866,false,nan,148033371.4689496,62.10776742340331,341386.9543466502,368.2103354387482,false,0.05206488426139765,0.07037986730300455,f7b966f56334eac5b522813fd19d7da8b1ab91bc
submission_candidate_long_propagation_v1,FADC844A73E7210CA55B,h4_long_stable_se_active_geometry_member_468,se_active_geometry_member_468,ordered_partial_real_schur_tracking,-1,1,0.2991993003418851,true,173.014494965195,true,283.9212225069866,true,514.6072157939132,148000077.4860117,57.67149832173165,258972.1570395991,363.7740663370765,false,0.1401053819373201,0.1401053819373201,f7b966f56334eac5b522813fd19d7da8b1ab91bc
submission_candidate_long_propagation_v1,FADC844A73E7210CA55B,h4_long_stable_se_active_geometry_member_468,se_active_geometry_member_468,ordered_partial_real_schur_tracking,-1,2,0.5983986006837702,true,173.014494965195,true,283.9212225069866,false,nan,147983512.9886612,48.79896011838832,200611.3408173923,363.7740663370765,false,0.08053244740885306,0.08053244740885306,f7b966f56334eac5b522813fd19d7da8b1ab91bc
submission_candidate_long_propagation_v1,FADC844A73E7210CA55B,h4_long_stable_se_active_geometry_member_468,se_active_geometry_member_468,ordered_partial_real_schur_tracking,-1,3,0.8975979010256552,true,173.014494965195,true,283.9212225069866,false,nan,147982758.1977298,44.36269101671665,230669.5992923736,363.7740663370765,false,0.08104371235083671,0.08104371235083671,f7b966f56334eac5b522813fd19d7da8b1ab91bc
submission_candidate_long_propagation_v1,FADC844A73E7210CA55B,h4_long_stable_se_active_geometry_member_468,se_active_geometry_member_468,ordered_partial_real_schur_tracking,-1,4,1.19679720136754,true,173.014494965195,true,283.9212225069866,true,505.7346775905698,148000315.8757991,39.92642191504499,210377.5410905733,363.7740663370765,false,0.1582658263693471,0.1582658263693471,f7b966f56334eac5b522813fd19d7da8b1ab91bc
submission_candidate_long_propagation_v1,FADC844A73E7210CA55B,h4_long_stable_se_active_geometry_member_468,se_active_geometry_member_468,ordered_partial_real_schur_tracking,-1,5,1.495996501709425,true,173.014494965195,true,283.9212225069866,true,368.2103354387482,148027066.5037973,212.9409168802399,59209.40988639933,368.2103354387482,false,0.04078935637610094,0.124069087951456,f7b966f56334eac5b522813fd19d7da8b1ab91bc
submission_candidate_long_propagation_v1,FADC844A73E7210CA55B,h4_long_stable_se_active_geometry_member_468,se_active_geometry_member_468,ordered_partial_real_schur_tracking,-1,6,1.79519580205131,true,177.4507640668666,true,283.9212225069866,true,519.0434848955848,148052435.3722467,208.5046477785683,122824.0238850091,372.6466045404199,false,0.1276331989291987,0.1276331989291987,f7b966f56334eac5b522813fd19d7da8b1ab91bc
submission_candidate_long_propagation_v1,FADC844A73E7210CA55B,h4_long_stable_se_active_geometry_member_468,se_active_geometry_member_468,ordered_partial_real_schur_tracking,-1,7,2.094395102393196,true,177.4507640668666,true,283.9212225069866,false,nan,148096086.1259486,204.0683786768966,286405.8569943176,368.2103354387482,false,0.03006042363464125,0.0558245398829396,f7b966f56334eac5b522813fd19d7da8b1ab91bc
submission_candidate_long_propagation_v1,FADC844A73E7210CA55B,h4_long_stable_se_active_geometry_member_468,se_active_geometry_member_468,ordered_partial_real_schur_tracking,-1,8,2.393594402735081,true,177.4507640668666,true,283.9212225069866,true,510.1709466922416,148151614.6190178,195.1958404735533,377285.62770107,368.2103354387482,false,0.1337125727896579,0.1337125727896579,f7b966f56334eac5b522813fd19d7da8b1ab91bc
submission_candidate_long_propagation_v1,FADC844A73E7210CA55B,h4_long_stable_se_active_geometry_member_468,se_active_geometry_member_468,ordered_partial_real_schur_tracking,-1,9,2.692793703076966,true,177.4507640668666,true,283.9212225069866,false,nan,148111988.9430456,70.98030562674664,259741.3395207867,510.1709466922416,false,0.01698049884005043,0.0829076369137759,f7b966f56334eac5b522813fd19d7da8b1ab91bc
submission_candidate_long_propagation_v1,FADC844A73E7210CA55B,h4_long_stable_se_active_geometry_member_468,se_active_geometry_member_468,ordered_partial_real_schur_tracking,-1,10,2.991993003418851,true,173.014494965195,true,283.9212225069866,true,514.6072157939132,148056357.6159945,66.54403652507497,373249.0069397422,310.5388371170166,false,0.1362944053196874,0.1362944053196874,f7b966f56334eac5b522813fd19d7da8b1ab91bc
submission_candidate_long_propagation_v1,FADC844A73E7210CA55B,h4_long_stable_se_active_geometry_member_468,se_active_geometry_member_468,ordered_partial_real_schur_tracking,-1,11,3.291192303760736,true,173.014494965195,true,283.9212225069866,false,nan,148015340.0405928,57.67149832173165,316326.3883090538,306.1025680153449,false,0.06666189767541461,0.06666189767541461,f7b966f56334eac5b522813fd19d7da8b1ab91bc
submission_candidate_long_propagation_v1,FADC844A73E7210CA55B,h4_long_stable_se_active_geometry_member_468,se_active_geometry_member_468,ordered_partial_real_schur_tracking,-1,12,3.590391604102621,true,173.014494965195,true,283.9212225069866,true,523.4797539972565,147989259.0625735,53.23522922005998,190234.0046082777,363.7740663370765,false,0.1258863807155948,0.1258863807155948,f7b966f56334eac5b522813fd19d7da8b1ab91bc
submission_candidate_long_propagation_v1,FADC844A73E7210CA55B,h4_long_stable_se_active_geometry_member_468,se_active_geometry_member_468,ordered_partial_real_schur_tracking,-1,13,3.889590904444506,true,173.014494965195,true,283.9212225069866,false,nan,147981443.3620522,48.79896011838832,231784.4972541423,363.7740663370765,false,0.08439396013160987,0.08439396013160987,f7b966f56334eac5b522813fd19d7da8b1ab91bc
submission_candidate_long_propagation_v1,FADC844A73E7210CA55B,h4_long_stable_se_active_geometry_member_468,se_active_geometry_member_468,ordered_partial_real_schur_tracking,-1,14,4.188790204786391,true,173.014494965195,true,283.9212225069866,false,nan,147989103.36756,39.92642191504499,120882.2789106385,363.7740663370765,false,0.0852120532846937,0.08545065005549723,f7b966f56334eac5b522813fd19d7da8b1ab91bc
submission_candidate_long_propagation_v1,FADC844A73E7210CA55B,h4_long_stable_se_active_geometry_member_468,se_active_geometry_member_468,ordered_partial_real_schur_tracking,-1,15,4.487989505128276,true,173.014494965195,true,283.9212225069866,false,nan,148013844.3594611,35.49015281337332,291062.1934860733,368.2103354387482,false,0.06008158609719009,0.06602062717956576,f7b966f56334eac5b522813fd19d7da8b1ab91bc
submission_candidate_long_propagation_v1,FADC844A73E7210CA55B,h4_long_stable_se_active_geometry_member_468,se_active_geometry_member_468,ordered_partial_real_schur_tracking,-1,16,4.787188805470161,true,173.014494965195,true,283.9212225069866,false,nan,148038357.9573158,208.5046477785683,292852.0095420107,372.6466045404199,false,0.09513921826523346,0.09513921826523346,f7b966f56334eac5b522813fd19d7da8b1ab91bc
submission_candidate_long_propagation_v1,FADC844A73E7210CA55B,h4_long_stable_se_active_geometry_member_468,se_active_geometry_member_468,ordered_partial_real_schur_tracking,-1,17,5.086388105812047,true,177.4507640668666,true,283.9212225069866,false,nan,148071864.214336,204.0683786768966,207688.3980867185,372.6466045404199,false,0.02135080365426833,0.09378256537191834,f7b966f56334eac5b522813fd19d7da8b1ab91bc
submission_candidate_long_propagation_v1,FADC844A73E7210CA55B,h4_long_stable_se_active_geometry_member_468,se_active_geometry_member_468,ordered_partial_real_schur_tracking,-1,18,5.385587406153931,true,177.4507640668666,true,283.9212225069866,true,519.0434848955848,148121756.4592133,199.6321095752249,315266.4201478382,368.2103354387482,false,0.1315242159783252,0.1315242159783252,f7b966f56334eac5b522813fd19d7da8b1ab91bc
submission_candidate_long_propagation_v1,FADC844A73E7210CA55B,h4_long_stable_se_active_geometry_member_468,se_active_geometry_member_468,ordered_partial_real_schur_tracking,-1,19,5.684786706495816,true,177.4507640668666,true,283.9212225069866,false,nan,148144096.7673033,70.98030562674664,266341.2645327947,514.6072157939132,false,0.01933805961162906,0.06615680367615998,f7b966f56334eac5b522813fd19d7da8b1ab91bc
submission_candidate_long_propagation_v1,FADC844A73E7210CA55B,h4_long_stable_se_active_geometry_member_468,se_active_geometry_member_468,ordered_partial_real_schur_tracking,-1,20,5.983986006837702,true,177.4507640668666,true,283.9212225069866,true,532.3522922005998,148083048.3302071,66.54403652507497,412303.1956395509,310.5388371170166,false,0.1046850922786285,0.1046850922786285,f7b966f56334eac5b522813fd19d7da8b1ab91bc
submission_candidate_long_propagation_v1,FADC844A73E7210CA55B,h4_long_stable_se_active_geometry_member_468,se_active_geometry_member_468,ordered_partial_real_schur_tracking,1,0,0,true,173.014494965195,true,297.2300298120016,true,394.8279500487782,137973140.5483876,479.1170629805398,1282832.297836996,155.2694185585083,false,0.3547005717099289,0.3547005717099289,f7b966f56334eac5b522813fd19d7da8b1ab91bc
submission_candidate_long_propagation_v1,FADC844A73E7210CA55B,h4_long_stable_se_active_geometry_member_468,se_active_geometry_member_468,ordered_partial_real_schur_tracking,1,1,0.2991993003418851,true,173.014494965195,true,297.2300298120016,true,399.2642191504499,137872787.893784,479.1170629805398,1242089.167093176,146.3968803551649,false,0.3062724624540052,0.3062724624540052,f7b966f56334eac5b522813fd19d7da8b1ab91bc
submission_candidate_long_propagation_v1,FADC844A73E7210CA55B,h4_long_stable_se_active_geometry_member_468,se_active_geometry_member_468,ordered_partial_real_schur_tracking,1,2,0.5983986006837702,true,173.014494965195,true,297.2300298120016,true,399.2642191504499,137627087.326648,479.1170629805398,1216303.666760344,141.9606112534933,false,0.3636567882462204,0.3636567882462204,f7b966f56334eac5b522813fd19d7da8b1ab91bc
submission_candidate_long_propagation_v1,FADC844A73E7210CA55B,h4_long_stable_se_active_geometry_member_468,se_active_geometry_member_468,ordered_partial_real_schur_tracking,1,3,0.8975979010256552,true,173.014494965195,true,297.2300298120016,true,394.8279500487782,137329372.7307612,474.6807938788682,1208421.502884645,137.5243421518216,false,0.3743599259274944,0.3743599259274944,f7b966f56334eac5b522813fd19d7da8b1ab91bc
submission_candidate_long_propagation_v1,FADC844A73E7210CA55B,h4_long_stable_se_active_geometry_member_468,se_active_geometry_member_468,ordered_partial_real_schur_tracking,1,4,1.19679720136754,true,173.014494965195,true,292.7937607103299,true,394.8279500487782,137066383.214147,474.6807938788682,1215177.011925998,128.6518039484783,false,0.3109967341967502,0.3109967341967502,f7b966f56334eac5b522813fd19d7da8b1ab91bc
submission_candidate_long_propagation_v1,FADC844A73E7210CA55B,h4_long_stable_se_active_geometry_member_468,se_active_geometry_member_468,ordered_partial_real_schur_tracking,1,5,1.495996501709425,true,173.014494965195,true,292.7937607103299,true,390.3916809471066,136892441.9350145,474.6807938788682,1237138.244071438,124.2155348468066,false,0.3925387737937001,0.3925387737937001,f7b966f56334eac5b522813fd19d7da8b1ab91bc
submission_candidate_long_propagation_v1,FADC844A73E7210CA55B,h4_long_stable_se_active_geometry_member_468,se_active_geometry_member_468,ordered_partial_real_schur_tracking,1,6,1.79519580205131,true,177.4507640668666,true,292.7937607103299,true,394.8279500487782,136932708.8864887,470.2445247771965,1276716.499430358,119.7792657451349,false,0.2972520283868979,0.2972520283868979,f7b966f56334eac5b522813fd19d7da8b1ab91bc
submission_candidate_long_propagation_v1,FADC844A73E7210CA55B,h4_long_stable_se_active_geometry_member_468,se_active_geometry_member_468,ordered_partial_real_schur_tracking,1,7,2.094395102393196,true,177.4507640668666,true,292.7937607103299,true,390.3916809471066,137138510.9015057,474.6807938788682,1331162.309363742,110.9067275417916,false,0.3878511828314875,0.3878511828314875,f7b966f56334eac5b522813fd19d7da8b1ab91bc
submission_candidate_long_propagation_v1,FADC844A73E7210CA55B,h4_long_stable_se_active_geometry_member_468,se_active_geometry_member_468,ordered_partial_real_schur_tracking,1,8,2.393594402735081,true,177.4507640668666,true,292.7937607103299,true,394.8279500487782,137493572.1698892,474.6807938788682,1395404.02539166,106.47045844012,false,0.2753394942456221,0.2753394942456221,f7b966f56334eac5b522813fd19d7da8b1ab91bc
submission_candidate_long_propagation_v1,FADC844A73E7210CA55B,h4_long_stable_se_active_geometry_member_468,se_active_geometry_member_468,ordered_partial_real_schur_tracking,1,9,2.692793703076966,true,177.4507640668666,true,292.7937607103299,true,394.8279500487782,137798325.763111,474.6807938788682,1370472.154701351,159.70568766018,false,0.3651114390367903,0.3651114390367903,f7b966f56334eac5b522813fd19d7da8b1ab91bc
submission_candidate_long_propagation_v1,FADC844A73E7210CA55B,h4_long_stable_se_active_geometry_member_468,se_active_geometry_member_468,ordered_partial_real_schur_tracking,1,10,2.991993003418851,true,173.014494965195,true,297.2300298120016,true,399.2642191504499,137976128.0089387,479.1170629805398,1308597.394248033,155.2694185585083,false,0.2756787093662212,0.2756787093662212,f7b966f56334eac5b522813fd19d7da8b1ab91bc
submission_candidate_long_propagation_v1,FADC844A73E7210CA55B,h4_long_stable_se_active_geometry_member_468,se_active_geometry_member_468,ordered_partial_real_schur_tracking,1,11,3.291192303760736,true,173.014494965195,true,297.2300298120016,true,399.2642191504499,137941946.2226747,479.1170629805398,1259543.914830778,150.8331494568366,false,0.3560767325684775,0.3560767325684775,f7b966f56334eac5b522813fd19d7da8b1ab91bc
submission_candidate_long_propagation_v1,FADC844A73E7210CA55B,h4_long_stable_se_active_geometry_member_468,se_active_geometry_member_468,ordered_partial_real_schur_tracking,1,12,3.590391604102621,true,173.014494965195,true,297.2300298120016,true,399.2642191504499,137762177.5466235,479.1170629805398,1227329.202737072,146.3968803551649,false,0.3271923770956756,0.3271923770956756,f7b966f56334eac5b522813fd19d7da8b1ab91bc
submission_candidate_long_propagation_v1,FADC844A73E7210CA55B,h4_long_stable_se_active_geometry_member_468,se_active_geometry_member_468,ordered_partial_real_schur_tracking,1,13,3.889590904444506,true,173.014494965195,true,297.2300298120016,true,394.8279500487782,137481407.2257401,479.1170629805398,1211051.401588673,137.5243421518216,false,0.3690301899699637,0.3690301899699637,f7b966f56334eac5b522813fd19d7da8b1ab91bc
submission_candidate_long_propagation_v1,FADC844A73E7210CA55B,h4_long_stable_se_active_geometry_member_468,se_active_geometry_member_468,ordered_partial_real_schur_tracking,1,14,4.188790204786391,true,173.014494965195,true,297.2300298120016,true,394.8279500487782,137186775.0488024,474.6807938788682,1208966.148188648,133.0880730501499,false,0.3787224385810365,0.3787224385810365,f7b966f56334eac5b522813fd19d7da8b1ab91bc
submission_candidate_long_propagation_v1,FADC844A73E7210CA55B,h4_long_stable_se_active_geometry_member_468,se_active_geometry_member_468,ordered_partial_real_schur_tracking,1,15,4.487989505128276,true,173.014494965195,true,292.7937607103299,true,390.3916809471066,136959146.905732,474.6807938788682,1224821.048260006,128.6518039484783,false,0.3901909885405975,0.3901909885405975,f7b966f56334eac5b522813fd19d7da8b1ab91bc
submission_candidate_long_propagation_v1,FADC844A73E7210CA55B,h4_long_stable_se_active_geometry_member_468,se_active_geometry_member_468,ordered_partial_real_schur_tracking,1,16,4.787188805470161,true,173.014494965195,true,292.7937607103299,true,390.3916809471066,136891147.307895,470.2445247771965,1255334.409125365,119.7792657451349,false,0.3448857951133677,0.3448857951133677,f7b966f56334eac5b522813fd19d7da8b1ab91bc
submission_candidate_long_propagation_v1,FADC844A73E7210CA55B,h4_long_stable_se_active_geometry_member_468,se_active_geometry_member_468,ordered_partial_real_schur_tracking,1,17,5.086388105812047,true,177.4507640668666,true,292.7937607103299,true,390.3916809471066,137008889.6547696,470.2445247771965,1301426.323255665,115.3429966434633,false,0.3928567397877058,0.3928567397877058,f7b966f56334eac5b522813fd19d7da8b1ab91bc
submission_candidate_long_propagation_v1,FADC844A73E7210CA55B,h4_long_stable_se_active_geometry_member_468,se_active_geometry_member_468,ordered_partial_real_schur_tracking,1,18,5.385587406153931,true,177.4507640668666,true,292.7937607103299,true,394.8279500487782,137313971.5423681,474.6807938788682,1361608.507105901,110.9067275417916,false,0.3043842481522139,0.3043842481522139,f7b966f56334eac5b522813fd19d7da8b1ab91bc
submission_candidate_long_propagation_v1,FADC844A73E7210CA55B,h4_long_stable_se_active_geometry_member_468,se_active_geometry_member_468,ordered_partial_real_schur_tracking,1,19,5.684786706495816,true,177.4507640668666,true,292.7937607103299,true,390.3916809471066,137651132.1665697,474.6807938788682,1404128.768710325,164.1419567618516,false,0.3708800795486492,0.3708800795486492,f7b966f56334eac5b522813fd19d7da8b1ab91bc
submission_candidate_long_propagation_v1,FADC844A73E7210CA55B,h4_long_stable_se_active_geometry_member_468,se_active_geometry_member_468,ordered_partial_real_schur_tracking,1,20,5.983986006837702,true,177.4507640668666,true,297.2300298120016,true,399.2642191504499,137918038.0090179,479.1170629805398,1338037.303066608,159.70568766018,false,0.2766397496532225,0.2766397496532225,f7b966f56334eac5b522813fd19d7da8b1ab91bc
submission_candidate_long_propagation_v1,FADC844A73E7210CA55B,h4_long_stable_se_active_geometry_member_468,se_active_geometry_member_468,qr_svd_shifted_cocycle_iteration,-1,0,0,true,173.014494965195,true,283.9212225069866,false,nan,148033371.4689496,62.10776742340331,341386.9543464527,368.2103354387482,false,0.05206488426067314,0.07037986730303825,f7b966f56334eac5b522813fd19d7da8b1ab91bc
submission_candidate_long_propagation_v1,FADC844A73E7210CA55B,h4_long_stable_se_active_geometry_member_468,se_active_geometry_member_468,qr_svd_shifted_cocycle_iteration,-1,1,0.2991993003418851,true,173.014494965195,true,283.9212225069866,true,514.6072157939132,148000077.4860117,57.67149832173165,258972.1570353103,363.7740663370765,false,0.1401053819364125,0.1401053819364125,f7b966f56334eac5b522813fd19d7da8b1ab91bc
submission_candidate_long_propagation_v1,FADC844A73E7210CA55B,h4_long_stable_se_active_geometry_member_468,se_active_geometry_member_468,qr_svd_shifted_cocycle_iteration,-1,2,0.5983986006837702,true,173.014494965195,true,283.9212225069866,false,nan,147983512.9886612,48.79896011838832,200611.3408173865,363.7740663370765,false,0.08053244740960708,0.08053244740960708,f7b966f56334eac5b522813fd19d7da8b1ab91bc
submission_candidate_long_propagation_v1,FADC844A73E7210CA55B,h4_long_stable_se_active_geometry_member_468,se_active_geometry_member_468,qr_svd_shifted_cocycle_iteration,-1,3,0.8975979010256552,true,173.014494965195,true,283.9212225069866,false,nan,147982758.1977298,44.36269101671665,230669.5992442504,363.7740663370765,false,0.08104371235724744,0.08104371235724744,f7b966f56334eac5b522813fd19d7da8b1ab91bc
submission_candidate_long_propagation_v1,FADC844A73E7210CA55B,h4_long_stable_se_active_geometry_member_468,se_active_geometry_member_468,qr_svd_shifted_cocycle_iteration,-1,4,1.19679720136754,true,173.014494965195,true,283.9212225069866,true,505.7346775905698,148000315.8757991,39.92642191504499,210377.5410819605,363.7740663370765,false,0.158265826372448,0.158265826372448,f7b966f56334eac5b522813fd19d7da8b1ab91bc
submission_candidate_long_propagation_v1,FADC844A73E7210CA55B,h4_long_stable_se_active_geometry_member_468,se_active_geometry_member_468,qr_svd_shifted_cocycle_iteration,-1,5,1.495996501709425,true,173.014494965195,true,283.9212225069866,true,368.2103354387482,148027066.5037966,212.9409168802399,59209.41014085837,368.2103354387482,false,0.04078935634979874,0.1240690876832633,f7b966f56334eac5b522813fd19d7da8b1ab91bc
submission_candidate_long_propagation_v1,FADC844A73E7210CA55B,h4_long_stable_se_active_geometry_member_468,se_active_geometry_member_468,qr_svd_shifted_cocycle_iteration,-1,6,1.79519580205131,true,177.4507640668666,true,283.9212225069866,true,519.0434848955848,148052435.3722495,208.5046477785683,122824.0245410734,372.6466045404199,false,0.1276331989414703,0.1276331989414703,f7b966f56334eac5b522813fd19d7da8b1ab91bc
submission_candidate_long_propagation_v1,FADC844A73E7210CA55B,h4_long_stable_se_active_geometry_member_468,se_active_geometry_member_468,qr_svd_shifted_cocycle_iteration,-1,7,2.094395102393196,true,177.4507640668666,true,283.9212225069866,false,nan,148096086.125948,204.0683786768966,286405.8570843395,368.2103354387482,false,0.03006042363515571,0.0558245398748012,f7b966f56334eac5b522813fd19d7da8b1ab91bc
submission_candidate_long_propagation_v1,FADC844A73E7210CA55B,h4_long_stable_se_active_geometry_member_468,se_active_geometry_member_468,qr_svd_shifted_cocycle_iteration,-1,8,2.393594402735081,true,177.4507640668666,true,283.9212225069866,true,510.1709466922416,148151614.6190213,195.1958404735533,377285.6274616486,368.2103354387482,false,0.1337125727409632,0.1337125727409632,f7b966f56334eac5b522813fd19d7da8b1ab91bc
submission_candidate_long_propagation_v1,FADC844A73E7210CA55B,h4_long_stable_se_active_geometry_member_468,se_active_geometry_member_468,qr_svd_shifted_cocycle_iteration,-1,9,2.692793703076966,true,177.4507640668666,true,283.9212225069866,false,nan,148111988.9430456,70.98030562674664,259741.3395894317,510.1709466922416,false,0.01698049883852495,0.08290763691371472,f7b966f56334eac5b522813fd19d7da8b1ab91bc
submission_candidate_long_propagation_v1,FADC844A73E7210CA55B,h4_long_stable_se_active_geometry_member_468,se_active_geometry_member_468,qr_svd_shifted_cocycle_iteration,-1,10,2.991993003418851,true,173.014494965195,true,283.9212225069866,true,514.6072157939132,148056357.6159945,66.54403652507497,373249.0069398289,310.5388371170166,false,0.1362944053224558,0.1362944053224558,f7b966f56334eac5b522813fd19d7da8b1ab91bc
submission_candidate_long_propagation_v1,FADC844A73E7210CA55B,h4_long_stable_se_active_geometry_member_468,se_active_geometry_member_468,qr_svd_shifted_cocycle_iteration,-1,11,3.291192303760736,true,173.014494965195,true,283.9212225069866,false,nan,148015340.0405928,57.67149832173165,316326.388445028,306.1025680153449,false,0.06666189768753776,0.06666189768753776,f7b966f56334eac5b522813fd19d7da8b1ab91bc
submission_candidate_long_propagation_v1,FADC844A73E7210CA55B,h4_long_stable_se_active_geometry_member_468,se_active_geometry_member_468,qr_svd_shifted_cocycle_iteration,-1,12,3.590391604102621,true,173.014494965195,true,283.9212225069866,true,523.4797539972565,147989259.0625735,53.23522922005998,190234.0046082275,363.7740663370765,false,0.1258863807161797,0.1258863807161797,f7b966f56334eac5b522813fd19d7da8b1ab91bc
submission_candidate_long_propagation_v1,FADC844A73E7210CA55B,h4_long_stable_se_active_geometry_member_468,se_active_geometry_member_468,qr_svd_shifted_cocycle_iteration,-1,13,3.889590904444506,true,173.014494965195,true,283.9212225069866,false,nan,147981443.3620522,48.79896011838832,231784.4972540629,363.7740663370765,false,0.08439396013143881,0.08439396013143881,f7b966f56334eac5b522813fd19d7da8b1ab91bc
submission_candidate_long_propagation_v1,FADC844A73E7210CA55B,h4_long_stable_se_active_geometry_member_468,se_active_geometry_member_468,qr_svd_shifted_cocycle_iteration,-1,14,4.188790204786391,true,173.014494965195,true,283.9212225069866,false,nan,147989103.36756,39.92642191504499,120882.2789211346,363.7740663370765,false,0.08521205328190123,0.08545065005157014,f7b966f56334eac5b522813fd19d7da8b1ab91bc
submission_candidate_long_propagation_v1,FADC844A73E7210CA55B,h4_long_stable_se_active_geometry_member_468,se_active_geometry_member_468,qr_svd_shifted_cocycle_iteration,-1,15,4.487989505128276,true,173.014494965195,true,283.9212225069866,false,nan,148013844.3594611,35.49015281337332,291062.1934491612,368.2103354387482,false,0.06008158614441631,0.06602062721874756,f7b966f56334eac5b522813fd19d7da8b1ab91bc
submission_candidate_long_propagation_v1,FADC844A73E7210CA55B,h4_long_stable_se_active_geometry_member_468,se_active_geometry_member_468,qr_svd_shifted_cocycle_iteration,-1,16,4.787188805470161,true,173.014494965195,true,283.9212225069866,false,nan,148038357.9573325,208.5046477785683,292852.0139752555,372.6466045404199,false,0.09513921844174036,0.09513921844174036,f7b966f56334eac5b522813fd19d7da8b1ab91bc
submission_candidate_long_propagation_v1,FADC844A73E7210CA55B,h4_long_stable_se_active_geometry_member_468,se_active_geometry_member_468,qr_svd_shifted_cocycle_iteration,-1,17,5.086388105812047,true,177.4507640668666,true,283.9212225069866,false,nan,148071864.214336,204.0683786768966,207688.3980825673,372.6466045404199,false,0.02135080365416318,0.09378256537191579,f7b966f56334eac5b522813fd19d7da8b1ab91bc
submission_candidate_long_propagation_v1,FADC844A73E7210CA55B,h4_long_stable_se_active_geometry_member_468,se_active_geometry_member_468,qr_svd_shifted_cocycle_iteration,-1,18,5.385587406153931,true,177.4507640668666,true,283.9212225069866,true,519.0434848955848,148121756.4592136,199.6321095752249,315266.4201165029,368.2103354387482,false,0.1315242159757961,0.1315242159757961,f7b966f56334eac5b522813fd19d7da8b1ab91bc
submission_candidate_long_propagation_v1,FADC844A73E7210CA55B,h4_long_stable_se_active_geometry_member_468,se_active_geometry_member_468,qr_svd_shifted_cocycle_iteration,-1,19,5.684786706495816,true,177.4507640668666,true,283.9212225069866,false,nan,148144096.7673033,70.98030562674664,266341.2646163087,514.6072157939132,false,0.0193380596294683,0.06615680367632079,f7b966f56334eac5b522813fd19d7da8b1ab91bc
submission_candidate_long_propagation_v1,FADC844A73E7210CA55B,h4_long_stable_se_active_geometry_member_468,se_active_geometry_member_468,qr_svd_shifted_cocycle_iteration,-1,20,5.983986006837702,true,177.4507640668666,true,283.9212225069866,true,532.3522922005998,148083048.3302071,66.54403652507497,412303.1956403332,310.5388371170166,false,0.1046850922792713,0.1046850922792713,f7b966f56334eac5b522813fd19d7da8b1ab91bc
submission_candidate_long_propagation_v1,FADC844A73E7210CA55B,h4_long_stable_se_active_geometry_member_468,se_active_geometry_member_468,qr_svd_shifted_cocycle_iteration,1,0,0,true,173.014494965195,true,297.2300298120016,true,394.8279500487782,137973140.5482114,479.1170629805398,1282832.29783674,155.2694185585083,false,0.3547005717103566,0.3547005717103566,f7b966f56334eac5b522813fd19d7da8b1ab91bc
submission_candidate_long_propagation_v1,FADC844A73E7210CA55B,h4_long_stable_se_active_geometry_member_468,se_active_geometry_member_468,qr_svd_shifted_cocycle_iteration,1,1,0.2991993003418851,true,173.014494965195,true,297.2300298120016,true,399.2642191504499,137872787.8937857,479.1170629805398,1242089.167093176,146.3968803551649,false,0.3062724624539822,0.3062724624539822,f7b966f56334eac5b522813fd19d7da8b1ab91bc
submission_candidate_long_propagation_v1,FADC844A73E7210CA55B,h4_long_stable_se_active_geometry_member_468,se_active_geometry_member_468,qr_svd_shifted_cocycle_iteration,1,2,0.5983986006837702,true,173.014494965195,true,297.2300298120016,true,399.2642191504499,137627087.3266695,479.1170629805398,1216303.666760361,141.9606112534933,false,0.363656788246017,0.363656788246017,f7b966f56334eac5b522813fd19d7da8b1ab91bc
submission_candidate_long_propagation_v1,FADC844A73E7210CA55B,h4_long_stable_se_active_geometry_member_468,se_active_geometry_member_468,qr_svd_shifted_cocycle_iteration,1,3,0.8975979010256552,true,173.014494965195,true,297.2300298120016,true,394.8279500487782,137329372.7307612,474.6807938788682,1208421.502884645,137.5243421518216,false,0.3743599259274947,0.3743599259274947,f7b966f56334eac5b522813fd19d7da8b1ab91bc
submission_candidate_long_propagation_v1,FADC844A73E7210CA55B,h4_long_stable_se_active_geometry_member_468,se_active_geometry_member_468,qr_svd_shifted_cocycle_iteration,1,4,1.19679720136754,true,173.014494965195,true,292.7937607103299,true,394.8279500487782,137066383.2141469,474.6807938788682,1215177.011925998,128.6518039484783,false,0.3109967341967509,0.3109967341967509,f7b966f56334eac5b522813fd19d7da8b1ab91bc
submission_candidate_long_propagation_v1,FADC844A73E7210CA55B,h4_long_stable_se_active_geometry_member_468,se_active_geometry_member_468,qr_svd_shifted_cocycle_iteration,1,5,1.495996501709425,true,173.014494965195,true,292.7937607103299,true,390.3916809471066,136892441.9350069,474.6807938788682,1237138.244071421,124.2155348468066,false,0.3925387737937212,0.3925387737937212,f7b966f56334eac5b522813fd19d7da8b1ab91bc
submission_candidate_long_propagation_v1,FADC844A73E7210CA55B,h4_long_stable_se_active_geometry_member_468,se_active_geometry_member_468,qr_svd_shifted_cocycle_iteration,1,6,1.79519580205131,true,177.4507640668666,true,292.7937607103299,true,394.8279500487782,136932708.8864897,470.2445247771965,1276716.499430358,119.7792657451349,false,0.2972520283868891,0.2972520283868891,f7b966f56334eac5b522813fd19d7da8b1ab91bc
submission_candidate_long_propagation_v1,FADC844A73E7210CA55B,h4_long_stable_se_active_geometry_member_468,se_active_geometry_member_468,qr_svd_shifted_cocycle_iteration,1,7,2.094395102393196,true,177.4507640668666,true,292.7937607103299,true,390.3916809471066,137138510.9015056,474.6807938788682,1331162.309363741,110.9067275417916,false,0.3878511828314888,0.3878511828314888,f7b966f56334eac5b522813fd19d7da8b1ab91bc
submission_candidate_long_propagation_v1,FADC844A73E7210CA55B,h4_long_stable_se_active_geometry_member_468,se_active_geometry_member_468,qr_svd_shifted_cocycle_iteration,1,8,2.393594402735081,true,177.4507640668666,true,292.7937607103299,true,394.8279500487782,137493572.1698892,474.6807938788682,1395404.02539166,106.47045844012,false,0.2753394942456217,0.2753394942456217,f7b966f56334eac5b522813fd19d7da8b1ab91bc
submission_candidate_long_propagation_v1,FADC844A73E7210CA55B,h4_long_stable_se_active_geometry_member_468,se_active_geometry_member_468,qr_svd_shifted_cocycle_iteration,1,9,2.692793703076966,true,177.4507640668666,true,292.7937607103299,true,394.8279500487782,137798325.763111,474.6807938788682,1370472.15470135,159.70568766018,false,0.3651114390367907,0.3651114390367907,f7b966f56334eac5b522813fd19d7da8b1ab91bc
submission_candidate_long_propagation_v1,FADC844A73E7210CA55B,h4_long_stable_se_active_geometry_member_468,se_active_geometry_member_468,qr_svd_shifted_cocycle_iteration,1,10,2.991993003418851,true,173.014494965195,true,297.2300298120016,true,399.2642191504499,137976128.0089387,479.1170629805398,1308597.394248034,155.2694185585083,false,0.2756787093662209,0.2756787093662209,f7b966f56334eac5b522813fd19d7da8b1ab91bc
submission_candidate_long_propagation_v1,FADC844A73E7210CA55B,h4_long_stable_se_active_geometry_member_468,se_active_geometry_member_468,qr_svd_shifted_cocycle_iteration,1,11,3.291192303760736,true,173.014494965195,true,297.2300298120016,true,399.2642191504499,137941946.2226747,479.1170629805398,1259543.914830778,150.8331494568366,false,0.3560767325684789,0.3560767325684789,f7b966f56334eac5b522813fd19d7da8b1ab91bc
submission_candidate_long_propagation_v1,FADC844A73E7210CA55B,h4_long_stable_se_active_geometry_member_468,se_active_geometry_member_468,qr_svd_shifted_cocycle_iteration,1,12,3.590391604102621,true,173.014494965195,true,297.2300298120016,true,399.2642191504499,137762177.5466235,479.1170629805398,1227329.202737072,146.3968803551649,false,0.3271923770956756,0.3271923770956756,f7b966f56334eac5b522813fd19d7da8b1ab91bc
submission_candidate_long_propagation_v1,FADC844A73E7210CA55B,h4_long_stable_se_active_geometry_member_468,se_active_geometry_member_468,qr_svd_shifted_cocycle_iteration,1,13,3.889590904444506,true,173.014494965195,true,297.2300298120016,true,394.8279500487782,137481407.2245761,479.1170629805398,1211051.401587915,137.5243421518216,false,0.3690301899819752,0.3690301899819752,f7b966f56334eac5b522813fd19d7da8b1ab91bc
submission_candidate_long_propagation_v1,FADC844A73E7210CA55B,h4_long_stable_se_active_geometry_member_468,se_active_geometry_member_468,qr_svd_shifted_cocycle_iteration,1,14,4.188790204786391,true,173.014494965195,true,297.2300298120016,true,394.8279500487782,137186775.0488024,474.6807938788682,1208966.148188648,133.0880730501499,false,0.3787224385810362,0.3787224385810362,f7b966f56334eac5b522813fd19d7da8b1ab91bc
submission_candidate_long_propagation_v1,FADC844A73E7210CA55B,h4_long_stable_se_active_geometry_member_468,se_active_geometry_member_468,qr_svd_shifted_cocycle_iteration,1,15,4.487989505128276,true,173.014494965195,true,292.7937607103299,true,390.3916809471066,136959146.9057311,474.6807938788682,1224821.048260006,128.6518039484783,false,0.3901909885406036,0.3901909885406036,f7b966f56334eac5b522813fd19d7da8b1ab91bc
submission_candidate_long_propagation_v1,FADC844A73E7210CA55B,h4_long_stable_se_active_geometry_member_468,se_active_geometry_member_468,qr_svd_shifted_cocycle_iteration,1,16,4.787188805470161,true,173.014494965195,true,292.7937607103299,true,390.3916809471066,136891147.3079623,470.2445247771965,1255334.409125398,119.7792657451349,false,0.3448857951133356,0.3448857951133356,f7b966f56334eac5b522813fd19d7da8b1ab91bc
submission_candidate_long_propagation_v1,FADC844A73E7210CA55B,h4_long_stable_se_active_geometry_member_468,se_active_geometry_member_468,qr_svd_shifted_cocycle_iteration,1,17,5.086388105812047,true,177.4507640668666,true,292.7937607103299,true,390.3916809471066,137008889.6547412,470.2445247771965,1301426.323255664,115.3429966434633,false,0.3928567397875182,0.3928567397875182,f7b966f56334eac5b522813fd19d7da8b1ab91bc
submission_candidate_long_propagation_v1,FADC844A73E7210CA55B,h4_long_stable_se_active_geometry_member_468,se_active_geometry_member_468,qr_svd_shifted_cocycle_iteration,1,18,5.385587406153931,true,177.4507640668666,true,292.7937607103299,true,394.8279500487782,137313971.5423705,474.6807938788682,1361608.507105901,110.9067275417916,false,0.3043842481522188,0.3043842481522188,f7b966f56334eac5b522813fd19d7da8b1ab91bc
submission_candidate_long_propagation_v1,FADC844A73E7210CA55B,h4_long_stable_se_active_geometry_member_468,se_active_geometry_member_468,qr_svd_shifted_cocycle_iteration,1,19,5.684786706495816,true,177.4507640668666,true,292.7937607103299,true,390.3916809471066,137651132.1665332,474.6807938788682,1404128.768710164,164.1419567618516,false,0.3708800795482006,0.3708800795482006,f7b966f56334eac5b522813fd19d7da8b1ab91bc
submission_candidate_long_propagation_v1,FADC844A73E7210CA55B,h4_long_stable_se_active_geometry_member_468,se_active_geometry_member_468,qr_svd_shifted_cocycle_iteration,1,20,5.983986006837702,true,177.4507640668666,true,297.2300298120016,true,399.2642191504499,137918038.0090179,479.1170629805398,1338037.303066609,159.70568766018,false,0.2766397496532215,0.2766397496532215,f7b966f56334eac5b522813fd19d7da8b1ab91bc
