series,pixel_x,pixel_y,mapping_time_days,stability_index,source_image,digitization_method,estimated_x_uncertainty_days,estimated_y_uncertainty_nu
periodic_anchor,252,515,12.02340425531915,618.7499999999998,outputs/reference_pages/fig_4_2_reference_native.png,native_pdf_rgb_threshold_median,0.001276595744684417,1.953125000000229
blue_stability_curve,258,511,12.02595744680851,620.3124999999998,outputs/reference_pages/fig_4_2_reference_native.png,native_pdf_rgb_threshold_median,0.001276595744684417,1.953125000000229
blue_stability_curve,259,512,12.0263829787234,619.9218749999998,outputs/reference_pages/fig_4_2_reference_native.png,native_pdf_rgb_threshold_median,0.001276595744684417,1.953125000000229
blue_stability_curve,260,512,12.0268085106383,619.9218749999998,outputs/reference_pages/fig_4_2_reference_native.png,native_pdf_rgb_threshold_median,0.001276595744684417,1.953125000000229
blue_stability_curve,261,511.5,12.02723404255319,620.1171874999998,outputs/reference_pages/fig_4_2_reference_native.png,native_pdf_rgb_threshold_median,0.001276595744684417,1.953125000000229
blue_stability_curve,262,511,12.02765957446808,620.3124999999998,outputs/reference_pages/fig_4_2_reference_native.png,native_pdf_rgb_threshold_median,0.001276595744684417,1.953125000000229
blue_stability_curve,263,510.5,12.02808510638298,620.5078124999998,outputs/reference_pages/fig_4_2_reference_native.png,native_pdf_rgb_threshold_median,0.001276595744684417,1.953125000000229
blue_stability_curve,264,510,12.02851063829787,620.7031249999998,outputs/reference_pages/fig_4_2_reference_native.png,native_pdf_rgb_threshold_median,0.001276595744684417,1.953125000000229
blue_stability_curve,265,510,12.02893617021276,620.7031249999998,outputs/reference_pages/fig_4_2_reference_native.png,native_pdf_rgb_threshold_median,0.001276595744684417,1.953125000000229
blue_stability_curve,266,509.5,12.02936170212766,620.8984374999998,outputs/reference_pages/fig_4_2_reference_native.png,native_pdf_rgb_threshold_median,0.001276595744684417,1.953125000000229
blue_stability_curve,267,509,12.02978723404255,621.0937499999998,outputs/reference_pages/fig_4_2_reference_native.png,native_pdf_rgb_threshold_median,0.001276595744684417,1.953125000000229
blue_stability_curve,268,508.5,12.03021276595744,621.2890624999998,outputs/reference_pages/fig_4_2_reference_native.png,native_pdf_rgb_threshold_median,0.001276595744684417,1.953125000000229
blue_stability_curve,269,508,12.03063829787234,621.4843749999998,outputs/reference_pages/fig_4_2_reference_native.png,native_pdf_rgb_threshold_median,0.001276595744684417,1.953125000000229
blue_stability_curve,270,508,12.03106382978723,621.4843749999998,outputs/reference_pages/fig_4_2_reference_native.png,native_pdf_rgb_threshold_median,0.001276595744684417,1.953125000000229
blue_stability_curve,271,507.5,12.03148936170212,621.6796874999998,outputs/reference_pages/fig_4_2_reference_native.png,native_pdf_rgb_threshold_median,0.001276595744684417,1.953125000000229
blue_stability_curve,272,507,12.03191489361702,621.8749999999998,outputs/reference_pages/fig_4_2_reference_native.png,native_pdf_rgb_threshold_median,0.001276595744684417,1.953125000000229
blue_stability_curve,273,506.5,12.03234042553191,622.0703124999998,outputs/reference_pages/fig_4_2_reference_native.png,native_pdf_rgb_threshold_median,0.001276595744684417,1.953125000000229
blue_stability_curve,274,506,12.03276595744681,622.2656249999998,outputs/reference_pages/fig_4_2_reference_native.png,native_pdf_rgb_threshold_median,0.001276595744684417,1.953125000000229
blue_stability_curve,275,506,12.0331914893617,622.2656249999998,outputs/reference_pages/fig_4_2_reference_native.png,native_pdf_rgb_threshold_median,0.001276595744684417,1.953125000000229
blue_stability_curve,276,505.5,12.03361702127659,622.4609374999998,outputs/reference_pages/fig_4_2_reference_native.png,native_pdf_rgb_threshold_median,0.001276595744684417,1.953125000000229
blue_stability_curve,277,505,12.03404255319149,622.6562499999998,outputs/reference_pages/fig_4_2_reference_native.png,native_pdf_rgb_threshold_median,0.001276595744684417,1.953125000000229
blue_stability_curve,278,504.5,12.03446808510638,622.8515624999998,outputs/reference_pages/fig_4_2_reference_native.png,native_pdf_rgb_threshold_median,0.001276595744684417,1.953125000000229
blue_stability_curve,279,504,12.03489361702127,623.0468749999998,outputs/reference_pages/fig_4_2_reference_native.png,native_pdf_rgb_threshold_median,0.001276595744684417,1.953125000000229
blue_stability_curve,280,504,12.03531914893617,623.0468749999998,outputs/reference_pages/fig_4_2_reference_native.png,native_pdf_rgb_threshold_median,0.001276595744684417,1.953125000000229
blue_stability_curve,281,503.5,12.03574468085106,623.2421874999998,outputs/reference_pages/fig_4_2_reference_native.png,native_pdf_rgb_threshold_median,0.001276595744684417,1.953125000000229
blue_stability_curve,282,503,12.03617021276595,623.4374999999998,outputs/reference_pages/fig_4_2_reference_native.png,native_pdf_rgb_threshold_median,0.001276595744684417,1.953125000000229
blue_stability_curve,283,502.5,12.03659574468085,623.6328124999998,outputs/reference_pages/fig_4_2_reference_native.png,native_pdf_rgb_threshold_median,0.001276595744684417,1.953125000000229
blue_stability_curve,284,502,12.03702127659574,623.8281249999998,outputs/reference_pages/fig_4_2_reference_native.png,native_pdf_rgb_threshold_median,0.001276595744684417,1.953125000000229
blue_stability_curve,285,502,12.03744680851064,623.8281249999998,outputs/reference_pages/fig_4_2_reference_native.png,native_pdf_rgb_threshold_median,0.001276595744684417,1.953125000000229
blue_stability_curve,286,501.5,12.03787234042553,624.0234374999998,outputs/reference_pages/fig_4_2_reference_native.png,native_pdf_rgb_threshold_median,0.001276595744684417,1.953125000000229
blue_stability_curve,287,501,12.03829787234042,624.2187499999998,outputs/reference_pages/fig_4_2_reference_native.png,native_pdf_rgb_threshold_median,0.001276595744684417,1.953125000000229
blue_stability_curve,288,500.5,12.03872340425532,624.4140624999998,outputs/reference_pages/fig_4_2_reference_native.png,native_pdf_rgb_threshold_median,0.001276595744684417,1.953125000000229
blue_stability_curve,289,500,12.03914893617021,624.6093749999998,outputs/reference_pages/fig_4_2_reference_native.png,native_pdf_rgb_threshold_median,0.001276595744684417,1.953125000000229
blue_stability_curve,290,500,12.0395744680851,624.6093749999998,outputs/reference_pages/fig_4_2_reference_native.png,native_pdf_rgb_threshold_median,0.001276595744684417,1.953125000000229
blue_stability_curve,291,499,12.04,624.9999999999998,outputs/reference_pages/fig_4_2_reference_native.png,native_pdf_rgb_threshold_median,0.001276595744684417,1.953125000000229
blue_stability_curve,292,499,12.04042553191489,624.9999999999998,outputs/reference_pages/fig_4_2_reference_native.png,native_pdf_rgb_threshold_median,0.001276595744684417,1.953125000000229
blue_stability_curve,293,498.5,12.04085106382978,625.1953124999998,outputs/reference_pages/fig_4_2_reference_native.png,native_pdf_rgb_threshold_median,0.001276595744684417,1.953125000000229
blue_stability_curve,294,498,12.04127659574468,625.3906249999998,outputs/reference_pages/fig_4_2_reference_native.png,native_pdf_rgb_threshold_median,0.001276595744684417,1.953125000000229
blue_stability_curve,295,498,12.04170212765957,625.3906249999998,outputs/reference_pages/fig_4_2_reference_native.png,native_pdf_rgb_threshold_median,0.001276595744684417,1.953125000000229
blue_stability_curve,296,497,12.04212765957447,625.7812499999998,outputs/reference_pages/fig_4_2_reference_native.png,native_pdf_rgb_threshold_median,0.001276595744684417,1.953125000000229
blue_stability_curve,297,497,12.04255319148936,625.7812499999998,outputs/reference_pages/fig_4_2_reference_native.png,native_pdf_rgb_threshold_median,0.001276595744684417,1.953125000000229
blue_stability_curve,298,496.5,12.04297872340425,625.9765624999998,outputs/reference_pages/fig_4_2_reference_native.png,native_pdf_rgb_threshold_median,0.001276595744684417,1.953125000000229
blue_stability_curve,299,496,12.04340425531915,626.1718749999998,outputs/reference_pages/fig_4_2_reference_native.png,native_pdf_rgb_threshold_median,0.001276595744684417,1.953125000000229
blue_stability_curve,300,495.5,12.04382978723404,626.3671874999998,outputs/reference_pages/fig_4_2_reference_native.png,native_pdf_rgb_threshold_median,0.001276595744684417,1.953125000000229
blue_stability_curve,301,495,12.04425531914893,626.5624999999998,outputs/reference_pages/fig_4_2_reference_native.png,native_pdf_rgb_threshold_median,0.001276595744684417,1.953125000000229
blue_stability_curve,302,495,12.04468085106383,626.5624999999998,outputs/reference_pages/fig_4_2_reference_native.png,native_pdf_rgb_threshold_median,0.001276595744684417,1.953125000000229
blue_stability_curve,303,494.5,12.04510638297872,626.7578124999998,outputs/reference_pages/fig_4_2_reference_native.png,native_pdf_rgb_threshold_median,0.001276595744684417,1.953125000000229
blue_stability_curve,304,494,12.04553191489361,626.9531249999998,outputs/reference_pages/fig_4_2_reference_native.png,native_pdf_rgb_threshold_median,0.001276595744684417,1.953125000000229
blue_stability_curve,305,493.5,12.04595744680851,627.1484374999998,outputs/reference_pages/fig_4_2_reference_native.png,native_pdf_rgb_threshold_median,0.001276595744684417,1.953125000000229
blue_stability_curve,306,493,12.0463829787234,627.3437499999998,outputs/reference_pages/fig_4_2_reference_native.png,native_pdf_rgb_threshold_median,0.001276595744684417,1.953125000000229
blue_stability_curve,307,493,12.04680851063829,627.3437499999998,outputs/reference_pages/fig_4_2_reference_native.png,native_pdf_rgb_threshold_median,0.001276595744684417,1.953125000000229
blue_stability_curve,308,492.5,12.04723404255319,627.5390624999998,outputs/reference_pages/fig_4_2_reference_native.png,native_pdf_rgb_threshold_median,0.001276595744684417,1.953125000000229
blue_stability_curve,309,492,12.04765957446808,627.7343749999998,outputs/reference_pages/fig_4_2_reference_native.png,native_pdf_rgb_threshold_median,0.001276595744684417,1.953125000000229
blue_stability_curve,310,491.5,12.04808510638298,627.9296874999998,outputs/reference_pages/fig_4_2_reference_native.png,native_pdf_rgb_threshold_median,0.001276595744684417,1.953125000000229
blue_stability_curve,311,491,12.04851063829787,628.1249999999998,outputs/reference_pages/fig_4_2_reference_native.png,native_pdf_rgb_threshold_median,0.001276595744684417,1.953125000000229
blue_stability_curve,312,491,12.04893617021276,628.1249999999998,outputs/reference_pages/fig_4_2_reference_native.png,native_pdf_rgb_threshold_median,0.001276595744684417,1.953125000000229
blue_stability_curve,313,490.5,12.04936170212766,628.3203124999998,outputs/reference_pages/fig_4_2_reference_native.png,native_pdf_rgb_threshold_median,0.001276595744684417,1.953125000000229
blue_stability_curve,314,490,12.04978723404255,628.5156249999998,outputs/reference_pages/fig_4_2_reference_native.png,native_pdf_rgb_threshold_median,0.001276595744684417,1.953125000000229
blue_stability_curve,315,489.5,12.05021276595744,628.7109374999998,outputs/reference_pages/fig_4_2_reference_native.png,native_pdf_rgb_threshold_median,0.001276595744684417,1.953125000000229
blue_stability_curve,316,489,12.05063829787234,628.9062499999998,outputs/reference_pages/fig_4_2_reference_native.png,native_pdf_rgb_threshold_median,0.001276595744684417,1.953125000000229
blue_stability_curve,317,489,12.05106382978723,628.9062499999998,outputs/reference_pages/fig_4_2_reference_native.png,native_pdf_rgb_threshold_median,0.001276595744684417,1.953125000000229
blue_stability_curve,318,488,12.05148936170212,629.2968749999998,outputs/reference_pages/fig_4_2_reference_native.png,native_pdf_rgb_threshold_median,0.001276595744684417,1.953125000000229
blue_stability_curve,319,488,12.05191489361702,629.2968749999998,outputs/reference_pages/fig_4_2_reference_native.png,native_pdf_rgb_threshold_median,0.001276595744684417,1.953125000000229
blue_stability_curve,320,487.5,12.05234042553191,629.4921874999998,outputs/reference_pages/fig_4_2_reference_native.png,native_pdf_rgb_threshold_median,0.001276595744684417,1.953125000000229
blue_stability_curve,321,487,12.05276595744681,629.6874999999998,outputs/reference_pages/fig_4_2_reference_native.png,native_pdf_rgb_threshold_median,0.001276595744684417,1.953125000000229
blue_stability_curve,322,487,12.0531914893617,629.6874999999998,outputs/reference_pages/fig_4_2_reference_native.png,native_pdf_rgb_threshold_median,0.001276595744684417,1.953125000000229
blue_stability_curve,323,486,12.05361702127659,630.0781249999998,outputs/reference_pages/fig_4_2_reference_native.png,native_pdf_rgb_threshold_median,0.001276595744684417,1.953125000000229
blue_stability_curve,324,486,12.05404255319149,630.0781249999998,outputs/reference_pages/fig_4_2_reference_native.png,native_pdf_rgb_threshold_median,0.001276595744684417,1.953125000000229
blue_stability_curve,325,485.5,12.05446808510638,630.2734374999998,outputs/reference_pages/fig_4_2_reference_native.png,native_pdf_rgb_threshold_median,0.001276595744684417,1.953125000000229
blue_stability_curve,326,485,12.05489361702127,630.4687499999998,outputs/reference_pages/fig_4_2_reference_native.png,native_pdf_rgb_threshold_median,0.001276595744684417,1.953125000000229
blue_stability_curve,327,484.5,12.05531914893617,630.6640624999998,outputs/reference_pages/fig_4_2_reference_native.png,native_pdf_rgb_threshold_median,0.001276595744684417,1.953125000000229
blue_stability_curve,328,484,12.05574468085106,630.8593749999998,outputs/reference_pages/fig_4_2_reference_native.png,native_pdf_rgb_threshold_median,0.001276595744684417,1.953125000000229
blue_stability_curve,329,484,12.05617021276595,630.8593749999998,outputs/reference_pages/fig_4_2_reference_native.png,native_pdf_rgb_threshold_median,0.001276595744684417,1.953125000000229
blue_stability_curve,330,483.5,12.05659574468085,631.0546874999998,outputs/reference_pages/fig_4_2_reference_native.png,native_pdf_rgb_threshold_median,0.001276595744684417,1.953125000000229
blue_stability_curve,331,483,12.05702127659574,631.2499999999998,outputs/reference_pages/fig_4_2_reference_native.png,native_pdf_rgb_threshold_median,0.001276595744684417,1.953125000000229
blue_stability_curve,332,482.5,12.05744680851063,631.4453124999998,outputs/reference_pages/fig_4_2_reference_native.png,native_pdf_rgb_threshold_median,0.001276595744684417,1.953125000000229
blue_stability_curve,333,482,12.05787234042553,631.6406249999998,outputs/reference_pages/fig_4_2_reference_native.png,native_pdf_rgb_threshold_median,0.001276595744684417,1.953125000000229
blue_stability_curve,334,482,12.05829787234042,631.6406249999998,outputs/reference_pages/fig_4_2_reference_native.png,native_pdf_rgb_threshold_median,0.001276595744684417,1.953125000000229
blue_stability_curve,335,481.5,12.05872340425532,631.8359374999998,outputs/reference_pages/fig_4_2_reference_native.png,native_pdf_rgb_threshold_median,0.001276595744684417,1.953125000000229
blue_stability_curve,336,481,12.05914893617021,632.0312499999998,outputs/reference_pages/fig_4_2_reference_native.png,native_pdf_rgb_threshold_median,0.001276595744684417,1.953125000000229
blue_stability_curve,337,480.5,12.0595744680851,632.2265624999998,outputs/reference_pages/fig_4_2_reference_native.png,native_pdf_rgb_threshold_median,0.001276595744684417,1.953125000000229
blue_stability_curve,338,480,12.06,632.4218749999998,outputs/reference_pages/fig_4_2_reference_native.png,native_pdf_rgb_threshold_median,0.001276595744684417,1.953125000000229
blue_stability_curve,339,480,12.06042553191489,632.4218749999998,outputs/reference_pages/fig_4_2_reference_native.png,native_pdf_rgb_threshold_median,0.001276595744684417,1.953125000000229
blue_stability_curve,340,479,12.06085106382979,632.8124999999998,outputs/reference_pages/fig_4_2_reference_native.png,native_pdf_rgb_threshold_median,0.001276595744684417,1.953125000000229
blue_stability_curve,341,479,12.06127659574468,632.8124999999998,outputs/reference_pages/fig_4_2_reference_native.png,native_pdf_rgb_threshold_median,0.001276595744684417,1.953125000000229
blue_stability_curve,342,478.5,12.06170212765957,633.0078124999998,outputs/reference_pages/fig_4_2_reference_native.png,native_pdf_rgb_threshold_median,0.001276595744684417,1.953125000000229
blue_stability_curve,343,478,12.06212765957447,633.2031249999998,outputs/reference_pages/fig_4_2_reference_native.png,native_pdf_rgb_threshold_median,0.001276595744684417,1.953125000000229
blue_stability_curve,344,477.5,12.06255319148936,633.3984374999998,outputs/reference_pages/fig_4_2_reference_native.png,native_pdf_rgb_threshold_median,0.001276595744684417,1.953125000000229
blue_stability_curve,345,477,12.06297872340425,633.5937499999998,outputs/reference_pages/fig_4_2_reference_native.png,native_pdf_rgb_threshold_median,0.001276595744684417,1.953125000000229
blue_stability_curve,346,477,12.06340425531915,633.5937499999998,outputs/reference_pages/fig_4_2_reference_native.png,native_pdf_rgb_threshold_median,0.001276595744684417,1.953125000000229
blue_stability_curve,347,476.5,12.06382978723404,633.7890624999998,outputs/reference_pages/fig_4_2_reference_native.png,native_pdf_rgb_threshold_median,0.001276595744684417,1.953125000000229
blue_stability_curve,348,476,12.06425531914893,633.9843749999998,outputs/reference_pages/fig_4_2_reference_native.png,native_pdf_rgb_threshold_median,0.001276595744684417,1.953125000000229
blue_stability_curve,349,475.5,12.06468085106383,634.1796874999998,outputs/reference_pages/fig_4_2_reference_native.png,native_pdf_rgb_threshold_median,0.001276595744684417,1.953125000000229
blue_stability_curve,350,475,12.06510638297872,634.3749999999998,outputs/reference_pages/fig_4_2_reference_native.png,native_pdf_rgb_threshold_median,0.001276595744684417,1.953125000000229
blue_stability_curve,351,475,12.06553191489362,634.3749999999998,outputs/reference_pages/fig_4_2_reference_native.png,native_pdf_rgb_threshold_median,0.001276595744684417,1.953125000000229
blue_stability_curve,352,474.5,12.06595744680851,634.5703124999998,outputs/reference_pages/fig_4_2_reference_native.png,native_pdf_rgb_threshold_median,0.001276595744684417,1.953125000000229
blue_stability_curve,353,474,12.0663829787234,634.7656249999998,outputs/reference_pages/fig_4_2_reference_native.png,native_pdf_rgb_threshold_median,0.001276595744684417,1.953125000000229
blue_stability_curve,354,473.5,12.0668085106383,634.9609374999998,outputs/reference_pages/fig_4_2_reference_native.png,native_pdf_rgb_threshold_median,0.001276595744684417,1.953125000000229
blue_stability_curve,355,473,12.06723404255319,635.1562499999998,outputs/reference_pages/fig_4_2_reference_native.png,native_pdf_rgb_threshold_median,0.001276595744684417,1.953125000000229
blue_stability_curve,356,473,12.06765957446808,635.1562499999998,outputs/reference_pages/fig_4_2_reference_native.png,native_pdf_rgb_threshold_median,0.001276595744684417,1.953125000000229
blue_stability_curve,357,472,12.06808510638298,635.5468749999998,outputs/reference_pages/fig_4_2_reference_native.png,native_pdf_rgb_threshold_median,0.001276595744684417,1.953125000000229
blue_stability_curve,358,472,12.06851063829787,635.5468749999998,outputs/reference_pages/fig_4_2_reference_native.png,native_pdf_rgb_threshold_median,0.001276595744684417,1.953125000000229
blue_stability_curve,359,471.5,12.06893617021276,635.7421874999998,outputs/reference_pages/fig_4_2_reference_native.png,native_pdf_rgb_threshold_median,0.001276595744684417,1.953125000000229
blue_stability_curve,360,471,12.06936170212766,635.9374999999998,outputs/reference_pages/fig_4_2_reference_native.png,native_pdf_rgb_threshold_median,0.001276595744684417,1.953125000000229
blue_stability_curve,361,471,12.06978723404255,635.9374999999998,outputs/reference_pages/fig_4_2_reference_native.png,native_pdf_rgb_threshold_median,0.001276595744684417,1.953125000000229
blue_stability_curve,362,470,12.07021276595744,636.3281249999998,outputs/reference_pages/fig_4_2_reference_native.png,native_pdf_rgb_threshold_median,0.001276595744684417,1.953125000000229
blue_stability_curve,363,470,12.07063829787234,636.3281249999998,outputs/reference_pages/fig_4_2_reference_native.png,native_pdf_rgb_threshold_median,0.001276595744684417,1.953125000000229
blue_stability_curve,364,469.5,12.07106382978723,636.5234374999998,outputs/reference_pages/fig_4_2_reference_native.png,native_pdf_rgb_threshold_median,0.001276595744684417,1.953125000000229
blue_stability_curve,365,469,12.07148936170213,636.7187499999998,outputs/reference_pages/fig_4_2_reference_native.png,native_pdf_rgb_threshold_median,0.001276595744684417,1.953125000000229
blue_stability_curve,366,468.5,12.07191489361702,636.9140624999998,outputs/reference_pages/fig_4_2_reference_native.png,native_pdf_rgb_threshold_median,0.001276595744684417,1.953125000000229
blue_stability_curve,367,468,12.07234042553191,637.1093749999998,outputs/reference_pages/fig_4_2_reference_native.png,native_pdf_rgb_threshold_median,0.001276595744684417,1.953125000000229
blue_stability_curve,368,468,12.07276595744681,637.1093749999998,outputs/reference_pages/fig_4_2_reference_native.png,native_pdf_rgb_threshold_median,0.001276595744684417,1.953125000000229
blue_stability_curve,369,467.5,12.0731914893617,637.3046874999998,outputs/reference_pages/fig_4_2_reference_native.png,native_pdf_rgb_threshold_median,0.001276595744684417,1.953125000000229
blue_stability_curve,370,467,12.07361702127659,637.4999999999998,outputs/reference_pages/fig_4_2_reference_native.png,native_pdf_rgb_threshold_median,0.001276595744684417,1.953125000000229
blue_stability_curve,371,466.5,12.07404255319149,637.6953124999998,outputs/reference_pages/fig_4_2_reference_native.png,native_pdf_rgb_threshold_median,0.001276595744684417,1.953125000000229
blue_stability_curve,372,466,12.07446808510638,637.8906249999998,outputs/reference_pages/fig_4_2_reference_native.png,native_pdf_rgb_threshold_median,0.001276595744684417,1.953125000000229
blue_stability_curve,373,466,12.07489361702127,637.8906249999998,outputs/reference_pages/fig_4_2_reference_native.png,native_pdf_rgb_threshold_median,0.001276595744684417,1.953125000000229
blue_stability_curve,374,465,12.07531914893617,638.2812499999998,outputs/reference_pages/fig_4_2_reference_native.png,native_pdf_rgb_threshold_median,0.001276595744684417,1.953125000000229
blue_stability_curve,375,465,12.07574468085106,638.2812499999998,outputs/reference_pages/fig_4_2_reference_native.png,native_pdf_rgb_threshold_median,0.001276595744684417,1.953125000000229
blue_stability_curve,376,464.5,12.07617021276596,638.4765624999998,outputs/reference_pages/fig_4_2_reference_native.png,native_pdf_rgb_threshold_median,0.001276595744684417,1.953125000000229
blue_stability_curve,377,464,12.07659574468085,638.6718749999998,outputs/reference_pages/fig_4_2_reference_native.png,native_pdf_rgb_threshold_median,0.001276595744684417,1.953125000000229
blue_stability_curve,378,463.5,12.07702127659574,638.8671874999998,outputs/reference_pages/fig_4_2_reference_native.png,native_pdf_rgb_threshold_median,0.001276595744684417,1.953125000000229
blue_stability_curve,379,463,12.07744680851064,639.0624999999998,outputs/reference_pages/fig_4_2_reference_native.png,native_pdf_rgb_threshold_median,0.001276595744684417,1.953125000000229
blue_stability_curve,380,463,12.07787234042553,639.0624999999998,outputs/reference_pages/fig_4_2_reference_native.png,native_pdf_rgb_threshold_median,0.001276595744684417,1.953125000000229
blue_stability_curve,381,462.5,12.07829787234042,639.2578124999998,outputs/reference_pages/fig_4_2_reference_native.png,native_pdf_rgb_threshold_median,0.001276595744684417,1.953125000000229
blue_stability_curve,382,462,12.07872340425532,639.4531249999998,outputs/reference_pages/fig_4_2_reference_native.png,native_pdf_rgb_threshold_median,0.001276595744684417,1.953125000000229
blue_stability_curve,383,461.5,12.07914893617021,639.6484374999998,outputs/reference_pages/fig_4_2_reference_native.png,native_pdf_rgb_threshold_median,0.001276595744684417,1.953125000000229
blue_stability_curve,384,461,12.0795744680851,639.8437499999998,outputs/reference_pages/fig_4_2_reference_native.png,native_pdf_rgb_threshold_median,0.001276595744684417,1.953125000000229
blue_stability_curve,385,461,12.08,639.8437499999998,outputs/reference_pages/fig_4_2_reference_native.png,native_pdf_rgb_threshold_median,0.001276595744684417,1.953125000000229
blue_stability_curve,386,460.5,12.08042553191489,640.0390624999998,outputs/reference_pages/fig_4_2_reference_native.png,native_pdf_rgb_threshold_median,0.001276595744684417,1.953125000000229
blue_stability_curve,387,460,12.08085106382979,640.2343749999998,outputs/reference_pages/fig_4_2_reference_native.png,native_pdf_rgb_threshold_median,0.001276595744684417,1.953125000000229
blue_stability_curve,388,459.5,12.08127659574468,640.4296874999998,outputs/reference_pages/fig_4_2_reference_native.png,native_pdf_rgb_threshold_median,0.001276595744684417,1.953125000000229
blue_stability_curve,389,459,12.08170212765957,640.6249999999998,outputs/reference_pages/fig_4_2_reference_native.png,native_pdf_rgb_threshold_median,0.001276595744684417,1.953125000000229
blue_stability_curve,390,459,12.08212765957447,640.6249999999998,outputs/reference_pages/fig_4_2_reference_native.png,native_pdf_rgb_threshold_median,0.001276595744684417,1.953125000000229
blue_stability_curve,391,458,12.08255319148936,641.0156249999998,outputs/reference_pages/fig_4_2_reference_native.png,native_pdf_rgb_threshold_median,0.001276595744684417,1.953125000000229
blue_stability_curve,392,458,12.08297872340425,641.0156249999998,outputs/reference_pages/fig_4_2_reference_native.png,native_pdf_rgb_threshold_median,0.001276595744684417,1.953125000000229
blue_stability_curve,393,457.5,12.08340425531915,641.2109374999998,outputs/reference_pages/fig_4_2_reference_native.png,native_pdf_rgb_threshold_median,0.001276595744684417,1.953125000000229
blue_stability_curve,394,457,12.08382978723404,641.4062499999998,outputs/reference_pages/fig_4_2_reference_native.png,native_pdf_rgb_threshold_median,0.001276595744684417,1.953125000000229
blue_stability_curve,395,456.5,12.08425531914893,641.6015624999998,outputs/reference_pages/fig_4_2_reference_native.png,native_pdf_rgb_threshold_median,0.001276595744684417,1.953125000000229
blue_stability_curve,396,456,12.08468085106383,641.7968749999998,outputs/reference_pages/fig_4_2_reference_native.png,native_pdf_rgb_threshold_median,0.001276595744684417,1.953125000000229
blue_stability_curve,397,456,12.08510638297872,641.7968749999998,outputs/reference_pages/fig_4_2_reference_native.png,native_pdf_rgb_threshold_median,0.001276595744684417,1.953125000000229
blue_stability_curve,398,455.5,12.08553191489361,641.9921874999998,outputs/reference_pages/fig_4_2_reference_native.png,native_pdf_rgb_threshold_median,0.001276595744684417,1.953125000000229
blue_stability_curve,399,455,12.08595744680851,642.1874999999998,outputs/reference_pages/fig_4_2_reference_native.png,native_pdf_rgb_threshold_median,0.001276595744684417,1.953125000000229
blue_stability_curve,400,454.5,12.0863829787234,642.3828124999998,outputs/reference_pages/fig_4_2_reference_native.png,native_pdf_rgb_threshold_median,0.001276595744684417,1.953125000000229
blue_stability_curve,401,454,12.0868085106383,642.5781249999998,outputs/reference_pages/fig_4_2_reference_native.png,native_pdf_rgb_threshold_median,0.001276595744684417,1.953125000000229
blue_stability_curve,402,454,12.08723404255319,642.5781249999998,outputs/reference_pages/fig_4_2_reference_native.png,native_pdf_rgb_threshold_median,0.001276595744684417,1.953125000000229
blue_stability_curve,403,453,12.08765957446808,642.9687499999998,outputs/reference_pages/fig_4_2_reference_native.png,native_pdf_rgb_threshold_median,0.001276595744684417,1.953125000000229
blue_stability_curve,404,453,12.08808510638298,642.9687499999998,outputs/reference_pages/fig_4_2_reference_native.png,native_pdf_rgb_threshold_median,0.001276595744684417,1.953125000000229
blue_stability_curve,405,452.5,12.08851063829787,643.1640624999998,outputs/reference_pages/fig_4_2_reference_native.png,native_pdf_rgb_threshold_median,0.001276595744684417,1.953125000000229
blue_stability_curve,406,452,12.08893617021276,643.3593749999998,outputs/reference_pages/fig_4_2_reference_native.png,native_pdf_rgb_threshold_median,0.001276595744684417,1.953125000000229
blue_stability_curve,407,451.5,12.08936170212766,643.5546874999998,outputs/reference_pages/fig_4_2_reference_native.png,native_pdf_rgb_threshold_median,0.001276595744684417,1.953125000000229
blue_stability_curve,408,451,12.08978723404255,643.7499999999998,outputs/reference_pages/fig_4_2_reference_native.png,native_pdf_rgb_threshold_median,0.001276595744684417,1.953125000000229
blue_stability_curve,409,451,12.09021276595744,643.7499999999998,outputs/reference_pages/fig_4_2_reference_native.png,native_pdf_rgb_threshold_median,0.001276595744684417,1.953125000000229
blue_stability_curve,410,450.5,12.09063829787234,643.9453124999998,outputs/reference_pages/fig_4_2_reference_native.png,native_pdf_rgb_threshold_median,0.001276595744684417,1.953125000000229
blue_stability_curve,411,450,12.09106382978723,644.1406249999998,outputs/reference_pages/fig_4_2_reference_native.png,native_pdf_rgb_threshold_median,0.001276595744684417,1.953125000000229
blue_stability_curve,412,449.5,12.09148936170213,644.3359374999998,outputs/reference_pages/fig_4_2_reference_native.png,native_pdf_rgb_threshold_median,0.001276595744684417,1.953125000000229
blue_stability_curve,413,449,12.09191489361702,644.5312499999998,outputs/reference_pages/fig_4_2_reference_native.png,native_pdf_rgb_threshold_median,0.001276595744684417,1.953125000000229
blue_stability_curve,414,449,12.09234042553191,644.5312499999998,outputs/reference_pages/fig_4_2_reference_native.png,native_pdf_rgb_threshold_median,0.001276595744684417,1.953125000000229
blue_stability_curve,415,448.5,12.09276595744681,644.7265624999998,outputs/reference_pages/fig_4_2_reference_native.png,native_pdf_rgb_threshold_median,0.001276595744684417,1.953125000000229
blue_stability_curve,416,448,12.0931914893617,644.9218749999998,outputs/reference_pages/fig_4_2_reference_native.png,native_pdf_rgb_threshold_median,0.001276595744684417,1.953125000000229
blue_stability_curve,417,447.5,12.09361702127659,645.1171874999998,outputs/reference_pages/fig_4_2_reference_native.png,native_pdf_rgb_threshold_median,0.001276595744684417,1.953125000000229
blue_stability_curve,418,447,12.09404255319149,645.3124999999998,outputs/reference_pages/fig_4_2_reference_native.png,native_pdf_rgb_threshold_median,0.001276595744684417,1.953125000000229
blue_stability_curve,419,446.5,12.09446808510638,645.5078124999998,outputs/reference_pages/fig_4_2_reference_native.png,native_pdf_rgb_threshold_median,0.001276595744684417,1.953125000000229
blue_stability_curve,420,446,12.09489361702127,645.7031249999998,outputs/reference_pages/fig_4_2_reference_native.png,native_pdf_rgb_threshold_median,0.001276595744684417,1.953125000000229
blue_stability_curve,421,446,12.09531914893617,645.7031249999998,outputs/reference_pages/fig_4_2_reference_native.png,native_pdf_rgb_threshold_median,0.001276595744684417,1.953125000000229
blue_stability_curve,422,445.5,12.09574468085106,645.8984374999998,outputs/reference_pages/fig_4_2_reference_native.png,native_pdf_rgb_threshold_median,0.001276595744684417,1.953125000000229
blue_stability_curve,423,445,12.09617021276595,646.0937499999998,outputs/reference_pages/fig_4_2_reference_native.png,native_pdf_rgb_threshold_median,0.001276595744684417,1.953125000000229
blue_stability_curve,424,444.5,12.09659574468085,646.2890624999998,outputs/reference_pages/fig_4_2_reference_native.png,native_pdf_rgb_threshold_median,0.001276595744684417,1.953125000000229
blue_stability_curve,425,444,12.09702127659574,646.4843749999998,outputs/reference_pages/fig_4_2_reference_native.png,native_pdf_rgb_threshold_median,0.001276595744684417,1.953125000000229
blue_stability_curve,426,444,12.09744680851064,646.4843749999998,outputs/reference_pages/fig_4_2_reference_native.png,native_pdf_rgb_threshold_median,0.001276595744684417,1.953125000000229
blue_stability_curve,427,443.5,12.09787234042553,646.6796874999998,outputs/reference_pages/fig_4_2_reference_native.png,native_pdf_rgb_threshold_median,0.001276595744684417,1.953125000000229
blue_stability_curve,428,443,12.09829787234042,646.8749999999998,outputs/reference_pages/fig_4_2_reference_native.png,native_pdf_rgb_threshold_median,0.001276595744684417,1.953125000000229
blue_stability_curve,429,442.5,12.09872340425532,647.0703124999998,outputs/reference_pages/fig_4_2_reference_native.png,native_pdf_rgb_threshold_median,0.001276595744684417,1.953125000000229
blue_stability_curve,430,442,12.09914893617021,647.2656249999998,outputs/reference_pages/fig_4_2_reference_native.png,native_pdf_rgb_threshold_median,0.001276595744684417,1.953125000000229
blue_stability_curve,431,441.5,12.0995744680851,647.4609374999998,outputs/reference_pages/fig_4_2_reference_native.png,native_pdf_rgb_threshold_median,0.001276595744684417,1.953125000000229
blue_stability_curve,432,441,12.1,647.6562499999998,outputs/reference_pages/fig_4_2_reference_native.png,native_pdf_rgb_threshold_median,0.001276595744684417,1.953125000000229
blue_stability_curve,433,441,12.10042553191489,647.6562499999998,outputs/reference_pages/fig_4_2_reference_native.png,native_pdf_rgb_threshold_median,0.001276595744684417,1.953125000000229
blue_stability_curve,434,440.5,12.10085106382978,647.8515624999998,outputs/reference_pages/fig_4_2_reference_native.png,native_pdf_rgb_threshold_median,0.001276595744684417,1.953125000000229
blue_stability_curve,435,440,12.10127659574468,648.0468749999998,outputs/reference_pages/fig_4_2_reference_native.png,native_pdf_rgb_threshold_median,0.001276595744684417,1.953125000000229
blue_stability_curve,436,439.5,12.10170212765957,648.2421874999998,outputs/reference_pages/fig_4_2_reference_native.png,native_pdf_rgb_threshold_median,0.001276595744684417,1.953125000000229
blue_stability_curve,437,439,12.10212765957447,648.4374999999998,outputs/reference_pages/fig_4_2_reference_native.png,native_pdf_rgb_threshold_median,0.001276595744684417,1.953125000000229
blue_stability_curve,438,439,12.10255319148936,648.4374999999998,outputs/reference_pages/fig_4_2_reference_native.png,native_pdf_rgb_threshold_median,0.001276595744684417,1.953125000000229
blue_stability_curve,439,438.5,12.10297872340425,648.6328124999998,outputs/reference_pages/fig_4_2_reference_native.png,native_pdf_rgb_threshold_median,0.001276595744684417,1.953125000000229
blue_stability_curve,440,438,12.10340425531915,648.8281249999998,outputs/reference_pages/fig_4_2_reference_native.png,native_pdf_rgb_threshold_median,0.001276595744684417,1.953125000000229
blue_stability_curve,441,437.5,12.10382978723404,649.0234374999998,outputs/reference_pages/fig_4_2_reference_native.png,native_pdf_rgb_threshold_median,0.001276595744684417,1.953125000000229
blue_stability_curve,442,437,12.10425531914893,649.2187499999998,outputs/reference_pages/fig_4_2_reference_native.png,native_pdf_rgb_threshold_median,0.001276595744684417,1.953125000000229
blue_stability_curve,443,436.5,12.10468085106383,649.4140624999998,outputs/reference_pages/fig_4_2_reference_native.png,native_pdf_rgb_threshold_median,0.001276595744684417,1.953125000000229
blue_stability_curve,444,436,12.10510638297872,649.6093749999998,outputs/reference_pages/fig_4_2_reference_native.png,native_pdf_rgb_threshold_median,0.001276595744684417,1.953125000000229
blue_stability_curve,445,436,12.10553191489361,649.6093749999998,outputs/reference_pages/fig_4_2_reference_native.png,native_pdf_rgb_threshold_median,0.001276595744684417,1.953125000000229
blue_stability_curve,446,435.5,12.10595744680851,649.8046874999998,outputs/reference_pages/fig_4_2_reference_native.png,native_pdf_rgb_threshold_median,0.001276595744684417,1.953125000000229
blue_stability_curve,447,435,12.1063829787234,649.9999999999998,outputs/reference_pages/fig_4_2_reference_native.png,native_pdf_rgb_threshold_median,0.001276595744684417,1.953125000000229
blue_stability_curve,448,434.5,12.1068085106383,650.1953124999998,outputs/reference_pages/fig_4_2_reference_native.png,native_pdf_rgb_threshold_median,0.001276595744684417,1.953125000000229
blue_stability_curve,449,434,12.10723404255319,650.3906249999998,outputs/reference_pages/fig_4_2_reference_native.png,native_pdf_rgb_threshold_median,0.001276595744684417,1.953125000000229
blue_stability_curve,450,434,12.10765957446808,650.3906249999998,outputs/reference_pages/fig_4_2_reference_native.png,native_pdf_rgb_threshold_median,0.001276595744684417,1.953125000000229
blue_stability_curve,451,433,12.10808510638298,650.7812499999998,outputs/reference_pages/fig_4_2_reference_native.png,native_pdf_rgb_threshold_median,0.001276595744684417,1.953125000000229
blue_stability_curve,452,433,12.10851063829787,650.7812499999998,outputs/reference_pages/fig_4_2_reference_native.png,native_pdf_rgb_threshold_median,0.001276595744684417,1.953125000000229
blue_stability_curve,453,432.5,12.10893617021276,650.9765624999998,outputs/reference_pages/fig_4_2_reference_native.png,native_pdf_rgb_threshold_median,0.001276595744684417,1.953125000000229
blue_stability_curve,454,432,12.10936170212766,651.1718749999998,outputs/reference_pages/fig_4_2_reference_native.png,native_pdf_rgb_threshold_median,0.001276595744684417,1.953125000000229
blue_stability_curve,455,431.5,12.10978723404255,651.3671874999998,outputs/reference_pages/fig_4_2_reference_native.png,native_pdf_rgb_threshold_median,0.001276595744684417,1.953125000000229
blue_stability_curve,456,431,12.11021276595745,651.5624999999998,outputs/reference_pages/fig_4_2_reference_native.png,native_pdf_rgb_threshold_median,0.001276595744684417,1.953125000000229
blue_stability_curve,457,431,12.11063829787234,651.5624999999998,outputs/reference_pages/fig_4_2_reference_native.png,native_pdf_rgb_threshold_median,0.001276595744684417,1.953125000000229
blue_stability_curve,458,430.5,12.11106382978723,651.7578124999998,outputs/reference_pages/fig_4_2_reference_native.png,native_pdf_rgb_threshold_median,0.001276595744684417,1.953125000000229
blue_stability_curve,459,430,12.11148936170212,651.9531249999998,outputs/reference_pages/fig_4_2_reference_native.png,native_pdf_rgb_threshold_median,0.001276595744684417,1.953125000000229
blue_stability_curve,460,429.5,12.11191489361702,652.1484374999998,outputs/reference_pages/fig_4_2_reference_native.png,native_pdf_rgb_threshold_median,0.001276595744684417,1.953125000000229
blue_stability_curve,461,429,12.11234042553191,652.3437499999998,outputs/reference_pages/fig_4_2_reference_native.png,native_pdf_rgb_threshold_median,0.001276595744684417,1.953125000000229
blue_stability_curve,462,429,12.11276595744681,652.3437499999998,outputs/reference_pages/fig_4_2_reference_native.png,native_pdf_rgb_threshold_median,0.001276595744684417,1.953125000000229
blue_stability_curve,463,428,12.1131914893617,652.7343749999998,outputs/reference_pages/fig_4_2_reference_native.png,native_pdf_rgb_threshold_median,0.001276595744684417,1.953125000000229
blue_stability_curve,464,428,12.11361702127659,652.7343749999998,outputs/reference_pages/fig_4_2_reference_native.png,native_pdf_rgb_threshold_median,0.001276595744684417,1.953125000000229
blue_stability_curve,465,427.5,12.11404255319149,652.9296874999998,outputs/reference_pages/fig_4_2_reference_native.png,native_pdf_rgb_threshold_median,0.001276595744684417,1.953125000000229
blue_stability_curve,466,427,12.11446808510638,653.1249999999998,outputs/reference_pages/fig_4_2_reference_native.png,native_pdf_rgb_threshold_median,0.001276595744684417,1.953125000000229
blue_stability_curve,467,426.5,12.11489361702128,653.3203124999998,outputs/reference_pages/fig_4_2_reference_native.png,native_pdf_rgb_threshold_median,0.001276595744684417,1.953125000000229
blue_stability_curve,468,426,12.11531914893617,653.5156249999998,outputs/reference_pages/fig_4_2_reference_native.png,native_pdf_rgb_threshold_median,0.001276595744684417,1.953125000000229
blue_stability_curve,469,426,12.11574468085106,653.5156249999998,outputs/reference_pages/fig_4_2_reference_native.png,native_pdf_rgb_threshold_median,0.001276595744684417,1.953125000000229
blue_stability_curve,470,425.5,12.11617021276596,653.7109374999998,outputs/reference_pages/fig_4_2_reference_native.png,native_pdf_rgb_threshold_median,0.001276595744684417,1.953125000000229
blue_stability_curve,471,425,12.11659574468085,653.9062499999998,outputs/reference_pages/fig_4_2_reference_native.png,native_pdf_rgb_threshold_median,0.001276595744684417,1.953125000000229
blue_stability_curve,472,424.5,12.11702127659574,654.1015624999998,outputs/reference_pages/fig_4_2_reference_native.png,native_pdf_rgb_threshold_median,0.001276595744684417,1.953125000000229
blue_stability_curve,473,424,12.11744680851064,654.2968749999998,outputs/reference_pages/fig_4_2_reference_native.png,native_pdf_rgb_threshold_median,0.001276595744684417,1.953125000000229
blue_stability_curve,474,424,12.11787234042553,654.2968749999998,outputs/reference_pages/fig_4_2_reference_native.png,native_pdf_rgb_threshold_median,0.001276595744684417,1.953125000000229
blue_stability_curve,475,423,12.11829787234042,654.6874999999998,outputs/reference_pages/fig_4_2_reference_native.png,native_pdf_rgb_threshold_median,0.001276595744684417,1.953125000000229
blue_stability_curve,476,423,12.11872340425532,654.6874999999998,outputs/reference_pages/fig_4_2_reference_native.png,native_pdf_rgb_threshold_median,0.001276595744684417,1.953125000000229
blue_stability_curve,477,422.5,12.11914893617021,654.8828124999998,outputs/reference_pages/fig_4_2_reference_native.png,native_pdf_rgb_threshold_median,0.001276595744684417,1.953125000000229
blue_stability_curve,478,422,12.1195744680851,655.0781249999998,outputs/reference_pages/fig_4_2_reference_native.png,native_pdf_rgb_threshold_median,0.001276595744684417,1.953125000000229
blue_stability_curve,479,421.5,12.12,655.2734374999998,outputs/reference_pages/fig_4_2_reference_native.png,native_pdf_rgb_threshold_median,0.001276595744684417,1.953125000000229
blue_stability_curve,480,421,12.12042553191489,655.4687499999998,outputs/reference_pages/fig_4_2_reference_native.png,native_pdf_rgb_threshold_median,0.001276595744684417,1.953125000000229
blue_stability_curve,481,421,12.12085106382979,655.4687499999998,outputs/reference_pages/fig_4_2_reference_native.png,native_pdf_rgb_threshold_median,0.001276595744684417,1.953125000000229
blue_stability_curve,482,420,12.12127659574468,655.8593749999998,outputs/reference_pages/fig_4_2_reference_native.png,native_pdf_rgb_threshold_median,0.001276595744684417,1.953125000000229
blue_stability_curve,483,420,12.12170212765957,655.8593749999998,outputs/reference_pages/fig_4_2_reference_native.png,native_pdf_rgb_threshold_median,0.001276595744684417,1.953125000000229
blue_stability_curve,484,419.5,12.12212765957447,656.0546874999998,outputs/reference_pages/fig_4_2_reference_native.png,native_pdf_rgb_threshold_median,0.001276595744684417,1.953125000000229
blue_stability_curve,485,419,12.12255319148936,656.2499999999998,outputs/reference_pages/fig_4_2_reference_native.png,native_pdf_rgb_threshold_median,0.001276595744684417,1.953125000000229
blue_stability_curve,486,418.5,12.12297872340425,656.4453124999998,outputs/reference_pages/fig_4_2_reference_native.png,native_pdf_rgb_threshold_median,0.001276595744684417,1.953125000000229
blue_stability_curve,487,418,12.12340425531915,656.6406249999998,outputs/reference_pages/fig_4_2_reference_native.png,native_pdf_rgb_threshold_median,0.001276595744684417,1.953125000000229
blue_stability_curve,488,418,12.12382978723404,656.6406249999998,outputs/reference_pages/fig_4_2_reference_native.png,native_pdf_rgb_threshold_median,0.001276595744684417,1.953125000000229
blue_stability_curve,489,417.5,12.12425531914893,656.8359374999998,outputs/reference_pages/fig_4_2_reference_native.png,native_pdf_rgb_threshold_median,0.001276595744684417,1.953125000000229
blue_stability_curve,490,417,12.12468085106383,657.0312499999998,outputs/reference_pages/fig_4_2_reference_native.png,native_pdf_rgb_threshold_median,0.001276595744684417,1.953125000000229
blue_stability_curve,491,416.5,12.12510638297872,657.2265624999998,outputs/reference_pages/fig_4_2_reference_native.png,native_pdf_rgb_threshold_median,0.001276595744684417,1.953125000000229
blue_stability_curve,492,416,12.12553191489362,657.4218749999998,outputs/reference_pages/fig_4_2_reference_native.png,native_pdf_rgb_threshold_median,0.001276595744684417,1.953125000000229
blue_stability_curve,493,416,12.12595744680851,657.4218749999998,outputs/reference_pages/fig_4_2_reference_native.png,native_pdf_rgb_threshold_median,0.001276595744684417,1.953125000000229
blue_stability_curve,494,415,12.1263829787234,657.8124999999998,outputs/reference_pages/fig_4_2_reference_native.png,native_pdf_rgb_threshold_median,0.001276595744684417,1.953125000000229
blue_stability_curve,495,415,12.1268085106383,657.8124999999998,outputs/reference_pages/fig_4_2_reference_native.png,native_pdf_rgb_threshold_median,0.001276595744684417,1.953125000000229
blue_stability_curve,496,414.5,12.12723404255319,658.0078124999998,outputs/reference_pages/fig_4_2_reference_native.png,native_pdf_rgb_threshold_median,0.001276595744684417,1.953125000000229
blue_stability_curve,497,414,12.12765957446808,658.2031249999998,outputs/reference_pages/fig_4_2_reference_native.png,native_pdf_rgb_threshold_median,0.001276595744684417,1.953125000000229
blue_stability_curve,498,413.5,12.12808510638298,658.3984374999998,outputs/reference_pages/fig_4_2_reference_native.png,native_pdf_rgb_threshold_median,0.001276595744684417,1.953125000000229
blue_stability_curve,499,413,12.12851063829787,658.5937499999998,outputs/reference_pages/fig_4_2_reference_native.png,native_pdf_rgb_threshold_median,0.001276595744684417,1.953125000000229
blue_stability_curve,500,413,12.12893617021276,658.5937499999998,outputs/reference_pages/fig_4_2_reference_native.png,native_pdf_rgb_threshold_median,0.001276595744684417,1.953125000000229
blue_stability_curve,501,412,12.12936170212766,658.9843749999998,outputs/reference_pages/fig_4_2_reference_native.png,native_pdf_rgb_threshold_median,0.001276595744684417,1.953125000000229
blue_stability_curve,502,412,12.12978723404255,658.9843749999998,outputs/reference_pages/fig_4_2_reference_native.png,native_pdf_rgb_threshold_median,0.001276595744684417,1.953125000000229
blue_stability_curve,503,411.5,12.13021276595745,659.1796874999998,outputs/reference_pages/fig_4_2_reference_native.png,native_pdf_rgb_threshold_median,0.001276595744684417,1.953125000000229
blue_stability_curve,504,411,12.13063829787234,659.3749999999998,outputs/reference_pages/fig_4_2_reference_native.png,native_pdf_rgb_threshold_median,0.001276595744684417,1.953125000000229
blue_stability_curve,505,410.5,12.13106382978723,659.5703124999998,outputs/reference_pages/fig_4_2_reference_native.png,native_pdf_rgb_threshold_median,0.001276595744684417,1.953125000000229
blue_stability_curve,506,410,12.13148936170213,659.7656249999998,outputs/reference_pages/fig_4_2_reference_native.png,native_pdf_rgb_threshold_median,0.001276595744684417,1.953125000000229
blue_stability_curve,507,410,12.13191489361702,659.7656249999998,outputs/reference_pages/fig_4_2_reference_native.png,native_pdf_rgb_threshold_median,0.001276595744684417,1.953125000000229
blue_stability_curve,508,409.5,12.13234042553191,659.9609374999998,outputs/reference_pages/fig_4_2_reference_native.png,native_pdf_rgb_threshold_median,0.001276595744684417,1.953125000000229
blue_stability_curve,509,409,12.13276595744681,660.1562499999998,outputs/reference_pages/fig_4_2_reference_native.png,native_pdf_rgb_threshold_median,0.001276595744684417,1.953125000000229
blue_stability_curve,510,408.5,12.1331914893617,660.3515624999998,outputs/reference_pages/fig_4_2_reference_native.png,native_pdf_rgb_threshold_median,0.001276595744684417,1.953125000000229
blue_stability_curve,511,408,12.13361702127659,660.5468749999998,outputs/reference_pages/fig_4_2_reference_native.png,native_pdf_rgb_threshold_median,0.001276595744684417,1.953125000000229
blue_stability_curve,512,407.5,12.13404255319149,660.7421874999998,outputs/reference_pages/fig_4_2_reference_native.png,native_pdf_rgb_threshold_median,0.001276595744684417,1.953125000000229
blue_stability_curve,513,407,12.13446808510638,660.9374999999998,outputs/reference_pages/fig_4_2_reference_native.png,native_pdf_rgb_threshold_median,0.001276595744684417,1.953125000000229
blue_stability_curve,514,407,12.13489361702127,660.9374999999998,outputs/reference_pages/fig_4_2_reference_native.png,native_pdf_rgb_threshold_median,0.001276595744684417,1.953125000000229
blue_stability_curve,515,406.5,12.13531914893617,661.1328124999998,outputs/reference_pages/fig_4_2_reference_native.png,native_pdf_rgb_threshold_median,0.001276595744684417,1.953125000000229
blue_stability_curve,516,406,12.13574468085106,661.3281249999998,outputs/reference_pages/fig_4_2_reference_native.png,native_pdf_rgb_threshold_median,0.001276595744684417,1.953125000000229
blue_stability_curve,517,405.5,12.13617021276596,661.5234374999998,outputs/reference_pages/fig_4_2_reference_native.png,native_pdf_rgb_threshold_median,0.001276595744684417,1.953125000000229
blue_stability_curve,518,405,12.13659574468085,661.7187499999998,outputs/reference_pages/fig_4_2_reference_native.png,native_pdf_rgb_threshold_median,0.001276595744684417,1.953125000000229
blue_stability_curve,519,405,12.13702127659574,661.7187499999998,outputs/reference_pages/fig_4_2_reference_native.png,native_pdf_rgb_threshold_median,0.001276595744684417,1.953125000000229
blue_stability_curve,520,404,12.13744680851064,662.1093749999998,outputs/reference_pages/fig_4_2_reference_native.png,native_pdf_rgb_threshold_median,0.001276595744684417,1.953125000000229
blue_stability_curve,521,404,12.13787234042553,662.1093749999998,outputs/reference_pages/fig_4_2_reference_native.png,native_pdf_rgb_threshold_median,0.001276595744684417,1.953125000000229
blue_stability_curve,522,403.5,12.13829787234042,662.3046874999998,outputs/reference_pages/fig_4_2_reference_native.png,native_pdf_rgb_threshold_median,0.001276595744684417,1.953125000000229
blue_stability_curve,523,403,12.13872340425532,662.4999999999998,outputs/reference_pages/fig_4_2_reference_native.png,native_pdf_rgb_threshold_median,0.001276595744684417,1.953125000000229
blue_stability_curve,524,402.5,12.13914893617021,662.6953124999998,outputs/reference_pages/fig_4_2_reference_native.png,native_pdf_rgb_threshold_median,0.001276595744684417,1.953125000000229
blue_stability_curve,525,402,12.1395744680851,662.8906249999999,outputs/reference_pages/fig_4_2_reference_native.png,native_pdf_rgb_threshold_median,0.001276595744684417,1.953125000000229
blue_stability_curve,526,402,12.14,662.8906249999999,outputs/reference_pages/fig_4_2_reference_native.png,native_pdf_rgb_threshold_median,0.001276595744684417,1.953125000000229
blue_stability_curve,527,401.5,12.14042553191489,663.0859374999999,outputs/reference_pages/fig_4_2_reference_native.png,native_pdf_rgb_threshold_median,0.001276595744684417,1.953125000000229
blue_stability_curve,528,401,12.14085106382979,663.2812499999999,outputs/reference_pages/fig_4_2_reference_native.png,native_pdf_rgb_threshold_median,0.001276595744684417,1.953125000000229
blue_stability_curve,529,400.5,12.14127659574468,663.4765624999999,outputs/reference_pages/fig_4_2_reference_native.png,native_pdf_rgb_threshold_median,0.001276595744684417,1.953125000000229
blue_stability_curve,530,400,12.14170212765957,663.6718749999999,outputs/reference_pages/fig_4_2_reference_native.png,native_pdf_rgb_threshold_median,0.001276595744684417,1.953125000000229
blue_stability_curve,531,399.5,12.14212765957447,663.8671874999999,outputs/reference_pages/fig_4_2_reference_native.png,native_pdf_rgb_threshold_median,0.001276595744684417,1.953125000000229
blue_stability_curve,532,399,12.14255319148936,664.0624999999999,outputs/reference_pages/fig_4_2_reference_native.png,native_pdf_rgb_threshold_median,0.001276595744684417,1.953125000000229
blue_stability_curve,533,399,12.14297872340425,664.0624999999999,outputs/reference_pages/fig_4_2_reference_native.png,native_pdf_rgb_threshold_median,0.001276595744684417,1.953125000000229
blue_stability_curve,534,398.5,12.14340425531915,664.2578124999999,outputs/reference_pages/fig_4_2_reference_native.png,native_pdf_rgb_threshold_median,0.001276595744684417,1.953125000000229
blue_stability_curve,535,398,12.14382978723404,664.4531249999999,outputs/reference_pages/fig_4_2_reference_native.png,native_pdf_rgb_threshold_median,0.001276595744684417,1.953125000000229
blue_stability_curve,536,397.5,12.14425531914893,664.6484374999999,outputs/reference_pages/fig_4_2_reference_native.png,native_pdf_rgb_threshold_median,0.001276595744684417,1.953125000000229
blue_stability_curve,537,397,12.14468085106383,664.8437499999999,outputs/reference_pages/fig_4_2_reference_native.png,native_pdf_rgb_threshold_median,0.001276595744684417,1.953125000000229
blue_stability_curve,538,396.5,12.14510638297872,665.0390624999999,outputs/reference_pages/fig_4_2_reference_native.png,native_pdf_rgb_threshold_median,0.001276595744684417,1.953125000000229
blue_stability_curve,539,396,12.14553191489362,665.2343749999999,outputs/reference_pages/fig_4_2_reference_native.png,native_pdf_rgb_threshold_median,0.001276595744684417,1.953125000000229
blue_stability_curve,540,396,12.14595744680851,665.2343749999999,outputs/reference_pages/fig_4_2_reference_native.png,native_pdf_rgb_threshold_median,0.001276595744684417,1.953125000000229
blue_stability_curve,541,395.5,12.1463829787234,665.4296874999999,outputs/reference_pages/fig_4_2_reference_native.png,native_pdf_rgb_threshold_median,0.001276595744684417,1.953125000000229
blue_stability_curve,542,395,12.1468085106383,665.6249999999999,outputs/reference_pages/fig_4_2_reference_native.png,native_pdf_rgb_threshold_median,0.001276595744684417,1.953125000000229
blue_stability_curve,543,394.5,12.14723404255319,665.8203124999999,outputs/reference_pages/fig_4_2_reference_native.png,native_pdf_rgb_threshold_median,0.001276595744684417,1.953125000000229
blue_stability_curve,544,394,12.14765957446808,666.0156249999999,outputs/reference_pages/fig_4_2_reference_native.png,native_pdf_rgb_threshold_median,0.001276595744684417,1.953125000000229
blue_stability_curve,545,394,12.14808510638298,666.0156249999999,outputs/reference_pages/fig_4_2_reference_native.png,native_pdf_rgb_threshold_median,0.001276595744684417,1.953125000000229
blue_stability_curve,546,393,12.14851063829787,666.4062499999999,outputs/reference_pages/fig_4_2_reference_native.png,native_pdf_rgb_threshold_median,0.001276595744684417,1.953125000000229
blue_stability_curve,547,393,12.14893617021276,666.4062499999999,outputs/reference_pages/fig_4_2_reference_native.png,native_pdf_rgb_threshold_median,0.001276595744684417,1.953125000000229
blue_stability_curve,548,392.5,12.14936170212766,666.6015624999999,outputs/reference_pages/fig_4_2_reference_native.png,native_pdf_rgb_threshold_median,0.001276595744684417,1.953125000000229
blue_stability_curve,549,392,12.14978723404255,666.7968749999999,outputs/reference_pages/fig_4_2_reference_native.png,native_pdf_rgb_threshold_median,0.001276595744684417,1.953125000000229
blue_stability_curve,550,391.5,12.15021276595744,666.9921874999999,outputs/reference_pages/fig_4_2_reference_native.png,native_pdf_rgb_threshold_median,0.001276595744684417,1.953125000000229
blue_stability_curve,551,391,12.15063829787234,667.1874999999999,outputs/reference_pages/fig_4_2_reference_native.png,native_pdf_rgb_threshold_median,0.001276595744684417,1.953125000000229
blue_stability_curve,552,391,12.15106382978723,667.1874999999999,outputs/reference_pages/fig_4_2_reference_native.png,native_pdf_rgb_threshold_median,0.001276595744684417,1.953125000000229
blue_stability_curve,553,390,12.15148936170213,667.5781249999999,outputs/reference_pages/fig_4_2_reference_native.png,native_pdf_rgb_threshold_median,0.001276595744684417,1.953125000000229
blue_stability_curve,554,390,12.15191489361702,667.5781249999999,outputs/reference_pages/fig_4_2_reference_native.png,native_pdf_rgb_threshold_median,0.001276595744684417,1.953125000000229
blue_stability_curve,555,389.5,12.15234042553191,667.7734374999999,outputs/reference_pages/fig_4_2_reference_native.png,native_pdf_rgb_threshold_median,0.001276595744684417,1.953125000000229
blue_stability_curve,556,389,12.15276595744681,667.9687499999999,outputs/reference_pages/fig_4_2_reference_native.png,native_pdf_rgb_threshold_median,0.001276595744684417,1.953125000000229
blue_stability_curve,557,388.5,12.1531914893617,668.1640624999999,outputs/reference_pages/fig_4_2_reference_native.png,native_pdf_rgb_threshold_median,0.001276595744684417,1.953125000000229
blue_stability_curve,558,388,12.15361702127659,668.3593749999999,outputs/reference_pages/fig_4_2_reference_native.png,native_pdf_rgb_threshold_median,0.001276595744684417,1.953125000000229
blue_stability_curve,559,388,12.15404255319149,668.3593749999999,outputs/reference_pages/fig_4_2_reference_native.png,native_pdf_rgb_threshold_median,0.001276595744684417,1.953125000000229
blue_stability_curve,560,387.5,12.15446808510638,668.5546874999999,outputs/reference_pages/fig_4_2_reference_native.png,native_pdf_rgb_threshold_median,0.001276595744684417,1.953125000000229
blue_stability_curve,561,387,12.15489361702127,668.7499999999999,outputs/reference_pages/fig_4_2_reference_native.png,native_pdf_rgb_threshold_median,0.001276595744684417,1.953125000000229
blue_stability_curve,562,386.5,12.15531914893617,668.9453124999999,outputs/reference_pages/fig_4_2_reference_native.png,native_pdf_rgb_threshold_median,0.001276595744684417,1.953125000000229
blue_stability_curve,563,386,12.15574468085106,669.1406249999999,outputs/reference_pages/fig_4_2_reference_native.png,native_pdf_rgb_threshold_median,0.001276595744684417,1.953125000000229
blue_stability_curve,564,385.5,12.15617021276596,669.3359374999999,outputs/reference_pages/fig_4_2_reference_native.png,native_pdf_rgb_threshold_median,0.001276595744684417,1.953125000000229
blue_stability_curve,565,385,12.15659574468085,669.5312499999999,outputs/reference_pages/fig_4_2_reference_native.png,native_pdf_rgb_threshold_median,0.001276595744684417,1.953125000000229
blue_stability_curve,566,385,12.15702127659574,669.5312499999999,outputs/reference_pages/fig_4_2_reference_native.png,native_pdf_rgb_threshold_median,0.001276595744684417,1.953125000000229
blue_stability_curve,567,384.5,12.15744680851064,669.7265624999999,outputs/reference_pages/fig_4_2_reference_native.png,native_pdf_rgb_threshold_median,0.001276595744684417,1.953125000000229
blue_stability_curve,568,384,12.15787234042553,669.9218749999999,outputs/reference_pages/fig_4_2_reference_native.png,native_pdf_rgb_threshold_median,0.001276595744684417,1.953125000000229
blue_stability_curve,569,383.5,12.15829787234042,670.1171874999999,outputs/reference_pages/fig_4_2_reference_native.png,native_pdf_rgb_threshold_median,0.001276595744684417,1.953125000000229
blue_stability_curve,570,383,12.15872340425532,670.3124999999999,outputs/reference_pages/fig_4_2_reference_native.png,native_pdf_rgb_threshold_median,0.001276595744684417,1.953125000000229
blue_stability_curve,571,382.5,12.15914893617021,670.5078124999999,outputs/reference_pages/fig_4_2_reference_native.png,native_pdf_rgb_threshold_median,0.001276595744684417,1.953125000000229
blue_stability_curve,572,382,12.1595744680851,670.7031249999999,outputs/reference_pages/fig_4_2_reference_native.png,native_pdf_rgb_threshold_median,0.001276595744684417,1.953125000000229
blue_stability_curve,573,382,12.16,670.7031249999999,outputs/reference_pages/fig_4_2_reference_native.png,native_pdf_rgb_threshold_median,0.001276595744684417,1.953125000000229
blue_stability_curve,574,381.5,12.16042553191489,670.8984374999999,outputs/reference_pages/fig_4_2_reference_native.png,native_pdf_rgb_threshold_median,0.001276595744684417,1.953125000000229
blue_stability_curve,575,381,12.16085106382979,671.0937499999999,outputs/reference_pages/fig_4_2_reference_native.png,native_pdf_rgb_threshold_median,0.001276595744684417,1.953125000000229
blue_stability_curve,576,380.5,12.16127659574468,671.2890624999999,outputs/reference_pages/fig_4_2_reference_native.png,native_pdf_rgb_threshold_median,0.001276595744684417,1.953125000000229
blue_stability_curve,577,380,12.16170212765957,671.4843749999999,outputs/reference_pages/fig_4_2_reference_native.png,native_pdf_rgb_threshold_median,0.001276595744684417,1.953125000000229
blue_stability_curve,578,379.5,12.16212765957447,671.6796874999999,outputs/reference_pages/fig_4_2_reference_native.png,native_pdf_rgb_threshold_median,0.001276595744684417,1.953125000000229
blue_stability_curve,579,379,12.16255319148936,671.8749999999999,outputs/reference_pages/fig_4_2_reference_native.png,native_pdf_rgb_threshold_median,0.001276595744684417,1.953125000000229
blue_stability_curve,580,379,12.16297872340425,671.8749999999999,outputs/reference_pages/fig_4_2_reference_native.png,native_pdf_rgb_threshold_median,0.001276595744684417,1.953125000000229
blue_stability_curve,581,378.5,12.16340425531915,672.0703124999999,outputs/reference_pages/fig_4_2_reference_native.png,native_pdf_rgb_threshold_median,0.001276595744684417,1.953125000000229
blue_stability_curve,582,378,12.16382978723404,672.2656249999999,outputs/reference_pages/fig_4_2_reference_native.png,native_pdf_rgb_threshold_median,0.001276595744684417,1.953125000000229
blue_stability_curve,583,377.5,12.16425531914894,672.4609374999999,outputs/reference_pages/fig_4_2_reference_native.png,native_pdf_rgb_threshold_median,0.001276595744684417,1.953125000000229
blue_stability_curve,584,377,12.16468085106383,672.6562499999999,outputs/reference_pages/fig_4_2_reference_native.png,native_pdf_rgb_threshold_median,0.001276595744684417,1.953125000000229
blue_stability_curve,585,376.5,12.16510638297872,672.8515624999999,outputs/reference_pages/fig_4_2_reference_native.png,native_pdf_rgb_threshold_median,0.001276595744684417,1.953125000000229
blue_stability_curve,586,376,12.16553191489361,673.0468749999999,outputs/reference_pages/fig_4_2_reference_native.png,native_pdf_rgb_threshold_median,0.001276595744684417,1.953125000000229
blue_stability_curve,587,376,12.16595744680851,673.0468749999999,outputs/reference_pages/fig_4_2_reference_native.png,native_pdf_rgb_threshold_median,0.001276595744684417,1.953125000000229
blue_stability_curve,588,375.5,12.1663829787234,673.2421874999999,outputs/reference_pages/fig_4_2_reference_native.png,native_pdf_rgb_threshold_median,0.001276595744684417,1.953125000000229
blue_stability_curve,589,375,12.1668085106383,673.4374999999999,outputs/reference_pages/fig_4_2_reference_native.png,native_pdf_rgb_threshold_median,0.001276595744684417,1.953125000000229
blue_stability_curve,590,374.5,12.16723404255319,673.6328124999999,outputs/reference_pages/fig_4_2_reference_native.png,native_pdf_rgb_threshold_median,0.001276595744684417,1.953125000000229
blue_stability_curve,591,374,12.16765957446808,673.8281249999999,outputs/reference_pages/fig_4_2_reference_native.png,native_pdf_rgb_threshold_median,0.001276595744684417,1.953125000000229
blue_stability_curve,592,373.5,12.16808510638298,674.0234374999999,outputs/reference_pages/fig_4_2_reference_native.png,native_pdf_rgb_threshold_median,0.001276595744684417,1.953125000000229
blue_stability_curve,593,373,12.16851063829787,674.2187499999999,outputs/reference_pages/fig_4_2_reference_native.png,native_pdf_rgb_threshold_median,0.001276595744684417,1.953125000000229
blue_stability_curve,594,373,12.16893617021277,674.2187499999999,outputs/reference_pages/fig_4_2_reference_native.png,native_pdf_rgb_threshold_median,0.001276595744684417,1.953125000000229
blue_stability_curve,595,372.5,12.16936170212766,674.4140624999999,outputs/reference_pages/fig_4_2_reference_native.png,native_pdf_rgb_threshold_median,0.001276595744684417,1.953125000000229
blue_stability_curve,596,372,12.16978723404255,674.6093749999999,outputs/reference_pages/fig_4_2_reference_native.png,native_pdf_rgb_threshold_median,0.001276595744684417,1.953125000000229
blue_stability_curve,597,371.5,12.17021276595745,674.8046874999999,outputs/reference_pages/fig_4_2_reference_native.png,native_pdf_rgb_threshold_median,0.001276595744684417,1.953125000000229
blue_stability_curve,598,371,12.17063829787234,674.9999999999999,outputs/reference_pages/fig_4_2_reference_native.png,native_pdf_rgb_threshold_median,0.001276595744684417,1.953125000000229
blue_stability_curve,599,370.5,12.17106382978723,675.1953124999999,outputs/reference_pages/fig_4_2_reference_native.png,native_pdf_rgb_threshold_median,0.001276595744684417,1.953125000000229
blue_stability_curve,600,370,12.17148936170213,675.3906249999999,outputs/reference_pages/fig_4_2_reference_native.png,native_pdf_rgb_threshold_median,0.001276595744684417,1.953125000000229
blue_stability_curve,601,370,12.17191489361702,675.3906249999999,outputs/reference_pages/fig_4_2_reference_native.png,native_pdf_rgb_threshold_median,0.001276595744684417,1.953125000000229
blue_stability_curve,602,369.5,12.17234042553191,675.5859374999999,outputs/reference_pages/fig_4_2_reference_native.png,native_pdf_rgb_threshold_median,0.001276595744684417,1.953125000000229
blue_stability_curve,603,369,12.17276595744681,675.7812499999999,outputs/reference_pages/fig_4_2_reference_native.png,native_pdf_rgb_threshold_median,0.001276595744684417,1.953125000000229
blue_stability_curve,604,368.5,12.1731914893617,675.9765624999999,outputs/reference_pages/fig_4_2_reference_native.png,native_pdf_rgb_threshold_median,0.001276595744684417,1.953125000000229
blue_stability_curve,605,368,12.17361702127659,676.1718749999999,outputs/reference_pages/fig_4_2_reference_native.png,native_pdf_rgb_threshold_median,0.001276595744684417,1.953125000000229
blue_stability_curve,606,368,12.17404255319149,676.1718749999999,outputs/reference_pages/fig_4_2_reference_native.png,native_pdf_rgb_threshold_median,0.001276595744684417,1.953125000000229
blue_stability_curve,607,367,12.17446808510638,676.5624999999999,outputs/reference_pages/fig_4_2_reference_native.png,native_pdf_rgb_threshold_median,0.001276595744684417,1.953125000000229
blue_stability_curve,608,367,12.17489361702128,676.5624999999999,outputs/reference_pages/fig_4_2_reference_native.png,native_pdf_rgb_threshold_median,0.001276595744684417,1.953125000000229
blue_stability_curve,609,366.5,12.17531914893617,676.7578124999999,outputs/reference_pages/fig_4_2_reference_native.png,native_pdf_rgb_threshold_median,0.001276595744684417,1.953125000000229
blue_stability_curve,610,366,12.17574468085106,676.9531249999999,outputs/reference_pages/fig_4_2_reference_native.png,native_pdf_rgb_threshold_median,0.001276595744684417,1.953125000000229
blue_stability_curve,611,365.5,12.17617021276596,677.1484374999999,outputs/reference_pages/fig_4_2_reference_native.png,native_pdf_rgb_threshold_median,0.001276595744684417,1.953125000000229
blue_stability_curve,612,365,12.17659574468085,677.3437499999999,outputs/reference_pages/fig_4_2_reference_native.png,native_pdf_rgb_threshold_median,0.001276595744684417,1.953125000000229
blue_stability_curve,613,365,12.17702127659574,677.3437499999999,outputs/reference_pages/fig_4_2_reference_native.png,native_pdf_rgb_threshold_median,0.001276595744684417,1.953125000000229
blue_stability_curve,614,364,12.17744680851064,677.7343749999999,outputs/reference_pages/fig_4_2_reference_native.png,native_pdf_rgb_threshold_median,0.001276595744684417,1.953125000000229
blue_stability_curve,615,364,12.17787234042553,677.7343749999999,outputs/reference_pages/fig_4_2_reference_native.png,native_pdf_rgb_threshold_median,0.001276595744684417,1.953125000000229
blue_stability_curve,616,363.5,12.17829787234042,677.9296874999999,outputs/reference_pages/fig_4_2_reference_native.png,native_pdf_rgb_threshold_median,0.001276595744684417,1.953125000000229
blue_stability_curve,617,363,12.17872340425532,678.1249999999999,outputs/reference_pages/fig_4_2_reference_native.png,native_pdf_rgb_threshold_median,0.001276595744684417,1.953125000000229
blue_stability_curve,618,362.5,12.17914893617021,678.3203124999999,outputs/reference_pages/fig_4_2_reference_native.png,native_pdf_rgb_threshold_median,0.001276595744684417,1.953125000000229
blue_stability_curve,619,362,12.17957446808511,678.5156249999999,outputs/reference_pages/fig_4_2_reference_native.png,native_pdf_rgb_threshold_median,0.001276595744684417,1.953125000000229
blue_stability_curve,620,361.5,12.18,678.7109374999999,outputs/reference_pages/fig_4_2_reference_native.png,native_pdf_rgb_threshold_median,0.001276595744684417,1.953125000000229
blue_stability_curve,621,361,12.18042553191489,678.9062499999999,outputs/reference_pages/fig_4_2_reference_native.png,native_pdf_rgb_threshold_median,0.001276595744684417,1.953125000000229
blue_stability_curve,622,361,12.18085106382979,678.9062499999999,outputs/reference_pages/fig_4_2_reference_native.png,native_pdf_rgb_threshold_median,0.001276595744684417,1.953125000000229
blue_stability_curve,623,360.5,12.18127659574468,679.1015624999999,outputs/reference_pages/fig_4_2_reference_native.png,native_pdf_rgb_threshold_median,0.001276595744684417,1.953125000000229
blue_stability_curve,624,360,12.18170212765957,679.2968749999999,outputs/reference_pages/fig_4_2_reference_native.png,native_pdf_rgb_threshold_median,0.001276595744684417,1.953125000000229
blue_stability_curve,625,359.5,12.18212765957447,679.4921874999999,outputs/reference_pages/fig_4_2_reference_native.png,native_pdf_rgb_threshold_median,0.001276595744684417,1.953125000000229
blue_stability_curve,626,359,12.18255319148936,679.6874999999999,outputs/reference_pages/fig_4_2_reference_native.png,native_pdf_rgb_threshold_median,0.001276595744684417,1.953125000000229
blue_stability_curve,627,358.5,12.18297872340425,679.8828124999999,outputs/reference_pages/fig_4_2_reference_native.png,native_pdf_rgb_threshold_median,0.001276595744684417,1.953125000000229
blue_stability_curve,628,358,12.18340425531915,680.0781249999999,outputs/reference_pages/fig_4_2_reference_native.png,native_pdf_rgb_threshold_median,0.001276595744684417,1.953125000000229
blue_stability_curve,629,358,12.18382978723404,680.0781249999999,outputs/reference_pages/fig_4_2_reference_native.png,native_pdf_rgb_threshold_median,0.001276595744684417,1.953125000000229
blue_stability_curve,630,357.5,12.18425531914894,680.2734374999999,outputs/reference_pages/fig_4_2_reference_native.png,native_pdf_rgb_threshold_median,0.001276595744684417,1.953125000000229
blue_stability_curve,631,357,12.18468085106383,680.4687499999999,outputs/reference_pages/fig_4_2_reference_native.png,native_pdf_rgb_threshold_median,0.001276595744684417,1.953125000000229
blue_stability_curve,632,356.5,12.18510638297872,680.6640624999999,outputs/reference_pages/fig_4_2_reference_native.png,native_pdf_rgb_threshold_median,0.001276595744684417,1.953125000000229
blue_stability_curve,633,356,12.18553191489362,680.8593749999999,outputs/reference_pages/fig_4_2_reference_native.png,native_pdf_rgb_threshold_median,0.001276595744684417,1.953125000000229
blue_stability_curve,634,355.5,12.18595744680851,681.0546874999999,outputs/reference_pages/fig_4_2_reference_native.png,native_pdf_rgb_threshold_median,0.001276595744684417,1.953125000000229
blue_stability_curve,635,355,12.1863829787234,681.2499999999999,outputs/reference_pages/fig_4_2_reference_native.png,native_pdf_rgb_threshold_median,0.001276595744684417,1.953125000000229
blue_stability_curve,636,355,12.1868085106383,681.2499999999999,outputs/reference_pages/fig_4_2_reference_native.png,native_pdf_rgb_threshold_median,0.001276595744684417,1.953125000000229
blue_stability_curve,637,354.5,12.18723404255319,681.4453124999999,outputs/reference_pages/fig_4_2_reference_native.png,native_pdf_rgb_threshold_median,0.001276595744684417,1.953125000000229
blue_stability_curve,638,354,12.18765957446808,681.6406249999999,outputs/reference_pages/fig_4_2_reference_native.png,native_pdf_rgb_threshold_median,0.001276595744684417,1.953125000000229
blue_stability_curve,639,353.5,12.18808510638298,681.8359374999999,outputs/reference_pages/fig_4_2_reference_native.png,native_pdf_rgb_threshold_median,0.001276595744684417,1.953125000000229
blue_stability_curve,640,353,12.18851063829787,682.0312499999999,outputs/reference_pages/fig_4_2_reference_native.png,native_pdf_rgb_threshold_median,0.001276595744684417,1.953125000000229
blue_stability_curve,641,352.5,12.18893617021276,682.2265624999999,outputs/reference_pages/fig_4_2_reference_native.png,native_pdf_rgb_threshold_median,0.001276595744684417,1.953125000000229
blue_stability_curve,642,352,12.18936170212766,682.4218749999999,outputs/reference_pages/fig_4_2_reference_native.png,native_pdf_rgb_threshold_median,0.001276595744684417,1.953125000000229
blue_stability_curve,643,352,12.18978723404255,682.4218749999999,outputs/reference_pages/fig_4_2_reference_native.png,native_pdf_rgb_threshold_median,0.001276595744684417,1.953125000000229
blue_stability_curve,644,351.5,12.19021276595745,682.6171874999999,outputs/reference_pages/fig_4_2_reference_native.png,native_pdf_rgb_threshold_median,0.001276595744684417,1.953125000000229
blue_stability_curve,645,351,12.19063829787234,682.8124999999999,outputs/reference_pages/fig_4_2_reference_native.png,native_pdf_rgb_threshold_median,0.001276595744684417,1.953125000000229
blue_stability_curve,646,350.5,12.19106382978723,683.0078124999999,outputs/reference_pages/fig_4_2_reference_native.png,native_pdf_rgb_threshold_median,0.001276595744684417,1.953125000000229
blue_stability_curve,647,350,12.19148936170213,683.2031249999999,outputs/reference_pages/fig_4_2_reference_native.png,native_pdf_rgb_threshold_median,0.001276595744684417,1.953125000000229
blue_stability_curve,648,349.5,12.19191489361702,683.3984374999999,outputs/reference_pages/fig_4_2_reference_native.png,native_pdf_rgb_threshold_median,0.001276595744684417,1.953125000000229
blue_stability_curve,649,349,12.19234042553191,683.5937499999999,outputs/reference_pages/fig_4_2_reference_native.png,native_pdf_rgb_threshold_median,0.001276595744684417,1.953125000000229
blue_stability_curve,650,349,12.19276595744681,683.5937499999999,outputs/reference_pages/fig_4_2_reference_native.png,native_pdf_rgb_threshold_median,0.001276595744684417,1.953125000000229
blue_stability_curve,651,348.5,12.1931914893617,683.7890624999999,outputs/reference_pages/fig_4_2_reference_native.png,native_pdf_rgb_threshold_median,0.001276595744684417,1.953125000000229
blue_stability_curve,652,348,12.19361702127659,683.9843749999999,outputs/reference_pages/fig_4_2_reference_native.png,native_pdf_rgb_threshold_median,0.001276595744684417,1.953125000000229
blue_stability_curve,653,347.5,12.19404255319149,684.1796874999999,outputs/reference_pages/fig_4_2_reference_native.png,native_pdf_rgb_threshold_median,0.001276595744684417,1.953125000000229
blue_stability_curve,654,347,12.19446808510638,684.3749999999999,outputs/reference_pages/fig_4_2_reference_native.png,native_pdf_rgb_threshold_median,0.001276595744684417,1.953125000000229
blue_stability_curve,655,346.5,12.19489361702128,684.5703124999999,outputs/reference_pages/fig_4_2_reference_native.png,native_pdf_rgb_threshold_median,0.001276595744684417,1.953125000000229
blue_stability_curve,656,346,12.19531914893617,684.7656249999999,outputs/reference_pages/fig_4_2_reference_native.png,native_pdf_rgb_threshold_median,0.001276595744684417,1.953125000000229
blue_stability_curve,657,346,12.19574468085106,684.7656249999999,outputs/reference_pages/fig_4_2_reference_native.png,native_pdf_rgb_threshold_median,0.001276595744684417,1.953125000000229
blue_stability_curve,658,345.5,12.19617021276596,684.9609374999999,outputs/reference_pages/fig_4_2_reference_native.png,native_pdf_rgb_threshold_median,0.001276595744684417,1.953125000000229
blue_stability_curve,659,345,12.19659574468085,685.1562499999999,outputs/reference_pages/fig_4_2_reference_native.png,native_pdf_rgb_threshold_median,0.001276595744684417,1.953125000000229
blue_stability_curve,660,344.5,12.19702127659574,685.3515624999999,outputs/reference_pages/fig_4_2_reference_native.png,native_pdf_rgb_threshold_median,0.001276595744684417,1.953125000000229
blue_stability_curve,661,344,12.19744680851064,685.5468749999999,outputs/reference_pages/fig_4_2_reference_native.png,native_pdf_rgb_threshold_median,0.001276595744684417,1.953125000000229
blue_stability_curve,662,343.5,12.19787234042553,685.7421874999999,outputs/reference_pages/fig_4_2_reference_native.png,native_pdf_rgb_threshold_median,0.001276595744684417,1.953125000000229
blue_stability_curve,663,343,12.19829787234042,685.9374999999999,outputs/reference_pages/fig_4_2_reference_native.png,native_pdf_rgb_threshold_median,0.001276595744684417,1.953125000000229
blue_stability_curve,664,343,12.19872340425532,685.9374999999999,outputs/reference_pages/fig_4_2_reference_native.png,native_pdf_rgb_threshold_median,0.001276595744684417,1.953125000000229
blue_stability_curve,665,342.5,12.19914893617021,686.1328124999999,outputs/reference_pages/fig_4_2_reference_native.png,native_pdf_rgb_threshold_median,0.001276595744684417,1.953125000000229
blue_stability_curve,666,342,12.19957446808511,686.3281249999999,outputs/reference_pages/fig_4_2_reference_native.png,native_pdf_rgb_threshold_median,0.001276595744684417,1.953125000000229
blue_stability_curve,667,341.5,12.2,686.5234374999999,outputs/reference_pages/fig_4_2_reference_native.png,native_pdf_rgb_threshold_median,0.001276595744684417,1.953125000000229
blue_stability_curve,668,341,12.20042553191489,686.7187499999999,outputs/reference_pages/fig_4_2_reference_native.png,native_pdf_rgb_threshold_median,0.001276595744684417,1.953125000000229
blue_stability_curve,669,340.5,12.20085106382979,686.9140624999999,outputs/reference_pages/fig_4_2_reference_native.png,native_pdf_rgb_threshold_median,0.001276595744684417,1.953125000000229
blue_stability_curve,670,340,12.20127659574468,687.1093749999999,outputs/reference_pages/fig_4_2_reference_native.png,native_pdf_rgb_threshold_median,0.001276595744684417,1.953125000000229
blue_stability_curve,671,340,12.20170212765957,687.1093749999999,outputs/reference_pages/fig_4_2_reference_native.png,native_pdf_rgb_threshold_median,0.001276595744684417,1.953125000000229
blue_stability_curve,672,339.5,12.20212765957447,687.3046874999999,outputs/reference_pages/fig_4_2_reference_native.png,native_pdf_rgb_threshold_median,0.001276595744684417,1.953125000000229
blue_stability_curve,673,339,12.20255319148936,687.4999999999999,outputs/reference_pages/fig_4_2_reference_native.png,native_pdf_rgb_threshold_median,0.001276595744684417,1.953125000000229
blue_stability_curve,674,338.5,12.20297872340425,687.6953124999999,outputs/reference_pages/fig_4_2_reference_native.png,native_pdf_rgb_threshold_median,0.001276595744684417,1.953125000000229
blue_stability_curve,675,338,12.20340425531915,687.8906249999999,outputs/reference_pages/fig_4_2_reference_native.png,native_pdf_rgb_threshold_median,0.001276595744684417,1.953125000000229
blue_stability_curve,676,337.5,12.20382978723404,688.0859374999999,outputs/reference_pages/fig_4_2_reference_native.png,native_pdf_rgb_threshold_median,0.001276595744684417,1.953125000000229
blue_stability_curve,677,337,12.20425531914893,688.2812499999999,outputs/reference_pages/fig_4_2_reference_native.png,native_pdf_rgb_threshold_median,0.001276595744684417,1.953125000000229
blue_stability_curve,678,337,12.20468085106383,688.2812499999999,outputs/reference_pages/fig_4_2_reference_native.png,native_pdf_rgb_threshold_median,0.001276595744684417,1.953125000000229
blue_stability_curve,679,336,12.20510638297872,688.6718749999999,outputs/reference_pages/fig_4_2_reference_native.png,native_pdf_rgb_threshold_median,0.001276595744684417,1.953125000000229
blue_stability_curve,680,336,12.20553191489362,688.6718749999999,outputs/reference_pages/fig_4_2_reference_native.png,native_pdf_rgb_threshold_median,0.001276595744684417,1.953125000000229
blue_stability_curve,681,335.5,12.20595744680851,688.8671874999999,outputs/reference_pages/fig_4_2_reference_native.png,native_pdf_rgb_threshold_median,0.001276595744684417,1.953125000000229
blue_stability_curve,682,335,12.2063829787234,689.0624999999999,outputs/reference_pages/fig_4_2_reference_native.png,native_pdf_rgb_threshold_median,0.001276595744684417,1.953125000000229
blue_stability_curve,683,334.5,12.2068085106383,689.2578124999999,outputs/reference_pages/fig_4_2_reference_native.png,native_pdf_rgb_threshold_median,0.001276595744684417,1.953125000000229
blue_stability_curve,684,334,12.20723404255319,689.4531249999999,outputs/reference_pages/fig_4_2_reference_native.png,native_pdf_rgb_threshold_median,0.001276595744684417,1.953125000000229
blue_stability_curve,685,334,12.20765957446808,689.4531249999999,outputs/reference_pages/fig_4_2_reference_native.png,native_pdf_rgb_threshold_median,0.001276595744684417,1.953125000000229
blue_stability_curve,686,333,12.20808510638298,689.8437499999999,outputs/reference_pages/fig_4_2_reference_native.png,native_pdf_rgb_threshold_median,0.001276595744684417,1.953125000000229
blue_stability_curve,687,333,12.20851063829787,689.8437499999999,outputs/reference_pages/fig_4_2_reference_native.png,native_pdf_rgb_threshold_median,0.001276595744684417,1.953125000000229
blue_stability_curve,688,332.5,12.20893617021276,690.0390624999999,outputs/reference_pages/fig_4_2_reference_native.png,native_pdf_rgb_threshold_median,0.001276595744684417,1.953125000000229
blue_stability_curve,689,332,12.20936170212766,690.2343749999999,outputs/reference_pages/fig_4_2_reference_native.png,native_pdf_rgb_threshold_median,0.001276595744684417,1.953125000000229
blue_stability_curve,690,331.5,12.20978723404255,690.4296874999999,outputs/reference_pages/fig_4_2_reference_native.png,native_pdf_rgb_threshold_median,0.001276595744684417,1.953125000000229
blue_stability_curve,691,331,12.21021276595745,690.6249999999999,outputs/reference_pages/fig_4_2_reference_native.png,native_pdf_rgb_threshold_median,0.001276595744684417,1.953125000000229
blue_stability_curve,692,330.5,12.21063829787234,690.8203124999999,outputs/reference_pages/fig_4_2_reference_native.png,native_pdf_rgb_threshold_median,0.001276595744684417,1.953125000000229
blue_stability_curve,693,330,12.21106382978723,691.0156249999999,outputs/reference_pages/fig_4_2_reference_native.png,native_pdf_rgb_threshold_median,0.001276595744684417,1.953125000000229
blue_stability_curve,694,330,12.21148936170213,691.0156249999999,outputs/reference_pages/fig_4_2_reference_native.png,native_pdf_rgb_threshold_median,0.001276595744684417,1.953125000000229
blue_stability_curve,695,329.5,12.21191489361702,691.2109374999999,outputs/reference_pages/fig_4_2_reference_native.png,native_pdf_rgb_threshold_median,0.001276595744684417,1.953125000000229
blue_stability_curve,696,329,12.21234042553191,691.4062499999999,outputs/reference_pages/fig_4_2_reference_native.png,native_pdf_rgb_threshold_median,0.001276595744684417,1.953125000000229
blue_stability_curve,697,328.5,12.21276595744681,691.6015624999999,outputs/reference_pages/fig_4_2_reference_native.png,native_pdf_rgb_threshold_median,0.001276595744684417,1.953125000000229
blue_stability_curve,698,328,12.2131914893617,691.7968749999999,outputs/reference_pages/fig_4_2_reference_native.png,native_pdf_rgb_threshold_median,0.001276595744684417,1.953125000000229
blue_stability_curve,699,327.5,12.21361702127659,691.9921874999999,outputs/reference_pages/fig_4_2_reference_native.png,native_pdf_rgb_threshold_median,0.001276595744684417,1.953125000000229
blue_stability_curve,700,327,12.21404255319149,692.1874999999999,outputs/reference_pages/fig_4_2_reference_native.png,native_pdf_rgb_threshold_median,0.001276595744684417,1.953125000000229
blue_stability_curve,701,327,12.21446808510638,692.1874999999999,outputs/reference_pages/fig_4_2_reference_native.png,native_pdf_rgb_threshold_median,0.001276595744684417,1.953125000000229
blue_stability_curve,702,326.5,12.21489361702127,692.3828124999999,outputs/reference_pages/fig_4_2_reference_native.png,native_pdf_rgb_threshold_median,0.001276595744684417,1.953125000000229
blue_stability_curve,703,326,12.21531914893617,692.5781249999999,outputs/reference_pages/fig_4_2_reference_native.png,native_pdf_rgb_threshold_median,0.001276595744684417,1.953125000000229
blue_stability_curve,704,325.5,12.21574468085106,692.7734374999999,outputs/reference_pages/fig_4_2_reference_native.png,native_pdf_rgb_threshold_median,0.001276595744684417,1.953125000000229
blue_stability_curve,705,325,12.21617021276596,692.9687499999999,outputs/reference_pages/fig_4_2_reference_native.png,native_pdf_rgb_threshold_median,0.001276595744684417,1.953125000000229
blue_stability_curve,706,324.5,12.21659574468085,693.1640624999999,outputs/reference_pages/fig_4_2_reference_native.png,native_pdf_rgb_threshold_median,0.001276595744684417,1.953125000000229
blue_stability_curve,707,324,12.21702127659574,693.3593749999999,outputs/reference_pages/fig_4_2_reference_native.png,native_pdf_rgb_threshold_median,0.001276595744684417,1.953125000000229
blue_stability_curve,708,324,12.21744680851064,693.3593749999999,outputs/reference_pages/fig_4_2_reference_native.png,native_pdf_rgb_threshold_median,0.001276595744684417,1.953125000000229
blue_stability_curve,709,323.5,12.21787234042553,693.5546874999999,outputs/reference_pages/fig_4_2_reference_native.png,native_pdf_rgb_threshold_median,0.001276595744684417,1.953125000000229
blue_stability_curve,710,323,12.21829787234043,693.7499999999999,outputs/reference_pages/fig_4_2_reference_native.png,native_pdf_rgb_threshold_median,0.001276595744684417,1.953125000000229
blue_stability_curve,711,322.5,12.21872340425532,693.9453124999999,outputs/reference_pages/fig_4_2_reference_native.png,native_pdf_rgb_threshold_median,0.001276595744684417,1.953125000000229
blue_stability_curve,712,322,12.21914893617021,694.1406249999999,outputs/reference_pages/fig_4_2_reference_native.png,native_pdf_rgb_threshold_median,0.001276595744684417,1.953125000000229
blue_stability_curve,713,321.5,12.21957446808511,694.3359374999999,outputs/reference_pages/fig_4_2_reference_native.png,native_pdf_rgb_threshold_median,0.001276595744684417,1.953125000000229
blue_stability_curve,714,321,12.22,694.5312499999999,outputs/reference_pages/fig_4_2_reference_native.png,native_pdf_rgb_threshold_median,0.001276595744684417,1.953125000000229
blue_stability_curve,715,321,12.22042553191489,694.5312499999999,outputs/reference_pages/fig_4_2_reference_native.png,native_pdf_rgb_threshold_median,0.001276595744684417,1.953125000000229
blue_stability_curve,716,320,12.22085106382979,694.9218749999999,outputs/reference_pages/fig_4_2_reference_native.png,native_pdf_rgb_threshold_median,0.001276595744684417,1.953125000000229
blue_stability_curve,717,320,12.22127659574468,694.9218749999999,outputs/reference_pages/fig_4_2_reference_native.png,native_pdf_rgb_threshold_median,0.001276595744684417,1.953125000000229
blue_stability_curve,718,319.5,12.22170212765957,695.1171874999999,outputs/reference_pages/fig_4_2_reference_native.png,native_pdf_rgb_threshold_median,0.001276595744684417,1.953125000000229
blue_stability_curve,719,319,12.22212765957447,695.3124999999999,outputs/reference_pages/fig_4_2_reference_native.png,native_pdf_rgb_threshold_median,0.001276595744684417,1.953125000000229
blue_stability_curve,720,318.5,12.22255319148936,695.5078124999999,outputs/reference_pages/fig_4_2_reference_native.png,native_pdf_rgb_threshold_median,0.001276595744684417,1.953125000000229
blue_stability_curve,721,318,12.22297872340426,695.7031249999999,outputs/reference_pages/fig_4_2_reference_native.png,native_pdf_rgb_threshold_median,0.001276595744684417,1.953125000000229
blue_stability_curve,722,317.5,12.22340425531915,695.8984374999999,outputs/reference_pages/fig_4_2_reference_native.png,native_pdf_rgb_threshold_median,0.001276595744684417,1.953125000000229
blue_stability_curve,723,317,12.22382978723404,696.0937499999999,outputs/reference_pages/fig_4_2_reference_native.png,native_pdf_rgb_threshold_median,0.001276595744684417,1.953125000000229
blue_stability_curve,724,317,12.22425531914894,696.0937499999999,outputs/reference_pages/fig_4_2_reference_native.png,native_pdf_rgb_threshold_median,0.001276595744684417,1.953125000000229
blue_stability_curve,725,316.5,12.22468085106383,696.2890624999999,outputs/reference_pages/fig_4_2_reference_native.png,native_pdf_rgb_threshold_median,0.001276595744684417,1.953125000000229
blue_stability_curve,726,316,12.22510638297872,696.4843749999999,outputs/reference_pages/fig_4_2_reference_native.png,native_pdf_rgb_threshold_median,0.001276595744684417,1.953125000000229
blue_stability_curve,727,315.5,12.22553191489362,696.6796874999999,outputs/reference_pages/fig_4_2_reference_native.png,native_pdf_rgb_threshold_median,0.001276595744684417,1.953125000000229
blue_stability_curve,728,315,12.22595744680851,696.8749999999999,outputs/reference_pages/fig_4_2_reference_native.png,native_pdf_rgb_threshold_median,0.001276595744684417,1.953125000000229
blue_stability_curve,729,314.5,12.2263829787234,697.0703124999999,outputs/reference_pages/fig_4_2_reference_native.png,native_pdf_rgb_threshold_median,0.001276595744684417,1.953125000000229
blue_stability_curve,730,314,12.2268085106383,697.2656249999999,outputs/reference_pages/fig_4_2_reference_native.png,native_pdf_rgb_threshold_median,0.001276595744684417,1.953125000000229
blue_stability_curve,731,314,12.22723404255319,697.2656249999999,outputs/reference_pages/fig_4_2_reference_native.png,native_pdf_rgb_threshold_median,0.001276595744684417,1.953125000000229
blue_stability_curve,732,313.5,12.22765957446808,697.4609374999999,outputs/reference_pages/fig_4_2_reference_native.png,native_pdf_rgb_threshold_median,0.001276595744684417,1.953125000000229
blue_stability_curve,733,313,12.22808510638298,697.6562499999999,outputs/reference_pages/fig_4_2_reference_native.png,native_pdf_rgb_threshold_median,0.001276595744684417,1.953125000000229
blue_stability_curve,734,312.5,12.22851063829787,697.8515624999999,outputs/reference_pages/fig_4_2_reference_native.png,native_pdf_rgb_threshold_median,0.001276595744684417,1.953125000000229
blue_stability_curve,735,312,12.22893617021277,698.0468749999999,outputs/reference_pages/fig_4_2_reference_native.png,native_pdf_rgb_threshold_median,0.001276595744684417,1.953125000000229
blue_stability_curve,736,311.5,12.22936170212766,698.2421874999999,outputs/reference_pages/fig_4_2_reference_native.png,native_pdf_rgb_threshold_median,0.001276595744684417,1.953125000000229
blue_stability_curve,737,311,12.22978723404255,698.4374999999999,outputs/reference_pages/fig_4_2_reference_native.png,native_pdf_rgb_threshold_median,0.001276595744684417,1.953125000000229
blue_stability_curve,738,311,12.23021276595745,698.4374999999999,outputs/reference_pages/fig_4_2_reference_native.png,native_pdf_rgb_threshold_median,0.001276595744684417,1.953125000000229
blue_stability_curve,739,310,12.23063829787234,698.8281249999999,outputs/reference_pages/fig_4_2_reference_native.png,native_pdf_rgb_threshold_median,0.001276595744684417,1.953125000000229
blue_stability_curve,740,310,12.23106382978723,698.8281249999999,outputs/reference_pages/fig_4_2_reference_native.png,native_pdf_rgb_threshold_median,0.001276595744684417,1.953125000000229
blue_stability_curve,741,309.5,12.23148936170213,699.0234374999999,outputs/reference_pages/fig_4_2_reference_native.png,native_pdf_rgb_threshold_median,0.001276595744684417,1.953125000000229
blue_stability_curve,742,309,12.23191489361702,699.2187499999999,outputs/reference_pages/fig_4_2_reference_native.png,native_pdf_rgb_threshold_median,0.001276595744684417,1.953125000000229
blue_stability_curve,743,308.5,12.23234042553191,699.4140624999999,outputs/reference_pages/fig_4_2_reference_native.png,native_pdf_rgb_threshold_median,0.001276595744684417,1.953125000000229
blue_stability_curve,744,308,12.23276595744681,699.6093749999999,outputs/reference_pages/fig_4_2_reference_native.png,native_pdf_rgb_threshold_median,0.001276595744684417,1.953125000000229
blue_stability_curve,745,307.5,12.2331914893617,699.8046874999999,outputs/reference_pages/fig_4_2_reference_native.png,native_pdf_rgb_threshold_median,0.001276595744684417,1.953125000000229
blue_stability_curve,746,307,12.2336170212766,699.9999999999999,outputs/reference_pages/fig_4_2_reference_native.png,native_pdf_rgb_threshold_median,0.001276595744684417,1.953125000000229
blue_stability_curve,747,307,12.23404255319149,699.9999999999999,outputs/reference_pages/fig_4_2_reference_native.png,native_pdf_rgb_threshold_median,0.001276595744684417,1.953125000000229
blue_stability_curve,748,306.5,12.23446808510638,700.1953124999999,outputs/reference_pages/fig_4_2_reference_native.png,native_pdf_rgb_threshold_median,0.001276595744684417,1.953125000000229
blue_stability_curve,749,306,12.23489361702128,700.3906249999999,outputs/reference_pages/fig_4_2_reference_native.png,native_pdf_rgb_threshold_median,0.001276595744684417,1.953125000000229
blue_stability_curve,750,305.5,12.23531914893617,700.5859374999999,outputs/reference_pages/fig_4_2_reference_native.png,native_pdf_rgb_threshold_median,0.001276595744684417,1.953125000000229
blue_stability_curve,751,305,12.23574468085106,700.7812499999999,outputs/reference_pages/fig_4_2_reference_native.png,native_pdf_rgb_threshold_median,0.001276595744684417,1.953125000000229
blue_stability_curve,752,304.5,12.23617021276596,700.9765624999999,outputs/reference_pages/fig_4_2_reference_native.png,native_pdf_rgb_threshold_median,0.001276595744684417,1.953125000000229
blue_stability_curve,753,304,12.23659574468085,701.1718749999999,outputs/reference_pages/fig_4_2_reference_native.png,native_pdf_rgb_threshold_median,0.001276595744684417,1.953125000000229
blue_stability_curve,754,304,12.23702127659574,701.1718749999999,outputs/reference_pages/fig_4_2_reference_native.png,native_pdf_rgb_threshold_median,0.001276595744684417,1.953125000000229
blue_stability_curve,755,303.5,12.23744680851064,701.3671874999999,outputs/reference_pages/fig_4_2_reference_native.png,native_pdf_rgb_threshold_median,0.001276595744684417,1.953125000000229
blue_stability_curve,756,303,12.23787234042553,701.5624999999999,outputs/reference_pages/fig_4_2_reference_native.png,native_pdf_rgb_threshold_median,0.001276595744684417,1.953125000000229
blue_stability_curve,757,302.5,12.23829787234042,701.7578124999999,outputs/reference_pages/fig_4_2_reference_native.png,native_pdf_rgb_threshold_median,0.001276595744684417,1.953125000000229
blue_stability_curve,758,302,12.23872340425532,701.9531249999999,outputs/reference_pages/fig_4_2_reference_native.png,native_pdf_rgb_threshold_median,0.001276595744684417,1.953125000000229
blue_stability_curve,759,301.5,12.23914893617021,702.1484374999999,outputs/reference_pages/fig_4_2_reference_native.png,native_pdf_rgb_threshold_median,0.001276595744684417,1.953125000000229
blue_stability_curve,760,301,12.23957446808511,702.3437499999999,outputs/reference_pages/fig_4_2_reference_native.png,native_pdf_rgb_threshold_median,0.001276595744684417,1.953125000000229
blue_stability_curve,761,301,12.24,702.3437499999999,outputs/reference_pages/fig_4_2_reference_native.png,native_pdf_rgb_threshold_median,0.001276595744684417,1.953125000000229
blue_stability_curve,762,300,12.24042553191489,702.7343749999999,outputs/reference_pages/fig_4_2_reference_native.png,native_pdf_rgb_threshold_median,0.001276595744684417,1.953125000000229
blue_stability_curve,763,300,12.24085106382979,702.7343749999999,outputs/reference_pages/fig_4_2_reference_native.png,native_pdf_rgb_threshold_median,0.001276595744684417,1.953125000000229
blue_stability_curve,764,299.5,12.24127659574468,702.9296874999999,outputs/reference_pages/fig_4_2_reference_native.png,native_pdf_rgb_threshold_median,0.001276595744684417,1.953125000000229
blue_stability_curve,765,299,12.24170212765957,703.1249999999999,outputs/reference_pages/fig_4_2_reference_native.png,native_pdf_rgb_threshold_median,0.001276595744684417,1.953125000000229
blue_stability_curve,766,298.5,12.24212765957447,703.3203124999999,outputs/reference_pages/fig_4_2_reference_native.png,native_pdf_rgb_threshold_median,0.001276595744684417,1.953125000000229
blue_stability_curve,767,298,12.24255319148936,703.5156249999999,outputs/reference_pages/fig_4_2_reference_native.png,native_pdf_rgb_threshold_median,0.001276595744684417,1.953125000000229
blue_stability_curve,768,297.5,12.24297872340425,703.7109374999999,outputs/reference_pages/fig_4_2_reference_native.png,native_pdf_rgb_threshold_median,0.001276595744684417,1.953125000000229
blue_stability_curve,769,297,12.24340425531915,703.9062499999999,outputs/reference_pages/fig_4_2_reference_native.png,native_pdf_rgb_threshold_median,0.001276595744684417,1.953125000000229
blue_stability_curve,770,297,12.24382978723404,703.9062499999999,outputs/reference_pages/fig_4_2_reference_native.png,native_pdf_rgb_threshold_median,0.001276595744684417,1.953125000000229
blue_stability_curve,771,296.5,12.24425531914894,704.1015624999999,outputs/reference_pages/fig_4_2_reference_native.png,native_pdf_rgb_threshold_median,0.001276595744684417,1.953125000000229
blue_stability_curve,772,296,12.24468085106383,704.2968749999999,outputs/reference_pages/fig_4_2_reference_native.png,native_pdf_rgb_threshold_median,0.001276595744684417,1.953125000000229
blue_stability_curve,773,295.5,12.24510638297872,704.4921874999999,outputs/reference_pages/fig_4_2_reference_native.png,native_pdf_rgb_threshold_median,0.001276595744684417,1.953125000000229
blue_stability_curve,774,295,12.24553191489362,704.6874999999999,outputs/reference_pages/fig_4_2_reference_native.png,native_pdf_rgb_threshold_median,0.001276595744684417,1.953125000000229
blue_stability_curve,775,294.5,12.24595744680851,704.8828124999999,outputs/reference_pages/fig_4_2_reference_native.png,native_pdf_rgb_threshold_median,0.001276595744684417,1.953125000000229
blue_stability_curve,776,294,12.2463829787234,705.0781249999999,outputs/reference_pages/fig_4_2_reference_native.png,native_pdf_rgb_threshold_median,0.001276595744684417,1.953125000000229
blue_stability_curve,777,294,12.2468085106383,705.0781249999999,outputs/reference_pages/fig_4_2_reference_native.png,native_pdf_rgb_threshold_median,0.001276595744684417,1.953125000000229
blue_stability_curve,778,293.5,12.24723404255319,705.2734374999999,outputs/reference_pages/fig_4_2_reference_native.png,native_pdf_rgb_threshold_median,0.001276595744684417,1.953125000000229
blue_stability_curve,779,293,12.24765957446808,705.4687499999999,outputs/reference_pages/fig_4_2_reference_native.png,native_pdf_rgb_threshold_median,0.001276595744684417,1.953125000000229
blue_stability_curve,780,292.5,12.24808510638298,705.6640624999999,outputs/reference_pages/fig_4_2_reference_native.png,native_pdf_rgb_threshold_median,0.001276595744684417,1.953125000000229
blue_stability_curve,781,292,12.24851063829787,705.8593749999999,outputs/reference_pages/fig_4_2_reference_native.png,native_pdf_rgb_threshold_median,0.001276595744684417,1.953125000000229
blue_stability_curve,782,291.5,12.24893617021277,706.0546874999999,outputs/reference_pages/fig_4_2_reference_native.png,native_pdf_rgb_threshold_median,0.001276595744684417,1.953125000000229
blue_stability_curve,783,291,12.24936170212766,706.2499999999999,outputs/reference_pages/fig_4_2_reference_native.png,native_pdf_rgb_threshold_median,0.001276595744684417,1.953125000000229
blue_stability_curve,784,291,12.24978723404255,706.2499999999999,outputs/reference_pages/fig_4_2_reference_native.png,native_pdf_rgb_threshold_median,0.001276595744684417,1.953125000000229
blue_stability_curve,785,290,12.25021276595745,706.6406249999999,outputs/reference_pages/fig_4_2_reference_native.png,native_pdf_rgb_threshold_median,0.001276595744684417,1.953125000000229
blue_stability_curve,786,290,12.25063829787234,706.6406249999999,outputs/reference_pages/fig_4_2_reference_native.png,native_pdf_rgb_threshold_median,0.001276595744684417,1.953125000000229
blue_stability_curve,787,289.5,12.25106382978723,706.8359374999999,outputs/reference_pages/fig_4_2_reference_native.png,native_pdf_rgb_threshold_median,0.001276595744684417,1.953125000000229
blue_stability_curve,788,289,12.25148936170213,707.0312499999999,outputs/reference_pages/fig_4_2_reference_native.png,native_pdf_rgb_threshold_median,0.001276595744684417,1.953125000000229
blue_stability_curve,789,288.5,12.25191489361702,707.2265624999999,outputs/reference_pages/fig_4_2_reference_native.png,native_pdf_rgb_threshold_median,0.001276595744684417,1.953125000000229
blue_stability_curve,790,288,12.25234042553191,707.4218749999999,outputs/reference_pages/fig_4_2_reference_native.png,native_pdf_rgb_threshold_median,0.001276595744684417,1.953125000000229
blue_stability_curve,791,287.5,12.25276595744681,707.6171874999999,outputs/reference_pages/fig_4_2_reference_native.png,native_pdf_rgb_threshold_median,0.001276595744684417,1.953125000000229
blue_stability_curve,792,287,12.2531914893617,707.8124999999999,outputs/reference_pages/fig_4_2_reference_native.png,native_pdf_rgb_threshold_median,0.001276595744684417,1.953125000000229
blue_stability_curve,793,287,12.25361702127659,707.8124999999999,outputs/reference_pages/fig_4_2_reference_native.png,native_pdf_rgb_threshold_median,0.001276595744684417,1.953125000000229
blue_stability_curve,794,286.5,12.25404255319149,708.0078124999999,outputs/reference_pages/fig_4_2_reference_native.png,native_pdf_rgb_threshold_median,0.001276595744684417,1.953125000000229
blue_stability_curve,795,286,12.25446808510638,708.2031249999999,outputs/reference_pages/fig_4_2_reference_native.png,native_pdf_rgb_threshold_median,0.001276595744684417,1.953125000000229
blue_stability_curve,796,285.5,12.25489361702128,708.3984374999999,outputs/reference_pages/fig_4_2_reference_native.png,native_pdf_rgb_threshold_median,0.001276595744684417,1.953125000000229
blue_stability_curve,797,285,12.25531914893617,708.5937499999999,outputs/reference_pages/fig_4_2_reference_native.png,native_pdf_rgb_threshold_median,0.001276595744684417,1.953125000000229
blue_stability_curve,798,284.5,12.25574468085106,708.7890624999999,outputs/reference_pages/fig_4_2_reference_native.png,native_pdf_rgb_threshold_median,0.001276595744684417,1.953125000000229
blue_stability_curve,799,284,12.25617021276596,708.9843749999999,outputs/reference_pages/fig_4_2_reference_native.png,native_pdf_rgb_threshold_median,0.001276595744684417,1.953125000000229
blue_stability_curve,800,284,12.25659574468085,708.9843749999999,outputs/reference_pages/fig_4_2_reference_native.png,native_pdf_rgb_threshold_median,0.001276595744684417,1.953125000000229
blue_stability_curve,801,283.5,12.25702127659574,709.1796874999999,outputs/reference_pages/fig_4_2_reference_native.png,native_pdf_rgb_threshold_median,0.001276595744684417,1.953125000000229
blue_stability_curve,802,283,12.25744680851064,709.3749999999999,outputs/reference_pages/fig_4_2_reference_native.png,native_pdf_rgb_threshold_median,0.001276595744684417,1.953125000000229
blue_stability_curve,803,282.5,12.25787234042553,709.5703124999999,outputs/reference_pages/fig_4_2_reference_native.png,native_pdf_rgb_threshold_median,0.001276595744684417,1.953125000000229
blue_stability_curve,804,282,12.25829787234042,709.7656249999999,outputs/reference_pages/fig_4_2_reference_native.png,native_pdf_rgb_threshold_median,0.001276595744684417,1.953125000000229
blue_stability_curve,805,281.5,12.25872340425532,709.9609374999999,outputs/reference_pages/fig_4_2_reference_native.png,native_pdf_rgb_threshold_median,0.001276595744684417,1.953125000000229
blue_stability_curve,806,281,12.25914893617021,710.1562499999999,outputs/reference_pages/fig_4_2_reference_native.png,native_pdf_rgb_threshold_median,0.001276595744684417,1.953125000000229
blue_stability_curve,807,280.5,12.25957446808511,710.3515624999999,outputs/reference_pages/fig_4_2_reference_native.png,native_pdf_rgb_threshold_median,0.001276595744684417,1.953125000000229
blue_stability_curve,808,280,12.26,710.5468749999999,outputs/reference_pages/fig_4_2_reference_native.png,native_pdf_rgb_threshold_median,0.001276595744684417,1.953125000000229
blue_stability_curve,809,280,12.26042553191489,710.5468749999999,outputs/reference_pages/fig_4_2_reference_native.png,native_pdf_rgb_threshold_median,0.001276595744684417,1.953125000000229
blue_stability_curve,810,279.5,12.26085106382979,710.7421874999999,outputs/reference_pages/fig_4_2_reference_native.png,native_pdf_rgb_threshold_median,0.001276595744684417,1.953125000000229
blue_stability_curve,811,279,12.26127659574468,710.9374999999999,outputs/reference_pages/fig_4_2_reference_native.png,native_pdf_rgb_threshold_median,0.001276595744684417,1.953125000000229
blue_stability_curve,812,278.5,12.26170212765957,711.1328124999999,outputs/reference_pages/fig_4_2_reference_native.png,native_pdf_rgb_threshold_median,0.001276595744684417,1.953125000000229
blue_stability_curve,813,278,12.26212765957447,711.3281249999999,outputs/reference_pages/fig_4_2_reference_native.png,native_pdf_rgb_threshold_median,0.001276595744684417,1.953125000000229
blue_stability_curve,814,277.5,12.26255319148936,711.5234374999999,outputs/reference_pages/fig_4_2_reference_native.png,native_pdf_rgb_threshold_median,0.001276595744684417,1.953125000000229
blue_stability_curve,815,277,12.26297872340425,711.7187499999999,outputs/reference_pages/fig_4_2_reference_native.png,native_pdf_rgb_threshold_median,0.001276595744684417,1.953125000000229
blue_stability_curve,816,277,12.26340425531915,711.7187499999999,outputs/reference_pages/fig_4_2_reference_native.png,native_pdf_rgb_threshold_median,0.001276595744684417,1.953125000000229
blue_stability_curve,817,276.5,12.26382978723404,711.9140624999999,outputs/reference_pages/fig_4_2_reference_native.png,native_pdf_rgb_threshold_median,0.001276595744684417,1.953125000000229
blue_stability_curve,818,276,12.26425531914894,712.1093749999999,outputs/reference_pages/fig_4_2_reference_native.png,native_pdf_rgb_threshold_median,0.001276595744684417,1.953125000000229
blue_stability_curve,819,275.5,12.26468085106383,712.3046874999999,outputs/reference_pages/fig_4_2_reference_native.png,native_pdf_rgb_threshold_median,0.001276595744684417,1.953125000000229
blue_stability_curve,820,275,12.26510638297872,712.4999999999999,outputs/reference_pages/fig_4_2_reference_native.png,native_pdf_rgb_threshold_median,0.001276595744684417,1.953125000000229
blue_stability_curve,821,274.5,12.26553191489362,712.6953124999999,outputs/reference_pages/fig_4_2_reference_native.png,native_pdf_rgb_threshold_median,0.001276595744684417,1.953125000000229
blue_stability_curve,822,274,12.26595744680851,712.8906249999999,outputs/reference_pages/fig_4_2_reference_native.png,native_pdf_rgb_threshold_median,0.001276595744684417,1.953125000000229
blue_stability_curve,823,274,12.2663829787234,712.8906249999999,outputs/reference_pages/fig_4_2_reference_native.png,native_pdf_rgb_threshold_median,0.001276595744684417,1.953125000000229
blue_stability_curve,824,273,12.2668085106383,713.2812499999999,outputs/reference_pages/fig_4_2_reference_native.png,native_pdf_rgb_threshold_median,0.001276595744684417,1.953125000000229
blue_stability_curve,825,273,12.26723404255319,713.2812499999999,outputs/reference_pages/fig_4_2_reference_native.png,native_pdf_rgb_threshold_median,0.001276595744684417,1.953125000000229
blue_stability_curve,826,272.5,12.26765957446808,713.4765624999999,outputs/reference_pages/fig_4_2_reference_native.png,native_pdf_rgb_threshold_median,0.001276595744684417,1.953125000000229
blue_stability_curve,827,272,12.26808510638298,713.6718749999999,outputs/reference_pages/fig_4_2_reference_native.png,native_pdf_rgb_threshold_median,0.001276595744684417,1.953125000000229
blue_stability_curve,828,271.5,12.26851063829787,713.8671874999999,outputs/reference_pages/fig_4_2_reference_native.png,native_pdf_rgb_threshold_median,0.001276595744684417,1.953125000000229
blue_stability_curve,829,271,12.26893617021276,714.0624999999999,outputs/reference_pages/fig_4_2_reference_native.png,native_pdf_rgb_threshold_median,0.001276595744684417,1.953125000000229
blue_stability_curve,830,270.5,12.26936170212766,714.2578124999999,outputs/reference_pages/fig_4_2_reference_native.png,native_pdf_rgb_threshold_median,0.001276595744684417,1.953125000000229
blue_stability_curve,831,270,12.26978723404255,714.4531249999999,outputs/reference_pages/fig_4_2_reference_native.png,native_pdf_rgb_threshold_median,0.001276595744684417,1.953125000000229
blue_stability_curve,832,270,12.27021276595745,714.4531249999999,outputs/reference_pages/fig_4_2_reference_native.png,native_pdf_rgb_threshold_median,0.001276595744684417,1.953125000000229
blue_stability_curve,833,269.5,12.27063829787234,714.6484374999999,outputs/reference_pages/fig_4_2_reference_native.png,native_pdf_rgb_threshold_median,0.001276595744684417,1.953125000000229
blue_stability_curve,834,269,12.27106382978723,714.8437499999999,outputs/reference_pages/fig_4_2_reference_native.png,native_pdf_rgb_threshold_median,0.001276595744684417,1.953125000000229
blue_stability_curve,835,268.5,12.27148936170213,715.0390624999999,outputs/reference_pages/fig_4_2_reference_native.png,native_pdf_rgb_threshold_median,0.001276595744684417,1.953125000000229
blue_stability_curve,836,268,12.27191489361702,715.2343749999999,outputs/reference_pages/fig_4_2_reference_native.png,native_pdf_rgb_threshold_median,0.001276595744684417,1.953125000000229
blue_stability_curve,837,267.5,12.27234042553192,715.4296874999999,outputs/reference_pages/fig_4_2_reference_native.png,native_pdf_rgb_threshold_median,0.001276595744684417,1.953125000000229
blue_stability_curve,838,267,12.27276595744681,715.6249999999999,outputs/reference_pages/fig_4_2_reference_native.png,native_pdf_rgb_threshold_median,0.001276595744684417,1.953125000000229
blue_stability_curve,839,267,12.2731914893617,715.6249999999999,outputs/reference_pages/fig_4_2_reference_native.png,native_pdf_rgb_threshold_median,0.001276595744684417,1.953125000000229
blue_stability_curve,840,266,12.2736170212766,716.0156249999999,outputs/reference_pages/fig_4_2_reference_native.png,native_pdf_rgb_threshold_median,0.001276595744684417,1.953125000000229
blue_stability_curve,841,266,12.27404255319149,716.0156249999999,outputs/reference_pages/fig_4_2_reference_native.png,native_pdf_rgb_threshold_median,0.001276595744684417,1.953125000000229
blue_stability_curve,842,265.5,12.27446808510638,716.2109374999999,outputs/reference_pages/fig_4_2_reference_native.png,native_pdf_rgb_threshold_median,0.001276595744684417,1.953125000000229
blue_stability_curve,843,265,12.27489361702128,716.4062499999999,outputs/reference_pages/fig_4_2_reference_native.png,native_pdf_rgb_threshold_median,0.001276595744684417,1.953125000000229
blue_stability_curve,844,264.5,12.27531914893617,716.6015624999999,outputs/reference_pages/fig_4_2_reference_native.png,native_pdf_rgb_threshold_median,0.001276595744684417,1.953125000000229
blue_stability_curve,845,264,12.27574468085106,716.7968749999999,outputs/reference_pages/fig_4_2_reference_native.png,native_pdf_rgb_threshold_median,0.001276595744684417,1.953125000000229
blue_stability_curve,846,263.5,12.27617021276596,716.9921874999999,outputs/reference_pages/fig_4_2_reference_native.png,native_pdf_rgb_threshold_median,0.001276595744684417,1.953125000000229
blue_stability_curve,847,263,12.27659574468085,717.1874999999999,outputs/reference_pages/fig_4_2_reference_native.png,native_pdf_rgb_threshold_median,0.001276595744684417,1.953125000000229
blue_stability_curve,848,263,12.27702127659574,717.1874999999999,outputs/reference_pages/fig_4_2_reference_native.png,native_pdf_rgb_threshold_median,0.001276595744684417,1.953125000000229
blue_stability_curve,849,262.5,12.27744680851064,717.3828124999999,outputs/reference_pages/fig_4_2_reference_native.png,native_pdf_rgb_threshold_median,0.001276595744684417,1.953125000000229
blue_stability_curve,850,262,12.27787234042553,717.5781249999999,outputs/reference_pages/fig_4_2_reference_native.png,native_pdf_rgb_threshold_median,0.001276595744684417,1.953125000000229
blue_stability_curve,851,261.5,12.27829787234043,717.7734374999999,outputs/reference_pages/fig_4_2_reference_native.png,native_pdf_rgb_threshold_median,0.001276595744684417,1.953125000000229
blue_stability_curve,852,261,12.27872340425532,717.9687499999999,outputs/reference_pages/fig_4_2_reference_native.png,native_pdf_rgb_threshold_median,0.001276595744684417,1.953125000000229
blue_stability_curve,853,260.5,12.27914893617021,718.1640624999999,outputs/reference_pages/fig_4_2_reference_native.png,native_pdf_rgb_threshold_median,0.001276595744684417,1.953125000000229
blue_stability_curve,854,260,12.27957446808511,718.3593749999999,outputs/reference_pages/fig_4_2_reference_native.png,native_pdf_rgb_threshold_median,0.001276595744684417,1.953125000000229
blue_stability_curve,855,260,12.28,718.3593749999999,outputs/reference_pages/fig_4_2_reference_native.png,native_pdf_rgb_threshold_median,0.001276595744684417,1.953125000000229
blue_stability_curve,856,259,12.28042553191489,718.7499999999999,outputs/reference_pages/fig_4_2_reference_native.png,native_pdf_rgb_threshold_median,0.001276595744684417,1.953125000000229
blue_stability_curve,857,259,12.28085106382979,718.7499999999999,outputs/reference_pages/fig_4_2_reference_native.png,native_pdf_rgb_threshold_median,0.001276595744684417,1.953125000000229
blue_stability_curve,858,258.5,12.28127659574468,718.9453124999999,outputs/reference_pages/fig_4_2_reference_native.png,native_pdf_rgb_threshold_median,0.001276595744684417,1.953125000000229
blue_stability_curve,859,258,12.28170212765957,719.1406249999999,outputs/reference_pages/fig_4_2_reference_native.png,native_pdf_rgb_threshold_median,0.001276595744684417,1.953125000000229
blue_stability_curve,860,257.5,12.28212765957447,719.3359374999999,outputs/reference_pages/fig_4_2_reference_native.png,native_pdf_rgb_threshold_median,0.001276595744684417,1.953125000000229
blue_stability_curve,861,257,12.28255319148936,719.5312499999999,outputs/reference_pages/fig_4_2_reference_native.png,native_pdf_rgb_threshold_median,0.001276595744684417,1.953125000000229
blue_stability_curve,862,256.5,12.28297872340426,719.7265624999999,outputs/reference_pages/fig_4_2_reference_native.png,native_pdf_rgb_threshold_median,0.001276595744684417,1.953125000000229
blue_stability_curve,863,256,12.28340425531915,719.9218749999999,outputs/reference_pages/fig_4_2_reference_native.png,native_pdf_rgb_threshold_median,0.001276595744684417,1.953125000000229
blue_stability_curve,864,256,12.28382978723404,719.9218749999999,outputs/reference_pages/fig_4_2_reference_native.png,native_pdf_rgb_threshold_median,0.001276595744684417,1.953125000000229
blue_stability_curve,865,255.5,12.28425531914894,720.1171874999999,outputs/reference_pages/fig_4_2_reference_native.png,native_pdf_rgb_threshold_median,0.001276595744684417,1.953125000000229
blue_stability_curve,866,255,12.28468085106383,720.3124999999999,outputs/reference_pages/fig_4_2_reference_native.png,native_pdf_rgb_threshold_median,0.001276595744684417,1.953125000000229
blue_stability_curve,867,254.5,12.28510638297872,720.5078124999999,outputs/reference_pages/fig_4_2_reference_native.png,native_pdf_rgb_threshold_median,0.001276595744684417,1.953125000000229
blue_stability_curve,868,254,12.28553191489362,720.7031249999999,outputs/reference_pages/fig_4_2_reference_native.png,native_pdf_rgb_threshold_median,0.001276595744684417,1.953125000000229
blue_stability_curve,869,253.5,12.28595744680851,720.8984374999999,outputs/reference_pages/fig_4_2_reference_native.png,native_pdf_rgb_threshold_median,0.001276595744684417,1.953125000000229
blue_stability_curve,870,253,12.2863829787234,721.0937499999999,outputs/reference_pages/fig_4_2_reference_native.png,native_pdf_rgb_threshold_median,0.001276595744684417,1.953125000000229
blue_stability_curve,871,253,12.2868085106383,721.0937499999999,outputs/reference_pages/fig_4_2_reference_native.png,native_pdf_rgb_threshold_median,0.001276595744684417,1.953125000000229
blue_stability_curve,872,252,12.28723404255319,721.4843749999999,outputs/reference_pages/fig_4_2_reference_native.png,native_pdf_rgb_threshold_median,0.001276595744684417,1.953125000000229
blue_stability_curve,873,252,12.28765957446809,721.4843749999999,outputs/reference_pages/fig_4_2_reference_native.png,native_pdf_rgb_threshold_median,0.001276595744684417,1.953125000000229
blue_stability_curve,874,251.5,12.28808510638298,721.6796874999999,outputs/reference_pages/fig_4_2_reference_native.png,native_pdf_rgb_threshold_median,0.001276595744684417,1.953125000000229
blue_stability_curve,875,251,12.28851063829787,721.8749999999999,outputs/reference_pages/fig_4_2_reference_native.png,native_pdf_rgb_threshold_median,0.001276595744684417,1.953125000000229
blue_stability_curve,876,250.5,12.28893617021277,722.0703124999999,outputs/reference_pages/fig_4_2_reference_native.png,native_pdf_rgb_threshold_median,0.001276595744684417,1.953125000000229
blue_stability_curve,877,250,12.28936170212766,722.2656249999999,outputs/reference_pages/fig_4_2_reference_native.png,native_pdf_rgb_threshold_median,0.001276595744684417,1.953125000000229
blue_stability_curve,878,249.5,12.28978723404255,722.4609374999999,outputs/reference_pages/fig_4_2_reference_native.png,native_pdf_rgb_threshold_median,0.001276595744684417,1.953125000000229
blue_stability_curve,879,249,12.29021276595745,722.6562499999999,outputs/reference_pages/fig_4_2_reference_native.png,native_pdf_rgb_threshold_median,0.001276595744684417,1.953125000000229
blue_stability_curve,880,249,12.29063829787234,722.6562499999999,outputs/reference_pages/fig_4_2_reference_native.png,native_pdf_rgb_threshold_median,0.001276595744684417,1.953125000000229
blue_stability_curve,881,248.5,12.29106382978723,722.8515624999999,outputs/reference_pages/fig_4_2_reference_native.png,native_pdf_rgb_threshold_median,0.001276595744684417,1.953125000000229
blue_stability_curve,882,248,12.29148936170213,723.0468749999999,outputs/reference_pages/fig_4_2_reference_native.png,native_pdf_rgb_threshold_median,0.001276595744684417,1.953125000000229
blue_stability_curve,883,247.5,12.29191489361702,723.2421874999999,outputs/reference_pages/fig_4_2_reference_native.png,native_pdf_rgb_threshold_median,0.001276595744684417,1.953125000000229
blue_stability_curve,884,247,12.29234042553191,723.4374999999999,outputs/reference_pages/fig_4_2_reference_native.png,native_pdf_rgb_threshold_median,0.001276595744684417,1.953125000000229
blue_stability_curve,885,246.5,12.29276595744681,723.6328124999999,outputs/reference_pages/fig_4_2_reference_native.png,native_pdf_rgb_threshold_median,0.001276595744684417,1.953125000000229
blue_stability_curve,886,246,12.2931914893617,723.8281249999999,outputs/reference_pages/fig_4_2_reference_native.png,native_pdf_rgb_threshold_median,0.001276595744684417,1.953125000000229
blue_stability_curve,887,246,12.2936170212766,723.8281249999999,outputs/reference_pages/fig_4_2_reference_native.png,native_pdf_rgb_threshold_median,0.001276595744684417,1.953125000000229
blue_stability_curve,888,245,12.29404255319149,724.2187499999999,outputs/reference_pages/fig_4_2_reference_native.png,native_pdf_rgb_threshold_median,0.001276595744684417,1.953125000000229
blue_stability_curve,889,245,12.29446808510638,724.2187499999999,outputs/reference_pages/fig_4_2_reference_native.png,native_pdf_rgb_threshold_median,0.001276595744684417,1.953125000000229
blue_stability_curve,890,244.5,12.29489361702128,724.4140624999999,outputs/reference_pages/fig_4_2_reference_native.png,native_pdf_rgb_threshold_median,0.001276595744684417,1.953125000000229
blue_stability_curve,891,244,12.29531914893617,724.6093749999999,outputs/reference_pages/fig_4_2_reference_native.png,native_pdf_rgb_threshold_median,0.001276595744684417,1.953125000000229
blue_stability_curve,892,243.5,12.29574468085106,724.8046874999999,outputs/reference_pages/fig_4_2_reference_native.png,native_pdf_rgb_threshold_median,0.001276595744684417,1.953125000000229
blue_stability_curve,893,243,12.29617021276596,724.9999999999999,outputs/reference_pages/fig_4_2_reference_native.png,native_pdf_rgb_threshold_median,0.001276595744684417,1.953125000000229
blue_stability_curve,894,242.5,12.29659574468085,725.1953124999999,outputs/reference_pages/fig_4_2_reference_native.png,native_pdf_rgb_threshold_median,0.001276595744684417,1.953125000000229
blue_stability_curve,895,242,12.29702127659574,725.3906249999999,outputs/reference_pages/fig_4_2_reference_native.png,native_pdf_rgb_threshold_median,0.001276595744684417,1.953125000000229
blue_stability_curve,896,242,12.29744680851064,725.3906249999999,outputs/reference_pages/fig_4_2_reference_native.png,native_pdf_rgb_threshold_median,0.001276595744684417,1.953125000000229
blue_stability_curve,897,241.5,12.29787234042553,725.5859374999999,outputs/reference_pages/fig_4_2_reference_native.png,native_pdf_rgb_threshold_median,0.001276595744684417,1.953125000000229
blue_stability_curve,898,241,12.29829787234043,725.7812499999999,outputs/reference_pages/fig_4_2_reference_native.png,native_pdf_rgb_threshold_median,0.001276595744684417,1.953125000000229
blue_stability_curve,899,240.5,12.29872340425532,725.9765624999999,outputs/reference_pages/fig_4_2_reference_native.png,native_pdf_rgb_threshold_median,0.001276595744684417,1.953125000000229
blue_stability_curve,900,240,12.29914893617021,726.1718749999999,outputs/reference_pages/fig_4_2_reference_native.png,native_pdf_rgb_threshold_median,0.001276595744684417,1.953125000000229
blue_stability_curve,901,239.5,12.29957446808511,726.3671874999999,outputs/reference_pages/fig_4_2_reference_native.png,native_pdf_rgb_threshold_median,0.001276595744684417,1.953125000000229
blue_stability_curve,902,239,12.3,726.5624999999999,outputs/reference_pages/fig_4_2_reference_native.png,native_pdf_rgb_threshold_median,0.001276595744684417,1.953125000000229
blue_stability_curve,903,239,12.30042553191489,726.5624999999999,outputs/reference_pages/fig_4_2_reference_native.png,native_pdf_rgb_threshold_median,0.001276595744684417,1.953125000000229
blue_stability_curve,904,238,12.30085106382979,726.9531249999999,outputs/reference_pages/fig_4_2_reference_native.png,native_pdf_rgb_threshold_median,0.001276595744684417,1.953125000000229
blue_stability_curve,905,238,12.30127659574468,726.9531249999999,outputs/reference_pages/fig_4_2_reference_native.png,native_pdf_rgb_threshold_median,0.001276595744684417,1.953125000000229
blue_stability_curve,906,237.5,12.30170212765957,727.1484374999999,outputs/reference_pages/fig_4_2_reference_native.png,native_pdf_rgb_threshold_median,0.001276595744684417,1.953125000000229
blue_stability_curve,907,237,12.30212765957447,727.3437499999999,outputs/reference_pages/fig_4_2_reference_native.png,native_pdf_rgb_threshold_median,0.001276595744684417,1.953125000000229
blue_stability_curve,908,236.5,12.30255319148936,727.5390624999999,outputs/reference_pages/fig_4_2_reference_native.png,native_pdf_rgb_threshold_median,0.001276595744684417,1.953125000000229
blue_stability_curve,909,236,12.30297872340426,727.7343749999999,outputs/reference_pages/fig_4_2_reference_native.png,native_pdf_rgb_threshold_median,0.001276595744684417,1.953125000000229
blue_stability_curve,910,235.5,12.30340425531915,727.9296874999999,outputs/reference_pages/fig_4_2_reference_native.png,native_pdf_rgb_threshold_median,0.001276595744684417,1.953125000000229
blue_stability_curve,911,235,12.30382978723404,728.1249999999999,outputs/reference_pages/fig_4_2_reference_native.png,native_pdf_rgb_threshold_median,0.001276595744684417,1.953125000000229
blue_stability_curve,912,235,12.30425531914894,728.1249999999999,outputs/reference_pages/fig_4_2_reference_native.png,native_pdf_rgb_threshold_median,0.001276595744684417,1.953125000000229
blue_stability_curve,913,234.5,12.30468085106383,728.3203124999999,outputs/reference_pages/fig_4_2_reference_native.png,native_pdf_rgb_threshold_median,0.001276595744684417,1.953125000000229
blue_stability_curve,914,234,12.30510638297872,728.5156249999999,outputs/reference_pages/fig_4_2_reference_native.png,native_pdf_rgb_threshold_median,0.001276595744684417,1.953125000000229
blue_stability_curve,915,233.5,12.30553191489362,728.7109374999999,outputs/reference_pages/fig_4_2_reference_native.png,native_pdf_rgb_threshold_median,0.001276595744684417,1.953125000000229
blue_stability_curve,916,233,12.30595744680851,728.9062499999999,outputs/reference_pages/fig_4_2_reference_native.png,native_pdf_rgb_threshold_median,0.001276595744684417,1.953125000000229
blue_stability_curve,917,232.5,12.3063829787234,729.1015624999999,outputs/reference_pages/fig_4_2_reference_native.png,native_pdf_rgb_threshold_median,0.001276595744684417,1.953125000000229
blue_stability_curve,918,232,12.3068085106383,729.2968749999999,outputs/reference_pages/fig_4_2_reference_native.png,native_pdf_rgb_threshold_median,0.001276595744684417,1.953125000000229
blue_stability_curve,919,232,12.30723404255319,729.2968749999999,outputs/reference_pages/fig_4_2_reference_native.png,native_pdf_rgb_threshold_median,0.001276595744684417,1.953125000000229
blue_stability_curve,920,231,12.30765957446808,729.6874999999999,outputs/reference_pages/fig_4_2_reference_native.png,native_pdf_rgb_threshold_median,0.001276595744684417,1.953125000000229
blue_stability_curve,921,231,12.30808510638298,729.6874999999999,outputs/reference_pages/fig_4_2_reference_native.png,native_pdf_rgb_threshold_median,0.001276595744684417,1.953125000000229
blue_stability_curve,922,230.5,12.30851063829787,729.8828124999999,outputs/reference_pages/fig_4_2_reference_native.png,native_pdf_rgb_threshold_median,0.001276595744684417,1.953125000000229
blue_stability_curve,923,230,12.30893617021277,730.0781249999999,outputs/reference_pages/fig_4_2_reference_native.png,native_pdf_rgb_threshold_median,0.001276595744684417,1.953125000000229
blue_stability_curve,924,229.5,12.30936170212766,730.2734374999999,outputs/reference_pages/fig_4_2_reference_native.png,native_pdf_rgb_threshold_median,0.001276595744684417,1.953125000000229
blue_stability_curve,925,229,12.30978723404255,730.4687499999999,outputs/reference_pages/fig_4_2_reference_native.png,native_pdf_rgb_threshold_median,0.001276595744684417,1.953125000000229
blue_stability_curve,926,228.5,12.31021276595745,730.6640624999999,outputs/reference_pages/fig_4_2_reference_native.png,native_pdf_rgb_threshold_median,0.001276595744684417,1.953125000000229
blue_stability_curve,927,228,12.31063829787234,730.8593749999999,outputs/reference_pages/fig_4_2_reference_native.png,native_pdf_rgb_threshold_median,0.001276595744684417,1.953125000000229
blue_stability_curve,928,228,12.31106382978723,730.8593749999999,outputs/reference_pages/fig_4_2_reference_native.png,native_pdf_rgb_threshold_median,0.001276595744684417,1.953125000000229
blue_stability_curve,929,227.5,12.31148936170213,731.0546874999999,outputs/reference_pages/fig_4_2_reference_native.png,native_pdf_rgb_threshold_median,0.001276595744684417,1.953125000000229
blue_stability_curve,930,227,12.31191489361702,731.2499999999999,outputs/reference_pages/fig_4_2_reference_native.png,native_pdf_rgb_threshold_median,0.001276595744684417,1.953125000000229
blue_stability_curve,931,226.5,12.31234042553191,731.4453124999999,outputs/reference_pages/fig_4_2_reference_native.png,native_pdf_rgb_threshold_median,0.001276595744684417,1.953125000000229
blue_stability_curve,932,226,12.31276595744681,731.6406249999999,outputs/reference_pages/fig_4_2_reference_native.png,native_pdf_rgb_threshold_median,0.001276595744684417,1.953125000000229
blue_stability_curve,933,225.5,12.3131914893617,731.8359374999999,outputs/reference_pages/fig_4_2_reference_native.png,native_pdf_rgb_threshold_median,0.001276595744684417,1.953125000000229
blue_stability_curve,934,225,12.3136170212766,732.0312499999999,outputs/reference_pages/fig_4_2_reference_native.png,native_pdf_rgb_threshold_median,0.001276595744684417,1.953125000000229
blue_stability_curve,935,225,12.31404255319149,732.0312499999999,outputs/reference_pages/fig_4_2_reference_native.png,native_pdf_rgb_threshold_median,0.001276595744684417,1.953125000000229
blue_stability_curve,936,224.5,12.31446808510638,732.2265624999999,outputs/reference_pages/fig_4_2_reference_native.png,native_pdf_rgb_threshold_median,0.001276595744684417,1.953125000000229
blue_stability_curve,937,224,12.31489361702128,732.4218749999999,outputs/reference_pages/fig_4_2_reference_native.png,native_pdf_rgb_threshold_median,0.001276595744684417,1.953125000000229
blue_stability_curve,938,223.5,12.31531914893617,732.6171874999999,outputs/reference_pages/fig_4_2_reference_native.png,native_pdf_rgb_threshold_median,0.001276595744684417,1.953125000000229
blue_stability_curve,939,223,12.31574468085106,732.8124999999999,outputs/reference_pages/fig_4_2_reference_native.png,native_pdf_rgb_threshold_median,0.001276595744684417,1.953125000000229
blue_stability_curve,940,222.5,12.31617021276596,733.0078124999999,outputs/reference_pages/fig_4_2_reference_native.png,native_pdf_rgb_threshold_median,0.001276595744684417,1.953125000000229
blue_stability_curve,941,222,12.31659574468085,733.2031249999999,outputs/reference_pages/fig_4_2_reference_native.png,native_pdf_rgb_threshold_median,0.001276595744684417,1.953125000000229
blue_stability_curve,942,221.5,12.31702127659574,733.3984374999999,outputs/reference_pages/fig_4_2_reference_native.png,native_pdf_rgb_threshold_median,0.001276595744684417,1.953125000000229
blue_stability_curve,943,221,12.31744680851064,733.5937499999999,outputs/reference_pages/fig_4_2_reference_native.png,native_pdf_rgb_threshold_median,0.001276595744684417,1.953125000000229
blue_stability_curve,944,221,12.31787234042553,733.5937499999999,outputs/reference_pages/fig_4_2_reference_native.png,native_pdf_rgb_threshold_median,0.001276595744684417,1.953125000000229
blue_stability_curve,945,220.5,12.31829787234043,733.7890624999999,outputs/reference_pages/fig_4_2_reference_native.png,native_pdf_rgb_threshold_median,0.001276595744684417,1.953125000000229
blue_stability_curve,946,220,12.31872340425532,733.9843749999999,outputs/reference_pages/fig_4_2_reference_native.png,native_pdf_rgb_threshold_median,0.001276595744684417,1.953125000000229
blue_stability_curve,947,219.5,12.31914893617021,734.1796874999999,outputs/reference_pages/fig_4_2_reference_native.png,native_pdf_rgb_threshold_median,0.001276595744684417,1.953125000000229
blue_stability_curve,948,219,12.31957446808511,734.3749999999999,outputs/reference_pages/fig_4_2_reference_native.png,native_pdf_rgb_threshold_median,0.001276595744684417,1.953125000000229
blue_stability_curve,949,218.5,12.32,734.5703124999999,outputs/reference_pages/fig_4_2_reference_native.png,native_pdf_rgb_threshold_median,0.001276595744684417,1.953125000000229
blue_stability_curve,950,218,12.32042553191489,734.7656249999999,outputs/reference_pages/fig_4_2_reference_native.png,native_pdf_rgb_threshold_median,0.001276595744684417,1.953125000000229
blue_stability_curve,951,218,12.32085106382979,734.7656249999999,outputs/reference_pages/fig_4_2_reference_native.png,native_pdf_rgb_threshold_median,0.001276595744684417,1.953125000000229
blue_stability_curve,952,217.5,12.32127659574468,734.9609374999999,outputs/reference_pages/fig_4_2_reference_native.png,native_pdf_rgb_threshold_median,0.001276595744684417,1.953125000000229
blue_stability_curve,953,217,12.32170212765957,735.1562499999999,outputs/reference_pages/fig_4_2_reference_native.png,native_pdf_rgb_threshold_median,0.001276595744684417,1.953125000000229
blue_stability_curve,954,216.5,12.32212765957447,735.3515624999999,outputs/reference_pages/fig_4_2_reference_native.png,native_pdf_rgb_threshold_median,0.001276595744684417,1.953125000000229
blue_stability_curve,955,216,12.32255319148936,735.5468749999999,outputs/reference_pages/fig_4_2_reference_native.png,native_pdf_rgb_threshold_median,0.001276595744684417,1.953125000000229
blue_stability_curve,956,215.5,12.32297872340425,735.7421874999999,outputs/reference_pages/fig_4_2_reference_native.png,native_pdf_rgb_threshold_median,0.001276595744684417,1.953125000000229
blue_stability_curve,957,215,12.32340425531915,735.9374999999999,outputs/reference_pages/fig_4_2_reference_native.png,native_pdf_rgb_threshold_median,0.001276595744684417,1.953125000000229
blue_stability_curve,958,214.5,12.32382978723404,736.1328124999999,outputs/reference_pages/fig_4_2_reference_native.png,native_pdf_rgb_threshold_median,0.001276595744684417,1.953125000000229
blue_stability_curve,959,214,12.32425531914894,736.3281249999999,outputs/reference_pages/fig_4_2_reference_native.png,native_pdf_rgb_threshold_median,0.001276595744684417,1.953125000000229
blue_stability_curve,960,214,12.32468085106383,736.3281249999999,outputs/reference_pages/fig_4_2_reference_native.png,native_pdf_rgb_threshold_median,0.001276595744684417,1.953125000000229
blue_stability_curve,961,213.5,12.32510638297872,736.5234374999999,outputs/reference_pages/fig_4_2_reference_native.png,native_pdf_rgb_threshold_median,0.001276595744684417,1.953125000000229
blue_stability_curve,962,213,12.32553191489362,736.7187499999999,outputs/reference_pages/fig_4_2_reference_native.png,native_pdf_rgb_threshold_median,0.001276595744684417,1.953125000000229
blue_stability_curve,963,212.5,12.32595744680851,736.9140624999999,outputs/reference_pages/fig_4_2_reference_native.png,native_pdf_rgb_threshold_median,0.001276595744684417,1.953125000000229
blue_stability_curve,964,212,12.32638297872341,737.1093749999999,outputs/reference_pages/fig_4_2_reference_native.png,native_pdf_rgb_threshold_median,0.001276595744684417,1.953125000000229
blue_stability_curve,965,211.5,12.3268085106383,737.3046874999999,outputs/reference_pages/fig_4_2_reference_native.png,native_pdf_rgb_threshold_median,0.001276595744684417,1.953125000000229
blue_stability_curve,966,211,12.32723404255319,737.4999999999999,outputs/reference_pages/fig_4_2_reference_native.png,native_pdf_rgb_threshold_median,0.001276595744684417,1.953125000000229
blue_stability_curve,967,211,12.32765957446809,737.4999999999999,outputs/reference_pages/fig_4_2_reference_native.png,native_pdf_rgb_threshold_median,0.001276595744684417,1.953125000000229
blue_stability_curve,968,210.5,12.32808510638298,737.6953124999999,outputs/reference_pages/fig_4_2_reference_native.png,native_pdf_rgb_threshold_median,0.001276595744684417,1.953125000000229
blue_stability_curve,969,210,12.32851063829787,737.8906249999999,outputs/reference_pages/fig_4_2_reference_native.png,native_pdf_rgb_threshold_median,0.001276595744684417,1.953125000000229
blue_stability_curve,970,209.5,12.32893617021277,738.0859374999999,outputs/reference_pages/fig_4_2_reference_native.png,native_pdf_rgb_threshold_median,0.001276595744684417,1.953125000000229
blue_stability_curve,971,209,12.32936170212766,738.2812499999999,outputs/reference_pages/fig_4_2_reference_native.png,native_pdf_rgb_threshold_median,0.001276595744684417,1.953125000000229
blue_stability_curve,972,208.5,12.32978723404255,738.4765624999999,outputs/reference_pages/fig_4_2_reference_native.png,native_pdf_rgb_threshold_median,0.001276595744684417,1.953125000000229
blue_stability_curve,973,208,12.33021276595745,738.6718749999999,outputs/reference_pages/fig_4_2_reference_native.png,native_pdf_rgb_threshold_median,0.001276595744684417,1.953125000000229
blue_stability_curve,974,207.5,12.33063829787234,738.8671874999999,outputs/reference_pages/fig_4_2_reference_native.png,native_pdf_rgb_threshold_median,0.001276595744684417,1.953125000000229
blue_stability_curve,975,207,12.33106382978723,739.0624999999999,outputs/reference_pages/fig_4_2_reference_native.png,native_pdf_rgb_threshold_median,0.001276595744684417,1.953125000000229
blue_stability_curve,976,207,12.33148936170213,739.0624999999999,outputs/reference_pages/fig_4_2_reference_native.png,native_pdf_rgb_threshold_median,0.001276595744684417,1.953125000000229
blue_stability_curve,977,206.5,12.33191489361702,739.2578124999999,outputs/reference_pages/fig_4_2_reference_native.png,native_pdf_rgb_threshold_median,0.001276595744684417,1.953125000000229
blue_stability_curve,978,206,12.33234042553192,739.4531249999999,outputs/reference_pages/fig_4_2_reference_native.png,native_pdf_rgb_threshold_median,0.001276595744684417,1.953125000000229
blue_stability_curve,979,205.5,12.33276595744681,739.6484374999999,outputs/reference_pages/fig_4_2_reference_native.png,native_pdf_rgb_threshold_median,0.001276595744684417,1.953125000000229
blue_stability_curve,980,205,12.3331914893617,739.8437499999999,outputs/reference_pages/fig_4_2_reference_native.png,native_pdf_rgb_threshold_median,0.001276595744684417,1.953125000000229
blue_stability_curve,981,204.5,12.3336170212766,740.0390624999999,outputs/reference_pages/fig_4_2_reference_native.png,native_pdf_rgb_threshold_median,0.001276595744684417,1.953125000000229
blue_stability_curve,982,204,12.33404255319149,740.2343749999999,outputs/reference_pages/fig_4_2_reference_native.png,native_pdf_rgb_threshold_median,0.001276595744684417,1.953125000000229
blue_stability_curve,983,204,12.33446808510638,740.2343749999999,outputs/reference_pages/fig_4_2_reference_native.png,native_pdf_rgb_threshold_median,0.001276595744684417,1.953125000000229
blue_stability_curve,984,203.5,12.33489361702128,740.4296874999999,outputs/reference_pages/fig_4_2_reference_native.png,native_pdf_rgb_threshold_median,0.001276595744684417,1.953125000000229
blue_stability_curve,985,203,12.33531914893617,740.6249999999999,outputs/reference_pages/fig_4_2_reference_native.png,native_pdf_rgb_threshold_median,0.001276595744684417,1.953125000000229
blue_stability_curve,986,202.5,12.33574468085106,740.8203124999999,outputs/reference_pages/fig_4_2_reference_native.png,native_pdf_rgb_threshold_median,0.001276595744684417,1.953125000000229
blue_stability_curve,987,202,12.33617021276596,741.0156249999999,outputs/reference_pages/fig_4_2_reference_native.png,native_pdf_rgb_threshold_median,0.001276595744684417,1.953125000000229
blue_stability_curve,988,201.5,12.33659574468085,741.2109374999999,outputs/reference_pages/fig_4_2_reference_native.png,native_pdf_rgb_threshold_median,0.001276595744684417,1.953125000000229
blue_stability_curve,989,201,12.33702127659575,741.4062499999999,outputs/reference_pages/fig_4_2_reference_native.png,native_pdf_rgb_threshold_median,0.001276595744684417,1.953125000000229
blue_stability_curve,990,201,12.33744680851064,741.4062499999999,outputs/reference_pages/fig_4_2_reference_native.png,native_pdf_rgb_threshold_median,0.001276595744684417,1.953125000000229
blue_stability_curve,991,200,12.33787234042553,741.7968749999999,outputs/reference_pages/fig_4_2_reference_native.png,native_pdf_rgb_threshold_median,0.001276595744684417,1.953125000000229
blue_stability_curve,992,200,12.33829787234043,741.7968749999999,outputs/reference_pages/fig_4_2_reference_native.png,native_pdf_rgb_threshold_median,0.001276595744684417,1.953125000000229
blue_stability_curve,993,199.5,12.33872340425532,741.9921874999999,outputs/reference_pages/fig_4_2_reference_native.png,native_pdf_rgb_threshold_median,0.001276595744684417,1.953125000000229
blue_stability_curve,994,199,12.33914893617021,742.1874999999999,outputs/reference_pages/fig_4_2_reference_native.png,native_pdf_rgb_threshold_median,0.001276595744684417,1.953125000000229
blue_stability_curve,995,198.5,12.33957446808511,742.3828124999999,outputs/reference_pages/fig_4_2_reference_native.png,native_pdf_rgb_threshold_median,0.001276595744684417,1.953125000000229
blue_stability_curve,996,198,12.34,742.5781249999999,outputs/reference_pages/fig_4_2_reference_native.png,native_pdf_rgb_threshold_median,0.001276595744684417,1.953125000000229
blue_stability_curve,997,197.5,12.34042553191489,742.7734374999999,outputs/reference_pages/fig_4_2_reference_native.png,native_pdf_rgb_threshold_median,0.001276595744684417,1.953125000000229
blue_stability_curve,998,197,12.34085106382979,742.9687499999999,outputs/reference_pages/fig_4_2_reference_native.png,native_pdf_rgb_threshold_median,0.001276595744684417,1.953125000000229
blue_stability_curve,999,197,12.34127659574468,742.9687499999999,outputs/reference_pages/fig_4_2_reference_native.png,native_pdf_rgb_threshold_median,0.001276595744684417,1.953125000000229
blue_stability_curve,1000,196.5,12.34170212765958,743.1640624999999,outputs/reference_pages/fig_4_2_reference_native.png,native_pdf_rgb_threshold_median,0.001276595744684417,1.953125000000229
blue_stability_curve,1001,196,12.34212765957447,743.3593749999999,outputs/reference_pages/fig_4_2_reference_native.png,native_pdf_rgb_threshold_median,0.001276595744684417,1.953125000000229
blue_stability_curve,1002,195.5,12.34255319148936,743.5546874999999,outputs/reference_pages/fig_4_2_reference_native.png,native_pdf_rgb_threshold_median,0.001276595744684417,1.953125000000229
blue_stability_curve,1003,195,12.34297872340426,743.7499999999999,outputs/reference_pages/fig_4_2_reference_native.png,native_pdf_rgb_threshold_median,0.001276595744684417,1.953125000000229
blue_stability_curve,1004,194.5,12.34340425531915,743.9453124999999,outputs/reference_pages/fig_4_2_reference_native.png,native_pdf_rgb_threshold_median,0.001276595744684417,1.953125000000229
blue_stability_curve,1005,194,12.34382978723404,744.1406249999999,outputs/reference_pages/fig_4_2_reference_native.png,native_pdf_rgb_threshold_median,0.001276595744684417,1.953125000000229
blue_stability_curve,1006,194,12.34425531914894,744.1406249999999,outputs/reference_pages/fig_4_2_reference_native.png,native_pdf_rgb_threshold_median,0.001276595744684417,1.953125000000229
blue_stability_curve,1007,193,12.34468085106383,744.5312499999999,outputs/reference_pages/fig_4_2_reference_native.png,native_pdf_rgb_threshold_median,0.001276595744684417,1.953125000000229
blue_stability_curve,1008,193,12.34510638297872,744.5312499999999,outputs/reference_pages/fig_4_2_reference_native.png,native_pdf_rgb_threshold_median,0.001276595744684417,1.953125000000229
blue_stability_curve,1009,192.5,12.34553191489362,744.7265624999999,outputs/reference_pages/fig_4_2_reference_native.png,native_pdf_rgb_threshold_median,0.001276595744684417,1.953125000000229
blue_stability_curve,1010,192,12.34595744680851,744.9218749999999,outputs/reference_pages/fig_4_2_reference_native.png,native_pdf_rgb_threshold_median,0.001276595744684417,1.953125000000229
blue_stability_curve,1011,191.5,12.3463829787234,745.1171874999999,outputs/reference_pages/fig_4_2_reference_native.png,native_pdf_rgb_threshold_median,0.001276595744684417,1.953125000000229
blue_stability_curve,1012,191,12.3468085106383,745.3124999999999,outputs/reference_pages/fig_4_2_reference_native.png,native_pdf_rgb_threshold_median,0.001276595744684417,1.953125000000229
blue_stability_curve,1013,190.5,12.34723404255319,745.5078124999999,outputs/reference_pages/fig_4_2_reference_native.png,native_pdf_rgb_threshold_median,0.001276595744684417,1.953125000000229
blue_stability_curve,1014,190,12.34765957446809,745.7031249999999,outputs/reference_pages/fig_4_2_reference_native.png,native_pdf_rgb_threshold_median,0.001276595744684417,1.953125000000229
blue_stability_curve,1015,190,12.34808510638298,745.7031249999999,outputs/reference_pages/fig_4_2_reference_native.png,native_pdf_rgb_threshold_median,0.001276595744684417,1.953125000000229
blue_stability_curve,1016,189.5,12.34851063829787,745.8984374999999,outputs/reference_pages/fig_4_2_reference_native.png,native_pdf_rgb_threshold_median,0.001276595744684417,1.953125000000229
blue_stability_curve,1017,189,12.34893617021277,746.0937499999999,outputs/reference_pages/fig_4_2_reference_native.png,native_pdf_rgb_threshold_median,0.001276595744684417,1.953125000000229
blue_stability_curve,1018,188.5,12.34936170212766,746.2890624999999,outputs/reference_pages/fig_4_2_reference_native.png,native_pdf_rgb_threshold_median,0.001276595744684417,1.953125000000229
blue_stability_curve,1019,188,12.34978723404255,746.4843749999999,outputs/reference_pages/fig_4_2_reference_native.png,native_pdf_rgb_threshold_median,0.001276595744684417,1.953125000000229
blue_stability_curve,1020,187.5,12.35021276595745,746.6796874999999,outputs/reference_pages/fig_4_2_reference_native.png,native_pdf_rgb_threshold_median,0.001276595744684417,1.953125000000229
blue_stability_curve,1021,187,12.35063829787234,746.8749999999999,outputs/reference_pages/fig_4_2_reference_native.png,native_pdf_rgb_threshold_median,0.001276595744684417,1.953125000000229
blue_stability_curve,1022,187,12.35106382978723,746.8749999999999,outputs/reference_pages/fig_4_2_reference_native.png,native_pdf_rgb_threshold_median,0.001276595744684417,1.953125000000229
blue_stability_curve,1023,186.5,12.35148936170213,747.0703124999999,outputs/reference_pages/fig_4_2_reference_native.png,native_pdf_rgb_threshold_median,0.001276595744684417,1.953125000000229
blue_stability_curve,1024,186,12.35191489361702,747.2656249999999,outputs/reference_pages/fig_4_2_reference_native.png,native_pdf_rgb_threshold_median,0.001276595744684417,1.953125000000229
blue_stability_curve,1025,185.5,12.35234042553192,747.4609374999999,outputs/reference_pages/fig_4_2_reference_native.png,native_pdf_rgb_threshold_median,0.001276595744684417,1.953125000000229
blue_stability_curve,1026,185,12.35276595744681,747.6562499999999,outputs/reference_pages/fig_4_2_reference_native.png,native_pdf_rgb_threshold_median,0.001276595744684417,1.953125000000229
blue_stability_curve,1027,184.5,12.3531914893617,747.8515624999999,outputs/reference_pages/fig_4_2_reference_native.png,native_pdf_rgb_threshold_median,0.001276595744684417,1.953125000000229
blue_stability_curve,1028,184,12.3536170212766,748.0468749999999,outputs/reference_pages/fig_4_2_reference_native.png,native_pdf_rgb_threshold_median,0.001276595744684417,1.953125000000229
blue_stability_curve,1029,183.5,12.35404255319149,748.2421874999999,outputs/reference_pages/fig_4_2_reference_native.png,native_pdf_rgb_threshold_median,0.001276595744684417,1.953125000000229
blue_stability_curve,1030,183,12.35446808510638,748.4374999999999,outputs/reference_pages/fig_4_2_reference_native.png,native_pdf_rgb_threshold_median,0.001276595744684417,1.953125000000229
blue_stability_curve,1031,183,12.35489361702128,748.4374999999999,outputs/reference_pages/fig_4_2_reference_native.png,native_pdf_rgb_threshold_median,0.001276595744684417,1.953125000000229
blue_stability_curve,1032,182.5,12.35531914893617,748.6328124999999,outputs/reference_pages/fig_4_2_reference_native.png,native_pdf_rgb_threshold_median,0.001276595744684417,1.953125000000229
blue_stability_curve,1033,182,12.35574468085106,748.8281249999999,outputs/reference_pages/fig_4_2_reference_native.png,native_pdf_rgb_threshold_median,0.001276595744684417,1.953125000000229
blue_stability_curve,1034,181.5,12.35617021276596,749.0234374999999,outputs/reference_pages/fig_4_2_reference_native.png,native_pdf_rgb_threshold_median,0.001276595744684417,1.953125000000229
blue_stability_curve,1035,181,12.35659574468085,749.2187499999999,outputs/reference_pages/fig_4_2_reference_native.png,native_pdf_rgb_threshold_median,0.001276595744684417,1.953125000000229
blue_stability_curve,1036,180.5,12.35702127659575,749.4140624999999,outputs/reference_pages/fig_4_2_reference_native.png,native_pdf_rgb_threshold_median,0.001276595744684417,1.953125000000229
blue_stability_curve,1037,180,12.35744680851064,749.6093749999999,outputs/reference_pages/fig_4_2_reference_native.png,native_pdf_rgb_threshold_median,0.001276595744684417,1.953125000000229
blue_stability_curve,1038,180,12.35787234042553,749.6093749999999,outputs/reference_pages/fig_4_2_reference_native.png,native_pdf_rgb_threshold_median,0.001276595744684417,1.953125000000229
blue_stability_curve,1039,179.5,12.35829787234043,749.8046874999999,outputs/reference_pages/fig_4_2_reference_native.png,native_pdf_rgb_threshold_median,0.001276595744684417,1.953125000000229
blue_stability_curve,1040,179,12.35872340425532,749.9999999999999,outputs/reference_pages/fig_4_2_reference_native.png,native_pdf_rgb_threshold_median,0.001276595744684417,1.953125000000229
blue_stability_curve,1041,178.5,12.35914893617021,750.1953124999999,outputs/reference_pages/fig_4_2_reference_native.png,native_pdf_rgb_threshold_median,0.001276595744684417,1.953125000000229
blue_stability_curve,1042,178,12.35957446808511,750.3906249999999,outputs/reference_pages/fig_4_2_reference_native.png,native_pdf_rgb_threshold_median,0.001276595744684417,1.953125000000229
blue_stability_curve,1043,177.5,12.36,750.5859374999999,outputs/reference_pages/fig_4_2_reference_native.png,native_pdf_rgb_threshold_median,0.001276595744684417,1.953125000000229
blue_stability_curve,1044,177,12.36042553191489,750.7812499999999,outputs/reference_pages/fig_4_2_reference_native.png,native_pdf_rgb_threshold_median,0.001276595744684417,1.953125000000229
blue_stability_curve,1045,177,12.36085106382979,750.7812499999999,outputs/reference_pages/fig_4_2_reference_native.png,native_pdf_rgb_threshold_median,0.001276595744684417,1.953125000000229
blue_stability_curve,1046,176,12.36127659574468,751.1718749999999,outputs/reference_pages/fig_4_2_reference_native.png,native_pdf_rgb_threshold_median,0.001276595744684417,1.953125000000229
blue_stability_curve,1047,176,12.36170212765957,751.1718749999999,outputs/reference_pages/fig_4_2_reference_native.png,native_pdf_rgb_threshold_median,0.001276595744684417,1.953125000000229
blue_stability_curve,1048,175.5,12.36212765957447,751.3671874999999,outputs/reference_pages/fig_4_2_reference_native.png,native_pdf_rgb_threshold_median,0.001276595744684417,1.953125000000229
blue_stability_curve,1049,175,12.36255319148936,751.5624999999999,outputs/reference_pages/fig_4_2_reference_native.png,native_pdf_rgb_threshold_median,0.001276595744684417,1.953125000000229
blue_stability_curve,1050,174.5,12.36297872340426,751.7578124999999,outputs/reference_pages/fig_4_2_reference_native.png,native_pdf_rgb_threshold_median,0.001276595744684417,1.953125000000229
blue_stability_curve,1051,174,12.36340425531915,751.9531249999999,outputs/reference_pages/fig_4_2_reference_native.png,native_pdf_rgb_threshold_median,0.001276595744684417,1.953125000000229
blue_stability_curve,1052,173.5,12.36382978723404,752.1484374999999,outputs/reference_pages/fig_4_2_reference_native.png,native_pdf_rgb_threshold_median,0.001276595744684417,1.953125000000229
blue_stability_curve,1053,173,12.36425531914894,752.3437499999999,outputs/reference_pages/fig_4_2_reference_native.png,native_pdf_rgb_threshold_median,0.001276595744684417,1.953125000000229
blue_stability_curve,1054,173,12.36468085106383,752.3437499999999,outputs/reference_pages/fig_4_2_reference_native.png,native_pdf_rgb_threshold_median,0.001276595744684417,1.953125000000229
blue_stability_curve,1055,172.5,12.36510638297872,752.5390624999999,outputs/reference_pages/fig_4_2_reference_native.png,native_pdf_rgb_threshold_median,0.001276595744684417,1.953125000000229
blue_stability_curve,1056,172,12.36553191489362,752.7343749999999,outputs/reference_pages/fig_4_2_reference_native.png,native_pdf_rgb_threshold_median,0.001276595744684417,1.953125000000229
blue_stability_curve,1057,171.5,12.36595744680851,752.9296874999999,outputs/reference_pages/fig_4_2_reference_native.png,native_pdf_rgb_threshold_median,0.001276595744684417,1.953125000000229
blue_stability_curve,1058,171,12.3663829787234,753.1249999999999,outputs/reference_pages/fig_4_2_reference_native.png,native_pdf_rgb_threshold_median,0.001276595744684417,1.953125000000229
blue_stability_curve,1059,170.5,12.3668085106383,753.3203124999999,outputs/reference_pages/fig_4_2_reference_native.png,native_pdf_rgb_threshold_median,0.001276595744684417,1.953125000000229
blue_stability_curve,1060,170,12.36723404255319,753.5156249999999,outputs/reference_pages/fig_4_2_reference_native.png,native_pdf_rgb_threshold_median,0.001276595744684417,1.953125000000229
blue_stability_curve,1061,170,12.36765957446809,753.5156249999999,outputs/reference_pages/fig_4_2_reference_native.png,native_pdf_rgb_threshold_median,0.001276595744684417,1.953125000000229
blue_stability_curve,1062,169.5,12.36808510638298,753.7109374999999,outputs/reference_pages/fig_4_2_reference_native.png,native_pdf_rgb_threshold_median,0.001276595744684417,1.953125000000229
blue_stability_curve,1063,169,12.36851063829787,753.9062499999999,outputs/reference_pages/fig_4_2_reference_native.png,native_pdf_rgb_threshold_median,0.001276595744684417,1.953125000000229
blue_stability_curve,1064,168.5,12.36893617021277,754.1015624999999,outputs/reference_pages/fig_4_2_reference_native.png,native_pdf_rgb_threshold_median,0.001276595744684417,1.953125000000229
blue_stability_curve,1065,168,12.36936170212766,754.2968749999999,outputs/reference_pages/fig_4_2_reference_native.png,native_pdf_rgb_threshold_median,0.001276595744684417,1.953125000000229
blue_stability_curve,1066,167.5,12.36978723404255,754.4921874999999,outputs/reference_pages/fig_4_2_reference_native.png,native_pdf_rgb_threshold_median,0.001276595744684417,1.953125000000229
blue_stability_curve,1067,167,12.37021276595745,754.6874999999999,outputs/reference_pages/fig_4_2_reference_native.png,native_pdf_rgb_threshold_median,0.001276595744684417,1.953125000000229
blue_stability_curve,1068,167,12.37063829787234,754.6874999999999,outputs/reference_pages/fig_4_2_reference_native.png,native_pdf_rgb_threshold_median,0.001276595744684417,1.953125000000229
blue_stability_curve,1069,166,12.37106382978723,755.0781249999999,outputs/reference_pages/fig_4_2_reference_native.png,native_pdf_rgb_threshold_median,0.001276595744684417,1.953125000000229
blue_stability_curve,1070,166,12.37148936170213,755.0781249999999,outputs/reference_pages/fig_4_2_reference_native.png,native_pdf_rgb_threshold_median,0.001276595744684417,1.953125000000229
blue_stability_curve,1071,165.5,12.37191489361702,755.2734374999999,outputs/reference_pages/fig_4_2_reference_native.png,native_pdf_rgb_threshold_median,0.001276595744684417,1.953125000000229
blue_stability_curve,1072,165,12.37234042553191,755.4687499999999,outputs/reference_pages/fig_4_2_reference_native.png,native_pdf_rgb_threshold_median,0.001276595744684417,1.953125000000229
blue_stability_curve,1073,164.5,12.37276595744681,755.6640625,outputs/reference_pages/fig_4_2_reference_native.png,native_pdf_rgb_threshold_median,0.001276595744684417,1.953125000000229
blue_stability_curve,1074,164,12.3731914893617,755.859375,outputs/reference_pages/fig_4_2_reference_native.png,native_pdf_rgb_threshold_median,0.001276595744684417,1.953125000000229
blue_stability_curve,1075,163.5,12.3736170212766,756.0546874999999,outputs/reference_pages/fig_4_2_reference_native.png,native_pdf_rgb_threshold_median,0.001276595744684417,1.953125000000229
blue_stability_curve,1076,163,12.37404255319149,756.2499999999999,outputs/reference_pages/fig_4_2_reference_native.png,native_pdf_rgb_threshold_median,0.001276595744684417,1.953125000000229
blue_stability_curve,1077,163,12.37446808510638,756.2499999999999,outputs/reference_pages/fig_4_2_reference_native.png,native_pdf_rgb_threshold_median,0.001276595744684417,1.953125000000229
blue_stability_curve,1078,162.5,12.37489361702128,756.4453124999999,outputs/reference_pages/fig_4_2_reference_native.png,native_pdf_rgb_threshold_median,0.001276595744684417,1.953125000000229
blue_stability_curve,1079,162,12.37531914893617,756.6406249999999,outputs/reference_pages/fig_4_2_reference_native.png,native_pdf_rgb_threshold_median,0.001276595744684417,1.953125000000229
blue_stability_curve,1080,161.5,12.37574468085106,756.8359374999999,outputs/reference_pages/fig_4_2_reference_native.png,native_pdf_rgb_threshold_median,0.001276595744684417,1.953125000000229
blue_stability_curve,1081,161,12.37617021276596,757.0312499999999,outputs/reference_pages/fig_4_2_reference_native.png,native_pdf_rgb_threshold_median,0.001276595744684417,1.953125000000229
blue_stability_curve,1082,160.5,12.37659574468085,757.2265624999999,outputs/reference_pages/fig_4_2_reference_native.png,native_pdf_rgb_threshold_median,0.001276595744684417,1.953125000000229
blue_stability_curve,1083,160,12.37702127659574,757.4218749999999,outputs/reference_pages/fig_4_2_reference_native.png,native_pdf_rgb_threshold_median,0.001276595744684417,1.953125000000229
blue_stability_curve,1084,160,12.37744680851064,757.4218749999999,outputs/reference_pages/fig_4_2_reference_native.png,native_pdf_rgb_threshold_median,0.001276595744684417,1.953125000000229
blue_stability_curve,1085,159.5,12.37787234042553,757.6171874999999,outputs/reference_pages/fig_4_2_reference_native.png,native_pdf_rgb_threshold_median,0.001276595744684417,1.953125000000229
blue_stability_curve,1086,159,12.37829787234043,757.8124999999999,outputs/reference_pages/fig_4_2_reference_native.png,native_pdf_rgb_threshold_median,0.001276595744684417,1.953125000000229
blue_stability_curve,1087,158.5,12.37872340425532,758.0078124999999,outputs/reference_pages/fig_4_2_reference_native.png,native_pdf_rgb_threshold_median,0.001276595744684417,1.953125000000229
blue_stability_curve,1088,158,12.37914893617021,758.2031249999999,outputs/reference_pages/fig_4_2_reference_native.png,native_pdf_rgb_threshold_median,0.001276595744684417,1.953125000000229
blue_stability_curve,1089,157.5,12.37957446808511,758.3984374999999,outputs/reference_pages/fig_4_2_reference_native.png,native_pdf_rgb_threshold_median,0.001276595744684417,1.953125000000229
blue_stability_curve,1090,157,12.38,758.5937499999999,outputs/reference_pages/fig_4_2_reference_native.png,native_pdf_rgb_threshold_median,0.001276595744684417,1.953125000000229
blue_stability_curve,1091,156.5,12.3804255319149,758.7890624999999,outputs/reference_pages/fig_4_2_reference_native.png,native_pdf_rgb_threshold_median,0.001276595744684417,1.953125000000229
blue_stability_curve,1092,156,12.38085106382979,758.9843749999999,outputs/reference_pages/fig_4_2_reference_native.png,native_pdf_rgb_threshold_median,0.001276595744684417,1.953125000000229
blue_stability_curve,1093,156,12.38127659574468,758.9843749999999,outputs/reference_pages/fig_4_2_reference_native.png,native_pdf_rgb_threshold_median,0.001276595744684417,1.953125000000229
blue_stability_curve,1094,155.5,12.38170212765958,759.1796874999999,outputs/reference_pages/fig_4_2_reference_native.png,native_pdf_rgb_threshold_median,0.001276595744684417,1.953125000000229
blue_stability_curve,1095,155,12.38212765957447,759.375,outputs/reference_pages/fig_4_2_reference_native.png,native_pdf_rgb_threshold_median,0.001276595744684417,1.953125000000229
blue_stability_curve,1096,154.5,12.38255319148936,759.5703125,outputs/reference_pages/fig_4_2_reference_native.png,native_pdf_rgb_threshold_median,0.001276595744684417,1.953125000000229
blue_stability_curve,1097,154,12.38297872340426,759.765625,outputs/reference_pages/fig_4_2_reference_native.png,native_pdf_rgb_threshold_median,0.001276595744684417,1.953125000000229
blue_stability_curve,1098,153.5,12.38340425531915,759.9609375,outputs/reference_pages/fig_4_2_reference_native.png,native_pdf_rgb_threshold_median,0.001276595744684417,1.953125000000229
blue_stability_curve,1099,153,12.38382978723404,760.15625,outputs/reference_pages/fig_4_2_reference_native.png,native_pdf_rgb_threshold_median,0.001276595744684417,1.953125000000229
blue_stability_curve,1100,153,12.38425531914894,760.15625,outputs/reference_pages/fig_4_2_reference_native.png,native_pdf_rgb_threshold_median,0.001276595744684417,1.953125000000229
blue_stability_curve,1101,152.5,12.38468085106383,760.3515625,outputs/reference_pages/fig_4_2_reference_native.png,native_pdf_rgb_threshold_median,0.001276595744684417,1.953125000000229
blue_stability_curve,1102,152,12.38510638297872,760.546875,outputs/reference_pages/fig_4_2_reference_native.png,native_pdf_rgb_threshold_median,0.001276595744684417,1.953125000000229
blue_stability_curve,1103,151.5,12.38553191489362,760.7421875,outputs/reference_pages/fig_4_2_reference_native.png,native_pdf_rgb_threshold_median,0.001276595744684417,1.953125000000229
blue_stability_curve,1104,151,12.38595744680851,760.9375,outputs/reference_pages/fig_4_2_reference_native.png,native_pdf_rgb_threshold_median,0.001276595744684417,1.953125000000229
blue_stability_curve,1105,150.5,12.38638297872341,761.1328125,outputs/reference_pages/fig_4_2_reference_native.png,native_pdf_rgb_threshold_median,0.001276595744684417,1.953125000000229
blue_stability_curve,1106,150,12.3868085106383,761.328125,outputs/reference_pages/fig_4_2_reference_native.png,native_pdf_rgb_threshold_median,0.001276595744684417,1.953125000000229
blue_stability_curve,1107,150,12.38723404255319,761.328125,outputs/reference_pages/fig_4_2_reference_native.png,native_pdf_rgb_threshold_median,0.001276595744684417,1.953125000000229
blue_stability_curve,1108,149,12.38765957446809,761.71875,outputs/reference_pages/fig_4_2_reference_native.png,native_pdf_rgb_threshold_median,0.001276595744684417,1.953125000000229
blue_stability_curve,1109,149,12.38808510638298,761.71875,outputs/reference_pages/fig_4_2_reference_native.png,native_pdf_rgb_threshold_median,0.001276595744684417,1.953125000000229
blue_stability_curve,1110,148.5,12.38851063829787,761.9140625,outputs/reference_pages/fig_4_2_reference_native.png,native_pdf_rgb_threshold_median,0.001276595744684417,1.953125000000229
blue_stability_curve,1111,148,12.38893617021277,762.109375,outputs/reference_pages/fig_4_2_reference_native.png,native_pdf_rgb_threshold_median,0.001276595744684417,1.953125000000229
blue_stability_curve,1112,147.5,12.38936170212766,762.3046875,outputs/reference_pages/fig_4_2_reference_native.png,native_pdf_rgb_threshold_median,0.001276595744684417,1.953125000000229
blue_stability_curve,1113,147,12.38978723404255,762.5,outputs/reference_pages/fig_4_2_reference_native.png,native_pdf_rgb_threshold_median,0.001276595744684417,1.953125000000229
blue_stability_curve,1114,146.5,12.39021276595745,762.6953125,outputs/reference_pages/fig_4_2_reference_native.png,native_pdf_rgb_threshold_median,0.001276595744684417,1.953125000000229
blue_stability_curve,1115,146,12.39063829787234,762.890625,outputs/reference_pages/fig_4_2_reference_native.png,native_pdf_rgb_threshold_median,0.001276595744684417,1.953125000000229
blue_stability_curve,1116,146,12.39106382978724,762.890625,outputs/reference_pages/fig_4_2_reference_native.png,native_pdf_rgb_threshold_median,0.001276595744684417,1.953125000000229
blue_stability_curve,1117,145.5,12.39148936170213,763.0859375,outputs/reference_pages/fig_4_2_reference_native.png,native_pdf_rgb_threshold_median,0.001276595744684417,1.953125000000229
blue_stability_curve,1118,145,12.39191489361702,763.28125,outputs/reference_pages/fig_4_2_reference_native.png,native_pdf_rgb_threshold_median,0.001276595744684417,1.953125000000229
blue_stability_curve,1119,144.5,12.39234042553192,763.4765625,outputs/reference_pages/fig_4_2_reference_native.png,native_pdf_rgb_threshold_median,0.001276595744684417,1.953125000000229
blue_stability_curve,1120,144,12.39276595744681,763.671875,outputs/reference_pages/fig_4_2_reference_native.png,native_pdf_rgb_threshold_median,0.001276595744684417,1.953125000000229
blue_stability_curve,1121,143.5,12.3931914893617,763.8671875,outputs/reference_pages/fig_4_2_reference_native.png,native_pdf_rgb_threshold_median,0.001276595744684417,1.953125000000229
blue_stability_curve,1122,143,12.3936170212766,764.0625,outputs/reference_pages/fig_4_2_reference_native.png,native_pdf_rgb_threshold_median,0.001276595744684417,1.953125000000229
blue_stability_curve,1123,143,12.39404255319149,764.0625,outputs/reference_pages/fig_4_2_reference_native.png,native_pdf_rgb_threshold_median,0.001276595744684417,1.953125000000229
blue_stability_curve,1124,142.5,12.39446808510638,764.2578125,outputs/reference_pages/fig_4_2_reference_native.png,native_pdf_rgb_threshold_median,0.001276595744684417,1.953125000000229
blue_stability_curve,1125,142,12.39489361702128,764.453125,outputs/reference_pages/fig_4_2_reference_native.png,native_pdf_rgb_threshold_median,0.001276595744684417,1.953125000000229
blue_stability_curve,1126,141.5,12.39531914893617,764.6484375,outputs/reference_pages/fig_4_2_reference_native.png,native_pdf_rgb_threshold_median,0.001276595744684417,1.953125000000229
blue_stability_curve,1127,141,12.39574468085106,764.84375,outputs/reference_pages/fig_4_2_reference_native.png,native_pdf_rgb_threshold_median,0.001276595744684417,1.953125000000229
blue_stability_curve,1128,140.5,12.39617021276596,765.0390625,outputs/reference_pages/fig_4_2_reference_native.png,native_pdf_rgb_threshold_median,0.001276595744684417,1.953125000000229
blue_stability_curve,1129,140,12.39659574468085,765.234375,outputs/reference_pages/fig_4_2_reference_native.png,native_pdf_rgb_threshold_median,0.001276595744684417,1.953125000000229
blue_stability_curve,1130,140,12.39702127659575,765.234375,outputs/reference_pages/fig_4_2_reference_native.png,native_pdf_rgb_threshold_median,0.001276595744684417,1.953125000000229
blue_stability_curve,1131,139,12.39744680851064,765.625,outputs/reference_pages/fig_4_2_reference_native.png,native_pdf_rgb_threshold_median,0.001276595744684417,1.953125000000229
blue_stability_curve,1132,139,12.39787234042553,765.625,outputs/reference_pages/fig_4_2_reference_native.png,native_pdf_rgb_threshold_median,0.001276595744684417,1.953125000000229
blue_stability_curve,1133,138.5,12.39829787234043,765.8203125,outputs/reference_pages/fig_4_2_reference_native.png,native_pdf_rgb_threshold_median,0.001276595744684417,1.953125000000229
blue_stability_curve,1134,138,12.39872340425532,766.015625,outputs/reference_pages/fig_4_2_reference_native.png,native_pdf_rgb_threshold_median,0.001276595744684417,1.953125000000229
blue_stability_curve,1135,137.5,12.39914893617021,766.2109375,outputs/reference_pages/fig_4_2_reference_native.png,native_pdf_rgb_threshold_median,0.001276595744684417,1.953125000000229
blue_stability_curve,1136,137,12.39957446808511,766.40625,outputs/reference_pages/fig_4_2_reference_native.png,native_pdf_rgb_threshold_median,0.001276595744684417,1.953125000000229
blue_stability_curve,1137,136.5,12.4,766.6015625,outputs/reference_pages/fig_4_2_reference_native.png,native_pdf_rgb_threshold_median,0.001276595744684417,1.953125000000229
blue_stability_curve,1138,136,12.40042553191489,766.796875,outputs/reference_pages/fig_4_2_reference_native.png,native_pdf_rgb_threshold_median,0.001276595744684417,1.953125000000229
blue_stability_curve,1139,136,12.40085106382979,766.796875,outputs/reference_pages/fig_4_2_reference_native.png,native_pdf_rgb_threshold_median,0.001276595744684417,1.953125000000229
blue_stability_curve,1140,135.5,12.40127659574468,766.9921875,outputs/reference_pages/fig_4_2_reference_native.png,native_pdf_rgb_threshold_median,0.001276595744684417,1.953125000000229
blue_stability_curve,1141,135,12.40170212765958,767.1875,outputs/reference_pages/fig_4_2_reference_native.png,native_pdf_rgb_threshold_median,0.001276595744684417,1.953125000000229
blue_stability_curve,1142,134.5,12.40212765957447,767.3828125,outputs/reference_pages/fig_4_2_reference_native.png,native_pdf_rgb_threshold_median,0.001276595744684417,1.953125000000229
blue_stability_curve,1143,134,12.40255319148936,767.578125,outputs/reference_pages/fig_4_2_reference_native.png,native_pdf_rgb_threshold_median,0.001276595744684417,1.953125000000229
blue_stability_curve,1144,133.5,12.40297872340426,767.7734375,outputs/reference_pages/fig_4_2_reference_native.png,native_pdf_rgb_threshold_median,0.001276595744684417,1.953125000000229
blue_stability_curve,1145,133,12.40340425531915,767.96875,outputs/reference_pages/fig_4_2_reference_native.png,native_pdf_rgb_threshold_median,0.001276595744684417,1.953125000000229
blue_stability_curve,1146,133,12.40382978723404,767.96875,outputs/reference_pages/fig_4_2_reference_native.png,native_pdf_rgb_threshold_median,0.001276595744684417,1.953125000000229
blue_stability_curve,1147,132.5,12.40425531914894,768.1640625,outputs/reference_pages/fig_4_2_reference_native.png,native_pdf_rgb_threshold_median,0.001276595744684417,1.953125000000229
blue_stability_curve,1148,132,12.40468085106383,768.359375,outputs/reference_pages/fig_4_2_reference_native.png,native_pdf_rgb_threshold_median,0.001276595744684417,1.953125000000229
blue_stability_curve,1149,131.5,12.40510638297872,768.5546875,outputs/reference_pages/fig_4_2_reference_native.png,native_pdf_rgb_threshold_median,0.001276595744684417,1.953125000000229
blue_stability_curve,1150,131,12.40553191489362,768.75,outputs/reference_pages/fig_4_2_reference_native.png,native_pdf_rgb_threshold_median,0.001276595744684417,1.953125000000229
blue_stability_curve,1151,130.5,12.40595744680851,768.9453125,outputs/reference_pages/fig_4_2_reference_native.png,native_pdf_rgb_threshold_median,0.001276595744684417,1.953125000000229
blue_stability_curve,1152,130,12.40638297872341,769.140625,outputs/reference_pages/fig_4_2_reference_native.png,native_pdf_rgb_threshold_median,0.001276595744684417,1.953125000000229
blue_stability_curve,1153,130,12.4068085106383,769.140625,outputs/reference_pages/fig_4_2_reference_native.png,native_pdf_rgb_threshold_median,0.001276595744684417,1.953125000000229
blue_stability_curve,1154,129,12.40723404255319,769.53125,outputs/reference_pages/fig_4_2_reference_native.png,native_pdf_rgb_threshold_median,0.001276595744684417,1.953125000000229
blue_stability_curve,1155,129,12.40765957446809,769.53125,outputs/reference_pages/fig_4_2_reference_native.png,native_pdf_rgb_threshold_median,0.001276595744684417,1.953125000000229
blue_stability_curve,1156,128.5,12.40808510638298,769.7265625,outputs/reference_pages/fig_4_2_reference_native.png,native_pdf_rgb_threshold_median,0.001276595744684417,1.953125000000229
blue_stability_curve,1157,128,12.40851063829787,769.921875,outputs/reference_pages/fig_4_2_reference_native.png,native_pdf_rgb_threshold_median,0.001276595744684417,1.953125000000229
blue_stability_curve,1158,127.5,12.40893617021277,770.1171875,outputs/reference_pages/fig_4_2_reference_native.png,native_pdf_rgb_threshold_median,0.001276595744684417,1.953125000000229
blue_stability_curve,1159,127,12.40936170212766,770.3125,outputs/reference_pages/fig_4_2_reference_native.png,native_pdf_rgb_threshold_median,0.001276595744684417,1.953125000000229
blue_stability_curve,1160,126.5,12.40978723404255,770.5078125,outputs/reference_pages/fig_4_2_reference_native.png,native_pdf_rgb_threshold_median,0.001276595744684417,1.953125000000229
blue_stability_curve,1161,126,12.41021276595745,770.703125,outputs/reference_pages/fig_4_2_reference_native.png,native_pdf_rgb_threshold_median,0.001276595744684417,1.953125000000229
blue_stability_curve,1162,126,12.41063829787234,770.703125,outputs/reference_pages/fig_4_2_reference_native.png,native_pdf_rgb_threshold_median,0.001276595744684417,1.953125000000229
blue_stability_curve,1163,125.5,12.41106382978723,770.8984375,outputs/reference_pages/fig_4_2_reference_native.png,native_pdf_rgb_threshold_median,0.001276595744684417,1.953125000000229
blue_stability_curve,1164,125,12.41148936170213,771.09375,outputs/reference_pages/fig_4_2_reference_native.png,native_pdf_rgb_threshold_median,0.001276595744684417,1.953125000000229
blue_stability_curve,1165,124.5,12.41191489361702,771.2890625,outputs/reference_pages/fig_4_2_reference_native.png,native_pdf_rgb_threshold_median,0.001276595744684417,1.953125000000229
blue_stability_curve,1166,124,12.41234042553192,771.484375,outputs/reference_pages/fig_4_2_reference_native.png,native_pdf_rgb_threshold_median,0.001276595744684417,1.953125000000229
blue_stability_curve,1167,123.5,12.41276595744681,771.6796875,outputs/reference_pages/fig_4_2_reference_native.png,native_pdf_rgb_threshold_median,0.001276595744684417,1.953125000000229
blue_stability_curve,1168,123,12.4131914893617,771.875,outputs/reference_pages/fig_4_2_reference_native.png,native_pdf_rgb_threshold_median,0.001276595744684417,1.953125000000229
blue_stability_curve,1169,123,12.4136170212766,771.875,outputs/reference_pages/fig_4_2_reference_native.png,native_pdf_rgb_threshold_median,0.001276595744684417,1.953125000000229
blue_stability_curve,1170,122.5,12.41404255319149,772.0703125,outputs/reference_pages/fig_4_2_reference_native.png,native_pdf_rgb_threshold_median,0.001276595744684417,1.953125000000229
blue_stability_curve,1171,122,12.41446808510638,772.265625,outputs/reference_pages/fig_4_2_reference_native.png,native_pdf_rgb_threshold_median,0.001276595744684417,1.953125000000229
blue_stability_curve,1172,121.5,12.41489361702128,772.4609375,outputs/reference_pages/fig_4_2_reference_native.png,native_pdf_rgb_threshold_median,0.001276595744684417,1.953125000000229
blue_stability_curve,1173,121,12.41531914893617,772.65625,outputs/reference_pages/fig_4_2_reference_native.png,native_pdf_rgb_threshold_median,0.001276595744684417,1.953125000000229
blue_stability_curve,1174,120.5,12.41574468085106,772.8515625,outputs/reference_pages/fig_4_2_reference_native.png,native_pdf_rgb_threshold_median,0.001276595744684417,1.953125000000229
blue_stability_curve,1175,120,12.41617021276596,773.046875,outputs/reference_pages/fig_4_2_reference_native.png,native_pdf_rgb_threshold_median,0.001276595744684417,1.953125000000229
blue_stability_curve,1176,120,12.41659574468085,773.046875,outputs/reference_pages/fig_4_2_reference_native.png,native_pdf_rgb_threshold_median,0.001276595744684417,1.953125000000229
blue_stability_curve,1177,119,12.41702127659575,773.4375,outputs/reference_pages/fig_4_2_reference_native.png,native_pdf_rgb_threshold_median,0.001276595744684417,1.953125000000229
blue_stability_curve,1178,119,12.41744680851064,773.4375,outputs/reference_pages/fig_4_2_reference_native.png,native_pdf_rgb_threshold_median,0.001276595744684417,1.953125000000229
blue_stability_curve,1179,118.5,12.41787234042553,773.6328125,outputs/reference_pages/fig_4_2_reference_native.png,native_pdf_rgb_threshold_median,0.001276595744684417,1.953125000000229
blue_stability_curve,1180,118,12.41829787234043,773.828125,outputs/reference_pages/fig_4_2_reference_native.png,native_pdf_rgb_threshold_median,0.001276595744684417,1.953125000000229
blue_stability_curve,1181,117.5,12.41872340425532,774.0234375,outputs/reference_pages/fig_4_2_reference_native.png,native_pdf_rgb_threshold_median,0.001276595744684417,1.953125000000229
blue_stability_curve,1182,117,12.41914893617021,774.21875,outputs/reference_pages/fig_4_2_reference_native.png,native_pdf_rgb_threshold_median,0.001276595744684417,1.953125000000229
blue_stability_curve,1183,116.5,12.41957446808511,774.4140625,outputs/reference_pages/fig_4_2_reference_native.png,native_pdf_rgb_threshold_median,0.001276595744684417,1.953125000000229
blue_stability_curve,1184,116,12.42,774.609375,outputs/reference_pages/fig_4_2_reference_native.png,native_pdf_rgb_threshold_median,0.001276595744684417,1.953125000000229
blue_stability_curve,1185,116,12.42042553191489,774.609375,outputs/reference_pages/fig_4_2_reference_native.png,native_pdf_rgb_threshold_median,0.001276595744684417,1.953125000000229
blue_stability_curve,1186,115.5,12.42085106382979,774.8046875,outputs/reference_pages/fig_4_2_reference_native.png,native_pdf_rgb_threshold_median,0.001276595744684417,1.953125000000229
blue_stability_curve,1187,115,12.42127659574468,775,outputs/reference_pages/fig_4_2_reference_native.png,native_pdf_rgb_threshold_median,0.001276595744684417,1.953125000000229
blue_stability_curve,1188,114.5,12.42170212765958,775.1953125,outputs/reference_pages/fig_4_2_reference_native.png,native_pdf_rgb_threshold_median,0.001276595744684417,1.953125000000229
blue_stability_curve,1189,114,12.42212765957447,775.390625,outputs/reference_pages/fig_4_2_reference_native.png,native_pdf_rgb_threshold_median,0.001276595744684417,1.953125000000229
blue_stability_curve,1190,113.5,12.42255319148936,775.5859375,outputs/reference_pages/fig_4_2_reference_native.png,native_pdf_rgb_threshold_median,0.001276595744684417,1.953125000000229
blue_stability_curve,1191,113,12.42297872340426,775.78125,outputs/reference_pages/fig_4_2_reference_native.png,native_pdf_rgb_threshold_median,0.001276595744684417,1.953125000000229
blue_stability_curve,1192,113,12.42340425531915,775.78125,outputs/reference_pages/fig_4_2_reference_native.png,native_pdf_rgb_threshold_median,0.001276595744684417,1.953125000000229
blue_stability_curve,1193,112.5,12.42382978723404,775.9765625,outputs/reference_pages/fig_4_2_reference_native.png,native_pdf_rgb_threshold_median,0.001276595744684417,1.953125000000229
blue_stability_curve,1194,112,12.42425531914894,776.171875,outputs/reference_pages/fig_4_2_reference_native.png,native_pdf_rgb_threshold_median,0.001276595744684417,1.953125000000229
blue_stability_curve,1195,111.5,12.42468085106383,776.3671875,outputs/reference_pages/fig_4_2_reference_native.png,native_pdf_rgb_threshold_median,0.001276595744684417,1.953125000000229
blue_stability_curve,1196,111,12.42510638297872,776.5625,outputs/reference_pages/fig_4_2_reference_native.png,native_pdf_rgb_threshold_median,0.001276595744684417,1.953125000000229
blue_stability_curve,1197,110.5,12.42553191489362,776.7578125,outputs/reference_pages/fig_4_2_reference_native.png,native_pdf_rgb_threshold_median,0.001276595744684417,1.953125000000229
blue_stability_curve,1198,110,12.42595744680851,776.953125,outputs/reference_pages/fig_4_2_reference_native.png,native_pdf_rgb_threshold_median,0.001276595744684417,1.953125000000229
blue_stability_curve,1199,110,12.4263829787234,776.953125,outputs/reference_pages/fig_4_2_reference_native.png,native_pdf_rgb_threshold_median,0.001276595744684417,1.953125000000229
blue_stability_curve,1200,109,12.4268085106383,777.34375,outputs/reference_pages/fig_4_2_reference_native.png,native_pdf_rgb_threshold_median,0.001276595744684417,1.953125000000229
blue_stability_curve,1201,109,12.42723404255319,777.34375,outputs/reference_pages/fig_4_2_reference_native.png,native_pdf_rgb_threshold_median,0.001276595744684417,1.953125000000229
blue_stability_curve,1202,108.5,12.42765957446809,777.5390625,outputs/reference_pages/fig_4_2_reference_native.png,native_pdf_rgb_threshold_median,0.001276595744684417,1.953125000000229
blue_stability_curve,1203,108,12.42808510638298,777.734375,outputs/reference_pages/fig_4_2_reference_native.png,native_pdf_rgb_threshold_median,0.001276595744684417,1.953125000000229
blue_stability_curve,1204,107.5,12.42851063829787,777.9296875,outputs/reference_pages/fig_4_2_reference_native.png,native_pdf_rgb_threshold_median,0.001276595744684417,1.953125000000229
blue_stability_curve,1205,107,12.42893617021277,778.125,outputs/reference_pages/fig_4_2_reference_native.png,native_pdf_rgb_threshold_median,0.001276595744684417,1.953125000000229
blue_stability_curve,1206,106.5,12.42936170212766,778.3203125,outputs/reference_pages/fig_4_2_reference_native.png,native_pdf_rgb_threshold_median,0.001276595744684417,1.953125000000229
blue_stability_curve,1207,106,12.42978723404256,778.515625,outputs/reference_pages/fig_4_2_reference_native.png,native_pdf_rgb_threshold_median,0.001276595744684417,1.953125000000229
blue_stability_curve,1208,106,12.43021276595745,778.515625,outputs/reference_pages/fig_4_2_reference_native.png,native_pdf_rgb_threshold_median,0.001276595744684417,1.953125000000229
blue_stability_curve,1209,105.5,12.43063829787234,778.7109375,outputs/reference_pages/fig_4_2_reference_native.png,native_pdf_rgb_threshold_median,0.001276595744684417,1.953125000000229
blue_stability_curve,1210,105,12.43106382978723,778.90625,outputs/reference_pages/fig_4_2_reference_native.png,native_pdf_rgb_threshold_median,0.001276595744684417,1.953125000000229
blue_stability_curve,1211,104.5,12.43148936170213,779.1015625,outputs/reference_pages/fig_4_2_reference_native.png,native_pdf_rgb_threshold_median,0.001276595744684417,1.953125000000229
blue_stability_curve,1212,104,12.43191489361702,779.296875,outputs/reference_pages/fig_4_2_reference_native.png,native_pdf_rgb_threshold_median,0.001276595744684417,1.953125000000229
blue_stability_curve,1213,103.5,12.43234042553192,779.4921875,outputs/reference_pages/fig_4_2_reference_native.png,native_pdf_rgb_threshold_median,0.001276595744684417,1.953125000000229
blue_stability_curve,1214,103,12.43276595744681,779.6875,outputs/reference_pages/fig_4_2_reference_native.png,native_pdf_rgb_threshold_median,0.001276595744684417,1.953125000000229
blue_stability_curve,1215,103,12.4331914893617,779.6875,outputs/reference_pages/fig_4_2_reference_native.png,native_pdf_rgb_threshold_median,0.001276595744684417,1.953125000000229
blue_stability_curve,1216,102,12.4336170212766,780.078125,outputs/reference_pages/fig_4_2_reference_native.png,native_pdf_rgb_threshold_median,0.001276595744684417,1.953125000000229
blue_stability_curve,1217,102,12.43404255319149,780.078125,outputs/reference_pages/fig_4_2_reference_native.png,native_pdf_rgb_threshold_median,0.001276595744684417,1.953125000000229
blue_stability_curve,1218,101.5,12.43446808510638,780.2734375,outputs/reference_pages/fig_4_2_reference_native.png,native_pdf_rgb_threshold_median,0.001276595744684417,1.953125000000229
blue_stability_curve,1219,101,12.43489361702128,780.46875,outputs/reference_pages/fig_4_2_reference_native.png,native_pdf_rgb_threshold_median,0.001276595744684417,1.953125000000229
blue_stability_curve,1220,100.5,12.43531914893617,780.6640625,outputs/reference_pages/fig_4_2_reference_native.png,native_pdf_rgb_threshold_median,0.001276595744684417,1.953125000000229
blue_stability_curve,1221,100,12.43574468085107,780.859375,outputs/reference_pages/fig_4_2_reference_native.png,native_pdf_rgb_threshold_median,0.001276595744684417,1.953125000000229
blue_stability_curve,1222,99.5,12.43617021276596,781.0546875,outputs/reference_pages/fig_4_2_reference_native.png,native_pdf_rgb_threshold_median,0.001276595744684417,1.953125000000229
blue_stability_curve,1223,99,12.43659574468085,781.25,outputs/reference_pages/fig_4_2_reference_native.png,native_pdf_rgb_threshold_median,0.001276595744684417,1.953125000000229
blue_stability_curve,1224,99,12.43702127659575,781.25,outputs/reference_pages/fig_4_2_reference_native.png,native_pdf_rgb_threshold_median,0.001276595744684417,1.953125000000229
blue_stability_curve,1225,98.5,12.43744680851064,781.4453125,outputs/reference_pages/fig_4_2_reference_native.png,native_pdf_rgb_threshold_median,0.001276595744684417,1.953125000000229
blue_stability_curve,1226,98,12.43787234042553,781.640625,outputs/reference_pages/fig_4_2_reference_native.png,native_pdf_rgb_threshold_median,0.001276595744684417,1.953125000000229
blue_stability_curve,1227,97.5,12.43829787234043,781.8359375,outputs/reference_pages/fig_4_2_reference_native.png,native_pdf_rgb_threshold_median,0.001276595744684417,1.953125000000229
blue_stability_curve,1228,97,12.43872340425532,782.03125,outputs/reference_pages/fig_4_2_reference_native.png,native_pdf_rgb_threshold_median,0.001276595744684417,1.953125000000229
blue_stability_curve,1229,96.5,12.43914893617021,782.2265625,outputs/reference_pages/fig_4_2_reference_native.png,native_pdf_rgb_threshold_median,0.001276595744684417,1.953125000000229
blue_stability_curve,1230,96,12.43957446808511,782.421875,outputs/reference_pages/fig_4_2_reference_native.png,native_pdf_rgb_threshold_median,0.001276595744684417,1.953125000000229
blue_stability_curve,1231,96,12.44,782.421875,outputs/reference_pages/fig_4_2_reference_native.png,native_pdf_rgb_threshold_median,0.001276595744684417,1.953125000000229
blue_stability_curve,1232,95,12.4404255319149,782.8125,outputs/reference_pages/fig_4_2_reference_native.png,native_pdf_rgb_threshold_median,0.001276595744684417,1.953125000000229
blue_stability_curve,1233,95,12.44085106382979,782.8125,outputs/reference_pages/fig_4_2_reference_native.png,native_pdf_rgb_threshold_median,0.001276595744684417,1.953125000000229
blue_stability_curve,1234,94.5,12.44127659574468,783.0078125,outputs/reference_pages/fig_4_2_reference_native.png,native_pdf_rgb_threshold_median,0.001276595744684417,1.953125000000229
blue_stability_curve,1235,94,12.44170212765958,783.203125,outputs/reference_pages/fig_4_2_reference_native.png,native_pdf_rgb_threshold_median,0.001276595744684417,1.953125000000229
blue_stability_curve,1236,93.5,12.44212765957447,783.3984375,outputs/reference_pages/fig_4_2_reference_native.png,native_pdf_rgb_threshold_median,0.001276595744684417,1.953125000000229
blue_stability_curve,1237,93,12.44255319148936,783.59375,outputs/reference_pages/fig_4_2_reference_native.png,native_pdf_rgb_threshold_median,0.001276595744684417,1.953125000000229
blue_stability_curve,1238,92.5,12.44297872340426,783.7890625,outputs/reference_pages/fig_4_2_reference_native.png,native_pdf_rgb_threshold_median,0.001276595744684417,1.953125000000229
blue_stability_curve,1239,92,12.44340425531915,783.984375,outputs/reference_pages/fig_4_2_reference_native.png,native_pdf_rgb_threshold_median,0.001276595744684417,1.953125000000229
blue_stability_curve,1240,92,12.44382978723404,783.984375,outputs/reference_pages/fig_4_2_reference_native.png,native_pdf_rgb_threshold_median,0.001276595744684417,1.953125000000229
blue_stability_curve,1241,91.5,12.44425531914894,784.1796875,outputs/reference_pages/fig_4_2_reference_native.png,native_pdf_rgb_threshold_median,0.001276595744684417,1.953125000000229
blue_stability_curve,1242,91,12.44468085106383,784.375,outputs/reference_pages/fig_4_2_reference_native.png,native_pdf_rgb_threshold_median,0.001276595744684417,1.953125000000229
blue_stability_curve,1243,90.5,12.44510638297873,784.5703125,outputs/reference_pages/fig_4_2_reference_native.png,native_pdf_rgb_threshold_median,0.001276595744684417,1.953125000000229
blue_stability_curve,1244,90,12.44553191489362,784.765625,outputs/reference_pages/fig_4_2_reference_native.png,native_pdf_rgb_threshold_median,0.001276595744684417,1.953125000000229
blue_stability_curve,1245,89.5,12.44595744680851,784.9609375,outputs/reference_pages/fig_4_2_reference_native.png,native_pdf_rgb_threshold_median,0.001276595744684417,1.953125000000229
blue_stability_curve,1246,89,12.44638297872341,785.15625,outputs/reference_pages/fig_4_2_reference_native.png,native_pdf_rgb_threshold_median,0.001276595744684417,1.953125000000229
blue_stability_curve,1247,89,12.4468085106383,785.15625,outputs/reference_pages/fig_4_2_reference_native.png,native_pdf_rgb_threshold_median,0.001276595744684417,1.953125000000229
blue_stability_curve,1248,88,12.44723404255319,785.546875,outputs/reference_pages/fig_4_2_reference_native.png,native_pdf_rgb_threshold_median,0.001276595744684417,1.953125000000229
blue_stability_curve,1249,88,12.44765957446809,785.546875,outputs/reference_pages/fig_4_2_reference_native.png,native_pdf_rgb_threshold_median,0.001276595744684417,1.953125000000229
blue_stability_curve,1250,87.5,12.44808510638298,785.7421875,outputs/reference_pages/fig_4_2_reference_native.png,native_pdf_rgb_threshold_median,0.001276595744684417,1.953125000000229
blue_stability_curve,1251,87,12.44851063829787,785.9375,outputs/reference_pages/fig_4_2_reference_native.png,native_pdf_rgb_threshold_median,0.001276595744684417,1.953125000000229
blue_stability_curve,1252,86.5,12.44893617021277,786.1328125,outputs/reference_pages/fig_4_2_reference_native.png,native_pdf_rgb_threshold_median,0.001276595744684417,1.953125000000229
blue_stability_curve,1253,86,12.44936170212766,786.328125,outputs/reference_pages/fig_4_2_reference_native.png,native_pdf_rgb_threshold_median,0.001276595744684417,1.953125000000229
blue_stability_curve,1254,85.5,12.44978723404255,786.5234375,outputs/reference_pages/fig_4_2_reference_native.png,native_pdf_rgb_threshold_median,0.001276595744684417,1.953125000000229
blue_stability_curve,1255,85,12.45021276595745,786.71875,outputs/reference_pages/fig_4_2_reference_native.png,native_pdf_rgb_threshold_median,0.001276595744684417,1.953125000000229
blue_stability_curve,1256,85,12.45063829787234,786.71875,outputs/reference_pages/fig_4_2_reference_native.png,native_pdf_rgb_threshold_median,0.001276595744684417,1.953125000000229
blue_stability_curve,1257,84.5,12.45106382978724,786.9140625,outputs/reference_pages/fig_4_2_reference_native.png,native_pdf_rgb_threshold_median,0.001276595744684417,1.953125000000229
blue_stability_curve,1258,84,12.45148936170213,787.109375,outputs/reference_pages/fig_4_2_reference_native.png,native_pdf_rgb_threshold_median,0.001276595744684417,1.953125000000229
blue_stability_curve,1259,83.5,12.45191489361702,787.3046875,outputs/reference_pages/fig_4_2_reference_native.png,native_pdf_rgb_threshold_median,0.001276595744684417,1.953125000000229
blue_stability_curve,1260,83,12.45234042553192,787.5,outputs/reference_pages/fig_4_2_reference_native.png,native_pdf_rgb_threshold_median,0.001276595744684417,1.953125000000229
blue_stability_curve,1261,82.5,12.45276595744681,787.6953125,outputs/reference_pages/fig_4_2_reference_native.png,native_pdf_rgb_threshold_median,0.001276595744684417,1.953125000000229
blue_stability_curve,1262,82,12.4531914893617,787.890625,outputs/reference_pages/fig_4_2_reference_native.png,native_pdf_rgb_threshold_median,0.001276595744684417,1.953125000000229
blue_stability_curve,1263,81.5,12.4536170212766,788.0859375,outputs/reference_pages/fig_4_2_reference_native.png,native_pdf_rgb_threshold_median,0.001276595744684417,1.953125000000229
blue_stability_curve,1264,81,12.45404255319149,788.28125,outputs/reference_pages/fig_4_2_reference_native.png,native_pdf_rgb_threshold_median,0.001276595744684417,1.953125000000229
blue_stability_curve,1265,81,12.45446808510638,788.28125,outputs/reference_pages/fig_4_2_reference_native.png,native_pdf_rgb_threshold_median,0.001276595744684417,1.953125000000229
blue_stability_curve,1266,80.5,12.45489361702128,788.4765625,outputs/reference_pages/fig_4_2_reference_native.png,native_pdf_rgb_threshold_median,0.001276595744684417,1.953125000000229
blue_stability_curve,1267,80,12.45531914893617,788.671875,outputs/reference_pages/fig_4_2_reference_native.png,native_pdf_rgb_threshold_median,0.001276595744684417,1.953125000000229
blue_stability_curve,1268,79.5,12.45574468085107,788.8671875,outputs/reference_pages/fig_4_2_reference_native.png,native_pdf_rgb_threshold_median,0.001276595744684417,1.953125000000229
blue_stability_curve,1269,79,12.45617021276596,789.0625,outputs/reference_pages/fig_4_2_reference_native.png,native_pdf_rgb_threshold_median,0.001276595744684417,1.953125000000229
blue_stability_curve,1270,78.5,12.45659574468085,789.2578125,outputs/reference_pages/fig_4_2_reference_native.png,native_pdf_rgb_threshold_median,0.001276595744684417,1.953125000000229
blue_stability_curve,1271,78,12.45702127659575,789.453125,outputs/reference_pages/fig_4_2_reference_native.png,native_pdf_rgb_threshold_median,0.001276595744684417,1.953125000000229
blue_stability_curve,1272,78,12.45744680851064,789.453125,outputs/reference_pages/fig_4_2_reference_native.png,native_pdf_rgb_threshold_median,0.001276595744684417,1.953125000000229
blue_stability_curve,1273,77,12.45787234042553,789.84375,outputs/reference_pages/fig_4_2_reference_native.png,native_pdf_rgb_threshold_median,0.001276595744684417,1.953125000000229
blue_stability_curve,1274,77,12.45829787234043,789.84375,outputs/reference_pages/fig_4_2_reference_native.png,native_pdf_rgb_threshold_median,0.001276595744684417,1.953125000000229
blue_stability_curve,1275,76.5,12.45872340425532,790.0390625,outputs/reference_pages/fig_4_2_reference_native.png,native_pdf_rgb_threshold_median,0.001276595744684417,1.953125000000229
blue_stability_curve,1276,76,12.45914893617021,790.234375,outputs/reference_pages/fig_4_2_reference_native.png,native_pdf_rgb_threshold_median,0.001276595744684417,1.953125000000229
blue_stability_curve,1277,75.5,12.45957446808511,790.4296875,outputs/reference_pages/fig_4_2_reference_native.png,native_pdf_rgb_threshold_median,0.001276595744684417,1.953125000000229
blue_stability_curve,1278,75,12.46,790.625,outputs/reference_pages/fig_4_2_reference_native.png,native_pdf_rgb_threshold_median,0.001276595744684417,1.953125000000229
blue_stability_curve,1279,74.5,12.4604255319149,790.8203125,outputs/reference_pages/fig_4_2_reference_native.png,native_pdf_rgb_threshold_median,0.001276595744684417,1.953125000000229
blue_stability_curve,1280,74,12.46085106382979,791.015625,outputs/reference_pages/fig_4_2_reference_native.png,native_pdf_rgb_threshold_median,0.001276595744684417,1.953125000000229
blue_stability_curve,1281,74,12.46127659574468,791.015625,outputs/reference_pages/fig_4_2_reference_native.png,native_pdf_rgb_threshold_median,0.001276595744684417,1.953125000000229
blue_stability_curve,1282,73.5,12.46170212765958,791.2109375,outputs/reference_pages/fig_4_2_reference_native.png,native_pdf_rgb_threshold_median,0.001276595744684417,1.953125000000229
blue_stability_curve,1283,73,12.46212765957447,791.40625,outputs/reference_pages/fig_4_2_reference_native.png,native_pdf_rgb_threshold_median,0.001276595744684417,1.953125000000229
blue_stability_curve,1284,72.5,12.46255319148936,791.6015625,outputs/reference_pages/fig_4_2_reference_native.png,native_pdf_rgb_threshold_median,0.001276595744684417,1.953125000000229
blue_stability_curve,1285,72,12.46297872340426,791.796875,outputs/reference_pages/fig_4_2_reference_native.png,native_pdf_rgb_threshold_median,0.001276595744684417,1.953125000000229
blue_stability_curve,1286,71.5,12.46340425531915,791.9921875,outputs/reference_pages/fig_4_2_reference_native.png,native_pdf_rgb_threshold_median,0.001276595744684417,1.953125000000229
blue_stability_curve,1287,71,12.46382978723404,792.1875,outputs/reference_pages/fig_4_2_reference_native.png,native_pdf_rgb_threshold_median,0.001276595744684417,1.953125000000229
blue_stability_curve,1288,70.5,12.46425531914894,792.3828125,outputs/reference_pages/fig_4_2_reference_native.png,native_pdf_rgb_threshold_median,0.001276595744684417,1.953125000000229
blue_stability_curve,1289,70,12.46468085106383,792.578125,outputs/reference_pages/fig_4_2_reference_native.png,native_pdf_rgb_threshold_median,0.001276595744684417,1.953125000000229
blue_stability_curve,1290,70,12.46510638297872,792.578125,outputs/reference_pages/fig_4_2_reference_native.png,native_pdf_rgb_threshold_median,0.001276595744684417,1.953125000000229
blue_stability_curve,1291,69.5,12.46553191489362,792.7734375,outputs/reference_pages/fig_4_2_reference_native.png,native_pdf_rgb_threshold_median,0.001276595744684417,1.953125000000229
blue_stability_curve,1292,69,12.46595744680851,792.96875,outputs/reference_pages/fig_4_2_reference_native.png,native_pdf_rgb_threshold_median,0.001276595744684417,1.953125000000229
blue_stability_curve,1293,68.5,12.46638297872341,793.1640625,outputs/reference_pages/fig_4_2_reference_native.png,native_pdf_rgb_threshold_median,0.001276595744684417,1.953125000000229
blue_stability_curve,1294,68,12.4668085106383,793.359375,outputs/reference_pages/fig_4_2_reference_native.png,native_pdf_rgb_threshold_median,0.001276595744684417,1.953125000000229
blue_stability_curve,1295,67.5,12.46723404255319,793.5546875,outputs/reference_pages/fig_4_2_reference_native.png,native_pdf_rgb_threshold_median,0.001276595744684417,1.953125000000229
blue_stability_curve,1296,67,12.46765957446809,793.75,outputs/reference_pages/fig_4_2_reference_native.png,native_pdf_rgb_threshold_median,0.001276595744684417,1.953125000000229
blue_stability_curve,1297,66.5,12.46808510638298,793.9453125,outputs/reference_pages/fig_4_2_reference_native.png,native_pdf_rgb_threshold_median,0.001276595744684417,1.953125000000229
blue_stability_curve,1298,66,12.46851063829787,794.140625,outputs/reference_pages/fig_4_2_reference_native.png,native_pdf_rgb_threshold_median,0.001276595744684417,1.953125000000229
blue_stability_curve,1299,66,12.46893617021277,794.140625,outputs/reference_pages/fig_4_2_reference_native.png,native_pdf_rgb_threshold_median,0.001276595744684417,1.953125000000229
blue_stability_curve,1300,65.5,12.46936170212766,794.3359375,outputs/reference_pages/fig_4_2_reference_native.png,native_pdf_rgb_threshold_median,0.001276595744684417,1.953125000000229
blue_stability_curve,1301,65,12.46978723404255,794.53125,outputs/reference_pages/fig_4_2_reference_native.png,native_pdf_rgb_threshold_median,0.001276595744684417,1.953125000000229
blue_stability_curve,1302,64.5,12.47021276595745,794.7265625,outputs/reference_pages/fig_4_2_reference_native.png,native_pdf_rgb_threshold_median,0.001276595744684417,1.953125000000229
blue_stability_curve,1303,64,12.47063829787234,794.921875,outputs/reference_pages/fig_4_2_reference_native.png,native_pdf_rgb_threshold_median,0.001276595744684417,1.953125000000229
blue_stability_curve,1304,63.5,12.47106382978724,795.1171875,outputs/reference_pages/fig_4_2_reference_native.png,native_pdf_rgb_threshold_median,0.001276595744684417,1.953125000000229
blue_stability_curve,1305,63,12.47148936170213,795.3125,outputs/reference_pages/fig_4_2_reference_native.png,native_pdf_rgb_threshold_median,0.001276595744684417,1.953125000000229
blue_stability_curve,1306,62.5,12.47191489361702,795.5078125,outputs/reference_pages/fig_4_2_reference_native.png,native_pdf_rgb_threshold_median,0.001276595744684417,1.953125000000229
blue_stability_curve,1307,62,12.47234042553192,795.703125,outputs/reference_pages/fig_4_2_reference_native.png,native_pdf_rgb_threshold_median,0.001276595744684417,1.953125000000229
blue_stability_curve,1308,62,12.47276595744681,795.703125,outputs/reference_pages/fig_4_2_reference_native.png,native_pdf_rgb_threshold_median,0.001276595744684417,1.953125000000229
blue_stability_curve,1309,61.5,12.4731914893617,795.8984375,outputs/reference_pages/fig_4_2_reference_native.png,native_pdf_rgb_threshold_median,0.001276595744684417,1.953125000000229
blue_stability_curve,1310,61,12.4736170212766,796.09375,outputs/reference_pages/fig_4_2_reference_native.png,native_pdf_rgb_threshold_median,0.001276595744684417,1.953125000000229
blue_stability_curve,1311,62,12.47404255319149,795.703125,outputs/reference_pages/fig_4_2_reference_native.png,native_pdf_rgb_threshold_median,0.001276595744684417,1.953125000000229
