target_id,chapter,paper_figure_number,paper_page,pdf_page,paper_caption,paper_caption_status,paper_asset,reproduction_asset,comparison_asset,research_object,research_object_en,model,coordinate_system,main_parameters,numerical_method,script,data_source,current_source_layer,status,evidence,quantitative_validation,consistency,consistency_cn,difference,difference_cn,difference_reason,difference_reason_cn,limitation,limitation_cn,next_action,reproduction_grade,grade_boundary,uses_proxy,notes
2.1,2,Fig. 2.1,8,24,Figure 2.1. Geometry in the three body systems; deﬁnition of inertial and rotating reference frames.,pdf_caption_block,reports/mccarthy2018_figure_comparison/assets/original/fig_2_1_original.png,reports/mccarthy2018_figure_comparison/assets/reproduced/fig_2_1_reproduced.png,reports/mccarthy2018_figure_comparison/assets/comparison/fig_2_1_comparison.png,三体系统几何与参考坐标系,Geometry in the three-body system and reference frames,几何/算法示意（数值动力学模型不作为该图验收对象）,惯性坐标系与旋转坐标系的概念定义,Geometry in the three-body system and reference frames,几何关系示意与确定性绘图,figures/fig_2_01.py,reference schematic geometry,frame definitions and primary geometry,proxy,reference schematic geometry,原论文未报告或当前权威表未登记独立误差值,schematic complete,当前结果重构了坐标、几何或算法语义，不承担定量数值等价证明。,该图只承担概念/几何/算法示意角色，不提供论文原始数值节点的等价证据。,线型、布局与标注为本项目独立绘制，不以像素相似作为验收目标。,目标本身为示意层，当前项目使用独立绘制的语义对应图。,示意图目标是语义和几何关系，而非原图数据重建。,示意或代理层；不得写成定量数值复现,只可用于概念说明，不得报告数值误差或严格等价。,No numerical upgrade needed unless thesis artwork must be redrawn,D,示意或代理层；不得写成定量数值复现,true,阶段 C 证据绑定；所有结论来自当前权威表、逐图审计和实际图形资产。
2.2,2,Fig. 2.2,14,30,"Figure 2.2. Geometry to solve for locations of collinear libration points in CR3BP using γ1, γ2, and γ3",pdf_caption_block,reports/mccarthy2018_figure_comparison/assets/original/fig_2_2_original.png,reports/mccarthy2018_figure_comparison/assets/reproduced/fig_2_2_reproduced.png,reports/mccarthy2018_figure_comparison/assets/comparison/fig_2_2_comparison.png,共线平动点求解几何,Collinear libration point geometry,几何/算法示意（数值动力学模型不作为该图验收对象）,主星-次星质心旋转（synodic）无量纲坐标；图中物理量按脚本输出为无量纲量、km 或 day,Collinear libration point geometry,几何关系示意与确定性绘图,figures/fig_2_02.py,reference schematic geometry,collinear point layout,proxy,reference schematic geometry,原论文未报告或当前权威表未登记独立误差值,schematic complete,当前结果重构了坐标、几何或算法语义，不承担定量数值等价证明。,该图只承担概念/几何/算法示意角色，不提供论文原始数值节点的等价证据。,线型、布局与标注为本项目独立绘制，不以像素相似作为验收目标。,目标本身为示意层，当前项目使用独立绘制的语义对应图。,示意图目标是语义和几何关系，而非原图数据重建。,示意或代理层；不得写成定量数值复现,只可用于概念说明，不得报告数值误差或严格等价。,No numerical upgrade needed beyond visual cleanup,D,示意或代理层；不得写成定量数值复现,true,阶段 C 证据绑定；所有结论来自当前权威表、逐图审计和实际图形资产。
2.3,2,Fig. 2.3,14,30,Figure 2.3. Relative locations of the ﬁve libration points as viewed in the rotating frame,pdf_caption_block,reports/mccarthy2018_figure_comparison/assets/original/fig_2_3_original.png,reports/mccarthy2018_figure_comparison/assets/reproduced/fig_2_3_reproduced.png,reports/mccarthy2018_figure_comparison/assets/comparison/fig_2_3_comparison.png,五个平动点的相对位置,Relative locations of the five libration points,Earth-Moon CR3BP,主星-次星质心旋转（synodic）无量纲坐标；图中物理量按脚本输出为无量纲量、km 或 day,"general CR3BP libration-point geometry; L1/L2/L3 on x-axis; L4/L5=(1/2-mu,+/-sqrt(3)/2)",CR3BP 平动点方程求根与位置计算,figures/fig_2_03.py,data/computed/libration_points.csv,CR3BP L1-L5 locations,boundary,data/computed/libration_points.csv,残差: root solve in libration point table,close to reference,当前结果包含真实数值解，动力学对象、拓扑或主要变化趋势与原图目标相对应。,close to reference,原始节点、完整分支、相位、投影参数或任务约束未完全公开，尚不能证明逐点等价。,现有源层只支持当前等级；严格等价受完整状态、分支覆盖、相位、视角或高保真条件限制。,差异与未公开源数据、分支覆盖、相位/视角或模型保真度边界相符，但不作唯一归因。,真实数值解与主要物理趋势受支持；严格论文等价仍有边界；当前未闭合项：Keep as validated CR3BP baseline,结论限于当前真实数值源层和已报告趋势，不扩展为严格论文等价。,Keep as validated CR3BP baseline,B,真实数值解与主要物理趋势受支持；严格论文等价仍有边界,false,阶段 C 证据绑定；所有结论来自当前权威表、逐图审计和实际图形资产。
2.4,2,Fig. 2.4,16,32,Figure 2.4. Zero-Velocity Curves in the Earth-Moon system for (a) JC = 3.16 and (b) JC = 3.18.,pdf_caption_block,reports/mccarthy2018_figure_comparison/assets/original/fig_2_4_original.png,reports/mccarthy2018_figure_comparison/assets/reproduced/fig_2_4_reproduced.png,reports/mccarthy2018_figure_comparison/assets/comparison/fig_2_4_comparison.png,地月系统零速度曲线,Earth-Moon zero-velocity curves for JC=3.16 and JC=3.18,Earth-Moon CR3BP,主星-次星质心旋转（synodic）无量纲坐标；图中物理量按脚本输出为无量纲量、km 或 day,Earth-Moon zero-velocity curves at JC=3.16 and JC=3.18,Jacobi 常数与零速度曲线/面网格计算,figures/fig_2_04.py,CR3BP zero velocity grid,Jacobi zero velocity contours,boundary,CR3BP zero velocity grid,原论文未报告或当前权威表未登记独立误差值,physically consistent,当前结果包含真实数值解，动力学对象、拓扑或主要变化趋势与原图目标相对应。,physically consistent,原始节点、完整分支、相位、投影参数或任务约束未完全公开，尚不能证明逐点等价。,现有源层只支持当前等级；严格等价受完整状态、分支覆盖、相位、视角或高保真条件限制。,差异与未公开源数据、分支覆盖、相位/视角或模型保真度边界相符，但不作唯一归因。,真实数值解与主要物理趋势受支持；严格论文等价仍有边界；当前未闭合项：Keep as validated CR3BP baseline,结论限于当前真实数值源层和已报告趋势，不扩展为严格论文等价。,Keep as validated CR3BP baseline,B,真实数值解与主要物理趋势受支持；严格论文等价仍有边界,false,阶段 C 证据绑定；所有结论来自当前权威表、逐图审计和实际图形资产。
2.5,2,Fig. 2.5,17,33,"Figure 2.5. Zero-Velocity Surface (ZVS) in the Earth-Moon system, JC = 3.16.",pdf_caption_block,reports/mccarthy2018_figure_comparison/assets/original/fig_2_5_original.png,reports/mccarthy2018_figure_comparison/assets/reproduced/fig_2_5_reproduced.png,reports/mccarthy2018_figure_comparison/assets/comparison/fig_2_5_comparison.png,地月系统零速度面,Earth-Moon rotating frame,Earth-Moon CR3BP,主星-次星质心旋转（synodic）无量纲坐标；图中物理量按脚本输出为无量纲量、km 或 day,Earth-Moon rotating frame,几何关系示意与确定性绘图,figures/fig_2_05.py,local rotating-frame schematic,rotating-frame axes and primaries,proxy,local rotating-frame schematic,原论文未报告或当前权威表未登记独立误差值,schematic only,当前结果重构了坐标、几何或算法语义，不承担定量数值等价证明。,该图只承担概念/几何/算法示意角色，不提供论文原始数值节点的等价证据。,线型、布局与标注为本项目独立绘制，不以像素相似作为验收目标。,目标本身为示意层，当前项目使用独立绘制的语义对应图。,示意图目标是语义和几何关系，而非原图数据重建。,示意或代理层；不得写成定量数值复现,只可用于概念说明，不得报告数值误差或严格等价。,No numerical upgrade needed unless exact thesis artwork is required,D,示意或代理层；不得写成定量数值复现,true,阶段 C 证据绑定；所有结论来自当前权威表、逐图审计和实际图形资产。
2.6,2,Fig. 2.6,18,34,Figure 2.6. ZVCs for JC = JCL2+JCL1,pdf_caption_block,reports/mccarthy2018_figure_comparison/assets/original/fig_2_6_original.png,reports/mccarthy2018_figure_comparison/assets/reproduced/fig_2_6_reproduced.png,reports/mccarthy2018_figure_comparison/assets/comparison/fig_2_6_comparison.png,地月、土卫六与日地系统零速度曲线对照,"ZVC comparison for Earth-Moon, Saturn-Titan, and Sun-Earth",Sun-Earth CR3BP,主星-次星质心旋转（synodic）无量纲坐标；图中物理量按脚本输出为无量纲量、km 或 day,ZVC comparison: Earth-Moon mu=0.01215; Saturn-Titan mu=0.0002366; Sun-Earth mu=3.0035e-6,Jacobi 常数与零速度曲线/面网格计算,figures/fig_2_06.py,CR3BP zero velocity grids across systems,Jacobi zero velocity contours,boundary,CR3BP zero velocity grids across systems,原论文未报告或当前权威表未登记独立误差值,close to reference,当前结果包含真实数值解，动力学对象、拓扑或主要变化趋势与原图目标相对应。,close to reference,原始节点、完整分支、相位、投影参数或任务约束未完全公开，尚不能证明逐点等价。,现有源层只支持当前等级；严格等价受完整状态、分支覆盖、相位、视角或高保真条件限制。,差异与未公开源数据、分支覆盖、相位/视角或模型保真度边界相符，但不作唯一归因。,真实数值解与主要物理趋势受支持；严格论文等价仍有边界；当前未闭合项：Keep as validated CR3BP baseline,结论限于当前真实数值源层和已报告趋势，不扩展为严格论文等价。,Keep as validated CR3BP baseline,B,真实数值解与主要物理趋势受支持；严格论文等价仍有边界,false,阶段 C 证据绑定；所有结论来自当前权威表、逐图审计和实际图形资产。
2.7,2,Fig. 2.7,24,40,Figure 2.7. Decoupled out-of-plane (blue) and in-plane (red) varia- tions from the L1 point in the Earth-Moon system,pdf_caption_block,reports/mccarthy2018_figure_comparison/assets/original/fig_2_7_original.png,reports/mccarthy2018_figure_comparison/assets/reproduced/fig_2_7_reproduced.png,reports/mccarthy2018_figure_comparison/assets/comparison/fig_2_7_comparison.png,地月 L1 点附近面内与面外线性模态,Linearized in-plane and out-of-plane variations at Earth-Moon L1,Earth-Moon CR3BP,主星-次星质心旋转（synodic）无量纲坐标；图中物理量按脚本输出为无量纲量、km 或 day,Earth-Moon L1 decoupled in-plane and out-of-plane first-order modes; equations 2.61-2.66,L1 线性化中心模态与线性 Lissajous 构造,figures/fig_2_07.py,linearized L1 center modes,planar and vertical linear modes,boundary,linearized L1 center modes,原论文未报告或当前权威表未登记独立误差值,physically consistent,当前结果包含真实数值解，动力学对象、拓扑或主要变化趋势与原图目标相对应。,physically consistent,原始节点、完整分支、相位、投影参数或任务约束未完全公开，尚不能证明逐点等价。,现有源层只支持当前等级；严格等价受完整状态、分支覆盖、相位、视角或高保真条件限制。,差异与未公开源数据、分支覆盖、相位/视角或模型保真度边界相符，但不作唯一归因。,真实数值解与主要物理趋势受支持；严格论文等价仍有边界；当前未闭合项：Keep as validated linear CR3BP baseline,结论限于当前真实数值源层和已报告趋势，不扩展为严格论文等价。,Keep as validated linear CR3BP baseline,B,真实数值解与主要物理趋势受支持；严格论文等价仍有边界,false,阶段 C 证据绑定；所有结论来自当前权威表、逐图审计和实际图形资产。
2.8,2,Fig. 2.8,24,40,"Figure 2.8. (a) 3D View, (b) ˆxˆy plane projection and (c) ˆyˆz plane projection of linearized Lissajous motion around the Earth-Moon L1 equilibrium point",pdf_caption_block,reports/mccarthy2018_figure_comparison/assets/original/fig_2_8_original.png,reports/mccarthy2018_figure_comparison/assets/reproduced/fig_2_8_reproduced.png,reports/mccarthy2018_figure_comparison/assets/comparison/fig_2_8_comparison.png,地月 L1 点附近线性 Lissajous 运动,Linearized Lissajous motion around Earth-Moon L1,Earth-Moon CR3BP,主星-次星质心旋转（synodic）无量纲坐标；图中物理量按脚本输出为无量纲量、km 或 day,Earth-Moon L1 linear Lissajous motion coupling in-plane and out-of-plane modes; equations 2.67-2.72,L1 线性化中心模态与线性 Lissajous 构造,figures/fig_2_08.py,linearized L1 Lissajous propagation,linear mode amplitudes,boundary,linearized L1 Lissajous propagation,原论文未报告或当前权威表未登记独立误差值,physically consistent,当前结果包含真实数值解，动力学对象、拓扑或主要变化趋势与原图目标相对应。,physically consistent,原始节点、完整分支、相位、投影参数或任务约束未完全公开，尚不能证明逐点等价。,现有源层只支持当前等级；严格等价受完整状态、分支覆盖、相位、视角或高保真条件限制。,差异与未公开源数据、分支覆盖、相位/视角或模型保真度边界相符，但不作唯一归因。,真实数值解与主要物理趋势受支持；严格论文等价仍有边界；当前未闭合项：Keep as validated linear CR3BP baseline,结论限于当前真实数值源层和已报告趋势，不扩展为严格论文等价。,Keep as validated linear CR3BP baseline,B,真实数值解与主要物理趋势受支持；严格论文等价仍有边界,false,阶段 C 证据绑定；所有结论来自当前权威表、逐图审计和实际图形资产。
2.9,2,Fig. 2.9,29,45,Figure 2.9. Single shooting diﬀerential corrections targeting scheme,pdf_caption_block,reports/mccarthy2018_figure_comparison/assets/original/fig_2_9_original.png,reports/mccarthy2018_figure_comparison/assets/reproduced/fig_2_9_reproduced.png,reports/mccarthy2018_figure_comparison/assets/comparison/fig_2_9_comparison.png,单步打靶差分修正示意,Single-shooting differential corrections targeting,几何/算法示意（数值动力学模型不作为该图验收对象）,算法/拓扑示意坐标，不用于状态空间逐点比较,Single-shooting differential corrections targeting,单步打靶差分修正方法示意,figures/fig_2_09.py,algorithm schematic,single-shooting correction geometry,proxy,algorithm schematic,原论文未报告或当前权威表未登记独立误差值,schematic only,当前结果重构了坐标、几何或算法语义，不承担定量数值等价证明。,该图只承担概念/几何/算法示意角色，不提供论文原始数值节点的等价证据。,线型、布局与标注为本项目独立绘制，不以像素相似作为验收目标。,目标本身为示意层，当前项目使用独立绘制的语义对应图。,示意图目标是语义和几何关系，而非原图数据重建。,示意或代理层；不得写成定量数值复现,只可用于概念说明，不得报告数值误差或严格等价。,No numerical upgrade needed,D,示意或代理层；不得写成定量数值复现,true,阶段 C 证据绑定；所有结论来自当前权威表、逐图审计和实际图形资产。
2.10,2,Fig. 2.10,31,47,Figure 2.10. Trajectory arcs in multiple shooting scheme,pdf_caption_block,reports/mccarthy2018_figure_comparison/assets/original/fig_2_10_original.png,reports/mccarthy2018_figure_comparison/assets/reproduced/fig_2_10_reproduced.png,reports/mccarthy2018_figure_comparison/assets/comparison/fig_2_10_comparison.png,多步打靶轨迹弧段示意,Multiple-shooting trajectory arcs,几何/算法示意（数值动力学模型不作为该图验收对象）,算法/拓扑示意坐标，不用于状态空间逐点比较,Multiple-shooting trajectory arcs,多步打靶弧段与连续性约束示意,figures/fig_2_10.py,algorithm schematic,multiple-shooting arc geometry,proxy,algorithm schematic,原论文未报告或当前权威表未登记独立误差值,schematic only,当前结果重构了坐标、几何或算法语义，不承担定量数值等价证明。,该图只承担概念/几何/算法示意角色，不提供论文原始数值节点的等价证据。,线型、布局与标注为本项目独立绘制，不以像素相似作为验收目标。,目标本身为示意层，当前项目使用独立绘制的语义对应图。,示意图目标是语义和几何关系，而非原图数据重建。,示意或代理层；不得写成定量数值复现,只可用于概念说明，不得报告数值误差或严格等价。,No numerical upgrade needed,D,示意或代理层；不得写成定量数值复现,true,阶段 C 证据绑定；所有结论来自当前权威表、逐图审计和实际图形资产。
2.11,2,Fig. 2.11,34,50,Figure 2.11. Initial guess (red) and converged solution (blue) in a perpendicular crossing diﬀerential corrections scheme for an Earth- Moon L2 Lyapunov orbit,pdf_caption_block,reports/mccarthy2018_figure_comparison/assets/original/fig_2_11_original.png,reports/mccarthy2018_figure_comparison/assets/reproduced/fig_2_11_reproduced.png,reports/mccarthy2018_figure_comparison/assets/comparison/fig_2_11_comparison.png,L2 Lyapunov 初值与修正解,L2 Lyapunov initial guess and corrected solution,Earth-Moon CR3BP,主星-次星质心旋转（synodic）无量纲坐标；图中物理量按脚本输出为无量纲量、km 或 day,"Earth-Moon L2 planar Lyapunov correction; x0=[x0,0,0,0,ydot0,0]; free variables=[x0,ydot0,T]; constraints=[y(T),xdot(T)]=0",周期轨道单步打靶差分修正与数值积分,figures/fig_2_11.py,data/computed/lyapunov_l2_summary.csv,L2 Lyapunov state; period; Jacobi,boundary,data/computed/lyapunov_l2_summary.csv,残差: corrected shooting residual in CSV；周期/相位: periodicity error in CSV,physically consistent,当前结果包含真实数值解，动力学对象、拓扑或主要变化趋势与原图目标相对应。,physically consistent,原始节点、完整分支、相位、投影参数或任务约束未完全公开，尚不能证明逐点等价。,现有源层只支持当前等级；严格等价受完整状态、分支覆盖、相位、视角或高保真条件限制。,差异与未公开源数据、分支覆盖、相位/视角或模型保真度边界相符，但不作唯一归因。,真实数值解与主要物理趋势受支持；严格论文等价仍有边界；当前未闭合项：Keep as validated periodic-orbit baseline,结论限于当前真实数值源层和已报告趋势，不扩展为严格论文等价。,Keep as validated periodic-orbit baseline,B,真实数值解与主要物理趋势受支持；严格论文等价仍有边界,false,阶段 C 证据绑定；所有结论来自当前权威表、逐图审计和实际图形资产。
2.12,2,Fig. 2.12,39,55,Figure 2.12. (a) Natural parameter continuation and (b) pseudo- arclength continuation schemes,pdf_caption_block,reports/mccarthy2018_figure_comparison/assets/original/fig_2_12_original.png,reports/mccarthy2018_figure_comparison/assets/reproduced/fig_2_12_reproduced.png,reports/mccarthy2018_figure_comparison/assets/comparison/fig_2_12_comparison.png,自然参数与伪弧长延拓示意,Natural and pseudo-arclength continuation,几何/算法示意（数值动力学模型不作为该图验收对象）,算法/拓扑示意坐标，不用于状态空间逐点比较,Natural and pseudo-arclength continuation,自然参数与伪弧长延拓示意,figures/fig_2_12.py,continuation schematic,natural and pseudo-arclength continuation geometry,proxy,continuation schematic,原论文未报告或当前权威表未登记独立误差值,schematic only,当前结果重构了坐标、几何或算法语义，不承担定量数值等价证明。,该图只承担概念/几何/算法示意角色，不提供论文原始数值节点的等价证据。,线型、布局与标注为本项目独立绘制，不以像素相似作为验收目标。,目标本身为示意层，当前项目使用独立绘制的语义对应图。,示意图目标是语义和几何关系，而非原图数据重建。,示意或代理层；不得写成定量数值复现,只可用于概念说明，不得报告数值误差或严格等价。,No numerical upgrade needed,D,示意或代理层；不得写成定量数值复现,true,阶段 C 证据绑定；所有结论来自当前权威表、逐图审计和实际图形资产。
2.13,2,Fig. 2.13,40,56,"Figure 2.13. L2 Lyapunov, Halo and Vertical orbits in the Jupiter- Europa system (µ = 2.528×10−5), constructed using pseudo-arclength continuation",pdf_caption_block,reports/mccarthy2018_figure_comparison/assets/original/fig_2_13_original.png,reports/mccarthy2018_figure_comparison/assets/reproduced/fig_2_13_reproduced.png,reports/mccarthy2018_figure_comparison/assets/comparison/fig_2_13_comparison.png,木星—欧罗巴 L2 周期轨道族,"Jupiter-Europa L2 Lyapunov, halo, and vertical families",Jupiter-Europa CR3BP,主星-次星质心旋转（synodic）无量纲坐标；图中物理量按脚本输出为无量纲量、km 或 day,"Jupiter-Europa L2 Lyapunov, halo, and vertical families; mu=2.528e-5",周期轨道差分修正、分支延拓与三维族绘制,figures/fig_2_13.py,data/computed/jupiter_europa_l2_*_family.csv,Jupiter-Europa Lyapunov; halo; vertical families,boundary,data/computed/jupiter_europa_l2_*_family.csv,残差: final residuals in family CSV；周期/相位: periodicity errors in family CSV；稳定性: stability indices in family CSV,local numerical family,当前结果包含真实数值解，动力学对象、拓扑或主要变化趋势与原图目标相对应。,local numerical family,原始节点、完整分支、相位、投影参数或任务约束未完全公开，尚不能证明逐点等价。,现有源层只支持当前等级；严格等价受完整状态、分支覆盖、相位、视角或高保真条件限制。,差异与未公开源数据、分支覆盖、相位/视角或模型保真度边界相符，但不作唯一归因。,真实数值解与主要物理趋势受支持；严格论文等价仍有边界；当前未闭合项：Compare against thesis branch amplitudes if source values are found,结论限于当前真实数值源层和已报告趋势，不扩展为严格论文等价。,Compare against thesis branch amplitudes if source values are found,B,真实数值解与主要物理趋势受支持；严格论文等价仍有边界,false,阶段 C 证据绑定；所有结论来自当前权威表、逐图审计和实际图形资产。
2.14,2,Fig. 2.14,43,59,Figure 2.14. Stable (blue) and unstable (red) manifold trajectories from an L1 Lyapunov orbit. The ZVCs for the Jacobi Constant (JC = 3.1827) of this orbit are deﬁned by the black curve.,pdf_caption_block,reports/mccarthy2018_figure_comparison/assets/original/fig_2_14_original.png,reports/mccarthy2018_figure_comparison/assets/reproduced/fig_2_14_reproduced.png,reports/mccarthy2018_figure_comparison/assets/comparison/fig_2_14_comparison.png,L1 Lyapunov 轨道的稳定与不稳定流形,Stable and unstable manifolds from an L1 Lyapunov orbit,Earth-Moon CR3BP,主星-次星质心旋转（synodic）无量纲坐标；图中物理量按脚本输出为无量纲量、km 或 day,Earth-Moon L1 Lyapunov stable/unstable manifolds; JC=3.1827,单周期矩阵特征方向扰动与稳定/不稳定流形传播,figures/fig_2_14.py,data/computed/lyapunov_l1_manifold_summary.csv,L1 Lyapunov monodromy and stable/unstable manifolds,boundary,data/computed/lyapunov_l1_manifold_summary.csv,周期/相位: periodicity error in CSV；稳定性: stability index in CSV,physically consistent,当前结果包含真实数值解，动力学对象、拓扑或主要变化趋势与原图目标相对应。,physically consistent,原始节点、完整分支、相位、投影参数或任务约束未完全公开，尚不能证明逐点等价。,现有源层只支持当前等级；严格等价受完整状态、分支覆盖、相位、视角或高保真条件限制。,差异与未公开源数据、分支覆盖、相位/视角或模型保真度边界相符，但不作唯一归因。,真实数值解与主要物理趋势受支持；严格论文等价仍有边界；当前未闭合项：Keep as validated periodic-manifold baseline,结论限于当前真实数值源层和已报告趋势，不扩展为严格论文等价。,Keep as validated periodic-manifold baseline,B,真实数值解与主要物理趋势受支持；严格论文等价仍有边界,false,阶段 C 证据绑定；所有结论来自当前权威表、逐图审计和实际图形资产。
2.15,2,Fig. 2.15,45,61,Figure 2.15. Stability index for a subset of the Earth-Moon L2 halo family,pdf_caption_block,reports/mccarthy2018_figure_comparison/assets/original/fig_2_15_original.png,reports/mccarthy2018_figure_comparison/assets/reproduced/fig_2_15_reproduced.png,reports/mccarthy2018_figure_comparison/assets/comparison/fig_2_15_comparison.png,地月 L2 Halo 轨道族稳定指标,Stability index for Earth-Moon L2 halo family,Earth-Moon CR3BP,主星-次星质心旋转（synodic）无量纲坐标；图中物理量按脚本输出为无量纲量、km 或 day,Earth-Moon L2 halo-family stability index; nu=(abs(lambda_max)+1/abs(lambda_max))/2; stable nu=1; unstable nu>1,周期轨道族延拓、单周期矩阵与稳定指标计算,figures/fig_2_15.py,data/computed/earth_moon_l2_halo_stability.csv,L2 halo/NRHO stability branch,accepted,data/computed/earth_moon_l2_halo_stability.csv,残差: final residuals in CSV；周期/相位: periodicity errors below validation threshold；稳定性: NRHO points within 0.01 of thesis values,close to reference,当前证据支持主要论文参数、数值对象和项目内部残差门槛的一致性。,当前项目审计门槛通过；原作者离散节点与完整绘图参数未公开，因此不声明逐像素或逐节点等价。,未发现超出已记录边界的当前门槛失败；绘图视角与原作者离散节点仍可能不同。,独立重建使用当前权威 CSV/NPZ；论文未公开完整分支状态与绘图元数据。,论文未公开完整离散节点和绘图元数据；当前结论仅限已验证指标。,按当前项目审计门槛定量通过；不自动声明与原作者离散节点逐点等价,A 级仅表示当前项目门槛内定量通过，不等于原作者节点逐点等价。,Keep branch and add exact thesis data if available,A,按当前项目审计门槛定量通过；不自动声明与原作者离散节点逐点等价,false,阶段 C 证据绑定；所有结论来自当前权威表、逐图审计和实际图形资产。
3.1,3,Fig. 3.1,48,64,Figure 3.1. 2-dimensional torus deﬁned by the product of the red and blue circles,pdf_caption_block,reports/mccarthy2018_figure_comparison/assets/original/fig_3_1_original.png,reports/mccarthy2018_figure_comparison/assets/reproduced/fig_3_1_reproduced.png,reports/mccarthy2018_figure_comparison/assets/comparison/fig_3_1_comparison.png,二维环面作为两个圆的直积,Two-dimensional torus as product of two circles,几何/算法示意（数值动力学模型不作为该图验收对象）,算法/拓扑示意坐标，不用于状态空间逐点比较,Two-dimensional torus as product of two circles,不变环面/不变曲线、映射与多段校正的概念示意,figures/fig_3_01.py,torus schematic,two-circle torus geometry,proxy,torus schematic,原论文未报告或当前权威表未登记独立误差值,schematic only,当前结果重构了坐标、几何或算法语义，不承担定量数值等价证明。,该图只承担概念/几何/算法示意角色，不提供论文原始数值节点的等价证据。,线型、布局与标注为本项目独立绘制，不以像素相似作为验收目标。,目标本身为示意层，当前项目使用独立绘制的语义对应图。,示意图目标是语义和几何关系，而非原图数据重建。,示意或代理层；不得写成定量数值复现,只可用于概念说明，不得报告数值误差或严格等价。,No numerical upgrade needed,D,示意或代理层；不得写成定量数值复现,true,阶段 C 证据绑定；所有结论来自当前权威表、逐图审计和实际图形资产。
3.2,3,Fig. 3.2,49,65,"Figure 3.2. 2-dimensional torus with the invariant curve (blue), the rotation angle ρ, and a single trajectory (yellow) propagated to the ﬁrst return to the invariant curve",pdf_caption_block,reports/mccarthy2018_figure_comparison/assets/original/fig_3_2_original.png,reports/mccarthy2018_figure_comparison/assets/reproduced/fig_3_2_reproduced.png,reports/mccarthy2018_figure_comparison/assets/comparison/fig_3_2_comparison.png,不变曲线、旋转角与回归轨迹,"Invariant curve, rotation angle, and return trajectory",几何/算法示意（数值动力学模型不作为该图验收对象）,算法/拓扑示意坐标，不用于状态空间逐点比较,"Invariant curve, rotation angle, and return trajectory",不变环面/不变曲线、映射与多段校正的概念示意,figures/fig_3_02.py,invariant-curve schematic,rotation angle and return map geometry,proxy,invariant-curve schematic,原论文未报告或当前权威表未登记独立误差值,schematic only,当前结果重构了坐标、几何或算法语义，不承担定量数值等价证明。,该图只承担概念/几何/算法示意角色，不提供论文原始数值节点的等价证据。,线型、布局与标注为本项目独立绘制，不以像素相似作为验收目标。,目标本身为示意层，当前项目使用独立绘制的语义对应图。,示意图目标是语义和几何关系，而非原图数据重建。,示意或代理层；不得写成定量数值复现,只可用于概念说明，不得报告数值误差或严格等价。,No numerical upgrade needed,D,示意或代理层；不得写成定量数值复现,true,阶段 C 证据绑定；所有结论来自当前权威表、逐图审计和实际图形资产。
3.3,3,Fig. 3.3,49,65,"Figure 3.3. A set of 7 discretized states (yellow) on the invariant curve, represented by the blue circle. The invariant curve is associated with the stroboscopic map deﬁned at θ0. The initial location of the states is represented in (a). The ﬁrst return to the map, at time T0, is represented in (b), where the states have rotated by ρ. The nearby periodic orbit is represented by the ﬁxed point on the map.",pdf_caption_block,reports/mccarthy2018_figure_comparison/assets/original/fig_3_3_original.png,reports/mccarthy2018_figure_comparison/assets/reproduced/fig_3_3_reproduced.png,reports/mccarthy2018_figure_comparison/assets/comparison/fig_3_3_comparison.png,七节点离散不变曲线映射,Seven-point discretized invariant curve mapping,Earth-Moon CR3BP,主星-次星质心旋转（synodic）无量纲坐标；图中物理量按脚本输出为无量纲量、km 或 day,Seven-point discretized invariant curve mapping,不变环面/不变曲线、映射与多段校正的概念示意,figures/fig_3_03.py,data/computed/earth_moon_l1_stroboscopic_curve_seed.csv,seven-point invariant curve map residuals,diagnostic,data/computed/earth_moon_l1_stroboscopic_curve_seed.csv,残差: residuals in seed CSV；Jacobi: jacobi drift in seed CSV,schematic with numerical diagnostic,当前结果给出局部数值源层或诊断性解，只覆盖原图的部分区间、分支或闭合条件。,schematic with numerical diagnostic,局部分支、覆盖范围或闭合门槛尚未达到论文全图条件。,现有源层只支持当前等级；严格等价受完整状态、分支覆盖、相位、视角或高保真条件限制。,现有求解链仅在局部或诊断门槛内稳定，不能外推到未计算区间。,局部、部分分支或诊断性数值源层；当前未闭合项：Keep schematic status and use CSV for algorithm validation,只可用于局部/诊断性结论，未覆盖部分不得外推。,Keep schematic status and use CSV for algorithm validation,C,局部、部分分支或诊断性数值源层,partial,阶段 C 证据绑定；所有结论来自当前权威表、逐图审计和实际图形资产。
3.4,3,Fig. 3.4,62,78,Figure 3.4. Representation of a patch curves along a torus used for a multiple shooting torus correction scheme,pdf_caption_block,reports/mccarthy2018_figure_comparison/assets/original/fig_3_4_original.png,reports/mccarthy2018_figure_comparison/assets/reproduced/fig_3_4_reproduced.png,reports/mccarthy2018_figure_comparison/assets/comparison/fig_3_4_comparison.png,多步打靶环面修正的拼接曲线,Patch curves for multiple-shooting torus correction,几何/算法示意（数值动力学模型不作为该图验收对象）,算法/拓扑示意坐标，不用于状态空间逐点比较,Patch curves for multiple-shooting torus correction,不变环面/不变曲线、映射与多段校正的概念示意,figures/fig_3_04.py,torus correction schematic,patch curves and multiple-shooting layout,proxy,torus correction schematic,原论文未报告或当前权威表未登记独立误差值,schematic only,当前结果重构了坐标、几何或算法语义，不承担定量数值等价证明。,该图只承担概念/几何/算法示意角色，不提供论文原始数值节点的等价证据。,线型、布局与标注为本项目独立绘制，不以像素相似作为验收目标。,目标本身为示意层，当前项目使用独立绘制的语义对应图。,示意图目标是语义和几何关系，而非原图数据重建。,示意或代理层；不得写成定量数值复现,只可用于概念说明，不得报告数值误差或严格等价。,No numerical upgrade needed,D,示意或代理层；不得写成定量数值复现,true,阶段 C 证据绑定；所有结论来自当前权威表、逐图审计和实际图形资产。
3.5,3,Fig. 3.5,68,84,"Figure 3.5. Four quasi-halo tori projected into conﬁguration space in a constant energy family (JC = 3.1389) with the central periodic orbit in blue. The stroboscopic mapping times for each orbit are (a) 12.03 days, (b) 12.09 days, (c) 12.26 days, and (d) 12.40 days",pdf_caption_block,reports/mccarthy2018_figure_comparison/assets/original/fig_3_5_original.png,reports/mccarthy2018_figure_comparison/assets/reproduced/fig_3_5_reproduced.png,reports/mccarthy2018_figure_comparison/assets/comparison/fig_3_5_comparison.png,定能量拟 Halo 环面族,"Constant-energy quasi-halo tori, JC=3.1389",Earth-Moon CR3BP,主星-次星质心旋转（synodic）无量纲坐标；图中物理量按脚本输出为无量纲量、km 或 day,"constant-energy quasi-halo family; JC=3.1389; T0=12.03,12.09,12.26,12.40 day",定能量不变曲线 Newton 校正、延拓与 CR3BP 传播,figures/fig_3_05.py,data/computed/chapter3_corrected_constant_energy_halo_high_order_family.csv,JC 3.1389 quasi-halo tori,accepted,data/computed/chapter3_corrected_constant_energy_halo_high_order_family.csv,残差: 7.41e-11 selected member residual；Jacobi: 1.4e-15 temporal drift,corrected numerical family,当前证据支持主要论文参数、数值对象和项目内部残差门槛的一致性。,当前项目审计门槛通过；原作者离散节点与完整绘图参数未公开，因此不声明逐像素或逐节点等价。,未发现超出已记录边界的当前门槛失败；绘图视角与原作者离散节点仍可能不同。,独立重建使用当前权威 CSV/NPZ；论文未公开完整分支状态与绘图元数据。,论文未公开完整离散节点和绘图元数据；当前结论仅限已验证指标。,按当前项目审计门槛定量通过；不自动声明与原作者离散节点逐点等价,A 级仅表示当前项目门槛内定量通过，不等于原作者节点逐点等价。,Continue only if exact thesis continuation states become available,A,按当前项目审计门槛定量通过；不自动声明与原作者离散节点逐点等价,false,阶段 C 证据绑定；所有结论来自当前权威表、逐图审计和实际图形资产。
3.6,3,Fig. 3.6,69,85,Figure 3.6. (a) y- and z-amplitude of the constant energy quasi-halo family for JC = 3.1389 in the Earth-Moon system as a function of the stroboscopic mapping time. (b) The amplitude ratio of the family.,pdf_caption_block,reports/mccarthy2018_figure_comparison/assets/original/fig_3_6_original.png,reports/mccarthy2018_figure_comparison/assets/reproduced/fig_3_6_reproduced.png,reports/mccarthy2018_figure_comparison/assets/comparison/fig_3_6_comparison.png,定能量拟 Halo 振幅曲线,Constant-energy quasi-halo amplitudes,Earth-Moon CR3BP,主星-次星质心旋转（synodic）无量纲坐标；图中物理量按脚本输出为无量纲量、km 或 day,constant-energy quasi-halo amplitude and amplitude-ratio curves; JC=3.1389,定能量不变曲线 Newton 校正、延拓与 CR3BP 传播,figures/fig_3_06.py,data/computed/chapter3_corrected_constant_energy_halo_high_order_family.csv,quasi-halo amplitudes versus mapping time,accepted,data/computed/chapter3_corrected_constant_energy_halo_high_order_family.csv,残差: 7.41e-11 selected member residual；Jacobi: 1.4e-15 temporal drift,corrected numerical family,当前证据支持主要论文参数、数值对象和项目内部残差门槛的一致性。,当前项目审计门槛通过；原作者离散节点与完整绘图参数未公开，因此不声明逐像素或逐节点等价。,未发现超出已记录边界的当前门槛失败；绘图视角与原作者离散节点仍可能不同。,独立重建使用当前权威 CSV/NPZ；论文未公开完整分支状态与绘图元数据。,论文未公开完整离散节点和绘图元数据；当前结论仅限已验证指标。,按当前项目审计门槛定量通过；不自动声明与原作者离散节点逐点等价,A 级仅表示当前项目门槛内定量通过，不等于原作者节点逐点等价。,Continue high-amplitude tail validation if needed,A,按当前项目审计门槛定量通过；不自动声明与原作者离散节点逐点等价,false,阶段 C 证据绑定；所有结论来自当前权威表、逐图审计和实际图形资产。
3.7,3,Fig. 3.7,70,86,"Figure 3.7. Four quasi-vertical tori projected into conﬁguration space in a constant energy family (JC = 3.1389) with the central periodic orbit in blue. The stroboscopic mapping times for each orbit are (a) 12.87 days, (b) 12.85 days, (c) 12.78 days, and (d) 12.66 days",pdf_caption_block,reports/mccarthy2018_figure_comparison/assets/original/fig_3_7_original.png,reports/mccarthy2018_figure_comparison/assets/reproduced/fig_3_7_reproduced.png,reports/mccarthy2018_figure_comparison/assets/comparison/fig_3_7_comparison.png,定能量拟垂直环面族,"Constant-energy quasi-vertical tori, JC=3.1389",Earth-Moon CR3BP,主星-次星质心旋转（synodic）无量纲坐标；图中物理量按脚本输出为无量纲量、km 或 day,"constant-energy quasi-vertical family; JC=3.1389; T0=12.87,12.85,12.78,12.66 day",定能量不变曲线 Newton 校正、延拓与 CR3BP 传播,figures/fig_3_07.py,data/computed/chapter3_corrected_constant_energy_vertical_staged_family.csv,JC 3.1389 quasi-vertical tori,boundary,data/computed/chapter3_corrected_constant_energy_vertical_staged_family.csv,残差: 4.98e-10 selected member residual；Jacobi: 1.4e-15 temporal drift,corrected numerical family,当前结果包含真实数值解，动力学对象、拓扑或主要变化趋势与原图目标相对应。,corrected numerical family,原始节点、完整分支、相位、投影参数或任务约束未完全公开，尚不能证明逐点等价。,现有源层只支持当前等级；严格等价受完整状态、分支覆盖、相位、视角或高保真条件限制。,差异与未公开源数据、分支覆盖、相位/视角或模型保真度边界相符，但不作唯一归因。,真实数值解与主要物理趋势受支持；严格论文等价仍有边界；当前未闭合项：Continue thesis endpoint comparison if source values appear,结论限于当前真实数值源层和已报告趋势，不扩展为严格论文等价。,Continue thesis endpoint comparison if source values appear,B,真实数值解与主要物理趋势受支持；严格论文等价仍有边界,false,阶段 C 证据绑定；所有结论来自当前权威表、逐图审计和实际图形资产。
3.8,3,Fig. 3.8,71,87,Figure 3.8. (a) y- and z-amplitude of the constant energy quasi- vertical family for JC = 3.1389 in the Earth-Moon system as a func- tion of the stroboscopic mapping time. (b) The amplitude ratio of the family.,pdf_caption_block,reports/mccarthy2018_figure_comparison/assets/original/fig_3_8_original.png,reports/mccarthy2018_figure_comparison/assets/reproduced/fig_3_8_reproduced.png,reports/mccarthy2018_figure_comparison/assets/comparison/fig_3_8_comparison.png,定能量拟垂直振幅曲线,Constant-energy quasi-vertical amplitudes,Earth-Moon CR3BP,主星-次星质心旋转（synodic）无量纲坐标；图中物理量按脚本输出为无量纲量、km 或 day,constant-energy quasi-vertical amplitude and amplitude-ratio curves; JC=3.1389,定能量不变曲线 Newton 校正、延拓与 CR3BP 传播,figures/fig_3_08.py,data/computed/chapter3_corrected_constant_energy_vertical_staged_family.csv,quasi-vertical amplitudes versus mapping time,boundary,data/computed/chapter3_corrected_constant_energy_vertical_staged_family.csv,残差: 4.98e-10 selected member residual；Jacobi: 1.4e-15 temporal drift,corrected numerical family,当前结果包含真实数值解，动力学对象、拓扑或主要变化趋势与原图目标相对应。,corrected numerical family,原始节点、完整分支、相位、投影参数或任务约束未完全公开，尚不能证明逐点等价。,现有源层只支持当前等级；严格等价受完整状态、分支覆盖、相位、视角或高保真条件限制。,差异与未公开源数据、分支覆盖、相位/视角或模型保真度边界相符，但不作唯一归因。,真实数值解与主要物理趋势受支持；严格论文等价仍有边界；当前未闭合项：Continue thesis endpoint comparison if source values appear,结论限于当前真实数值源层和已报告趋势，不扩展为严格论文等价。,Continue thesis endpoint comparison if source values appear,B,真实数值解与主要物理趋势受支持；严格论文等价仍有边界,false,阶段 C 证据绑定；所有结论来自当前权威表、逐图审计和实际图形资产。
3.9,3,Fig. 3.9,71,87,Figure 3.9. Frequency ratio as a function of stroboscopic mapping time for a constant energy (a) quasi-halo family and (b) quasi-vertical family.,pdf_caption_block,reports/mccarthy2018_figure_comparison/assets/original/fig_3_9_original.png,reports/mccarthy2018_figure_comparison/assets/reproduced/fig_3_9_reproduced.png,reports/mccarthy2018_figure_comparison/assets/comparison/fig_3_9_comparison.png,频率比随映射时间变化,Frequency ratio versus mapping time,Earth-Moon CR3BP,主星-次星质心旋转（synodic）无量纲坐标；图中物理量按脚本输出为无量纲量、km 或 day,frequency ratio versus mapping time for constant-energy quasi-halo and quasi-vertical families; JC=3.1389,校正族的频率比/映射时间计算；尾段保留代理边界,figures/fig_3_09.py,data/computed/chapter3_corrected_*_family.csv,frequency ratio versus mapping time,diagnostic,data/computed/chapter3_corrected_*_family.csv,残差: curve residuals in family CSV；Jacobi: jacobi span in family CSV,corrected curves with proxy tail,当前结果给出局部数值源层或诊断性解，只覆盖原图的部分区间、分支或闭合条件。,corrected curves with proxy tail,局部分支、覆盖范围或闭合门槛尚未达到论文全图条件。,现有源层只支持当前等级；严格等价受完整状态、分支覆盖、相位、视角或高保真条件限制。,现有求解链仅在局部或诊断门槛内稳定，不能外推到未计算区间。,局部、部分分支或诊断性数值源层；当前未闭合项：Replace remaining quasi-halo tail proxy with continued numerical branch,只可用于局部/诊断性结论，未覆盖部分不得外推。,Replace remaining quasi-halo tail proxy with continued numerical branch,C,局部、部分分支或诊断性数值源层,partial,阶段 C 证据绑定；所有结论来自当前权威表、逐图审计和实际图形资产。
3.10,3,Fig. 3.10,72,88,"Figure 3.10. Example of (a) a period-2 halo orbit, (b) a period-3 halo orbit, and (c) a period-8 halo orbit.",pdf_caption_block,reports/mccarthy2018_figure_comparison/assets/original/fig_3_10_original.png,reports/mccarthy2018_figure_comparison/assets/reproduced/fig_3_10_reproduced.png,reports/mccarthy2018_figure_comparison/assets/comparison/fig_3_10_comparison.png,period-2、period-3 与 period-8 Halo 示例,"Period-2, period-3, and period-8 halo examples",Earth-Moon CR3BP,主星-次星质心旋转（synodic）无量纲坐标；图中物理量按脚本输出为无量纲量、km 或 day,"Earth-Moon period-2, period-3, and period-8 halo examples",period-q 多步打靶、单步闭合复核与单周期矩阵审计,figures/fig_3_10.py,data/computed/period_q_halo_examples.csv;data/computed/period_q_halo_closure_audit.csv;data/computed/chapter3_period_q_per_figure_audit.csv,q=2/q=3/q=8 Earth-Moon CR3BP period-q halo examples; strict single-shoot accepted rows 2; local multiple-shooting accepted rows 3; q8 max multiplier 3.431052642945378e+16,diagnostic,data/computed/period_q_halo_examples.csv;data/computed/period_q_halo_closure_audit.csv;data/computed/chapter3_period_q_per_figure_audit.csv,残差: worst local multiple-shooting residual 7.654092149144291e-14; local accepted rows 3；Jacobi: worst local trajectory Jacobi drift 4.440892098500626e-15；周期/相位: worst strict single-shoot closure 5.188337924828195e-09; q8 single-shoot closure 3.906984451743337；稳定性: q8 high-instability boundary recorded by monodromy multiplier; do not use q8 single-shoot closure as accepted periodic evidence,q=2 and q=3 are strict period-q audit rows; q=8 is retained as a local multiple-shooting overlay with an explicit single-shoot closure boundary,q=2 和 q=3 通过严格单步闭合；q=8 仅通过局部多步打靶连续性。,q=2 and q=3 are strict period-q audit rows; q=8 is retained as a local multiple-shooting overlay with an explicit single-shoot closure boundary,q=8 单步全周期闭合误差为 3.906984451743337，不能作为稳健周期轨道证据。,q=8 高不稳定性使单步闭合失败；当前证据只支持局部多段连续性。,q=8 高不稳定性导致单步闭合失败，当前只保留局部多段数值解。,q=2、q=3 通过严格单步闭合审计；q=8 仅保留局部多步打靶接受，其单步全周期闭合误差为 3.906984451743337，不能升级为稳健周期闭合。,q=8 必须维持 C 级边界，直至存在新的严格闭合审计。,Promote q=8 only after a robust high-instability single-shoot validation path or an alternate closure audit is accepted.,C,局部、部分分支或诊断性数值源层,partial,阶段 C 证据绑定；所有结论来自当前权威表、逐图审计和实际图形资产。
3.11,3,Fig. 3.11,73,89,Figure 3.11. (a) Poincar´e map at z = 0 for constant energy (JC = 3.1389) quasi-halo and quasi-vertical families. (b) 3D view of central periodic orbits and Poinca´e map of associated quasi-periodic orbit families.,pdf_caption_block,reports/mccarthy2018_figure_comparison/assets/original/fig_3_11_original.png,reports/mccarthy2018_figure_comparison/assets/reproduced/fig_3_11_reproduced.png,reports/mccarthy2018_figure_comparison/assets/comparison/fig_3_11_comparison.png,Poincare 映射与中心周期轨道,Poincare map and central periodic orbits,Earth-Moon CR3BP,主星-次星质心旋转（synodic）无量纲坐标；图中物理量按脚本输出为无量纲量、km 或 day,Poincare map and central periodic orbits; JC=3.1389; section z=0,Poincare/频闪映射传播与中心周期轨道数值解,figures/fig_3_11.py,data/computed/earth_moon_l1_central_periodic_scene.csv,Poincare map and central periodic orbits,diagnostic,data/computed/earth_moon_l1_central_periodic_scene.csv,残差: residuals in scene CSV；周期/相位: periodicity in scene CSV,local numerical scene,当前结果给出局部数值源层或诊断性解，只覆盖原图的部分区间、分支或闭合条件。,local numerical scene,局部分支、覆盖范围或闭合门槛尚未达到论文全图条件。,现有源层只支持当前等级；严格等价受完整状态、分支覆盖、相位、视角或高保真条件限制。,现有求解链仅在局部或诊断门槛内稳定，不能外推到未计算区间。,局部、部分分支或诊断性数值源层；当前未闭合项：Replace remaining section-island shape assumptions with thesis map data,只可用于局部/诊断性结论，未覆盖部分不得外推。,Replace remaining section-island shape assumptions with thesis map data,C,局部、部分分支或诊断性数值源层,partial,阶段 C 证据绑定；所有结论来自当前权威表、逐图审计和实际图形资产。
3.12,3,Fig. 3.12,76,92,Figure 3.12. Four quasi-halo tori projected into conﬁguration space in a constant frequency ratio family (ω0,pdf_caption_block,reports/mccarthy2018_figure_comparison/assets/original/fig_3_12_original.png,reports/mccarthy2018_figure_comparison/assets/reproduced/fig_3_12_reproduced.png,reports/mccarthy2018_figure_comparison/assets/comparison/fig_3_12_comparison.png,定频率拟 Halo 环面族,Constant-frequency quasi-halo tori,Earth-Moon CR3BP,主星-次星质心旋转（synodic）无量纲坐标；图中物理量按脚本输出为无量纲量、km 或 day,"constant-frequency quasi-halo family; omega1/omega0=9.441; JC=3.1182,3.0876,3.0364,3.0011",固定频率比不变曲线校正、延拓与谱残差检查,figures/fig_3_12.py,data/computed/chapter3_corrected_constant_frequency_families.csv,L2 constant-frequency quasi-halo tori,accepted,data/computed/chapter3_corrected_constant_frequency_families.csv,残差: 6.98e-08 final curve residual；Jacobi: 4.62e-08 Jacobi span,corrected numerical family,当前证据支持主要论文参数、数值对象和项目内部残差门槛的一致性。,当前项目审计门槛通过；原作者离散节点与完整绘图参数未公开，因此不声明逐像素或逐节点等价。,未发现超出已记录边界的当前门槛失败；绘图视角与原作者离散节点仍可能不同。,独立重建使用当前权威 CSV/NPZ；论文未公开完整分支状态与绘图元数据。,论文未公开完整离散节点和绘图元数据；当前结论仅限已验证指标。,按当前项目审计门槛定量通过；不自动声明与原作者离散节点逐点等价,A 级仅表示当前项目门槛内定量通过，不等于原作者节点逐点等价。,Refine spectral tolerance if exact thesis values are required,A,按当前项目审计门槛定量通过；不自动声明与原作者离散节点逐点等价,false,阶段 C 证据绑定；所有结论来自当前权威表、逐图审计和实际图形资产。
3.13,3,Fig. 3.13,77,93,Figure 3.13. (a) y- and z-amplitude of the frequency ratio family (ω0,pdf_caption_block,reports/mccarthy2018_figure_comparison/assets/original/fig_3_13_original.png,reports/mccarthy2018_figure_comparison/assets/reproduced/fig_3_13_reproduced.png,reports/mccarthy2018_figure_comparison/assets/comparison/fig_3_13_comparison.png,定频率拟 Halo 振幅与 Jacobi 常数,Constant-frequency quasi-halo amplitudes and Jacobi constant,Earth-Moon CR3BP,主星-次星质心旋转（synodic）无量纲坐标；图中物理量按脚本输出为无量纲量、km 或 day,constant-frequency quasi-halo amplitude and JC curves; omega1/omega0=9.441,固定频率比不变曲线校正、延拓与谱残差检查,figures/fig_3_13.py,data/computed/chapter3_corrected_constant_frequency_families.csv,L2 quasi-halo amplitudes and Jacobi trend,accepted,data/computed/chapter3_corrected_constant_frequency_families.csv,残差: 6.98e-08 final curve residual；Jacobi: 4.62e-08 Jacobi span,corrected numerical family,当前证据支持主要论文参数、数值对象和项目内部残差门槛的一致性。,当前项目审计门槛通过；原作者离散节点与完整绘图参数未公开，因此不声明逐像素或逐节点等价。,未发现超出已记录边界的当前门槛失败；绘图视角与原作者离散节点仍可能不同。,独立重建使用当前权威 CSV/NPZ；论文未公开完整分支状态与绘图元数据。,论文未公开完整离散节点和绘图元数据；当前结论仅限已验证指标。,按当前项目审计门槛定量通过；不自动声明与原作者离散节点逐点等价,A 级仅表示当前项目门槛内定量通过，不等于原作者节点逐点等价。,Refine spectral tolerance if exact thesis values are required,A,按当前项目审计门槛定量通过；不自动声明与原作者离散节点逐点等价,false,阶段 C 证据绑定；所有结论来自当前权威表、逐图审计和实际图形资产。
3.14,3,Fig. 3.14,78,94,Figure 3.14. Four quasi-vertical tori projected into conﬁguration space in a constant frequency ratio family (ω0,pdf_caption_block,reports/mccarthy2018_figure_comparison/assets/original/fig_3_14_original.png,reports/mccarthy2018_figure_comparison/assets/reproduced/fig_3_14_reproduced.png,reports/mccarthy2018_figure_comparison/assets/comparison/fig_3_14_comparison.png,定频率拟垂直环面族,Constant-frequency quasi-vertical tori,Earth-Moon CR3BP,主星-次星质心旋转（synodic）无量纲坐标；图中物理量按脚本输出为无量纲量、km 或 day,"constant-frequency quasi-vertical family; omega1/omega0=9.441; JC=3.0433,3.0387,3.0305,3.0291",固定频率比不变曲线校正、延拓与谱残差检查,figures/fig_3_14.py,data/computed/chapter3_corrected_constant_frequency_families.csv,L2 constant-frequency quasi-vertical tori,accepted,data/computed/chapter3_corrected_constant_frequency_families.csv,残差: curve residuals in CSV；Jacobi: Jacobi span in CSV,corrected numerical family,当前证据支持主要论文参数、数值对象和项目内部残差门槛的一致性。,当前项目审计门槛通过；原作者离散节点与完整绘图参数未公开，因此不声明逐像素或逐节点等价。,未发现超出已记录边界的当前门槛失败；绘图视角与原作者离散节点仍可能不同。,独立重建使用当前权威 CSV/NPZ；论文未公开完整分支状态与绘图元数据。,论文未公开完整离散节点和绘图元数据；当前结论仅限已验证指标。,按当前项目审计门槛定量通过；不自动声明与原作者离散节点逐点等价,A 级仅表示当前项目门槛内定量通过，不等于原作者节点逐点等价。,Compare final endpoint against thesis table if available,A,按当前项目审计门槛定量通过；不自动声明与原作者离散节点逐点等价,false,阶段 C 证据绑定；所有结论来自当前权威表、逐图审计和实际图形资产。
3.15,3,Fig. 3.15,79,95,Figure 3.15. (a) Jacobi Constant and (b) mapping time as a function of orbit index of the constant frequency ratio quasi-vertical family (ω0,pdf_caption_block,reports/mccarthy2018_figure_comparison/assets/original/fig_3_15_original.png,reports/mccarthy2018_figure_comparison/assets/reproduced/fig_3_15_reproduced.png,reports/mccarthy2018_figure_comparison/assets/comparison/fig_3_15_comparison.png,定频率拟垂直 Jacobi 常数与映射时间,Constant-frequency quasi-vertical Jacobi constant and mapping time,Earth-Moon CR3BP,主星-次星质心旋转（synodic）无量纲坐标；图中物理量按脚本输出为无量纲量、km 或 day,constant-frequency quasi-vertical JC and mapping-time curves; omega1/omega0=9.441,固定频率比不变曲线校正、延拓与谱残差检查,figures/fig_3_15.py,data/computed/chapter3_corrected_constant_frequency_families.csv,L2 quasi-vertical Jacobi and mapping time,accepted,data/computed/chapter3_corrected_constant_frequency_families.csv,残差: curve residuals in CSV；Jacobi: Jacobi span in CSV,corrected numerical family,当前证据支持主要论文参数、数值对象和项目内部残差门槛的一致性。,当前项目审计门槛通过；原作者离散节点与完整绘图参数未公开，因此不声明逐像素或逐节点等价。,未发现超出已记录边界的当前门槛失败；绘图视角与原作者离散节点仍可能不同。,独立重建使用当前权威 CSV/NPZ；论文未公开完整分支状态与绘图元数据。,论文未公开完整离散节点和绘图元数据；当前结论仅限已验证指标。,按当前项目审计门槛定量通过；不自动声明与原作者离散节点逐点等价,A 级仅表示当前项目门槛内定量通过，不等于原作者节点逐点等价。,Compare final endpoint against thesis table if available,A,按当前项目审计门槛定量通过；不自动声明与原作者离散节点逐点等价,false,阶段 C 证据绑定；所有结论来自当前权威表、逐图审计和实际图形资产。
3.16,3,Fig. 3.16,82,98,"Figure 3.16. Four quasi-DRO tori projected into conﬁguration space in a constant mapping time family (T0 = 14.74 days) with the central periodic orbit in blue. The Jacobi Constants for each of these family members are (a) JC = 2.9225, (b) JC = 2.9221, (c) JC = 2.9215, and (d) JC = 2.9212",pdf_caption_block,reports/mccarthy2018_figure_comparison/assets/original/fig_3_16_original.png,reports/mccarthy2018_figure_comparison/assets/reproduced/fig_3_16_reproduced.png,reports/mccarthy2018_figure_comparison/assets/comparison/fig_3_16_comparison.png,定映射时间拟 DRO 环面,Constant-mapping-time quasi-DRO tori,Earth-Moon CR3BP,主星-次星质心旋转（synodic）无量纲坐标；图中物理量按脚本输出为无量纲量、km 或 day,"constant-mapping-time quasi-DRO tori; T0=14.74 day; JC=2.9225,2.9221,2.9215,2.9212",固定映射时间 Route H 不变曲线源层重验证、相位返回与多返回检查,figures/fig_3_16.py,data/computed/chapter3_fixed_mapping_cache_accepted_family.csv;data/computed/chapter3_fixed_mapping_cache_accepted_validation.csv;data/computed/mccarthy2018_staged_goal_gate_status.csv;data/computed/chapter3_fixed_mapping_cache_audit.csv,constant-mapping-time quasi-DRO tori rendered directly from the accepted fixed-mapping-time Route H quasi-DRO source branch; rho 1.445863346020272..1.457169483818128 rad; max abs z 10969.67553863909..14573.10318409037 km; 30 rows >= 10500 km and 29 rows >= 11000 km; mapping time 14.74932760227518 days,boundary,data/computed/chapter3_fixed_mapping_cache_accepted_family.csv;data/computed/chapter3_fixed_mapping_cache_accepted_validation.csv;data/computed/mccarthy2018_staged_goal_gate_status.csv;data/computed/chapter3_fixed_mapping_cache_audit.csv,残差: Route H max map residual 6.469474407020314e-10; source audit rows 30；Jacobi: max curve Jacobi span 7.759926035078024e-11; max one-map Jacobi drift 7.760059261840979e-11; max ten-return Jacobi span 5.773159728050814e-15；周期/相位: max one-map phase return error 7.748787386537029e-11,current rendering uses corrected Route H tori directly; older grey proxy surfaces are no longer the source for this figure,Route H 定映射时间源层通过当前缓存重验证并覆盖论文振幅门槛。,current rendering uses corrected Route H tori directly; older grey proxy surfaces are no longer the source for this figure,单体冷启动延拓仍失败，原作者完整分支节点也未公开。,当前代码可通过混合链重建目标源层，但单体冷启动延拓仍在已记录位置失败。,混合冷启动链可重建目标层，但不能替代单体冷启动失败记录。,Route H 当前图源层通过缓存重验证，monolithic cold-start 仍为 fail、hybrid chain 为 pass；原作者完整分支节点未公开，因此不声明整条论文分支逐点等价。,只声明 Route H 图源层有效，不声明整条论文分支逐点等价。,Keep Route H as the accepted CR3BP fixed-time source layer; only upgrade the full-thesis equivalence claim if original McCarthy branch data or author code become available,B,真实数值解与主要物理趋势受支持；严格论文等价仍有边界,false,阶段 C 证据绑定；所有结论来自当前权威表、逐图审计和实际图形资产。
3.17,3,Fig. 3.17,83,99,"Figure 3.17. (a) Z-amplitude and (b) Jacobi Constant as a function of rotation angle, ρ, of the constant mapping time quasi-DRO family in the Earth-Moon system (T0 = 14.74 days)",pdf_caption_block,reports/mccarthy2018_figure_comparison/assets/original/fig_3_17_original.png,reports/mccarthy2018_figure_comparison/assets/reproduced/fig_3_17_reproduced.png,reports/mccarthy2018_figure_comparison/assets/comparison/fig_3_17_comparison.png,拟 DRO 振幅与 Jacobi 常数随旋转角变化,Quasi-DRO amplitude and Jacobi constant versus rotation angle,Earth-Moon CR3BP,主星-次星质心旋转（synodic）无量纲坐标；图中物理量按脚本输出为无量纲量、km 或 day,constant-mapping-time quasi-DRO z-amplitude and JC versus rho; T0=14.74 day; digitized rho about 1.436..1.510,固定映射时间 Route H 不变曲线源层重验证、相位返回与多返回检查,figures/fig_3_17.py,data/computed/chapter3_fixed_mapping_cache_accepted_family.csv;data/computed/chapter3_fixed_mapping_cache_accepted_validation.csv;data/computed/mccarthy2018_staged_goal_gate_status.csv;data/computed/chapter3_fixed_mapping_cache_audit.csv,rho-amplitude-Jacobi trends with the audited Route H branch plotted as the numerical source layer; accepted fixed-mapping-time Route H quasi-DRO source branch; rho 1.445863346020272..1.457169483818128 rad; max abs z 10969.67553863909..14573.10318409037 km; 30 rows >= 10500 km and 29 rows >= 11000 km; mapping time 14.74932760227518 days,diagnostic,data/computed/chapter3_fixed_mapping_cache_accepted_family.csv;data/computed/chapter3_fixed_mapping_cache_accepted_validation.csv;data/computed/mccarthy2018_staged_goal_gate_status.csv;data/computed/chapter3_fixed_mapping_cache_audit.csv,残差: Route H max map residual 6.469474407020314e-10; source audit rows 30；Jacobi: max curve Jacobi span 7.759926035078024e-11; max one-map Jacobi drift 7.760059261840979e-11; max ten-return Jacobi span 5.773159728050814e-15；周期/相位: max one-map phase return error 7.748787386537029e-11,audited Route H branch is plotted as the main numerical layer; faint reference trend proxy is retained only for visual context,Route H 数值分支提供振幅—旋转角—Jacobi 趋势，参考趋势仅作低权重背景。,audited Route H branch is plotted as the main numerical layer; faint reference trend proxy is retained only for visual context,当前旋转角覆盖窄于图像数字化参考范围，且含低权重代理趋势。,当前代码可通过混合链重建目标源层，但单体冷启动延拓仍在已记录位置失败。,原始分支数据未公开，单体冷启动仍失败。,Route H 当前图源层通过缓存重验证，monolithic cold-start 仍为 fail、hybrid chain 为 pass；原作者完整分支节点未公开，因此不声明整条论文分支逐点等价。,该图维持 C 级诊断/部分覆盖，不将参考趋势当作原始数据。,"Use Route H for the accepted fixed-time source branch; keep the reference trend and digitized curve as lower-authority comparison, not raw branch data",C,局部、部分分支或诊断性数值源层,partial,阶段 C 证据绑定；所有结论来自当前权威表、逐图审计和实际图形资产。
4.1,4,Fig. 4.1,86,102,Figure 4.1. (a) Earth-Moon L2 quasi-halo orbit (JC = 3.044) (b) Eigenstructure of DG matrix computed with N = 25.,pdf_caption_block,reports/mccarthy2018_figure_comparison/assets/original/fig_4_1_original.png,reports/mccarthy2018_figure_comparison/assets/reproduced/fig_4_1_reproduced.png,reports/mccarthy2018_figure_comparison/assets/comparison/fig_4_1_comparison.png,地月 L2 拟 Halo 轨道与 DG 特征结构,Earth-Moon L2 quasi-halo orbit and DG eigenstructure,Earth-Moon CR3BP,主星-次星质心旋转（synodic）无量纲坐标；图中物理量按脚本输出为无量纲量、km 或 day,Earth-Moon L2 quasi-halo; JC=3.044; N=25; stability index nu=1.3837,离散不变曲线映射导数 DG、谱分解与稳定指标核对,figures/fig_4_01.py,data/computed/chapter4_fig41_reported_precision_audit.csv;data/computed/chapter4_fig41_reported_precision_spectrum.csv,N=25 corrected L2 quasi-halo DG at paper-reported Jacobi precision,boundary,data/computed/chapter4_fig41_reported_precision_audit.csv;data/computed/chapter4_fig41_reported_precision_spectrum.csv,"残差: worst source residual: 1.994777522724045e-11; accepted rows: 1; DG dependency: 150 raw DG eigenvalues; 25 unstable, 100 unit, 25 stable；Jacobi: 3.641531520770513e-14；周期/相位: manifold growth ratio: N/A; manifold dependency: none；稳定性: See Chapter 4 DG source-layer audit","PNG bytes 230222; PDF bytes 62157; boundary: The raw N=25 DG spectrum and nu=1.3837 target are reproduced at an internal Jacobi value that rounds to the paper's 3.044, but the accepted member is a near-periodic small-amplitude torus and does not yet prove the finite-amplitude geometry in panel (a).",当前结果包含真实数值解，动力学对象、拓扑或主要变化趋势与原图目标相对应。,"PNG bytes 230222; PDF bytes 62157; boundary: The raw N=25 DG spectrum and nu=1.3837 target are reproduced at an internal Jacobi value that rounds to the paper's 3.044, but the accepted member is a near-periodic small-amplitude torus and does not yet prove the finite-amplitude geometry in panel (a).",原始节点、完整分支、相位、投影参数或任务约束未完全公开，尚不能证明逐点等价。,当前逐图审计已给出受控边界；未把投影、原始节点或高保真条件缺失解释为数值等价。,差异与未公开源数据、分支覆盖、相位/视角或模型保真度边界相符，但不作唯一归因。,"The raw N=25 DG spectrum and nu=1.3837 target are reproduced at an internal Jacobi value that rounds to the paper's 3.044, but the accepted member is a near-periodic small-amplitude torus and does not yet prove the finite-amplitude geometry in panel (a).",结论限于当前真实数值源层和已报告趋势，不扩展为严格论文等价。,Continue a finite-amplitude L2 quasi-halo branch while retaining the reported-precision Jacobi and DG stability gates before claiming full panel replacement.,B,真实数值解与主要物理趋势受支持；严格论文等价仍有边界,false,阶段 C 证据绑定；所有结论来自当前权威表、逐图审计和实际图形资产。
4.2,4,Fig. 4.2,87,103,Figure 4.2. Stability index as a function of mapping time for an Earth-Moon L1 constant energy quasi-halo family (JC = 3.1389). The red point represents the stability index of the periodic halo orbit associated with this quasi-halo orbit family.,pdf_caption_block,reports/mccarthy2018_figure_comparison/assets/original/fig_4_2_original.png,reports/mccarthy2018_figure_comparison/assets/reproduced/fig_4_2_reproduced.png,reports/mccarthy2018_figure_comparison/assets/comparison/fig_4_2_comparison.png,拟 Halo 稳定指标随映射时间变化,Quasi-halo stability index versus mapping time,Earth-Moon CR3BP,主星-次星质心旋转（synodic）无量纲坐标；图中物理量按脚本输出为无量纲量、km 或 day,L1 constant-energy quasi-halo stability index versus T0; JC=3.1389; include associated periodic halo anchor,DG 稳定性族计算、原图曲线数字化与公共区间逐点审计,figures/fig_4_02.py,data/computed/chapter4_fig42_stability_family_audit.csv;data/computed/chapter4_fig42_digitized_comparison_audit.csv;data/digitized/fig_4_2_computed_vs_digitized.csv,accepted L1 constant-energy quasi-halo DG stability family plus native-PDF digitized reference,boundary,data/computed/chapter4_fig42_stability_family_audit.csv;data/computed/chapter4_fig42_digitized_comparison_audit.csv;data/digitized/fig_4_2_computed_vs_digitized.csv,残差: worst source residual: 9.322175255756186e-10; accepted rows: 16; DG dependency: 216 halo rows; 396 high-order rows; 378 PALC rows; 54 vertical rows；周期/相位: manifold growth ratio: N/A; manifold dependency: none；稳定性: See Chapter 4 DG source-layer audit,PNG bytes 86249; PDF bytes 16527; boundary: The native-PDF curve has been digitized and the common interval passes the pointwise uncertainty gate. Full curve coverage remains false: the accepted DG branch stops 0.04945011318863024 days before the digitized thesis endpoint; no tail values are extrapolated.,公共区间内数字化曲线逐点门槛通过，DG 数值族与稳定趋势对应。,PNG bytes 86249; PDF bytes 16527; boundary: The native-PDF curve has been digitized and the common interval passes the pointwise uncertainty gate. Full curve coverage remains false: the accepted DG branch stops 0.04945011318863024 days before the digitized thesis endpoint; no tail values are extrapolated.,完整曲线尾段尚缺 0.04945011318863024 day，未作外推。,当前逐图审计已给出受控边界；未把投影、原始节点或高保真条件缺失解释为数值等价。,当前校正分支在折叠附近终止。,The native-PDF curve has been digitized and the common interval passes the pointwise uncertainty gate. Full curve coverage remains false: the accepted DG branch stops 0.04945011318863024 days before the digitized thesis endpoint; no tail values are extrapolated.,只对公共区间作点对点声明，完整曲线等价仍未通过。,"Continue the corrected N>=21 branch through or around the fold to cover the remaining digitized thesis tail, then rerun the pointwise audit.",B,真实数值解与主要物理趋势受支持；严格论文等价仍有边界,false,阶段 C 证据绑定；所有结论来自当前权威表、逐图审计和实际图形资产。
4.3,4,Fig. 4.3,89,105,"Figure 4.3. Unstable manifold in the +x-direction for an Earth-Moon L1 quasi-halo orbit (JC = 3.1389). Trajectories associated with one invariant curve are shown in black. A snap shot of the points are recorded after (a) 7.79 days, (b) 9.75 days, (c) 11.39 days and (d) 13.02 days.",pdf_caption_block,reports/mccarthy2018_figure_comparison/assets/original/fig_4_3_original.png,reports/mccarthy2018_figure_comparison/assets/reproduced/fig_4_3_reproduced.png,reports/mccarthy2018_figure_comparison/assets/comparison/fig_4_3_comparison.png,拟 Halo +x 方向不稳定流形,Quasi-halo unstable manifold in +x direction,Earth-Moon CR3BP,主星-次星质心旋转（synodic）无量纲坐标；图中物理量按脚本输出为无量纲量、km 或 day,"L1 quasi-halo +x unstable manifold; JC=3.1389; snapshots=7.79,9.75,11.39,13.02 day",固定时刻全环面流形传播、局部 STM 复核、冻结相机/投影 holdout,figures/fig_4_03.py,data/computed/chapter4_fig43_fig44_global_manifold_audit.csv;data/computed/chapter4_fig43_fig44_global_manifold_audit.npz;data/computed/chapter4_fig43_fig46_camera_static_metrics.csv;data/computed/chapter4_fig43_fig46_projection_fit_metrics.csv;data/computed/chapter4_fig43_fig46_projection_holdout_audit.csv;data/computed/chapter4_fig43_fig46_projection_diagnostic.csv;data/computed/chapter4_fig43_fig44_halo_12p40_posthoc_diagnostic.csv;data/computed/chapter4_fig43_fig44_halo_12p40_posthoc_diagnostic.npz,corrected L1 quasi-halo +x fixed-time full-torus unstable-manifold snapshots at four paper times,boundary,data/computed/chapter4_fig43_fig44_global_manifold_audit.csv;data/computed/chapter4_fig43_fig44_global_manifold_audit.npz;data/computed/chapter4_fig43_fig46_camera_static_metrics.csv;data/computed/chapter4_fig43_fig46_projection_fit_metrics.csv;data/computed/chapter4_fig43_fig46_projection_holdout_audit.csv;data/computed/chapter4_fig43_fig46_projection_diagnostic.csv;data/computed/chapter4_fig43_fig44_halo_12p40_posthoc_diagnostic.csv;data/computed/chapter4_fig43_fig44_halo_12p40_posthoc_diagnostic.npz,残差: worst source residual: 9.322175255756186e-10; accepted rows: 4; DG dependency: corrected L1 DG eigenvectors and manifold validation row；Jacobi: 3.446132268436486e-12；周期/相位: manifold growth ratio: 1.00533818825662..1.173203240381821; manifold dependency: data/computed/chapter4_fig43_fig44_global_manifold_audit.csv;data/computed/chapter4_fig43_fig44_global_manifold_audit.npz;data/computed/chapter4_fig43_fig46_camera_static_metrics.csv;data/computed/chapter4_fig43_fig46_projection_fit_metrics.csv;data/computed/chapter4_fig43_fig46_projection_holdout_audit.csv;data/computed/chapter4_fig43_fig46_projection_diagnostic.csv;data/computed/chapter4_fig43_fig44_halo_12p40_posthoc_diagnostic.csv;data/computed/chapter4_fig43_fig44_halo_12p40_posthoc_diagnostic.npz；稳定性: See Chapter 4 DG source-layer audit,"PNG bytes 817366; PDF bytes 327122; boundary: The legacy history-prefix root cause (surface[:stop]) is fixed: each panel now evaluates a fixed-time full-torus window over tau+[0,T0]. All four state-space numerical and local STM rows pass; the epsilon-dependent configuration-reach check also passes. The paper camera and development epsilon are hash-locked. Static anchors pass 16/16, but the separately committed panel-(d) red-surface projection holdout passes 0/4, so paper_projection_acceptance=fail and paper_3d_equivalence=false. No paper-view, physical-flight, or 3D-equivalence claim is made.",状态空间与局部 STM 数值行通过。,"PNG bytes 817366; PDF bytes 327122; boundary: The legacy history-prefix root cause (surface[:stop]) is fixed: each panel now evaluates a fixed-time full-torus window over tau+[0,T0]. All four state-space numerical and local STM rows pass; the epsilon-dependent configuration-reach check also passes. The paper camera and development epsilon are hash-locked. Static anchors pass 16/16, but the separately committed panel-(d) red-surface projection holdout passes 0/4, so paper_projection_acceptance=fail and paper_3d_equivalence=false. No paper-view, physical-flight, or 3D-equivalence claim is made.",冻结 panel-(d) 投影 holdout 为 0/4。,当前逐图审计已给出受控边界；未把投影、原始节点或高保真条件缺失解释为数值等价。,论文投影轮廓与当前渲染/源环面语义仍不一致。,"The legacy history-prefix root cause (surface[:stop]) is fixed: each panel now evaluates a fixed-time full-torus window over tau+[0,T0]. All four state-space numerical and local STM rows pass; the epsilon-dependent configuration-reach check also passes. The paper camera and development epsilon are hash-locked. Static anchors pass 16/16, but the separately committed panel-(d) red-surface projection holdout passes 0/4, so paper_projection_acceptance=fail and paper_3d_equivalence=false. No paper-view, physical-flight, or 3D-equivalence claim is made.",不得声明论文视角、物理飞行或三维等价。,Run the predeclared 12.40-day halo source-member/N-convergence falsification and frozen renderer/time-mapping negative controls; panel (d) is post-hoc diagnostic only and cannot be retuned.,B,真实数值解与主要物理趋势受支持；严格论文等价仍有边界,false,阶段 C 证据绑定；所有结论来自当前权威表、逐图审计和实际图形资产。
4.4,4,Fig. 4.4,90,106,"Figure 4.4. Unstable manifold in the -x-direction for an Earth-Moon L1 quasi-halo orbit (JC = 3.1389). Trajectories associated with one invariant curve are shown in black. A snap shot of the points are recorded after (a) 7.79 days, (b) 9.75 days, (c) 11.39 days and (d) 13.02 days.",pdf_caption_block,reports/mccarthy2018_figure_comparison/assets/original/fig_4_4_original.png,reports/mccarthy2018_figure_comparison/assets/reproduced/fig_4_4_reproduced.png,reports/mccarthy2018_figure_comparison/assets/comparison/fig_4_4_comparison.png,拟 Halo -x 方向不稳定流形,Quasi-halo unstable manifold in -x direction,Earth-Moon CR3BP,主星-次星质心旋转（synodic）无量纲坐标；图中物理量按脚本输出为无量纲量、km 或 day,"L1 quasi-halo -x unstable manifold; JC=3.1389; snapshots=7.79,9.75,11.39,13.02 day",固定时刻全环面流形传播、局部 STM 复核、冻结相机/投影 holdout,figures/fig_4_04.py,data/computed/chapter4_fig43_fig44_global_manifold_audit.csv;data/computed/chapter4_fig43_fig44_global_manifold_audit.npz;data/computed/chapter4_fig43_fig46_camera_static_metrics.csv;data/computed/chapter4_fig43_fig46_projection_fit_metrics.csv;data/computed/chapter4_fig43_fig46_projection_holdout_audit.csv;data/computed/chapter4_fig43_fig46_projection_diagnostic.csv;data/computed/chapter4_fig43_fig44_halo_12p40_posthoc_diagnostic.csv;data/computed/chapter4_fig43_fig44_halo_12p40_posthoc_diagnostic.npz,corrected L1 quasi-halo -x fixed-time full-torus unstable-manifold snapshots at four paper times,boundary,data/computed/chapter4_fig43_fig44_global_manifold_audit.csv;data/computed/chapter4_fig43_fig44_global_manifold_audit.npz;data/computed/chapter4_fig43_fig46_camera_static_metrics.csv;data/computed/chapter4_fig43_fig46_projection_fit_metrics.csv;data/computed/chapter4_fig43_fig46_projection_holdout_audit.csv;data/computed/chapter4_fig43_fig46_projection_diagnostic.csv;data/computed/chapter4_fig43_fig44_halo_12p40_posthoc_diagnostic.csv;data/computed/chapter4_fig43_fig44_halo_12p40_posthoc_diagnostic.npz,残差: worst source residual: 9.322175255756186e-10; accepted rows: 4; DG dependency: corrected L1 DG eigenvectors and manifold validation row；Jacobi: 1.77635683940025e-15；周期/相位: manifold growth ratio: 0.8754445164178961..0.9952591221920488; manifold dependency: data/computed/chapter4_fig43_fig44_global_manifold_audit.csv;data/computed/chapter4_fig43_fig44_global_manifold_audit.npz;data/computed/chapter4_fig43_fig46_camera_static_metrics.csv;data/computed/chapter4_fig43_fig46_projection_fit_metrics.csv;data/computed/chapter4_fig43_fig46_projection_holdout_audit.csv;data/computed/chapter4_fig43_fig46_projection_diagnostic.csv;data/computed/chapter4_fig43_fig44_halo_12p40_posthoc_diagnostic.csv;data/computed/chapter4_fig43_fig44_halo_12p40_posthoc_diagnostic.npz；稳定性: See Chapter 4 DG source-layer audit,"PNG bytes 523777; PDF bytes 318155; boundary: The legacy history-prefix root cause (surface[:stop]) is fixed: each panel now evaluates a fixed-time full-torus window over tau+[0,T0]. All four state-space numerical and local STM rows pass; the epsilon-dependent configuration-reach check also passes. The paper camera and development epsilon are hash-locked. Static anchors pass 16/16, but the separately committed panel-(d) red-surface projection holdout passes 0/4, so paper_projection_acceptance=fail and paper_3d_equivalence=false. No paper-view, physical-flight, or 3D-equivalence claim is made.",状态空间与局部 STM 数值行通过。,"PNG bytes 523777; PDF bytes 318155; boundary: The legacy history-prefix root cause (surface[:stop]) is fixed: each panel now evaluates a fixed-time full-torus window over tau+[0,T0]. All four state-space numerical and local STM rows pass; the epsilon-dependent configuration-reach check also passes. The paper camera and development epsilon are hash-locked. Static anchors pass 16/16, but the separately committed panel-(d) red-surface projection holdout passes 0/4, so paper_projection_acceptance=fail and paper_3d_equivalence=false. No paper-view, physical-flight, or 3D-equivalence claim is made.",冻结 panel-(d) 投影 holdout 为 0/4。,当前逐图审计已给出受控边界；未把投影、原始节点或高保真条件缺失解释为数值等价。,论文投影轮廓与当前渲染/源环面语义仍不一致。,"The legacy history-prefix root cause (surface[:stop]) is fixed: each panel now evaluates a fixed-time full-torus window over tau+[0,T0]. All four state-space numerical and local STM rows pass; the epsilon-dependent configuration-reach check also passes. The paper camera and development epsilon are hash-locked. Static anchors pass 16/16, but the separately committed panel-(d) red-surface projection holdout passes 0/4, so paper_projection_acceptance=fail and paper_3d_equivalence=false. No paper-view, physical-flight, or 3D-equivalence claim is made.",不得声明论文视角、物理飞行或三维等价。,Run the predeclared 12.40-day halo source-member/N-convergence falsification and frozen renderer/time-mapping negative controls; panel (d) is post-hoc diagnostic only and cannot be retuned.,B,真实数值解与主要物理趋势受支持；严格论文等价仍有边界,false,阶段 C 证据绑定；所有结论来自当前权威表、逐图审计和实际图形资产。
4.5,4,Fig. 4.5,91,107,"Figure 4.5. Unstable manifold in the +x-direction for an Earth-Moon L1 quasi-vertical orbit (JC = 3.1389). Trajectories associated with one invariant curve are shown in black. A snap shot of the points are recorded after (a) 8.05 days, (b) 10.08 days, (c) 11.77 days and (d) 13.46 days.",pdf_caption_block,reports/mccarthy2018_figure_comparison/assets/original/fig_4_5_original.png,reports/mccarthy2018_figure_comparison/assets/reproduced/fig_4_5_reproduced.png,reports/mccarthy2018_figure_comparison/assets/comparison/fig_4_5_comparison.png,拟垂直 +x 方向不稳定流形,Quasi-vertical unstable manifold in +x direction,Earth-Moon CR3BP,主星-次星质心旋转（synodic）无量纲坐标；图中物理量按脚本输出为无量纲量、km 或 day,"L1 quasi-vertical +x unstable manifold; JC=3.1389; snapshots=8.05,10.08,11.77,13.46 day",固定时刻全环面流形传播、局部 STM 复核、冻结相机/投影 holdout,figures/fig_4_05.py,data/computed/chapter4_fig45_fig48_vertical_manifold_audit.csv;data/computed/chapter4_fig45_fig48_vertical_manifold_audit.npz;data/computed/chapter4_fig43_fig46_camera_static_metrics.csv;data/computed/chapter4_fig43_fig46_projection_fit_metrics.csv;data/computed/chapter4_fig43_fig46_projection_holdout_audit.csv;data/computed/chapter4_fig43_fig46_projection_diagnostic.csv,corrected L1 quasi-vertical +x fixed-time full-torus unstable-manifold snapshots at four paper times,boundary,data/computed/chapter4_fig45_fig48_vertical_manifold_audit.csv;data/computed/chapter4_fig45_fig48_vertical_manifold_audit.npz;data/computed/chapter4_fig43_fig46_camera_static_metrics.csv;data/computed/chapter4_fig43_fig46_projection_fit_metrics.csv;data/computed/chapter4_fig43_fig46_projection_holdout_audit.csv;data/computed/chapter4_fig43_fig46_projection_diagnostic.csv,残差: worst source residual: 4.982185846358393e-10; accepted rows: 4; DG dependency: corrected L1 DG eigenvectors and manifold validation row；Jacobi: 6.440092903403638e-11；周期/相位: manifold growth ratio: 0.9717804282196859..1.094344709597075; manifold dependency: data/computed/chapter4_fig45_fig48_vertical_manifold_audit.csv;data/computed/chapter4_fig45_fig48_vertical_manifold_audit.npz;data/computed/chapter4_fig43_fig46_camera_static_metrics.csv;data/computed/chapter4_fig43_fig46_projection_fit_metrics.csv;data/computed/chapter4_fig43_fig46_projection_holdout_audit.csv;data/computed/chapter4_fig43_fig46_projection_diagnostic.csv；稳定性: See Chapter 4 DG source-layer audit,"PNG bytes 1009863; PDF bytes 1234039; boundary: The legacy history-prefix root cause (surface[:stop]) is fixed: each panel now evaluates a fixed-time full-torus window over tau+[0,T0]. All four state-space numerical and local STM rows pass; the epsilon-dependent configuration-reach check also passes. The paper camera and development epsilon are hash-locked. Static anchors pass 16/16, but the separately committed panel-(d) red-surface projection holdout passes 0/4, so paper_projection_acceptance=fail and paper_3d_equivalence=false. No paper-view, physical-flight, or 3D-equivalence claim is made.",状态空间与局部 STM 数值行通过。,"PNG bytes 1009863; PDF bytes 1234039; boundary: The legacy history-prefix root cause (surface[:stop]) is fixed: each panel now evaluates a fixed-time full-torus window over tau+[0,T0]. All four state-space numerical and local STM rows pass; the epsilon-dependent configuration-reach check also passes. The paper camera and development epsilon are hash-locked. Static anchors pass 16/16, but the separately committed panel-(d) red-surface projection holdout passes 0/4, so paper_projection_acceptance=fail and paper_3d_equivalence=false. No paper-view, physical-flight, or 3D-equivalence claim is made.",冻结 panel-(d) 投影 holdout 为 0/4。,当前逐图审计已给出受控边界；未把投影、原始节点或高保真条件缺失解释为数值等价。,论文投影轮廓与当前渲染/源环面语义仍不一致。,"The legacy history-prefix root cause (surface[:stop]) is fixed: each panel now evaluates a fixed-time full-torus window over tau+[0,T0]. All four state-space numerical and local STM rows pass; the epsilon-dependent configuration-reach check also passes. The paper camera and development epsilon are hash-locked. Static anchors pass 16/16, but the separately committed panel-(d) red-surface projection holdout passes 0/4, so paper_projection_acceptance=fail and paper_3d_equivalence=false. No paper-view, physical-flight, or 3D-equivalence claim is made.",不得声明论文视角、物理飞行或三维等价。,Keep the 12.66-day vertical member fixed and test N33-to-N45/N57 DG-direction and 3D-sheet convergence plus frozen renderer/time-mapping negative controls; do not retune panel (d).,B,真实数值解与主要物理趋势受支持；严格论文等价仍有边界,false,阶段 C 证据绑定；所有结论来自当前权威表、逐图审计和实际图形资产。
4.6,4,Fig. 4.6,92,108,"Figure 4.6. Unstable manifold in the -x-direction for an Earth-Moon L1 quasi-vertical orbit (JC = 3.1389). Trajectories associated with one invariant curve are shown in black. A snap shot of the points are recorded after (a) 8.05 days, (b) 10.08 days, (c) 11.77 days and (d) 13.46 days.",pdf_caption_block,reports/mccarthy2018_figure_comparison/assets/original/fig_4_6_original.png,reports/mccarthy2018_figure_comparison/assets/reproduced/fig_4_6_reproduced.png,reports/mccarthy2018_figure_comparison/assets/comparison/fig_4_6_comparison.png,拟垂直 -x 方向不稳定流形,Quasi-vertical unstable manifold in -x direction,Earth-Moon CR3BP,主星-次星质心旋转（synodic）无量纲坐标；图中物理量按脚本输出为无量纲量、km 或 day,"L1 quasi-vertical -x unstable manifold; JC=3.1389; snapshots=8.05,10.08,11.77,13.46 day",固定时刻全环面流形传播、局部 STM 复核、冻结相机/投影 holdout,figures/fig_4_06.py,data/computed/chapter4_fig45_fig48_vertical_manifold_audit.csv;data/computed/chapter4_fig45_fig48_vertical_manifold_audit.npz;data/computed/chapter4_fig43_fig46_camera_static_metrics.csv;data/computed/chapter4_fig43_fig46_projection_fit_metrics.csv;data/computed/chapter4_fig43_fig46_projection_holdout_audit.csv;data/computed/chapter4_fig43_fig46_projection_diagnostic.csv,corrected L1 quasi-vertical -x fixed-time full-torus unstable-manifold snapshots at four paper times,boundary,data/computed/chapter4_fig45_fig48_vertical_manifold_audit.csv;data/computed/chapter4_fig45_fig48_vertical_manifold_audit.npz;data/computed/chapter4_fig43_fig46_camera_static_metrics.csv;data/computed/chapter4_fig43_fig46_projection_fit_metrics.csv;data/computed/chapter4_fig43_fig46_projection_holdout_audit.csv;data/computed/chapter4_fig43_fig46_projection_diagnostic.csv,残差: worst source residual: 4.982185846358393e-10; accepted rows: 4; DG dependency: corrected L1 DG eigenvectors and manifold validation row；Jacobi: 4.884981308350689e-15；周期/相位: manifold growth ratio: 0.8614776653747258..0.9885300536877248; manifold dependency: data/computed/chapter4_fig45_fig48_vertical_manifold_audit.csv;data/computed/chapter4_fig45_fig48_vertical_manifold_audit.npz;data/computed/chapter4_fig43_fig46_camera_static_metrics.csv;data/computed/chapter4_fig43_fig46_projection_fit_metrics.csv;data/computed/chapter4_fig43_fig46_projection_holdout_audit.csv;data/computed/chapter4_fig43_fig46_projection_diagnostic.csv；稳定性: See Chapter 4 DG source-layer audit,"PNG bytes 507871; PDF bytes 1172489; boundary: The legacy history-prefix root cause (surface[:stop]) is fixed: each panel now evaluates a fixed-time full-torus window over tau+[0,T0]. All four state-space numerical and local STM rows pass; the epsilon-dependent configuration-reach check also passes. The paper camera and development epsilon are hash-locked. Static anchors pass 16/16, but the separately committed panel-(d) red-surface projection holdout passes 0/4, so paper_projection_acceptance=fail and paper_3d_equivalence=false. No paper-view, physical-flight, or 3D-equivalence claim is made.",状态空间与局部 STM 数值行通过。,"PNG bytes 507871; PDF bytes 1172489; boundary: The legacy history-prefix root cause (surface[:stop]) is fixed: each panel now evaluates a fixed-time full-torus window over tau+[0,T0]. All four state-space numerical and local STM rows pass; the epsilon-dependent configuration-reach check also passes. The paper camera and development epsilon are hash-locked. Static anchors pass 16/16, but the separately committed panel-(d) red-surface projection holdout passes 0/4, so paper_projection_acceptance=fail and paper_3d_equivalence=false. No paper-view, physical-flight, or 3D-equivalence claim is made.",冻结 panel-(d) 投影 holdout 为 0/4。,当前逐图审计已给出受控边界；未把投影、原始节点或高保真条件缺失解释为数值等价。,论文投影轮廓与当前渲染/源环面语义仍不一致。,"The legacy history-prefix root cause (surface[:stop]) is fixed: each panel now evaluates a fixed-time full-torus window over tau+[0,T0]. All four state-space numerical and local STM rows pass; the epsilon-dependent configuration-reach check also passes. The paper camera and development epsilon are hash-locked. Static anchors pass 16/16, but the separately committed panel-(d) red-surface projection holdout passes 0/4, so paper_projection_acceptance=fail and paper_3d_equivalence=false. No paper-view, physical-flight, or 3D-equivalence claim is made.",不得声明论文视角、物理飞行或三维等价。,Keep the 12.66-day vertical member fixed and test N33-to-N45/N57 DG-direction and 3D-sheet convergence plus frozen renderer/time-mapping negative controls; do not retune panel (d).,B,真实数值解与主要物理趋势受支持；严格论文等价仍有边界,false,阶段 C 证据绑定；所有结论来自当前权威表、逐图审计和实际图形资产。
4.7,4,Fig. 4.7,93,109,Figure 4.7. Unstable manifold trajectories from an L1 quasi-halo orbit (red) and the unstable trajectories from the associated periodic halo orbit (black) in the Earth-Moon system.,pdf_caption_block,reports/mccarthy2018_figure_comparison/assets/original/fig_4_7_original.png,reports/mccarthy2018_figure_comparison/assets/reproduced/fig_4_7_reproduced.png,reports/mccarthy2018_figure_comparison/assets/comparison/fig_4_7_comparison.png,拟 Halo 与周期 Halo 流形对照,Quasi-halo and periodic halo manifold comparison,Earth-Moon CR3BP,主星-次星质心旋转（synodic）无量纲坐标；图中物理量按脚本输出为无量纲量、km 或 day,L1 quasi-halo unstable manifold compared with associated periodic halo manifold,DG 特征方向扰动与全局不稳定流形传播对照,figures/fig_4_07.py,data/computed/chapter4_corrected_l1_constant_energy_halo_unstable_manifolds.csv,corrected quasi-halo manifold with periodic-halo comparison,boundary,data/computed/chapter4_corrected_l1_constant_energy_halo_unstable_manifolds.csv,残差: worst source residual: 9.322175255756186e-10; accepted rows: 1; DG dependency: corrected L1 DG eigenvectors and manifold validation row；Jacobi: 1.332267629550188e-15；周期/相位: manifold growth ratio: 0.8667050797832782; manifold dependency: data/computed/chapter4_corrected_l1_constant_energy_halo_unstable_manifolds.csv；稳定性: See Chapter 4 DG source-layer audit,"PNG bytes 187321; PDF bytes 66859; boundary: The internal dynamics gate passes for snapshot time, residual, Jacobi drift, and local growth, and no analytic proxy layer is used. Thesis projection geometry is not validated and the current contact sheet shows a material global-reach/topology mismatch: the quasi-halo source remains the local terminal x=0.841718..0.849797 branch and lacks the thesis topology/density. Because this is a single-view 3D panel, image digitization can only support a locked-camera projection-space audit, not a 3D pointwise claim.",内部动力学、Jacobi 漂移与局部增长检查通过。,"PNG bytes 187321; PDF bytes 66859; boundary: The internal dynamics gate passes for snapshot time, residual, Jacobi drift, and local growth, and no analytic proxy layer is used. Thesis projection geometry is not validated and the current contact sheet shows a material global-reach/topology mismatch: the quasi-halo source remains the local terminal x=0.841718..0.849797 branch and lacks the thesis topology/density. Because this is a single-view 3D panel, image digitization can only support a locked-camera projection-space audit, not a 3D pointwise claim.",全局流形到达范围和论文投影拓扑存在明显差异。,当前逐图审计已给出受控边界；未把投影、原始节点或高保真条件缺失解释为数值等价。,当前源族只覆盖局部终端分支，缺少论文密集全局拓扑。,"The internal dynamics gate passes for snapshot time, residual, Jacobi drift, and local growth, and no analytic proxy layer is used. Thesis projection geometry is not validated and the current contact sheet shows a material global-reach/topology mismatch: the quasi-halo source remains the local terminal x=0.841718..0.849797 branch and lacks the thesis topology/density. Because this is a single-view 3D panel, image digitization can only support a locked-camera projection-space audit, not a 3D pointwise claim.",只声明内部动力学源层，不声明投影几何等价。,Reproduce the dense global quasi-halo/periodic-halo topology under a locked paper camera before projection-space comparison.,B,真实数值解与主要物理趋势受支持；严格论文等价仍有边界,false,阶段 C 证据绑定；所有结论来自当前权威表、逐图审计和实际图形资产。
4.8,4,Fig. 4.8,93,109,Figure 4.8. Unstable manifold trajectories from an L1 quasi-vertical orbit (red) and the unstable trajectories from the associated periodic halo orbit (black) in the Earth-Moon system.,pdf_caption_block,reports/mccarthy2018_figure_comparison/assets/original/fig_4_8_original.png,reports/mccarthy2018_figure_comparison/assets/reproduced/fig_4_8_reproduced.png,reports/mccarthy2018_figure_comparison/assets/comparison/fig_4_8_comparison.png,拟垂直与周期 Halo 流形对照,Quasi-vertical and periodic halo manifold comparison,Earth-Moon CR3BP,主星-次星质心旋转（synodic）无量纲坐标；图中物理量按脚本输出为无量纲量、km 或 day,L1 quasi-vertical unstable manifold compared with associated periodic-orbit manifold,DG 特征方向扰动与全局不稳定流形传播对照,figures/fig_4_08.py,data/computed/chapter4_corrected_vertical_global_unstable_manifold.csv,corrected 33-node JC=3.1389 quasi-vertical global unstable manifold with periodic-halo comparison,boundary,data/computed/chapter4_corrected_vertical_global_unstable_manifold.csv,残差: worst source residual: 4.982185846358393e-10; accepted rows: 1; DG dependency: corrected L1 DG eigenvectors and manifold validation row；Jacobi: 1.77635683940025e-15；周期/相位: manifold growth ratio: 0.8655154043045946; manifold dependency: data/computed/chapter4_corrected_vertical_global_unstable_manifold.csv；稳定性: See Chapter 4 DG source-layer audit,"PNG bytes 214589; PDF bytes 184164; boundary: The internal dynamics gate passes for snapshot time, residual, Jacobi drift, and local growth, and no analytic proxy layer is used. Thesis projection geometry is not validated and the current contact sheet shows a material global-reach/topology mismatch: the quasi-vertical source remains the local terminal x=0.784378..0.837716 branch and lacks the thesis Earthward reach. Because this is a single-view 3D panel, image digitization can only support a locked-camera projection-space audit, not a 3D pointwise claim.",内部动力学、Jacobi 漂移与局部增长检查通过。,"PNG bytes 214589; PDF bytes 184164; boundary: The internal dynamics gate passes for snapshot time, residual, Jacobi drift, and local growth, and no analytic proxy layer is used. Thesis projection geometry is not validated and the current contact sheet shows a material global-reach/topology mismatch: the quasi-vertical source remains the local terminal x=0.784378..0.837716 branch and lacks the thesis Earthward reach. Because this is a single-view 3D panel, image digitization can only support a locked-camera projection-space audit, not a 3D pointwise claim.",全局流形到达范围和论文投影拓扑存在明显差异。,当前逐图审计已给出受控边界；未把投影、原始节点或高保真条件缺失解释为数值等价。,当前源族只覆盖局部终端分支，缺少论文密集全局拓扑。,"The internal dynamics gate passes for snapshot time, residual, Jacobi drift, and local growth, and no analytic proxy layer is used. Thesis projection geometry is not validated and the current contact sheet shows a material global-reach/topology mismatch: the quasi-vertical source remains the local terminal x=0.784378..0.837716 branch and lacks the thesis Earthward reach. Because this is a single-view 3D panel, image digitization can only support a locked-camera projection-space audit, not a 3D pointwise claim.",只声明内部动力学源层，不声明投影几何等价。,Reproduce the dense Earthward quasi-vertical/periodic topology under a locked paper camera before projection-space comparison.,B,真实数值解与主要物理趋势受支持；严格论文等价仍有边界,false,阶段 C 证据绑定；所有结论来自当前权威表、逐图审计和实际图形资产。
5.1,5,Fig. 5.1,96,112,"Figure 5.1. Single Sun-Earth L1 quasi-vertical trajectory propagated for (a) 325 days, (b) 1,068 days, and (c) 2,182 days.",pdf_caption_block,reports/mccarthy2018_figure_comparison/assets/original/fig_5_1_original.png,reports/mccarthy2018_figure_comparison/assets/reproduced/fig_5_1_reproduced.png,reports/mccarthy2018_figure_comparison/assets/comparison/fig_5_1_comparison.png,日地 L1 拟垂直轨道长时传播,Sun-Earth L1 quasi-vertical long propagation,Sun-Earth CR3BP,主星-次星质心旋转（synodic）无量纲坐标；图中物理量按脚本输出为无量纲量、km 或 day,"single corrected Sun-Earth L1 quasi-vertical trajectory propagated 325,1068,2182 day",Sun-Earth L1 校正 Lissajous 不变环面与长时传播审计,figures/fig_5_01.py,data/computed/chapter5_sun_earth_l1_lissajous_torus_surface.csv,corrected Sun-Earth L1 two-frequency Lissajous torus trajectories,boundary,data/computed/chapter5_sun_earth_l1_lissajous_torus_surface.csv,残差: accepted source rows: 1; Route H dependency: none; BCR4BP dependency: none；Jacobi: See Chapter 5 source-layer audit; not a single CR3BP Jacobi metric for all application figures；周期/相位: See Chapter 5 source-layer audit for endpoint/defect boundary,PNG bytes 416295; PDF bytes 178866; boundary: The analytic torus and center-mode overlays are removed. Remaining boundaries are the source-torus y-amplitude excess and pointwise thesis comparison.,当前结果包含真实数值解，动力学对象、拓扑或主要变化趋势与原图目标相对应。,PNG bytes 416295; PDF bytes 178866; boundary: The analytic torus and center-mode overlays are removed. Remaining boundaries are the source-torus y-amplitude excess and pointwise thesis comparison.,原始节点、完整分支、相位、投影参数或任务约束未完全公开，尚不能证明逐点等价。,当前逐图审计已给出受控边界；未把投影、原始节点或高保真条件缺失解释为数值等价。,差异与未公开源数据、分支覆盖、相位/视角或模型保真度边界相符，但不作唯一归因。,The analytic torus and center-mode overlays are removed. Remaining boundaries are the source-torus y-amplitude excess and pointwise thesis comparison.,结论限于当前真实数值源层和已报告趋势，不扩展为严格论文等价。,Reduce the corrected torus y-amplitude discrepancy and digitize the thesis panels for pointwise comparison.,B,真实数值解与主要物理趋势受支持；严格论文等价仍有边界,false,阶段 C 证据绑定；所有结论来自当前权威表、逐图审计和实际图形资产。
5.2,5,Fig. 5.2,98,114,Figure 5.2. Eclipsing geometry of the Sun and the Moon.,pdf_caption_block,reports/mccarthy2018_figure_comparison/assets/original/fig_5_2_original.png,reports/mccarthy2018_figure_comparison/assets/reproduced/fig_5_2_reproduced.png,reports/mccarthy2018_figure_comparison/assets/comparison/fig_5_2_comparison.png,日—月食几何示意,Sun-Moon eclipsing geometry,几何/算法示意（数值动力学模型不作为该图验收对象）,"无物理状态坐标系；局部二维示意绘图坐标（Sun=(0,0)、Moon=(5.6,0)），原点、轴向和历元不作为数值元数据",Sun-Moon eclipsing geometry,几何关系示意与确定性绘图,figures/fig_5_02.py,geometry schematic,mission-geometry schematic,proxy,geometry schematic,残差: accepted source rows: 0; Route H dependency: none; BCR4BP dependency: none；Jacobi: See Chapter 5 source-layer audit; not a single CR3BP Jacobi metric for all application figures；周期/相位: See Chapter 5 source-layer audit for endpoint/defect boundary,PNG bytes 87543; PDF bytes 13167; boundary: No numerical source-layer is required for the current schematic role.,当前结果重构了坐标、几何或算法语义，不承担定量数值等价证明。,PNG bytes 87543; PDF bytes 13167; boundary: No numerical source-layer is required for the current schematic role.,线型、布局与标注为本项目独立绘制，不以像素相似作为验收目标。,当前逐图审计已给出受控边界；未把投影、原始节点或高保真条件缺失解释为数值等价。,示意图目标是语义和几何关系，而非原图数据重建。,No numerical source-layer is required for the current schematic role.,只可用于概念说明，不得报告数值误差或严格等价。,No numerical upgrade needed unless the thesis artwork must be redrawn exactly.,D,示意或代理层；不得写成定量数值复现,true,阶段 C 证据绑定；所有结论来自当前权威表、逐图审计和实际图形资产。
5.3,5,Fig. 5.3,100,116,Figure 5.3. Earth-Moon-spacecraft line of sight geometry.,pdf_caption_block,reports/mccarthy2018_figure_comparison/assets/original/fig_5_3_original.png,reports/mccarthy2018_figure_comparison/assets/reproduced/fig_5_3_reproduced.png,reports/mccarthy2018_figure_comparison/assets/comparison/fig_5_3_comparison.png,地—月—航天器视线几何,Earth-Moon-spacecraft line-of-sight geometry,几何/算法示意（数值动力学模型不作为该图验收对象）,"无物理状态坐标系；局部二维示意绘图坐标（Earth=(0,0)、Moon=(4.0,0)），原点、轴向和历元不作为数值元数据",Earth-Moon-spacecraft line-of-sight geometry,几何关系示意与确定性绘图,figures/fig_5_03.py,geometry schematic,mission-geometry schematic,proxy,geometry schematic,残差: accepted source rows: 0; Route H dependency: none; BCR4BP dependency: none；Jacobi: See Chapter 5 source-layer audit; not a single CR3BP Jacobi metric for all application figures；周期/相位: See Chapter 5 source-layer audit for endpoint/defect boundary,PNG bytes 64008; PDF bytes 12487; boundary: No numerical source-layer is required for the current schematic role.,当前结果重构了坐标、几何或算法语义，不承担定量数值等价证明。,PNG bytes 64008; PDF bytes 12487; boundary: No numerical source-layer is required for the current schematic role.,线型、布局与标注为本项目独立绘制，不以像素相似作为验收目标。,当前逐图审计已给出受控边界；未把投影、原始节点或高保真条件缺失解释为数值等价。,示意图目标是语义和几何关系，而非原图数据重建。,No numerical source-layer is required for the current schematic role.,只可用于概念说明，不得报告数值误差或严格等价。,No numerical upgrade needed unless the thesis artwork must be redrawn exactly.,D,示意或代理层；不得写成定量数值复现,true,阶段 C 证据绑定；所有结论来自当前权威表、逐图审计和实际图形资产。
5.4,5,Fig. 5.4,101,117,Figure 5.4. Sun-Earth-Moon geometry over two lunar synodic periods,pdf_caption_block,reports/mccarthy2018_figure_comparison/assets/original/fig_5_4_original.png,reports/mccarthy2018_figure_comparison/assets/reproduced/fig_5_4_reproduced.png,reports/mccarthy2018_figure_comparison/assets/comparison/fig_5_4_comparison.png,日—地—月会合坐标几何,Sun-Earth-Moon synodic geometry,几何/算法示意（数值动力学模型不作为该图验收对象）,"无物理状态坐标系；局部二维日—地—月会合示意坐标（Sun=(0,0)），历元不适用",Sun-Earth-Moon synodic geometry,几何关系示意与确定性绘图,figures/fig_5_04.py,geometry schematic,mission-geometry schematic,proxy,geometry schematic,残差: accepted source rows: 0; Route H dependency: none; BCR4BP dependency: none；Jacobi: See Chapter 5 source-layer audit; not a single CR3BP Jacobi metric for all application figures；周期/相位: See Chapter 5 source-layer audit for endpoint/defect boundary,PNG bytes 205910; PDF bytes 17825; boundary: No numerical source-layer is required for the current schematic role.,当前结果重构了坐标、几何或算法语义，不承担定量数值等价证明。,PNG bytes 205910; PDF bytes 17825; boundary: No numerical source-layer is required for the current schematic role.,线型、布局与标注为本项目独立绘制，不以像素相似作为验收目标。,当前逐图审计已给出受控边界；未把投影、原始节点或高保真条件缺失解释为数值等价。,示意图目标是语义和几何关系，而非原图数据重建。,No numerical source-layer is required for the current schematic role.,只可用于概念说明，不得报告数值误差或严格等价。,No numerical upgrade needed unless the thesis artwork must be redrawn exactly.,D,示意或代理层；不得写成定量数值复现,true,阶段 C 证据绑定；所有结论来自当前权威表、逐图审计和实际图形资产。
5.5,5,Fig. 5.5,102,118,"Figure 5.5. Quasi-DRO with a mapping time of 14.75 days (grey) and the associated planar periodic DRO (green). A trajectory segment (blue) is propagated for 10 returns through the stroboscopic map, or 147.5 days, where the red circle indicates the beginning of the trajectory. The initial invariant curve is plotted in black",pdf_caption_block,reports/mccarthy2018_figure_comparison/assets/original/fig_5_5_original.png,reports/mccarthy2018_figure_comparison/assets/reproduced/fig_5_5_reproduced.png,reports/mccarthy2018_figure_comparison/assets/comparison/fig_5_5_comparison.png,拟 DRO 与对应平面周期 DRO,Quasi-DRO and associated planar periodic DRO,Earth-Moon CR3BP,主星-次星质心旋转（synodic）无量纲坐标；图中物理量按脚本输出为无量纲量、km 或 day,quasi-DRO T0=14.75 day; planar DRO rp=73800 km; 10 returns=147.5 day; planar LOS outage about 2.3 h/rev; quasi-DRO zero outage,Earth-Moon quasi-DRO 数值族与周期 DRO 对照,figures/fig_5_05.py,data/computed/chapter5_corrected_dro_quasi_dro_return.csv,corrected DRO and quasi-DRO return CR3BP baseline,boundary,data/computed/chapter5_corrected_dro_quasi_dro_return.csv,残差: accepted source rows: 30; Route H dependency: supporting upstream only; BCR4BP dependency: none；Jacobi: See Chapter 5 source-layer audit; not a single CR3BP Jacobi metric for all application figures；周期/相位: See Chapter 5 source-layer audit for endpoint/defect boundary,PNG bytes 556878; PDF bytes 142885; boundary: CR3BP return evidence does not yet provide a corrected ephemeris/BCR4BP trajectory replacement.,当前结果包含真实数值解，动力学对象、拓扑或主要变化趋势与原图目标相对应。,PNG bytes 556878; PDF bytes 142885; boundary: CR3BP return evidence does not yet provide a corrected ephemeris/BCR4BP trajectory replacement.,原始节点、完整分支、相位、投影参数或任务约束未完全公开，尚不能证明逐点等价。,当前逐图审计已给出受控边界；未把投影、原始节点或高保真条件缺失解释为数值等价。,差异与未公开源数据、分支覆盖、相位/视角或模型保真度边界相符，但不作唯一归因。,CR3BP return evidence does not yet provide a corrected ephemeris/BCR4BP trajectory replacement.,结论限于当前真实数值源层和已报告趋势，不扩展为严格论文等价。,Promote only after a corrected ephemeris or BCR4BP return arc is accepted for this specific figure.,B,真实数值解与主要物理趋势受支持；严格论文等价仍有边界,false,阶段 C 证据绑定；所有结论来自当前权威表、逐图审计和实际图形资产。
5.6,5,Fig. 5.6,103,119,"Figure 5.6. Quasi-DRO trajectories converged in the Sun-Earth-Moon ephemeris model, where the insertion condition is in denoted by the red circle for (a) θ1 = 0◦, (b) θ1 = 24◦, (c) θ1 = 80◦, and (d) θ1 = 120◦. The lunar shadow is rendered in grey.",pdf_caption_block,reports/mccarthy2018_figure_comparison/assets/original/fig_5_6_original.png,reports/mccarthy2018_figure_comparison/assets/reproduced/fig_5_6_reproduced.png,reports/mccarthy2018_figure_comparison/assets/comparison/fig_5_6_comparison.png,不同相位的拟 DRO 星历轨迹,Quasi-DRO ephemeris trajectories by phase,DE421 星历初始化的 Earth-Moon 几何/传播基线,月心瞬时 Sun–Moon 正交旋转坐标，X 指向 Sun、Z 为 Sun–Moon 轨道角动量方向，单位 km；共同历元 2020-06-15T00:00:00Z,"DE421 Sun-Earth-Moon ephemeris-corrected quasi-DRO; epoch=2020-06-15; insertion phase=0,24,80,120 deg",Route H 初始几何与 DE421 历元/相位场景传播,figures/fig_5_06.py,data/computed/chapter5_de421_quasi_dro_scenes.csv,Route H quasi-DRO embedded in DE421-oriented Sun-Moon frame,boundary,data/computed/chapter5_de421_quasi_dro_scenes.csv,残差: accepted source rows: 30; Route H dependency: accepted Route H upstream member; BCR4BP dependency: none；Jacobi: See Chapter 5 source-layer audit; not a single CR3BP Jacobi metric for all application figures；周期/相位: See Chapter 5 source-layer audit for endpoint/defect boundary,"PNG bytes 588057; PDF bytes 124247; boundary: DE421-oriented frame embedding is a geometry baseline, not a fully corrected ephemeris shooting solution.",当前结果包含真实数值解，动力学对象、拓扑或主要变化趋势与原图目标相对应。,"PNG bytes 588057; PDF bytes 124247; boundary: DE421-oriented frame embedding is a geometry baseline, not a fully corrected ephemeris shooting solution.",原始节点、完整分支、相位、投影参数或任务约束未完全公开，尚不能证明逐点等价。,当前逐图审计已给出受控边界；未把投影、原始节点或高保真条件缺失解释为数值等价。,差异与未公开源数据、分支覆盖、相位/视角或模型保真度边界相符，但不作唯一归因。,"DE421-oriented frame embedding is a geometry baseline, not a fully corrected ephemeris shooting solution.",结论限于当前真实数值源层和已报告趋势，不扩展为严格论文等价。,Add ephemeris/BCR4BP defect correction before claiming original application-figure replacement.,B,真实数值解与主要物理趋势受支持；严格论文等价仍有边界,false,阶段 C 证据绑定；所有结论来自当前权威表、逐图审计和实际图形资产。
5.7,5,Fig. 5.7,104,120,"Figure 5.7. Quasi-DRO trajectories converged in the Sun-Earth-Moon ephemeris model, where the insertion condition is in denoted by the red circle. The insertion epochs for each trajectory are (a) June 1, 2020, (b) June 4, 2020, (c) June 10, 2020, and (d) June 15, 2020. The lunar shadow is rendered in grey.",pdf_caption_block,reports/mccarthy2018_figure_comparison/assets/original/fig_5_7_original.png,reports/mccarthy2018_figure_comparison/assets/reproduced/fig_5_7_reproduced.png,reports/mccarthy2018_figure_comparison/assets/comparison/fig_5_7_comparison.png,不同插入历元的拟 DRO 星历轨迹,Quasi-DRO ephemeris trajectories by insertion epoch,DE421 星历初始化的 Earth-Moon 几何/传播基线,月心瞬时 Sun–Moon 正交旋转坐标，X 指向 Sun、Z 为 Sun–Moon 轨道角动量方向，单位 km；历元为 2020-06-01/04/10/15T00:00:00Z,"DE421 Sun-Earth-Moon ephemeris-corrected quasi-DRO; insertion epochs=2020-06-01,04,10,15",Route H 初始几何与 DE421 历元/相位场景传播,figures/fig_5_07.py,data/computed/chapter5_de421_quasi_dro_scenes.csv,Route H quasi-DRO eclipse/occultation scene in DE421-oriented frame,boundary,data/computed/chapter5_de421_quasi_dro_scenes.csv,残差: accepted source rows: 30; Route H dependency: accepted Route H upstream member; BCR4BP dependency: none；Jacobi: See Chapter 5 source-layer audit; not a single CR3BP Jacobi metric for all application figures；周期/相位: See Chapter 5 source-layer audit for endpoint/defect boundary,"PNG bytes 595585; PDF bytes 119522; boundary: DE421-oriented event geometry is available, but not a fully corrected ephemeris trajectory.",当前结果包含真实数值解，动力学对象、拓扑或主要变化趋势与原图目标相对应。,"PNG bytes 595585; PDF bytes 119522; boundary: DE421-oriented event geometry is available, but not a fully corrected ephemeris trajectory.",原始节点、完整分支、相位、投影参数或任务约束未完全公开，尚不能证明逐点等价。,当前逐图审计已给出受控边界；未把投影、原始节点或高保真条件缺失解释为数值等价。,差异与未公开源数据、分支覆盖、相位/视角或模型保真度边界相符，但不作唯一归因。,"DE421-oriented event geometry is available, but not a fully corrected ephemeris trajectory.",结论限于当前真实数值源层和已报告趋势，不扩展为严格论文等价。,Add ephemeris/BCR4BP defect correction before claiming original application-figure replacement.,B,真实数值解与主要物理趋势受支持；严格论文等价仍有边界,false,阶段 C 证据绑定；所有结论来自当前权威表、逐图审计和实际图形资产。
5.8,5,Fig. 5.8,106,122,"Figure 5.8. (a) Originating unstable halo orbit (blue), quasi-halo orbit torus used for a transfer initial guess (grey), and the destination planar Lyapunov orbit. (b) Converged transfer from an unstable halo orbit to a planar Lyapunov orbit in the Earth-Moon system.",pdf_caption_block,reports/mccarthy2018_figure_comparison/assets/original/fig_5_8_original.png,reports/mccarthy2018_figure_comparison/assets/reproduced/fig_5_8_reproduced.png,reports/mccarthy2018_figure_comparison/assets/comparison/fig_5_8_comparison.png,Halo 至 Lyapunov 转移初值与收敛解,Halo-to-Lyapunov transfer initial guess and converged transfer,Earth-Moon CR3BP,主星-次星质心旋转（synodic）无量纲坐标；图中物理量按脚本输出为无量纲量、km 或 day,halo-to-Lyapunov transfer; delta-v=139.4+4.0=143.4 m/s; TOF=186.9 day,等 Jacobi 多步打靶转移修正与端点复核,figures/fig_5_08.py,data/computed/chapter5_earth_moon_halo_lyapunov_transfer_baseline.csv,Earth-Moon equal-Jacobi halo-to-Lyapunov multiple-shooting transfer,boundary,data/computed/chapter5_earth_moon_halo_lyapunov_transfer_baseline.csv,残差: accepted source rows: 1; Route H dependency: accepted Route H upstream member for separate source-layer figure; BCR4BP dependency: 4 dynamics audit rows; 3 correction rows；Jacobi: See Chapter 5 source-layer audit; not a single CR3BP Jacobi metric for all application figures；周期/相位: See Chapter 5 source-layer audit for endpoint/defect boundary,PNG bytes 469662; PDF bytes 39015; boundary: The linear corridor proxy is removed and replaced by the accepted transfer trajectory and patch nodes. BCR4BP/ephemeris correction and original-thesis pointwise comparison remain pending.,当前结果包含真实数值解，动力学对象、拓扑或主要变化趋势与原图目标相对应。,PNG bytes 469662; PDF bytes 39015; boundary: The linear corridor proxy is removed and replaced by the accepted transfer trajectory and patch nodes. BCR4BP/ephemeris correction and original-thesis pointwise comparison remain pending.,原始节点、完整分支、相位、投影参数或任务约束未完全公开，尚不能证明逐点等价。,当前逐图审计已给出受控边界；未把投影、原始节点或高保真条件缺失解释为数值等价。,差异与未公开源数据、分支覆盖、相位/视角或模型保真度边界相符，但不作唯一归因。,The linear corridor proxy is removed and replaced by the accepted transfer trajectory and patch nodes. BCR4BP/ephemeris correction and original-thesis pointwise comparison remain pending.,结论限于当前真实数值源层和已报告趋势，不扩展为严格论文等价。,Correct this specific 186.9-day transfer in BCR4BP/ephemeris and compare it with the thesis delta-v and geometry.,B,真实数值解与主要物理趋势受支持；严格论文等价仍有边界,false,阶段 C 证据绑定；所有结论来自当前权威表、逐图审计和实际图形资产。
5.9,5,Fig. 5.9,107,123,"Figure 5.9. Departure (blue) and destination (red) NRHOs, with two potential departure locations (light blue) that intersect the torus projection (grey).",pdf_caption_block,reports/mccarthy2018_figure_comparison/assets/original/fig_5_9_original.png,reports/mccarthy2018_figure_comparison/assets/reproduced/fig_5_9_reproduced.png,reports/mccarthy2018_figure_comparison/assets/comparison/fig_5_9_comparison.png,NRHO 与候选离去位置,NRHOs and potential departure locations,Earth-Moon CR3BP,主星-次星质心旋转（synodic）无量纲坐标；图中物理量按脚本输出为无量纲量、km 或 day,"northern L2 NRHO rp=4800,12610 km; stability index=1.5425,1.1762; constant-frequency quasi-NRHO corridor anchored at periodic NRHO rp=8065 km and frequency ratio=5.0305",NRHO 族/走廊几何搜索与逐图源层审计,figures/fig_5_09.py,data/computed/chapter5_earth_moon_nrho_transfer_baseline.csv,Earth-Moon corrected periodic-NRHO family with transfer departure markers,boundary,data/computed/chapter5_earth_moon_nrho_transfer_baseline.csv,残差: accepted source rows: 2; Route H dependency: indirect only; BCR4BP dependency: available as separate source-layer audit；Jacobi: See Chapter 5 source-layer audit; not a single CR3BP Jacobi metric for all application figures；周期/相位: See Chapter 5 source-layer audit for endpoint/defect boundary,PNG bytes 272126; PDF bytes 150382; boundary: The linear corridor proxy is removed. The displayed family is corrected CR3BP periodic NRHOs; BCR4BP/ephemeris correction and pointwise thesis comparison remain pending.,当前结果包含真实数值解，动力学对象、拓扑或主要变化趋势与原图目标相对应。,PNG bytes 272126; PDF bytes 150382; boundary: The linear corridor proxy is removed. The displayed family is corrected CR3BP periodic NRHOs; BCR4BP/ephemeris correction and pointwise thesis comparison remain pending.,原始节点、完整分支、相位、投影参数或任务约束未完全公开，尚不能证明逐点等价。,当前逐图审计已给出受控边界；未把投影、原始节点或高保真条件缺失解释为数值等价。,差异与未公开源数据、分支覆盖、相位/视角或模型保真度边界相符，但不作唯一归因。,The linear corridor proxy is removed. The displayed family is corrected CR3BP periodic NRHOs; BCR4BP/ephemeris correction and pointwise thesis comparison remain pending.,结论限于当前真实数值源层和已报告趋势，不扩展为严格论文等价。,Correct representative family members in BCR4BP/ephemeris and compare the family geometry pointwise with the thesis panel.,B,真实数值解与主要物理趋势受支持；严格论文等价仍有边界,false,阶段 C 证据绑定；所有结论来自当前权威表、逐图审计和实际图形资产。
5.10,5,Fig. 5.10,108,124,Figure 5.10. Converged transfer trajectories for (a) departure location 1 and (b) departure location 2.,pdf_caption_block,reports/mccarthy2018_figure_comparison/assets/original/fig_5_10_original.png,reports/mccarthy2018_figure_comparison/assets/reproduced/fig_5_10_reproduced.png,reports/mccarthy2018_figure_comparison/assets/comparison/fig_5_10_comparison.png,两处离去位置的收敛转移轨迹,Converged transfer trajectories for two departure locations,DE421 初始化的平面 Earth-Moon BCR4BP；CR3BP 结果仅作对照,"Earth–Moon 质心旋转坐标，状态顺序 [x,y,z,xdot,ydot,zdot]，Earth–Moon LU/TU 归一化；项目 BCR4BP 扩展由 DE421 于 2020-06-15T00:00:00Z 初始化，论文自主 CR3BP 工况历元不适用","autonomous Earth-Moon CR3BP feasible solutions (not the later SQP optima): transfer 1=48.3+32.2=80.5 m/s, TOF=23 day; transfer 2=51.3+35.3=86.6 m/s, TOF=12.4 day; epoch not applicable",DE421 初始化 BCR4BP 分段修正、端点/缺陷负对照与脉冲统计,figures/fig_5_10.py,data/computed/chapter5_fig510_bcr4bp_transfer_audit.csv;data/computed/chapter5_fig510_bcr4bp_transfer_trajectories.csv;data/computed/chapter5_earth_moon_nrho_transfer_baseline.csv,Earth-Moon NRHO CR3BP transfers plus DE421-initialized planar BCR4BP correction,boundary,data/computed/chapter5_fig510_bcr4bp_transfer_audit.csv;data/computed/chapter5_fig510_bcr4bp_transfer_trajectories.csv;data/computed/chapter5_earth_moon_nrho_transfer_baseline.csv,残差: accepted source rows: 2; Route H dependency: indirect only; BCR4BP dependency: dedicated numerical correction 2/2; paper equivalence 0/2；Jacobi: See Chapter 5 source-layer audit; not a single CR3BP Jacobi metric for all application figures；周期/相位: See Chapter 5 source-layer audit for endpoint/defect boundary,"PNG bytes 319371; PDF bytes 23033; boundary: The dedicated planar BCR4BP extension is numerically accepted, but Figure 5.10 is an autonomous CR3BP case, so epoch is not applicable to the paper result and the project date belongs only to the extension. The paper-specific quasi-NRHO member, intersection phases, raw boundary states, impulse agreement, and pointwise geometry remain open, so paper_equivalence=false.",两组 BCR4BP 分段修正通过项目数值门槛。,"PNG bytes 319371; PDF bytes 23033; boundary: The dedicated planar BCR4BP extension is numerically accepted, but Figure 5.10 is an autonomous CR3BP case, so epoch is not applicable to the paper result and the project date belongs only to the extension. The paper-specific quasi-NRHO member, intersection phases, raw boundary states, impulse agreement, and pointwise geometry remain open, so paper_equivalence=false.",项目工况不是论文自主 CR3BP 原始工况，paper_equivalence=0/2。,当前逐图审计已给出受控边界；未把投影、原始节点或高保真条件缺失解释为数值等价。,论文特定拟 NRHO 成员、相位和边界状态未公开。,"The dedicated planar BCR4BP extension is numerically accepted, but Figure 5.10 is an autonomous CR3BP case, so epoch is not applicable to the paper result and the project date belongs only to the extension. The paper-specific quasi-NRHO member, intersection phases, raw boundary states, impulse agreement, and pointwise geometry remain open, so paper_equivalence=false.",只声明项目 BCR4BP 数值扩展，不替代论文 Fig. 5.10 原始解。,"Continue the rp=8065 km, frequency-ratio=5.0305 constant-frequency quasi-NRHO family, recover the two intersection phases and boundary states, then optimize the impulse split and run a locked-projection audit.",B,真实数值解与主要物理趋势受支持；严格论文等价仍有边界,false,阶段 C 证据绑定；所有结论来自当前权威表、逐图审计和实际图形资产。
5.11,5,Fig. 5.11,109,125,"Figure 5.11. Converged transfer trajectories from an rp = 12, 610 km NRHO to an rp = 4, 800 km NRHO.",pdf_caption_block,reports/mccarthy2018_figure_comparison/assets/original/fig_5_11_original.png,reports/mccarthy2018_figure_comparison/assets/reproduced/fig_5_11_reproduced.png,reports/mccarthy2018_figure_comparison/assets/comparison/fig_5_11_comparison.png,两条 NRHO 之间的收敛转移,Converged transfer between two NRHOs,Earth-Moon CR3BP,主星-次星质心旋转（synodic）无量纲坐标；图中物理量按脚本输出为无量纲量、km 或 day,CR3BP-symmetric reverse transfers from rp=12610 km NRHO to rp=4800 km NRHO using accepted Fig.5.10 solutions,CR3BP 对称反向转移与端点差分修正,figures/fig_5_11.py,data/computed/chapter5_earth_moon_nrho_transfer_baseline.csv,Earth-Moon NRHO direct-transfer CR3BP baseline,boundary,data/computed/chapter5_earth_moon_nrho_transfer_baseline.csv,残差: accepted source rows: 2; Route H dependency: indirect only; BCR4BP dependency: available as separate source-layer audit；Jacobi: See Chapter 5 source-layer audit; not a single CR3BP Jacobi metric for all application figures；周期/相位: See Chapter 5 source-layer audit for endpoint/defect boundary,"PNG bytes 307584; PDF bytes 22186; boundary: Per-figure endpoint-corrected CR3BP transfer rows are accepted by exact symmetry, but no BCR4BP/ephemeris high-fidelity replacement is claimed.",当前结果包含真实数值解，动力学对象、拓扑或主要变化趋势与原图目标相对应。,"PNG bytes 307584; PDF bytes 22186; boundary: Per-figure endpoint-corrected CR3BP transfer rows are accepted by exact symmetry, but no BCR4BP/ephemeris high-fidelity replacement is claimed.",原始节点、完整分支、相位、投影参数或任务约束未完全公开，尚不能证明逐点等价。,当前逐图审计已给出受控边界；未把投影、原始节点或高保真条件缺失解释为数值等价。,差异与未公开源数据、分支覆盖、相位/视角或模型保真度边界相符，但不作唯一归因。,"Per-figure endpoint-corrected CR3BP transfer rows are accepted by exact symmetry, but no BCR4BP/ephemeris high-fidelity replacement is claimed.",结论限于当前真实数值源层和已报告趋势，不扩展为严格论文等价。,Promote further only after the specific Fig. 5.11 transfer is corrected in BCR4BP/ephemeris and compared to thesis delta-v.,B,真实数值解与主要物理趋势受支持；严格论文等价仍有边界,false,阶段 C 证据绑定；所有结论来自当前权威表、逐图审计和实际图形资产。
5.12,5,Fig. 5.12,109,125,Figure 5.12. Rendezvous maneuver size as a function of the time relative to the baseline arrival time.,pdf_caption_block,reports/mccarthy2018_figure_comparison/assets/original/fig_5_12_original.png,reports/mccarthy2018_figure_comparison/assets/reproduced/fig_5_12_reproduced.png,reports/mccarthy2018_figure_comparison/assets/comparison/fig_5_12_comparison.png,交会速度增量随到达时间变化,Rendezvous maneuver versus arrival time,Earth-Moon CR3BP,主星-次星质心旋转（synodic）无量纲坐标；图中物理量按脚本输出为无量纲量、km 或 day,rendezvous delta-v versus arrival offset; baseline=80.5 m/s; offset=-24..24 h; minimum near -6.5 h,固定离去状态的到达时间偏移扫描与折叠边界记录,figures/fig_5_12.py,data/computed/chapter5_earth_moon_nrho_transfer_baseline.csv,Earth-Moon NRHO fixed-departure rendezvous arrival-offset branch,boundary,data/computed/chapter5_earth_moon_nrho_transfer_baseline.csv,残差: accepted source rows: 36; Route H dependency: none; BCR4BP dependency: none；Jacobi: See Chapter 5 source-layer audit; not a single CR3BP Jacobi metric for all application figures；周期/相位: See Chapter 5 source-layer audit for endpoint/defect boundary,PNG bytes 78471; PDF bytes 25306; boundary: The grey extrapolation is removed. The computed branch covers -24 to +11 h; +12 to +24 h remains an explicit fold/coverage boundary rather than plotted proxy data.,当前 CR3BP 到达时间偏移分支给出真实收敛解。,PNG bytes 78471; PDF bytes 25306; boundary: The grey extrapolation is removed. The computed branch covers -24 to +11 h; +12 to +24 h remains an explicit fold/coverage boundary rather than plotted proxy data.,覆盖仅为 -24..+11 h，+12..+24 h 未计算。,当前逐图审计已给出受控边界；未把投影、原始节点或高保真条件缺失解释为数值等价。,分支在 +11 h 后出现折叠/延拓边界。,The grey extrapolation is removed. The computed branch covers -24 to +11 h; +12 to +24 h remains an explicit fold/coverage boundary rather than plotted proxy data.,未覆盖区间不得插值或绘制代理。,Develop a robust global quasi-NRHO continuation or high-fidelity ephemeris branch to cover the missing +12 to +24 h interval.,B,真实数值解与主要物理趋势受支持；严格论文等价仍有边界,false,阶段 C 证据绑定；所有结论来自当前权威表、逐图审计和实际图形资产。
5.13,5,Fig. 5.13,111,127,Figure 5.13. Periapsis heat map from the stable manifolds of a Sun- Earth L1 Lissajous orbit,pdf_caption_block,reports/mccarthy2018_figure_comparison/assets/original/fig_5_13_original.png,reports/mccarthy2018_figure_comparison/assets/reproduced/fig_5_13_reproduced.png,reports/mccarthy2018_figure_comparison/assets/comparison/fig_5_13_comparison.png,日地 L1 稳定流形近地点热图,Periapsis heat map from Sun-Earth L1 stable manifolds,Sun-Earth CR3BP,主星-次星质心旋转（synodic）无量纲坐标；图中物理量按脚本输出为无量纲量、km 或 day,Sun-Earth L1 two-frequency Lissajous torus; z=940000 km; y=660000 km; at least 3500 torus points; candidate periapsis about 7033 km,双角度不变环面采样、稳定流形相位扫描与近地点搜索,figures/fig_5_13.py,data/computed/chapter5_active_geometry_stable_manifold_tight_target_audit.csv,accepted active-geometry Sun-Earth L1 two-frequency torus DG tight stable-manifold periapsis map,boundary,data/computed/chapter5_active_geometry_stable_manifold_tight_target_audit.csv,残差: accepted source rows: 1; Route H dependency: none; BCR4BP dependency: none；Jacobi: See Chapter 5 source-layer audit; not a single CR3BP Jacobi metric for all application figures；周期/相位: See Chapter 5 source-layer audit for endpoint/defect boundary,PNG bytes 82719; PDF bytes 36653; boundary: The display-function proxy is removed and the accepted 129x256 full-torus geometry plus 9x9 tight scan reaches the 7033-km target. Remaining boundaries are high-fidelity BCR4BP/ephemeris correction and pointwise comparison with the thesis heat map.,两角度稳定流形扫描达到约 7033 km 近地点目标。,PNG bytes 82719; PDF bytes 36653; boundary: The display-function proxy is removed and the accepted 129x256 full-torus geometry plus 9x9 tight scan reaches the 7033-km target. Remaining boundaries are high-fidelity BCR4BP/ephemeris correction and pointwise comparison with the thesis heat map.,热图场分布尚未与论文原图逐点比较。,当前逐图审计已给出受控边界；未把投影、原始节点或高保真条件缺失解释为数值等价。,BCR4BP/星历修正和原图数字化审计尚缺。,The display-function proxy is removed and the accepted 129x256 full-torus geometry plus 9x9 tight scan reaches the 7033-km target. Remaining boundaries are high-fidelity BCR4BP/ephemeris correction and pointwise comparison with the thesis heat map.,只声明 CR3BP 活跃几何源层与目标近地点一致。,Use the active-geometry CR3BP source layer as the current target-mode result; add BCR4BP/ephemeris correction and digitize the thesis heat map before claiming full thesis equivalence.,B,真实数值解与主要物理趋势受支持；严格论文等价仍有边界,false,阶段 C 证据绑定；所有结论来自当前权威表、逐图审计和实际图形资产。
5.14,5,Fig. 5.14,112,128,Figure 5.14. (a) 3D view and (b) ˆxˆy projection of a transfer from LEO to quasi-periodic Sun-Earth L1 Lissajous orbit.,pdf_caption_block,reports/mccarthy2018_figure_comparison/assets/original/fig_5_14_original.png,reports/mccarthy2018_figure_comparison/assets/reproduced/fig_5_14_reproduced.png,reports/mccarthy2018_figure_comparison/assets/comparison/fig_5_14_comparison.png,LEO 至日地 L1 拟周期 Lissajous 轨道转移,LEO to quasi-periodic Sun-Earth L1 Lissajous transfer,Sun-Earth CR3BP,主星-次星质心旋转（synodic）无量纲坐标；图中物理量按脚本输出为无量纲量、km 或 day,stable-manifold transfer to 185 km LEO (geocentric radius 6563 km); zero deterministic insertion maneuver after departure,稳定流形传播、近地点/LEO 目标筛选与端点审计,figures/fig_5_14.py,data/computed/chapter5_active_geometry_leo_transfer_audit.csv,accepted active-geometry Sun-Earth L1 stable-manifold LEO transfer,boundary,data/computed/chapter5_active_geometry_leo_transfer_audit.csv,残差: accepted source rows: 1; Route H dependency: none; BCR4BP dependency: none；Jacobi: See Chapter 5 source-layer audit; not a single CR3BP Jacobi metric for all application figures；周期/相位: See Chapter 5 source-layer audit for endpoint/defect boundary,PNG bytes 289385; PDF bytes 80747; boundary: The analytic transfer and torus scene is removed. The accepted active-geometry CR3BP trajectory reaches the 7033-km periapsis target and records the 185-km LEO endpoint; BCR4BP/ephemeris correction remains pending.,稳定流形转移达到约 7033 km 近地点并保留 LEO 端点证据。,PNG bytes 289385; PDF bytes 80747; boundary: The analytic transfer and torus scene is removed. The accepted active-geometry CR3BP trajectory reaches the 7033-km periapsis target and records the 185-km LEO endpoint; BCR4BP/ephemeris correction remains pending.,三维几何和论文投影仍有明显差异。,当前逐图审计已给出受控边界；未把投影、原始节点或高保真条件缺失解释为数值等价。,BCR4BP/星历修正及论文时序对照尚缺。,The analytic transfer and torus scene is removed. The accepted active-geometry CR3BP trajectory reaches the 7033-km periapsis target and records the 185-km LEO endpoint; BCR4BP/ephemeris correction remains pending.,只声明 CR3BP 数值转移，不声明高保真论文等价。,Correct this specific active-geometry stable-manifold transfer in BCR4BP/ephemeris and compare against thesis timing and geometry.,B,真实数值解与主要物理趋势受支持；严格论文等价仍有边界,false,阶段 C 证据绑定；所有结论来自当前权威表、逐图审计和实际图形资产。
