metric_id,target_id,priority_core,metric,paper_value_or_target,project_result,error_or_status,unit,evidence_artifact,evidence_type,verification_status,boundary
M0001,2.1,false,论文目标/关键物理量,Geometry in the three-body system and reference frames,frame definitions and primary geometry,proxy,见字段文本；未明确者【待核实】,reference schematic geometry,authoritative validation/per-figure audit,proxy,示意或代理层；不得写成定量数值复现
M0002,2.2,false,论文目标/关键物理量,Collinear libration point geometry,collinear point layout,proxy,见字段文本；未明确者【待核实】,reference schematic geometry,authoritative validation/per-figure audit,proxy,示意或代理层；不得写成定量数值复现
M0003,2.3,false,论文目标/关键物理量,"general CR3BP libration-point geometry; L1/L2/L3 on x-axis; L4/L5=(1/2-mu,+/-sqrt(3)/2)",CR3BP L1-L5 locations,boundary,见字段文本；未明确者【待核实】,data/computed/libration_points.csv,authoritative validation/per-figure audit,boundary,真实数值解与主要物理趋势受支持；严格论文等价仍有边界；当前未闭合项：Keep as validated CR3BP baseline
M0004,2.3,false,动力学/校正残差,原论文未报告（本项目验证指标）,root solve in libration point table,按当前审计阈值解释,见字段文本；未明确者【待核实】,data/computed/libration_points.csv,authoritative validation/per-figure audit,boundary,真实数值解与主要物理趋势受支持；严格论文等价仍有边界；当前未闭合项：Keep as validated CR3BP baseline
M0005,2.4,false,论文目标/关键物理量,Earth-Moon zero-velocity curves at JC=3.16 and JC=3.18,Jacobi zero velocity contours,boundary,见字段文本；未明确者【待核实】,CR3BP zero velocity grid,authoritative validation/per-figure audit,boundary,真实数值解与主要物理趋势受支持；严格论文等价仍有边界；当前未闭合项：Keep as validated CR3BP baseline
M0006,2.5,false,论文目标/关键物理量,Earth-Moon rotating frame,rotating-frame axes and primaries,proxy,见字段文本；未明确者【待核实】,local rotating-frame schematic,authoritative validation/per-figure audit,proxy,示意或代理层；不得写成定量数值复现
M0007,2.6,false,论文目标/关键物理量,ZVC comparison: Earth-Moon mu=0.01215; Saturn-Titan mu=0.0002366; Sun-Earth mu=3.0035e-6,Jacobi zero velocity contours,boundary,见字段文本；未明确者【待核实】,CR3BP zero velocity grids across systems,authoritative validation/per-figure audit,boundary,真实数值解与主要物理趋势受支持；严格论文等价仍有边界；当前未闭合项：Keep as validated CR3BP baseline
M0008,2.7,false,论文目标/关键物理量,Earth-Moon L1 decoupled in-plane and out-of-plane first-order modes; equations 2.61-2.66,planar and vertical linear modes,boundary,见字段文本；未明确者【待核实】,linearized L1 center modes,authoritative validation/per-figure audit,boundary,真实数值解与主要物理趋势受支持；严格论文等价仍有边界；当前未闭合项：Keep as validated linear CR3BP baseline
M0009,2.8,false,论文目标/关键物理量,Earth-Moon L1 linear Lissajous motion coupling in-plane and out-of-plane modes; equations 2.67-2.72,linear mode amplitudes,boundary,见字段文本；未明确者【待核实】,linearized L1 Lissajous propagation,authoritative validation/per-figure audit,boundary,真实数值解与主要物理趋势受支持；严格论文等价仍有边界；当前未闭合项：Keep as validated linear CR3BP baseline
M0010,2.9,false,论文目标/关键物理量,Single-shooting differential corrections targeting,single-shooting correction geometry,proxy,见字段文本；未明确者【待核实】,algorithm schematic,authoritative validation/per-figure audit,proxy,示意或代理层；不得写成定量数值复现
M0011,2.10,false,论文目标/关键物理量,Multiple-shooting trajectory arcs,multiple-shooting arc geometry,proxy,见字段文本；未明确者【待核实】,algorithm schematic,authoritative validation/per-figure audit,proxy,示意或代理层；不得写成定量数值复现
M0012,2.11,false,论文目标/关键物理量,"Earth-Moon L2 planar Lyapunov correction; x0=[x0,0,0,0,ydot0,0]; free variables=[x0,ydot0,T]; constraints=[y(T),xdot(T)]=0",L2 Lyapunov state; period; Jacobi,boundary,见字段文本；未明确者【待核实】,data/computed/lyapunov_l2_summary.csv,authoritative validation/per-figure audit,boundary,真实数值解与主要物理趋势受支持；严格论文等价仍有边界；当前未闭合项：Keep as validated periodic-orbit baseline
M0013,2.11,false,动力学/校正残差,原论文未报告（本项目验证指标）,corrected shooting residual in CSV,按当前审计阈值解释,见字段文本；未明确者【待核实】,data/computed/lyapunov_l2_summary.csv,authoritative validation/per-figure audit,boundary,真实数值解与主要物理趋势受支持；严格论文等价仍有边界；当前未闭合项：Keep as validated periodic-orbit baseline
M0014,2.11,false,周期/相位闭合,原论文未报告（本项目验证指标）,periodicity error in CSV,按当前审计阈值解释,见字段文本；未明确者【待核实】,data/computed/lyapunov_l2_summary.csv,authoritative validation/per-figure audit,boundary,真实数值解与主要物理趋势受支持；严格论文等价仍有边界；当前未闭合项：Keep as validated periodic-orbit baseline
M0015,2.12,false,论文目标/关键物理量,Natural and pseudo-arclength continuation,natural and pseudo-arclength continuation geometry,proxy,见字段文本；未明确者【待核实】,continuation schematic,authoritative validation/per-figure audit,proxy,示意或代理层；不得写成定量数值复现
M0016,2.13,false,论文目标/关键物理量,"Jupiter-Europa L2 Lyapunov, halo, and vertical families; mu=2.528e-5",Jupiter-Europa Lyapunov; halo; vertical families,boundary,见字段文本；未明确者【待核实】,data/computed/jupiter_europa_l2_*_family.csv,authoritative validation/per-figure audit,boundary,真实数值解与主要物理趋势受支持；严格论文等价仍有边界；当前未闭合项：Compare against thesis branch amplitudes if source values are found
M0017,2.13,false,动力学/校正残差,原论文未报告（本项目验证指标）,final residuals in family CSV,按当前审计阈值解释,见字段文本；未明确者【待核实】,data/computed/jupiter_europa_l2_*_family.csv,authoritative validation/per-figure audit,boundary,真实数值解与主要物理趋势受支持；严格论文等价仍有边界；当前未闭合项：Compare against thesis branch amplitudes if source values are found
M0018,2.13,false,周期/相位闭合,原论文未报告（本项目验证指标）,periodicity errors in family CSV,按当前审计阈值解释,见字段文本；未明确者【待核实】,data/computed/jupiter_europa_l2_*_family.csv,authoritative validation/per-figure audit,boundary,真实数值解与主要物理趋势受支持；严格论文等价仍有边界；当前未闭合项：Compare against thesis branch amplitudes if source values are found
M0019,2.13,false,稳定性指标误差,见原文目标或原论文未报告,stability indices in family CSV,按当前审计阈值解释,见字段文本；未明确者【待核实】,data/computed/jupiter_europa_l2_*_family.csv,authoritative validation/per-figure audit,boundary,真实数值解与主要物理趋势受支持；严格论文等价仍有边界；当前未闭合项：Compare against thesis branch amplitudes if source values are found
M0020,2.14,false,论文目标/关键物理量,Earth-Moon L1 Lyapunov stable/unstable manifolds; JC=3.1827,L1 Lyapunov monodromy and stable/unstable manifolds,boundary,见字段文本；未明确者【待核实】,data/computed/lyapunov_l1_manifold_summary.csv,authoritative validation/per-figure audit,boundary,真实数值解与主要物理趋势受支持；严格论文等价仍有边界；当前未闭合项：Keep as validated periodic-manifold baseline
M0021,2.14,false,周期/相位闭合,原论文未报告（本项目验证指标）,periodicity error in CSV,按当前审计阈值解释,见字段文本；未明确者【待核实】,data/computed/lyapunov_l1_manifold_summary.csv,authoritative validation/per-figure audit,boundary,真实数值解与主要物理趋势受支持；严格论文等价仍有边界；当前未闭合项：Keep as validated periodic-manifold baseline
M0022,2.14,false,稳定性指标误差,见原文目标或原论文未报告,stability index in CSV,按当前审计阈值解释,见字段文本；未明确者【待核实】,data/computed/lyapunov_l1_manifold_summary.csv,authoritative validation/per-figure audit,boundary,真实数值解与主要物理趋势受支持；严格论文等价仍有边界；当前未闭合项：Keep as validated periodic-manifold baseline
M0023,2.15,false,论文目标/关键物理量,Earth-Moon L2 halo-family stability index; nu=(abs(lambda_max)+1/abs(lambda_max))/2; stable nu=1; unstable nu>1,L2 halo/NRHO stability branch,accepted,见字段文本；未明确者【待核实】,data/computed/earth_moon_l2_halo_stability.csv,authoritative validation/per-figure audit,accepted,按当前项目审计门槛定量通过；不自动声明与原作者离散节点逐点等价
M0024,2.15,false,动力学/校正残差,原论文未报告（本项目验证指标）,final residuals in CSV,按当前审计阈值解释,见字段文本；未明确者【待核实】,data/computed/earth_moon_l2_halo_stability.csv,authoritative validation/per-figure audit,accepted,按当前项目审计门槛定量通过；不自动声明与原作者离散节点逐点等价
M0025,2.15,false,周期/相位闭合,原论文未报告（本项目验证指标）,periodicity errors below validation threshold,按当前审计阈值解释,见字段文本；未明确者【待核实】,data/computed/earth_moon_l2_halo_stability.csv,authoritative validation/per-figure audit,accepted,按当前项目审计门槛定量通过；不自动声明与原作者离散节点逐点等价
M0026,2.15,false,稳定性指标误差,见原文目标或原论文未报告,NRHO points within 0.01 of thesis values,按当前审计阈值解释,见字段文本；未明确者【待核实】,data/computed/earth_moon_l2_halo_stability.csv,authoritative validation/per-figure audit,accepted,按当前项目审计门槛定量通过；不自动声明与原作者离散节点逐点等价
M0027,3.1,false,论文目标/关键物理量,Two-dimensional torus as product of two circles,two-circle torus geometry,proxy,见字段文本；未明确者【待核实】,torus schematic,authoritative validation/per-figure audit,proxy,示意或代理层；不得写成定量数值复现
M0028,3.2,false,论文目标/关键物理量,"Invariant curve, rotation angle, and return trajectory",rotation angle and return map geometry,proxy,见字段文本；未明确者【待核实】,invariant-curve schematic,authoritative validation/per-figure audit,proxy,示意或代理层；不得写成定量数值复现
M0029,3.3,false,论文目标/关键物理量,Seven-point discretized invariant curve mapping,seven-point invariant curve map residuals,diagnostic,见字段文本；未明确者【待核实】,data/computed/earth_moon_l1_stroboscopic_curve_seed.csv,authoritative validation/per-figure audit,diagnostic,局部、部分分支或诊断性数值源层；当前未闭合项：Keep schematic status and use CSV for algorithm validation
M0030,3.3,false,动力学/校正残差,原论文未报告（本项目验证指标）,residuals in seed CSV,按当前审计阈值解释,见字段文本；未明确者【待核实】,data/computed/earth_moon_l1_stroboscopic_curve_seed.csv,authoritative validation/per-figure audit,diagnostic,局部、部分分支或诊断性数值源层；当前未闭合项：Keep schematic status and use CSV for algorithm validation
M0031,3.3,false,Jacobi 一致性,原论文未报告（本项目验证指标）,jacobi drift in seed CSV,按当前审计阈值解释,见字段文本；未明确者【待核实】,data/computed/earth_moon_l1_stroboscopic_curve_seed.csv,authoritative validation/per-figure audit,diagnostic,局部、部分分支或诊断性数值源层；当前未闭合项：Keep schematic status and use CSV for algorithm validation
M0032,3.4,false,论文目标/关键物理量,Patch curves for multiple-shooting torus correction,patch curves and multiple-shooting layout,proxy,见字段文本；未明确者【待核实】,torus correction schematic,authoritative validation/per-figure audit,proxy,示意或代理层；不得写成定量数值复现
M0033,3.5,true,论文目标/关键物理量,"constant-energy quasi-halo family; JC=3.1389; T0=12.03,12.09,12.26,12.40 day",JC 3.1389 quasi-halo tori,accepted,见字段文本；未明确者【待核实】,data/computed/chapter3_corrected_constant_energy_halo_high_order_family.csv,authoritative validation/per-figure audit,accepted,按当前项目审计门槛定量通过；不自动声明与原作者离散节点逐点等价
M0034,3.5,true,动力学/校正残差,原论文未报告（本项目验证指标）,7.41e-11 selected member residual,按当前审计阈值解释,见字段文本；未明确者【待核实】,data/computed/chapter3_corrected_constant_energy_halo_high_order_family.csv,authoritative validation/per-figure audit,accepted,按当前项目审计门槛定量通过；不自动声明与原作者离散节点逐点等价
M0035,3.5,true,Jacobi 一致性,原论文未报告（本项目验证指标）,1.4e-15 temporal drift,按当前审计阈值解释,见字段文本；未明确者【待核实】,data/computed/chapter3_corrected_constant_energy_halo_high_order_family.csv,authoritative validation/per-figure audit,accepted,按当前项目审计门槛定量通过；不自动声明与原作者离散节点逐点等价
M0036,3.5,true,数据源范围/target_jacobi,原论文未报告（当前数据源内部范围）,target_jacobi: 3.1389,从当前 CSV 直接计算 min/max；不外推,按 CSV 列定义；未明确者【待核实】,data/computed/chapter3_corrected_constant_energy_halo_high_order_family.csv,direct CSV range,accepted,按当前项目审计门槛定量通过；不自动声明与原作者离散节点逐点等价
M0037,3.5,true,数据源范围/curve_residual,原论文未报告（当前数据源内部范围）,curve_residual: 8.79223004359e-13..4.68965625838e-10,从当前 CSV 直接计算 min/max；不外推,按 CSV 列定义；未明确者【待核实】,data/computed/chapter3_corrected_constant_energy_halo_high_order_family.csv,direct CSV range,accepted,按当前项目审计门槛定量通过；不自动声明与原作者离散节点逐点等价
M0038,3.6,true,论文目标/关键物理量,constant-energy quasi-halo amplitude and amplitude-ratio curves; JC=3.1389,quasi-halo amplitudes versus mapping time,accepted,见字段文本；未明确者【待核实】,data/computed/chapter3_corrected_constant_energy_halo_high_order_family.csv,authoritative validation/per-figure audit,accepted,按当前项目审计门槛定量通过；不自动声明与原作者离散节点逐点等价
M0039,3.6,true,动力学/校正残差,原论文未报告（本项目验证指标）,7.41e-11 selected member residual,按当前审计阈值解释,见字段文本；未明确者【待核实】,data/computed/chapter3_corrected_constant_energy_halo_high_order_family.csv,authoritative validation/per-figure audit,accepted,按当前项目审计门槛定量通过；不自动声明与原作者离散节点逐点等价
M0040,3.6,true,Jacobi 一致性,原论文未报告（本项目验证指标）,1.4e-15 temporal drift,按当前审计阈值解释,见字段文本；未明确者【待核实】,data/computed/chapter3_corrected_constant_energy_halo_high_order_family.csv,authoritative validation/per-figure audit,accepted,按当前项目审计门槛定量通过；不自动声明与原作者离散节点逐点等价
M0041,3.6,true,数据源范围/target_jacobi,原论文未报告（当前数据源内部范围）,target_jacobi: 3.1389,从当前 CSV 直接计算 min/max；不外推,按 CSV 列定义；未明确者【待核实】,data/computed/chapter3_corrected_constant_energy_halo_high_order_family.csv,direct CSV range,accepted,按当前项目审计门槛定量通过；不自动声明与原作者离散节点逐点等价
M0042,3.6,true,数据源范围/curve_residual,原论文未报告（当前数据源内部范围）,curve_residual: 8.79223004359e-13..4.68965625838e-10,从当前 CSV 直接计算 min/max；不外推,按 CSV 列定义；未明确者【待核实】,data/computed/chapter3_corrected_constant_energy_halo_high_order_family.csv,direct CSV range,accepted,按当前项目审计门槛定量通过；不自动声明与原作者离散节点逐点等价
M0043,3.7,true,论文目标/关键物理量,"constant-energy quasi-vertical family; JC=3.1389; T0=12.87,12.85,12.78,12.66 day",JC 3.1389 quasi-vertical tori,boundary,见字段文本；未明确者【待核实】,data/computed/chapter3_corrected_constant_energy_vertical_staged_family.csv,authoritative validation/per-figure audit,boundary,真实数值解与主要物理趋势受支持；严格论文等价仍有边界；当前未闭合项：Continue thesis endpoint comparison if source values appear
M0044,3.7,true,动力学/校正残差,原论文未报告（本项目验证指标）,4.98e-10 selected member residual,按当前审计阈值解释,见字段文本；未明确者【待核实】,data/computed/chapter3_corrected_constant_energy_vertical_staged_family.csv,authoritative validation/per-figure audit,boundary,真实数值解与主要物理趋势受支持；严格论文等价仍有边界；当前未闭合项：Continue thesis endpoint comparison if source values appear
M0045,3.7,true,Jacobi 一致性,原论文未报告（本项目验证指标）,1.4e-15 temporal drift,按当前审计阈值解释,见字段文本；未明确者【待核实】,data/computed/chapter3_corrected_constant_energy_vertical_staged_family.csv,authoritative validation/per-figure audit,boundary,真实数值解与主要物理趋势受支持；严格论文等价仍有边界；当前未闭合项：Continue thesis endpoint comparison if source values appear
M0046,3.7,true,数据源范围/target_jacobi,原论文未报告（当前数据源内部范围）,target_jacobi: 3.1389,从当前 CSV 直接计算 min/max；不外推,按 CSV 列定义；未明确者【待核实】,data/computed/chapter3_corrected_constant_energy_vertical_staged_family.csv,direct CSV range,boundary,真实数值解与主要物理趋势受支持；严格论文等价仍有边界；当前未闭合项：Continue thesis endpoint comparison if source values appear
M0047,3.7,true,数据源范围/curve_residual,原论文未报告（当前数据源内部范围）,curve_residual: 1.04322463905e-12..1.32525380843e-09,从当前 CSV 直接计算 min/max；不外推,按 CSV 列定义；未明确者【待核实】,data/computed/chapter3_corrected_constant_energy_vertical_staged_family.csv,direct CSV range,boundary,真实数值解与主要物理趋势受支持；严格论文等价仍有边界；当前未闭合项：Continue thesis endpoint comparison if source values appear
M0048,3.8,true,论文目标/关键物理量,constant-energy quasi-vertical amplitude and amplitude-ratio curves; JC=3.1389,quasi-vertical amplitudes versus mapping time,boundary,见字段文本；未明确者【待核实】,data/computed/chapter3_corrected_constant_energy_vertical_staged_family.csv,authoritative validation/per-figure audit,boundary,真实数值解与主要物理趋势受支持；严格论文等价仍有边界；当前未闭合项：Continue thesis endpoint comparison if source values appear
M0049,3.8,true,动力学/校正残差,原论文未报告（本项目验证指标）,4.98e-10 selected member residual,按当前审计阈值解释,见字段文本；未明确者【待核实】,data/computed/chapter3_corrected_constant_energy_vertical_staged_family.csv,authoritative validation/per-figure audit,boundary,真实数值解与主要物理趋势受支持；严格论文等价仍有边界；当前未闭合项：Continue thesis endpoint comparison if source values appear
M0050,3.8,true,Jacobi 一致性,原论文未报告（本项目验证指标）,1.4e-15 temporal drift,按当前审计阈值解释,见字段文本；未明确者【待核实】,data/computed/chapter3_corrected_constant_energy_vertical_staged_family.csv,authoritative validation/per-figure audit,boundary,真实数值解与主要物理趋势受支持；严格论文等价仍有边界；当前未闭合项：Continue thesis endpoint comparison if source values appear
M0051,3.8,true,数据源范围/target_jacobi,原论文未报告（当前数据源内部范围）,target_jacobi: 3.1389,从当前 CSV 直接计算 min/max；不外推,按 CSV 列定义；未明确者【待核实】,data/computed/chapter3_corrected_constant_energy_vertical_staged_family.csv,direct CSV range,boundary,真实数值解与主要物理趋势受支持；严格论文等价仍有边界；当前未闭合项：Continue thesis endpoint comparison if source values appear
M0052,3.8,true,数据源范围/curve_residual,原论文未报告（当前数据源内部范围）,curve_residual: 1.04322463905e-12..1.32525380843e-09,从当前 CSV 直接计算 min/max；不外推,按 CSV 列定义；未明确者【待核实】,data/computed/chapter3_corrected_constant_energy_vertical_staged_family.csv,direct CSV range,boundary,真实数值解与主要物理趋势受支持；严格论文等价仍有边界；当前未闭合项：Continue thesis endpoint comparison if source values appear
M0053,3.9,true,论文目标/关键物理量,frequency ratio versus mapping time for constant-energy quasi-halo and quasi-vertical families; JC=3.1389,frequency ratio versus mapping time,diagnostic,见字段文本；未明确者【待核实】,data/computed/chapter3_corrected_*_family.csv,authoritative validation/per-figure audit,diagnostic,局部、部分分支或诊断性数值源层；当前未闭合项：Replace remaining quasi-halo tail proxy with continued numerical branch
M0054,3.9,true,动力学/校正残差,原论文未报告（本项目验证指标）,curve residuals in family CSV,按当前审计阈值解释,见字段文本；未明确者【待核实】,data/computed/chapter3_corrected_*_family.csv,authoritative validation/per-figure audit,diagnostic,局部、部分分支或诊断性数值源层；当前未闭合项：Replace remaining quasi-halo tail proxy with continued numerical branch
M0055,3.9,true,Jacobi 一致性,原论文未报告（本项目验证指标）,jacobi span in family CSV,按当前审计阈值解释,见字段文本；未明确者【待核实】,data/computed/chapter3_corrected_*_family.csv,authoritative validation/per-figure audit,diagnostic,局部、部分分支或诊断性数值源层；当前未闭合项：Replace remaining quasi-halo tail proxy with continued numerical branch
M0056,3.9,true,数据源范围/target_jacobi,原论文未报告（当前数据源内部范围）,target_jacobi: 3.1389,从当前 CSV 直接计算 min/max；不外推,按 CSV 列定义；未明确者【待核实】,data/computed/chapter3_corrected_constant_energy_halo_high_order_family.csv,direct CSV range,diagnostic,局部、部分分支或诊断性数值源层；当前未闭合项：Replace remaining quasi-halo tail proxy with continued numerical branch
M0057,3.9,true,数据源范围/curve_residual,原论文未报告（当前数据源内部范围）,curve_residual: 8.79223004359e-13..4.68965625838e-10,从当前 CSV 直接计算 min/max；不外推,按 CSV 列定义；未明确者【待核实】,data/computed/chapter3_corrected_constant_energy_halo_high_order_family.csv,direct CSV range,diagnostic,局部、部分分支或诊断性数值源层；当前未闭合项：Replace remaining quasi-halo tail proxy with continued numerical branch
M0058,3.10,true,论文目标/关键物理量,"Earth-Moon period-2, period-3, and period-8 halo examples",q=2/q=3/q=8 Earth-Moon CR3BP period-q halo examples; strict single-shoot accepted rows 2; local multiple-shooting accepted rows 3; q8 max multiplier 3.431052642945378e+16,diagnostic,见字段文本；未明确者【待核实】,data/computed/period_q_halo_examples.csv;data/computed/period_q_halo_closure_audit.csv;data/computed/chapter3_period_q_per_figure_audit.csv,authoritative validation/per-figure audit,diagnostic,q=2、q=3 通过严格单步闭合审计；q=8 仅保留局部多步打靶接受，其单步全周期闭合误差为 3.906984451743337，不能升级为稳健周期闭合。
M0059,3.10,true,动力学/校正残差,原论文未报告（本项目验证指标）,worst local multiple-shooting residual 7.654092149144291e-14; local accepted rows 3,按当前审计阈值解释,见字段文本；未明确者【待核实】,data/computed/period_q_halo_examples.csv;data/computed/period_q_halo_closure_audit.csv;data/computed/chapter3_period_q_per_figure_audit.csv,authoritative validation/per-figure audit,diagnostic,q=2、q=3 通过严格单步闭合审计；q=8 仅保留局部多步打靶接受，其单步全周期闭合误差为 3.906984451743337，不能升级为稳健周期闭合。
M0060,3.10,true,Jacobi 一致性,原论文未报告（本项目验证指标）,worst local trajectory Jacobi drift 4.440892098500626e-15,按当前审计阈值解释,见字段文本；未明确者【待核实】,data/computed/period_q_halo_examples.csv;data/computed/period_q_halo_closure_audit.csv;data/computed/chapter3_period_q_per_figure_audit.csv,authoritative validation/per-figure audit,diagnostic,q=2、q=3 通过严格单步闭合审计；q=8 仅保留局部多步打靶接受，其单步全周期闭合误差为 3.906984451743337，不能升级为稳健周期闭合。
M0061,3.10,true,周期/相位闭合,原论文未报告（本项目验证指标）,worst strict single-shoot closure 5.188337924828195e-09; q8 single-shoot closure 3.906984451743337,按当前审计阈值解释,见字段文本；未明确者【待核实】,data/computed/period_q_halo_examples.csv;data/computed/period_q_halo_closure_audit.csv;data/computed/chapter3_period_q_per_figure_audit.csv,authoritative validation/per-figure audit,diagnostic,q=2、q=3 通过严格单步闭合审计；q=8 仅保留局部多步打靶接受，其单步全周期闭合误差为 3.906984451743337，不能升级为稳健周期闭合。
M0062,3.10,true,稳定性指标误差,见原文目标或原论文未报告,q8 high-instability boundary recorded by monodromy multiplier; do not use q8 single-shoot closure as accepted periodic evidence,按当前审计阈值解释,见字段文本；未明确者【待核实】,data/computed/period_q_halo_examples.csv;data/computed/period_q_halo_closure_audit.csv;data/computed/chapter3_period_q_per_figure_audit.csv,authoritative validation/per-figure audit,diagnostic,q=2、q=3 通过严格单步闭合审计；q=8 仅保留局部多步打靶接受，其单步全周期闭合误差为 3.906984451743337，不能升级为稳健周期闭合。
M0063,3.10,true,数据源范围/jacobi,原论文未报告（当前数据源内部范围）,jacobi: 3.0202383987..3.12398324356,从当前 CSV 直接计算 min/max；不外推,按 CSV 列定义；未明确者【待核实】,data/computed/period_q_halo_examples.csv,direct CSV range,diagnostic,q=2、q=3 通过严格单步闭合审计；q=8 仅保留局部多步打靶接受，其单步全周期闭合误差为 3.906984451743337，不能升级为稳健周期闭合。
M0064,3.10,true,数据源范围/bifurcation_jacobi,原论文未报告（当前数据源内部范围）,bifurcation_jacobi: 3.02161924773..3.12933107175,从当前 CSV 直接计算 min/max；不外推,按 CSV 列定义；未明确者【待核实】,data/computed/period_q_halo_examples.csv,direct CSV range,diagnostic,q=2、q=3 通过严格单步闭合审计；q=8 仅保留局部多步打靶接受，其单步全周期闭合误差为 3.906984451743337，不能升级为稳健周期闭合。
M0065,3.11,false,论文目标/关键物理量,Poincare map and central periodic orbits; JC=3.1389; section z=0,Poincare map and central periodic orbits,diagnostic,见字段文本；未明确者【待核实】,data/computed/earth_moon_l1_central_periodic_scene.csv,authoritative validation/per-figure audit,diagnostic,局部、部分分支或诊断性数值源层；当前未闭合项：Replace remaining section-island shape assumptions with thesis map data
M0066,3.11,false,动力学/校正残差,原论文未报告（本项目验证指标）,residuals in scene CSV,按当前审计阈值解释,见字段文本；未明确者【待核实】,data/computed/earth_moon_l1_central_periodic_scene.csv,authoritative validation/per-figure audit,diagnostic,局部、部分分支或诊断性数值源层；当前未闭合项：Replace remaining section-island shape assumptions with thesis map data
M0067,3.11,false,周期/相位闭合,原论文未报告（本项目验证指标）,periodicity in scene CSV,按当前审计阈值解释,见字段文本；未明确者【待核实】,data/computed/earth_moon_l1_central_periodic_scene.csv,authoritative validation/per-figure audit,diagnostic,局部、部分分支或诊断性数值源层；当前未闭合项：Replace remaining section-island shape assumptions with thesis map data
M0068,3.12,true,论文目标/关键物理量,"constant-frequency quasi-halo family; omega1/omega0=9.441; JC=3.1182,3.0876,3.0364,3.0011",L2 constant-frequency quasi-halo tori,accepted,见字段文本；未明确者【待核实】,data/computed/chapter3_corrected_constant_frequency_families.csv,authoritative validation/per-figure audit,accepted,按当前项目审计门槛定量通过；不自动声明与原作者离散节点逐点等价
M0069,3.12,true,动力学/校正残差,原论文未报告（本项目验证指标）,6.98e-08 final curve residual,按当前审计阈值解释,见字段文本；未明确者【待核实】,data/computed/chapter3_corrected_constant_frequency_families.csv,authoritative validation/per-figure audit,accepted,按当前项目审计门槛定量通过；不自动声明与原作者离散节点逐点等价
M0070,3.12,true,Jacobi 一致性,原论文未报告（本项目验证指标）,4.62e-08 Jacobi span,按当前审计阈值解释,见字段文本；未明确者【待核实】,data/computed/chapter3_corrected_constant_frequency_families.csv,authoritative validation/per-figure audit,accepted,按当前项目审计门槛定量通过；不自动声明与原作者离散节点逐点等价
M0071,3.12,true,数据源范围/target_jacobi,原论文未报告（当前数据源内部范围）,target_jacobi: 3.0011..3.1182,从当前 CSV 直接计算 min/max；不外推,按 CSV 列定义；未明确者【待核实】,data/computed/chapter3_corrected_constant_frequency_families.csv,direct CSV range,accepted,按当前项目审计门槛定量通过；不自动声明与原作者离散节点逐点等价
M0072,3.12,true,数据源范围/base_jacobi,原论文未报告（当前数据源内部范围）,base_jacobi: 3.04377092937..3.12009591246,从当前 CSV 直接计算 min/max；不外推,按 CSV 列定义；未明确者【待核实】,data/computed/chapter3_corrected_constant_frequency_families.csv,direct CSV range,accepted,按当前项目审计门槛定量通过；不自动声明与原作者离散节点逐点等价
M0073,3.13,true,论文目标/关键物理量,constant-frequency quasi-halo amplitude and JC curves; omega1/omega0=9.441,L2 quasi-halo amplitudes and Jacobi trend,accepted,见字段文本；未明确者【待核实】,data/computed/chapter3_corrected_constant_frequency_families.csv,authoritative validation/per-figure audit,accepted,按当前项目审计门槛定量通过；不自动声明与原作者离散节点逐点等价
M0074,3.13,true,动力学/校正残差,原论文未报告（本项目验证指标）,6.98e-08 final curve residual,按当前审计阈值解释,见字段文本；未明确者【待核实】,data/computed/chapter3_corrected_constant_frequency_families.csv,authoritative validation/per-figure audit,accepted,按当前项目审计门槛定量通过；不自动声明与原作者离散节点逐点等价
M0075,3.13,true,Jacobi 一致性,原论文未报告（本项目验证指标）,4.62e-08 Jacobi span,按当前审计阈值解释,见字段文本；未明确者【待核实】,data/computed/chapter3_corrected_constant_frequency_families.csv,authoritative validation/per-figure audit,accepted,按当前项目审计门槛定量通过；不自动声明与原作者离散节点逐点等价
M0076,3.13,true,数据源范围/target_jacobi,原论文未报告（当前数据源内部范围）,target_jacobi: 3.0011..3.1182,从当前 CSV 直接计算 min/max；不外推,按 CSV 列定义；未明确者【待核实】,data/computed/chapter3_corrected_constant_frequency_families.csv,direct CSV range,accepted,按当前项目审计门槛定量通过；不自动声明与原作者离散节点逐点等价
M0077,3.13,true,数据源范围/base_jacobi,原论文未报告（当前数据源内部范围）,base_jacobi: 3.04377092937..3.12009591246,从当前 CSV 直接计算 min/max；不外推,按 CSV 列定义；未明确者【待核实】,data/computed/chapter3_corrected_constant_frequency_families.csv,direct CSV range,accepted,按当前项目审计门槛定量通过；不自动声明与原作者离散节点逐点等价
M0078,3.14,true,论文目标/关键物理量,"constant-frequency quasi-vertical family; omega1/omega0=9.441; JC=3.0433,3.0387,3.0305,3.0291",L2 constant-frequency quasi-vertical tori,accepted,见字段文本；未明确者【待核实】,data/computed/chapter3_corrected_constant_frequency_families.csv,authoritative validation/per-figure audit,accepted,按当前项目审计门槛定量通过；不自动声明与原作者离散节点逐点等价
M0079,3.14,true,动力学/校正残差,原论文未报告（本项目验证指标）,curve residuals in CSV,按当前审计阈值解释,见字段文本；未明确者【待核实】,data/computed/chapter3_corrected_constant_frequency_families.csv,authoritative validation/per-figure audit,accepted,按当前项目审计门槛定量通过；不自动声明与原作者离散节点逐点等价
M0080,3.14,true,Jacobi 一致性,原论文未报告（本项目验证指标）,Jacobi span in CSV,按当前审计阈值解释,见字段文本；未明确者【待核实】,data/computed/chapter3_corrected_constant_frequency_families.csv,authoritative validation/per-figure audit,accepted,按当前项目审计门槛定量通过；不自动声明与原作者离散节点逐点等价
M0081,3.14,true,数据源范围/target_jacobi,原论文未报告（当前数据源内部范围）,target_jacobi: 3.0011..3.1182,从当前 CSV 直接计算 min/max；不外推,按 CSV 列定义；未明确者【待核实】,data/computed/chapter3_corrected_constant_frequency_families.csv,direct CSV range,accepted,按当前项目审计门槛定量通过；不自动声明与原作者离散节点逐点等价
M0082,3.14,true,数据源范围/base_jacobi,原论文未报告（当前数据源内部范围）,base_jacobi: 3.04377092937..3.12009591246,从当前 CSV 直接计算 min/max；不外推,按 CSV 列定义；未明确者【待核实】,data/computed/chapter3_corrected_constant_frequency_families.csv,direct CSV range,accepted,按当前项目审计门槛定量通过；不自动声明与原作者离散节点逐点等价
M0083,3.15,true,论文目标/关键物理量,constant-frequency quasi-vertical JC and mapping-time curves; omega1/omega0=9.441,L2 quasi-vertical Jacobi and mapping time,accepted,见字段文本；未明确者【待核实】,data/computed/chapter3_corrected_constant_frequency_families.csv,authoritative validation/per-figure audit,accepted,按当前项目审计门槛定量通过；不自动声明与原作者离散节点逐点等价
M0084,3.15,true,动力学/校正残差,原论文未报告（本项目验证指标）,curve residuals in CSV,按当前审计阈值解释,见字段文本；未明确者【待核实】,data/computed/chapter3_corrected_constant_frequency_families.csv,authoritative validation/per-figure audit,accepted,按当前项目审计门槛定量通过；不自动声明与原作者离散节点逐点等价
M0085,3.15,true,Jacobi 一致性,原论文未报告（本项目验证指标）,Jacobi span in CSV,按当前审计阈值解释,见字段文本；未明确者【待核实】,data/computed/chapter3_corrected_constant_frequency_families.csv,authoritative validation/per-figure audit,accepted,按当前项目审计门槛定量通过；不自动声明与原作者离散节点逐点等价
M0086,3.15,true,数据源范围/target_jacobi,原论文未报告（当前数据源内部范围）,target_jacobi: 3.0011..3.1182,从当前 CSV 直接计算 min/max；不外推,按 CSV 列定义；未明确者【待核实】,data/computed/chapter3_corrected_constant_frequency_families.csv,direct CSV range,accepted,按当前项目审计门槛定量通过；不自动声明与原作者离散节点逐点等价
M0087,3.15,true,数据源范围/base_jacobi,原论文未报告（当前数据源内部范围）,base_jacobi: 3.04377092937..3.12009591246,从当前 CSV 直接计算 min/max；不外推,按 CSV 列定义；未明确者【待核实】,data/computed/chapter3_corrected_constant_frequency_families.csv,direct CSV range,accepted,按当前项目审计门槛定量通过；不自动声明与原作者离散节点逐点等价
M0088,3.16,true,论文目标/关键物理量,"constant-mapping-time quasi-DRO tori; T0=14.74 day; JC=2.9225,2.9221,2.9215,2.9212",constant-mapping-time quasi-DRO tori rendered directly from the accepted fixed-mapping-time Route H quasi-DRO source branch; rho 1.445863346020272..1.457169483818128 rad; max abs z 10969.67553863909..14573.10318409037 km; 30 rows >= 10500 km and 29 rows >= 11000 km; mapping time 14.74932760227518 days,boundary,见字段文本；未明确者【待核实】,data/computed/chapter3_fixed_mapping_cache_accepted_family.csv;data/computed/chapter3_fixed_mapping_cache_accepted_validation.csv;data/computed/mccarthy2018_staged_goal_gate_status.csv;data/computed/chapter3_fixed_mapping_cache_audit.csv,authoritative validation/per-figure audit,boundary,Route H 当前图源层通过缓存重验证，monolithic cold-start 仍为 fail、hybrid chain 为 pass；原作者完整分支节点未公开，因此不声明整条论文分支逐点等价。
M0089,3.16,true,动力学/校正残差,原论文未报告（本项目验证指标）,Route H max map residual 6.469474407020314e-10; source audit rows 30,按当前审计阈值解释,见字段文本；未明确者【待核实】,data/computed/chapter3_fixed_mapping_cache_accepted_family.csv;data/computed/chapter3_fixed_mapping_cache_accepted_validation.csv;data/computed/mccarthy2018_staged_goal_gate_status.csv;data/computed/chapter3_fixed_mapping_cache_audit.csv,authoritative validation/per-figure audit,boundary,Route H 当前图源层通过缓存重验证，monolithic cold-start 仍为 fail、hybrid chain 为 pass；原作者完整分支节点未公开，因此不声明整条论文分支逐点等价。
M0090,3.16,true,Jacobi 一致性,原论文未报告（本项目验证指标）,max curve Jacobi span 7.759926035078024e-11; max one-map Jacobi drift 7.760059261840979e-11; max ten-return Jacobi span 5.773159728050814e-15,按当前审计阈值解释,见字段文本；未明确者【待核实】,data/computed/chapter3_fixed_mapping_cache_accepted_family.csv;data/computed/chapter3_fixed_mapping_cache_accepted_validation.csv;data/computed/mccarthy2018_staged_goal_gate_status.csv;data/computed/chapter3_fixed_mapping_cache_audit.csv,authoritative validation/per-figure audit,boundary,Route H 当前图源层通过缓存重验证，monolithic cold-start 仍为 fail、hybrid chain 为 pass；原作者完整分支节点未公开，因此不声明整条论文分支逐点等价。
M0091,3.16,true,周期/相位闭合,原论文未报告（本项目验证指标）,max one-map phase return error 7.748787386537029e-11,按当前审计阈值解释,见字段文本；未明确者【待核实】,data/computed/chapter3_fixed_mapping_cache_accepted_family.csv;data/computed/chapter3_fixed_mapping_cache_accepted_validation.csv;data/computed/mccarthy2018_staged_goal_gate_status.csv;data/computed/chapter3_fixed_mapping_cache_audit.csv,authoritative validation/per-figure audit,boundary,Route H 当前图源层通过缓存重验证，monolithic cold-start 仍为 fail、hybrid chain 为 pass；原作者完整分支节点未公开，因此不声明整条论文分支逐点等价。
M0092,3.16,true,数据源范围/jacobi,原论文未报告（当前数据源内部范围）,jacobi: 2.92205932619..2.9222548409,从当前 CSV 直接计算 min/max；不外推,按 CSV 列定义；未明确者【待核实】,data/computed/chapter3_fixed_mapping_cache_accepted_family.csv,direct CSV range,boundary,Route H 当前图源层通过缓存重验证，monolithic cold-start 仍为 fail、hybrid chain 为 pass；原作者完整分支节点未公开，因此不声明整条论文分支逐点等价。
M0093,3.16,true,数据源范围/map_residual_norm,原论文未报告（当前数据源内部范围）,map_residual_norm: 4.08167807305e-13..6.46947440702e-10,从当前 CSV 直接计算 min/max；不外推,按 CSV 列定义；未明确者【待核实】,data/computed/chapter3_fixed_mapping_cache_accepted_family.csv,direct CSV range,boundary,Route H 当前图源层通过缓存重验证，monolithic cold-start 仍为 fail、hybrid chain 为 pass；原作者完整分支节点未公开，因此不声明整条论文分支逐点等价。
M0094,3.17,true,论文目标/关键物理量,constant-mapping-time quasi-DRO z-amplitude and JC versus rho; T0=14.74 day; digitized rho about 1.436..1.510,rho-amplitude-Jacobi trends with the audited Route H branch plotted as the numerical source layer; accepted fixed-mapping-time Route H quasi-DRO source branch; rho 1.445863346020272..1.457169483818128 rad; max abs z 10969.67553863909..14573.10318409037 km; 30 rows >= 10500 km and 29 rows >= 11000 km; mapping time 14.74932760227518 days,diagnostic,见字段文本；未明确者【待核实】,data/computed/chapter3_fixed_mapping_cache_accepted_family.csv;data/computed/chapter3_fixed_mapping_cache_accepted_validation.csv;data/computed/mccarthy2018_staged_goal_gate_status.csv;data/computed/chapter3_fixed_mapping_cache_audit.csv,authoritative validation/per-figure audit,diagnostic,Route H 当前图源层通过缓存重验证，monolithic cold-start 仍为 fail、hybrid chain 为 pass；原作者完整分支节点未公开，因此不声明整条论文分支逐点等价。
M0095,3.17,true,动力学/校正残差,原论文未报告（本项目验证指标）,Route H max map residual 6.469474407020314e-10; source audit rows 30,按当前审计阈值解释,见字段文本；未明确者【待核实】,data/computed/chapter3_fixed_mapping_cache_accepted_family.csv;data/computed/chapter3_fixed_mapping_cache_accepted_validation.csv;data/computed/mccarthy2018_staged_goal_gate_status.csv;data/computed/chapter3_fixed_mapping_cache_audit.csv,authoritative validation/per-figure audit,diagnostic,Route H 当前图源层通过缓存重验证，monolithic cold-start 仍为 fail、hybrid chain 为 pass；原作者完整分支节点未公开，因此不声明整条论文分支逐点等价。
M0096,3.17,true,Jacobi 一致性,原论文未报告（本项目验证指标）,max curve Jacobi span 7.759926035078024e-11; max one-map Jacobi drift 7.760059261840979e-11; max ten-return Jacobi span 5.773159728050814e-15,按当前审计阈值解释,见字段文本；未明确者【待核实】,data/computed/chapter3_fixed_mapping_cache_accepted_family.csv;data/computed/chapter3_fixed_mapping_cache_accepted_validation.csv;data/computed/mccarthy2018_staged_goal_gate_status.csv;data/computed/chapter3_fixed_mapping_cache_audit.csv,authoritative validation/per-figure audit,diagnostic,Route H 当前图源层通过缓存重验证，monolithic cold-start 仍为 fail、hybrid chain 为 pass；原作者完整分支节点未公开，因此不声明整条论文分支逐点等价。
M0097,3.17,true,周期/相位闭合,原论文未报告（本项目验证指标）,max one-map phase return error 7.748787386537029e-11,按当前审计阈值解释,见字段文本；未明确者【待核实】,data/computed/chapter3_fixed_mapping_cache_accepted_family.csv;data/computed/chapter3_fixed_mapping_cache_accepted_validation.csv;data/computed/mccarthy2018_staged_goal_gate_status.csv;data/computed/chapter3_fixed_mapping_cache_audit.csv,authoritative validation/per-figure audit,diagnostic,Route H 当前图源层通过缓存重验证，monolithic cold-start 仍为 fail、hybrid chain 为 pass；原作者完整分支节点未公开，因此不声明整条论文分支逐点等价。
M0098,3.17,true,数据源范围/jacobi,原论文未报告（当前数据源内部范围）,jacobi: 2.92205932619..2.9222548409,从当前 CSV 直接计算 min/max；不外推,按 CSV 列定义；未明确者【待核实】,data/computed/chapter3_fixed_mapping_cache_accepted_family.csv,direct CSV range,diagnostic,Route H 当前图源层通过缓存重验证，monolithic cold-start 仍为 fail、hybrid chain 为 pass；原作者完整分支节点未公开，因此不声明整条论文分支逐点等价。
M0099,3.17,true,数据源范围/map_residual_norm,原论文未报告（当前数据源内部范围）,map_residual_norm: 4.08167807305e-13..6.46947440702e-10,从当前 CSV 直接计算 min/max；不外推,按 CSV 列定义；未明确者【待核实】,data/computed/chapter3_fixed_mapping_cache_accepted_family.csv,direct CSV range,diagnostic,Route H 当前图源层通过缓存重验证，monolithic cold-start 仍为 fail、hybrid chain 为 pass；原作者完整分支节点未公开，因此不声明整条论文分支逐点等价。
M0100,4.1,true,论文目标/关键物理量,Earth-Moon L2 quasi-halo; JC=3.044; N=25; stability index nu=1.3837,N=25 corrected L2 quasi-halo DG at paper-reported Jacobi precision; nu error 1.61084451932858e-06; unstable-ring relative span 9.995639762656813e-07; N=25; original replacement status: dg_target_reproduced_geometry_not_yet_thesis_equivalent,boundary,见字段文本；未明确者【待核实】,data/computed/chapter4_fig41_reported_precision_audit.csv;data/computed/chapter4_fig41_reported_precision_spectrum.csv,authoritative validation/per-figure audit,boundary,"The raw N=25 DG spectrum and nu=1.3837 target are reproduced at an internal Jacobi value that rounds to the paper's 3.044, but the accepted member is a near-periodic small-amplitude torus and does not yet prove the finite-amplitude geometry in panel (a)."
M0101,4.1,true,动力学/校正残差,原论文未报告（本项目验证指标）,"worst source residual: 1.994777522724045e-11; accepted rows: 1; DG dependency: 150 raw DG eigenvalues; 25 unstable, 100 unit, 25 stable",按当前审计阈值解释,见字段文本；未明确者【待核实】,data/computed/chapter4_fig41_reported_precision_audit.csv;data/computed/chapter4_fig41_reported_precision_spectrum.csv,authoritative validation/per-figure audit,boundary,"The raw N=25 DG spectrum and nu=1.3837 target are reproduced at an internal Jacobi value that rounds to the paper's 3.044, but the accepted member is a near-periodic small-amplitude torus and does not yet prove the finite-amplitude geometry in panel (a)."
M0102,4.1,true,Jacobi 一致性,原论文未报告（本项目验证指标）,3.641531520770513e-14,按当前审计阈值解释,见字段文本；未明确者【待核实】,data/computed/chapter4_fig41_reported_precision_audit.csv;data/computed/chapter4_fig41_reported_precision_spectrum.csv,authoritative validation/per-figure audit,boundary,"The raw N=25 DG spectrum and nu=1.3837 target are reproduced at an internal Jacobi value that rounds to the paper's 3.044, but the accepted member is a near-periodic small-amplitude torus and does not yet prove the finite-amplitude geometry in panel (a)."
M0103,4.1,true,稳定性指标误差,见原文目标或原论文未报告,See Chapter 4 DG source-layer audit,按当前审计阈值解释,见字段文本；未明确者【待核实】,data/computed/chapter4_fig41_reported_precision_audit.csv;data/computed/chapter4_fig41_reported_precision_spectrum.csv,authoritative validation/per-figure audit,boundary,"The raw N=25 DG spectrum and nu=1.3837 target are reproduced at an internal Jacobi value that rounds to the paper's 3.044, but the accepted member is a near-periodic small-amplitude torus and does not yet prove the finite-amplitude geometry in panel (a)."
M0104,4.1,true,逐图源层最佳指标,Earth-Moon L2 quasi-halo; JC=3.044; N=25; stability index nu=1.3837,nu error 1.61084451932858e-06; unstable-ring relative span 9.995639762656813e-07; N=25,dg_target_reproduced_geometry_not_yet_thesis_equivalent,见字段文本；未明确者【待核实】,data/computed/chapter4_fig41_reported_precision_audit.csv;data/computed/chapter4_fig41_reported_precision_spectrum.csv,authoritative validation/per-figure audit,boundary,"The raw N=25 DG spectrum and nu=1.3837 target are reproduced at an internal Jacobi value that rounds to the paper's 3.044, but the accepted member is a near-periodic small-amplitude torus and does not yet prove the finite-amplitude geometry in panel (a)."
M0105,4.1,true,数据源范围/target_jacobi,原论文未报告（当前数据源内部范围）,target_jacobi: 3.0436..3.0444,从当前 CSV 直接计算 min/max；不外推,按 CSV 列定义；未明确者【待核实】,data/computed/chapter4_fig41_reported_precision_audit.csv,direct CSV range,boundary,"The raw N=25 DG spectrum and nu=1.3837 target are reproduced at an internal Jacobi value that rounds to the paper's 3.044, but the accepted member is a near-periodic small-amplitude torus and does not yet prove the finite-amplitude geometry in panel (a)."
M0106,4.1,true,数据源范围/reported_jacobi_3dp,原论文未报告（当前数据源内部范围）,reported_jacobi_3dp: 3.044,从当前 CSV 直接计算 min/max；不外推,按 CSV 列定义；未明确者【待核实】,data/computed/chapter4_fig41_reported_precision_audit.csv,direct CSV range,boundary,"The raw N=25 DG spectrum and nu=1.3837 target are reproduced at an internal Jacobi value that rounds to the paper's 3.044, but the accepted member is a near-periodic small-amplitude torus and does not yet prove the finite-amplitude geometry in panel (a)."
M0107,4.2,true,论文目标/关键物理量,L1 constant-energy quasi-halo stability index versus T0; JC=3.1389; include associated periodic halo anchor,accepted L1 constant-energy quasi-halo DG stability family plus native-PDF digitized reference; digitized overlap 13 rows; coverage 0.8902665099213599; RMSE/max stability-index error 0.3710034126027414/0.5108820184630076; overlap acceptance true; original replacement status: pointwise_paper_overlap_pass_full_curve_fold_tail_pending,boundary,见字段文本；未明确者【待核实】,data/computed/chapter4_fig42_stability_family_audit.csv;data/computed/chapter4_fig42_digitized_comparison_audit.csv;data/digitized/fig_4_2_computed_vs_digitized.csv,authoritative validation/per-figure audit,boundary,The native-PDF curve has been digitized and the common interval passes the pointwise uncertainty gate. Full curve coverage remains false: the accepted DG branch stops 0.04945011318863024 days before the digitized thesis endpoint; no tail values are extrapolated.
M0108,4.2,true,动力学/校正残差,原论文未报告（本项目验证指标）,worst source residual: 9.322175255756186e-10; accepted rows: 16; DG dependency: 216 halo rows; 396 high-order rows; 378 PALC rows; 54 vertical rows,按当前审计阈值解释,见字段文本；未明确者【待核实】,data/computed/chapter4_fig42_stability_family_audit.csv;data/computed/chapter4_fig42_digitized_comparison_audit.csv;data/digitized/fig_4_2_computed_vs_digitized.csv,authoritative validation/per-figure audit,boundary,The native-PDF curve has been digitized and the common interval passes the pointwise uncertainty gate. Full curve coverage remains false: the accepted DG branch stops 0.04945011318863024 days before the digitized thesis endpoint; no tail values are extrapolated.
M0109,4.2,true,稳定性指标误差,见原文目标或原论文未报告,See Chapter 4 DG source-layer audit,按当前审计阈值解释,见字段文本；未明确者【待核实】,data/computed/chapter4_fig42_stability_family_audit.csv;data/computed/chapter4_fig42_digitized_comparison_audit.csv;data/digitized/fig_4_2_computed_vs_digitized.csv,authoritative validation/per-figure audit,boundary,The native-PDF curve has been digitized and the common interval passes the pointwise uncertainty gate. Full curve coverage remains false: the accepted DG branch stops 0.04945011318863024 days before the digitized thesis endpoint; no tail values are extrapolated.
M0110,4.2,true,逐图源层最佳指标,L1 constant-energy quasi-halo stability index versus T0; JC=3.1389; include associated periodic halo anchor,digitized overlap 13 rows; coverage 0.8902665099213599; RMSE/max stability-index error 0.3710034126027414/0.5108820184630076; overlap acceptance true,pointwise_paper_overlap_pass_full_curve_fold_tail_pending,见字段文本；未明确者【待核实】,data/computed/chapter4_fig42_stability_family_audit.csv;data/computed/chapter4_fig42_digitized_comparison_audit.csv;data/digitized/fig_4_2_computed_vs_digitized.csv,authoritative validation/per-figure audit,boundary,The native-PDF curve has been digitized and the common interval passes the pointwise uncertainty gate. Full curve coverage remains false: the accepted DG branch stops 0.04945011318863024 days before the digitized thesis endpoint; no tail values are extrapolated.
M0111,4.2,true,数据源范围/curve_residual_norm,原论文未报告（当前数据源内部范围）,curve_residual_norm: 9.9573414006e-13..9.32217525576e-10,从当前 CSV 直接计算 min/max；不外推,按 CSV 列定义；未明确者【待核实】,data/computed/chapter4_fig42_stability_family_audit.csv,direct CSV range,boundary,The native-PDF curve has been digitized and the common interval passes the pointwise uncertainty gate. Full curve coverage remains false: the accepted DG branch stops 0.04945011318863024 days before the digitized thesis endpoint; no tail values are extrapolated.
M0112,4.2,true,数据源范围/determinant_error,原论文未报告（当前数据源内部范围）,determinant_error: 3.98818755798e-11..3.66648311712e-09,从当前 CSV 直接计算 min/max；不外推,按 CSV 列定义；未明确者【待核实】,data/computed/chapter4_fig42_stability_family_audit.csv,direct CSV range,boundary,The native-PDF curve has been digitized and the common interval passes the pointwise uncertainty gate. Full curve coverage remains false: the accepted DG branch stops 0.04945011318863024 days before the digitized thesis endpoint; no tail values are extrapolated.
M0113,4.3,true,论文目标/关键物理量,"L1 quasi-halo +x unstable manifold; JC=3.1389; snapshots=7.79,9.75,11.39,13.02 day",corrected L1 quasi-halo +x fixed-time full-torus unstable-manifold snapshots at four paper times; accepted 4/4; K=4/M=121/N=9; configuration reach surface_x_max=1.054153988911009; local STM max relative error=5.101872436519272e-05; max J drift (combined_history_snapshot_jacobi_drift_max)=3.446132268436486e-12; max independent error (batched_vs_independent_max_abs_error)=2.019686640153395e-10; original replacement status: numerical_fixed_time_manifold_and_configuration_reach_pass_projection_holdout_failed_boundary,boundary,见字段文本；未明确者【待核实】,data/computed/chapter4_fig43_fig44_global_manifold_audit.csv;data/computed/chapter4_fig43_fig44_global_manifold_audit.npz;data/computed/chapter4_fig43_fig46_camera_static_metrics.csv;data/computed/chapter4_fig43_fig46_projection_fit_metrics.csv;data/computed/chapter4_fig43_fig46_projection_holdout_audit.csv;data/computed/chapter4_fig43_fig46_projection_diagnostic.csv;data/computed/chapter4_fig43_fig44_halo_12p40_posthoc_diagnostic.csv;data/computed/chapter4_fig43_fig44_halo_12p40_posthoc_diagnostic.npz,authoritative validation/per-figure audit,boundary,"The legacy history-prefix root cause (surface[:stop]) is fixed: each panel now evaluates a fixed-time full-torus window over tau+[0,T0]. All four state-space numerical and local STM rows pass; the epsilon-dependent configuration-reach check also passes. The paper camera and development epsilon are hash-locked. Static anchors pass 16/16, but the separately committed panel-(d) red-surface projection holdout passes 0/4, so paper_projection_acceptance=fail and paper_3d_equivalence=false. No paper-view, physical-flight, or 3D-equivalence claim is made."
M0114,4.3,true,动力学/校正残差,原论文未报告（本项目验证指标）,worst source residual: 9.322175255756186e-10; accepted rows: 4; DG dependency: corrected L1 DG eigenvectors and manifold validation row,按当前审计阈值解释,见字段文本；未明确者【待核实】,data/computed/chapter4_fig43_fig44_global_manifold_audit.csv;data/computed/chapter4_fig43_fig44_global_manifold_audit.npz;data/computed/chapter4_fig43_fig46_camera_static_metrics.csv;data/computed/chapter4_fig43_fig46_projection_fit_metrics.csv;data/computed/chapter4_fig43_fig46_projection_holdout_audit.csv;data/computed/chapter4_fig43_fig46_projection_diagnostic.csv;data/computed/chapter4_fig43_fig44_halo_12p40_posthoc_diagnostic.csv;data/computed/chapter4_fig43_fig44_halo_12p40_posthoc_diagnostic.npz,authoritative validation/per-figure audit,boundary,"The legacy history-prefix root cause (surface[:stop]) is fixed: each panel now evaluates a fixed-time full-torus window over tau+[0,T0]. All four state-space numerical and local STM rows pass; the epsilon-dependent configuration-reach check also passes. The paper camera and development epsilon are hash-locked. Static anchors pass 16/16, but the separately committed panel-(d) red-surface projection holdout passes 0/4, so paper_projection_acceptance=fail and paper_3d_equivalence=false. No paper-view, physical-flight, or 3D-equivalence claim is made."
M0115,4.3,true,Jacobi 一致性,原论文未报告（本项目验证指标）,3.446132268436486e-12,按当前审计阈值解释,见字段文本；未明确者【待核实】,data/computed/chapter4_fig43_fig44_global_manifold_audit.csv;data/computed/chapter4_fig43_fig44_global_manifold_audit.npz;data/computed/chapter4_fig43_fig46_camera_static_metrics.csv;data/computed/chapter4_fig43_fig46_projection_fit_metrics.csv;data/computed/chapter4_fig43_fig46_projection_holdout_audit.csv;data/computed/chapter4_fig43_fig46_projection_diagnostic.csv;data/computed/chapter4_fig43_fig44_halo_12p40_posthoc_diagnostic.csv;data/computed/chapter4_fig43_fig44_halo_12p40_posthoc_diagnostic.npz,authoritative validation/per-figure audit,boundary,"The legacy history-prefix root cause (surface[:stop]) is fixed: each panel now evaluates a fixed-time full-torus window over tau+[0,T0]. All four state-space numerical and local STM rows pass; the epsilon-dependent configuration-reach check also passes. The paper camera and development epsilon are hash-locked. Static anchors pass 16/16, but the separately committed panel-(d) red-surface projection holdout passes 0/4, so paper_projection_acceptance=fail and paper_3d_equivalence=false. No paper-view, physical-flight, or 3D-equivalence claim is made."
M0116,4.3,true,周期/相位闭合,原论文未报告（本项目验证指标）,manifold growth ratio: 1.00533818825662..1.173203240381821; manifold dependency: data/computed/chapter4_fig43_fig44_global_manifold_audit.csv;data/computed/chapter4_fig43_fig44_global_manifold_audit.npz;data/computed/chapter4_fig43_fig46_camera_static_metrics.csv;data/computed/chapter4_fig43_fig46_projection_fit_metrics.csv;data/computed/chapter4_fig43_fig46_projection_holdout_audit.csv;data/computed/chapter4_fig43_fig46_projection_diagnostic.csv;data/computed/chapter4_fig43_fig44_halo_12p40_posthoc_diagnostic.csv;data/computed/chapter4_fig43_fig44_halo_12p40_posthoc_diagnostic.npz,按当前审计阈值解释,见字段文本；未明确者【待核实】,data/computed/chapter4_fig43_fig44_global_manifold_audit.csv;data/computed/chapter4_fig43_fig44_global_manifold_audit.npz;data/computed/chapter4_fig43_fig46_camera_static_metrics.csv;data/computed/chapter4_fig43_fig46_projection_fit_metrics.csv;data/computed/chapter4_fig43_fig46_projection_holdout_audit.csv;data/computed/chapter4_fig43_fig46_projection_diagnostic.csv;data/computed/chapter4_fig43_fig44_halo_12p40_posthoc_diagnostic.csv;data/computed/chapter4_fig43_fig44_halo_12p40_posthoc_diagnostic.npz,authoritative validation/per-figure audit,boundary,"The legacy history-prefix root cause (surface[:stop]) is fixed: each panel now evaluates a fixed-time full-torus window over tau+[0,T0]. All four state-space numerical and local STM rows pass; the epsilon-dependent configuration-reach check also passes. The paper camera and development epsilon are hash-locked. Static anchors pass 16/16, but the separately committed panel-(d) red-surface projection holdout passes 0/4, so paper_projection_acceptance=fail and paper_3d_equivalence=false. No paper-view, physical-flight, or 3D-equivalence claim is made."
M0117,4.3,true,稳定性指标误差,见原文目标或原论文未报告,See Chapter 4 DG source-layer audit,按当前审计阈值解释,见字段文本；未明确者【待核实】,data/computed/chapter4_fig43_fig44_global_manifold_audit.csv;data/computed/chapter4_fig43_fig44_global_manifold_audit.npz;data/computed/chapter4_fig43_fig46_camera_static_metrics.csv;data/computed/chapter4_fig43_fig46_projection_fit_metrics.csv;data/computed/chapter4_fig43_fig46_projection_holdout_audit.csv;data/computed/chapter4_fig43_fig46_projection_diagnostic.csv;data/computed/chapter4_fig43_fig44_halo_12p40_posthoc_diagnostic.csv;data/computed/chapter4_fig43_fig44_halo_12p40_posthoc_diagnostic.npz,authoritative validation/per-figure audit,boundary,"The legacy history-prefix root cause (surface[:stop]) is fixed: each panel now evaluates a fixed-time full-torus window over tau+[0,T0]. All four state-space numerical and local STM rows pass; the epsilon-dependent configuration-reach check also passes. The paper camera and development epsilon are hash-locked. Static anchors pass 16/16, but the separately committed panel-(d) red-surface projection holdout passes 0/4, so paper_projection_acceptance=fail and paper_3d_equivalence=false. No paper-view, physical-flight, or 3D-equivalence claim is made."
M0118,4.3,true,逐图源层最佳指标,"L1 quasi-halo +x unstable manifold; JC=3.1389; snapshots=7.79,9.75,11.39,13.02 day",accepted 4/4; K=4/M=121/N=9; configuration reach surface_x_max=1.054153988911009; local STM max relative error=5.101872436519272e-05; max J drift (combined_history_snapshot_jacobi_drift_max)=3.446132268436486e-12; max independent error (batched_vs_independent_max_abs_error)=2.019686640153395e-10,numerical_fixed_time_manifold_and_configuration_reach_pass_projection_holdout_failed_boundary,见字段文本；未明确者【待核实】,data/computed/chapter4_fig43_fig44_global_manifold_audit.csv;data/computed/chapter4_fig43_fig44_global_manifold_audit.npz;data/computed/chapter4_fig43_fig46_camera_static_metrics.csv;data/computed/chapter4_fig43_fig46_projection_fit_metrics.csv;data/computed/chapter4_fig43_fig46_projection_holdout_audit.csv;data/computed/chapter4_fig43_fig46_projection_diagnostic.csv;data/computed/chapter4_fig43_fig44_halo_12p40_posthoc_diagnostic.csv;data/computed/chapter4_fig43_fig44_halo_12p40_posthoc_diagnostic.npz,authoritative validation/per-figure audit,boundary,"The legacy history-prefix root cause (surface[:stop]) is fixed: each panel now evaluates a fixed-time full-torus window over tau+[0,T0]. All four state-space numerical and local STM rows pass; the epsilon-dependent configuration-reach check also passes. The paper camera and development epsilon are hash-locked. Static anchors pass 16/16, but the separately committed panel-(d) red-surface projection holdout passes 0/4, so paper_projection_acceptance=fail and paper_3d_equivalence=false. No paper-view, physical-flight, or 3D-equivalence claim is made."
M0119,4.3,true,数据源范围/snapshot_time_error_days,原论文未报告（当前数据源内部范围）,snapshot_time_error_days: -1.7763568394e-15..0,从当前 CSV 直接计算 min/max；不外推,按 CSV 列定义；未明确者【待核实】,data/computed/chapter4_fig43_fig44_global_manifold_audit.csv,direct CSV range,boundary,"The legacy history-prefix root cause (surface[:stop]) is fixed: each panel now evaluates a fixed-time full-torus window over tau+[0,T0]. All four state-space numerical and local STM rows pass; the epsilon-dependent configuration-reach check also passes. The paper camera and development epsilon are hash-locked. Static anchors pass 16/16, but the separately committed panel-(d) red-surface projection holdout passes 0/4, so paper_projection_acceptance=fail and paper_3d_equivalence=false. No paper-view, physical-flight, or 3D-equivalence claim is made."
M0120,4.3,true,数据源范围/source_curve_residual,原论文未报告（当前数据源内部范围）,source_curve_residual: 9.32217525576e-10,从当前 CSV 直接计算 min/max；不外推,按 CSV 列定义；未明确者【待核实】,data/computed/chapter4_fig43_fig44_global_manifold_audit.csv,direct CSV range,boundary,"The legacy history-prefix root cause (surface[:stop]) is fixed: each panel now evaluates a fixed-time full-torus window over tau+[0,T0]. All four state-space numerical and local STM rows pass; the epsilon-dependent configuration-reach check also passes. The paper camera and development epsilon are hash-locked. Static anchors pass 16/16, but the separately committed panel-(d) red-surface projection holdout passes 0/4, so paper_projection_acceptance=fail and paper_3d_equivalence=false. No paper-view, physical-flight, or 3D-equivalence claim is made."
M0121,4.4,true,论文目标/关键物理量,"L1 quasi-halo -x unstable manifold; JC=3.1389; snapshots=7.79,9.75,11.39,13.02 day",corrected L1 quasi-halo -x fixed-time full-torus unstable-manifold snapshots at four paper times; accepted 4/4; K=4/M=121/N=9; configuration reach surface_x_min=0.6487355877115168; local STM max relative error=5.100844606364952e-05; max J drift (combined_history_snapshot_jacobi_drift_max)=1.77635683940025e-15; max independent error (batched_vs_independent_max_abs_error)=1.255565096336397e-12; original replacement status: numerical_fixed_time_manifold_and_configuration_reach_pass_projection_holdout_failed_boundary,boundary,见字段文本；未明确者【待核实】,data/computed/chapter4_fig43_fig44_global_manifold_audit.csv;data/computed/chapter4_fig43_fig44_global_manifold_audit.npz;data/computed/chapter4_fig43_fig46_camera_static_metrics.csv;data/computed/chapter4_fig43_fig46_projection_fit_metrics.csv;data/computed/chapter4_fig43_fig46_projection_holdout_audit.csv;data/computed/chapter4_fig43_fig46_projection_diagnostic.csv;data/computed/chapter4_fig43_fig44_halo_12p40_posthoc_diagnostic.csv;data/computed/chapter4_fig43_fig44_halo_12p40_posthoc_diagnostic.npz,authoritative validation/per-figure audit,boundary,"The legacy history-prefix root cause (surface[:stop]) is fixed: each panel now evaluates a fixed-time full-torus window over tau+[0,T0]. All four state-space numerical and local STM rows pass; the epsilon-dependent configuration-reach check also passes. The paper camera and development epsilon are hash-locked. Static anchors pass 16/16, but the separately committed panel-(d) red-surface projection holdout passes 0/4, so paper_projection_acceptance=fail and paper_3d_equivalence=false. No paper-view, physical-flight, or 3D-equivalence claim is made."
M0122,4.4,true,动力学/校正残差,原论文未报告（本项目验证指标）,worst source residual: 9.322175255756186e-10; accepted rows: 4; DG dependency: corrected L1 DG eigenvectors and manifold validation row,按当前审计阈值解释,见字段文本；未明确者【待核实】,data/computed/chapter4_fig43_fig44_global_manifold_audit.csv;data/computed/chapter4_fig43_fig44_global_manifold_audit.npz;data/computed/chapter4_fig43_fig46_camera_static_metrics.csv;data/computed/chapter4_fig43_fig46_projection_fit_metrics.csv;data/computed/chapter4_fig43_fig46_projection_holdout_audit.csv;data/computed/chapter4_fig43_fig46_projection_diagnostic.csv;data/computed/chapter4_fig43_fig44_halo_12p40_posthoc_diagnostic.csv;data/computed/chapter4_fig43_fig44_halo_12p40_posthoc_diagnostic.npz,authoritative validation/per-figure audit,boundary,"The legacy history-prefix root cause (surface[:stop]) is fixed: each panel now evaluates a fixed-time full-torus window over tau+[0,T0]. All four state-space numerical and local STM rows pass; the epsilon-dependent configuration-reach check also passes. The paper camera and development epsilon are hash-locked. Static anchors pass 16/16, but the separately committed panel-(d) red-surface projection holdout passes 0/4, so paper_projection_acceptance=fail and paper_3d_equivalence=false. No paper-view, physical-flight, or 3D-equivalence claim is made."
M0123,4.4,true,Jacobi 一致性,原论文未报告（本项目验证指标）,1.77635683940025e-15,按当前审计阈值解释,见字段文本；未明确者【待核实】,data/computed/chapter4_fig43_fig44_global_manifold_audit.csv;data/computed/chapter4_fig43_fig44_global_manifold_audit.npz;data/computed/chapter4_fig43_fig46_camera_static_metrics.csv;data/computed/chapter4_fig43_fig46_projection_fit_metrics.csv;data/computed/chapter4_fig43_fig46_projection_holdout_audit.csv;data/computed/chapter4_fig43_fig46_projection_diagnostic.csv;data/computed/chapter4_fig43_fig44_halo_12p40_posthoc_diagnostic.csv;data/computed/chapter4_fig43_fig44_halo_12p40_posthoc_diagnostic.npz,authoritative validation/per-figure audit,boundary,"The legacy history-prefix root cause (surface[:stop]) is fixed: each panel now evaluates a fixed-time full-torus window over tau+[0,T0]. All four state-space numerical and local STM rows pass; the epsilon-dependent configuration-reach check also passes. The paper camera and development epsilon are hash-locked. Static anchors pass 16/16, but the separately committed panel-(d) red-surface projection holdout passes 0/4, so paper_projection_acceptance=fail and paper_3d_equivalence=false. No paper-view, physical-flight, or 3D-equivalence claim is made."
M0124,4.4,true,周期/相位闭合,原论文未报告（本项目验证指标）,manifold growth ratio: 0.8754445164178961..0.9952591221920488; manifold dependency: data/computed/chapter4_fig43_fig44_global_manifold_audit.csv;data/computed/chapter4_fig43_fig44_global_manifold_audit.npz;data/computed/chapter4_fig43_fig46_camera_static_metrics.csv;data/computed/chapter4_fig43_fig46_projection_fit_metrics.csv;data/computed/chapter4_fig43_fig46_projection_holdout_audit.csv;data/computed/chapter4_fig43_fig46_projection_diagnostic.csv;data/computed/chapter4_fig43_fig44_halo_12p40_posthoc_diagnostic.csv;data/computed/chapter4_fig43_fig44_halo_12p40_posthoc_diagnostic.npz,按当前审计阈值解释,见字段文本；未明确者【待核实】,data/computed/chapter4_fig43_fig44_global_manifold_audit.csv;data/computed/chapter4_fig43_fig44_global_manifold_audit.npz;data/computed/chapter4_fig43_fig46_camera_static_metrics.csv;data/computed/chapter4_fig43_fig46_projection_fit_metrics.csv;data/computed/chapter4_fig43_fig46_projection_holdout_audit.csv;data/computed/chapter4_fig43_fig46_projection_diagnostic.csv;data/computed/chapter4_fig43_fig44_halo_12p40_posthoc_diagnostic.csv;data/computed/chapter4_fig43_fig44_halo_12p40_posthoc_diagnostic.npz,authoritative validation/per-figure audit,boundary,"The legacy history-prefix root cause (surface[:stop]) is fixed: each panel now evaluates a fixed-time full-torus window over tau+[0,T0]. All four state-space numerical and local STM rows pass; the epsilon-dependent configuration-reach check also passes. The paper camera and development epsilon are hash-locked. Static anchors pass 16/16, but the separately committed panel-(d) red-surface projection holdout passes 0/4, so paper_projection_acceptance=fail and paper_3d_equivalence=false. No paper-view, physical-flight, or 3D-equivalence claim is made."
M0125,4.4,true,稳定性指标误差,见原文目标或原论文未报告,See Chapter 4 DG source-layer audit,按当前审计阈值解释,见字段文本；未明确者【待核实】,data/computed/chapter4_fig43_fig44_global_manifold_audit.csv;data/computed/chapter4_fig43_fig44_global_manifold_audit.npz;data/computed/chapter4_fig43_fig46_camera_static_metrics.csv;data/computed/chapter4_fig43_fig46_projection_fit_metrics.csv;data/computed/chapter4_fig43_fig46_projection_holdout_audit.csv;data/computed/chapter4_fig43_fig46_projection_diagnostic.csv;data/computed/chapter4_fig43_fig44_halo_12p40_posthoc_diagnostic.csv;data/computed/chapter4_fig43_fig44_halo_12p40_posthoc_diagnostic.npz,authoritative validation/per-figure audit,boundary,"The legacy history-prefix root cause (surface[:stop]) is fixed: each panel now evaluates a fixed-time full-torus window over tau+[0,T0]. All four state-space numerical and local STM rows pass; the epsilon-dependent configuration-reach check also passes. The paper camera and development epsilon are hash-locked. Static anchors pass 16/16, but the separately committed panel-(d) red-surface projection holdout passes 0/4, so paper_projection_acceptance=fail and paper_3d_equivalence=false. No paper-view, physical-flight, or 3D-equivalence claim is made."
M0126,4.4,true,逐图源层最佳指标,"L1 quasi-halo -x unstable manifold; JC=3.1389; snapshots=7.79,9.75,11.39,13.02 day",accepted 4/4; K=4/M=121/N=9; configuration reach surface_x_min=0.6487355877115168; local STM max relative error=5.100844606364952e-05; max J drift (combined_history_snapshot_jacobi_drift_max)=1.77635683940025e-15; max independent error (batched_vs_independent_max_abs_error)=1.255565096336397e-12,numerical_fixed_time_manifold_and_configuration_reach_pass_projection_holdout_failed_boundary,见字段文本；未明确者【待核实】,data/computed/chapter4_fig43_fig44_global_manifold_audit.csv;data/computed/chapter4_fig43_fig44_global_manifold_audit.npz;data/computed/chapter4_fig43_fig46_camera_static_metrics.csv;data/computed/chapter4_fig43_fig46_projection_fit_metrics.csv;data/computed/chapter4_fig43_fig46_projection_holdout_audit.csv;data/computed/chapter4_fig43_fig46_projection_diagnostic.csv;data/computed/chapter4_fig43_fig44_halo_12p40_posthoc_diagnostic.csv;data/computed/chapter4_fig43_fig44_halo_12p40_posthoc_diagnostic.npz,authoritative validation/per-figure audit,boundary,"The legacy history-prefix root cause (surface[:stop]) is fixed: each panel now evaluates a fixed-time full-torus window over tau+[0,T0]. All four state-space numerical and local STM rows pass; the epsilon-dependent configuration-reach check also passes. The paper camera and development epsilon are hash-locked. Static anchors pass 16/16, but the separately committed panel-(d) red-surface projection holdout passes 0/4, so paper_projection_acceptance=fail and paper_3d_equivalence=false. No paper-view, physical-flight, or 3D-equivalence claim is made."
M0127,4.4,true,数据源范围/snapshot_time_error_days,原论文未报告（当前数据源内部范围）,snapshot_time_error_days: -1.7763568394e-15..0,从当前 CSV 直接计算 min/max；不外推,按 CSV 列定义；未明确者【待核实】,data/computed/chapter4_fig43_fig44_global_manifold_audit.csv,direct CSV range,boundary,"The legacy history-prefix root cause (surface[:stop]) is fixed: each panel now evaluates a fixed-time full-torus window over tau+[0,T0]. All four state-space numerical and local STM rows pass; the epsilon-dependent configuration-reach check also passes. The paper camera and development epsilon are hash-locked. Static anchors pass 16/16, but the separately committed panel-(d) red-surface projection holdout passes 0/4, so paper_projection_acceptance=fail and paper_3d_equivalence=false. No paper-view, physical-flight, or 3D-equivalence claim is made."
M0128,4.4,true,数据源范围/source_curve_residual,原论文未报告（当前数据源内部范围）,source_curve_residual: 9.32217525576e-10,从当前 CSV 直接计算 min/max；不外推,按 CSV 列定义；未明确者【待核实】,data/computed/chapter4_fig43_fig44_global_manifold_audit.csv,direct CSV range,boundary,"The legacy history-prefix root cause (surface[:stop]) is fixed: each panel now evaluates a fixed-time full-torus window over tau+[0,T0]. All four state-space numerical and local STM rows pass; the epsilon-dependent configuration-reach check also passes. The paper camera and development epsilon are hash-locked. Static anchors pass 16/16, but the separately committed panel-(d) red-surface projection holdout passes 0/4, so paper_projection_acceptance=fail and paper_3d_equivalence=false. No paper-view, physical-flight, or 3D-equivalence claim is made."
M0129,4.5,true,论文目标/关键物理量,"L1 quasi-vertical +x unstable manifold; JC=3.1389; snapshots=8.05,10.08,11.77,13.46 day",corrected L1 quasi-vertical +x fixed-time full-torus unstable-manifold snapshots at four paper times; accepted 4/4; K=4/M=121/N=33; configuration reach snapshot_x_max=1.199106430638798; local STM max relative error=7.876968764786163e-05; max J drift (jacobi_drift_max)=6.440092903403638e-11; max independent error (batched_vs_independent_state_max_abs_error)=3.481489402323845e-12; original replacement status: numerical_fixed_time_manifold_and_configuration_reach_pass_projection_holdout_failed_boundary,boundary,见字段文本；未明确者【待核实】,data/computed/chapter4_fig45_fig48_vertical_manifold_audit.csv;data/computed/chapter4_fig45_fig48_vertical_manifold_audit.npz;data/computed/chapter4_fig43_fig46_camera_static_metrics.csv;data/computed/chapter4_fig43_fig46_projection_fit_metrics.csv;data/computed/chapter4_fig43_fig46_projection_holdout_audit.csv;data/computed/chapter4_fig43_fig46_projection_diagnostic.csv,authoritative validation/per-figure audit,boundary,"The legacy history-prefix root cause (surface[:stop]) is fixed: each panel now evaluates a fixed-time full-torus window over tau+[0,T0]. All four state-space numerical and local STM rows pass; the epsilon-dependent configuration-reach check also passes. The paper camera and development epsilon are hash-locked. Static anchors pass 16/16, but the separately committed panel-(d) red-surface projection holdout passes 0/4, so paper_projection_acceptance=fail and paper_3d_equivalence=false. No paper-view, physical-flight, or 3D-equivalence claim is made."
M0130,4.5,true,动力学/校正残差,原论文未报告（本项目验证指标）,worst source residual: 4.982185846358393e-10; accepted rows: 4; DG dependency: corrected L1 DG eigenvectors and manifold validation row,按当前审计阈值解释,见字段文本；未明确者【待核实】,data/computed/chapter4_fig45_fig48_vertical_manifold_audit.csv;data/computed/chapter4_fig45_fig48_vertical_manifold_audit.npz;data/computed/chapter4_fig43_fig46_camera_static_metrics.csv;data/computed/chapter4_fig43_fig46_projection_fit_metrics.csv;data/computed/chapter4_fig43_fig46_projection_holdout_audit.csv;data/computed/chapter4_fig43_fig46_projection_diagnostic.csv,authoritative validation/per-figure audit,boundary,"The legacy history-prefix root cause (surface[:stop]) is fixed: each panel now evaluates a fixed-time full-torus window over tau+[0,T0]. All four state-space numerical and local STM rows pass; the epsilon-dependent configuration-reach check also passes. The paper camera and development epsilon are hash-locked. Static anchors pass 16/16, but the separately committed panel-(d) red-surface projection holdout passes 0/4, so paper_projection_acceptance=fail and paper_3d_equivalence=false. No paper-view, physical-flight, or 3D-equivalence claim is made."
M0131,4.5,true,Jacobi 一致性,原论文未报告（本项目验证指标）,6.440092903403638e-11,按当前审计阈值解释,见字段文本；未明确者【待核实】,data/computed/chapter4_fig45_fig48_vertical_manifold_audit.csv;data/computed/chapter4_fig45_fig48_vertical_manifold_audit.npz;data/computed/chapter4_fig43_fig46_camera_static_metrics.csv;data/computed/chapter4_fig43_fig46_projection_fit_metrics.csv;data/computed/chapter4_fig43_fig46_projection_holdout_audit.csv;data/computed/chapter4_fig43_fig46_projection_diagnostic.csv,authoritative validation/per-figure audit,boundary,"The legacy history-prefix root cause (surface[:stop]) is fixed: each panel now evaluates a fixed-time full-torus window over tau+[0,T0]. All four state-space numerical and local STM rows pass; the epsilon-dependent configuration-reach check also passes. The paper camera and development epsilon are hash-locked. Static anchors pass 16/16, but the separately committed panel-(d) red-surface projection holdout passes 0/4, so paper_projection_acceptance=fail and paper_3d_equivalence=false. No paper-view, physical-flight, or 3D-equivalence claim is made."
M0132,4.5,true,周期/相位闭合,原论文未报告（本项目验证指标）,manifold growth ratio: 0.9717804282196859..1.094344709597075; manifold dependency: data/computed/chapter4_fig45_fig48_vertical_manifold_audit.csv;data/computed/chapter4_fig45_fig48_vertical_manifold_audit.npz;data/computed/chapter4_fig43_fig46_camera_static_metrics.csv;data/computed/chapter4_fig43_fig46_projection_fit_metrics.csv;data/computed/chapter4_fig43_fig46_projection_holdout_audit.csv;data/computed/chapter4_fig43_fig46_projection_diagnostic.csv,按当前审计阈值解释,见字段文本；未明确者【待核实】,data/computed/chapter4_fig45_fig48_vertical_manifold_audit.csv;data/computed/chapter4_fig45_fig48_vertical_manifold_audit.npz;data/computed/chapter4_fig43_fig46_camera_static_metrics.csv;data/computed/chapter4_fig43_fig46_projection_fit_metrics.csv;data/computed/chapter4_fig43_fig46_projection_holdout_audit.csv;data/computed/chapter4_fig43_fig46_projection_diagnostic.csv,authoritative validation/per-figure audit,boundary,"The legacy history-prefix root cause (surface[:stop]) is fixed: each panel now evaluates a fixed-time full-torus window over tau+[0,T0]. All four state-space numerical and local STM rows pass; the epsilon-dependent configuration-reach check also passes. The paper camera and development epsilon are hash-locked. Static anchors pass 16/16, but the separately committed panel-(d) red-surface projection holdout passes 0/4, so paper_projection_acceptance=fail and paper_3d_equivalence=false. No paper-view, physical-flight, or 3D-equivalence claim is made."
M0133,4.5,true,稳定性指标误差,见原文目标或原论文未报告,See Chapter 4 DG source-layer audit,按当前审计阈值解释,见字段文本；未明确者【待核实】,data/computed/chapter4_fig45_fig48_vertical_manifold_audit.csv;data/computed/chapter4_fig45_fig48_vertical_manifold_audit.npz;data/computed/chapter4_fig43_fig46_camera_static_metrics.csv;data/computed/chapter4_fig43_fig46_projection_fit_metrics.csv;data/computed/chapter4_fig43_fig46_projection_holdout_audit.csv;data/computed/chapter4_fig43_fig46_projection_diagnostic.csv,authoritative validation/per-figure audit,boundary,"The legacy history-prefix root cause (surface[:stop]) is fixed: each panel now evaluates a fixed-time full-torus window over tau+[0,T0]. All four state-space numerical and local STM rows pass; the epsilon-dependent configuration-reach check also passes. The paper camera and development epsilon are hash-locked. Static anchors pass 16/16, but the separately committed panel-(d) red-surface projection holdout passes 0/4, so paper_projection_acceptance=fail and paper_3d_equivalence=false. No paper-view, physical-flight, or 3D-equivalence claim is made."
M0134,4.5,true,逐图源层最佳指标,"L1 quasi-vertical +x unstable manifold; JC=3.1389; snapshots=8.05,10.08,11.77,13.46 day",accepted 4/4; K=4/M=121/N=33; configuration reach snapshot_x_max=1.199106430638798; local STM max relative error=7.876968764786163e-05; max J drift (jacobi_drift_max)=6.440092903403638e-11; max independent error (batched_vs_independent_state_max_abs_error)=3.481489402323845e-12,numerical_fixed_time_manifold_and_configuration_reach_pass_projection_holdout_failed_boundary,见字段文本；未明确者【待核实】,data/computed/chapter4_fig45_fig48_vertical_manifold_audit.csv;data/computed/chapter4_fig45_fig48_vertical_manifold_audit.npz;data/computed/chapter4_fig43_fig46_camera_static_metrics.csv;data/computed/chapter4_fig43_fig46_projection_fit_metrics.csv;data/computed/chapter4_fig43_fig46_projection_holdout_audit.csv;data/computed/chapter4_fig43_fig46_projection_diagnostic.csv,authoritative validation/per-figure audit,boundary,"The legacy history-prefix root cause (surface[:stop]) is fixed: each panel now evaluates a fixed-time full-torus window over tau+[0,T0]. All four state-space numerical and local STM rows pass; the epsilon-dependent configuration-reach check also passes. The paper camera and development epsilon are hash-locked. Static anchors pass 16/16, but the separately committed panel-(d) red-surface projection holdout passes 0/4, so paper_projection_acceptance=fail and paper_3d_equivalence=false. No paper-view, physical-flight, or 3D-equivalence claim is made."
M0135,4.5,true,数据源范围/snapshot_time_error_days,原论文未报告（当前数据源内部范围）,snapshot_time_error_days: 0,从当前 CSV 直接计算 min/max；不外推,按 CSV 列定义；未明确者【待核实】,data/computed/chapter4_fig45_fig48_vertical_manifold_audit.csv,direct CSV range,boundary,"The legacy history-prefix root cause (surface[:stop]) is fixed: each panel now evaluates a fixed-time full-torus window over tau+[0,T0]. All four state-space numerical and local STM rows pass; the epsilon-dependent configuration-reach check also passes. The paper camera and development epsilon are hash-locked. Static anchors pass 16/16, but the separately committed panel-(d) red-surface projection holdout passes 0/4, so paper_projection_acceptance=fail and paper_3d_equivalence=false. No paper-view, physical-flight, or 3D-equivalence claim is made."
M0136,4.5,true,数据源范围/source_curve_residual,原论文未报告（当前数据源内部范围）,source_curve_residual: 4.98218584636e-10,从当前 CSV 直接计算 min/max；不外推,按 CSV 列定义；未明确者【待核实】,data/computed/chapter4_fig45_fig48_vertical_manifold_audit.csv,direct CSV range,boundary,"The legacy history-prefix root cause (surface[:stop]) is fixed: each panel now evaluates a fixed-time full-torus window over tau+[0,T0]. All four state-space numerical and local STM rows pass; the epsilon-dependent configuration-reach check also passes. The paper camera and development epsilon are hash-locked. Static anchors pass 16/16, but the separately committed panel-(d) red-surface projection holdout passes 0/4, so paper_projection_acceptance=fail and paper_3d_equivalence=false. No paper-view, physical-flight, or 3D-equivalence claim is made."
M0137,4.6,true,论文目标/关键物理量,"L1 quasi-vertical -x unstable manifold; JC=3.1389; snapshots=8.05,10.08,11.77,13.46 day",corrected L1 quasi-vertical -x fixed-time full-torus unstable-manifold snapshots at four paper times; accepted 4/4; K=4/M=121/N=33; configuration reach snapshot_x_min=0.1978121671630532; local STM max relative error=7.874966734688904e-05; max J drift (jacobi_drift_max)=4.884981308350689e-15; max independent error (batched_vs_independent_state_max_abs_error)=3.945510584912881e-11; original replacement status: numerical_fixed_time_manifold_and_configuration_reach_pass_projection_holdout_failed_boundary,boundary,见字段文本；未明确者【待核实】,data/computed/chapter4_fig45_fig48_vertical_manifold_audit.csv;data/computed/chapter4_fig45_fig48_vertical_manifold_audit.npz;data/computed/chapter4_fig43_fig46_camera_static_metrics.csv;data/computed/chapter4_fig43_fig46_projection_fit_metrics.csv;data/computed/chapter4_fig43_fig46_projection_holdout_audit.csv;data/computed/chapter4_fig43_fig46_projection_diagnostic.csv,authoritative validation/per-figure audit,boundary,"The legacy history-prefix root cause (surface[:stop]) is fixed: each panel now evaluates a fixed-time full-torus window over tau+[0,T0]. All four state-space numerical and local STM rows pass; the epsilon-dependent configuration-reach check also passes. The paper camera and development epsilon are hash-locked. Static anchors pass 16/16, but the separately committed panel-(d) red-surface projection holdout passes 0/4, so paper_projection_acceptance=fail and paper_3d_equivalence=false. No paper-view, physical-flight, or 3D-equivalence claim is made."
M0138,4.6,true,动力学/校正残差,原论文未报告（本项目验证指标）,worst source residual: 4.982185846358393e-10; accepted rows: 4; DG dependency: corrected L1 DG eigenvectors and manifold validation row,按当前审计阈值解释,见字段文本；未明确者【待核实】,data/computed/chapter4_fig45_fig48_vertical_manifold_audit.csv;data/computed/chapter4_fig45_fig48_vertical_manifold_audit.npz;data/computed/chapter4_fig43_fig46_camera_static_metrics.csv;data/computed/chapter4_fig43_fig46_projection_fit_metrics.csv;data/computed/chapter4_fig43_fig46_projection_holdout_audit.csv;data/computed/chapter4_fig43_fig46_projection_diagnostic.csv,authoritative validation/per-figure audit,boundary,"The legacy history-prefix root cause (surface[:stop]) is fixed: each panel now evaluates a fixed-time full-torus window over tau+[0,T0]. All four state-space numerical and local STM rows pass; the epsilon-dependent configuration-reach check also passes. The paper camera and development epsilon are hash-locked. Static anchors pass 16/16, but the separately committed panel-(d) red-surface projection holdout passes 0/4, so paper_projection_acceptance=fail and paper_3d_equivalence=false. No paper-view, physical-flight, or 3D-equivalence claim is made."
M0139,4.6,true,Jacobi 一致性,原论文未报告（本项目验证指标）,4.884981308350689e-15,按当前审计阈值解释,见字段文本；未明确者【待核实】,data/computed/chapter4_fig45_fig48_vertical_manifold_audit.csv;data/computed/chapter4_fig45_fig48_vertical_manifold_audit.npz;data/computed/chapter4_fig43_fig46_camera_static_metrics.csv;data/computed/chapter4_fig43_fig46_projection_fit_metrics.csv;data/computed/chapter4_fig43_fig46_projection_holdout_audit.csv;data/computed/chapter4_fig43_fig46_projection_diagnostic.csv,authoritative validation/per-figure audit,boundary,"The legacy history-prefix root cause (surface[:stop]) is fixed: each panel now evaluates a fixed-time full-torus window over tau+[0,T0]. All four state-space numerical and local STM rows pass; the epsilon-dependent configuration-reach check also passes. The paper camera and development epsilon are hash-locked. Static anchors pass 16/16, but the separately committed panel-(d) red-surface projection holdout passes 0/4, so paper_projection_acceptance=fail and paper_3d_equivalence=false. No paper-view, physical-flight, or 3D-equivalence claim is made."
M0140,4.6,true,周期/相位闭合,原论文未报告（本项目验证指标）,manifold growth ratio: 0.8614776653747258..0.9885300536877248; manifold dependency: data/computed/chapter4_fig45_fig48_vertical_manifold_audit.csv;data/computed/chapter4_fig45_fig48_vertical_manifold_audit.npz;data/computed/chapter4_fig43_fig46_camera_static_metrics.csv;data/computed/chapter4_fig43_fig46_projection_fit_metrics.csv;data/computed/chapter4_fig43_fig46_projection_holdout_audit.csv;data/computed/chapter4_fig43_fig46_projection_diagnostic.csv,按当前审计阈值解释,见字段文本；未明确者【待核实】,data/computed/chapter4_fig45_fig48_vertical_manifold_audit.csv;data/computed/chapter4_fig45_fig48_vertical_manifold_audit.npz;data/computed/chapter4_fig43_fig46_camera_static_metrics.csv;data/computed/chapter4_fig43_fig46_projection_fit_metrics.csv;data/computed/chapter4_fig43_fig46_projection_holdout_audit.csv;data/computed/chapter4_fig43_fig46_projection_diagnostic.csv,authoritative validation/per-figure audit,boundary,"The legacy history-prefix root cause (surface[:stop]) is fixed: each panel now evaluates a fixed-time full-torus window over tau+[0,T0]. All four state-space numerical and local STM rows pass; the epsilon-dependent configuration-reach check also passes. The paper camera and development epsilon are hash-locked. Static anchors pass 16/16, but the separately committed panel-(d) red-surface projection holdout passes 0/4, so paper_projection_acceptance=fail and paper_3d_equivalence=false. No paper-view, physical-flight, or 3D-equivalence claim is made."
M0141,4.6,true,稳定性指标误差,见原文目标或原论文未报告,See Chapter 4 DG source-layer audit,按当前审计阈值解释,见字段文本；未明确者【待核实】,data/computed/chapter4_fig45_fig48_vertical_manifold_audit.csv;data/computed/chapter4_fig45_fig48_vertical_manifold_audit.npz;data/computed/chapter4_fig43_fig46_camera_static_metrics.csv;data/computed/chapter4_fig43_fig46_projection_fit_metrics.csv;data/computed/chapter4_fig43_fig46_projection_holdout_audit.csv;data/computed/chapter4_fig43_fig46_projection_diagnostic.csv,authoritative validation/per-figure audit,boundary,"The legacy history-prefix root cause (surface[:stop]) is fixed: each panel now evaluates a fixed-time full-torus window over tau+[0,T0]. All four state-space numerical and local STM rows pass; the epsilon-dependent configuration-reach check also passes. The paper camera and development epsilon are hash-locked. Static anchors pass 16/16, but the separately committed panel-(d) red-surface projection holdout passes 0/4, so paper_projection_acceptance=fail and paper_3d_equivalence=false. No paper-view, physical-flight, or 3D-equivalence claim is made."
M0142,4.6,true,逐图源层最佳指标,"L1 quasi-vertical -x unstable manifold; JC=3.1389; snapshots=8.05,10.08,11.77,13.46 day",accepted 4/4; K=4/M=121/N=33; configuration reach snapshot_x_min=0.1978121671630532; local STM max relative error=7.874966734688904e-05; max J drift (jacobi_drift_max)=4.884981308350689e-15; max independent error (batched_vs_independent_state_max_abs_error)=3.945510584912881e-11,numerical_fixed_time_manifold_and_configuration_reach_pass_projection_holdout_failed_boundary,见字段文本；未明确者【待核实】,data/computed/chapter4_fig45_fig48_vertical_manifold_audit.csv;data/computed/chapter4_fig45_fig48_vertical_manifold_audit.npz;data/computed/chapter4_fig43_fig46_camera_static_metrics.csv;data/computed/chapter4_fig43_fig46_projection_fit_metrics.csv;data/computed/chapter4_fig43_fig46_projection_holdout_audit.csv;data/computed/chapter4_fig43_fig46_projection_diagnostic.csv,authoritative validation/per-figure audit,boundary,"The legacy history-prefix root cause (surface[:stop]) is fixed: each panel now evaluates a fixed-time full-torus window over tau+[0,T0]. All four state-space numerical and local STM rows pass; the epsilon-dependent configuration-reach check also passes. The paper camera and development epsilon are hash-locked. Static anchors pass 16/16, but the separately committed panel-(d) red-surface projection holdout passes 0/4, so paper_projection_acceptance=fail and paper_3d_equivalence=false. No paper-view, physical-flight, or 3D-equivalence claim is made."
M0143,4.6,true,数据源范围/snapshot_time_error_days,原论文未报告（当前数据源内部范围）,snapshot_time_error_days: 0,从当前 CSV 直接计算 min/max；不外推,按 CSV 列定义；未明确者【待核实】,data/computed/chapter4_fig45_fig48_vertical_manifold_audit.csv,direct CSV range,boundary,"The legacy history-prefix root cause (surface[:stop]) is fixed: each panel now evaluates a fixed-time full-torus window over tau+[0,T0]. All four state-space numerical and local STM rows pass; the epsilon-dependent configuration-reach check also passes. The paper camera and development epsilon are hash-locked. Static anchors pass 16/16, but the separately committed panel-(d) red-surface projection holdout passes 0/4, so paper_projection_acceptance=fail and paper_3d_equivalence=false. No paper-view, physical-flight, or 3D-equivalence claim is made."
M0144,4.6,true,数据源范围/source_curve_residual,原论文未报告（当前数据源内部范围）,source_curve_residual: 4.98218584636e-10,从当前 CSV 直接计算 min/max；不外推,按 CSV 列定义；未明确者【待核实】,data/computed/chapter4_fig45_fig48_vertical_manifold_audit.csv,direct CSV range,boundary,"The legacy history-prefix root cause (surface[:stop]) is fixed: each panel now evaluates a fixed-time full-torus window over tau+[0,T0]. All four state-space numerical and local STM rows pass; the epsilon-dependent configuration-reach check also passes. The paper camera and development epsilon are hash-locked. Static anchors pass 16/16, but the separately committed panel-(d) red-surface projection holdout passes 0/4, so paper_projection_acceptance=fail and paper_3d_equivalence=false. No paper-view, physical-flight, or 3D-equivalence claim is made."
M0145,4.7,true,论文目标/关键物理量,L1 quasi-halo unstable manifold compared with associated periodic halo manifold,corrected quasi-halo manifold with periodic-halo comparison; quasi-halo earthward_minus_x_unstable; duration 13.02 days; growth ratio 0.8667050797832782; Jacobi drift 1.332267629550188e-15; original replacement status: internal_dynamics_pass_projection_geometry_mismatch_boundary,boundary,见字段文本；未明确者【待核实】,data/computed/chapter4_corrected_l1_constant_energy_halo_unstable_manifolds.csv,authoritative validation/per-figure audit,boundary,"The internal dynamics gate passes for snapshot time, residual, Jacobi drift, and local growth, and no analytic proxy layer is used. Thesis projection geometry is not validated and the current contact sheet shows a material global-reach/topology mismatch: the quasi-halo source remains the local terminal x=0.841718..0.849797 branch and lacks the thesis topology/density. Because this is a single-view 3D panel, image digitization can only support a locked-camera projection-space audit, not a 3D pointwise claim."
M0146,4.7,true,动力学/校正残差,原论文未报告（本项目验证指标）,worst source residual: 9.322175255756186e-10; accepted rows: 1; DG dependency: corrected L1 DG eigenvectors and manifold validation row,按当前审计阈值解释,见字段文本；未明确者【待核实】,data/computed/chapter4_corrected_l1_constant_energy_halo_unstable_manifolds.csv,authoritative validation/per-figure audit,boundary,"The internal dynamics gate passes for snapshot time, residual, Jacobi drift, and local growth, and no analytic proxy layer is used. Thesis projection geometry is not validated and the current contact sheet shows a material global-reach/topology mismatch: the quasi-halo source remains the local terminal x=0.841718..0.849797 branch and lacks the thesis topology/density. Because this is a single-view 3D panel, image digitization can only support a locked-camera projection-space audit, not a 3D pointwise claim."
M0147,4.7,true,Jacobi 一致性,原论文未报告（本项目验证指标）,1.332267629550188e-15,按当前审计阈值解释,见字段文本；未明确者【待核实】,data/computed/chapter4_corrected_l1_constant_energy_halo_unstable_manifolds.csv,authoritative validation/per-figure audit,boundary,"The internal dynamics gate passes for snapshot time, residual, Jacobi drift, and local growth, and no analytic proxy layer is used. Thesis projection geometry is not validated and the current contact sheet shows a material global-reach/topology mismatch: the quasi-halo source remains the local terminal x=0.841718..0.849797 branch and lacks the thesis topology/density. Because this is a single-view 3D panel, image digitization can only support a locked-camera projection-space audit, not a 3D pointwise claim."
M0148,4.7,true,周期/相位闭合,原论文未报告（本项目验证指标）,manifold growth ratio: 0.8667050797832782; manifold dependency: data/computed/chapter4_corrected_l1_constant_energy_halo_unstable_manifolds.csv,按当前审计阈值解释,见字段文本；未明确者【待核实】,data/computed/chapter4_corrected_l1_constant_energy_halo_unstable_manifolds.csv,authoritative validation/per-figure audit,boundary,"The internal dynamics gate passes for snapshot time, residual, Jacobi drift, and local growth, and no analytic proxy layer is used. Thesis projection geometry is not validated and the current contact sheet shows a material global-reach/topology mismatch: the quasi-halo source remains the local terminal x=0.841718..0.849797 branch and lacks the thesis topology/density. Because this is a single-view 3D panel, image digitization can only support a locked-camera projection-space audit, not a 3D pointwise claim."
M0149,4.7,true,稳定性指标误差,见原文目标或原论文未报告,See Chapter 4 DG source-layer audit,按当前审计阈值解释,见字段文本；未明确者【待核实】,data/computed/chapter4_corrected_l1_constant_energy_halo_unstable_manifolds.csv,authoritative validation/per-figure audit,boundary,"The internal dynamics gate passes for snapshot time, residual, Jacobi drift, and local growth, and no analytic proxy layer is used. Thesis projection geometry is not validated and the current contact sheet shows a material global-reach/topology mismatch: the quasi-halo source remains the local terminal x=0.841718..0.849797 branch and lacks the thesis topology/density. Because this is a single-view 3D panel, image digitization can only support a locked-camera projection-space audit, not a 3D pointwise claim."
M0150,4.7,true,逐图源层最佳指标,L1 quasi-halo unstable manifold compared with associated periodic halo manifold,quasi-halo earthward_minus_x_unstable; duration 13.02 days; growth ratio 0.8667050797832782; Jacobi drift 1.332267629550188e-15,internal_dynamics_pass_projection_geometry_mismatch_boundary,见字段文本；未明确者【待核实】,data/computed/chapter4_corrected_l1_constant_energy_halo_unstable_manifolds.csv,authoritative validation/per-figure audit,boundary,"The internal dynamics gate passes for snapshot time, residual, Jacobi drift, and local growth, and no analytic proxy layer is used. Thesis projection geometry is not validated and the current contact sheet shows a material global-reach/topology mismatch: the quasi-halo source remains the local terminal x=0.841718..0.849797 branch and lacks the thesis topology/density. Because this is a single-view 3D panel, image digitization can only support a locked-camera projection-space audit, not a 3D pointwise claim."
M0151,4.7,true,数据源范围/jacobi,原论文未报告（当前数据源内部范围）,jacobi: 3.13889992696..3.13890008235,从当前 CSV 直接计算 min/max；不外推,按 CSV 列定义；未明确者【待核实】,data/computed/chapter4_corrected_l1_constant_energy_halo_unstable_manifolds.csv,direct CSV range,boundary,"The internal dynamics gate passes for snapshot time, residual, Jacobi drift, and local growth, and no analytic proxy layer is used. Thesis projection geometry is not validated and the current contact sheet shows a material global-reach/topology mismatch: the quasi-halo source remains the local terminal x=0.841718..0.849797 branch and lacks the thesis topology/density. Because this is a single-view 3D panel, image digitization can only support a locked-camera projection-space audit, not a 3D pointwise claim."
M0152,4.7,true,数据源范围/mapping_time_days,原论文未报告（当前数据源内部范围）,mapping_time_days: 12.0970074587,从当前 CSV 直接计算 min/max；不外推,按 CSV 列定义；未明确者【待核实】,data/computed/chapter4_corrected_l1_constant_energy_halo_unstable_manifolds.csv,direct CSV range,boundary,"The internal dynamics gate passes for snapshot time, residual, Jacobi drift, and local growth, and no analytic proxy layer is used. Thesis projection geometry is not validated and the current contact sheet shows a material global-reach/topology mismatch: the quasi-halo source remains the local terminal x=0.841718..0.849797 branch and lacks the thesis topology/density. Because this is a single-view 3D panel, image digitization can only support a locked-camera projection-space audit, not a 3D pointwise claim."
M0153,4.8,true,论文目标/关键物理量,L1 quasi-vertical unstable manifold compared with associated periodic-orbit manifold,corrected 33-node JC=3.1389 quasi-vertical global unstable manifold with periodic-halo comparison; quasi-vertical earthward_global_unstable; duration 13.46 days; growth ratio 0.8655154043045946; Jacobi drift 1.77635683940025e-15; original replacement status: internal_dynamics_pass_projection_geometry_mismatch_boundary,boundary,见字段文本；未明确者【待核实】,data/computed/chapter4_corrected_vertical_global_unstable_manifold.csv,authoritative validation/per-figure audit,boundary,"The internal dynamics gate passes for snapshot time, residual, Jacobi drift, and local growth, and no analytic proxy layer is used. Thesis projection geometry is not validated and the current contact sheet shows a material global-reach/topology mismatch: the quasi-vertical source remains the local terminal x=0.784378..0.837716 branch and lacks the thesis Earthward reach. Because this is a single-view 3D panel, image digitization can only support a locked-camera projection-space audit, not a 3D pointwise claim."
M0154,4.8,true,动力学/校正残差,原论文未报告（本项目验证指标）,worst source residual: 4.982185846358393e-10; accepted rows: 1; DG dependency: corrected L1 DG eigenvectors and manifold validation row,按当前审计阈值解释,见字段文本；未明确者【待核实】,data/computed/chapter4_corrected_vertical_global_unstable_manifold.csv,authoritative validation/per-figure audit,boundary,"The internal dynamics gate passes for snapshot time, residual, Jacobi drift, and local growth, and no analytic proxy layer is used. Thesis projection geometry is not validated and the current contact sheet shows a material global-reach/topology mismatch: the quasi-vertical source remains the local terminal x=0.784378..0.837716 branch and lacks the thesis Earthward reach. Because this is a single-view 3D panel, image digitization can only support a locked-camera projection-space audit, not a 3D pointwise claim."
M0155,4.8,true,Jacobi 一致性,原论文未报告（本项目验证指标）,1.77635683940025e-15,按当前审计阈值解释,见字段文本；未明确者【待核实】,data/computed/chapter4_corrected_vertical_global_unstable_manifold.csv,authoritative validation/per-figure audit,boundary,"The internal dynamics gate passes for snapshot time, residual, Jacobi drift, and local growth, and no analytic proxy layer is used. Thesis projection geometry is not validated and the current contact sheet shows a material global-reach/topology mismatch: the quasi-vertical source remains the local terminal x=0.784378..0.837716 branch and lacks the thesis Earthward reach. Because this is a single-view 3D panel, image digitization can only support a locked-camera projection-space audit, not a 3D pointwise claim."
M0156,4.8,true,周期/相位闭合,原论文未报告（本项目验证指标）,manifold growth ratio: 0.8655154043045946; manifold dependency: data/computed/chapter4_corrected_vertical_global_unstable_manifold.csv,按当前审计阈值解释,见字段文本；未明确者【待核实】,data/computed/chapter4_corrected_vertical_global_unstable_manifold.csv,authoritative validation/per-figure audit,boundary,"The internal dynamics gate passes for snapshot time, residual, Jacobi drift, and local growth, and no analytic proxy layer is used. Thesis projection geometry is not validated and the current contact sheet shows a material global-reach/topology mismatch: the quasi-vertical source remains the local terminal x=0.784378..0.837716 branch and lacks the thesis Earthward reach. Because this is a single-view 3D panel, image digitization can only support a locked-camera projection-space audit, not a 3D pointwise claim."
M0157,4.8,true,稳定性指标误差,见原文目标或原论文未报告,See Chapter 4 DG source-layer audit,按当前审计阈值解释,见字段文本；未明确者【待核实】,data/computed/chapter4_corrected_vertical_global_unstable_manifold.csv,authoritative validation/per-figure audit,boundary,"The internal dynamics gate passes for snapshot time, residual, Jacobi drift, and local growth, and no analytic proxy layer is used. Thesis projection geometry is not validated and the current contact sheet shows a material global-reach/topology mismatch: the quasi-vertical source remains the local terminal x=0.784378..0.837716 branch and lacks the thesis Earthward reach. Because this is a single-view 3D panel, image digitization can only support a locked-camera projection-space audit, not a 3D pointwise claim."
M0158,4.8,true,逐图源层最佳指标,L1 quasi-vertical unstable manifold compared with associated periodic-orbit manifold,quasi-vertical earthward_global_unstable; duration 13.46 days; growth ratio 0.8655154043045946; Jacobi drift 1.77635683940025e-15,internal_dynamics_pass_projection_geometry_mismatch_boundary,见字段文本；未明确者【待核实】,data/computed/chapter4_corrected_vertical_global_unstable_manifold.csv,authoritative validation/per-figure audit,boundary,"The internal dynamics gate passes for snapshot time, residual, Jacobi drift, and local growth, and no analytic proxy layer is used. Thesis projection geometry is not validated and the current contact sheet shows a material global-reach/topology mismatch: the quasi-vertical source remains the local terminal x=0.784378..0.837716 branch and lacks the thesis Earthward reach. Because this is a single-view 3D panel, image digitization can only support a locked-camera projection-space audit, not a 3D pointwise claim."
M0159,4.8,true,数据源范围/jacobi,原论文未报告（当前数据源内部范围）,jacobi: 3.18834106051..3.18834106051,从当前 CSV 直接计算 min/max；不外推,按 CSV 列定义；未明确者【待核实】,data/computed/chapter4_corrected_vertical_global_unstable_manifold.csv,direct CSV range,boundary,"The internal dynamics gate passes for snapshot time, residual, Jacobi drift, and local growth, and no analytic proxy layer is used. Thesis projection geometry is not validated and the current contact sheet shows a material global-reach/topology mismatch: the quasi-vertical source remains the local terminal x=0.784378..0.837716 branch and lacks the thesis Earthward reach. Because this is a single-view 3D panel, image digitization can only support a locked-camera projection-space audit, not a 3D pointwise claim."
M0160,4.8,true,数据源范围/curve_jacobi_span,原论文未报告（当前数据源内部范围）,curve_jacobi_span: 1.64313007645e-14..2.0872192863e-14,从当前 CSV 直接计算 min/max；不外推,按 CSV 列定义；未明确者【待核实】,data/computed/chapter4_corrected_vertical_global_unstable_manifold.csv,direct CSV range,boundary,"The internal dynamics gate passes for snapshot time, residual, Jacobi drift, and local growth, and no analytic proxy layer is used. Thesis projection geometry is not validated and the current contact sheet shows a material global-reach/topology mismatch: the quasi-vertical source remains the local terminal x=0.784378..0.837716 branch and lacks the thesis Earthward reach. Because this is a single-view 3D panel, image digitization can only support a locked-camera projection-space audit, not a 3D pointwise claim."
M0161,5.1,true,论文目标/关键物理量,"single corrected Sun-Earth L1 quasi-vertical trajectory propagated 325,1068,2182 day",corrected Sun-Earth L1 two-frequency Lissajous torus trajectories; accepted corrected Lissajous source rows 1; torus points 3600; curve residual 2.646101981500197e-11; Jacobi span 2.220446049250313e-15; max |y|/|z| 1016592.923818082/939484.302401125 km; original replacement status: corrected_lissajous_torus_replaces_proxy_long_propagation_scene,boundary,见字段文本；未明确者【待核实】,data/computed/chapter5_sun_earth_l1_lissajous_torus_surface.csv,authoritative validation/per-figure audit,boundary,The analytic torus and center-mode overlays are removed. Remaining boundaries are the source-torus y-amplitude excess and pointwise thesis comparison.
M0162,5.1,true,动力学/校正残差,原论文未报告（本项目验证指标）,accepted source rows: 1; Route H dependency: none; BCR4BP dependency: none,按当前审计阈值解释,见字段文本；未明确者【待核实】,data/computed/chapter5_sun_earth_l1_lissajous_torus_surface.csv,authoritative validation/per-figure audit,boundary,The analytic torus and center-mode overlays are removed. Remaining boundaries are the source-torus y-amplitude excess and pointwise thesis comparison.
M0163,5.1,true,Jacobi 一致性,原论文未报告（本项目验证指标）,See Chapter 5 source-layer audit; not a single CR3BP Jacobi metric for all application figures,按当前审计阈值解释,见字段文本；未明确者【待核实】,data/computed/chapter5_sun_earth_l1_lissajous_torus_surface.csv,authoritative validation/per-figure audit,boundary,The analytic torus and center-mode overlays are removed. Remaining boundaries are the source-torus y-amplitude excess and pointwise thesis comparison.
M0164,5.1,true,周期/相位闭合,原论文未报告（本项目验证指标）,See Chapter 5 source-layer audit for endpoint/defect boundary,按当前审计阈值解释,见字段文本；未明确者【待核实】,data/computed/chapter5_sun_earth_l1_lissajous_torus_surface.csv,authoritative validation/per-figure audit,boundary,The analytic torus and center-mode overlays are removed. Remaining boundaries are the source-torus y-amplitude excess and pointwise thesis comparison.
M0165,5.1,true,逐图源层最佳指标,"single corrected Sun-Earth L1 quasi-vertical trajectory propagated 325,1068,2182 day",accepted corrected Lissajous source rows 1; torus points 3600; curve residual 2.646101981500197e-11; Jacobi span 2.220446049250313e-15; max |y|/|z| 1016592.923818082/939484.302401125 km,corrected_lissajous_torus_replaces_proxy_long_propagation_scene,见字段文本；未明确者【待核实】,data/computed/chapter5_sun_earth_l1_lissajous_torus_surface.csv,authoritative validation/per-figure audit,boundary,The analytic torus and center-mode overlays are removed. Remaining boundaries are the source-torus y-amplitude excess and pointwise thesis comparison.
M0166,5.2,false,动力学/校正残差,原论文未报告（本项目验证指标）,accepted source rows: 0; Route H dependency: none; BCR4BP dependency: none,按当前审计阈值解释,见字段文本；未明确者【待核实】,geometry schematic,authoritative validation/per-figure audit,proxy,No numerical source-layer is required for the current schematic role.
M0167,5.2,false,Jacobi 一致性,原论文未报告（本项目验证指标）,See Chapter 5 source-layer audit; not a single CR3BP Jacobi metric for all application figures,按当前审计阈值解释,见字段文本；未明确者【待核实】,geometry schematic,authoritative validation/per-figure audit,proxy,No numerical source-layer is required for the current schematic role.
M0168,5.2,false,周期/相位闭合,原论文未报告（本项目验证指标）,See Chapter 5 source-layer audit for endpoint/defect boundary,按当前审计阈值解释,见字段文本；未明确者【待核实】,geometry schematic,authoritative validation/per-figure audit,proxy,No numerical source-layer is required for the current schematic role.
M0169,5.3,false,动力学/校正残差,原论文未报告（本项目验证指标）,accepted source rows: 0; Route H dependency: none; BCR4BP dependency: none,按当前审计阈值解释,见字段文本；未明确者【待核实】,geometry schematic,authoritative validation/per-figure audit,proxy,No numerical source-layer is required for the current schematic role.
M0170,5.3,false,Jacobi 一致性,原论文未报告（本项目验证指标）,See Chapter 5 source-layer audit; not a single CR3BP Jacobi metric for all application figures,按当前审计阈值解释,见字段文本；未明确者【待核实】,geometry schematic,authoritative validation/per-figure audit,proxy,No numerical source-layer is required for the current schematic role.
M0171,5.3,false,周期/相位闭合,原论文未报告（本项目验证指标）,See Chapter 5 source-layer audit for endpoint/defect boundary,按当前审计阈值解释,见字段文本；未明确者【待核实】,geometry schematic,authoritative validation/per-figure audit,proxy,No numerical source-layer is required for the current schematic role.
M0172,5.4,false,动力学/校正残差,原论文未报告（本项目验证指标）,accepted source rows: 0; Route H dependency: none; BCR4BP dependency: none,按当前审计阈值解释,见字段文本；未明确者【待核实】,geometry schematic,authoritative validation/per-figure audit,proxy,No numerical source-layer is required for the current schematic role.
M0173,5.4,false,Jacobi 一致性,原论文未报告（本项目验证指标）,See Chapter 5 source-layer audit; not a single CR3BP Jacobi metric for all application figures,按当前审计阈值解释,见字段文本；未明确者【待核实】,geometry schematic,authoritative validation/per-figure audit,proxy,No numerical source-layer is required for the current schematic role.
M0174,5.4,false,周期/相位闭合,原论文未报告（本项目验证指标）,See Chapter 5 source-layer audit for endpoint/defect boundary,按当前审计阈值解释,见字段文本；未明确者【待核实】,geometry schematic,authoritative validation/per-figure audit,proxy,No numerical source-layer is required for the current schematic role.
M0175,5.5,false,论文目标/关键物理量,quasi-DRO T0=14.75 day; planar DRO rp=73800 km; 10 returns=147.5 day; planar LOS outage about 2.3 h/rev; quasi-DRO zero outage,corrected DRO and quasi-DRO return CR3BP baseline; Route H member 54 max |z| 14573.10318409037 km; residual <= 6.469474407020314e-10; original replacement status: baseline_not_high_fidelity_replacement,boundary,见字段文本；未明确者【待核实】,data/computed/chapter5_corrected_dro_quasi_dro_return.csv,authoritative validation/per-figure audit,boundary,CR3BP return evidence does not yet provide a corrected ephemeris/BCR4BP trajectory replacement.
M0176,5.5,false,动力学/校正残差,原论文未报告（本项目验证指标）,accepted source rows: 30; Route H dependency: supporting upstream only; BCR4BP dependency: none,按当前审计阈值解释,见字段文本；未明确者【待核实】,data/computed/chapter5_corrected_dro_quasi_dro_return.csv,authoritative validation/per-figure audit,boundary,CR3BP return evidence does not yet provide a corrected ephemeris/BCR4BP trajectory replacement.
M0177,5.5,false,Jacobi 一致性,原论文未报告（本项目验证指标）,See Chapter 5 source-layer audit; not a single CR3BP Jacobi metric for all application figures,按当前审计阈值解释,见字段文本；未明确者【待核实】,data/computed/chapter5_corrected_dro_quasi_dro_return.csv,authoritative validation/per-figure audit,boundary,CR3BP return evidence does not yet provide a corrected ephemeris/BCR4BP trajectory replacement.
M0178,5.5,false,周期/相位闭合,原论文未报告（本项目验证指标）,See Chapter 5 source-layer audit for endpoint/defect boundary,按当前审计阈值解释,见字段文本；未明确者【待核实】,data/computed/chapter5_corrected_dro_quasi_dro_return.csv,authoritative validation/per-figure audit,boundary,CR3BP return evidence does not yet provide a corrected ephemeris/BCR4BP trajectory replacement.
M0179,5.5,false,逐图源层最佳指标,quasi-DRO T0=14.75 day; planar DRO rp=73800 km; 10 returns=147.5 day; planar LOS outage about 2.3 h/rev; quasi-DRO zero outage,Route H member 54 max |z| 14573.10318409037 km; residual <= 6.469474407020314e-10,baseline_not_high_fidelity_replacement,见字段文本；未明确者【待核实】,data/computed/chapter5_corrected_dro_quasi_dro_return.csv,authoritative validation/per-figure audit,boundary,CR3BP return evidence does not yet provide a corrected ephemeris/BCR4BP trajectory replacement.
M0180,5.6,false,论文目标/关键物理量,"DE421 Sun-Earth-Moon ephemeris-corrected quasi-DRO; epoch=2020-06-15; insertion phase=0,24,80,120 deg",Route H quasi-DRO embedded in DE421-oriented Sun-Moon frame; Route H member 54 max |z| 14573.10318409037 km; residual <= 6.469474407020314e-10; original replacement status: source_layer_baseline_not_full_ephemeris_replacement,boundary,见字段文本；未明确者【待核实】,data/computed/chapter5_de421_quasi_dro_scenes.csv,authoritative validation/per-figure audit,boundary,"DE421-oriented frame embedding is a geometry baseline, not a fully corrected ephemeris shooting solution."
M0181,5.6,false,动力学/校正残差,原论文未报告（本项目验证指标）,accepted source rows: 30; Route H dependency: accepted Route H upstream member; BCR4BP dependency: none,按当前审计阈值解释,见字段文本；未明确者【待核实】,data/computed/chapter5_de421_quasi_dro_scenes.csv,authoritative validation/per-figure audit,boundary,"DE421-oriented frame embedding is a geometry baseline, not a fully corrected ephemeris shooting solution."
M0182,5.6,false,Jacobi 一致性,原论文未报告（本项目验证指标）,See Chapter 5 source-layer audit; not a single CR3BP Jacobi metric for all application figures,按当前审计阈值解释,见字段文本；未明确者【待核实】,data/computed/chapter5_de421_quasi_dro_scenes.csv,authoritative validation/per-figure audit,boundary,"DE421-oriented frame embedding is a geometry baseline, not a fully corrected ephemeris shooting solution."
M0183,5.6,false,周期/相位闭合,原论文未报告（本项目验证指标）,See Chapter 5 source-layer audit for endpoint/defect boundary,按当前审计阈值解释,见字段文本；未明确者【待核实】,data/computed/chapter5_de421_quasi_dro_scenes.csv,authoritative validation/per-figure audit,boundary,"DE421-oriented frame embedding is a geometry baseline, not a fully corrected ephemeris shooting solution."
M0184,5.6,false,逐图源层最佳指标,"DE421 Sun-Earth-Moon ephemeris-corrected quasi-DRO; epoch=2020-06-15; insertion phase=0,24,80,120 deg",Route H member 54 max |z| 14573.10318409037 km; residual <= 6.469474407020314e-10,source_layer_baseline_not_full_ephemeris_replacement,见字段文本；未明确者【待核实】,data/computed/chapter5_de421_quasi_dro_scenes.csv,authoritative validation/per-figure audit,boundary,"DE421-oriented frame embedding is a geometry baseline, not a fully corrected ephemeris shooting solution."
M0185,5.7,false,论文目标/关键物理量,"DE421 Sun-Earth-Moon ephemeris-corrected quasi-DRO; insertion epochs=2020-06-01,04,10,15",Route H quasi-DRO eclipse/occultation scene in DE421-oriented frame; Route H member 54 max |z| 14573.10318409037 km; residual <= 6.469474407020314e-10; original replacement status: source_layer_baseline_not_full_ephemeris_replacement,boundary,见字段文本；未明确者【待核实】,data/computed/chapter5_de421_quasi_dro_scenes.csv,authoritative validation/per-figure audit,boundary,"DE421-oriented event geometry is available, but not a fully corrected ephemeris trajectory."
M0186,5.7,false,动力学/校正残差,原论文未报告（本项目验证指标）,accepted source rows: 30; Route H dependency: accepted Route H upstream member; BCR4BP dependency: none,按当前审计阈值解释,见字段文本；未明确者【待核实】,data/computed/chapter5_de421_quasi_dro_scenes.csv,authoritative validation/per-figure audit,boundary,"DE421-oriented event geometry is available, but not a fully corrected ephemeris trajectory."
M0187,5.7,false,Jacobi 一致性,原论文未报告（本项目验证指标）,See Chapter 5 source-layer audit; not a single CR3BP Jacobi metric for all application figures,按当前审计阈值解释,见字段文本；未明确者【待核实】,data/computed/chapter5_de421_quasi_dro_scenes.csv,authoritative validation/per-figure audit,boundary,"DE421-oriented event geometry is available, but not a fully corrected ephemeris trajectory."
M0188,5.7,false,周期/相位闭合,原论文未报告（本项目验证指标）,See Chapter 5 source-layer audit for endpoint/defect boundary,按当前审计阈值解释,见字段文本；未明确者【待核实】,data/computed/chapter5_de421_quasi_dro_scenes.csv,authoritative validation/per-figure audit,boundary,"DE421-oriented event geometry is available, but not a fully corrected ephemeris trajectory."
M0189,5.7,false,逐图源层最佳指标,"DE421 Sun-Earth-Moon ephemeris-corrected quasi-DRO; insertion epochs=2020-06-01,04,10,15",Route H member 54 max |z| 14573.10318409037 km; residual <= 6.469474407020314e-10,source_layer_baseline_not_full_ephemeris_replacement,见字段文本；未明确者【待核实】,data/computed/chapter5_de421_quasi_dro_scenes.csv,authoritative validation/per-figure audit,boundary,"DE421-oriented event geometry is available, but not a fully corrected ephemeris trajectory."
M0190,5.8,true,论文目标/关键物理量,halo-to-Lyapunov transfer; delta-v=139.4+4.0=143.4 m/s; TOF=186.9 day,Earth-Moon equal-Jacobi halo-to-Lyapunov multiple-shooting transfer; accepted CR3BP halo-Lyapunov transfer rows 1; total delta-v 294.6245071767839 m/s; endpoint error 2.083434735432931e-06 km; continuity 9.280132972015876e-12; Jacobi span 2.472244631235299e-12; boundary Jacobi difference 0; original replacement status: computed_multiple_shooting_transfer_replaces_corridor_proxy_high_fidelity_pending,boundary,见字段文本；未明确者【待核实】,data/computed/chapter5_earth_moon_halo_lyapunov_transfer_baseline.csv,authoritative validation/per-figure audit,boundary,The linear corridor proxy is removed and replaced by the accepted transfer trajectory and patch nodes. BCR4BP/ephemeris correction and original-thesis pointwise comparison remain pending.
M0191,5.8,true,动力学/校正残差,原论文未报告（本项目验证指标）,accepted source rows: 1; Route H dependency: accepted Route H upstream member for separate source-layer figure; BCR4BP dependency: 4 dynamics audit rows; 3 correction rows,按当前审计阈值解释,见字段文本；未明确者【待核实】,data/computed/chapter5_earth_moon_halo_lyapunov_transfer_baseline.csv,authoritative validation/per-figure audit,boundary,The linear corridor proxy is removed and replaced by the accepted transfer trajectory and patch nodes. BCR4BP/ephemeris correction and original-thesis pointwise comparison remain pending.
M0192,5.8,true,Jacobi 一致性,原论文未报告（本项目验证指标）,See Chapter 5 source-layer audit; not a single CR3BP Jacobi metric for all application figures,按当前审计阈值解释,见字段文本；未明确者【待核实】,data/computed/chapter5_earth_moon_halo_lyapunov_transfer_baseline.csv,authoritative validation/per-figure audit,boundary,The linear corridor proxy is removed and replaced by the accepted transfer trajectory and patch nodes. BCR4BP/ephemeris correction and original-thesis pointwise comparison remain pending.
M0193,5.8,true,周期/相位闭合,原论文未报告（本项目验证指标）,See Chapter 5 source-layer audit for endpoint/defect boundary,按当前审计阈值解释,见字段文本；未明确者【待核实】,data/computed/chapter5_earth_moon_halo_lyapunov_transfer_baseline.csv,authoritative validation/per-figure audit,boundary,The linear corridor proxy is removed and replaced by the accepted transfer trajectory and patch nodes. BCR4BP/ephemeris correction and original-thesis pointwise comparison remain pending.
M0194,5.8,true,逐图源层最佳指标,halo-to-Lyapunov transfer; delta-v=139.4+4.0=143.4 m/s; TOF=186.9 day,accepted CR3BP halo-Lyapunov transfer rows 1; total delta-v 294.6245071767839 m/s; endpoint error 2.083434735432931e-06 km; continuity 9.280132972015876e-12; Jacobi span 2.472244631235299e-12; boundary Jacobi difference 0,computed_multiple_shooting_transfer_replaces_corridor_proxy_high_fidelity_pending,见字段文本；未明确者【待核实】,data/computed/chapter5_earth_moon_halo_lyapunov_transfer_baseline.csv,authoritative validation/per-figure audit,boundary,The linear corridor proxy is removed and replaced by the accepted transfer trajectory and patch nodes. BCR4BP/ephemeris correction and original-thesis pointwise comparison remain pending.
M0195,5.8,true,数据源范围/jacobi,原论文未报告（当前数据源内部范围）,jacobi: 3.09309053987..3.09881231615,从当前 CSV 直接计算 min/max；不外推,按 CSV 列定义；未明确者【待核实】,data/computed/chapter5_earth_moon_halo_lyapunov_transfer_baseline.csv,direct CSV range,boundary,The linear corridor proxy is removed and replaced by the accepted transfer trajectory and patch nodes. BCR4BP/ephemeris correction and original-thesis pointwise comparison remain pending.
M0196,5.8,true,数据源范围/endpoint_position_error_km,原论文未报告（当前数据源内部范围）,endpoint_position_error_km: 1.03758376679e-08,从当前 CSV 直接计算 min/max；不外推,按 CSV 列定义；未明确者【待核实】,data/computed/chapter5_earth_moon_halo_lyapunov_transfer_baseline.csv,direct CSV range,boundary,The linear corridor proxy is removed and replaced by the accepted transfer trajectory and patch nodes. BCR4BP/ephemeris correction and original-thesis pointwise comparison remain pending.
M0197,5.9,true,论文目标/关键物理量,"northern L2 NRHO rp=4800,12610 km; stability index=1.5425,1.1762; constant-frequency quasi-NRHO corridor anchored at periodic NRHO rp=8065 km and frequency ratio=5.0305",Earth-Moon corrected periodic-NRHO family with transfer departure markers; accepted CR3BP periodic-family marker rows 2; corrected family members 16; maximum periodicity error 1.691798846699935e-10; best total delta-v 47.73443414309953 m/s; worst endpoint error 2.336264914251333e-05 km; max Jacobi span 5.092193333666728e-11; perilune radii 4800.000000000002 / 12610 km; original replacement status: corrected_periodic_nrho_family_replaces_linear_corridor_proxy,boundary,见字段文本；未明确者【待核实】,data/computed/chapter5_earth_moon_nrho_transfer_baseline.csv,authoritative validation/per-figure audit,boundary,The linear corridor proxy is removed. The displayed family is corrected CR3BP periodic NRHOs; BCR4BP/ephemeris correction and pointwise thesis comparison remain pending.
M0198,5.9,true,动力学/校正残差,原论文未报告（本项目验证指标）,accepted source rows: 2; Route H dependency: indirect only; BCR4BP dependency: available as separate source-layer audit,按当前审计阈值解释,见字段文本；未明确者【待核实】,data/computed/chapter5_earth_moon_nrho_transfer_baseline.csv,authoritative validation/per-figure audit,boundary,The linear corridor proxy is removed. The displayed family is corrected CR3BP periodic NRHOs; BCR4BP/ephemeris correction and pointwise thesis comparison remain pending.
M0199,5.9,true,Jacobi 一致性,原论文未报告（本项目验证指标）,See Chapter 5 source-layer audit; not a single CR3BP Jacobi metric for all application figures,按当前审计阈值解释,见字段文本；未明确者【待核实】,data/computed/chapter5_earth_moon_nrho_transfer_baseline.csv,authoritative validation/per-figure audit,boundary,The linear corridor proxy is removed. The displayed family is corrected CR3BP periodic NRHOs; BCR4BP/ephemeris correction and pointwise thesis comparison remain pending.
M0200,5.9,true,周期/相位闭合,原论文未报告（本项目验证指标）,See Chapter 5 source-layer audit for endpoint/defect boundary,按当前审计阈值解释,见字段文本；未明确者【待核实】,data/computed/chapter5_earth_moon_nrho_transfer_baseline.csv,authoritative validation/per-figure audit,boundary,The linear corridor proxy is removed. The displayed family is corrected CR3BP periodic NRHOs; BCR4BP/ephemeris correction and pointwise thesis comparison remain pending.
M0201,5.9,true,逐图源层最佳指标,"northern L2 NRHO rp=4800,12610 km; stability index=1.5425,1.1762; constant-frequency quasi-NRHO corridor anchored at periodic NRHO rp=8065 km and frequency ratio=5.0305",accepted CR3BP periodic-family marker rows 2; corrected family members 16; maximum periodicity error 1.691798846699935e-10; best total delta-v 47.73443414309953 m/s; worst endpoint error 2.336264914251333e-05 km; max Jacobi span 5.092193333666728e-11; perilune radii 4800.000000000002 / 12610 km,corrected_periodic_nrho_family_replaces_linear_corridor_proxy,见字段文本；未明确者【待核实】,data/computed/chapter5_earth_moon_nrho_transfer_baseline.csv,authoritative validation/per-figure audit,boundary,The linear corridor proxy is removed. The displayed family is corrected CR3BP periodic NRHOs; BCR4BP/ephemeris correction and pointwise thesis comparison remain pending.
M0202,5.9,true,数据源范围/periodicity_error,原论文未报告（当前数据源内部范围）,periodicity_error: 7.90278863282e-12..1.6917988467e-10,从当前 CSV 直接计算 min/max；不外推,按 CSV 列定义；未明确者【待核实】,data/computed/chapter5_earth_moon_nrho_transfer_baseline.csv,direct CSV range,boundary,The linear corridor proxy is removed. The displayed family is corrected CR3BP periodic NRHOs; BCR4BP/ephemeris correction and pointwise thesis comparison remain pending.
M0203,5.9,true,数据源范围/endpoint_position_error_km,原论文未报告（当前数据源内部范围）,endpoint_position_error_km: 2.5663466949e-09..3.71468761729e-05,从当前 CSV 直接计算 min/max；不外推,按 CSV 列定义；未明确者【待核实】,data/computed/chapter5_earth_moon_nrho_transfer_baseline.csv,direct CSV range,boundary,The linear corridor proxy is removed. The displayed family is corrected CR3BP periodic NRHOs; BCR4BP/ephemeris correction and pointwise thesis comparison remain pending.
M0204,5.10,true,论文目标/关键物理量,"autonomous Earth-Moon CR3BP feasible solutions (not the later SQP optima): transfer 1=48.3+32.2=80.5 m/s, TOF=23 day; transfer 2=51.3+35.3=86.6 m/s, TOF=12.4 day; epoch not applicable",Earth-Moon NRHO CR3BP transfers plus DE421-initialized planar BCR4BP correction; BCR4BP numerical acceptance 2/2; paper equivalence 0/2; independent endpoint <= 4.819078391415363e-05 km; absolute-time segment defect <= 1.213619191095553e-07 km; reset-time negative control >= 100.7737248812684 km; total delta-v case 1/2 72.628142/89.049947 m/s; paper-relative error -9.7787%/+2.8290%; DE421 initial Sun phase 71.09803239563459 deg; original replacement status: cr3bp_transfer_plus_bcr4bp_extension_accepted_paper_equivalence_false,boundary,见字段文本；未明确者【待核实】,data/computed/chapter5_fig510_bcr4bp_transfer_audit.csv;data/computed/chapter5_fig510_bcr4bp_transfer_trajectories.csv;data/computed/chapter5_earth_moon_nrho_transfer_baseline.csv,authoritative validation/per-figure audit,boundary,"The dedicated planar BCR4BP extension is numerically accepted, but Figure 5.10 is an autonomous CR3BP case, so epoch is not applicable to the paper result and the project date belongs only to the extension. The paper-specific quasi-NRHO member, intersection phases, raw boundary states, impulse agreement, and pointwise geometry remain open, so paper_equivalence=false."
M0205,5.10,true,动力学/校正残差,原论文未报告（本项目验证指标）,accepted source rows: 2; Route H dependency: indirect only; BCR4BP dependency: dedicated numerical correction 2/2; paper equivalence 0/2,按当前审计阈值解释,见字段文本；未明确者【待核实】,data/computed/chapter5_fig510_bcr4bp_transfer_audit.csv;data/computed/chapter5_fig510_bcr4bp_transfer_trajectories.csv;data/computed/chapter5_earth_moon_nrho_transfer_baseline.csv,authoritative validation/per-figure audit,boundary,"The dedicated planar BCR4BP extension is numerically accepted, but Figure 5.10 is an autonomous CR3BP case, so epoch is not applicable to the paper result and the project date belongs only to the extension. The paper-specific quasi-NRHO member, intersection phases, raw boundary states, impulse agreement, and pointwise geometry remain open, so paper_equivalence=false."
M0206,5.10,true,Jacobi 一致性,原论文未报告（本项目验证指标）,See Chapter 5 source-layer audit; not a single CR3BP Jacobi metric for all application figures,按当前审计阈值解释,见字段文本；未明确者【待核实】,data/computed/chapter5_fig510_bcr4bp_transfer_audit.csv;data/computed/chapter5_fig510_bcr4bp_transfer_trajectories.csv;data/computed/chapter5_earth_moon_nrho_transfer_baseline.csv,authoritative validation/per-figure audit,boundary,"The dedicated planar BCR4BP extension is numerically accepted, but Figure 5.10 is an autonomous CR3BP case, so epoch is not applicable to the paper result and the project date belongs only to the extension. The paper-specific quasi-NRHO member, intersection phases, raw boundary states, impulse agreement, and pointwise geometry remain open, so paper_equivalence=false."
M0207,5.10,true,周期/相位闭合,原论文未报告（本项目验证指标）,See Chapter 5 source-layer audit for endpoint/defect boundary,按当前审计阈值解释,见字段文本；未明确者【待核实】,data/computed/chapter5_fig510_bcr4bp_transfer_audit.csv;data/computed/chapter5_fig510_bcr4bp_transfer_trajectories.csv;data/computed/chapter5_earth_moon_nrho_transfer_baseline.csv,authoritative validation/per-figure audit,boundary,"The dedicated planar BCR4BP extension is numerically accepted, but Figure 5.10 is an autonomous CR3BP case, so epoch is not applicable to the paper result and the project date belongs only to the extension. The paper-specific quasi-NRHO member, intersection phases, raw boundary states, impulse agreement, and pointwise geometry remain open, so paper_equivalence=false."
M0208,5.10,true,逐图源层最佳指标,"autonomous Earth-Moon CR3BP feasible solutions (not the later SQP optima): transfer 1=48.3+32.2=80.5 m/s, TOF=23 day; transfer 2=51.3+35.3=86.6 m/s, TOF=12.4 day; epoch not applicable",BCR4BP numerical acceptance 2/2; paper equivalence 0/2; independent endpoint <= 4.819078391415363e-05 km; absolute-time segment defect <= 1.213619191095553e-07 km; reset-time negative control >= 100.7737248812684 km; total delta-v case 1/2 72.628142/89.049947 m/s; paper-relative error -9.7787%/+2.8290%; DE421 initial Sun phase 71.09803239563459 deg,cr3bp_transfer_plus_bcr4bp_extension_accepted_paper_equivalence_false,见字段文本；未明确者【待核实】,data/computed/chapter5_fig510_bcr4bp_transfer_audit.csv;data/computed/chapter5_fig510_bcr4bp_transfer_trajectories.csv;data/computed/chapter5_earth_moon_nrho_transfer_baseline.csv,authoritative validation/per-figure audit,boundary,"The dedicated planar BCR4BP extension is numerically accepted, but Figure 5.10 is an autonomous CR3BP case, so epoch is not applicable to the paper result and the project date belongs only to the extension. The paper-specific quasi-NRHO member, intersection phases, raw boundary states, impulse agreement, and pointwise geometry remain open, so paper_equivalence=false."
M0209,5.10,true,数据源范围/initial_sun_xy_closure_nd,原论文未报告（当前数据源内部范围）,initial_sun_xy_closure_nd: 2.84217094304e-14,从当前 CSV 直接计算 min/max；不外推,按 CSV 列定义；未明确者【待核实】,data/computed/chapter5_fig510_bcr4bp_transfer_audit.csv,direct CSV range,boundary,"The dedicated planar BCR4BP extension is numerically accepted, but Figure 5.10 is an autonomous CR3BP case, so epoch is not applicable to the paper result and the project date belongs only to the extension. The paper-specific quasi-NRHO member, intersection phases, raw boundary states, impulse agreement, and pointwise geometry remain open, so paper_equivalence=false."
M0210,5.10,true,数据源范围/frame_orthogonality_error,原论文未报告（当前数据源内部范围）,frame_orthogonality_error: 2.22044604925e-16,从当前 CSV 直接计算 min/max；不外推,按 CSV 列定义；未明确者【待核实】,data/computed/chapter5_fig510_bcr4bp_transfer_audit.csv,direct CSV range,boundary,"The dedicated planar BCR4BP extension is numerically accepted, but Figure 5.10 is an autonomous CR3BP case, so epoch is not applicable to the paper result and the project date belongs only to the extension. The paper-specific quasi-NRHO member, intersection phases, raw boundary states, impulse agreement, and pointwise geometry remain open, so paper_equivalence=false."
M0211,5.11,true,论文目标/关键物理量,CR3BP-symmetric reverse transfers from rp=12610 km NRHO to rp=4800 km NRHO using accepted Fig.5.10 solutions,Earth-Moon NRHO direct-transfer CR3BP baseline; accepted CR3BP reverse-symmetry rows 2; best total delta-v 47.73443414309953 m/s; worst endpoint error 2.336264914251333e-05 km; max Jacobi span 5.092193333666728e-11; original replacement status: endpoint_corrected_cr3bp_not_high_fidelity_replacement,boundary,见字段文本；未明确者【待核实】,data/computed/chapter5_earth_moon_nrho_transfer_baseline.csv,authoritative validation/per-figure audit,boundary,"Per-figure endpoint-corrected CR3BP transfer rows are accepted by exact symmetry, but no BCR4BP/ephemeris high-fidelity replacement is claimed."
M0212,5.11,true,动力学/校正残差,原论文未报告（本项目验证指标）,accepted source rows: 2; Route H dependency: indirect only; BCR4BP dependency: available as separate source-layer audit,按当前审计阈值解释,见字段文本；未明确者【待核实】,data/computed/chapter5_earth_moon_nrho_transfer_baseline.csv,authoritative validation/per-figure audit,boundary,"Per-figure endpoint-corrected CR3BP transfer rows are accepted by exact symmetry, but no BCR4BP/ephemeris high-fidelity replacement is claimed."
M0213,5.11,true,Jacobi 一致性,原论文未报告（本项目验证指标）,See Chapter 5 source-layer audit; not a single CR3BP Jacobi metric for all application figures,按当前审计阈值解释,见字段文本；未明确者【待核实】,data/computed/chapter5_earth_moon_nrho_transfer_baseline.csv,authoritative validation/per-figure audit,boundary,"Per-figure endpoint-corrected CR3BP transfer rows are accepted by exact symmetry, but no BCR4BP/ephemeris high-fidelity replacement is claimed."
M0214,5.11,true,周期/相位闭合,原论文未报告（本项目验证指标）,See Chapter 5 source-layer audit for endpoint/defect boundary,按当前审计阈值解释,见字段文本；未明确者【待核实】,data/computed/chapter5_earth_moon_nrho_transfer_baseline.csv,authoritative validation/per-figure audit,boundary,"Per-figure endpoint-corrected CR3BP transfer rows are accepted by exact symmetry, but no BCR4BP/ephemeris high-fidelity replacement is claimed."
M0215,5.11,true,逐图源层最佳指标,CR3BP-symmetric reverse transfers from rp=12610 km NRHO to rp=4800 km NRHO using accepted Fig.5.10 solutions,accepted CR3BP reverse-symmetry rows 2; best total delta-v 47.73443414309953 m/s; worst endpoint error 2.336264914251333e-05 km; max Jacobi span 5.092193333666728e-11,endpoint_corrected_cr3bp_not_high_fidelity_replacement,见字段文本；未明确者【待核实】,data/computed/chapter5_earth_moon_nrho_transfer_baseline.csv,authoritative validation/per-figure audit,boundary,"Per-figure endpoint-corrected CR3BP transfer rows are accepted by exact symmetry, but no BCR4BP/ephemeris high-fidelity replacement is claimed."
M0216,5.11,true,数据源范围/periodicity_error,原论文未报告（当前数据源内部范围）,periodicity_error: 7.90278863282e-12..1.6917988467e-10,从当前 CSV 直接计算 min/max；不外推,按 CSV 列定义；未明确者【待核实】,data/computed/chapter5_earth_moon_nrho_transfer_baseline.csv,direct CSV range,boundary,"Per-figure endpoint-corrected CR3BP transfer rows are accepted by exact symmetry, but no BCR4BP/ephemeris high-fidelity replacement is claimed."
M0217,5.11,true,数据源范围/endpoint_position_error_km,原论文未报告（当前数据源内部范围）,endpoint_position_error_km: 2.5663466949e-09..3.71468761729e-05,从当前 CSV 直接计算 min/max；不外推,按 CSV 列定义；未明确者【待核实】,data/computed/chapter5_earth_moon_nrho_transfer_baseline.csv,direct CSV range,boundary,"Per-figure endpoint-corrected CR3BP transfer rows are accepted by exact symmetry, but no BCR4BP/ephemeris high-fidelity replacement is claimed."
M0218,5.12,true,论文目标/关键物理量,rendezvous delta-v versus arrival offset; baseline=80.5 m/s; offset=-24..24 h; minimum near -6.5 h,Earth-Moon NRHO fixed-departure rendezvous arrival-offset branch; accepted CR3BP rendezvous scan rows 36; coverage -24 to 11 h; minimum delta-v difference -6.029648133534657 m/s; maximum endpoint error 3.714687617288433e-05 km; original replacement status: computed_branch_replaces_proxy_with_explicit_fold_boundary,boundary,见字段文本；未明确者【待核实】,data/computed/chapter5_earth_moon_nrho_transfer_baseline.csv,authoritative validation/per-figure audit,boundary,The grey extrapolation is removed. The computed branch covers -24 to +11 h; +12 to +24 h remains an explicit fold/coverage boundary rather than plotted proxy data.
M0219,5.12,true,动力学/校正残差,原论文未报告（本项目验证指标）,accepted source rows: 36; Route H dependency: none; BCR4BP dependency: none,按当前审计阈值解释,见字段文本；未明确者【待核实】,data/computed/chapter5_earth_moon_nrho_transfer_baseline.csv,authoritative validation/per-figure audit,boundary,The grey extrapolation is removed. The computed branch covers -24 to +11 h; +12 to +24 h remains an explicit fold/coverage boundary rather than plotted proxy data.
M0220,5.12,true,Jacobi 一致性,原论文未报告（本项目验证指标）,See Chapter 5 source-layer audit; not a single CR3BP Jacobi metric for all application figures,按当前审计阈值解释,见字段文本；未明确者【待核实】,data/computed/chapter5_earth_moon_nrho_transfer_baseline.csv,authoritative validation/per-figure audit,boundary,The grey extrapolation is removed. The computed branch covers -24 to +11 h; +12 to +24 h remains an explicit fold/coverage boundary rather than plotted proxy data.
M0221,5.12,true,周期/相位闭合,原论文未报告（本项目验证指标）,See Chapter 5 source-layer audit for endpoint/defect boundary,按当前审计阈值解释,见字段文本；未明确者【待核实】,data/computed/chapter5_earth_moon_nrho_transfer_baseline.csv,authoritative validation/per-figure audit,boundary,The grey extrapolation is removed. The computed branch covers -24 to +11 h; +12 to +24 h remains an explicit fold/coverage boundary rather than plotted proxy data.
M0222,5.12,true,逐图源层最佳指标,rendezvous delta-v versus arrival offset; baseline=80.5 m/s; offset=-24..24 h; minimum near -6.5 h,accepted CR3BP rendezvous scan rows 36; coverage -24 to 11 h; minimum delta-v difference -6.029648133534657 m/s; maximum endpoint error 3.714687617288433e-05 km,computed_branch_replaces_proxy_with_explicit_fold_boundary,见字段文本；未明确者【待核实】,data/computed/chapter5_earth_moon_nrho_transfer_baseline.csv,authoritative validation/per-figure audit,boundary,The grey extrapolation is removed. The computed branch covers -24 to +11 h; +12 to +24 h remains an explicit fold/coverage boundary rather than plotted proxy data.
M0223,5.12,true,数据源范围/periodicity_error,原论文未报告（当前数据源内部范围）,periodicity_error: 7.90278863282e-12..1.6917988467e-10,从当前 CSV 直接计算 min/max；不外推,按 CSV 列定义；未明确者【待核实】,data/computed/chapter5_earth_moon_nrho_transfer_baseline.csv,direct CSV range,boundary,The grey extrapolation is removed. The computed branch covers -24 to +11 h; +12 to +24 h remains an explicit fold/coverage boundary rather than plotted proxy data.
M0224,5.12,true,数据源范围/endpoint_position_error_km,原论文未报告（当前数据源内部范围）,endpoint_position_error_km: 2.5663466949e-09..3.71468761729e-05,从当前 CSV 直接计算 min/max；不外推,按 CSV 列定义；未明确者【待核实】,data/computed/chapter5_earth_moon_nrho_transfer_baseline.csv,direct CSV range,boundary,The grey extrapolation is removed. The computed branch covers -24 to +11 h; +12 to +24 h remains an explicit fold/coverage boundary rather than plotted proxy data.
M0225,5.13,true,论文目标/关键物理量,Sun-Earth L1 two-frequency Lissajous torus; z=940000 km; y=660000 km; at least 3500 torus points; candidate periapsis about 7033 km,"accepted active-geometry Sun-Earth L1 two-frequency torus DG tight stable-manifold periapsis map; accepted active-geometry family rows 1 (468 members, 33024 points); full max |y|/|z| 659439.4314289853/939944.3046133927 km; target errors -560.568571014679/-55.69538660731632 km; Jacobi span 1.028190865781653e-10; closure 3.254302889494484e-09; target pair True; tight scan rows 1; phase (48, 62) deg; 7033-km periapsis 7034.029835374918 km; error 1.029835374917639 km; propagated trajectories 162; manifold Jacobi drift 1.508171365571798e-10; original replacement status: computed_lissajous_manifold_map_replaces_display_proxy_geometry_boundary_remains",boundary,见字段文本；未明确者【待核实】,data/computed/chapter5_active_geometry_stable_manifold_tight_target_audit.csv,authoritative validation/per-figure audit,boundary,The display-function proxy is removed and the accepted 129x256 full-torus geometry plus 9x9 tight scan reaches the 7033-km target. Remaining boundaries are high-fidelity BCR4BP/ephemeris correction and pointwise comparison with the thesis heat map.
M0226,5.13,true,动力学/校正残差,原论文未报告（本项目验证指标）,accepted source rows: 1; Route H dependency: none; BCR4BP dependency: none,按当前审计阈值解释,见字段文本；未明确者【待核实】,data/computed/chapter5_active_geometry_stable_manifold_tight_target_audit.csv,authoritative validation/per-figure audit,boundary,The display-function proxy is removed and the accepted 129x256 full-torus geometry plus 9x9 tight scan reaches the 7033-km target. Remaining boundaries are high-fidelity BCR4BP/ephemeris correction and pointwise comparison with the thesis heat map.
M0227,5.13,true,Jacobi 一致性,原论文未报告（本项目验证指标）,See Chapter 5 source-layer audit; not a single CR3BP Jacobi metric for all application figures,按当前审计阈值解释,见字段文本；未明确者【待核实】,data/computed/chapter5_active_geometry_stable_manifold_tight_target_audit.csv,authoritative validation/per-figure audit,boundary,The display-function proxy is removed and the accepted 129x256 full-torus geometry plus 9x9 tight scan reaches the 7033-km target. Remaining boundaries are high-fidelity BCR4BP/ephemeris correction and pointwise comparison with the thesis heat map.
M0228,5.13,true,周期/相位闭合,原论文未报告（本项目验证指标）,See Chapter 5 source-layer audit for endpoint/defect boundary,按当前审计阈值解释,见字段文本；未明确者【待核实】,data/computed/chapter5_active_geometry_stable_manifold_tight_target_audit.csv,authoritative validation/per-figure audit,boundary,The display-function proxy is removed and the accepted 129x256 full-torus geometry plus 9x9 tight scan reaches the 7033-km target. Remaining boundaries are high-fidelity BCR4BP/ephemeris correction and pointwise comparison with the thesis heat map.
M0229,5.13,true,逐图源层最佳指标,Sun-Earth L1 two-frequency Lissajous torus; z=940000 km; y=660000 km; at least 3500 torus points; candidate periapsis about 7033 km,"accepted active-geometry family rows 1 (468 members, 33024 points); full max |y|/|z| 659439.4314289853/939944.3046133927 km; target errors -560.568571014679/-55.69538660731632 km; Jacobi span 1.028190865781653e-10; closure 3.254302889494484e-09; target pair True; tight scan rows 1; phase (48, 62) deg; 7033-km periapsis 7034.029835374918 km; error 1.029835374917639 km; propagated trajectories 162; manifold Jacobi drift 1.508171365571798e-10",computed_lissajous_manifold_map_replaces_display_proxy_geometry_boundary_remains,见字段文本；未明确者【待核实】,data/computed/chapter5_active_geometry_stable_manifold_tight_target_audit.csv,authoritative validation/per-figure audit,boundary,The display-function proxy is removed and the accepted 129x256 full-torus geometry plus 9x9 tight scan reaches the 7033-km target. Remaining boundaries are high-fidelity BCR4BP/ephemeris correction and pointwise comparison with the thesis heat map.
M0230,5.13,true,数据源范围/best_7033_error_km,原论文未报告（当前数据源内部范围）,best_7033_error_km: 1.02983537492,从当前 CSV 直接计算 min/max；不外推,按 CSV 列定义；未明确者【待核实】,data/computed/chapter5_active_geometry_stable_manifold_tight_target_audit.csv,direct CSV range,boundary,The display-function proxy is removed and the accepted 129x256 full-torus geometry plus 9x9 tight scan reaches the 7033-km target. Remaining boundaries are high-fidelity BCR4BP/ephemeris correction and pointwise comparison with the thesis heat map.
M0231,5.13,true,数据源范围/maximum_jacobi_drift,原论文未报告（当前数据源内部范围）,maximum_jacobi_drift: 1.50817136557e-10,从当前 CSV 直接计算 min/max；不外推,按 CSV 列定义；未明确者【待核实】,data/computed/chapter5_active_geometry_stable_manifold_tight_target_audit.csv,direct CSV range,boundary,The display-function proxy is removed and the accepted 129x256 full-torus geometry plus 9x9 tight scan reaches the 7033-km target. Remaining boundaries are high-fidelity BCR4BP/ephemeris correction and pointwise comparison with the thesis heat map.
M0232,5.14,true,论文目标/关键物理量,stable-manifold transfer to 185 km LEO (geocentric radius 6563 km); zero deterministic insertion maneuver after departure,accepted active-geometry Sun-Earth L1 stable-manifold LEO transfer; accepted active-geometry transfer rows 1; trajectory samples 900; periapsis 7034.028970727035 km; target error 1.028970727034903 km; transfer time 433.0873004386989 days; Jacobi span 5.497824417943775e-13; Lissajous endpoint distance 38.49009323646132 km; original replacement status: computed_lissajous_transfer_replaces_analytic_scene_high_fidelity_pending,boundary,见字段文本；未明确者【待核实】,data/computed/chapter5_active_geometry_leo_transfer_audit.csv,authoritative validation/per-figure audit,boundary,The analytic transfer and torus scene is removed. The accepted active-geometry CR3BP trajectory reaches the 7033-km periapsis target and records the 185-km LEO endpoint; BCR4BP/ephemeris correction remains pending.
M0233,5.14,true,动力学/校正残差,原论文未报告（本项目验证指标）,accepted source rows: 1; Route H dependency: none; BCR4BP dependency: none,按当前审计阈值解释,见字段文本；未明确者【待核实】,data/computed/chapter5_active_geometry_leo_transfer_audit.csv,authoritative validation/per-figure audit,boundary,The analytic transfer and torus scene is removed. The accepted active-geometry CR3BP trajectory reaches the 7033-km periapsis target and records the 185-km LEO endpoint; BCR4BP/ephemeris correction remains pending.
M0234,5.14,true,Jacobi 一致性,原论文未报告（本项目验证指标）,See Chapter 5 source-layer audit; not a single CR3BP Jacobi metric for all application figures,按当前审计阈值解释,见字段文本；未明确者【待核实】,data/computed/chapter5_active_geometry_leo_transfer_audit.csv,authoritative validation/per-figure audit,boundary,The analytic transfer and torus scene is removed. The accepted active-geometry CR3BP trajectory reaches the 7033-km periapsis target and records the 185-km LEO endpoint; BCR4BP/ephemeris correction remains pending.
M0235,5.14,true,周期/相位闭合,原论文未报告（本项目验证指标）,See Chapter 5 source-layer audit for endpoint/defect boundary,按当前审计阈值解释,见字段文本；未明确者【待核实】,data/computed/chapter5_active_geometry_leo_transfer_audit.csv,authoritative validation/per-figure audit,boundary,The analytic transfer and torus scene is removed. The accepted active-geometry CR3BP trajectory reaches the 7033-km periapsis target and records the 185-km LEO endpoint; BCR4BP/ephemeris correction remains pending.
M0236,5.14,true,逐图源层最佳指标,stable-manifold transfer to 185 km LEO (geocentric radius 6563 km); zero deterministic insertion maneuver after departure,accepted active-geometry transfer rows 1; trajectory samples 900; periapsis 7034.028970727035 km; target error 1.028970727034903 km; transfer time 433.0873004386989 days; Jacobi span 5.497824417943775e-13; Lissajous endpoint distance 38.49009323646132 km,computed_lissajous_transfer_replaces_analytic_scene_high_fidelity_pending,见字段文本；未明确者【待核实】,data/computed/chapter5_active_geometry_leo_transfer_audit.csv,authoritative validation/per-figure audit,boundary,The analytic transfer and torus scene is removed. The accepted active-geometry CR3BP trajectory reaches the 7033-km periapsis target and records the 185-km LEO endpoint; BCR4BP/ephemeris correction remains pending.
M0237,5.14,true,数据源范围/periapsis_target_error_km,原论文未报告（当前数据源内部范围）,periapsis_target_error_km: 1.02897072703,从当前 CSV 直接计算 min/max；不外推,按 CSV 列定义；未明确者【待核实】,data/computed/chapter5_active_geometry_leo_transfer_audit.csv,direct CSV range,boundary,The analytic transfer and torus scene is removed. The accepted active-geometry CR3BP trajectory reaches the 7033-km periapsis target and records the 185-km LEO endpoint; BCR4BP/ephemeris correction remains pending.
M0238,5.14,true,数据源范围/jacobi_span,原论文未报告（当前数据源内部范围）,jacobi_span: 5.49782441794e-13,从当前 CSV 直接计算 min/max；不外推,按 CSV 列定义；未明确者【待核实】,data/computed/chapter5_active_geometry_leo_transfer_audit.csv,direct CSV range,boundary,The analytic transfer and torus scene is removed. The accepted active-geometry CR3BP trajectory reaches the 7033-km periapsis target and records the 185-km LEO endpoint; BCR4BP/ephemeris correction remains pending.
